Date,site_no,flow_cms,gage_id
1996-08-06,09292000,2.2370272,09292000
1996-08-07,09292000,2.0671264,09292000
1996-08-08,09292000,1.8972256,09292000
1996-08-09,09292000,1.8122752,09292000
1996-08-10,09292000,1.8122752,09292000
1996-08-11,09292000,1.7556416,09292000
1996-08-12,09292000,1.6706912,09292000
1996-08-13,09292000,1.6423744,09292000
1996-08-14,09292000,1.8122752,09292000
1996-08-15,09292000,2.2370272,09292000
1996-08-16,09292000,2.2370272,09292000
1996-08-17,09292000,2.2087104,09292000
1996-08-18,09292000,2.3502944,09292000
1996-08-19,09292000,2.265344,09292000
1996-08-20,09292000,2.0954432,09292000
1996-08-21,09292000,2.0388096,09292000
1996-08-22,09292000,2.0954432,09292000
1996-08-23,09292000,2.265344,09292000
1996-08-24,09292000,2.1520768,09292000
1996-08-25,09292000,2.2370272,09292000
1996-08-26,09292000,2.6617792,09292000
1996-08-27,09292000,2.8599968,09292000
1996-08-28,09292000,2.8599968,09292000
1996-08-29,09292000,2.5768288,09292000
1996-08-30,09292000,2.4635616,09292000
1996-08-31,09292000,2.3786112,09292000
1996-09-01,09292000,2.2936608,09292000
1996-09-02,09292000,2.2087104,09292000
1996-09-03,09292000,2.1520768,09292000
1996-09-04,09292000,2.0671264,09292000
1996-09-05,09292000,2.0388096,09292000
1996-09-06,09292000,2.0104928,09292000
1996-09-07,09292000,1.8972256,09292000
1996-09-08,09292000,1.7556416,09292000
1996-09-09,09292000,1.6423744,09292000
1996-09-10,09292000,1.557424,09292000
1996-09-11,09292000,1.840592,09292000
1996-09-12,09292000,2.3502944,09292000
1996-09-13,09292000,2.7184128,09292000
1996-09-14,09292000,2.9166304,09292000
1996-09-15,09292000,2.6617792,09292000
1996-09-16,09292000,2.6051456,09292000
1996-09-17,09292000,2.7184128,09292000
1996-09-18,09292000,2.548512,09292000
1996-09-19,09292000,2.3786112,09292000
1996-09-20,09292000,2.265344,09292000
1996-09-21,09292000,2.265344,09292000
1996-09-22,09292000,2.2936608,09292000
1996-09-23,09292000,2.6051456,09292000
1996-09-24,09292000,2.690096,09292000
1996-09-25,09292000,2.406928,09292000
1996-09-26,09292000,1.982176,09292000
1996-09-27,09292000,1.8689088,09292000
1996-09-28,09292000,1.8972256,09292000
1996-09-29,09292000,1.840592,09292000
1996-09-30,09292000,1.7839584,09292000
1996-10-01,09292000,1.7556416,09292000
1996-10-02,09292000,1.7273247999999999,09292000
1996-10-03,09292000,1.8689088,09292000
1996-10-04,09292000,1.8689088,09292000
1996-10-05,09292000,1.7273247999999999,09292000
1996-10-06,09292000,1.6706912,09292000
1996-10-07,09292000,1.6140576,09292000
1996-10-08,09292000,1.5857408,09292000
1996-10-09,09292000,1.5291071999999999,09292000
1996-10-10,09292000,1.5007904,09292000
1996-10-11,09292000,1.5291071999999999,09292000
1996-10-12,09292000,1.5291071999999999,09292000
1996-10-13,09292000,1.4724736,09292000
1996-10-14,09292000,1.5291071999999999,09292000
1996-10-15,09292000,1.5007904,09292000
1996-10-16,09292000,1.4724736,09292000
1996-10-17,09292000,1.41584,09292000
1996-10-18,09292000,1.41584,09292000
1996-10-19,09292000,1.3592064,09292000
1996-10-20,09292000,1.3592064,09292000
1996-10-21,09292000,1.3025728,09292000
1996-10-22,09292000,1.2459392,09292000
1996-10-23,09292000,1.274256,09292000
1996-10-24,09292000,1.2176224,09292000
1996-10-25,09292000,1.2176224,09292000
1996-10-26,09292000,1.2176224,09292000
1996-10-27,09292000,1.2459392,09292000
1996-10-28,09292000,1.274256,09292000
1996-10-29,09292000,1.274256,09292000
1996-10-30,09292000,1.2459392,09292000
1996-10-31,09292000,1.2459392,09292000
1996-11-01,09292000,1.2176224,09292000
1996-11-02,09292000,1.1893056,09292000
1996-11-03,09292000,1.2176224,09292000
1996-11-04,09292000,1.2176224,09292000
1996-11-05,09292000,1.1893056,09292000
1996-11-06,09292000,1.1609888,09292000
1996-11-07,09292000,1.2176224,09292000
1996-11-08,09292000,1.274256,09292000
1996-11-09,09292000,1.2176224,09292000
1996-11-10,09292000,1.1893056,09292000
1996-11-11,09292000,1.1893056,09292000
1996-11-12,09292000,1.2459392,09292000
1996-11-13,09292000,1.2459392,09292000
1996-11-14,09292000,1.2176224,09292000
1996-11-15,09292000,1.1609888,09292000
1996-11-16,09292000,1.3025728,09292000
1996-11-17,09292000,1.2459392,09292000
1996-11-18,09292000,1.1893056,09292000
1996-11-19,09292000,1.1609888,09292000
1996-11-20,09292000,1.132672,09292000
1996-11-21,09292000,1.1043552,09292000
1996-11-22,09292000,1.0760384,09292000
1996-11-23,09292000,1.0760384,09292000
1996-11-24,09292000,1.0477216,09292000
1996-11-25,09292000,1.0477216,09292000
1996-11-26,09292000,0.991088,09292000
1996-11-27,09292000,0.991088,09292000
1996-11-28,09292000,0.991088,09292000
1996-11-29,09292000,0.991088,09292000
1996-11-30,09292000,0.9627711999999999,09292000
1996-12-01,09292000,0.9344544,09292000
1996-12-02,09292000,0.8778208,09292000
1996-12-03,09292000,0.849504,09292000
1996-12-04,09292000,0.8211872,09292000
1996-12-05,09292000,0.8211872,09292000
1996-12-06,09292000,0.7928704,09292000
1996-12-07,09292000,0.7928704,09292000
1996-12-08,09292000,0.7928704,09292000
1996-12-09,09292000,0.7645535999999999,09292000
1996-12-10,09292000,0.7645535999999999,09292000
1996-12-11,09292000,0.7645535999999999,09292000
1996-12-12,09292000,0.7362368,09292000
1996-12-13,09292000,0.7362368,09292000
1996-12-14,09292000,0.7362368,09292000
1996-12-15,09292000,0.70792,09292000
1996-12-16,09292000,0.70792,09292000
1996-12-17,09292000,0.6796032,09292000
1996-12-18,09292000,0.6796032,09292000
1996-12-19,09292000,0.6796032,09292000
1996-12-20,09292000,0.6512864,09292000
1996-12-21,09292000,0.6512864,09292000
1996-12-22,09292000,0.6796032,09292000
1996-12-23,09292000,0.6796032,09292000
1996-12-24,09292000,0.70792,09292000
1996-12-25,09292000,0.7362368,09292000
1996-12-26,09292000,0.7362368,09292000
1996-12-27,09292000,0.7362368,09292000
1996-12-28,09292000,0.7645535999999999,09292000
1996-12-29,09292000,0.7645535999999999,09292000
1996-12-30,09292000,0.7645535999999999,09292000
1996-12-31,09292000,0.7645535999999999,09292000
1997-01-01,09292000,0.7645535999999999,09292000
1997-01-02,09292000,0.7362368,09292000
1997-01-03,09292000,0.7362368,09292000
1997-01-04,09292000,0.70792,09292000
1997-01-05,09292000,0.70792,09292000
1997-01-06,09292000,0.6796032,09292000
1997-01-07,09292000,0.6796032,09292000
1997-01-08,09292000,0.70792,09292000
1997-01-09,09292000,0.7362368,09292000
1997-01-10,09292000,0.7362368,09292000
1997-01-11,09292000,0.6796032,09292000
1997-01-12,09292000,0.6229696,09292000
1997-01-13,09292000,0.6229696,09292000
1997-01-14,09292000,0.6229696,09292000
1997-01-15,09292000,0.6796032,09292000
1997-01-16,09292000,0.70792,09292000
1997-01-17,09292000,0.70792,09292000
1997-01-18,09292000,0.70792,09292000
1997-01-19,09292000,0.70792,09292000
1997-01-20,09292000,0.70792,09292000
1997-01-21,09292000,0.70792,09292000
1997-01-22,09292000,0.7645535999999999,09292000
1997-01-23,09292000,0.7928704,09292000
1997-01-24,09292000,0.7928704,09292000
1997-01-25,09292000,0.7928704,09292000
1997-01-26,09292000,0.7645535999999999,09292000
1997-01-27,09292000,0.7362368,09292000
1997-01-28,09292000,0.70792,09292000
1997-01-29,09292000,0.6796032,09292000
1997-01-30,09292000,0.6796032,09292000
1997-01-31,09292000,0.6796032,09292000
1997-02-01,09292000,0.6512864,09292000
1997-02-02,09292000,0.6512864,09292000
1997-02-03,09292000,0.6512864,09292000
1997-02-04,09292000,0.6796032,09292000
1997-02-05,09292000,0.7362368,09292000
1997-02-06,09292000,0.7362368,09292000
1997-02-07,09292000,0.6796032,09292000
1997-02-08,09292000,0.6512864,09292000
1997-02-09,09292000,0.6512864,09292000
1997-02-10,09292000,0.70792,09292000
1997-02-11,09292000,0.6512864,09292000
1997-02-12,09292000,0.566336,09292000
1997-02-13,09292000,0.5380192,09292000
1997-02-14,09292000,0.566336,09292000
1997-02-15,09292000,0.6229696,09292000
1997-02-16,09292000,0.6512864,09292000
1997-02-17,09292000,0.5946528,09292000
1997-02-18,09292000,0.6512864,09292000
1997-02-19,09292000,0.6229696,09292000
1997-02-20,09292000,0.5946528,09292000
1997-02-21,09292000,0.6796032,09292000
1997-02-22,09292000,0.7645535999999999,09292000
1997-02-23,09292000,0.8211872,09292000
1997-02-24,09292000,0.7645535999999999,09292000
1997-02-25,09292000,0.7928704,09292000
1997-02-26,09292000,0.849504,09292000
1997-02-27,09292000,0.8211872,09292000
1997-02-28,09292000,0.7928704,09292000
1997-03-01,09292000,0.8778208,09292000
1997-03-02,09292000,0.991088,09292000
1997-03-03,09292000,0.9061376,09292000
1997-03-04,09292000,0.9627711999999999,09292000
1997-03-05,09292000,1.0760384,09292000
1997-03-06,09292000,1.1043552,09292000
1997-03-07,09292000,1.0477216,09292000
1997-03-08,09292000,0.8778208,09292000
1997-03-09,09292000,0.9344544,09292000
1997-03-10,09292000,0.7928704,09292000
1997-03-11,09292000,0.7362368,09292000
1997-03-12,09292000,0.7645535999999999,09292000
1997-03-13,09292000,0.7928704,09292000
1997-03-14,09292000,0.849504,09292000
1997-03-15,09292000,0.8211872,09292000
1997-03-16,09292000,0.9061376,09292000
1997-03-17,09292000,0.9627711999999999,09292000
1997-03-18,09292000,0.8211872,09292000
1997-03-19,09292000,0.8778208,09292000
1997-03-20,09292000,1.3025728,09292000
1997-03-21,09292000,0.8211872,09292000
1997-03-22,09292000,0.849504,09292000
1997-03-23,09292000,0.8778208,09292000
1997-03-24,09292000,1.1043552,09292000
1997-03-25,09292000,0.8778208,09292000
1997-03-26,09292000,0.8778208,09292000
1997-03-27,09292000,0.9344544,09292000
1997-03-28,09292000,0.9344544,09292000
1997-03-29,09292000,0.9061376,09292000
1997-03-30,09292000,0.9061376,09292000
1997-03-31,09292000,0.9627711999999999,09292000
1997-04-01,09292000,1.0477216,09292000
1997-04-02,09292000,1.0477216,09292000
1997-04-03,09292000,1.1043552,09292000
1997-04-04,09292000,1.0477216,09292000
1997-04-05,09292000,1.0477216,09292000
1997-04-06,09292000,0.9627711999999999,09292000
1997-04-07,09292000,1.41584,09292000
1997-04-08,09292000,0.7928704,09292000
1997-04-09,09292000,1.1043552,09292000
1997-04-10,09292000,1.0760384,09292000
1997-04-11,09292000,1.0760384,09292000
1997-04-12,09292000,1.0760384,09292000
1997-04-13,09292000,1.0760384,09292000
1997-04-14,09292000,0.9627711999999999,09292000
1997-04-15,09292000,0.991088,09292000
1997-04-16,09292000,1.1609888,09292000
1997-04-17,09292000,1.2176224,09292000
1997-04-18,09292000,1.2459392,09292000
1997-04-19,09292000,1.4441568,09292000
1997-04-20,09292000,1.6423744,09292000
1997-04-21,09292000,1.8122752,09292000
1997-04-22,09292000,1.4441568,09292000
1997-04-23,09292000,1.3592064,09292000
1997-04-24,09292000,1.3025728,09292000
1997-04-25,09292000,1.2176224,09292000
1997-04-26,09292000,1.274256,09292000
1997-04-27,09292000,1.3308896,09292000
1997-04-28,09292000,1.4441568,09292000
1997-04-29,09292000,1.6706912,09292000
1997-04-30,09292000,1.5007904,09292000
1997-05-01,09292000,1.3875232,09292000
1997-05-02,09292000,1.3592064,09292000
1997-05-03,09292000,1.2176224,09292000
1997-05-04,09292000,1.2459392,09292000
1997-05-05,09292000,1.6423744,09292000
1997-05-06,09292000,2.2370272,09292000
1997-05-07,09292000,2.83168,09292000
1997-05-08,09292000,3.1431648,09292000
1997-05-09,09292000,3.5396,09292000
1997-05-10,09292000,4.3041536,09292000
1997-05-11,09292000,5.238608,09292000
1997-05-12,09292000,6.1730624,09292000
1997-05-13,09292000,6.937616,09292000
1997-05-14,09292000,7.1924672,09292000
1997-05-15,09292000,9.4294944,09292000
1997-05-16,09292000,11.1568192,09292000
1997-05-17,09292000,13.3655296,09292000
1997-05-18,09292000,17.839584,09292000
1997-05-19,09292000,17.4997824,09292000
1997-05-20,09292000,16.8201792,09292000
1997-05-21,09292000,14.1867168,09292000
1997-05-22,09292000,14.6681024,09292000
1997-05-23,09292000,15.404339199999999,09292000
1997-05-24,09292000,15.1211712,09292000
1997-05-25,09292000,12.600976,09292000
1997-05-26,09292000,10.6188,09292000
1997-05-27,09292000,9.6560288,09292000
1997-05-28,09292000,9.0330592,09292000
1997-05-29,09292000,9.9675136,09292000
1997-05-30,09292000,13.7902816,09292000
1997-05-31,09292000,20.4164128,09292000
1997-06-01,09292000,26.1080896,09292000
1997-06-02,09292000,26.9292768,09292000
1997-06-03,09292000,24.8904672,09292000
1997-06-04,09292000,26.6461088,09292000
1997-06-05,09292000,26.702742399999998,09292000
1997-06-06,09292000,24.4373984,09292000
1997-06-07,09292000,22.8516576,09292000
1997-06-08,09292000,25.9665056,09292000
1997-06-09,09292000,24.9754176,09292000
1997-06-10,09292000,25.5700704,09292000
1997-06-11,09292000,21.6057184,09292000
1997-06-12,09292000,18.2926528,09292000
1997-06-13,09292000,15.4892896,09292000
1997-06-14,09292000,14.611468799999999,09292000
1997-06-15,09292000,12.7991936,09292000
1997-06-16,09292000,12.176224,09292000
1997-06-17,09292000,12.74256,09292000
1997-06-18,09292000,16.706912,09292000
1997-06-19,09292000,19.82176,09292000
1997-06-20,09292000,19.82176,09292000
1997-06-21,09292000,17.839584,09292000
1997-06-22,09292000,15.291072,09292000
1997-06-23,09292000,14.1584,09292000
1997-06-24,09292000,11.609888,09292000
1997-06-25,09292000,9.627712,09292000
1997-06-26,09292000,8.778208,09292000
1997-06-27,09292000,8.211872,09292000
1997-06-28,09292000,7.928704,09292000
1997-06-29,09292000,7.0792,09292000
1997-06-30,09292000,6.5128639999999995,09292000
1997-07-01,09292000,5.946528,09292000
1997-07-02,09292000,5.6067264,09292000
1997-07-03,09292000,5.097024,09292000
1997-07-04,09292000,4.95544,09292000
1997-07-05,09292000,4.6722719999999995,09292000
1997-07-06,09292000,4.530688,09292000
1997-07-07,09292000,4.530688,09292000
1997-07-08,09292000,4.6156384,09292000
1997-07-09,09292000,4.3607872,09292000
1997-07-10,09292000,4.1625696,09292000
1997-07-11,09292000,4.0776192,09292000
1997-07-12,09292000,4.1342528,09292000
1997-07-13,09292000,3.822768,09292000
1997-07-14,09292000,3.5396,09292000
1997-07-15,09292000,3.4263328,09292000
1997-07-16,09292000,3.3130656,09292000
1997-07-17,09292000,3.2847488,09292000
1997-07-18,09292000,3.3696992,09292000
1997-07-19,09292000,3.6528671999999998,09292000
1997-07-20,09292000,3.3130656,09292000
1997-07-21,09292000,3.1714816,09292000
1997-07-22,09292000,3.0865312,09292000
1997-07-23,09292000,3.0865312,09292000
1997-07-24,09292000,3.2281152,09292000
1997-07-25,09292000,2.8883136,09292000
1997-07-26,09292000,2.7184128,09292000
1997-07-27,09292000,2.5201952,09292000
1997-07-28,09292000,2.7467296,09292000
1997-07-29,09292000,3.2847488,09292000
1997-07-30,09292000,2.7467296,09292000
1997-07-31,09292000,2.6051456,09292000
1997-08-01,09292000,2.548512,09292000
1997-08-02,09292000,2.3219776,09292000
1997-08-03,09292000,2.1520768,09292000
1997-08-04,09292000,3.8794016,09292000
1997-08-05,09292000,5.8615775999999995,09292000
1997-08-06,09292000,3.8510847999999998,09292000
1997-08-07,09292000,3.398016,09292000
1997-08-08,09292000,3.0298976,09292000
1997-08-09,09292000,2.7750464,09292000
1997-08-10,09292000,3.0865312,09292000
1997-08-11,09292000,3.2847488,09292000
1997-08-12,09292000,4.7855392,09292000
1997-08-13,09292000,5.2102912,09292000
1997-08-14,09292000,3.9360352,09292000
1997-08-15,09292000,3.4263328,09292000
1997-08-16,09292000,3.0298976,09292000
1997-08-17,09292000,2.8883136,09292000
1997-08-18,09292000,3.0015808,09292000
1997-08-19,09292000,2.6617792,09292000
1997-08-20,09292000,2.4918784,09292000
1997-08-21,09292000,3.0582143999999998,09292000
1997-08-22,09292000,2.7750464,09292000
1997-08-23,09292000,2.6617792,09292000
1997-08-24,09292000,3.114848,09292000
1997-08-25,09292000,3.2281152,09292000
1997-08-26,09292000,3.1714816,09292000
1997-08-27,09292000,3.1997984,09292000
1997-08-28,09292000,3.0015808,09292000
1997-08-29,09292000,3.0298976,09292000
1997-08-30,09292000,2.7467296,09292000
1997-08-31,09292000,2.8033632,09292000
1997-09-01,09292000,3.0865312,09292000
1997-09-02,09292000,4.0776192,09292000
1997-09-03,09292000,4.6722719999999995,09292000
1997-09-04,09292000,4.6439552,09292000
1997-09-05,09292000,4.0776192,09292000
1997-09-06,09292000,3.9360352,09292000
1997-09-07,09292000,3.7378176,09292000
1997-09-08,09292000,3.6528671999999998,09292000
1997-09-09,09292000,4.0209856,09292000
1997-09-10,09292000,4.7572224,09292000
1997-09-11,09292000,4.530688,09292000
1997-09-12,09292000,5.6350432,09292000
1997-09-13,09292000,4.2192032,09292000
1997-09-14,09292000,4.1908864,09292000
1997-09-15,09292000,4.5023712,09292000
1997-09-16,09292000,5.0403904,09292000
1997-09-17,09292000,3.9077184,09292000
1997-09-18,09292000,4.3324704,09292000
1997-09-19,09292000,7.9003872,09292000
1997-09-20,09292000,7.9853376,09292000
1997-09-21,09292000,8.5233568,09292000
1997-09-22,09292000,7.3057343999999995,09292000
1997-09-23,09292000,6.3995968,09292000
1997-09-24,09292000,5.2102912,09292000
1997-09-25,09292000,4.2192032,09292000
1997-09-26,09292000,7.5605856,09292000
1997-09-27,09292000,7.0508831999999995,09292000
1997-09-28,09292000,5.7199936,09292000
1997-09-29,09292000,5.097024,09292000
1997-09-30,09292000,4.5023712,09292000
1997-10-01,09292000,4.1342528,09292000
1997-10-02,09292000,4.105936,09292000
1997-10-03,09292000,4.5023712,09292000
1997-10-04,09292000,3.8510847999999998,09292000
1997-10-05,09292000,3.5396,09292000
1997-10-06,09292000,3.398016,09292000
1997-10-07,09292000,3.5962336,09292000
1997-10-08,09292000,3.6245504,09292000
1997-10-09,09292000,3.398016,09292000
1997-10-10,09292000,3.3696992,09292000
1997-10-11,09292000,3.2847488,09292000
1997-10-12,09292000,3.114848,09292000
1997-10-13,09292000,3.0865312,09292000
1997-10-14,09292000,3.1431648,09292000
1997-10-15,09292000,3.114848,09292000
1997-10-16,09292000,3.0865312,09292000
1997-10-17,09292000,3.0298976,09292000
1997-10-18,09292000,2.973264,09292000
1997-10-19,09292000,2.973264,09292000
1997-10-20,09292000,2.9449472,09292000
1997-10-21,09292000,2.9166304,09292000
1997-10-22,09292000,2.8883136,09292000
1997-10-23,09292000,2.83168,09292000
1997-10-24,09292000,2.6617792,09292000
1997-10-25,09292000,2.548512,09292000
1997-10-26,09292000,2.690096,09292000
1997-10-27,09292000,2.6617792,09292000
1997-10-28,09292000,2.6617792,09292000
1997-10-29,09292000,2.6334624,09292000
1997-10-30,09292000,2.5768288,09292000
1997-10-31,09292000,2.6051456,09292000
1997-11-01,09292000,2.4635616,09292000
1997-11-02,09292000,2.4352448,09292000
1997-11-03,09292000,2.4352448,09292000
1997-11-04,09292000,2.406928,09292000
1997-11-05,09292000,2.3786112,09292000
1997-11-06,09292000,2.3786112,09292000
1997-11-07,09292000,2.3786112,09292000
1997-11-08,09292000,2.3502944,09292000
1997-11-09,09292000,2.3502944,09292000
1997-11-10,09292000,2.1520768,09292000
1997-11-11,09292000,2.3502944,09292000
1997-11-12,09292000,2.265344,09292000
1997-11-13,09292000,2.1803936,09292000
1997-11-14,09292000,2.0671264,09292000
1997-11-15,09292000,1.699008,09292000
1997-11-16,09292000,1.3592064,09292000
1997-11-17,09292000,1.274256,09292000
1997-11-18,09292000,1.274256,09292000
1997-11-19,09292000,1.3025728,09292000
1997-11-20,09292000,1.274256,09292000
1997-11-21,09292000,1.2459392,09292000
1997-11-22,09292000,1.1893056,09292000
1997-11-23,09292000,1.132672,09292000
1997-11-24,09292000,1.1043552,09292000
1997-11-25,09292000,1.0760384,09292000
1997-11-26,09292000,1.0194048,09292000
1997-11-27,09292000,1.0477216,09292000
1997-11-28,09292000,1.0760384,09292000
1997-11-29,09292000,1.1043552,09292000
1997-11-30,09292000,1.132672,09292000
1997-12-01,09292000,1.1609888,09292000
1997-12-02,09292000,1.1893056,09292000
1997-12-03,09292000,1.2176224,09292000
1997-12-04,09292000,1.2459392,09292000
1997-12-05,09292000,1.2459392,09292000
1997-12-06,09292000,1.3592064,09292000
1997-12-07,09292000,1.4724736,09292000
1997-12-08,09292000,1.557424,09292000
1997-12-09,09292000,1.7839584,09292000
1997-12-10,09292000,1.7839584,09292000
1997-12-11,09292000,1.557424,09292000
1997-12-12,09292000,1.5007904,09292000
1997-12-13,09292000,1.5007904,09292000
1997-12-14,09292000,1.557424,09292000
1997-12-15,09292000,1.6423744,09292000
1997-12-16,09292000,1.6706912,09292000
1997-12-17,09292000,1.7556416,09292000
1997-12-18,09292000,1.7556416,09292000
1997-12-19,09292000,1.7556416,09292000
1997-12-20,09292000,1.6706912,09292000
1997-12-21,09292000,1.699008,09292000
1997-12-22,09292000,1.699008,09292000
1997-12-23,09292000,1.557424,09292000
1997-12-24,09292000,1.5291071999999999,09292000
1997-12-25,09292000,1.5007904,09292000
1997-12-26,09292000,1.5007904,09292000
1997-12-27,09292000,1.5291071999999999,09292000
1997-12-28,09292000,1.557424,09292000
1997-12-29,09292000,1.5857408,09292000
1997-12-30,09292000,1.5857408,09292000
1997-12-31,09292000,1.5857408,09292000
1998-01-01,09292000,1.557424,09292000
1998-01-02,09292000,1.557424,09292000
1998-01-03,09292000,1.557424,09292000
1998-01-04,09292000,1.557424,09292000
1998-01-05,09292000,1.557424,09292000
1998-01-06,09292000,1.4724736,09292000
1998-01-07,09292000,1.3308896,09292000
1998-01-08,09292000,1.3592064,09292000
1998-01-09,09292000,1.3592064,09292000
1998-01-10,09292000,1.3875232,09292000
1998-01-11,09292000,1.41584,09292000
1998-01-12,09292000,1.4441568,09292000
1998-01-13,09292000,1.4724736,09292000
1998-01-14,09292000,1.3875232,09292000
1998-01-15,09292000,1.3592064,09292000
1998-01-16,09292000,1.4441568,09292000
1998-01-17,09292000,1.41584,09292000
1998-01-18,09292000,1.4441568,09292000
1998-01-19,09292000,1.41584,09292000
1998-01-20,09292000,1.4724736,09292000
1998-01-21,09292000,1.5291071999999999,09292000
1998-01-22,09292000,1.557424,09292000
1998-01-23,09292000,1.5007904,09292000
1998-01-24,09292000,1.4441568,09292000
1998-01-25,09292000,1.3592064,09292000
1998-01-26,09292000,1.3025728,09292000
1998-01-27,09292000,1.3025728,09292000
1998-01-28,09292000,1.274256,09292000
1998-01-29,09292000,1.2459392,09292000
1998-01-30,09292000,1.1893056,09292000
1998-01-31,09292000,1.1893056,09292000
1998-02-01,09292000,1.1609888,09292000
1998-02-02,09292000,1.132672,09292000
1998-02-03,09292000,1.1043552,09292000
1998-02-04,09292000,1.0760384,09292000
1998-02-05,09292000,1.0477216,09292000
1998-02-06,09292000,1.0477216,09292000
1998-02-07,09292000,1.0477216,09292000
1998-02-08,09292000,0.9061376,09292000
1998-02-09,09292000,0.7928704,09292000
1998-02-10,09292000,0.7362368,09292000
1998-02-11,09292000,0.70792,09292000
1998-02-12,09292000,0.70792,09292000
1998-02-13,09292000,0.7362368,09292000
1998-02-14,09292000,0.7928704,09292000
1998-02-15,09292000,0.9061376,09292000
1998-02-16,09292000,0.991088,09292000
1998-02-17,09292000,0.9627711999999999,09292000
1998-02-18,09292000,0.9344544,09292000
1998-02-19,09292000,0.9344544,09292000
1998-02-20,09292000,0.8778208,09292000
1998-02-21,09292000,0.8778208,09292000
1998-02-22,09292000,0.9061376,09292000
1998-02-23,09292000,0.9344544,09292000
1998-02-24,09292000,0.9627711999999999,09292000
1998-02-25,09292000,0.9344544,09292000
1998-02-26,09292000,0.9061376,09292000
1998-02-27,09292000,0.9061376,09292000
1998-02-28,09292000,0.9061376,09292000
1998-03-01,09292000,0.9061376,09292000
1998-03-02,09292000,0.9344544,09292000
1998-03-03,09292000,0.9344544,09292000
1998-03-04,09292000,0.9627711999999999,09292000
1998-03-05,09292000,0.9627711999999999,09292000
1998-03-06,09292000,0.9627711999999999,09292000
1998-03-07,09292000,0.9344544,09292000
1998-03-08,09292000,0.9061376,09292000
1998-03-09,09292000,0.8778208,09292000
1998-03-10,09292000,0.8778208,09292000
1998-03-11,09292000,0.9061376,09292000
1998-03-12,09292000,0.9061376,09292000
1998-03-13,09292000,0.9061376,09292000
1998-03-14,09292000,0.849504,09292000
1998-03-15,09292000,0.8211872,09292000
1998-03-16,09292000,0.7928704,09292000
1998-03-17,09292000,0.7645535999999999,09292000
1998-03-18,09292000,0.7645535999999999,09292000
1998-03-19,09292000,0.7645535999999999,09292000
1998-03-20,09292000,0.7928704,09292000
1998-03-21,09292000,0.7928704,09292000
1998-03-22,09292000,0.8211872,09292000
1998-03-23,09292000,0.8778208,09292000
1998-03-24,09292000,0.9627711999999999,09292000
1998-03-25,09292000,0.991088,09292000
1998-03-26,09292000,0.991088,09292000
1998-03-27,09292000,0.9627711999999999,09292000
1998-03-28,09292000,0.991088,09292000
1998-03-29,09292000,0.9344544,09292000
1998-03-30,09292000,0.9061376,09292000
1998-03-31,09292000,0.9061376,09292000
1998-04-01,09292000,1.0477216,09292000
1998-04-02,09292000,1.0760384,09292000
1998-04-03,09292000,1.0477216,09292000
1998-04-04,09292000,1.0760384,09292000
1998-04-05,09292000,1.0194048,09292000
1998-04-06,09292000,1.0760384,09292000
1998-04-07,09292000,1.0477216,09292000
1998-04-08,09292000,1.0477216,09292000
1998-04-09,09292000,1.0477216,09292000
1998-04-10,09292000,1.0477216,09292000
1998-04-11,09292000,1.0477216,09292000
1998-04-12,09292000,1.0477216,09292000
1998-04-13,09292000,1.0477216,09292000
1998-04-14,09292000,1.0477216,09292000
1998-04-15,09292000,1.0194048,09292000
1998-04-16,09292000,1.0194048,09292000
1998-04-17,09292000,0.991088,09292000
1998-04-18,09292000,0.991088,09292000
1998-04-19,09292000,1.0194048,09292000
1998-04-20,09292000,1.0194048,09292000
1998-04-21,09292000,1.0760384,09292000
1998-04-22,09292000,1.1043552,09292000
1998-04-23,09292000,1.3308896,09292000
1998-04-24,09292000,1.699008,09292000
1998-04-25,09292000,1.6706912,09292000
1998-04-26,09292000,1.4441568,09292000
1998-04-27,09292000,1.2459392,09292000
1998-04-28,09292000,1.3308896,09292000
1998-04-29,09292000,1.5291071999999999,09292000
1998-04-30,09292000,1.840592,09292000
1998-05-01,09292000,2.12376,09292000
1998-05-02,09292000,2.4635616,09292000
1998-05-03,09292000,2.9449472,09292000
1998-05-04,09292000,3.0015808,09292000
1998-05-05,09292000,2.4918784,09292000
1998-05-06,09292000,2.4635616,09292000
1998-05-07,09292000,2.2936608,09292000
1998-05-08,09292000,2.4352448,09292000
1998-05-09,09292000,2.5768288,09292000
1998-05-10,09292000,2.6051456,09292000
1998-05-11,09292000,2.3786112,09292000
1998-05-12,09292000,2.1520768,09292000
1998-05-13,09292000,2.12376,09292000
1998-05-14,09292000,1.9255423999999999,09292000
1998-05-15,09292000,1.7556416,09292000
1998-05-16,09292000,1.6423744,09292000
1998-05-17,09292000,1.699008,09292000
1998-05-18,09292000,2.1803936,09292000
1998-05-19,09292000,2.8883136,09292000
1998-05-20,09292000,4.0209856,09292000
1998-05-21,09292000,7.3906848,09292000
1998-05-22,09292000,5.9182112,09292000
1998-05-23,09292000,4.7005888,09292000
1998-05-24,09292000,4.0776192,09292000
1998-05-25,09292000,4.0493024,09292000
1998-05-26,09292000,4.8421728,09292000
1998-05-27,09292000,4.8988064,09292000
1998-05-28,09292000,6.3995968,09292000
1998-05-29,09292000,8.2968224,09292000
1998-05-30,09292000,9.9675136,09292000
1998-05-31,09292000,11.468304,09292000
1998-06-01,09292000,13.6770144,09292000
1998-06-02,09292000,17.0750304,09292000
1998-06-03,09292000,18.2077024,09292000
1998-06-04,09292000,14.7813696,09292000
1998-06-05,09292000,12.374441599999999,09292000
1998-06-06,09292000,12.6859264,09292000
1998-06-07,09292000,11.043552,09292000
1998-06-08,09292000,9.9391968,09292000
1998-06-09,09292000,9.9391968,09292000
1998-06-10,09292000,8.7498912,09292000
1998-06-11,09292000,7.8720704,09292000
1998-06-12,09292000,8.2685056,09292000
1998-06-13,09292000,9.91088,09292000
1998-06-14,09292000,9.8825632,09292000
1998-06-15,09292000,10.137414399999999,09292000
1998-06-16,09292000,11.185136,09292000
1998-06-17,09292000,9.5427616,09292000
1998-06-18,09292000,8.2401888,09292000
1998-06-19,09292000,10.2223648,09292000
1998-06-20,09292000,12.884144,09292000
1998-06-21,09292000,15.3193888,09292000
1998-06-22,09292000,17.3298816,09292000
1998-06-23,09292000,18.6607712,09292000
1998-06-24,09292000,17.7263168,09292000
1998-06-25,09292000,19.255424,09292000
1998-06-26,09292000,23.5878944,09292000
1998-06-27,09292000,20.812848,09292000
1998-06-28,09292000,19.6518592,09292000
1998-06-29,09292000,21.6057184,09292000
1998-06-30,09292000,21.2659168,09292000
1998-07-01,09292000,20.6146304,09292000
1998-07-02,09292000,20.8694816,09292000
1998-07-03,09292000,20.388096,09292000
1998-07-04,09292000,19.7084928,09292000
1998-07-05,09292000,17.8679008,09292000
1998-07-06,09292000,15.6025568,09292000
1998-07-07,09292000,14.4982016,09292000
1998-07-08,09292000,13.5637472,09292000
1998-07-09,09292000,13.1956288,09292000
1998-07-10,09292000,13.2239456,09292000
1998-07-11,09292000,13.0823616,09292000
1998-07-12,09292000,12.1479072,09292000
1998-07-13,09292000,10.5055328,09292000
1998-07-14,09292000,9.5144448,09292000
1998-07-15,09292000,8.7215744,09292000
1998-07-16,09292000,8.0986048,09292000
1998-07-17,09292000,7.928704,09292000
1998-07-18,09292000,7.5605856,09292000
1998-07-19,09292000,6.5694976,09292000
1998-07-20,09292000,6.0597952,09292000
1998-07-21,09292000,7.1924672,09292000
1998-07-22,09292000,7.78712,09292000
1998-07-23,09292000,7.5322688,09292000
1998-07-24,09292000,7.6738528,09292000
1998-07-25,09292000,8.070288,09292000
1998-07-26,09292000,8.7215744,09292000
1998-07-27,09292000,7.1358336,09292000
1998-07-28,09292000,6.937616,09292000
1998-07-29,09292000,7.1924672,09292000
1998-07-30,09292000,6.3429632,09292000
1998-07-31,09292000,6.6261312,09292000
1998-08-01,09292000,6.229696,09292000
1998-08-02,09292000,5.238608,09292000
1998-08-03,09292000,4.6722719999999995,09292000
1998-08-04,09292000,4.7005888,09292000
1998-08-05,09292000,5.1819744,09292000
1998-08-06,09292000,4.7289056,09292000
1998-08-07,09292000,4.1342528,09292000
1998-08-08,09292000,4.2192032,09292000
1998-08-09,09292000,5.1819744,09292000
1998-08-10,09292000,5.66336,09292000
1998-08-11,09292000,5.1536576,09292000
1998-08-12,09292000,4.4174208,09292000
1998-08-13,09292000,4.3041536,09292000
1998-08-14,09292000,3.9360352,09292000
1998-08-15,09292000,3.822768,09292000
1998-08-16,09292000,3.7661344,09292000
1998-08-17,09292000,3.7661344,09292000
1998-08-18,09292000,4.1908864,09292000
1998-08-19,09292000,3.9077184,09292000
1998-08-20,09292000,3.4829664,09292000
1998-08-21,09292000,4.0209856,09292000
1998-08-22,09292000,3.9360352,09292000
1998-08-23,09292000,3.4546495999999998,09292000
1998-08-24,09292000,3.2281152,09292000
1998-08-25,09292000,3.2281152,09292000
1998-08-26,09292000,3.6245504,09292000
1998-08-27,09292000,3.9360352,09292000
1998-08-28,09292000,3.0582143999999998,09292000
1998-08-29,09292000,2.7467296,09292000
1998-08-30,09292000,2.6051456,09292000
1998-08-31,09292000,2.8599968,09292000
1998-09-01,09292000,3.3413824,09292000
1998-09-02,09292000,4.3041536,09292000
1998-09-03,09292000,4.0776192,09292000
1998-09-04,09292000,3.8794016,09292000
1998-09-05,09292000,4.1342528,09292000
1998-09-06,09292000,3.7661344,09292000
1998-09-07,09292000,3.3413824,09292000
1998-09-08,09292000,3.1431648,09292000
1998-09-09,09292000,2.973264,09292000
1998-09-10,09292000,3.8510847999999998,09292000
1998-09-11,09292000,4.2758367999999995,09292000
1998-09-12,09292000,6.5411808,09292000
1998-09-13,09292000,5.0687071999999995,09292000
1998-09-14,09292000,4.6722719999999995,09292000
1998-09-15,09292000,4.3607872,09292000
1998-09-16,09292000,4.105936,09292000
1998-09-17,09292000,3.7661344,09292000
1998-09-18,09292000,3.5112832,09292000
1998-09-19,09292000,3.3413824,09292000
1998-09-20,09292000,3.2281152,09292000
1998-09-21,09292000,3.6528671999999998,09292000
1998-09-22,09292000,3.8510847999999998,09292000
1998-09-23,09292000,4.1625696,09292000
1998-09-24,09292000,3.822768,09292000
1998-09-25,09292000,3.6245504,09292000
1998-09-26,09292000,3.398016,09292000
1998-09-27,09292000,3.1431648,09292000
1998-09-28,09292000,2.8033632,09292000
1998-09-29,09292000,2.265344,09292000
1998-09-30,09292000,2.4635616,09292000
1998-10-01,09292000,2.3786112,09292000
1998-10-02,09292000,2.3502944,09292000
1998-10-03,09292000,2.3502944,09292000
1998-10-04,09292000,2.2936608,09292000
1998-10-05,09292000,2.1520768,09292000
1998-10-06,09292000,2.1520768,09292000
1998-10-07,09292000,2.1520768,09292000
1998-10-08,09292000,1.9538592,09292000
1998-10-09,09292000,1.840592,09292000
1998-10-10,09292000,1.7556416,09292000
1998-10-11,09292000,1.6423744,09292000
1998-10-12,09292000,1.6140576,09292000
1998-10-13,09292000,1.557424,09292000
1998-10-14,09292000,1.4724736,09292000
1998-10-15,09292000,1.4724736,09292000
1998-10-16,09292000,1.5857408,09292000
1998-10-17,09292000,1.5857408,09292000
1998-10-18,09292000,1.5291071999999999,09292000
1998-10-19,09292000,1.4724736,09292000
1998-10-20,09292000,1.41584,09292000
1998-10-21,09292000,1.3875232,09292000
1998-10-22,09292000,1.5857408,09292000
1998-10-23,09292000,1.5857408,09292000
1998-10-24,09292000,1.41584,09292000
1998-10-25,09292000,1.699008,09292000
1998-10-26,09292000,1.7273247999999999,09292000
1998-10-27,09292000,1.7556416,09292000
1998-10-28,09292000,1.557424,09292000
1998-10-29,09292000,1.557424,09292000
1998-10-30,09292000,1.6423744,09292000
1998-10-31,09292000,1.4724736,09292000
1998-11-01,09292000,1.41584,09292000
1998-11-02,09292000,1.5007904,09292000
1998-11-03,09292000,1.3308896,09292000
1998-11-04,09292000,1.1043552,09292000
1998-11-05,09292000,1.2459392,09292000
1998-11-06,09292000,1.2459392,09292000
1998-11-07,09292000,0.991088,09292000
1998-11-08,09292000,1.3025728,09292000
1998-11-09,09292000,1.1609888,09292000
1998-11-10,09292000,1.4724736,09292000
1998-11-11,09292000,1.1609888,09292000
1998-11-12,09292000,1.1043552,09292000
1998-11-13,09292000,1.0760384,09292000
1998-11-14,09292000,1.0477216,09292000
1998-11-15,09292000,0.991088,09292000
1998-11-16,09292000,0.9344544,09292000
1998-11-17,09292000,0.9061376,09292000
1998-11-18,09292000,0.8778208,09292000
1998-11-19,09292000,0.7362368,09292000
1998-11-20,09292000,0.8778208,09292000
1998-11-21,09292000,0.9061376,09292000
1998-11-22,09292000,0.8211872,09292000
1998-11-23,09292000,0.7645535999999999,09292000
1998-11-24,09292000,0.7362368,09292000
1998-11-25,09292000,0.70792,09292000
1998-11-26,09292000,0.70792,09292000
1998-11-27,09292000,0.6796032,09292000
1998-11-28,09292000,0.6796032,09292000
1998-11-29,09292000,0.70792,09292000
1998-11-30,09292000,0.6796032,09292000
1998-12-01,09292000,0.6512864,09292000
1998-12-02,09292000,0.6229696,09292000
1998-12-03,09292000,0.5946528,09292000
1998-12-04,09292000,0.566336,09292000
1998-12-05,09292000,0.5097024,09292000
1998-12-06,09292000,0.566336,09292000
1998-12-07,09292000,0.566336,09292000
1998-12-08,09292000,0.5946528,09292000
1998-12-09,09292000,0.5946528,09292000
1998-12-10,09292000,0.6229696,09292000
1998-12-11,09292000,0.6229696,09292000
1998-12-12,09292000,0.6229696,09292000
1998-12-13,09292000,0.6229696,09292000
1998-12-14,09292000,0.6512864,09292000
1998-12-15,09292000,0.6512864,09292000
1998-12-16,09292000,0.6796032,09292000
1998-12-17,09292000,0.6796032,09292000
1998-12-18,09292000,0.6512864,09292000
1998-12-19,09292000,0.6229696,09292000
1998-12-20,09292000,0.5946528,09292000
1998-12-21,09292000,0.566336,09292000
1998-12-22,09292000,0.5380192,09292000
1998-12-23,09292000,0.5380192,09292000
1998-12-24,09292000,0.566336,09292000
1998-12-25,09292000,0.5946528,09292000
1998-12-26,09292000,0.6229696,09292000
1998-12-27,09292000,0.6512864,09292000
1998-12-28,09292000,0.6229696,09292000
1998-12-29,09292000,0.5946528,09292000
1998-12-30,09292000,0.5946528,09292000
1998-12-31,09292000,0.8778208,09292000
1999-01-01,09292000,1.1043552,09292000
1999-01-02,09292000,1.0477216,09292000
1999-01-03,09292000,0.991088,09292000
1999-01-04,09292000,1.0194048,09292000
1999-01-05,09292000,1.0477216,09292000
1999-01-06,09292000,1.0477216,09292000
1999-01-07,09292000,1.0194048,09292000
1999-01-08,09292000,1.0477216,09292000
1999-01-09,09292000,1.0477216,09292000
1999-01-10,09292000,1.0477216,09292000
1999-01-11,09292000,0.991088,09292000
1999-01-12,09292000,0.9627711999999999,09292000
1999-01-13,09292000,0.9627711999999999,09292000
1999-01-14,09292000,1.0194048,09292000
1999-01-15,09292000,0.9344544,09292000
1999-01-16,09292000,0.9627711999999999,09292000
1999-01-17,09292000,0.9627711999999999,09292000
1999-01-18,09292000,0.9627711999999999,09292000
1999-01-19,09292000,0.991088,09292000
1999-01-20,09292000,1.0194048,09292000
1999-01-21,09292000,1.0477216,09292000
1999-01-22,09292000,1.0477216,09292000
1999-01-23,09292000,1.0194048,09292000
1999-01-24,09292000,1.0194048,09292000
1999-01-25,09292000,1.0194048,09292000
1999-01-26,09292000,1.0194048,09292000
1999-01-27,09292000,1.0194048,09292000
1999-01-28,09292000,0.991088,09292000
1999-01-29,09292000,0.9627711999999999,09292000
1999-01-30,09292000,0.9627711999999999,09292000
1999-01-31,09292000,0.9627711999999999,09292000
1999-02-01,09292000,0.9627711999999999,09292000
1999-02-02,09292000,1.0194048,09292000
1999-02-03,09292000,0.9627711999999999,09292000
1999-02-04,09292000,0.9061376,09292000
1999-02-05,09292000,0.9061376,09292000
1999-02-06,09292000,0.9061376,09292000
1999-02-07,09292000,0.9344544,09292000
1999-02-08,09292000,0.9627711999999999,09292000
1999-02-09,09292000,0.991088,09292000
1999-02-10,09292000,0.991088,09292000
1999-02-11,09292000,0.9627711999999999,09292000
1999-02-12,09292000,0.9344544,09292000
1999-02-13,09292000,0.9344544,09292000
1999-02-14,09292000,0.9344544,09292000
1999-02-15,09292000,0.9344544,09292000
1999-02-16,09292000,0.9344544,09292000
1999-02-17,09292000,0.9344544,09292000
1999-02-18,09292000,0.9061376,09292000
1999-02-19,09292000,0.8778208,09292000
1999-02-20,09292000,0.8778208,09292000
1999-02-21,09292000,0.849504,09292000
1999-02-22,09292000,0.8778208,09292000
1999-02-23,09292000,0.9061376,09292000
1999-02-24,09292000,0.9061376,09292000
1999-02-25,09292000,0.8211872,09292000
1999-02-26,09292000,0.849504,09292000
1999-02-27,09292000,1.0477216,09292000
1999-02-28,09292000,0.8778208,09292000
1999-03-01,09292000,0.8778208,09292000
1999-03-02,09292000,0.8778208,09292000
1999-03-03,09292000,0.8778208,09292000
1999-03-04,09292000,0.8778208,09292000
1999-03-05,09292000,0.9061376,09292000
1999-03-06,09292000,1.1043552,09292000
1999-03-07,09292000,0.8211872,09292000
1999-03-08,09292000,0.849504,09292000
1999-03-09,09292000,0.849504,09292000
1999-03-10,09292000,0.9344544,09292000
1999-03-11,09292000,0.8211872,09292000
1999-03-12,09292000,0.8211872,09292000
1999-03-13,09292000,0.8211872,09292000
1999-03-14,09292000,0.849504,09292000
1999-03-15,09292000,0.849504,09292000
1999-03-16,09292000,0.849504,09292000
1999-03-17,09292000,0.8778208,09292000
1999-03-18,09292000,0.8778208,09292000
1999-03-19,09292000,0.9344544,09292000
1999-03-20,09292000,0.9627711999999999,09292000
1999-03-21,09292000,0.9344544,09292000
1999-03-22,09292000,0.9061376,09292000
1999-03-23,09292000,0.9061376,09292000
1999-03-24,09292000,0.9061376,09292000
1999-03-25,09292000,0.9627711999999999,09292000
1999-03-26,09292000,0.9627711999999999,09292000
1999-03-27,09292000,0.9061376,09292000
1999-03-28,09292000,0.8778208,09292000
1999-03-29,09292000,0.849504,09292000
1999-03-30,09292000,0.8778208,09292000
1999-03-31,09292000,0.849504,09292000
1999-04-01,09292000,0.8211872,09292000
1999-04-02,09292000,0.7928704,09292000
1999-04-03,09292000,0.849504,09292000
1999-04-04,09292000,0.9061376,09292000
1999-04-05,09292000,0.849504,09292000
1999-04-06,09292000,0.7645535999999999,09292000
1999-04-07,09292000,0.7645535999999999,09292000
1999-04-08,09292000,0.70792,09292000
1999-04-09,09292000,0.70792,09292000
1999-04-10,09292000,0.8778208,09292000
1999-04-11,09292000,0.7928704,09292000
1999-04-12,09292000,0.6796032,09292000
1999-04-13,09292000,0.7362368,09292000
1999-04-14,09292000,0.7645535999999999,09292000
1999-04-15,09292000,0.7362368,09292000
1999-04-16,09292000,0.7928704,09292000
1999-04-17,09292000,0.7645535999999999,09292000
1999-04-18,09292000,0.9344544,09292000
1999-04-19,09292000,1.0760384,09292000
1999-04-20,09292000,1.1893056,09292000
1999-04-21,09292000,1.0760384,09292000
1999-04-22,09292000,0.9627711999999999,09292000
1999-04-23,09292000,0.9344544,09292000
1999-04-24,09292000,0.9344544,09292000
1999-04-25,09292000,0.9061376,09292000
1999-04-26,09292000,0.991088,09292000
1999-04-27,09292000,1.1893056,09292000
1999-04-28,09292000,1.9255423999999999,09292000
1999-04-29,09292000,1.7273247999999999,09292000
1999-04-30,09292000,1.982176,09292000
1999-05-01,09292000,1.9255423999999999,09292000
1999-05-02,09292000,1.9255423999999999,09292000
1999-05-03,09292000,1.982176,09292000
1999-05-04,09292000,1.5857408,09292000
1999-05-05,09292000,1.132672,09292000
1999-05-06,09292000,1.0760384,09292000
1999-05-07,09292000,1.3025728,09292000
1999-05-08,09292000,1.7273247999999999,09292000
1999-05-09,09292000,2.0954432,09292000
1999-05-10,09292000,1.699008,09292000
1999-05-11,09292000,1.4441568,09292000
1999-05-12,09292000,1.3875232,09292000
1999-05-13,09292000,1.8689088,09292000
1999-05-14,09292000,2.4918784,09292000
1999-05-15,09292000,2.1520768,09292000
1999-05-16,09292000,1.8972256,09292000
1999-05-17,09292000,1.6706912,09292000
1999-05-18,09292000,2.0104928,09292000
1999-05-19,09292000,1.9255423999999999,09292000
1999-05-20,09292000,1.9255423999999999,09292000
1999-05-21,09292000,2.6051456,09292000
1999-05-22,09292000,3.8510847999999998,09292000
1999-05-23,09292000,4.1342528,09292000
1999-05-24,09292000,4.530688,09292000
1999-05-25,09292000,5.521776,09292000
1999-05-26,09292000,6.796032,09292000
1999-05-27,09292000,9.061376,09292000
1999-05-28,09292000,12.74256,09292000
1999-05-29,09292000,15.857408,09292000
1999-05-30,09292000,14.724736,09292000
1999-05-31,09292000,15.291072,09292000
1999-06-01,09292000,12.74256,09292000
1999-06-02,09292000,12.74256,09292000
1999-06-03,09292000,11.32672,09292000
1999-06-04,09292000,9.91088,09292000
1999-06-05,09292000,8.636624,09292000
1999-06-06,09292000,8.49504,09292000
1999-06-07,09292000,8.919792,09292000
1999-06-08,09292000,9.627712,09292000
1999-06-09,09292000,10.477216,09292000
1999-06-10,09292000,11.043552,09292000
1999-06-11,09292000,10.194048,09292000
1999-06-12,09292000,11.043552,09292000
1999-06-13,09292000,13.592064,09292000
1999-06-14,09292000,18.122752,09292000
1999-06-15,09292000,26.617791999999998,09292000
1999-06-16,09292000,28.3168,09292000
1999-06-17,09292000,31.14848,09292000
1999-06-18,09292000,29.73264,09292000
1999-06-19,09292000,28.3168,09292000
1999-06-20,09292000,33.98016,09292000
1999-06-21,09292000,31.14848,09292000
1999-06-22,09292000,28.3168,09292000
1999-06-23,09292000,28.3168,09292000
1999-06-24,09292000,23.219776,09292000
1999-06-25,09292000,24.352448,09292000
1999-06-26,09292000,17.556416,09292000
1999-06-27,09292000,14.1584,09292000
1999-06-28,09292000,13.025727999999999,09292000
1999-06-29,09292000,12.459392,09292000
1999-06-30,09292000,11.893056,09292000
1999-07-01,09292000,11.609888,09292000
1999-07-02,09292000,11.043552,09292000
1999-07-03,09292000,10.477216,09292000
1999-07-04,09292000,9.061376,09292000
1999-07-05,09292000,8.49504,09292000
1999-07-06,09292000,7.928704,09292000
1999-07-07,09292000,8.211872,09292000
1999-07-08,09292000,8.49504,09292000
1999-07-09,09292000,7.645536,09292000
1999-07-10,09292000,6.796032,09292000
1999-07-11,09292000,6.5128639999999995,09292000
1999-07-12,09292000,6.229696,09292000
1999-07-13,09292000,5.946528,09292000
1999-07-14,09292000,6.229696,09292000
1999-07-15,09292000,6.5128639999999995,09292000
1999-07-16,09292000,5.946528,09292000
1999-07-17,09292000,6.229696,09292000
1999-07-18,09292000,5.946528,09292000
1999-07-19,09292000,5.66336,09292000
1999-07-20,09292000,5.946528,09292000
1999-07-21,09292000,5.66336,09292000
1999-07-22,09292000,5.380192,09292000
1999-07-23,09292000,5.097024,09292000
1999-07-24,09292000,4.813856,09292000
1999-07-25,09292000,4.530688,09292000
1999-07-26,09292000,4.530688,09292000
1999-07-27,09292000,4.530688,09292000
1999-07-28,09292000,4.530688,09292000
1999-07-29,09292000,4.813856,09292000
1999-07-30,09292000,4.95544,09292000
1999-07-31,09292000,5.097024,09292000
1999-08-01,09292000,4.813856,09292000
1999-08-02,09292000,4.6722719999999995,09292000
1999-08-03,09292000,4.24752,09292000
1999-08-04,09292000,4.530688,09292000
1999-08-05,09292000,4.9271232,09292000
1999-08-06,09292000,4.6722719999999995,09292000
1999-08-07,09292000,4.389104,09292000
1999-08-08,09292000,4.24752,09292000
1999-08-09,09292000,4.24752,09292000
1999-08-10,09292000,4.24752,09292000
1999-08-11,09292000,4.24752,09292000
1999-08-12,09292000,4.24752,09292000
1999-08-13,09292000,3.964352,09292000
1999-08-14,09292000,3.822768,09292000
1999-08-15,09292000,3.681184,09292000
1999-08-16,09292000,3.681184,09292000
1999-08-17,09292000,3.398016,09292000
1999-08-18,09292000,3.681184,09292000
1999-08-19,09292000,3.964352,09292000
1999-08-20,09292000,4.530688,09292000
1999-08-21,09292000,5.097024,09292000
1999-08-22,09292000,4.24752,09292000
1999-08-23,09292000,3.964352,09292000
1999-08-24,09292000,4.530688,09292000
1999-08-25,09292000,4.105936,09292000
1999-08-26,09292000,3.964352,09292000
1999-08-27,09292000,3.6245504,09292000
1999-08-28,09292000,4.1342528,09292000
1999-08-29,09292000,3.7661344,09292000
1999-08-30,09292000,3.681184,09292000
1999-08-31,09292000,6.088112,09292000
1999-09-01,09292000,5.097024,09292000
1999-09-02,09292000,8.4667232,09292000
1999-09-03,09292000,8.4100896,09292000
1999-09-04,09292000,7.4756352,09292000
1999-09-05,09292000,6.937616,09292000
1999-09-06,09292000,6.5128639999999995,09292000
1999-09-07,09292000,6.0031616,09292000
1999-09-08,09292000,5.5500928,09292000
1999-09-09,09292000,5.238608,09292000
1999-09-10,09292000,4.9837568,09292000
1999-09-11,09292000,4.813856,09292000
1999-09-12,09292000,4.2758367999999995,09292000
1999-09-13,09292000,4.0776192,09292000
1999-09-14,09292000,3.8794016,09292000
1999-09-15,09292000,3.7095008,09292000
1999-09-16,09292000,3.5396,09292000
1999-09-17,09292000,3.2847488,09292000
1999-09-18,09292000,2.973264,09292000
1999-09-19,09292000,3.114848,09292000
1999-09-20,09292000,3.1714816,09292000
1999-09-21,09292000,2.973264,09292000
1999-09-22,09292000,2.7184128,09292000
1999-09-23,09292000,2.6051456,09292000
1999-09-24,09292000,2.548512,09292000
1999-09-25,09292000,2.4352448,09292000
1999-09-26,09292000,2.265344,09292000
1999-09-27,09292000,2.1803936,09292000
1999-09-28,09292000,2.12376,09292000
1999-09-29,09292000,1.982176,09292000
1999-09-30,09292000,1.840592,09292000
1999-10-01,09292000,1.8122752,09292000
1999-10-02,09292000,1.7273247999999999,09292000
1999-10-03,09292000,1.6706912,09292000
1999-10-04,09292000,1.6140576,09292000
1999-10-05,09292000,1.5857408,09292000
1999-10-06,09292000,1.5007904,09292000
1999-10-07,09292000,1.4441568,09292000
1999-10-08,09292000,1.41584,09292000
1999-10-09,09292000,1.3025728,09292000
1999-10-10,09292000,1.3592064,09292000
1999-10-11,09292000,1.274256,09292000
1999-10-12,09292000,1.2176224,09292000
1999-10-13,09292000,1.132672,09292000
1999-10-14,09292000,1.1893056,09292000
1999-10-15,09292000,1.2176224,09292000
1999-10-16,09292000,0.991088,09292000
1999-10-17,09292000,0.9627711999999999,09292000
1999-10-18,09292000,1.1043552,09292000
1999-10-19,09292000,0.991088,09292000
1999-10-20,09292000,0.991088,09292000
1999-10-21,09292000,0.9627711999999999,09292000
1999-10-22,09292000,0.9344544,09292000
1999-10-23,09292000,0.9344544,09292000
1999-10-24,09292000,0.9061376,09292000
1999-10-25,09292000,0.849504,09292000
1999-10-26,09292000,0.8211872,09292000
1999-10-27,09292000,0.8211872,09292000
1999-10-28,09292000,0.8211872,09292000
1999-10-29,09292000,0.7928704,09292000
1999-10-30,09292000,0.8778208,09292000
1999-10-31,09292000,1.2459392,09292000
1999-11-01,09292000,0.8211872,09292000
1999-11-02,09292000,0.8211872,09292000
1999-11-03,09292000,0.8778208,09292000
1999-11-04,09292000,0.849504,09292000
1999-11-05,09292000,0.849504,09292000
1999-11-06,09292000,0.8778208,09292000
1999-11-07,09292000,0.9061376,09292000
1999-11-08,09292000,0.9344544,09292000
1999-11-09,09292000,0.9344544,09292000
1999-11-10,09292000,0.9627711999999999,09292000
1999-11-11,09292000,0.9344544,09292000
1999-11-12,09292000,0.9627711999999999,09292000
1999-11-13,09292000,0.9061376,09292000
1999-11-14,09292000,0.9344544,09292000
1999-11-15,09292000,0.9344544,09292000
1999-11-16,09292000,0.9627711999999999,09292000
1999-11-17,09292000,0.991088,09292000
1999-11-18,09292000,1.0194048,09292000
1999-11-19,09292000,1.0194048,09292000
1999-11-20,09292000,1.0477216,09292000
1999-11-21,09292000,1.0477216,09292000
1999-11-22,09292000,1.0477216,09292000
1999-11-23,09292000,1.0760384,09292000
1999-11-24,09292000,1.0760384,09292000
1999-11-25,09292000,1.0760384,09292000
1999-11-26,09292000,1.0760384,09292000
1999-11-27,09292000,1.0760384,09292000
1999-11-28,09292000,1.1043552,09292000
1999-11-29,09292000,1.132672,09292000
1999-11-30,09292000,1.132672,09292000
1999-12-01,09292000,1.1609888,09292000
1999-12-02,09292000,1.2176224,09292000
1999-12-03,09292000,1.1893056,09292000
1999-12-04,09292000,1.2459392,09292000
1999-12-05,09292000,1.274256,09292000
1999-12-06,09292000,1.3308896,09292000
1999-12-07,09292000,1.3875232,09292000
1999-12-08,09292000,1.4724736,09292000
1999-12-09,09292000,1.4724736,09292000
1999-12-10,09292000,1.5291071999999999,09292000
1999-12-11,09292000,1.5857408,09292000
1999-12-12,09292000,1.6423744,09292000
1999-12-13,09292000,1.699008,09292000
1999-12-14,09292000,1.7273247999999999,09292000
1999-12-15,09292000,1.7556416,09292000
1999-12-16,09292000,1.840592,09292000
1999-12-17,09292000,1.8122752,09292000
1999-12-18,09292000,1.7839584,09292000
1999-12-19,09292000,1.7839584,09292000
1999-12-20,09292000,1.7556416,09292000
1999-12-21,09292000,1.699008,09292000
1999-12-22,09292000,1.6706912,09292000
1999-12-23,09292000,1.6423744,09292000
1999-12-24,09292000,1.5857408,09292000
1999-12-25,09292000,1.5291071999999999,09292000
1999-12-26,09292000,1.4441568,09292000
1999-12-27,09292000,1.3875232,09292000
1999-12-28,09292000,1.3308896,09292000
1999-12-29,09292000,1.3308896,09292000
1999-12-30,09292000,1.3592064,09292000
1999-12-31,09292000,1.4724736,09292000
2000-01-01,09292000,1.1893056,09292000
2000-01-02,09292000,1.1609888,09292000
2000-01-03,09292000,1.1893056,09292000
2000-01-04,09292000,1.1609888,09292000
2000-01-05,09292000,1.1609888,09292000
2000-01-06,09292000,1.132672,09292000
2000-01-07,09292000,1.0760384,09292000
2000-01-08,09292000,1.0194048,09292000
2000-01-09,09292000,1.0194048,09292000
2000-01-10,09292000,1.0760384,09292000
2000-01-11,09292000,1.1043552,09292000
2000-01-12,09292000,1.0477216,09292000
2000-01-13,09292000,1.1043552,09292000
2000-01-14,09292000,0.991088,09292000
2000-01-15,09292000,0.991088,09292000
2000-01-16,09292000,0.9627711999999999,09292000
2000-01-17,09292000,0.991088,09292000
2000-01-18,09292000,0.991088,09292000
2000-01-19,09292000,1.0194048,09292000
2000-01-20,09292000,1.0194048,09292000
2000-01-21,09292000,1.0194048,09292000
2000-01-22,09292000,0.991088,09292000
2000-01-23,09292000,1.0194048,09292000
2000-01-24,09292000,1.0477216,09292000
2000-01-25,09292000,0.991088,09292000
2000-01-26,09292000,0.9627711999999999,09292000
2000-01-27,09292000,1.0477216,09292000
2000-01-28,09292000,1.0477216,09292000
2000-01-29,09292000,1.0194048,09292000
2000-01-30,09292000,0.9627711999999999,09292000
2000-01-31,09292000,0.991088,09292000
2000-02-01,09292000,0.991088,09292000
2000-02-02,09292000,0.9627711999999999,09292000
2000-02-03,09292000,0.9344544,09292000
2000-02-04,09292000,0.8778208,09292000
2000-02-05,09292000,0.849504,09292000
2000-02-06,09292000,0.849504,09292000
2000-02-07,09292000,0.849504,09292000
2000-02-08,09292000,0.8778208,09292000
2000-02-09,09292000,0.849504,09292000
2000-02-10,09292000,0.9061376,09292000
2000-02-11,09292000,0.9061376,09292000
2000-02-12,09292000,0.9344544,09292000
2000-02-13,09292000,0.9627711999999999,09292000
2000-02-14,09292000,0.9627711999999999,09292000
2000-02-15,09292000,0.991088,09292000
2000-02-16,09292000,1.0194048,09292000
2000-02-17,09292000,0.9627711999999999,09292000
2000-02-18,09292000,0.9344544,09292000
2000-02-19,09292000,0.9061376,09292000
2000-02-20,09292000,0.9627711999999999,09292000
2000-02-21,09292000,0.9344544,09292000
2000-02-22,09292000,0.8778208,09292000
2000-02-23,09292000,0.9061376,09292000
2000-02-24,09292000,0.849504,09292000
2000-02-25,09292000,0.9061376,09292000
2000-02-26,09292000,0.9344544,09292000
2000-02-27,09292000,0.9627711999999999,09292000
2000-02-28,09292000,0.991088,09292000
2000-02-29,09292000,1.0194048,09292000
2000-03-01,09292000,0.8721574400000001,09292000
2000-03-02,09292000,0.89481088,09292000
2000-03-03,09292000,0.87498912,09292000
2000-03-04,09292000,0.89481088,09292000
2000-03-05,09292000,0.90330592,09292000
2000-03-06,09292000,0.86649408,09292000
2000-03-07,09292000,0.8551673599999999,09292000
2000-03-08,09292000,0.8325139199999999,09292000
2000-03-09,09292000,0.8721574400000001,09292000
2000-03-10,09292000,0.89481088,09292000
2000-03-11,09292000,0.9967513600000001,09292000
2000-03-12,09292000,0.849504,09292000
2000-03-13,09292000,0.85799904,09292000
2000-03-14,09292000,0.8466723199999999,09292000
2000-03-15,09292000,0.8353456,09292000
2000-03-16,09292000,0.9061376,09292000
2000-03-17,09292000,0.80136544,09292000
2000-03-18,09292000,0.78437536,09292000
2000-03-19,09292000,0.79003872,09292000
2000-03-20,09292000,0.87498912,09292000
2000-03-21,09292000,1.05055328,09292000
2000-03-22,09292000,0.8778208,09292000
2000-03-23,09292000,0.84384064,09292000
2000-03-24,09292000,0.849504,09292000
2000-03-25,09292000,0.849504,09292000
2000-03-26,09292000,0.8636623999999999,09292000
2000-03-27,09292000,0.9061376,09292000
2000-03-28,09292000,0.9061376,09292000
2000-03-29,09292000,0.849504,09292000
2000-03-30,09292000,0.8211872,09292000
2000-03-31,09292000,0.849504,09292000
2000-04-01,09292000,0.991088,09292000
2000-04-02,09292000,1.0477216,09292000
2000-04-03,09292000,1.274256,09292000
2000-04-04,09292000,1.5007904,09292000
2000-04-05,09292000,1.557424,09292000
2000-04-06,09292000,1.3875232,09292000
2000-04-07,09292000,1.3592064,09292000
2000-04-08,09292000,1.3592064,09292000
2000-04-09,09292000,1.41584,09292000
2000-04-10,09292000,1.3875232,09292000
2000-04-11,09292000,1.3592064,09292000
2000-04-12,09292000,1.4441568,09292000
2000-04-13,09292000,1.5857408,09292000
2000-04-14,09292000,1.557424,09292000
2000-04-15,09292000,1.4724736,09292000
2000-04-16,09292000,1.3875232,09292000
2000-04-17,09292000,1.8972256,09292000
2000-04-18,09292000,1.6706912,09292000
2000-04-19,09292000,1.6423744,09292000
2000-04-20,09292000,1.7273247999999999,09292000
2000-04-21,09292000,1.7273247999999999,09292000
2000-04-22,09292000,1.7556416,09292000
2000-04-23,09292000,1.7556416,09292000
2000-04-24,09292000,1.3025728,09292000
2000-04-25,09292000,1.4441568,09292000
2000-04-26,09292000,1.6706912,09292000
2000-04-27,09292000,2.0671264,09292000
2000-04-28,09292000,2.4635616,09292000
2000-04-29,09292000,2.3786112,09292000
2000-04-30,09292000,2.2936608,09292000
2000-05-01,09292000,2.406928,09292000
2000-05-02,09292000,3.3696992,09292000
2000-05-03,09292000,4.5590048,09292000
2000-05-04,09292000,5.8332608,09292000
2000-05-05,09292000,7.9570208,09292000
2000-05-06,09292000,7.0508831999999995,09292000
2000-05-07,09292000,5.9748448,09292000
2000-05-08,09292000,4.7572224,09292000
2000-05-09,09292000,4.3607872,09292000
2000-05-10,09292000,4.24752,09292000
2000-05-11,09292000,3.6528671999999998,09292000
2000-05-12,09292000,3.2281152,09292000
2000-05-13,09292000,3.4546495999999998,09292000
2000-05-14,09292000,3.4263328,09292000
2000-05-15,09292000,3.9077184,09292000
2000-05-16,09292000,4.24752,09292000
2000-05-17,09292000,3.7944512,09292000
2000-05-18,09292000,4.1342528,09292000
2000-05-19,09292000,5.2669248,09292000
2000-05-20,09292000,6.6261312,09292000
2000-05-21,09292000,8.6083072,09292000
2000-05-22,09292000,9.769296,09292000
2000-05-23,09292000,12.2611744,09292000
2000-05-24,09292000,10.0241472,09292000
2000-05-25,09292000,9.6843456,09292000
2000-05-26,09292000,8.3251392,09292000
2000-05-27,09292000,8.551673599999999,09292000
2000-05-28,09292000,9.7126624,09292000
2000-05-29,09292000,9.8542464,09292000
2000-05-30,09292000,8.0419712,09292000
2000-05-31,09292000,6.8526656,09292000
2000-06-01,09292000,6.1447456,09292000
2000-06-02,09292000,6.0314784,09292000
2000-06-03,09292000,5.6067264,09292000
2000-06-04,09292000,5.2952416,09292000
2000-06-05,09292000,4.6722719999999995,09292000
2000-06-06,09292000,4.1625696,09292000
2000-06-07,09292000,3.8510847999999998,09292000
2000-06-08,09292000,3.6245504,09292000
2000-06-09,09292000,3.4546495999999998,09292000
2000-06-10,09292000,2.6617792,09292000
2000-06-11,09292000,2.406928,09292000
2000-06-12,09292000,2.265344,09292000
2000-06-13,09292000,2.2370272,09292000
2000-06-14,09292000,2.0104928,09292000
2000-06-15,09292000,1.982176,09292000
2000-06-16,09292000,2.3219776,09292000
2000-06-17,09292000,2.1803936,09292000
2000-06-18,09292000,3.9926688,09292000
2000-06-19,09292000,4.2192032,09292000
2000-06-20,09292000,2.6051456,09292000
2000-06-21,09292000,1.8689088,09292000
2000-06-22,09292000,1.699008,09292000
2000-06-23,09292000,1.6140576,09292000
2000-06-24,09292000,1.6140576,09292000
2000-06-25,09292000,1.557424,09292000
2000-06-26,09292000,2.0104928,09292000
2000-06-27,09292000,2.5201952,09292000
2000-06-28,09292000,2.3502944,09292000
2000-06-29,09292000,1.982176,09292000
2000-06-30,09292000,1.9255423999999999,09292000
2000-07-01,09292000,1.7273247999999999,09292000
2000-07-02,09292000,1.5291071999999999,09292000
2000-07-03,09292000,1.3592064,09292000
2000-07-04,09292000,1.2459392,09292000
2000-07-05,09292000,1.132672,09292000
2000-07-06,09292000,1.0194048,09292000
2000-07-07,09292000,1.1609888,09292000
2000-07-08,09292000,1.5291071999999999,09292000
2000-07-09,09292000,1.5291071999999999,09292000
2000-07-10,09292000,1.8122752,09292000
2000-07-11,09292000,1.6423744,09292000
2000-07-12,09292000,1.41584,09292000
2000-07-13,09292000,1.3308896,09292000
2000-07-14,09292000,1.274256,09292000
2000-07-15,09292000,1.3025728,09292000
2000-07-16,09292000,1.557424,09292000
2000-07-17,09292000,1.2459392,09292000
2000-07-18,09292000,1.0760384,09292000
2000-07-19,09292000,0.9627711999999999,09292000
2000-07-20,09292000,0.8778208,09292000
2000-07-21,09292000,0.8211872,09292000
2000-07-22,09292000,0.7362368,09292000
2000-07-23,09292000,0.6796032,09292000
2000-07-24,09292000,0.6229696,09292000
2000-07-25,09292000,1.2459392,09292000
2000-07-26,09292000,0.70792,09292000
2000-07-27,09292000,0.5946528,09292000
2000-07-28,09292000,0.5380192,09292000
2000-07-29,09292000,0.5097024,09292000
2000-07-30,09292000,0.48138559999999997,09292000
2000-07-31,09292000,1.2176224,09292000
2000-08-01,09292000,1.132672,09292000
2000-08-02,09292000,1.1043552,09292000
2000-08-03,09292000,1.1043552,09292000
2000-08-04,09292000,1.132672,09292000
2000-08-05,09292000,1.274256,09292000
2000-08-06,09292000,1.1609888,09292000
2000-08-07,09292000,0.8211872,09292000
2000-08-08,09292000,0.8211872,09292000
2000-08-09,09292000,0.7928704,09292000
2000-08-10,09292000,0.8778208,09292000
2000-08-11,09292000,0.7928704,09292000
2000-08-12,09292000,0.7362368,09292000
2000-08-13,09292000,0.7362368,09292000
2000-08-14,09292000,0.7362368,09292000
2000-08-15,09292000,0.991088,09292000
2000-08-16,09292000,1.1609888,09292000
2000-08-17,09292000,1.3308896,09292000
2000-08-18,09292000,1.557424,09292000
2000-08-19,09292000,1.6706912,09292000
2000-08-20,09292000,1.3592064,09292000
2000-08-21,09292000,1.2176224,09292000
2000-08-22,09292000,1.3025728,09292000
2000-08-23,09292000,1.2176224,09292000
2000-08-24,09292000,1.2176224,09292000
2000-08-25,09292000,1.5007904,09292000
2000-08-26,09292000,2.1803936,09292000
2000-08-27,09292000,1.8972256,09292000
2000-08-28,09292000,1.699008,09292000
2000-08-29,09292000,1.7273247999999999,09292000
2000-08-30,09292000,3.1997984,09292000
2000-08-31,09292000,3.2847488,09292000
2000-09-01,09292000,3.5112832,09292000
2000-09-02,09292000,3.1997984,09292000
2000-09-03,09292000,2.7184128,09292000
2000-09-04,09292000,2.3786112,09292000
2000-09-05,09292000,2.1803936,09292000
2000-09-06,09292000,2.0104928,09292000
2000-09-07,09292000,1.8972256,09292000
2000-09-08,09292000,2.1520768,09292000
2000-09-09,09292000,1.982176,09292000
2000-09-10,09292000,1.7839584,09292000
2000-09-11,09292000,1.6706912,09292000
2000-09-12,09292000,1.5857408,09292000
2000-09-13,09292000,1.5291071999999999,09292000
2000-09-14,09292000,1.4441568,09292000
2000-09-15,09292000,1.41584,09292000
2000-09-16,09292000,1.3592064,09292000
2000-09-17,09292000,1.41584,09292000
2000-09-18,09292000,1.4441568,09292000
2000-09-19,09292000,1.3308896,09292000
2000-09-20,09292000,1.3025728,09292000
2000-09-21,09292000,1.982176,09292000
2000-09-22,09292000,2.690096,09292000
2000-09-23,09292000,2.406928,09292000
2000-09-24,09292000,2.1803936,09292000
2000-09-25,09292000,2.0671264,09292000
2000-09-26,09292000,1.9255423999999999,09292000
2000-09-27,09292000,1.8122752,09292000
2000-09-28,09292000,1.7556416,09292000
2000-09-29,09292000,1.7556416,09292000
2000-09-30,09292000,1.6423744,09292000
2000-10-01,09292000,1.5857408,09292000
2000-10-02,09292000,2.12376,09292000
2000-10-03,09292000,2.2936608,09292000
2000-10-04,09292000,2.265344,09292000
2000-10-05,09292000,2.2087104,09292000
2000-10-06,09292000,1.7273247999999999,09292000
2000-10-07,09292000,1.699008,09292000
2000-10-08,09292000,1.6140576,09292000
2000-10-09,09292000,1.6140576,09292000
2000-10-10,09292000,2.3502944,09292000
2000-10-11,09292000,1.7556416,09292000
2000-10-12,09292000,1.6140576,09292000
2000-10-13,09292000,1.4724736,09292000
2000-10-14,09292000,1.41584,09292000
2000-10-15,09292000,1.3875232,09292000
2000-10-16,09292000,1.3308896,09292000
2000-10-17,09292000,1.3592064,09292000
2000-10-18,09292000,1.3875232,09292000
2000-10-19,09292000,1.3875232,09292000
2000-10-20,09292000,1.3592064,09292000
2000-10-21,09292000,1.41584,09292000
2000-10-22,09292000,1.3875232,09292000
2000-10-23,09292000,1.3592064,09292000
2000-10-24,09292000,1.3875232,09292000
2000-10-25,09292000,1.3592064,09292000
2000-10-26,09292000,1.3308896,09292000
2000-10-27,09292000,1.4724736,09292000
2000-10-28,09292000,1.5291071999999999,09292000
2000-10-29,09292000,1.4441568,09292000
2000-10-30,09292000,1.5007904,09292000
2000-10-31,09292000,1.5291071999999999,09292000
2000-11-01,09292000,1.274256,09292000
2000-11-02,09292000,1.2459392,09292000
2000-11-03,09292000,0.7928704,09292000
2000-11-04,09292000,1.41584,09292000
2000-11-05,09292000,1.1609888,09292000
2000-11-06,09292000,1.132672,09292000
2000-11-07,09292000,1.2459392,09292000
2000-11-08,09292000,1.3875232,09292000
2000-11-09,09292000,1.3308896,09292000
2000-11-10,09292000,1.5007904,09292000
2000-11-11,09292000,1.557424,09292000
2000-11-12,09292000,1.5291071999999999,09292000
2000-11-13,09292000,1.4724736,09292000
2000-11-14,09292000,1.4724736,09292000
2000-11-15,09292000,1.4724736,09292000
2000-11-16,09292000,1.41584,09292000
2000-11-17,09292000,1.3875232,09292000
2000-11-18,09292000,1.3025728,09292000
2000-11-19,09292000,1.2176224,09292000
2000-11-20,09292000,1.1609888,09292000
2000-11-21,09292000,1.132672,09292000
2000-11-22,09292000,1.0760384,09292000
2000-11-23,09292000,0.9627711999999999,09292000
2000-11-24,09292000,1.0477216,09292000
2000-11-25,09292000,1.0477216,09292000
2000-11-26,09292000,1.0760384,09292000
2000-11-27,09292000,1.132672,09292000
2000-11-28,09292000,1.1043552,09292000
2000-11-29,09292000,1.1043552,09292000
2000-11-30,09292000,1.1043552,09292000
2000-12-01,09292000,1.0760384,09292000
2000-12-02,09292000,1.0760384,09292000
2000-12-03,09292000,1.0477216,09292000
2000-12-04,09292000,1.0760384,09292000
2000-12-05,09292000,1.0760384,09292000
2000-12-06,09292000,1.0477216,09292000
2000-12-07,09292000,1.132672,09292000
2000-12-08,09292000,1.0760384,09292000
2000-12-09,09292000,1.0760384,09292000
2000-12-10,09292000,1.1043552,09292000
2000-12-11,09292000,1.1043552,09292000
2000-12-12,09292000,1.132672,09292000
2000-12-13,09292000,1.132672,09292000
2000-12-14,09292000,1.1043552,09292000
2000-12-15,09292000,1.1043552,09292000
2000-12-16,09292000,1.0760384,09292000
2000-12-17,09292000,1.1043552,09292000
2000-12-18,09292000,1.1043552,09292000
2000-12-19,09292000,1.1043552,09292000
2000-12-20,09292000,1.0760384,09292000
2000-12-21,09292000,1.1043552,09292000
2000-12-22,09292000,1.1043552,09292000
2000-12-23,09292000,1.132672,09292000
2000-12-24,09292000,1.132672,09292000
2000-12-25,09292000,1.1609888,09292000
2000-12-26,09292000,1.1609888,09292000
2000-12-27,09292000,1.1893056,09292000
2000-12-28,09292000,1.1893056,09292000
2000-12-29,09292000,1.1893056,09292000
2000-12-30,09292000,1.2176224,09292000
2000-12-31,09292000,1.2176224,09292000
2001-01-01,09292000,1.2176224,09292000
2001-01-02,09292000,1.2176224,09292000
2001-01-03,09292000,1.2459392,09292000
2001-01-04,09292000,1.2459392,09292000
2001-01-05,09292000,1.2459392,09292000
2001-01-06,09292000,1.274256,09292000
2001-01-07,09292000,1.2459392,09292000
2001-01-08,09292000,1.2459392,09292000
2001-01-09,09292000,1.2459392,09292000
2001-01-10,09292000,1.2176224,09292000
2001-01-11,09292000,1.1893056,09292000
2001-01-12,09292000,1.1609888,09292000
2001-01-13,09292000,1.1609888,09292000
2001-01-14,09292000,1.132672,09292000
2001-01-15,09292000,1.132672,09292000
2001-01-16,09292000,1.1043552,09292000
2001-01-17,09292000,1.0760384,09292000
2001-01-18,09292000,1.0477216,09292000
2001-01-19,09292000,1.0477216,09292000
2001-01-20,09292000,1.0194048,09292000
2001-01-21,09292000,1.0194048,09292000
2001-01-22,09292000,0.991088,09292000
2001-01-23,09292000,0.9627711999999999,09292000
2001-01-24,09292000,0.9627711999999999,09292000
2001-01-25,09292000,0.9627711999999999,09292000
2001-01-26,09292000,0.991088,09292000
2001-01-27,09292000,0.991088,09292000
2001-01-28,09292000,0.991088,09292000
2001-01-29,09292000,1.0194048,09292000
2001-01-30,09292000,1.0194048,09292000
2001-01-31,09292000,0.991088,09292000
2001-02-01,09292000,0.991088,09292000
2001-02-02,09292000,0.9627711999999999,09292000
2001-02-03,09292000,0.9627711999999999,09292000
2001-02-04,09292000,0.9627711999999999,09292000
2001-02-05,09292000,0.9344544,09292000
2001-02-06,09292000,0.9344544,09292000
2001-02-07,09292000,0.9061376,09292000
2001-02-08,09292000,0.9061376,09292000
2001-02-09,09292000,0.9061376,09292000
2001-02-10,09292000,0.9061376,09292000
2001-02-11,09292000,0.8778208,09292000
2001-02-12,09292000,0.8778208,09292000
2001-02-13,09292000,0.8778208,09292000
2001-02-14,09292000,0.8778208,09292000
2001-02-15,09292000,0.8778208,09292000
2001-02-16,09292000,0.9061376,09292000
2001-02-17,09292000,0.9061376,09292000
2001-02-18,09292000,0.9061376,09292000
2001-02-19,09292000,0.8778208,09292000
2001-02-20,09292000,0.8778208,09292000
2001-02-21,09292000,0.849504,09292000
2001-02-22,09292000,0.849504,09292000
2001-02-23,09292000,0.849504,09292000
2001-02-24,09292000,0.8211872,09292000
2001-02-25,09292000,0.7928704,09292000
2001-02-26,09292000,0.7645535999999999,09292000
2001-02-27,09292000,0.7362368,09292000
2001-02-28,09292000,0.7362368,09292000
2001-03-01,09292000,0.7645535999999999,09292000
2001-03-02,09292000,0.7645535999999999,09292000
2001-03-03,09292000,0.7645535999999999,09292000
2001-03-04,09292000,0.7645535999999999,09292000
2001-03-05,09292000,0.7645535999999999,09292000
2001-03-06,09292000,0.7645535999999999,09292000
2001-03-07,09292000,0.7645535999999999,09292000
2001-03-08,09292000,0.7928704,09292000
2001-03-09,09292000,0.7928704,09292000
2001-03-10,09292000,0.7928704,09292000
2001-03-11,09292000,0.8211872,09292000
2001-03-12,09292000,0.8211872,09292000
2001-03-13,09292000,0.8211872,09292000
2001-03-14,09292000,0.849504,09292000
2001-03-15,09292000,0.8778208,09292000
2001-03-16,09292000,0.9061376,09292000
2001-03-17,09292000,0.9344544,09292000
2001-03-18,09292000,0.9344544,09292000
2001-03-19,09292000,0.9344544,09292000
2001-03-20,09292000,0.9344544,09292000
2001-03-21,09292000,0.9627711999999999,09292000
2001-03-22,09292000,0.9627711999999999,09292000
2001-03-23,09292000,0.9627711999999999,09292000
2001-03-24,09292000,0.9627711999999999,09292000
2001-03-25,09292000,0.9627711999999999,09292000
2001-03-26,09292000,0.9627711999999999,09292000
2001-03-27,09292000,0.9627711999999999,09292000
2001-03-28,09292000,0.9627711999999999,09292000
2001-03-29,09292000,0.9344544,09292000
2001-03-30,09292000,0.9344544,09292000
2001-03-31,09292000,0.9627711999999999,09292000
2001-04-01,09292000,0.991088,09292000
2001-04-02,09292000,0.991088,09292000
2001-04-03,09292000,0.9627711999999999,09292000
2001-04-04,09292000,0.9627711999999999,09292000
2001-04-05,09292000,0.9627711999999999,09292000
2001-04-06,09292000,0.9627711999999999,09292000
2001-04-07,09292000,0.9627711999999999,09292000
2001-04-08,09292000,0.9627711999999999,09292000
2001-04-09,09292000,0.9627711999999999,09292000
2001-04-10,09292000,0.991088,09292000
2001-04-11,09292000,0.991088,09292000
2001-04-12,09292000,0.9627711999999999,09292000
2001-04-13,09292000,0.9627711999999999,09292000
2001-04-14,09292000,0.9627711999999999,09292000
2001-04-15,09292000,0.9627711999999999,09292000
2001-04-16,09292000,1.1043552,09292000
2001-04-17,09292000,1.3025728,09292000
2001-04-18,09292000,1.5291071999999999,09292000
2001-04-19,09292000,1.5857408,09292000
2001-04-20,09292000,1.6706912,09292000
2001-04-21,09292000,1.699008,09292000
2001-04-22,09292000,1.6423744,09292000
2001-04-23,09292000,1.5857408,09292000
2001-04-24,09292000,1.5857408,09292000
2001-04-25,09292000,1.6423744,09292000
2001-04-26,09292000,1.6706912,09292000
2001-04-27,09292000,1.982176,09292000
2001-04-28,09292000,2.548512,09292000
2001-04-29,09292000,3.114848,09292000
2001-04-30,09292000,3.9360352,09292000
2001-05-01,09292000,3.6245504,09292000
2001-05-02,09292000,2.9166304,09292000
2001-05-03,09292000,2.7467296,09292000
2001-05-04,09292000,2.690096,09292000
2001-05-05,09292000,2.7750464,09292000
2001-05-06,09292000,3.1714816,09292000
2001-05-07,09292000,4.105936,09292000
2001-05-08,09292000,4.8704896,09292000
2001-05-09,09292000,5.521776,09292000
2001-05-10,09292000,6.4845472,09292000
2001-05-11,09292000,8.636624,09292000
2001-05-12,09292000,11.468304,09292000
2001-05-13,09292000,12.9690944,09292000
2001-05-14,09292000,16.8768128,09292000
2001-05-15,09292000,19.963344,09292000
2001-05-16,09292000,20.246512,09292000
2001-05-17,09292000,18.1510688,09292000
2001-05-18,09292000,14.9229536,09292000
2001-05-19,09292000,12.9974112,09292000
2001-05-20,09292000,12.1195904,09292000
2001-05-21,09292000,13.3655296,09292000
2001-05-22,09292000,16.0839424,09292000
2001-05-23,09292000,17.4714656,09292000
2001-05-24,09292000,17.5847328,09292000
2001-05-25,09292000,16.6502784,09292000
2001-05-26,09292000,16.1122592,09292000
2001-05-27,09292000,15.8290912,09292000
2001-05-28,09292000,15.8857248,09292000
2001-05-29,09292000,16.1122592,09292000
2001-05-30,09292000,15.545923199999999,09292000
2001-05-31,09292000,15.2061216,09292000
2001-06-01,09292000,14.3849344,09292000
2001-06-02,09292000,12.516025599999999,09292000
2001-06-03,09292000,10.4205824,09292000
2001-06-04,09292000,9.061376,09292000
2001-06-05,09292000,9.1463264,09292000
2001-06-06,09292000,9.6560288,09292000
2001-06-07,09292000,9.7976128,09292000
2001-06-08,09292000,9.6560288,09292000
2001-06-09,09292000,9.3162272,09292000
2001-06-10,09292000,8.211872,09292000
2001-06-11,09292000,7.1924672,09292000
2001-06-12,09292000,6.1730624,09292000
2001-06-13,09292000,5.2669248,09292000
2001-06-14,09292000,4.7572224,09292000
2001-06-15,09292000,4.7005888,09292000
2001-06-16,09292000,4.6439552,09292000
2001-06-17,09292000,4.6722719999999995,09292000
2001-06-18,09292000,4.7855392,09292000
2001-06-19,09292000,4.813856,09292000
2001-06-20,09292000,4.5590048,09292000
2001-06-21,09292000,4.530688,09292000
2001-06-22,09292000,4.9271232,09292000
2001-06-23,09292000,5.097024,09292000
2001-06-24,09292000,4.8704896,09292000
2001-06-25,09292000,4.7289056,09292000
2001-06-26,09292000,4.4457376,09292000
2001-06-27,09292000,4.2192032,09292000
2001-06-28,09292000,4.1342528,09292000
2001-06-29,09292000,3.8794016,09292000
2001-06-30,09292000,3.7661344,09292000
2001-07-01,09292000,3.6245504,09292000
2001-07-02,09292000,3.5112832,09292000
2001-07-03,09292000,3.1431648,09292000
2001-07-04,09292000,2.9166304,09292000
2001-07-05,09292000,3.3696992,09292000
2001-07-06,09292000,3.7661344,09292000
2001-07-07,09292000,4.24752,09292000
2001-07-08,09292000,4.24752,09292000
2001-07-09,09292000,3.7661344,09292000
2001-07-10,09292000,3.822768,09292000
2001-07-11,09292000,5.1253408,09292000
2001-07-12,09292000,4.4740544,09292000
2001-07-13,09292000,3.7378176,09292000
2001-07-14,09292000,4.6439552,09292000
2001-07-15,09292000,3.9360352,09292000
2001-07-16,09292000,3.3130656,09292000
2001-07-17,09292000,2.9166304,09292000
2001-07-18,09292000,2.6617792,09292000
2001-07-19,09292000,2.5201952,09292000
2001-07-20,09292000,2.690096,09292000
2001-07-21,09292000,2.6334624,09292000
2001-07-22,09292000,1.982176,09292000
2001-07-23,09292000,1.8689088,09292000
2001-07-24,09292000,1.7839584,09292000
2001-07-25,09292000,2.2370272,09292000
2001-07-26,09292000,2.548512,09292000
2001-07-27,09292000,2.690096,09292000
2001-07-28,09292000,2.548512,09292000
2001-07-29,09292000,2.1803936,09292000
2001-07-30,09292000,1.8972256,09292000
2001-07-31,09292000,1.7556416,09292000
2001-08-01,09292000,1.6706912,09292000
2001-08-02,09292000,1.840592,09292000
2001-08-03,09292000,1.840592,09292000
2001-08-04,09292000,2.1520768,09292000
2001-08-05,09292000,2.3219776,09292000
2001-08-06,09292000,2.2370272,09292000
2001-08-07,09292000,2.4918784,09292000
2001-08-08,09292000,2.5201952,09292000
2001-08-09,09292000,2.4352448,09292000
2001-08-10,09292000,2.3502944,09292000
2001-08-11,09292000,2.1803936,09292000
2001-08-12,09292000,2.7750464,09292000
2001-08-13,09292000,3.4829664,09292000
2001-08-14,09292000,3.1431648,09292000
2001-08-15,09292000,2.7467296,09292000
2001-08-16,09292000,2.406928,09292000
2001-08-17,09292000,2.3219776,09292000
2001-08-18,09292000,2.1803936,09292000
2001-08-19,09292000,1.8689088,09292000
2001-08-20,09292000,1.982176,09292000
2001-08-21,09292000,2.0104928,09292000
2001-08-22,09292000,1.7839584,09292000
2001-08-23,09292000,1.5857408,09292000
2001-08-24,09292000,1.5291071999999999,09292000
2001-08-25,09292000,1.7839584,09292000
2001-08-26,09292000,2.1803936,09292000
2001-08-27,09292000,2.2936608,09292000
2001-08-28,09292000,2.3219776,09292000
2001-08-29,09292000,2.3786112,09292000
2001-08-30,09292000,2.4918784,09292000
2001-08-31,09292000,2.548512,09292000
2001-09-01,09292000,2.5201952,09292000
2001-09-02,09292000,2.4918784,09292000
2001-09-03,09292000,2.3786112,09292000
2001-09-04,09292000,2.3219776,09292000
2001-09-05,09292000,2.2087104,09292000
2001-09-06,09292000,2.1520768,09292000
2001-09-07,09292000,2.12376,09292000
2001-09-08,09292000,2.0954432,09292000
2001-09-09,09292000,2.0104928,09292000
2001-09-10,09292000,1.982176,09292000
2001-09-11,09292000,1.8972256,09292000
2001-09-12,09292000,1.8689088,09292000
2001-09-13,09292000,1.9538592,09292000
2001-09-14,09292000,1.982176,09292000
2001-09-15,09292000,2.0388096,09292000
2001-09-16,09292000,1.982176,09292000
2001-09-17,09292000,1.9255423999999999,09292000
2001-09-18,09292000,1.8122752,09292000
2001-09-19,09292000,1.7839584,09292000
2001-09-20,09292000,1.7556416,09292000
2001-09-21,09292000,1.8122752,09292000
2001-09-22,09292000,1.8689088,09292000
2001-09-23,09292000,1.8122752,09292000
2001-09-24,09292000,1.7556416,09292000
2001-09-25,09292000,1.7556416,09292000
2001-09-26,09292000,1.7556416,09292000
2001-09-27,09292000,1.7273247999999999,09292000
2001-09-28,09292000,1.699008,09292000
2001-09-29,09292000,1.699008,09292000
2001-09-30,09292000,1.699008,09292000
2001-10-01,09292000,1.1043552,09292000
2001-10-02,09292000,1.0760384,09292000
2001-10-03,09292000,1.0760384,09292000
2001-10-04,09292000,0.9627711999999999,09292000
2001-10-05,09292000,0.8778208,09292000
2001-10-06,09292000,0.849504,09292000
2001-10-07,09292000,0.8211872,09292000
2001-10-08,09292000,1.0194048,09292000
2001-10-09,09292000,1.2176224,09292000
2001-10-10,09292000,1.132672,09292000
2001-10-11,09292000,1.0760384,09292000
2001-10-12,09292000,1.0760384,09292000
2001-10-13,09292000,1.0760384,09292000
2001-10-14,09292000,1.04488992,09292000
2001-10-15,09292000,1.0194048,09292000
2001-10-16,09292000,1.03639488,09292000
2001-10-17,09292000,1.20912736,09292000
2001-10-18,09292000,1.1666521600000002,09292000
2001-10-19,09292000,1.12984032,09292000
2001-10-20,09292000,1.11285024,09292000
2001-10-21,09292000,1.0760384,09292000
2001-10-22,09292000,1.07887008,09292000
2001-10-23,09292000,1.08453344,09292000
2001-10-24,09292000,1.12700864,09292000
2001-10-25,09292000,1.21195904,09292000
2001-10-26,09292000,1.2969094399999999,09292000
2001-10-27,09292000,1.3138995199999999,09292000
2001-10-28,09292000,1.32239456,09292000
2001-10-29,09292000,1.0052464,09292000
2001-10-30,09292000,1.05904832,09292000
2001-10-31,09292000,0.96843456,09292000
2001-11-01,09292000,0.73906848,09292000
2001-11-02,09292000,0.6654448,09292000
2001-11-03,09292000,0.6427913599999999,09292000
2001-11-04,09292000,0.61730624,09292000
2001-11-05,09292000,0.6569497599999999,09292000
2001-11-06,09292000,0.6427913599999999,09292000
2001-11-07,09292000,0.63995968,09292000
2001-11-08,09292000,0.58615776,09292000
2001-11-09,09292000,0.51536576,09292000
2001-11-10,09292000,0.60597952,09292000
2001-11-11,09292000,0.58615776,09292000
2001-11-12,09292000,0.58898944,09292000
2001-11-13,09292000,0.5691676800000001,09292000
2001-11-14,09292000,0.48704896,09292000
2001-11-15,09292000,0.5380192,09292000
2001-11-16,09292000,0.5380192,09292000
2001-11-17,09292000,0.5380192,09292000
2001-11-18,09292000,0.5380192,09292000
2001-11-19,09292000,0.5097024,09292000
2001-11-20,09292000,0.5380192,09292000
2001-11-21,09292000,0.566336,09292000
2001-11-22,09292000,0.566336,09292000
2001-11-23,09292000,0.5380192,09292000
2001-11-24,09292000,0.566336,09292000
2001-11-25,09292000,0.5946528,09292000
2001-11-26,09292000,0.566336,09292000
2001-11-27,09292000,0.566336,09292000
2001-11-28,09292000,0.566336,09292000
2001-11-29,09292000,0.5946528,09292000
2001-11-30,09292000,0.5946528,09292000
2001-12-01,09292000,0.5946528,09292000
2001-12-02,09292000,0.6229696,09292000
2001-12-03,09292000,0.6229696,09292000
2001-12-04,09292000,0.6229696,09292000
2001-12-05,09292000,0.5946528,09292000
2001-12-06,09292000,0.6229696,09292000
2001-12-07,09292000,0.7362368,09292000
2001-12-08,09292000,0.849504,09292000
2001-12-09,09292000,0.8211872,09292000
2001-12-10,09292000,0.8211872,09292000
2001-12-11,09292000,0.849504,09292000
2001-12-12,09292000,0.8778208,09292000
2001-12-13,09292000,0.9627711999999999,09292000
2001-12-14,09292000,0.9344544,09292000
2001-12-15,09292000,0.991088,09292000
2001-12-16,09292000,0.991088,09292000
2001-12-17,09292000,1.0194048,09292000
2001-12-18,09292000,1.0760384,09292000
2001-12-19,09292000,1.1043552,09292000
2001-12-20,09292000,1.132672,09292000
2001-12-21,09292000,1.1609888,09292000
2001-12-22,09292000,1.132672,09292000
2001-12-23,09292000,1.1043552,09292000
2001-12-24,09292000,1.0760384,09292000
2001-12-25,09292000,1.0194048,09292000
2001-12-26,09292000,0.991088,09292000
2001-12-27,09292000,0.991088,09292000
2001-12-28,09292000,0.991088,09292000
2001-12-29,09292000,0.991088,09292000
2001-12-30,09292000,1.0194048,09292000
2001-12-31,09292000,1.0194048,09292000
2002-01-01,09292000,0.991088,09292000
2002-01-02,09292000,0.9627711999999999,09292000
2002-01-03,09292000,0.9061376,09292000
2002-01-04,09292000,0.849504,09292000
2002-01-05,09292000,0.7928704,09292000
2002-01-06,09292000,0.7362368,09292000
2002-01-07,09292000,0.70792,09292000
2002-01-08,09292000,0.70792,09292000
2002-01-09,09292000,0.6796032,09292000
2002-01-10,09292000,0.6796032,09292000
2002-01-11,09292000,0.6796032,09292000
2002-01-12,09292000,0.6512864,09292000
2002-01-13,09292000,0.6229696,09292000
2002-01-14,09292000,0.5946528,09292000
2002-01-15,09292000,0.5946528,09292000
2002-01-16,09292000,0.5946528,09292000
2002-01-17,09292000,0.6229696,09292000
2002-01-18,09292000,0.6512864,09292000
2002-01-19,09292000,0.6796032,09292000
2002-01-20,09292000,0.70792,09292000
2002-01-21,09292000,0.6229696,09292000
2002-01-22,09292000,0.6512864,09292000
2002-01-23,09292000,0.6512864,09292000
2002-01-24,09292000,0.6229696,09292000
2002-01-25,09292000,0.6512864,09292000
2002-01-26,09292000,0.6796032,09292000
2002-01-27,09292000,0.6796032,09292000
2002-01-28,09292000,0.70792,09292000
2002-01-29,09292000,0.7362368,09292000
2002-01-30,09292000,0.7362368,09292000
2002-01-31,09292000,0.7362368,09292000
2002-02-01,09292000,0.7362368,09292000
2002-02-02,09292000,0.7645535999999999,09292000
2002-02-03,09292000,0.7362368,09292000
2002-02-04,09292000,0.7645535999999999,09292000
2002-02-05,09292000,0.7928704,09292000
2002-02-06,09292000,0.7928704,09292000
2002-02-07,09292000,0.7645535999999999,09292000
2002-02-08,09292000,0.7645535999999999,09292000
2002-02-09,09292000,0.7928704,09292000
2002-02-10,09292000,0.7928704,09292000
2002-02-11,09292000,0.7928704,09292000
2002-02-12,09292000,0.7928704,09292000
2002-02-13,09292000,0.7362368,09292000
2002-02-14,09292000,0.6796032,09292000
2002-02-15,09292000,0.6512864,09292000
2002-02-16,09292000,0.6512864,09292000
2002-02-17,09292000,0.6796032,09292000
2002-02-18,09292000,0.70792,09292000
2002-02-19,09292000,0.7362368,09292000
2002-02-20,09292000,0.6796032,09292000
2002-02-21,09292000,0.6229696,09292000
2002-02-22,09292000,0.5946528,09292000
2002-02-23,09292000,0.5946528,09292000
2002-02-24,09292000,0.6229696,09292000
2002-02-25,09292000,0.6512864,09292000
2002-02-26,09292000,0.5946528,09292000
2002-02-27,09292000,0.5946528,09292000
2002-02-28,09292000,0.6512864,09292000
2002-03-01,09292000,0.6229696,09292000
2002-03-02,09292000,0.5380192,09292000
2002-03-03,09292000,0.566336,09292000
2002-03-04,09292000,0.6229696,09292000
2002-03-05,09292000,0.6796032,09292000
2002-03-06,09292000,0.6229696,09292000
2002-03-07,09292000,0.5380192,09292000
2002-03-08,09292000,0.48138559999999997,09292000
2002-03-09,09292000,0.5097024,09292000
2002-03-10,09292000,0.5097024,09292000
2002-03-11,09292000,0.566336,09292000
2002-03-12,09292000,0.5946528,09292000
2002-03-13,09292000,0.5380192,09292000
2002-03-14,09292000,0.48138559999999997,09292000
2002-03-15,09292000,0.48138559999999997,09292000
2002-03-16,09292000,0.48138559999999997,09292000
2002-03-17,09292000,0.5097024,09292000
2002-03-18,09292000,0.5380192,09292000
2002-03-19,09292000,0.5380192,09292000
2002-03-20,09292000,0.566336,09292000
2002-03-21,09292000,0.5946528,09292000
2002-03-22,09292000,0.6512864,09292000
2002-03-23,09292000,0.6229696,09292000
2002-03-24,09292000,0.5946528,09292000
2002-03-25,09292000,0.5946528,09292000
2002-03-26,09292000,0.6796032,09292000
2002-03-27,09292000,0.6512864,09292000
2002-03-28,09292000,0.6796032,09292000
2002-03-29,09292000,0.6796032,09292000
2002-03-30,09292000,0.6512864,09292000
2002-03-31,09292000,0.6512864,09292000
2002-04-01,09292000,0.6796032,09292000
2002-04-02,09292000,0.6512864,09292000
2002-04-03,09292000,0.6229696,09292000
2002-04-04,09292000,0.6512864,09292000
2002-04-05,09292000,0.6512864,09292000
2002-04-06,09292000,0.6229696,09292000
2002-04-07,09292000,0.6229696,09292000
2002-04-08,09292000,0.6229696,09292000
2002-04-09,09292000,0.6512864,09292000
2002-04-10,09292000,0.6512864,09292000
2002-04-11,09292000,0.6512864,09292000
2002-04-12,09292000,0.6796032,09292000
2002-04-13,09292000,0.70792,09292000
2002-04-14,09292000,0.7362368,09292000
2002-04-15,09292000,0.7928704,09292000
2002-04-16,09292000,0.7645535999999999,09292000
2002-04-17,09292000,0.7362368,09292000
2002-04-18,09292000,0.7362368,09292000
2002-04-19,09292000,0.7362368,09292000
2002-04-20,09292000,0.70792,09292000
2002-04-21,09292000,0.6796032,09292000
2002-04-22,09292000,0.70792,09292000
2002-04-23,09292000,0.7362368,09292000
2002-04-24,09292000,0.7928704,09292000
2002-04-25,09292000,0.849504,09292000
2002-04-26,09292000,0.8778208,09292000
2002-04-27,09292000,0.9344544,09292000
2002-04-28,09292000,0.9061376,09292000
2002-04-29,09292000,0.9061376,09292000
2002-04-30,09292000,0.9344544,09292000
2002-05-01,09292000,0.991088,09292000
2002-05-02,09292000,0.9627711999999999,09292000
2002-05-03,09292000,0.991088,09292000
2002-05-04,09292000,1.0194048,09292000
2002-05-05,09292000,1.1609888,09292000
2002-05-06,09292000,1.3308896,09292000
2002-05-07,09292000,1.3308896,09292000
2002-05-08,09292000,1.4724736,09292000
2002-05-09,09292000,1.6423744,09292000
2002-05-10,09292000,1.6423744,09292000
2002-05-11,09292000,1.5857408,09292000
2002-05-12,09292000,1.5291071999999999,09292000
2002-05-13,09292000,1.6423744,09292000
2002-05-14,09292000,2.0954432,09292000
2002-05-15,09292000,2.3786112,09292000
2002-05-16,09292000,2.7184128,09292000
2002-05-17,09292000,2.7184128,09292000
2002-05-18,09292000,3.114848,09292000
2002-05-19,09292000,3.5112832,09292000
2002-05-20,09292000,3.964352,09292000
2002-05-21,09292000,3.114848,09292000
2002-05-22,09292000,1.5857408,09292000
2002-05-23,09292000,1.5291071999999999,09292000
2002-05-24,09292000,1.982176,09292000
2002-05-25,09292000,2.0671264,09292000
2002-05-26,09292000,2.3502944,09292000
2002-05-27,09292000,2.5768288,09292000
2002-05-28,09292000,2.83168,09292000
2002-05-29,09292000,3.2564319999999998,09292000
2002-05-30,09292000,3.7378176,09292000
2002-05-31,09292000,4.105936,09292000
2002-06-01,09292000,3.822768,09292000
2002-06-02,09292000,3.4263328,09292000
2002-06-03,09292000,3.0865312,09292000
2002-06-04,09292000,2.7467296,09292000
2002-06-05,09292000,2.7750464,09292000
2002-06-06,09292000,2.9449472,09292000
2002-06-07,09292000,3.0865312,09292000
2002-06-08,09292000,2.83168,09292000
2002-06-09,09292000,2.6051456,09292000
2002-06-10,09292000,2.265344,09292000
2002-06-11,09292000,1.982176,09292000
2002-06-12,09292000,1.840592,09292000
2002-06-13,09292000,1.699008,09292000
2002-06-14,09292000,1.557424,09292000
2002-06-15,09292000,1.41584,09292000
2002-06-16,09292000,1.3025728,09292000
2002-06-17,09292000,1.1609888,09292000
2002-06-18,09292000,1.0477216,09292000
2002-06-19,09292000,0.9627711999999999,09292000
2002-06-20,09292000,0.9061376,09292000
2002-06-21,09292000,0.849504,09292000
2002-06-22,09292000,1.0760384,09292000
2002-06-23,09292000,1.3025728,09292000
2002-06-24,09292000,1.6423744,09292000
2002-06-25,09292000,1.5291071999999999,09292000
2002-06-26,09292000,1.41584,09292000
2002-06-27,09292000,1.3592064,09292000
2002-06-28,09292000,1.3025728,09292000
2002-06-29,09292000,1.1893056,09292000
2002-06-30,09292000,1.1043552,09292000
2002-07-01,09292000,1.0760384,09292000
2002-07-02,09292000,1.0477216,09292000
2002-07-03,09292000,1.0477216,09292000
2002-07-04,09292000,1.0194048,09292000
2002-07-05,09292000,0.9627711999999999,09292000
2002-07-06,09292000,0.9061376,09292000
2002-07-07,09292000,0.7928704,09292000
2002-07-08,09292000,0.6229696,09292000
2002-07-09,09292000,0.6229696,09292000
2002-07-10,09292000,0.5946528,09292000
2002-07-11,09292000,0.5946528,09292000
2002-07-12,09292000,0.566336,09292000
2002-07-13,09292000,0.5946528,09292000
2002-07-14,09292000,0.6229696,09292000
2002-07-15,09292000,0.5946528,09292000
2002-07-16,09292000,0.5946528,09292000
2002-07-17,09292000,0.6229696,09292000
2002-07-18,09292000,0.6512864,09292000
2002-07-19,09292000,0.70792,09292000
2002-07-20,09292000,0.7362368,09292000
2002-07-21,09292000,0.7362368,09292000
2002-07-22,09292000,0.70792,09292000
2002-07-23,09292000,0.7645535999999999,09292000
2002-07-24,09292000,0.8211872,09292000
2002-07-25,09292000,0.849504,09292000
2002-07-26,09292000,0.849504,09292000
2002-07-27,09292000,0.8211872,09292000
2002-07-28,09292000,0.7928704,09292000
2002-07-29,09292000,0.7645535999999999,09292000
2002-07-30,09292000,0.70792,09292000
2002-07-31,09292000,0.6512864,09292000
2002-08-01,09292000,0.6229696,09292000
2002-08-02,09292000,0.6229696,09292000
2002-08-03,09292000,0.6512864,09292000
2002-08-04,09292000,0.6229696,09292000
2002-08-05,09292000,0.5946528,09292000
2002-08-06,09292000,0.566336,09292000
2002-08-07,09292000,0.5380192,09292000
2002-08-08,09292000,0.5097024,09292000
2002-08-09,09292000,0.48138559999999997,09292000
2002-08-10,09292000,0.43041535999999997,09292000
2002-08-11,09292000,0.50120736,09292000
2002-08-12,09292000,0.5521776,09292000
2002-08-13,09292000,0.59182112,09292000
2002-08-14,09292000,0.63995968,09292000
2002-08-15,09292000,0.71075168,09292000
2002-08-16,09292000,0.74473184,09292000
2002-08-17,09292000,0.79003872,09292000
2002-08-18,09292000,0.8410089599999999,09292000
2002-08-19,09292000,0.8778208,09292000
2002-08-20,09292000,0.89764256,09292000
2002-08-21,09292000,0.90047424,09292000
2002-08-22,09292000,0.9061376,09292000
2002-08-23,09292000,0.81552384,09292000
2002-08-24,09292000,0.7645535999999999,09292000
2002-08-25,09292000,0.73906848,09292000
2002-08-26,09292000,0.71358336,09292000
2002-08-27,09292000,0.69659328,09292000
2002-08-28,09292000,0.7220784,09292000
2002-08-29,09292000,0.74473184,09292000
2002-08-30,09292000,0.75322688,09292000
2002-08-31,09292000,0.72491008,09292000
2002-09-01,09292000,0.69942496,09292000
2002-09-02,09292000,0.6937616,09292000
2002-09-03,09292000,0.65411808,09292000
2002-09-04,09292000,0.68809824,09292000
2002-09-05,09292000,0.81552384,09292000
2002-09-06,09292000,1.0986918399999999,09292000
2002-09-07,09292000,3.1431648,09292000
2002-09-08,09292000,4.8988064,09292000
2002-09-09,09292000,3.822768,09292000
2002-09-10,09292000,2.973264,09292000
2002-09-11,09292000,2.74389792,09292000
2002-09-12,09292000,3.8794016,09292000
2002-09-13,09292000,3.1714816,09292000
2002-09-14,09292000,2.65611584,09292000
2002-09-15,09292000,2.4040963200000003,09292000
2002-09-16,09292000,2.3078192,09292000
2002-09-17,09292000,2.80902656,09292000
2002-09-18,09292000,3.0865312,09292000
2002-09-19,09292000,2.9166304,09292000
2002-09-20,09292000,2.81185824,09292000
2002-09-21,09292000,2.4805516799999996,09292000
2002-09-22,09292000,2.23985888,09292000
2002-09-23,09292000,2.11526496,09292000
2002-09-24,09292000,2.0444729600000002,09292000
2002-09-25,09292000,2.0076611200000003,09292000
2002-09-26,09292000,1.9566908799999998,09292000
2002-09-27,09292000,1.8858988799999998,09292000
2002-09-28,09292000,1.8660771200000001,09292000
2002-09-29,09292000,1.98783936,09292000
2002-09-30,09292000,2.1407500799999997,09292000
2002-10-01,09292000,2.38144288,09292000
2002-10-02,09292000,2.4748883200000003,09292000
2002-10-03,09292000,2.48904672,09292000
2002-10-04,09292000,2.35312608,09292000
2002-10-05,09292000,2.2795024,09292000
2002-10-06,09292000,2.2313638399999998,09292000
2002-10-07,09292000,2.38993792,09292000
2002-10-08,09292000,2.44373984,09292000
2002-10-09,09292000,2.3644528,09292000
2002-10-10,09292000,2.28799744,09292000
2002-10-11,09292000,2.20304704,09292000
2002-10-12,09292000,2.0076611200000003,09292000
2002-10-13,09292000,1.9935027200000002,09292000
2002-10-14,09292000,1.97934432,09292000
2002-10-15,09292000,1.9198790399999999,09292000
2002-10-16,09292000,1.88873056,09292000
2002-10-17,09292000,1.8377603200000001,09292000
2002-10-18,09292000,1.77546336,09292000
2002-10-19,09292000,1.7216614399999999,09292000
2002-10-20,09292000,1.68768128,09292000
2002-10-21,09292000,1.58857248,09292000
2002-10-22,09292000,1.56025568,09292000
2002-10-23,09292000,1.6338793600000001,09292000
2002-10-24,09292000,1.5432656,09292000
2002-10-25,09292000,1.54043392,09292000
2002-10-26,09292000,1.52627552,09292000
2002-10-27,09292000,1.5630873600000001,09292000
2002-10-28,09292000,1.7698,09292000
2002-10-29,09292000,1.70750304,09292000
2002-10-30,09292000,1.61972096,09292000
2002-10-31,09292000,1.4130083199999999,09292000
2002-11-01,09292000,1.4299984,09292000
2002-11-02,09292000,1.36203808,09292000
2002-11-03,09292000,1.87457216,09292000
2002-11-04,09292000,1.67635456,09292000
2002-11-05,09292000,1.4299984,09292000
2002-11-06,09292000,1.3677014399999998,09292000
2002-11-07,09292000,1.2657609600000002,09292000
2002-11-08,09292000,1.3167312,09292000
2002-11-09,09292000,1.35354304,09292000
2002-11-10,09292000,1.2969094399999999,09292000
2002-11-11,09292000,1.29124608,09292000
2002-11-12,09292000,1.61688928,09292000
2002-11-13,09292000,1.2685926399999998,09292000
2002-11-14,09292000,1.18081056,09292000
2002-11-15,09292000,1.13550368,09292000
2002-11-16,09292000,1.25443424,09292000
2002-11-17,09292000,1.25726592,09292000
2002-11-18,09292000,1.3677014399999998,09292000
2002-11-19,09292000,1.3365529600000001,09292000
2002-11-20,09292000,1.0420582399999998,09292000
2002-11-21,09292000,1.04488992,09292000
2002-11-22,09292000,1.0392265600000001,09292000
2002-11-23,09292000,1.02506816,09292000
2002-11-24,09292000,1.01090976,09292000
2002-11-25,09292000,0.94011776,09292000
2002-11-26,09292000,0.9061376,09292000
2002-11-27,09292000,0.8778208,09292000
2002-11-28,09292000,0.9061376,09292000
2002-11-29,09292000,0.9344544,09292000
2002-11-30,09292000,0.9627711999999999,09292000
2002-12-01,09292000,0.9344544,09292000
2002-12-02,09292000,0.8778208,09292000
2002-12-03,09292000,0.9344544,09292000
2002-12-04,09292000,0.9061376,09292000
2002-12-05,09292000,0.8778208,09292000
2002-12-06,09292000,0.849504,09292000
2002-12-07,09292000,0.8211872,09292000
2002-12-08,09292000,0.8211872,09292000
2002-12-09,09292000,0.7928704,09292000
2002-12-10,09292000,0.7928704,09292000
2002-12-11,09292000,0.7928704,09292000
2002-12-12,09292000,0.7645535999999999,09292000
2002-12-13,09292000,0.7645535999999999,09292000
2002-12-14,09292000,0.9344544,09292000
2002-12-15,09292000,0.7928704,09292000
2002-12-16,09292000,1.1893056,09292000
2002-12-17,09292000,0.8211872,09292000
2002-12-18,09292000,0.7645535999999999,09292000
2002-12-19,09292000,0.6796032,09292000
2002-12-20,09292000,0.6512864,09292000
2002-12-21,09292000,0.6229696,09292000
2002-12-22,09292000,0.5946528,09292000
2002-12-23,09292000,0.566336,09292000
2002-12-24,09292000,0.5380192,09292000
2002-12-25,09292000,0.5097024,09292000
2002-12-26,09292000,0.48138559999999997,09292000
2002-12-27,09292000,0.5097024,09292000
2002-12-28,09292000,0.566336,09292000
2002-12-29,09292000,0.5946528,09292000
2002-12-30,09292000,0.6512864,09292000
2002-12-31,09292000,0.70792,09292000
2003-01-01,09292000,0.6796032,09292000
2003-01-02,09292000,0.6512864,09292000
2003-01-03,09292000,0.6229696,09292000
2003-01-04,09292000,0.5946528,09292000
2003-01-05,09292000,0.566336,09292000
2003-01-06,09292000,0.566336,09292000
2003-01-07,09292000,0.566336,09292000
2003-01-08,09292000,0.5946528,09292000
2003-01-09,09292000,0.5946528,09292000
2003-01-10,09292000,0.5946528,09292000
2003-01-11,09292000,0.5946528,09292000
2003-01-12,09292000,0.5946528,09292000
2003-01-13,09292000,0.5946528,09292000
2003-01-14,09292000,0.5946528,09292000
2003-01-15,09292000,0.5946528,09292000
2003-01-16,09292000,0.5380192,09292000
2003-01-17,09292000,0.5097024,09292000
2003-01-18,09292000,0.48138559999999997,09292000
2003-01-19,09292000,0.5097024,09292000
2003-01-20,09292000,0.5097024,09292000
2003-01-21,09292000,0.5380192,09292000
2003-01-22,09292000,0.5946528,09292000
2003-01-23,09292000,0.6229696,09292000
2003-01-24,09292000,0.6512864,09292000
2003-01-25,09292000,0.6229696,09292000
2003-01-26,09292000,0.6229696,09292000
2003-01-27,09292000,0.6229696,09292000
2003-01-28,09292000,0.5946528,09292000
2003-01-29,09292000,0.5946528,09292000
2003-01-30,09292000,0.6229696,09292000
2003-01-31,09292000,0.5946528,09292000
2003-02-01,09292000,0.5946528,09292000
2003-02-02,09292000,0.5946528,09292000
2003-02-03,09292000,0.566336,09292000
2003-02-04,09292000,0.5380192,09292000
2003-02-05,09292000,0.5380192,09292000
2003-02-06,09292000,0.5097024,09292000
2003-02-07,09292000,0.5097024,09292000
2003-02-08,09292000,0.48138559999999997,09292000
2003-02-09,09292000,0.48138559999999997,09292000
2003-02-10,09292000,0.48138559999999997,09292000
2003-02-11,09292000,0.48138559999999997,09292000
2003-02-12,09292000,0.48138559999999997,09292000
2003-02-13,09292000,0.48138559999999997,09292000
2003-02-14,09292000,0.48138559999999997,09292000
2003-02-15,09292000,0.48138559999999997,09292000
2003-02-16,09292000,0.48138559999999997,09292000
2003-02-17,09292000,0.48138559999999997,09292000
2003-02-18,09292000,0.48138559999999997,09292000
2003-02-19,09292000,0.4530688,09292000
2003-02-20,09292000,0.4530688,09292000
2003-02-21,09292000,0.4530688,09292000
2003-02-22,09292000,0.4530688,09292000
2003-02-23,09292000,0.4530688,09292000
2003-02-24,09292000,0.4530688,09292000
2003-02-25,09292000,0.48138559999999997,09292000
2003-02-26,09292000,0.48138559999999997,09292000
2003-02-27,09292000,0.48138559999999997,09292000
2003-02-28,09292000,0.48138559999999997,09292000
2003-03-01,09292000,0.4530688,09292000
2003-03-02,09292000,0.4530688,09292000
2003-03-03,09292000,0.4530688,09292000
2003-03-04,09292000,0.44457376,09292000
2003-03-05,09292000,0.62863296,09292000
2003-03-06,09292000,0.6512864,09292000
2003-03-07,09292000,0.43324704,09292000
2003-03-08,09292000,0.43041535999999997,09292000
2003-03-09,09292000,0.43324704,09292000
2003-03-10,09292000,0.4389104,09292000
2003-03-11,09292000,0.47005888,09292000
2003-03-12,09292000,0.50403904,09292000
2003-03-13,09292000,0.52669248,09292000
2003-03-14,09292000,0.5210291199999999,09292000
2003-03-15,09292000,0.47572224,09292000
2003-03-16,09292000,0.51819744,09292000
2003-03-17,09292000,0.48138559999999997,09292000
2003-03-18,09292000,0.46156384,09292000
2003-03-19,09292000,0.46439551999999995,09292000
2003-03-20,09292000,0.46156384,09292000
2003-03-21,09292000,0.44740544,09292000
2003-03-22,09292000,0.48421728,09292000
2003-03-23,09292000,0.5097024,09292000
2003-03-24,09292000,0.495544,09292000
2003-03-25,09292000,0.47289055999999996,09292000
2003-03-26,09292000,0.52669248,09292000
2003-03-27,09292000,0.48421728,09292000
2003-03-28,09292000,0.43041535999999997,09292000
2003-03-29,09292000,0.47572224,09292000
2003-03-30,09292000,0.47855391999999997,09292000
2003-03-31,09292000,0.50120736,09292000
2003-04-01,09292000,0.56350432,09292000
2003-04-02,09292000,0.54085088,09292000
2003-04-03,09292000,0.43324704,09292000
2003-04-04,09292000,0.38510848,09292000
2003-04-05,09292000,0.43041535999999997,09292000
2003-04-06,09292000,0.50687072,09292000
2003-04-07,09292000,0.47289055999999996,09292000
2003-04-08,09292000,0.424752,09292000
2003-04-09,09292000,0.45873216,09292000
2003-04-10,09292000,0.5521776,09292000
2003-04-11,09292000,0.6824348800000001,09292000
2003-04-12,09292000,0.7730486400000001,09292000
2003-04-13,09292000,0.8466723199999999,09292000
2003-04-14,09292000,0.9769296,09292000
2003-04-15,09292000,0.92312768,09292000
2003-04-16,09292000,0.7475635199999999,09292000
2003-04-17,09292000,0.77021696,09292000
2003-04-18,09292000,0.71075168,09292000
2003-04-19,09292000,0.637128,09292000
2003-04-20,09292000,0.59748448,09292000
2003-04-21,09292000,0.60597952,09292000
2003-04-22,09292000,0.7362368,09292000
2003-04-23,09292000,0.65411808,09292000
2003-04-24,09292000,0.6626131199999999,09292000
2003-04-25,09292000,0.7503952,09292000
2003-04-26,09292000,0.96560288,09292000
2003-04-27,09292000,1.1043552,09292000
2003-04-28,09292000,1.09302848,09292000
2003-04-29,09292000,1.06471168,09292000
2003-04-30,09292000,0.99391968,09292000
2003-05-01,09292000,0.8636623999999999,09292000
2003-05-02,09292000,0.81269216,09292000
2003-05-03,09292000,0.79570208,09292000
2003-05-04,09292000,0.73906848,09292000
2003-05-05,09292000,1.39035488,09292000
2003-05-06,09292000,1.36203808,09292000
2003-05-07,09292000,1.27708768,09292000
2003-05-08,09292000,1.35637472,09292000
2003-05-09,09292000,1.35354304,09292000
2003-05-10,09292000,1.01090976,09292000
2003-05-11,09292000,0.9797612800000001,09292000
2003-05-12,09292000,1.02506816,09292000
2003-05-13,09292000,1.3393846399999998,09292000
2003-05-14,09292000,2.19172032,09292000
2003-05-15,09292000,2.8061948799999996,09292000
2003-05-16,09292000,3.3413824,09292000
2003-05-17,09292000,4.530688,09292000
2003-05-18,09292000,5.4368256,09292000
2003-05-19,09292000,6.7110816,09292000
2003-05-20,09292000,6.5128639999999995,09292000
2003-05-21,09292000,7.7304864,09292000
2003-05-22,09292000,10.9869184,09292000
2003-05-23,09292000,12.2045408,09292000
2003-05-24,09292000,15.2344384,09292000
2003-05-25,09292000,16.735228799999998,09292000
2003-05-26,09292000,19.7934432,09292000
2003-05-27,09292000,22.9649248,09292000
2003-05-28,09292000,27.750464,09292000
2003-05-29,09292000,27.2124448,09292000
2003-05-30,09292000,27.0991776,09292000
2003-05-31,09292000,25.7116544,09292000
2003-06-01,09292000,26.3063072,09292000
2003-06-02,09292000,20.388096,09292000
2003-06-03,09292000,16.5086944,09292000
2003-06-04,09292000,14.4982016,09292000
2003-06-05,09292000,12.6292928,09292000
2003-06-06,09292000,11.3550368,09292000
2003-06-07,09292000,10.278998399999999,09292000
2003-06-08,09292000,8.8065248,09292000
2003-06-09,09292000,8.4100896,09292000
2003-06-10,09292000,7.5322688,09292000
2003-06-11,09292000,6.9659328,09292000
2003-06-12,09292000,5.7199936,09292000
2003-06-13,09292000,5.2952416,09292000
2003-06-14,09292000,4.6156384,09292000
2003-06-15,09292000,4.4174208,09292000
2003-06-16,09292000,4.5023712,09292000
2003-06-17,09292000,4.105936,09292000
2003-06-18,09292000,4.3041536,09292000
2003-06-19,09292000,4.4174208,09292000
2003-06-20,09292000,4.5023712,09292000
2003-06-21,09292000,3.822768,09292000
2003-06-22,09292000,3.7378176,09292000
2003-06-23,09292000,3.7944512,09292000
2003-06-24,09292000,4.4740544,09292000
2003-06-25,09292000,4.105936,09292000
2003-06-26,09292000,4.24752,09292000
2003-06-27,09292000,4.3324704,09292000
2003-06-28,09292000,3.964352,09292000
2003-06-29,09292000,3.6528671999999998,09292000
2003-06-30,09292000,3.398016,09292000
2003-07-01,09292000,3.1714816,09292000
2003-07-02,09292000,3.0015808,09292000
2003-07-03,09292000,2.70708608,09292000
2003-07-04,09292000,2.48338336,09292000
2003-07-05,09292000,2.2795024,09292000
2003-07-06,09292000,2.44657152,09292000
2003-07-07,09292000,2.7042544,09292000
2003-07-08,09292000,3.398016,09292000
2003-07-09,09292000,2.7354028799999996,09292000
2003-07-10,09292000,2.1973836799999997,09292000
2003-07-11,09292000,2.01898784,09292000
2003-07-12,09292000,1.911384,09292000
2003-07-13,09292000,1.8264335999999999,09292000
2003-07-14,09292000,1.71882976,09292000
2003-07-15,09292000,1.61688928,09292000
2003-07-16,09292000,1.53760224,09292000
2003-07-17,09292000,1.486632,09292000
2003-07-18,09292000,1.8292652799999998,09292000
2003-07-19,09292000,2.63629408,09292000
2003-07-20,09292000,3.7378176,09292000
2003-07-21,09292000,3.7944512,09292000
2003-07-22,09292000,3.4263328,09292000
2003-07-23,09292000,2.5768288,09292000
2003-07-24,09292000,2.3389676799999997,09292000
2003-07-25,09292000,3.5112832,09292000
2003-07-26,09292000,2.35878944,09292000
2003-07-27,09292000,2.12942336,09292000
2003-07-28,09292000,2.1803936,09292000
2003-07-29,09292000,2.12092832,09292000
2003-07-30,09292000,1.7131664,09292000
2003-07-31,09292000,2.03031456,09292000
2003-08-01,09292000,1.5149488,09292000
2003-08-02,09292000,1.44982016,09292000
2003-08-03,09292000,1.50362208,09292000
2003-08-04,09292000,1.39035488,09292000
2003-08-05,09292000,1.1609888,09292000
2003-08-06,09292000,1.02506816,09292000
2003-08-07,09292000,0.9287910399999999,09292000
2003-08-08,09292000,0.7730486400000001,09292000
2003-08-09,09292000,0.637128,09292000
2003-08-10,09292000,0.8070288,09292000
2003-08-11,09292000,0.778712,09292000
2003-08-12,09292000,0.44174208,09292000
2003-08-13,09292000,0.5436825599999999,09292000
2003-08-14,09292000,0.74473184,09292000
2003-08-15,09292000,1.1978006399999999,09292000
2003-08-16,09292000,1.02789984,09292000
2003-08-17,09292000,1.31106784,09292000
2003-08-18,09292000,1.05338496,09292000
2003-08-19,09292000,0.9316227199999999,09292000
2003-08-20,09292000,0.86932576,09292000
2003-08-21,09292000,1.09586016,09292000
2003-08-22,09292000,1.29407776,09292000
2003-08-23,09292000,1.4724736,09292000
2003-08-24,09292000,1.2855827199999998,09292000
2003-08-25,09292000,1.4130083199999999,09292000
2003-08-26,09292000,1.27142432,09292000
2003-08-27,09292000,1.1978006399999999,09292000
2003-08-28,09292000,1.11285024,09292000
2003-08-29,09292000,0.94011776,09292000
2003-08-30,09292000,1.73015648,09292000
2003-08-31,09292000,1.42716672,09292000
2003-09-01,09292000,1.22328576,09292000
2003-09-02,09292000,1.13550368,09292000
2003-09-03,09292000,1.0873651199999999,09292000
2003-09-04,09292000,1.05338496,09292000
2003-09-05,09292000,1.10152352,09292000
2003-09-06,09292000,1.39035488,09292000
2003-09-07,09292000,1.43283008,09292000
2003-09-08,09292000,1.29124608,09292000
2003-09-09,09292000,1.2969094399999999,09292000
2003-09-10,09292000,1.42716672,09292000
2003-09-11,09292000,1.31956288,09292000
2003-09-12,09292000,1.19213728,09292000
2003-09-13,09292000,1.05904832,09292000
2003-09-14,09292000,1.0052464,09292000
2003-09-15,09292000,0.9571078399999999,09292000
2003-09-16,09292000,0.96843456,09292000
2003-09-17,09292000,0.8919792,09292000
2003-09-18,09292000,0.8636623999999999,09292000
2003-09-19,09292000,0.849504,09292000
2003-09-20,09292000,0.7815436800000001,09292000
2003-09-21,09292000,0.7192467199999999,09292000
2003-09-22,09292000,0.67110816,09292000
2003-09-23,09292000,0.637128,09292000
2003-09-24,09292000,0.59748448,09292000
2003-09-25,09292000,0.5578409599999999,09292000
2003-09-26,09292000,0.5238608,09292000
2003-09-27,09292000,0.495544,09292000
2003-09-28,09292000,0.48421728,09292000
2003-09-29,09292000,0.47855391999999997,09292000
2003-09-30,09292000,0.47855391999999997,09292000
2003-10-01,09292000,0.495544,09292000
2003-10-02,09292000,0.57199936,09292000
2003-10-03,09292000,0.69942496,09292000
2003-10-04,09292000,0.70225664,09292000
2003-10-05,09292000,0.6427913599999999,09292000
2003-10-06,09292000,0.57766272,09292000
2003-10-07,09292000,0.52669248,09292000
2003-10-08,09292000,0.4927123199999999,09292000
2003-10-09,09292000,0.45590048000000005,09292000
2003-10-10,09292000,0.44174208,09292000
2003-10-11,09292000,0.4105936,09292000
2003-10-12,09292000,0.3964352,09292000
2003-10-13,09292000,0.35962335999999995,09292000
2003-10-14,09292000,0.34263328,09292000
2003-10-15,09292000,0.3964352,09292000
2003-10-16,09292000,0.4530688,09292000
2003-10-17,09292000,0.5097024,09292000
2003-10-18,09292000,0.566336,09292000
2003-10-19,09292000,0.6512864,09292000
2003-10-20,09292000,0.70792,09292000
2003-10-21,09292000,0.7928704,09292000
2003-10-22,09292000,0.85233568,09292000
2003-10-23,09292000,0.87498912,09292000
2003-10-24,09292000,0.8721574400000001,09292000
2003-10-25,09292000,0.8551673599999999,09292000
2003-10-26,09292000,0.8466723199999999,09292000
2003-10-27,09292000,0.87498912,09292000
2003-10-28,09292000,0.8466723199999999,09292000
2003-10-29,09292000,0.849504,09292000
2003-10-30,09292000,0.8608307199999999,09292000
2003-10-31,09292000,0.8919792,09292000
2003-11-01,09292000,0.9344544,09292000
2003-11-02,09292000,0.9316227199999999,09292000
2003-11-03,09292000,0.98825632,09292000
2003-11-04,09292000,0.8410089599999999,09292000
2003-11-05,09292000,0.82401888,09292000
2003-11-06,09292000,1.01090976,09292000
2003-11-07,09292000,0.97409792,09292000
2003-11-08,09292000,0.9599395199999999,09292000
2003-11-09,09292000,0.90896928,09292000
2003-11-10,09292000,0.9344544,09292000
2003-11-11,09292000,0.82685056,09292000
2003-11-12,09292000,0.85799904,09292000
2003-11-13,09292000,0.91746432,09292000
2003-11-14,09292000,0.8608307199999999,09292000
2003-11-15,09292000,0.8211872,09292000
2003-11-16,09292000,0.8919792,09292000
2003-11-17,09292000,0.90896928,09292000
2003-11-18,09292000,0.8551673599999999,09292000
2003-11-19,09292000,0.8608307199999999,09292000
2003-11-20,09292000,0.85233568,09292000
2003-11-21,09292000,0.88631584,09292000
2003-11-22,09292000,0.8608307199999999,09292000
2003-11-23,09292000,0.849504,09292000
2003-11-24,09292000,0.7928704,09292000
2003-11-25,09292000,0.7928704,09292000
2003-11-26,09292000,0.849504,09292000
2003-11-27,09292000,0.7928704,09292000
2003-11-28,09292000,0.7928704,09292000
2003-11-29,09292000,0.7362368,09292000
2003-11-30,09292000,0.7362368,09292000
2003-12-01,09292000,0.7645535999999999,09292000
2003-12-02,09292000,0.7928704,09292000
2003-12-03,09292000,0.7928704,09292000
2003-12-04,09292000,0.7928704,09292000
2003-12-05,09292000,0.7928704,09292000
2003-12-06,09292000,0.7362368,09292000
2003-12-07,09292000,0.7362368,09292000
2003-12-08,09292000,0.7362368,09292000
2003-12-09,09292000,0.7928704,09292000
2003-12-10,09292000,0.7928704,09292000
2003-12-11,09292000,0.7362368,09292000
2003-12-12,09292000,0.7362368,09292000
2003-12-13,09292000,0.7362368,09292000
2003-12-14,09292000,0.7362368,09292000
2003-12-15,09292000,0.7362368,09292000
2003-12-16,09292000,0.6796032,09292000
2003-12-17,09292000,0.6796032,09292000
2003-12-18,09292000,0.6796032,09292000
2003-12-19,09292000,0.6229696,09292000
2003-12-20,09292000,0.6229696,09292000
2003-12-21,09292000,0.6796032,09292000
2003-12-22,09292000,0.6796032,09292000
2003-12-23,09292000,0.6796032,09292000
2003-12-24,09292000,0.7362368,09292000
2003-12-25,09292000,0.7362368,09292000
2003-12-26,09292000,0.6796032,09292000
2003-12-27,09292000,0.6796032,09292000
2003-12-28,09292000,0.6229696,09292000
2003-12-29,09292000,0.6229696,09292000
2003-12-30,09292000,0.6796032,09292000
2003-12-31,09292000,0.6796032,09292000
2004-01-01,09292000,0.6229696,09292000
2004-01-02,09292000,0.6229696,09292000
2004-01-03,09292000,0.6229696,09292000
2004-01-04,09292000,0.6796032,09292000
2004-01-05,09292000,0.6796032,09292000
2004-01-06,09292000,0.7928704,09292000
2004-01-07,09292000,0.7928704,09292000
2004-01-08,09292000,0.7362368,09292000
2004-01-09,09292000,0.70792,09292000
2004-01-10,09292000,0.6512864,09292000
2004-01-11,09292000,0.6512864,09292000
2004-01-12,09292000,0.566336,09292000
2004-01-13,09292000,0.5097024,09292000
2004-01-14,09292000,0.48138559999999997,09292000
2004-01-15,09292000,0.4530688,09292000
2004-01-16,09292000,0.424752,09292000
2004-01-17,09292000,0.4530688,09292000
2004-01-18,09292000,0.5097024,09292000
2004-01-19,09292000,0.5097024,09292000
2004-01-20,09292000,0.48138559999999997,09292000
2004-01-21,09292000,0.5380192,09292000
2004-01-22,09292000,0.5380192,09292000
2004-01-23,09292000,0.5380192,09292000
2004-01-24,09292000,0.5380192,09292000
2004-01-25,09292000,0.4530688,09292000
2004-01-26,09292000,0.424752,09292000
2004-01-27,09292000,0.424752,09292000
2004-01-28,09292000,0.424752,09292000
2004-01-29,09292000,0.3964352,09292000
2004-01-30,09292000,0.3964352,09292000
2004-01-31,09292000,0.3681184,09292000
2004-02-01,09292000,0.3964352,09292000
2004-02-02,09292000,0.424752,09292000
2004-02-03,09292000,0.4530688,09292000
2004-02-04,09292000,0.4530688,09292000
2004-02-05,09292000,0.4530688,09292000
2004-02-06,09292000,0.3964352,09292000
2004-02-07,09292000,0.3964352,09292000
2004-02-08,09292000,0.3681184,09292000
2004-02-09,09292000,0.3681184,09292000
2004-02-10,09292000,0.3114848,09292000
2004-02-11,09292000,0.3681184,09292000
2004-02-12,09292000,0.3681184,09292000
2004-02-13,09292000,0.3398016,09292000
2004-02-14,09292000,0.3398016,09292000
2004-02-15,09292000,0.3114848,09292000
2004-02-16,09292000,0.3398016,09292000
2004-02-17,09292000,0.3114848,09292000
2004-02-18,09292000,0.3114848,09292000
2004-02-19,09292000,0.3114848,09292000
2004-02-20,09292000,0.3114848,09292000
2004-02-21,09292000,0.283168,09292000
2004-02-22,09292000,0.3114848,09292000
2004-02-23,09292000,0.3114848,09292000
2004-02-24,09292000,0.3398016,09292000
2004-02-25,09292000,0.3398016,09292000
2004-02-26,09292000,0.3964352,09292000
2004-02-27,09292000,0.424752,09292000
2004-02-28,09292000,0.3681184,09292000
2004-02-29,09292000,0.3681184,09292000
2004-03-01,09292000,0.3964352,09292000
2004-03-02,09292000,0.3964352,09292000
2004-03-03,09292000,0.3964352,09292000
2004-03-04,09292000,0.3964352,09292000
2004-03-05,09292000,0.3964352,09292000
2004-03-06,09292000,0.3681184,09292000
2004-03-07,09292000,0.3964352,09292000
2004-03-08,09292000,0.42192032,09292000
2004-03-09,09292000,0.46439551999999995,09292000
2004-03-10,09292000,0.4389104,09292000
2004-03-11,09292000,0.424752,09292000
2004-03-12,09292000,0.51253408,09292000
2004-03-13,09292000,0.53235584,09292000
2004-03-14,09292000,0.5521776,09292000
2004-03-15,09292000,0.55500928,09292000
2004-03-16,09292000,0.5691676800000001,09292000
2004-03-17,09292000,0.61164288,09292000
2004-03-18,09292000,0.62580128,09292000
2004-03-19,09292000,0.82968224,09292000
2004-03-20,09292000,1.05621664,09292000
2004-03-21,09292000,0.991088,09292000
2004-03-22,09292000,1.10152352,09292000
2004-03-23,09292000,1.1609888,09292000
2004-03-24,09292000,1.15815712,09292000
2004-03-25,09292000,1.16382048,09292000
2004-03-26,09292000,1.05904832,09292000
2004-03-27,09292000,0.82968224,09292000
2004-03-28,09292000,0.81552384,09292000
2004-03-29,09292000,0.69092992,09292000
2004-03-30,09292000,0.79853376,09292000
2004-03-31,09292000,0.89764256,09292000
2004-04-01,09292000,0.81269216,09292000
2004-04-02,09292000,0.60597952,09292000
2004-04-03,09292000,0.8466723199999999,09292000
2004-04-04,09292000,0.80419712,09292000
2004-04-05,09292000,0.88631584,09292000
2004-04-06,09292000,0.9429494399999999,09292000
2004-04-07,09292000,0.9429494399999999,09292000
2004-04-08,09292000,0.9627711999999999,09292000
2004-04-09,09292000,0.86649408,09292000
2004-04-10,09292000,0.7362368,09292000
2004-04-11,09292000,0.55500928,09292000
2004-04-12,09292000,0.60597952,09292000
2004-04-13,09292000,0.61447456,09292000
2004-04-14,09292000,0.73057344,09292000
2004-04-15,09292000,0.6937616,09292000
2004-04-16,09292000,0.63146464,09292000
2004-04-17,09292000,0.55500928,09292000
2004-04-18,09292000,0.53235584,09292000
2004-04-19,09292000,0.48988064000000003,09292000
2004-04-20,09292000,1.35637472,09292000
2004-04-21,09292000,1.29124608,09292000
2004-04-22,09292000,0.8551673599999999,09292000
2004-04-23,09292000,0.41342528,09292000
2004-04-24,09292000,0.4389104,09292000
2004-04-25,09292000,0.40209856,09292000
2004-04-26,09292000,0.45873216,09292000
2004-04-27,09292000,0.6654448,09292000
2004-04-28,09292000,0.9825929600000001,09292000
2004-04-29,09292000,1.27142432,09292000
2004-04-30,09292000,0.9457811199999999,09292000
2004-05-01,09292000,0.9287910399999999,09292000
2004-05-02,09292000,1.1156819199999999,09292000
2004-05-03,09292000,1.67352288,09292000
2004-05-04,09292000,2.12376,09292000
2004-05-05,09292000,2.9166304,09292000
2004-05-06,09292000,4.105936,09292000
2004-05-07,09292000,4.9271232,09292000
2004-05-08,09292000,5.521776,09292000
2004-05-09,09292000,6.7110816,09292000
2004-05-10,09292000,7.4190016,09292000
2004-05-11,09292000,7.7588032,09292000
2004-05-12,09292000,5.9182112,09292000
2004-05-13,09292000,4.3041536,09292000
2004-05-14,09292000,4.24752,09292000
2004-05-15,09292000,5.3518752,09292000
2004-05-16,09292000,5.6067264,09292000
2004-05-17,09292000,5.4368256,09292000
2004-05-18,09292000,5.1253408,09292000
2004-05-19,09292000,5.6067264,09292000
2004-05-20,09292000,5.4651423999999995,09292000
2004-05-21,09292000,4.9837568,09292000
2004-05-22,09292000,4.8988064,09292000
2004-05-23,09292000,4.4457376,09292000
2004-05-24,09292000,3.9926688,09292000
2004-05-25,09292000,3.9360352,09292000
2004-05-26,09292000,3.3696992,09292000
2004-05-27,09292000,3.681184,09292000
2004-05-28,09292000,4.1908864,09292000
2004-05-29,09292000,3.9926688,09292000
2004-05-30,09292000,3.5112832,09292000
2004-05-31,09292000,3.2281152,09292000
2004-06-01,09292000,3.5679168,09292000
2004-06-02,09292000,4.5590048,09292000
2004-06-03,09292000,5.0120736,09292000
2004-06-04,09292000,5.380192,09292000
2004-06-05,09292000,5.521776,09292000
2004-06-06,09292000,6.2013792,09292000
2004-06-07,09292000,6.4279136,09292000
2004-06-08,09292000,6.0597952,09292000
2004-06-09,09292000,5.521776,09292000
2004-06-10,09292000,4.9837568,09292000
2004-06-11,09292000,4.105936,09292000
2004-06-12,09292000,3.4829664,09292000
2004-06-13,09292000,3.1714816,09292000
2004-06-14,09292000,3.1997984,09292000
2004-06-15,09292000,3.1431648,09292000
2004-06-16,09292000,2.8599968,09292000
2004-06-17,09292000,3.1714816,09292000
2004-06-18,09292000,4.1342528,09292000
2004-06-19,09292000,3.4829664,09292000
2004-06-20,09292000,3.0298976,09292000
2004-06-21,09292000,3.1431648,09292000
2004-06-22,09292000,2.8175216,09292000
2004-06-23,09292000,2.69292768,09292000
2004-06-24,09292000,2.4918784,09292000
2004-06-25,09292000,2.68443264,09292000
2004-06-26,09292000,2.6589475200000003,09292000
2004-06-27,09292000,2.9449472,09292000
2004-06-28,09292000,3.6528671999999998,09292000
2004-06-29,09292000,3.9077184,09292000
2004-06-30,09292000,4.530688,09292000
2004-07-01,09292000,3.5962336,09292000
2004-07-02,09292000,3.2847488,09292000
2004-07-03,09292000,3.0015808,09292000
2004-07-04,09292000,2.973264,09292000
2004-07-05,09292000,2.8883136,09292000
2004-07-06,09292000,2.8599968,09292000
2004-07-07,09292000,2.6617792,09292000
2004-07-08,09292000,2.5315219200000003,09292000
2004-07-09,09292000,2.39843296,09292000
2004-07-10,09292000,2.27100736,09292000
2004-07-11,09292000,2.1350867200000003,09292000
2004-07-12,09292000,1.9906710399999998,09292000
2004-07-13,09292000,1.88873056,09292000
2004-07-14,09292000,2.3021558399999997,09292000
2004-07-15,09292000,2.51736352,09292000
2004-07-16,09292000,5.2102912,09292000
2004-07-17,09292000,5.8332608,09292000
2004-07-18,09292000,4.7289056,09292000
2004-07-19,09292000,3.9077184,09292000
2004-07-20,09292000,4.95544,09292000
2004-07-21,09292000,3.6245504,09292000
2004-07-22,09292000,3.3696992,09292000
2004-07-23,09292000,3.5396,09292000
2004-07-24,09292000,2.8883136,09292000
2004-07-25,09292000,2.61080896,09292000
2004-07-26,09292000,2.9166304,09292000
2004-07-27,09292000,3.964352,09292000
2004-07-28,09292000,3.1997984,09292000
2004-07-29,09292000,2.55983872,09292000
2004-07-30,09292000,2.25401728,09292000
2004-07-31,09292000,2.0246512,09292000
2004-08-01,09292000,1.8604137600000001,09292000
2004-08-02,09292000,1.83492864,09292000
2004-08-03,09292000,1.8151068799999999,09292000
2004-08-04,09292000,1.56875072,09292000
2004-08-05,09292000,1.58857248,09292000
2004-08-06,09292000,1.59140416,09292000
2004-08-07,09292000,1.53760224,09292000
2004-08-08,09292000,1.63954272,09292000
2004-08-09,09292000,1.5121171199999999,09292000
2004-08-10,09292000,1.4299984,09292000
2004-08-11,09292000,1.345048,09292000
2004-08-12,09292000,1.2317808,09292000
2004-08-13,09292000,1.14966208,09292000
2004-08-14,09292000,1.08453344,09292000
2004-08-15,09292000,1.0675433600000002,09292000
2004-08-16,09292000,1.0052464,09292000
2004-08-17,09292000,1.1694838399999998,09292000
2004-08-18,09292000,1.31106784,09292000
2004-08-19,09292000,1.22611744,09292000
2004-08-20,09292000,1.00241472,09292000
2004-08-21,09292000,1.03073152,09292000
2004-08-22,09292000,1.1156819199999999,09292000
2004-08-23,09292000,0.920296,09292000
2004-08-24,09292000,0.75322688,09292000
2004-08-25,09292000,0.71641504,09292000
2004-08-26,09292000,0.51536576,09292000
2004-08-27,09292000,0.47572224,09292000
2004-08-28,09292000,0.45023712,09292000
2004-08-29,09292000,0.35396,09292000
2004-08-30,09292000,0.27693830399999997,09292000
2004-08-31,09292000,0.264195744,09292000
2004-09-01,09292000,0.31714815999999996,09292000
2004-09-02,09292000,0.2973264,09292000
2004-09-03,09292000,0.30015808,09292000
2004-09-04,09292000,0.45023712,09292000
2004-09-05,09292000,0.566336,09292000
2004-09-06,09292000,0.40776192,09292000
2004-09-07,09292000,0.30582144,09292000
2004-09-08,09292000,0.260231392,09292000
2004-09-09,09292000,0.215774016,09292000
2004-09-10,09292000,0.34546496,09292000
2004-09-11,09292000,0.5691676800000001,09292000
2004-09-12,09292000,0.56067264,09292000
2004-09-13,09292000,0.73906848,09292000
2004-09-14,09292000,0.62580128,09292000
2004-09-15,09292000,0.56350432,09292000
2004-09-16,09292000,0.52952416,09292000
2004-09-17,09292000,0.495544,09292000
2004-09-18,09292000,0.47572224,09292000
2004-09-19,09292000,0.86649408,09292000
2004-09-20,09292000,1.1666521600000002,09292000
2004-09-21,09292000,0.94011776,09292000
2004-09-22,09292000,0.84384064,09292000
2004-09-23,09292000,0.80136544,09292000
2004-09-24,09292000,0.81552384,09292000
2004-09-25,09292000,0.7815436800000001,09292000
2004-09-26,09292000,0.72491008,09292000
2004-09-27,09292000,0.69659328,09292000
2004-09-28,09292000,0.68526656,09292000
2004-09-29,09292000,0.85233568,09292000
2004-09-30,09292000,1.0675433600000002,09292000
2004-10-01,09292000,1.0760384,09292000
2004-10-02,09292000,0.89481088,09292000
2004-10-03,09292000,0.991088,09292000
2004-10-04,09292000,0.9967513600000001,09292000
2004-10-05,09292000,0.90047424,09292000
2004-10-06,09292000,0.849504,09292000
2004-10-07,09292000,0.7928704,09292000
2004-10-08,09292000,0.7334051199999999,09292000
2004-10-09,09292000,0.71075168,09292000
2004-10-10,09292000,0.6682764800000001,09292000
2004-10-11,09292000,0.62863296,09292000
2004-10-12,09292000,0.58898944,09292000
2004-10-13,09292000,0.5691676800000001,09292000
2004-10-14,09292000,0.52952416,09292000
2004-10-15,09292000,0.495544,09292000
2004-10-16,09292000,0.45873216,09292000
2004-10-17,09292000,0.4530688,09292000
2004-10-18,09292000,0.6342963199999999,09292000
2004-10-19,09292000,0.8608307199999999,09292000
2004-10-20,09292000,1.98783936,09292000
2004-10-21,09292000,2.0671264,09292000
2004-10-22,09292000,0.90330592,09292000
2004-10-23,09292000,0.9316227199999999,09292000
2004-10-24,09292000,1.3365529600000001,09292000
2004-10-25,09292000,1.3677014399999998,09292000
2004-10-26,09292000,1.2855827199999998,09292000
2004-10-27,09292000,1.2969094399999999,09292000
2004-10-28,09292000,1.6140576,09292000
2004-10-29,09292000,1.30540448,09292000
2004-10-30,09292000,1.1694838399999998,09292000
2004-10-31,09292000,1.17797888,09292000
2004-11-01,09292000,0.9854246399999999,09292000
2004-11-02,09292000,1.1978006399999999,09292000
2004-11-03,09292000,1.12417696,09292000
2004-11-04,09292000,1.0165731199999999,09292000
2004-11-05,09292000,0.9457811199999999,09292000
2004-11-06,09292000,0.9457811199999999,09292000
2004-11-07,09292000,0.95427616,09292000
2004-11-08,09292000,1.10152352,09292000
2004-11-09,09292000,1.34787968,09292000
2004-11-10,09292000,1.2147907199999999,09292000
2004-11-11,09292000,1.20912736,09292000
2004-11-12,09292000,1.20912736,09292000
2004-11-13,09292000,1.1411670399999998,09292000
2004-11-14,09292000,0.96843456,09292000
2004-11-15,09292000,0.95144448,09292000
2004-11-16,09292000,1.0165731199999999,09292000
2004-11-17,09292000,1.00807808,09292000
2004-11-18,09292000,0.83817728,09292000
2004-11-19,09292000,0.9061376,09292000
2004-11-20,09292000,0.67393984,09292000
2004-11-21,09292000,1.0477216,09292000
2004-11-22,09292000,0.96560288,09292000
2004-11-23,09292000,0.849504,09292000
2004-11-24,09292000,0.8070288,09292000
2004-11-25,09292000,0.85233568,09292000
2004-11-26,09292000,0.73906848,09292000
2004-11-27,09292000,0.70792,09292000
2004-11-28,09292000,0.6796032,09292000
2004-11-29,09292000,0.6796032,09292000
2004-11-30,09292000,0.6796032,09292000
2004-12-01,09292000,0.6512864,09292000
2004-12-02,09292000,0.6512864,09292000
2004-12-03,09292000,0.6512864,09292000
2004-12-04,09292000,0.6229696,09292000
2004-12-05,09292000,0.5946528,09292000
2004-12-06,09292000,0.566336,09292000
2004-12-07,09292000,0.5380192,09292000
2004-12-08,09292000,0.5097024,09292000
2004-12-09,09292000,0.48138559999999997,09292000
2004-12-10,09292000,0.48138559999999997,09292000
2004-12-11,09292000,0.4530688,09292000
2004-12-12,09292000,0.424752,09292000
2004-12-13,09292000,0.3964352,09292000
2004-12-14,09292000,0.3964352,09292000
2004-12-15,09292000,0.424752,09292000
2004-12-16,09292000,0.48138559999999997,09292000
2004-12-17,09292000,0.48138559999999997,09292000
2004-12-18,09292000,0.4530688,09292000
2004-12-19,09292000,0.424752,09292000
2004-12-20,09292000,0.3681184,09292000
2004-12-21,09292000,0.3398016,09292000
2004-12-22,09292000,0.3114848,09292000
2004-12-23,09292000,0.3398016,09292000
2004-12-24,09292000,0.3681184,09292000
2004-12-25,09292000,0.3681184,09292000
2004-12-26,09292000,0.3964352,09292000
2004-12-27,09292000,0.3964352,09292000
2004-12-28,09292000,0.3964352,09292000
2004-12-29,09292000,0.3964352,09292000
2004-12-30,09292000,0.3681184,09292000
2004-12-31,09292000,0.3681184,09292000
2005-01-01,09292000,0.3681184,09292000
2005-01-02,09292000,0.3398016,09292000
2005-01-03,09292000,0.3398016,09292000
2005-01-04,09292000,0.3398016,09292000
2005-01-05,09292000,0.3398016,09292000
2005-01-06,09292000,0.3681184,09292000
2005-01-07,09292000,0.424752,09292000
2005-01-08,09292000,0.5380192,09292000
2005-01-09,09292000,0.5946528,09292000
2005-01-10,09292000,0.6796032,09292000
2005-01-11,09292000,0.70792,09292000
2005-01-12,09292000,0.70792,09292000
2005-01-13,09292000,0.6796032,09292000
2005-01-14,09292000,0.6512864,09292000
2005-01-15,09292000,0.6512864,09292000
2005-01-16,09292000,0.6512864,09292000
2005-01-17,09292000,0.6796032,09292000
2005-01-18,09292000,0.70792,09292000
2005-01-19,09292000,0.6796032,09292000
2005-01-20,09292000,0.6512864,09292000
2005-01-21,09292000,0.6229696,09292000
2005-01-22,09292000,0.5946528,09292000
2005-01-23,09292000,0.566336,09292000
2005-01-24,09292000,0.5946528,09292000
2005-01-25,09292000,0.5946528,09292000
2005-01-26,09292000,0.5946528,09292000
2005-01-27,09292000,0.6229696,09292000
2005-01-28,09292000,0.6229696,09292000
2005-01-29,09292000,0.6229696,09292000
2005-01-30,09292000,0.6229696,09292000
2005-01-31,09292000,0.6512864,09292000
2005-02-01,09292000,0.6512864,09292000
2005-02-02,09292000,0.6796032,09292000
2005-02-03,09292000,0.6796032,09292000
2005-02-04,09292000,0.6796032,09292000
2005-02-05,09292000,0.70792,09292000
2005-02-06,09292000,0.70792,09292000
2005-02-07,09292000,0.7362368,09292000
2005-02-08,09292000,0.7645535999999999,09292000
2005-02-09,09292000,0.7645535999999999,09292000
2005-02-10,09292000,0.7928704,09292000
2005-02-11,09292000,0.7645535999999999,09292000
2005-02-12,09292000,0.7362368,09292000
2005-02-13,09292000,0.7362368,09292000
2005-02-14,09292000,0.70792,09292000
2005-02-15,09292000,0.70792,09292000
2005-02-16,09292000,0.70792,09292000
2005-02-17,09292000,0.70792,09292000
2005-02-18,09292000,0.70792,09292000
2005-02-19,09292000,0.6796032,09292000
2005-02-20,09292000,0.6796032,09292000
2005-02-21,09292000,0.70792,09292000
2005-02-22,09292000,0.7192467199999999,09292000
2005-02-23,09292000,0.7419001599999999,09292000
2005-02-24,09292000,0.93728608,09292000
2005-02-25,09292000,1.02789984,09292000
2005-02-26,09292000,0.88348416,09292000
2005-02-27,09292000,0.9486128,09292000
2005-02-28,09292000,0.849504,09292000
2005-03-01,09292000,0.71358336,09292000
2005-03-02,09292000,0.79570208,09292000
2005-03-03,09292000,0.778712,09292000
2005-03-04,09292000,0.62863296,09292000
2005-03-05,09292000,0.6342963199999999,09292000
2005-03-06,09292000,0.67393984,09292000
2005-03-07,09292000,0.67677152,09292000
2005-03-08,09292000,0.69942496,09292000
2005-03-09,09292000,0.71075168,09292000
2005-03-10,09292000,0.7503952,09292000
2005-03-11,09292000,0.7673852800000001,09292000
2005-03-12,09292000,0.84384064,09292000
2005-03-13,09292000,0.8608307199999999,09292000
2005-03-14,09292000,0.8636623999999999,09292000
2005-03-15,09292000,1.04488992,09292000
2005-03-16,09292000,0.9457811199999999,09292000
2005-03-17,09292000,0.778712,09292000
2005-03-18,09292000,0.75322688,09292000
2005-03-19,09292000,0.7560585599999999,09292000
2005-03-20,09292000,0.78720704,09292000
2005-03-21,09292000,0.778712,09292000
2005-03-22,09292000,0.69659328,09292000
2005-03-23,09292000,0.7617219199999999,09292000
2005-03-24,09292000,0.71358336,09292000
2005-03-25,09292000,0.69659328,09292000
2005-03-26,09292000,0.72774176,09292000
2005-03-27,09292000,0.67677152,09292000
2005-03-28,09292000,0.71358336,09292000
2005-03-29,09292000,0.6512864,09292000
2005-03-30,09292000,0.62863296,09292000
2005-03-31,09292000,0.7928704,09292000
2005-04-01,09292000,0.6654448,09292000
2005-04-02,09292000,0.67677152,09292000
2005-04-03,09292000,0.7362368,09292000
2005-04-04,09292000,0.7673852800000001,09292000
2005-04-05,09292000,0.7192467199999999,09292000
2005-04-06,09292000,0.8070288,09292000
2005-04-07,09292000,0.9995830399999999,09292000
2005-04-08,09292000,1.14966208,09292000
2005-04-09,09292000,1.0222364800000001,09292000
2005-04-10,09292000,0.94011776,09292000
2005-04-11,09292000,0.9287910399999999,09292000
2005-04-12,09292000,0.99391968,09292000
2005-04-13,09292000,1.1383353600000001,09292000
2005-04-14,09292000,1.25726592,09292000
2005-04-15,09292000,1.34221632,09292000
2005-04-16,09292000,1.5121171199999999,09292000
2005-04-17,09292000,1.94819584,09292000
2005-04-18,09292000,2.22570048,09292000
2005-04-19,09292000,1.8575820799999998,09292000
2005-04-20,09292000,1.44698848,09292000
2005-04-21,09292000,1.2317808,09292000
2005-04-22,09292000,1.1978006399999999,09292000
2005-04-23,09292000,1.35637472,09292000
2005-04-24,09292000,1.8943939200000002,09292000
2005-04-25,09292000,2.34463104,09292000
2005-04-26,09292000,2.32764096,09292000
2005-04-27,09292000,2.18888864,09292000
2005-04-28,09292000,1.67918624,09292000
2005-04-29,09292000,1.5149488,09292000
2005-04-30,09292000,1.3592064,09292000
2005-05-01,09292000,1.33372128,09292000
2005-05-02,09292000,1.1893056,09292000
2005-05-03,09292000,1.1411670399999998,09292000
2005-05-04,09292000,1.08170176,09292000
2005-05-05,09292000,1.3875232,09292000
2005-05-06,09292000,2.45506656,09292000
2005-05-07,09292000,2.0954432,09292000
2005-05-08,09292000,1.73298816,09292000
2005-05-09,09292000,1.80378016,09292000
2005-05-10,09292000,2.35595776,09292000
2005-05-11,09292000,2.49754176,09292000
2005-05-12,09292000,1.8972256,09292000
2005-05-13,09292000,1.6933446399999998,09292000
2005-05-14,09292000,1.9142156799999999,09292000
2005-05-15,09292000,2.61080896,09292000
2005-05-16,09292000,4.105936,09292000
2005-05-17,09292000,5.5784096,09292000
2005-05-18,09292000,5.5784096,09292000
2005-05-19,09292000,7.1358336,09292000
2005-05-20,09292000,10.1090976,09292000
2005-05-21,09292000,14.299984,09292000
2005-05-22,09292000,21.096016,09292000
2005-05-23,09292000,28.3168,09292000
2005-05-24,09292000,33.696992,09292000
2005-05-25,09292000,37.095008,09292000
2005-05-26,09292000,34.829664,09292000
2005-05-27,09292000,35.962336,09292000
2005-05-28,09292000,35.962336,09292000
2005-05-29,09292000,38.510848,09292000
2005-05-30,09292000,33.98016,09292000
2005-05-31,09292000,27.2124448,09292000
2005-06-01,09292000,27.5522464,09292000
2005-06-02,09292000,28.883136,09292000
2005-06-03,09292000,26.5894752,09292000
2005-06-04,09292000,20.6995808,09292000
2005-06-05,09292000,21.94552,09292000
2005-06-06,09292000,23.6728448,09292000
2005-06-07,09292000,21.4641344,09292000
2005-06-08,09292000,16.6502784,09292000
2005-06-09,09292000,15.7441408,09292000
2005-06-10,09292000,15.8007744,09292000
2005-06-11,09292000,14.583152,09292000
2005-06-12,09292000,13.5637472,09292000
2005-06-13,09292000,13.6486976,09292000
2005-06-14,09292000,15.6308736,09292000
2005-06-15,09292000,22.795023999999998,09292000
2005-06-16,09292000,30.298976,09292000
2005-06-17,09292000,35.396,09292000
2005-06-18,09292000,39.077184,09292000
2005-06-19,09292000,39.077184,09292000
2005-06-20,09292000,33.696992,09292000
2005-06-21,09292000,31.14848,09292000
2005-06-22,09292000,32.56432,09292000
2005-06-23,09292000,32.847488,09292000
2005-06-24,09292000,29.73264,09292000
2005-06-25,09292000,25.032051199999998,09292000
2005-06-26,09292000,21.7473024,09292000
2005-06-27,09292000,18.7174048,09292000
2005-06-28,09292000,17.5280992,09292000
2005-06-29,09292000,16.706912,09292000
2005-06-30,09292000,14.86632,09292000
2005-07-01,09292000,14.4132512,09292000
2005-07-02,09292000,15.2344384,09292000
2005-07-03,09292000,15.1778048,09292000
2005-07-04,09292000,14.3566176,09292000
2005-07-05,09292000,13.9884992,09292000
2005-07-06,09292000,13.733648,09292000
2005-07-07,09292000,13.4787968,09292000
2005-07-08,09292000,12.8558272,09292000
2005-07-09,09292000,12.74256,09292000
2005-07-10,09292000,12.5726592,09292000
2005-07-11,09292000,11.8364224,09292000
2005-07-12,09292000,11.3550368,09292000
2005-07-13,09292000,10.8736512,09292000
2005-07-14,09292000,10.4205824,09292000
2005-07-15,09292000,10.1657312,09292000
2005-07-16,09292000,9.5993952,09292000
2005-07-17,09292000,9.6843456,09292000
2005-07-18,09292000,9.1180096,09292000
2005-07-19,09292000,8.6649408,09292000
2005-07-20,09292000,8.2401888,09292000
2005-07-21,09292000,8.0419712,09292000
2005-07-22,09292000,7.7021695999999995,09292000
2005-07-23,09292000,8.1269216,09292000
2005-07-24,09292000,8.4384064,09292000
2005-07-25,09292000,8.4100896,09292000
2005-07-26,09292000,7.4473184,09292000
2005-07-27,09292000,6.6261312,09292000
2005-07-28,09292000,6.0597952,09292000
2005-07-29,09292000,5.7483104,09292000
2005-07-30,09292000,5.5784096,09292000
2005-07-31,09292000,5.66336,09292000
2005-08-01,09292000,5.6067264,09292000
2005-08-02,09292000,5.8898944,09292000
2005-08-03,09292000,5.4368256,09292000
2005-08-04,09292000,5.2952416,09292000
2005-08-05,09292000,6.7677152,09292000
2005-08-06,09292000,6.5128639999999995,09292000
2005-08-07,09292000,5.4651423999999995,09292000
2005-08-08,09292000,5.097024,09292000
2005-08-09,09292000,5.1536576,09292000
2005-08-10,09292000,4.9837568,09292000
2005-08-11,09292000,4.7572224,09292000
2005-08-12,09292000,4.2758367999999995,09292000
2005-08-13,09292000,4.0493024,09292000
2005-08-14,09292000,3.8510847999999998,09292000
2005-08-15,09292000,3.7095008,09292000
2005-08-16,09292000,3.822768,09292000
2005-08-17,09292000,3.822768,09292000
2005-08-18,09292000,3.5679168,09292000
2005-08-19,09292000,3.398016,09292000
2005-08-20,09292000,3.2564319999999998,09292000
2005-08-21,09292000,3.2564319999999998,09292000
2005-08-22,09292000,3.2564319999999998,09292000
2005-08-23,09292000,3.3413824,09292000
2005-08-24,09292000,3.1714816,09292000
2005-08-25,09292000,3.0015808,09292000
2005-08-26,09292000,2.5003734399999997,09292000
2005-08-27,09292000,2.48338336,09292000
2005-08-28,09292000,3.114848,09292000
2005-08-29,09292000,2.9449472,09292000
2005-08-30,09292000,2.79486816,09292000
2005-08-31,09292000,2.6617792,09292000
2005-09-01,09292000,2.49754176,09292000
2005-09-02,09292000,2.38710624,09292000
2005-09-03,09292000,2.34463104,09292000
2005-09-04,09292000,3.4263328,09292000
2005-09-05,09292000,3.5962336,09292000
2005-09-06,09292000,3.4829664,09292000
2005-09-07,09292000,3.3696992,09292000
2005-09-08,09292000,3.4263328,09292000
2005-09-09,09292000,4.1908864,09292000
2005-09-10,09292000,6.229696,09292000
2005-09-11,09292000,4.1625696,09292000
2005-09-12,09292000,3.7378176,09292000
2005-09-13,09292000,3.4546495999999998,09292000
2005-09-14,09292000,3.0298976,09292000
2005-09-15,09292000,2.7325711999999998,09292000
2005-09-16,09292000,2.548512,09292000
2005-09-17,09292000,2.39843296,09292000
2005-09-18,09292000,2.22853216,09292000
2005-09-19,09292000,2.0104928,09292000
2005-09-20,09292000,1.8377603200000001,09292000
2005-09-21,09292000,2.15774016,09292000
2005-09-22,09292000,2.12376,09292000
2005-09-23,09292000,1.84908704,09292000
2005-09-24,09292000,1.80094848,09292000
2005-09-25,09292000,1.61972096,09292000
2005-09-26,09292000,1.50645376,09292000
2005-09-27,09292000,1.5715824,09292000
2005-09-28,09292000,1.6225526399999999,09292000
2005-09-29,09292000,1.3592064,09292000
2005-09-30,09292000,1.27708768,09292000
2005-10-01,09292000,1.18364224,09292000
2005-10-02,09292000,1.16382048,09292000
2005-10-03,09292000,1.14966208,09292000
2005-10-04,09292000,1.2317808,09292000
2005-10-05,09292000,1.18081056,09292000
2005-10-06,09292000,1.17231552,09292000
2005-10-07,09292000,1.11285024,09292000
2005-10-08,09292000,1.03639488,09292000
2005-10-09,09292000,1.0165731199999999,09292000
2005-10-10,09292000,0.9797612800000001,09292000
2005-10-11,09292000,0.9854246399999999,09292000
2005-10-12,09292000,1.12134528,09292000
2005-10-13,09292000,0.9627711999999999,09292000
2005-10-14,09292000,0.9457811199999999,09292000
2005-10-15,09292000,0.89481088,09292000
2005-10-16,09292000,0.86649408,09292000
2005-10-17,09292000,0.8353456,09292000
2005-10-18,09292000,0.88631584,09292000
2005-10-19,09292000,0.9344544,09292000
2005-10-20,09292000,0.85799904,09292000
2005-10-21,09292000,0.79570208,09292000
2005-10-22,09292000,0.7673852800000001,09292000
2005-10-23,09292000,0.70225664,09292000
2005-10-24,09292000,0.73057344,09292000
2005-10-25,09292000,0.88348416,09292000
2005-10-26,09292000,0.87498912,09292000
2005-10-27,09292000,0.8778208,09292000
2005-10-28,09292000,1.19496896,09292000
2005-10-29,09292000,0.920296,09292000
2005-10-30,09292000,0.82685056,09292000
2005-10-31,09292000,0.97409792,09292000
2005-11-01,09292000,1.35071136,09292000
2005-11-02,09292000,1.22894912,09292000
2005-11-03,09292000,0.8325139199999999,09292000
2005-11-04,09292000,0.79570208,09292000
2005-11-05,09292000,0.78720704,09292000
2005-11-06,09292000,0.7928704,09292000
2005-11-07,09292000,0.79570208,09292000
2005-11-08,09292000,0.8919792,09292000
2005-11-09,09292000,1.05338496,09292000
2005-11-10,09292000,1.18364224,09292000
2005-11-11,09292000,1.27142432,09292000
2005-11-12,09292000,1.20912736,09292000
2005-11-13,09292000,1.02789984,09292000
2005-11-14,09292000,1.25443424,09292000
2005-11-15,09292000,0.991088,09292000
2005-11-16,09292000,0.9627711999999999,09292000
2005-11-17,09292000,0.9344544,09292000
2005-11-18,09292000,0.9061376,09292000
2005-11-19,09292000,0.9061376,09292000
2005-11-20,09292000,0.8778208,09292000
2005-11-21,09292000,0.849504,09292000
2005-11-22,09292000,0.849504,09292000
2005-11-23,09292000,0.8211872,09292000
2005-11-24,09292000,0.8211872,09292000
2005-11-25,09292000,0.8211872,09292000
2005-11-26,09292000,0.7928704,09292000
2005-11-27,09292000,0.7928704,09292000
2005-11-28,09292000,0.7928704,09292000
2005-11-29,09292000,0.7928704,09292000
2005-11-30,09292000,0.7645535999999999,09292000
2005-12-01,09292000,0.7645535999999999,09292000
2005-12-02,09292000,0.7645535999999999,09292000
2005-12-03,09292000,0.7362368,09292000
2005-12-04,09292000,0.70792,09292000
2005-12-05,09292000,0.7362368,09292000
2005-12-06,09292000,0.7645535999999999,09292000
2005-12-07,09292000,0.7928704,09292000
2005-12-08,09292000,0.8211872,09292000
2005-12-09,09292000,0.8778208,09292000
2005-12-10,09292000,0.9344544,09292000
2005-12-11,09292000,0.9627711999999999,09292000
2005-12-12,09292000,0.9627711999999999,09292000
2005-12-13,09292000,0.9344544,09292000
2005-12-14,09292000,0.9061376,09292000
2005-12-15,09292000,0.8778208,09292000
2005-12-16,09292000,0.7645535999999999,09292000
2005-12-17,09292000,0.70792,09292000
2005-12-18,09292000,0.70792,09292000
2005-12-19,09292000,0.6796032,09292000
2005-12-20,09292000,0.6796032,09292000
2005-12-21,09292000,0.6796032,09292000
2005-12-22,09292000,0.70792,09292000
2005-12-23,09292000,0.7362368,09292000
2005-12-24,09292000,0.7362368,09292000
2005-12-25,09292000,0.7645535999999999,09292000
2005-12-26,09292000,0.7928704,09292000
2005-12-27,09292000,0.8211872,09292000
2005-12-28,09292000,0.849504,09292000
2005-12-29,09292000,0.8211872,09292000
2005-12-30,09292000,0.7928704,09292000
2005-12-31,09292000,0.7645535999999999,09292000
2006-01-01,09292000,0.7645535999999999,09292000
2006-01-02,09292000,0.7928704,09292000
2006-01-03,09292000,0.7928704,09292000
2006-01-04,09292000,0.8211872,09292000
2006-01-05,09292000,0.8211872,09292000
2006-01-06,09292000,0.8211872,09292000
2006-01-07,09292000,0.849504,09292000
2006-01-08,09292000,0.8778208,09292000
2006-01-09,09292000,0.849504,09292000
2006-01-10,09292000,0.849504,09292000
2006-01-11,09292000,0.849504,09292000
2006-01-12,09292000,0.849504,09292000
2006-01-13,09292000,0.8211872,09292000
2006-01-14,09292000,0.7928704,09292000
2006-01-15,09292000,0.7362368,09292000
2006-01-16,09292000,0.70792,09292000
2006-01-17,09292000,0.6796032,09292000
2006-01-18,09292000,0.6512864,09292000
2006-01-19,09292000,0.6229696,09292000
2006-01-20,09292000,0.6229696,09292000
2006-01-21,09292000,0.5946528,09292000
2006-01-22,09292000,0.6229696,09292000
2006-01-23,09292000,0.6229696,09292000
2006-01-24,09292000,0.6512864,09292000
2006-01-25,09292000,0.6796032,09292000
2006-01-26,09292000,0.70792,09292000
2006-01-27,09292000,0.7362368,09292000
2006-01-28,09292000,0.70792,09292000
2006-01-29,09292000,0.7362368,09292000
2006-01-30,09292000,0.7645535999999999,09292000
2006-01-31,09292000,0.7645535999999999,09292000
2006-02-01,09292000,0.7928704,09292000
2006-02-02,09292000,0.7928704,09292000
2006-02-03,09292000,0.8211872,09292000
2006-02-04,09292000,0.849504,09292000
2006-02-05,09292000,0.8778208,09292000
2006-02-06,09292000,0.9061376,09292000
2006-02-07,09292000,0.9344544,09292000
2006-02-08,09292000,0.8778208,09292000
2006-02-09,09292000,0.849504,09292000
2006-02-10,09292000,0.8211872,09292000
2006-02-11,09292000,0.849504,09292000
2006-02-12,09292000,0.849504,09292000
2006-02-13,09292000,0.8211872,09292000
2006-02-14,09292000,0.7928704,09292000
2006-02-15,09292000,0.7928704,09292000
2006-02-16,09292000,0.8211872,09292000
2006-02-17,09292000,0.8778208,09292000
2006-02-18,09292000,0.9344544,09292000
2006-02-19,09292000,0.9344544,09292000
2006-02-20,09292000,0.9061376,09292000
2006-02-21,09292000,0.9061376,09292000
2006-02-22,09292000,0.8778208,09292000
2006-02-23,09292000,0.849504,09292000
2006-02-24,09292000,0.849504,09292000
2006-02-25,09292000,0.849504,09292000
2006-02-26,09292000,0.8211872,09292000
2006-02-27,09292000,0.79003872,09292000
2006-02-28,09292000,0.79853376,09292000
2006-03-01,09292000,0.79853376,09292000
2006-03-02,09292000,0.82401888,09292000
2006-03-03,09292000,0.7730486400000001,09292000
2006-03-04,09292000,0.9344544,09292000
2006-03-05,09292000,0.849504,09292000
2006-03-06,09292000,0.7928704,09292000
2006-03-07,09292000,0.7730486400000001,09292000
2006-03-08,09292000,0.79003872,09292000
2006-03-09,09292000,0.7673852800000001,09292000
2006-03-10,09292000,0.93728608,09292000
2006-03-11,09292000,1.41017664,09292000
2006-03-12,09292000,0.89764256,09292000
2006-03-13,09292000,1.5234438399999999,09292000
2006-03-14,09292000,1.78679008,09292000
2006-03-15,09292000,0.7334051199999999,09292000
2006-03-16,09292000,1.274256,09292000
2006-03-17,09292000,0.72491008,09292000
2006-03-18,09292000,0.7362368,09292000
2006-03-19,09292000,0.78437536,09292000
2006-03-20,09292000,1.12700864,09292000
2006-03-21,09292000,0.77021696,09292000
2006-03-22,09292000,0.9259593600000001,09292000
2006-03-23,09292000,0.9457811199999999,09292000
2006-03-24,09292000,0.70508832,09292000
2006-03-25,09292000,0.72774176,09292000
2006-03-26,09292000,0.7419001599999999,09292000
2006-03-27,09292000,0.70508832,09292000
2006-03-28,09292000,0.7192467199999999,09292000
2006-03-29,09292000,0.79853376,09292000
2006-03-30,09292000,0.7503952,09292000
2006-03-31,09292000,0.80136544,09292000
2006-04-01,09292000,0.9769296,09292000
2006-04-02,09292000,1.02506816,09292000
2006-04-03,09292000,1.15249376,09292000
2006-04-04,09292000,1.2600976,09292000
2006-04-05,09292000,1.3648697600000002,09292000
2006-04-06,09292000,1.25726592,09292000
2006-04-07,09292000,1.20912736,09292000
2006-04-08,09292000,1.3138995199999999,09292000
2006-04-09,09292000,1.4243350399999999,09292000
2006-04-10,09292000,1.46964192,09292000
2006-04-11,09292000,1.40734496,09292000
2006-04-12,09292000,1.40451328,09292000
2006-04-13,09292000,1.29124608,09292000
2006-04-14,09292000,1.345048,09292000
2006-04-15,09292000,1.5942358399999998,09292000
2006-04-16,09292000,1.58857248,09292000
2006-04-17,09292000,1.41017664,09292000
2006-04-18,09292000,1.3308896,09292000
2006-04-19,09292000,1.37902816,09292000
2006-04-20,09292000,1.50362208,09292000
2006-04-21,09292000,1.50928544,09292000
2006-04-22,09292000,1.5149488,09292000
2006-04-23,09292000,1.8519187200000002,09292000
2006-04-24,09292000,1.71882976,09292000
2006-04-25,09292000,1.5121171199999999,09292000
2006-04-26,09292000,1.4384934399999998,09292000
2006-04-27,09292000,2.28799744,09292000
2006-04-28,09292000,2.83168,09292000
2006-04-29,09292000,2.9449472,09292000
2006-04-30,09292000,2.8599968,09292000
2006-05-01,09292000,3.2564319999999998,09292000
2006-05-02,09292000,3.4546495999999998,09292000
2006-05-03,09292000,3.822768,09292000
2006-05-04,09292000,3.5679168,09292000
2006-05-05,09292000,2.3502944,09292000
2006-05-06,09292000,1.5659190399999998,09292000
2006-05-07,09292000,1.49229536,09292000
2006-05-08,09292000,1.83209696,09292000
2006-05-09,09292000,2.43807648,09292000
2006-05-10,09292000,2.3956012799999997,09292000
2006-05-11,09292000,2.4607299200000003,09292000
2006-05-12,09292000,3.1714816,09292000
2006-05-13,09292000,4.8421728,09292000
2006-05-14,09292000,5.8615775999999995,09292000
2006-05-15,09292000,8.1552384,09292000
2006-05-16,09292000,10.7320672,09292000
2006-05-17,09292000,16.0273088,09292000
2006-05-18,09292000,20.8411648,09292000
2006-05-19,09292000,26.2779904,09292000
2006-05-20,09292000,27.637196799999998,09292000
2006-05-21,09292000,24.5506656,09292000
2006-05-22,09292000,22.6817568,09292000
2006-05-23,09292000,17.4714656,09292000
2006-05-24,09292000,19.2271072,09292000
2006-05-25,09292000,20.8977984,09292000
2006-05-26,09292000,22.3419552,09292000
2006-05-27,09292000,20.9827488,09292000
2006-05-28,09292000,11.8647392,09292000
2006-05-29,09292000,8.9481088,09292000
2006-05-30,09292000,7.9570208,09292000
2006-05-31,09292000,7.78712,09292000
2006-06-01,09292000,9.1180096,09292000
2006-06-02,09292000,11.3833536,09292000
2006-06-03,09292000,11.5249376,09292000
2006-06-04,09292000,10.137414399999999,09292000
2006-06-05,09292000,12.9690944,09292000
2006-06-06,09292000,13.5637472,09292000
2006-06-07,09292000,12.7708768,09292000
2006-06-08,09292000,16.7918624,09292000
2006-06-09,09292000,12.8558272,09292000
2006-06-10,09292000,19.680176,09292000
2006-06-11,09292000,12.2894912,09292000
2006-06-12,09292000,10.3639488,09292000
2006-06-13,09292000,9.9675136,09292000
2006-06-14,09292000,9.2595936,09292000
2006-06-15,09292000,8.353456,09292000
2006-06-16,09292000,6.9942496,09292000
2006-06-17,09292000,6.4562304,09292000
2006-06-18,09292000,6.1447456,09292000
2006-06-19,09292000,6.0314784,09292000
2006-06-20,09292000,5.946528,09292000
2006-06-21,09292000,5.4368256,09292000
2006-06-22,09292000,5.0120736,09292000
2006-06-23,09292000,4.7005888,09292000
2006-06-24,09292000,4.389104,09292000
2006-06-25,09292000,4.0776192,09292000
2006-06-26,09292000,3.8510847999999998,09292000
2006-06-27,09292000,3.3696992,09292000
2006-06-28,09292000,3.114848,09292000
2006-06-29,09292000,2.973264,09292000
2006-06-30,09292000,3.114848,09292000
2006-07-01,09292000,3.0582143999999998,09292000
2006-07-02,09292000,2.9449472,09292000
2006-07-03,09292000,2.9166304,09292000
2006-07-04,09292000,2.75805632,09292000
2006-07-05,09292000,2.5626704,09292000
2006-07-06,09292000,2.5201952,09292000
2006-07-07,09292000,2.4663932799999997,09292000
2006-07-08,09292000,2.25401728,09292000
2006-07-09,09292000,2.10110656,09292000
2006-07-10,09292000,2.2681756799999997,09292000
2006-07-11,09292000,2.07278976,09292000
2006-07-12,09292000,1.90855232,09292000
2006-07-13,09292000,1.6565328,09292000
2006-07-14,09292000,1.52061216,09292000
2006-07-15,09292000,1.4299984,09292000
2006-07-16,09292000,1.3648697600000002,09292000
2006-07-17,09292000,1.33372128,09292000
2006-07-18,09292000,1.3252262399999999,09292000
2006-07-19,09292000,1.69051296,09292000
2006-07-20,09292000,1.65936448,09292000
2006-07-21,09292000,1.43283008,09292000
2006-07-22,09292000,1.3025728,09292000
2006-07-23,09292000,1.3025728,09292000
2006-07-24,09292000,1.46114688,09292000
2006-07-25,09292000,1.74714656,09292000
2006-07-26,09292000,1.53193888,09292000
2006-07-27,09292000,1.25726592,09292000
2006-07-28,09292000,1.20063232,09292000
2006-07-29,09292000,1.24877088,09292000
2006-07-30,09292000,1.6282159999999999,09292000
2006-07-31,09292000,1.6452060800000001,09292000
2006-08-01,09292000,2.3729478399999997,09292000
2006-08-02,09292000,1.94253248,09292000
2006-08-03,09292000,1.77263168,09292000
2006-08-04,09292000,1.63104768,09292000
2006-08-05,09292000,1.64803776,09292000
2006-08-06,09292000,1.57724576,09292000
2006-08-07,09292000,1.4583152,09292000
2006-08-08,09292000,1.6282159999999999,09292000
2006-08-09,09292000,1.3677014399999998,09292000
2006-08-10,09292000,1.4951270399999999,09292000
2006-08-11,09292000,1.5659190399999998,09292000
2006-08-12,09292000,1.5942358399999998,09292000
2006-08-13,09292000,1.67635456,09292000
2006-08-14,09292000,1.6621961600000001,09292000
2006-08-15,09292000,1.5942358399999998,09292000
2006-08-16,09292000,1.5998992,09292000
2006-08-17,09292000,1.4639785600000002,09292000
2006-08-18,09292000,1.38185984,09292000
2006-08-19,09292000,1.38185984,09292000
2006-08-20,09292000,1.75280992,09292000
2006-08-21,09292000,1.73015648,09292000
2006-08-22,09292000,1.8632454399999998,09292000
2006-08-23,09292000,1.74997824,09292000
2006-08-24,09292000,1.80094848,09292000
2006-08-25,09292000,1.6848496,09292000
2006-08-26,09292000,2.38427456,09292000
2006-08-27,09292000,2.0954432,09292000
2006-08-28,09292000,1.7924534399999998,09292000
2006-08-29,09292000,1.6706912,09292000
2006-08-30,09292000,1.3592064,09292000
2006-08-31,09292000,1.1411670399999998,09292000
2006-09-01,09292000,1.05055328,09292000
2006-09-02,09292000,1.0052464,09292000
2006-09-03,09292000,1.7273247999999999,09292000
2006-09-04,09292000,1.9963344,09292000
2006-09-05,09292000,1.97934432,09292000
2006-09-06,09292000,1.6112259199999999,09292000
2006-09-07,09292000,1.33372128,09292000
2006-09-08,09292000,1.7811267199999998,09292000
2006-09-09,09292000,1.60839424,09292000
2006-09-10,09292000,2.05013632,09292000
2006-09-11,09292000,2.10110656,09292000
2006-09-12,09292000,1.94536416,09292000
2006-09-13,09292000,1.8632454399999998,09292000
2006-09-14,09292000,2.06146304,09292000
2006-09-15,09292000,3.398016,09292000
2006-09-16,09292000,3.2281152,09292000
2006-09-17,09292000,2.7325711999999998,09292000
2006-09-18,09292000,2.56550208,09292000
2006-09-19,09292000,2.4295814399999998,09292000
2006-09-20,09292000,2.31065088,09292000
2006-09-21,09292000,2.27100736,09292000
2006-09-22,09292000,2.19172032,09292000
2006-09-23,09292000,2.2370272,09292000
2006-09-24,09292000,2.1350867200000003,09292000
2006-09-25,09292000,2.16057184,09292000
2006-09-26,09292000,2.0812848,09292000
2006-09-27,09292000,1.9991660799999997,09292000
2006-09-28,09292000,1.9198790399999999,09292000
2006-09-29,09292000,1.8689088,09292000
2006-09-30,09292000,1.80094848,09292000
2006-10-01,09292000,1.78962176,09292000
2006-10-02,09292000,1.80094848,09292000
2006-10-03,09292000,2.10110656,09292000
2006-10-04,09292000,2.00199776,09292000
2006-10-05,09292000,3.681184,09292000
2006-10-06,09292000,4.9271232,09292000
2006-10-07,09292000,5.4085088,09292000
2006-10-08,09292000,4.1908864,09292000
2006-10-09,09292000,3.964352,09292000
2006-10-10,09292000,3.8794016,09292000
2006-10-11,09292000,3.4829664,09292000
2006-10-12,09292000,3.1997984,09292000
2006-10-13,09292000,2.9166304,09292000
2006-10-14,09292000,2.82884832,09292000
2006-10-15,09292000,2.6476208,09292000
2006-10-16,09292000,2.69292768,09292000
2006-10-17,09292000,2.63912576,09292000
2006-10-18,09292000,2.42674976,09292000
2006-10-19,09292000,2.31914592,09292000
2006-10-20,09292000,2.3644528,09292000
2006-10-21,09292000,2.3021558399999997,09292000
2006-10-22,09292000,2.12942336,09292000
2006-10-23,09292000,2.16340352,09292000
2006-10-24,09292000,2.1265916799999998,09292000
2006-10-25,09292000,2.22853216,09292000
2006-10-26,09292000,2.01615616,09292000
2006-10-27,09292000,2.02748288,09292000
2006-10-28,09292000,2.0104928,09292000
2006-10-29,09292000,1.9566908799999998,09292000
2006-10-30,09292000,1.8858988799999998,09292000
2006-10-31,09292000,1.7414832,09292000
2006-11-01,09292000,1.58007744,09292000
2006-11-02,09292000,1.73865152,09292000
2006-11-03,09292000,1.7839584,09292000
2006-11-04,09292000,1.7443148800000001,09292000
2006-11-05,09292000,1.65370112,09292000
2006-11-06,09292000,1.67918624,09292000
2006-11-07,09292000,1.699008,09292000
2006-11-08,09292000,1.699008,09292000
2006-11-09,09292000,1.66785952,09292000
2006-11-10,09292000,1.4639785600000002,09292000
2006-11-11,09292000,1.4639785600000002,09292000
2006-11-12,09292000,1.4724736,09292000
2006-11-13,09292000,1.4724736,09292000
2006-11-14,09292000,1.41584,09292000
2006-11-15,09292000,1.3875232,09292000
2006-11-16,09292000,1.2176224,09292000
2006-11-17,09292000,1.0052464,09292000
2006-11-18,09292000,0.9627711999999999,09292000
2006-11-19,09292000,0.93728608,09292000
2006-11-20,09292000,0.9344544,09292000
2006-11-21,09292000,0.9627711999999999,09292000
2006-11-22,09292000,0.90896928,09292000
2006-11-23,09292000,0.85233568,09292000
2006-11-24,09292000,0.9344544,09292000
2006-11-25,09292000,1.0194048,09292000
2006-11-26,09292000,0.9627711999999999,09292000
2006-11-27,09292000,0.920296,09292000
2006-11-28,09292000,0.9061376,09292000
2006-11-29,09292000,0.849504,09292000
2006-11-30,09292000,0.8211872,09292000
2006-12-01,09292000,0.7928704,09292000
2006-12-02,09292000,0.7928704,09292000
2006-12-03,09292000,0.7362368,09292000
2006-12-04,09292000,0.7928704,09292000
2006-12-05,09292000,0.849504,09292000
2006-12-06,09292000,0.9627711999999999,09292000
2006-12-07,09292000,1.0760384,09292000
2006-12-08,09292000,1.203464,09292000
2006-12-09,09292000,1.15532544,09292000
2006-12-10,09292000,1.1893056,09292000
2006-12-11,09292000,1.12134528,09292000
2006-12-12,09292000,1.4441568,09292000
2006-12-13,09292000,1.15815712,09292000
2006-12-14,09292000,1.1666521600000002,09292000
2006-12-15,09292000,1.15815712,09292000
2006-12-16,09292000,1.1609888,09292000
2006-12-17,09292000,1.132672,09292000
2006-12-18,09292000,0.9627711999999999,09292000
2006-12-19,09292000,0.9627711999999999,09292000
2006-12-20,09292000,1.0194048,09292000
2006-12-21,09292000,1.132672,09292000
2006-12-22,09292000,1.1893056,09292000
2006-12-23,09292000,1.1893056,09292000
2006-12-24,09292000,1.132672,09292000
2006-12-25,09292000,1.0760384,09292000
2006-12-26,09292000,1.06471168,09292000
2006-12-27,09292000,1.05621664,09292000
2006-12-28,09292000,1.07320672,09292000
2006-12-29,09292000,1.1043552,09292000
2006-12-30,09292000,1.0194048,09292000
2006-12-31,09292000,1.0194048,09292000
2007-01-01,09292000,1.0760384,09292000
2007-01-02,09292000,1.132672,09292000
2007-01-03,09292000,1.0194048,09292000
2007-01-04,09292000,1.0222364800000001,09292000
2007-01-05,09292000,1.0194048,09292000
2007-01-06,09292000,1.0194048,09292000
2007-01-07,09292000,1.0760384,09292000
2007-01-08,09292000,1.0194048,09292000
2007-01-09,09292000,1.0760384,09292000
2007-01-10,09292000,1.132672,09292000
2007-01-11,09292000,1.1043552,09292000
2007-01-12,09292000,1.0760384,09292000
2007-01-13,09292000,0.9627711999999999,09292000
2007-01-14,09292000,0.9061376,09292000
2007-01-15,09292000,0.849504,09292000
2007-01-16,09292000,0.849504,09292000
2007-01-17,09292000,0.849504,09292000
2007-01-18,09292000,0.849504,09292000
2007-01-19,09292000,0.9061376,09292000
2007-01-20,09292000,0.9061376,09292000
2007-01-21,09292000,0.9061376,09292000
2007-01-22,09292000,0.9627711999999999,09292000
2007-01-23,09292000,0.9627711999999999,09292000
2007-01-24,09292000,1.0194048,09292000
2007-01-25,09292000,1.0194048,09292000
2007-01-26,09292000,1.0760384,09292000
2007-01-27,09292000,1.0760384,09292000
2007-01-28,09292000,1.132672,09292000
2007-01-29,09292000,1.132672,09292000
2007-01-30,09292000,1.132672,09292000
2007-01-31,09292000,1.132672,09292000
2007-02-01,09292000,1.132672,09292000
2007-02-02,09292000,1.0194048,09292000
2007-02-03,09292000,0.9061376,09292000
2007-02-04,09292000,0.7645535999999999,09292000
2007-02-05,09292000,0.7560585599999999,09292000
2007-02-06,09292000,0.7645535999999999,09292000
2007-02-07,09292000,0.7503952,09292000
2007-02-08,09292000,0.7475635199999999,09292000
2007-02-09,09292000,0.74473184,09292000
2007-02-10,09292000,0.74473184,09292000
2007-02-11,09292000,0.80419712,09292000
2007-02-12,09292000,0.7730486400000001,09292000
2007-02-13,09292000,0.7730486400000001,09292000
2007-02-14,09292000,0.7645535999999999,09292000
2007-02-15,09292000,0.7362368,09292000
2007-02-16,09292000,0.71358336,09292000
2007-02-17,09292000,0.8211872,09292000
2007-02-18,09292000,0.81835552,09292000
2007-02-19,09292000,0.7419001599999999,09292000
2007-02-20,09292000,0.7362368,09292000
2007-02-21,09292000,0.7362368,09292000
2007-02-22,09292000,0.7334051199999999,09292000
2007-02-23,09292000,0.80986048,09292000
2007-02-24,09292000,0.849504,09292000
2007-02-25,09292000,0.849504,09292000
2007-02-26,09292000,0.849504,09292000
2007-02-27,09292000,0.88631584,09292000
2007-02-28,09292000,0.849504,09292000
2007-03-01,09292000,0.849504,09292000
2007-03-02,09292000,0.7362368,09292000
2007-03-03,09292000,0.7928704,09292000
2007-03-04,09292000,0.7362368,09292000
2007-03-05,09292000,0.7362368,09292000
2007-03-06,09292000,0.73057344,09292000
2007-03-07,09292000,0.77021696,09292000
2007-03-08,09292000,0.80136544,09292000
2007-03-09,09292000,0.78720704,09292000
2007-03-10,09292000,0.8211872,09292000
2007-03-11,09292000,0.8211872,09292000
2007-03-12,09292000,0.89764256,09292000
2007-03-13,09292000,0.98825632,09292000
2007-03-14,09292000,1.00241472,09292000
2007-03-15,09292000,0.9797612800000001,09292000
2007-03-16,09292000,0.93728608,09292000
2007-03-17,09292000,0.9825929600000001,09292000
2007-03-18,09292000,1.0675433600000002,09292000
2007-03-19,09292000,1.1043552,09292000
2007-03-20,09292000,1.1383353600000001,09292000
2007-03-21,09292000,1.08453344,09292000
2007-03-22,09292000,0.95427616,09292000
2007-03-23,09292000,0.9825929600000001,09292000
2007-03-24,09292000,0.93728608,09292000
2007-03-25,09292000,0.9854246399999999,09292000
2007-03-26,09292000,1.05055328,09292000
2007-03-27,09292000,1.05904832,09292000
2007-03-28,09292000,1.01374144,09292000
2007-03-29,09292000,0.92312768,09292000
2007-03-30,09292000,0.94011776,09292000
2007-03-31,09292000,1.0873651199999999,09292000
2007-04-01,09292000,1.19213728,09292000
2007-04-02,09292000,1.25160256,09292000
2007-04-03,09292000,1.3252262399999999,09292000
2007-04-04,09292000,1.3308896,09292000
2007-04-05,09292000,1.45265184,09292000
2007-04-06,09292000,1.56025568,09292000
2007-04-07,09292000,1.6423744,09292000
2007-04-08,09292000,1.7216614399999999,09292000
2007-04-09,09292000,1.76696832,09292000
2007-04-10,09292000,1.8122752,09292000
2007-04-11,09292000,1.6338793600000001,09292000
2007-04-12,09292000,1.6423744,09292000
2007-04-13,09292000,1.5234438399999999,09292000
2007-04-14,09292000,1.4668102399999998,09292000
2007-04-15,09292000,1.5121171199999999,09292000
2007-04-16,09292000,1.5659190399999998,09292000
2007-04-17,09292000,1.43283008,09292000
2007-04-18,09292000,1.57441408,09292000
2007-04-19,09292000,1.49229536,09292000
2007-04-20,09292000,1.5630873600000001,09292000
2007-04-21,09292000,1.59140416,09292000
2007-04-22,09292000,1.5857408,09292000
2007-04-23,09292000,1.68768128,09292000
2007-04-24,09292000,1.65086944,09292000
2007-04-25,09292000,1.6282159999999999,09292000
2007-04-26,09292000,1.66785952,09292000
2007-04-27,09292000,1.5347705600000001,09292000
2007-04-28,09292000,1.62538432,09292000
2007-04-29,09292000,1.982176,09292000
2007-04-30,09292000,3.3696992,09292000
2007-05-01,09292000,6.0031616,09292000
2007-05-02,09292000,6.1730624,09292000
2007-05-03,09292000,6.5128639999999995,09292000
2007-05-04,09292000,4.9271232,09292000
2007-05-05,09292000,3.822768,09292000
2007-05-06,09292000,3.0015808,09292000
2007-05-07,09292000,2.54568032,09292000
2007-05-08,09292000,2.55983872,09292000
2007-05-09,09292000,3.4546495999999998,09292000
2007-05-10,09292000,5.9748448,09292000
2007-05-11,09292000,8.2685056,09292000
2007-05-12,09292000,10.5621664,09292000
2007-05-13,09292000,12.0912736,09292000
2007-05-14,09292000,10.6754336,09292000
2007-05-15,09292000,10.052464,09292000
2007-05-16,09292000,9.7976128,09292000
2007-05-17,09292000,8.8631584,09292000
2007-05-18,09292000,8.2685056,09292000
2007-05-19,09292000,9.0896928,09292000
2007-05-20,09292000,9.061376,09292000
2007-05-21,09292000,8.3817728,09292000
2007-05-22,09292000,7.0508831999999995,09292000
2007-05-23,09292000,6.1730624,09292000
2007-05-24,09292000,5.6350432,09292000
2007-05-25,09292000,4.9837568,09292000
2007-05-26,09292000,5.3235584,09292000
2007-05-27,09292000,5.5784096,09292000
2007-05-28,09292000,5.8332608,09292000
2007-05-29,09292000,5.6067264,09292000
2007-05-30,09292000,5.380192,09292000
2007-05-31,09292000,5.2102912,09292000
2007-06-01,09292000,5.2669248,09292000
2007-06-02,09292000,5.4651423999999995,09292000
2007-06-03,09292000,5.2102912,09292000
2007-06-04,09292000,4.9271232,09292000
2007-06-05,09292000,5.238608,09292000
2007-06-06,09292000,5.1819744,09292000
2007-06-07,09292000,4.24752,09292000
2007-06-08,09292000,3.7095008,09292000
2007-06-09,09292000,3.3413824,09292000
2007-06-10,09292000,3.3413824,09292000
2007-06-11,09292000,3.3696992,09292000
2007-06-12,09292000,3.1714816,09292000
2007-06-13,09292000,3.114848,09292000
2007-06-14,09292000,3.0582143999999998,09292000
2007-06-15,09292000,3.0298976,09292000
2007-06-16,09292000,3.0865312,09292000
2007-06-17,09292000,3.1714816,09292000
2007-06-18,09292000,2.9166304,09292000
2007-06-19,09292000,2.61364064,09292000
2007-06-20,09292000,2.5060368,09292000
2007-06-21,09292000,2.4607299200000003,09292000
2007-06-22,09292000,2.35595776,09292000
2007-06-23,09292000,2.25968064,09292000
2007-06-24,09292000,2.20304704,09292000
2007-06-25,09292000,2.16340352,09292000
2007-06-26,09292000,2.0473046399999997,09292000
2007-06-27,09292000,1.9935027200000002,09292000
2007-06-28,09292000,1.9397008,09292000
2007-06-29,09292000,1.8943939200000002,09292000
2007-06-30,09292000,1.84908704,09292000
2007-07-01,09292000,1.8236019200000002,09292000
2007-07-02,09292000,1.77829504,09292000
2007-07-03,09292000,1.7414832,09292000
2007-07-04,09292000,1.71599808,09292000
2007-07-05,09292000,1.73298816,09292000
2007-07-06,09292000,1.74714656,09292000
2007-07-07,09292000,1.8689088,09292000
2007-07-08,09292000,1.71599808,09292000
2007-07-09,09292000,1.6452060800000001,09292000
2007-07-10,09292000,1.62538432,09292000
2007-07-11,09292000,1.5857408,09292000
2007-07-12,09292000,1.25726592,09292000
2007-07-13,09292000,1.29974112,09292000
2007-07-14,09292000,1.55459232,09292000
2007-07-15,09292000,2.47772,09292000
2007-07-16,09292000,2.61647232,09292000
2007-07-17,09292000,2.45789824,09292000
2007-07-18,09292000,1.9595225600000001,09292000
2007-07-19,09292000,1.94536416,09292000
2007-07-20,09292000,1.87740384,09292000
2007-07-21,09292000,1.71599808,09292000
2007-07-22,09292000,1.70467136,09292000
2007-07-23,09292000,1.6423744,09292000
2007-07-24,09292000,2.05579968,09292000
2007-07-25,09292000,2.4040963200000003,09292000
2007-07-26,09292000,3.1714816,09292000
2007-07-27,09292000,4.0776192,09292000
2007-07-28,09292000,2.51736352,09292000
2007-07-29,09292000,2.11809664,09292000
2007-07-30,09292000,1.84625536,09292000
2007-07-31,09292000,1.61972096,09292000
2007-08-01,09292000,1.5630873600000001,09292000
2007-08-02,09292000,1.48096864,09292000
2007-08-03,09292000,1.60556256,09292000
2007-08-04,09292000,1.8236019200000002,09292000
2007-08-05,09292000,1.83209696,09292000
2007-08-06,09292000,1.67635456,09292000
2007-08-07,09292000,1.47813696,09292000
2007-08-08,09292000,1.3393846399999998,09292000
2007-08-09,09292000,1.22328576,09292000
2007-08-10,09292000,1.14399872,09292000
2007-08-11,09292000,1.1411670399999998,09292000
2007-08-12,09292000,1.12134528,09292000
2007-08-13,09292000,1.31956288,09292000
2007-08-14,09292000,1.53193888,09292000
2007-08-15,09292000,1.9142156799999999,09292000
2007-08-16,09292000,1.70183968,09292000
2007-08-17,09292000,1.75847328,09292000
2007-08-18,09292000,2.6079772799999996,09292000
2007-08-19,09292000,2.00199776,09292000
2007-08-20,09292000,1.53760224,09292000
2007-08-21,09292000,1.3252262399999999,09292000
2007-08-22,09292000,1.54043392,09292000
2007-08-23,09292000,1.34221632,09292000
2007-08-24,09292000,1.27991936,09292000
2007-08-25,09292000,1.46964192,09292000
2007-08-26,09292000,1.46964192,09292000
2007-08-27,09292000,1.39035488,09292000
2007-08-28,09292000,1.31956288,09292000
2007-08-29,09292000,1.2600976,09292000
2007-08-30,09292000,1.5659190399999998,09292000
2007-08-31,09292000,1.557424,09292000
2007-09-01,09292000,1.557424,09292000
2007-09-02,09292000,1.5347705600000001,09292000
2007-09-03,09292000,1.6706912,09292000
2007-09-04,09292000,1.62538432,09292000
2007-09-05,09292000,2.2795024,09292000
2007-09-06,09292000,2.78354144,09292000
2007-09-07,09292000,2.12942336,09292000
2007-09-08,09292000,2.0954432,09292000
2007-09-09,09292000,1.72449312,09292000
2007-09-10,09292000,1.3252262399999999,09292000
2007-09-11,09292000,1.274256,09292000
2007-09-12,09292000,1.2657609600000002,09292000
2007-09-13,09292000,1.2685926399999998,09292000
2007-09-14,09292000,1.37902816,09292000
2007-09-15,09292000,1.557424,09292000
2007-09-16,09292000,1.44698848,09292000
2007-09-17,09292000,1.4243350399999999,09292000
2007-09-18,09292000,1.39035488,09292000
2007-09-19,09292000,1.35637472,09292000
2007-09-20,09292000,1.3025728,09292000
2007-09-21,09292000,1.24877088,09292000
2007-09-22,09292000,1.27991936,09292000
2007-09-23,09292000,2.265344,09292000
2007-09-24,09292000,1.38185984,09292000
2007-09-25,09292000,1.2685926399999998,09292000
2007-09-26,09292000,1.5234438399999999,09292000
2007-09-27,09292000,1.44982016,09292000
2007-09-28,09292000,1.3846915199999998,09292000
2007-09-29,09292000,1.41017664,09292000
2007-09-30,09292000,1.44698848,09292000
2007-10-01,09292000,1.14966208,09292000
2007-10-02,09292000,0.89481088,09292000
2007-10-03,09292000,0.89764256,09292000
2007-10-04,09292000,0.8211872,09292000
2007-10-05,09292000,1.2402758399999998,09292000
2007-10-06,09292000,2.31065088,09292000
2007-10-07,09292000,1.67918624,09292000
2007-10-08,09292000,1.4356617600000001,09292000
2007-10-09,09292000,1.4724736,09292000
2007-10-10,09292000,1.557424,09292000
2007-10-11,09292000,1.6338793600000001,09292000
2007-10-12,09292000,1.53193888,09292000
2007-10-13,09292000,1.41584,09292000
2007-10-14,09292000,1.42150336,09292000
2007-10-15,09292000,1.3025728,09292000
2007-10-16,09292000,1.29407776,09292000
2007-10-17,09292000,1.3138995199999999,09292000
2007-10-18,09292000,1.15815712,09292000
2007-10-19,09292000,1.27991936,09292000
2007-10-20,09292000,1.39318656,09292000
2007-10-21,09292000,1.02789984,09292000
2007-10-22,09292000,1.1185136,09292000
2007-10-23,09292000,1.27708768,09292000
2007-10-24,09292000,1.1751472,09292000
2007-10-25,09292000,1.20063232,09292000
2007-10-26,09292000,1.20063232,09292000
2007-10-27,09292000,1.1468304,09292000
2007-10-28,09292000,1.0760384,09292000
2007-10-29,09292000,1.0675433600000002,09292000
2007-10-30,09292000,1.10718688,09292000
2007-10-31,09292000,1.0986918399999999,09292000
2007-11-01,09292000,1.0165731199999999,09292000
2007-11-02,09292000,0.9344544,09292000
2007-11-03,09292000,0.95427616,09292000
2007-11-04,09292000,1.04488992,09292000
2007-11-05,09292000,0.9259593600000001,09292000
2007-11-06,09292000,0.88914752,09292000
2007-11-07,09292000,0.8778208,09292000
2007-11-08,09292000,0.85233568,09292000
2007-11-09,09292000,0.88348416,09292000
2007-11-10,09292000,0.91746432,09292000
2007-11-11,09292000,0.85233568,09292000
2007-11-12,09292000,0.7730486400000001,09292000
2007-11-13,09292000,0.8353456,09292000
2007-11-14,09292000,0.82685056,09292000
2007-11-15,09292000,1.0477216,09292000
2007-11-16,09292000,1.20629568,09292000
2007-11-17,09292000,1.2459392,09292000
2007-11-18,09292000,1.1609888,09292000
2007-11-19,09292000,1.1468304,09292000
2007-11-20,09292000,1.12984032,09292000
2007-11-21,09292000,0.7928704,09292000
2007-11-22,09292000,0.7362368,09292000
2007-11-23,09292000,0.7645535999999999,09292000
2007-11-24,09292000,0.849504,09292000
2007-11-25,09292000,0.8778208,09292000
2007-11-26,09292000,1.0194048,09292000
2007-11-27,09292000,1.04488992,09292000
2007-11-28,09292000,0.849504,09292000
2007-11-29,09292000,0.9061376,09292000
2007-11-30,09292000,0.9486128,09292000
2007-12-01,09292000,0.9627711999999999,09292000
2007-12-02,09292000,0.7928704,09292000
2007-12-03,09292000,0.70792,09292000
2007-12-04,09292000,0.7928704,09292000
2007-12-05,09292000,1.0165731199999999,09292000
2007-12-06,09292000,0.96843456,09292000
2007-12-07,09292000,0.9854246399999999,09292000
2007-12-08,09292000,0.9797612800000001,09292000
2007-12-09,09292000,0.9627711999999999,09292000
2007-12-10,09292000,0.8211872,09292000
2007-12-11,09292000,0.7645535999999999,09292000
2007-12-12,09292000,0.70792,09292000
2007-12-13,09292000,0.6229696,09292000
2007-12-14,09292000,0.5946528,09292000
2007-12-15,09292000,0.566336,09292000
2007-12-16,09292000,0.566336,09292000
2007-12-17,09292000,0.566336,09292000
2007-12-18,09292000,0.5946528,09292000
2007-12-19,09292000,0.6796032,09292000
2007-12-20,09292000,0.70792,09292000
2007-12-21,09292000,0.70792,09292000
2007-12-22,09292000,0.6512864,09292000
2007-12-23,09292000,0.566336,09292000
2007-12-24,09292000,0.566336,09292000
2007-12-25,09292000,0.5946528,09292000
2007-12-26,09292000,0.5380192,09292000
2007-12-27,09292000,0.5097024,09292000
2007-12-28,09292000,0.5097024,09292000
2007-12-29,09292000,0.5097024,09292000
2007-12-30,09292000,0.5380192,09292000
2007-12-31,09292000,0.566336,09292000
2008-01-01,09292000,0.5380192,09292000
2008-01-02,09292000,0.5380192,09292000
2008-01-03,09292000,0.566336,09292000
2008-01-04,09292000,0.6512864,09292000
2008-01-05,09292000,0.7362368,09292000
2008-01-06,09292000,0.70792,09292000
2008-01-07,09292000,0.6512864,09292000
2008-01-08,09292000,0.6229696,09292000
2008-01-09,09292000,0.6796032,09292000
2008-01-10,09292000,0.70792,09292000
2008-01-11,09292000,0.6796032,09292000
2008-01-12,09292000,0.6796032,09292000
2008-01-13,09292000,0.6796032,09292000
2008-01-14,09292000,0.6796032,09292000
2008-01-15,09292000,0.6796032,09292000
2008-01-16,09292000,0.6796032,09292000
2008-01-17,09292000,0.6512864,09292000
2008-01-18,09292000,0.6512864,09292000
2008-01-19,09292000,0.6512864,09292000
2008-01-20,09292000,0.6796032,09292000
2008-01-21,09292000,0.70792,09292000
2008-01-22,09292000,0.6796032,09292000
2008-01-23,09292000,0.6512864,09292000
2008-01-24,09292000,0.6512864,09292000
2008-01-25,09292000,0.6796032,09292000
2008-01-26,09292000,0.6796032,09292000
2008-01-27,09292000,0.6796032,09292000
2008-01-28,09292000,0.6796032,09292000
2008-01-29,09292000,0.6229696,09292000
2008-01-30,09292000,0.566336,09292000
2008-01-31,09292000,0.5946528,09292000
2008-02-01,09292000,0.566336,09292000
2008-02-02,09292000,0.5946528,09292000
2008-02-03,09292000,0.6512864,09292000
2008-02-04,09292000,0.70792,09292000
2008-02-05,09292000,0.6796032,09292000
2008-02-06,09292000,0.6229696,09292000
2008-02-07,09292000,0.6512864,09292000
2008-02-08,09292000,0.6512864,09292000
2008-02-09,09292000,0.6512864,09292000
2008-02-10,09292000,0.5946528,09292000
2008-02-11,09292000,0.7220784,09292000
2008-02-12,09292000,0.71358336,09292000
2008-02-13,09292000,0.6229696,09292000
2008-02-14,09292000,0.6229696,09292000
2008-02-15,09292000,0.566336,09292000
2008-02-16,09292000,0.5097024,09292000
2008-02-17,09292000,0.5380192,09292000
2008-02-18,09292000,0.5380192,09292000
2008-02-19,09292000,0.566336,09292000
2008-02-20,09292000,0.5946528,09292000
2008-02-21,09292000,0.6824348800000001,09292000
2008-02-22,09292000,0.6682764800000001,09292000
2008-02-23,09292000,0.71358336,09292000
2008-02-24,09292000,0.69659328,09292000
2008-02-25,09292000,0.5946528,09292000
2008-02-26,09292000,0.5946528,09292000
2008-02-27,09292000,0.5946528,09292000
2008-02-28,09292000,0.6824348800000001,09292000
2008-02-29,09292000,0.75889024,09292000
2008-03-01,09292000,0.6824348800000001,09292000
2008-03-02,09292000,0.6229696,09292000
2008-03-03,09292000,0.566336,09292000
2008-03-04,09292000,0.566336,09292000
2008-03-05,09292000,0.5946528,09292000
2008-03-06,09292000,0.6229696,09292000
2008-03-07,09292000,0.6512864,09292000
2008-03-08,09292000,0.6512864,09292000
2008-03-09,09292000,0.7673852800000001,09292000
2008-03-10,09292000,0.9118009600000001,09292000
2008-03-11,09292000,0.95427616,09292000
2008-03-12,09292000,0.8636623999999999,09292000
2008-03-13,09292000,0.79570208,09292000
2008-03-14,09292000,0.81835552,09292000
2008-03-15,09292000,0.7645535999999999,09292000
2008-03-16,09292000,0.84384064,09292000
2008-03-17,09292000,1.05904832,09292000
2008-03-18,09292000,1.09302848,09292000
2008-03-19,09292000,0.9769296,09292000
2008-03-20,09292000,0.80419712,09292000
2008-03-21,09292000,0.79570208,09292000
2008-03-22,09292000,0.82401888,09292000
2008-03-23,09292000,0.991088,09292000
2008-03-24,09292000,0.81269216,09292000
2008-03-25,09292000,0.81835552,09292000
2008-03-26,09292000,0.81552384,09292000
2008-03-27,09292000,0.7928704,09292000
2008-03-28,09292000,0.7928704,09292000
2008-03-29,09292000,0.82401888,09292000
2008-03-30,09292000,0.79853376,09292000
2008-03-31,09292000,0.8608307199999999,09292000
2008-04-01,09292000,1.7131664,09292000
2008-04-02,09292000,1.1609888,09292000
2008-04-03,09292000,1.0873651199999999,09292000
2008-04-04,09292000,1.14966208,09292000
2008-04-05,09292000,1.10718688,09292000
2008-04-06,09292000,1.06188,09292000
2008-04-07,09292000,1.08170176,09292000
2008-04-08,09292000,1.05904832,09292000
2008-04-09,09292000,1.11001856,09292000
2008-04-10,09292000,1.09586016,09292000
2008-04-11,09292000,1.07320672,09292000
2008-04-12,09292000,1.0901968,09292000
2008-04-13,09292000,1.1609888,09292000
2008-04-14,09292000,1.3025728,09292000
2008-04-15,09292000,1.4639785600000002,09292000
2008-04-16,09292000,1.3875232,09292000
2008-04-17,09292000,1.44132512,09292000
2008-04-18,09292000,1.34787968,09292000
2008-04-19,09292000,1.46114688,09292000
2008-04-20,09292000,1.52627552,09292000
2008-04-21,09292000,1.46114688,09292000
2008-04-22,09292000,1.4951270399999999,09292000
2008-04-23,09292000,1.5659190399999998,09292000
2008-04-24,09292000,1.56025568,09292000
2008-04-25,09292000,1.4951270399999999,09292000
2008-04-26,09292000,1.48946368,09292000
2008-04-27,09292000,1.50645376,09292000
2008-04-28,09292000,1.59706752,09292000
2008-04-29,09292000,1.54043392,09292000
2008-04-30,09292000,2.32764096,09292000
2008-05-01,09292000,2.08694816,09292000
2008-05-02,09292000,1.9198790399999999,09292000
2008-05-03,09292000,1.6452060800000001,09292000
2008-05-04,09292000,1.5007904,09292000
2008-05-05,09292000,1.49795872,09292000
2008-05-06,09292000,1.50928544,09292000
2008-05-07,09292000,1.67352288,09292000
2008-05-08,09292000,1.46114688,09292000
2008-05-09,09292000,1.3875232,09292000
2008-05-10,09292000,1.27708768,09292000
2008-05-11,09292000,1.50645376,09292000
2008-05-12,09292000,1.840592,09292000
2008-05-13,09292000,1.58007744,09292000
2008-05-14,09292000,1.55176064,09292000
2008-05-15,09292000,1.46114688,09292000
2008-05-16,09292000,1.60273088,09292000
2008-05-17,09292000,3.1431648,09292000
2008-05-18,09292000,5.4368256,09292000
2008-05-19,09292000,8.919792,09292000
2008-05-20,09292000,14.101766399999999,09292000
2008-05-21,09292000,16.1122592,09292000
2008-05-22,09292000,6.937616,09292000
2008-05-23,09292000,5.2952416,09292000
2008-05-24,09292000,4.2192032,09292000
2008-05-25,09292000,3.6528671999999998,09292000
2008-05-26,09292000,3.1997984,09292000
2008-05-27,09292000,2.69575936,09292000
2008-05-28,09292000,2.6277990399999998,09292000
2008-05-29,09292000,3.114848,09292000
2008-05-30,09292000,2.83168,09292000
2008-05-31,09292000,3.114848,09292000
2008-06-01,09292000,4.7855392,09292000
2008-06-02,09292000,8.5233568,09292000
2008-06-03,09292000,8.919792,09292000
2008-06-04,09292000,7.0225664,09292000
2008-06-05,09292000,6.0314784,09292000
2008-06-06,09292000,6.2013792,09292000
2008-06-07,09292000,6.0597952,09292000
2008-06-08,09292000,5.4934592,09292000
2008-06-09,09292000,5.946528,09292000
2008-06-10,09292000,7.5889024,09292000
2008-06-11,09292000,8.1269216,09292000
2008-06-12,09292000,6.1164287999999996,09292000
2008-06-13,09292000,5.8898944,09292000
2008-06-14,09292000,7.5605856,09292000
2008-06-15,09292000,10.4205824,09292000
2008-06-16,09292000,12.6292928,09292000
2008-06-17,09292000,12.2045408,09292000
2008-06-18,09292000,10.2506816,09292000
2008-06-19,09292000,11.2134528,09292000
2008-06-20,09292000,9.6843456,09292000
2008-06-21,09292000,8.7215744,09292000
2008-06-22,09292000,9.2595936,09292000
2008-06-23,09292000,9.1463264,09292000
2008-06-24,09292000,8.636624,09292000
2008-06-25,09292000,8.551673599999999,09292000
2008-06-26,09292000,8.3251392,09292000
2008-06-27,09292000,7.8154368,09292000
2008-06-28,09292000,7.5322688,09292000
2008-06-29,09292000,7.362368,09292000
2008-06-30,09292000,6.6544479999999995,09292000
2008-07-01,09292000,5.8898944,09292000
2008-07-02,09292000,6.229696,09292000
2008-07-03,09292000,5.946528,09292000
2008-07-04,09292000,5.1536576,09292000
2008-07-05,09292000,4.95544,09292000
2008-07-06,09292000,4.6439552,09292000
2008-07-07,09292000,4.530688,09292000
2008-07-08,09292000,4.0493024,09292000
2008-07-09,09292000,3.6245504,09292000
2008-07-10,09292000,3.4263328,09292000
2008-07-11,09292000,3.1431648,09292000
2008-07-12,09292000,2.973264,09292000
2008-07-13,09292000,2.75805632,09292000
2008-07-14,09292000,2.5371852799999997,09292000
2008-07-15,09292000,2.36162112,09292000
2008-07-16,09292000,2.28516576,09292000
2008-07-17,09292000,2.16057184,09292000
2008-07-18,09292000,2.0812848,09292000
2008-07-19,09292000,1.9510275200000002,09292000
2008-07-20,09292000,1.8207702399999999,09292000
2008-07-21,09292000,1.7811267199999998,09292000
2008-07-22,09292000,1.74714656,09292000
2008-07-23,09292000,1.1609888,09292000
2008-07-24,09292000,1.07320672,09292000
2008-07-25,09292000,1.0986918399999999,09292000
2008-07-26,09292000,1.2657609600000002,09292000
2008-07-27,09292000,1.69617632,09292000
2008-07-28,09292000,1.44132512,09292000
2008-07-29,09292000,1.22045408,09292000
2008-07-30,09292000,1.21195904,09292000
2008-07-31,09292000,1.3648697600000002,09292000
2008-08-01,09292000,1.5460972800000001,09292000
2008-08-02,09292000,1.5460972800000001,09292000
2008-08-03,09292000,1.47530528,09292000
2008-08-04,09292000,1.14966208,09292000
2008-08-05,09292000,1.12134528,09292000
2008-08-06,09292000,1.2459392,09292000
2008-08-07,09292000,1.57441408,09292000
2008-08-08,09292000,2.71274944,09292000
2008-08-09,09292000,2.56550208,09292000
2008-08-10,09292000,2.973264,09292000
2008-08-11,09292000,2.11243328,09292000
2008-08-12,09292000,1.65936448,09292000
2008-08-13,09292000,1.46114688,09292000
2008-08-14,09292000,1.37053312,09292000
2008-08-15,09292000,1.9255423999999999,09292000
2008-08-16,09292000,1.8236019200000002,09292000
2008-08-17,09292000,2.2511856,09292000
2008-08-18,09292000,2.04164128,09292000
2008-08-19,09292000,1.52627552,09292000
2008-08-20,09292000,1.4384934399999998,09292000
2008-08-21,09292000,1.3733648,09292000
2008-08-22,09292000,1.3138995199999999,09292000
2008-08-23,09292000,1.4384934399999998,09292000
2008-08-24,09292000,1.54043392,09292000
2008-08-25,09292000,1.52061216,09292000
2008-08-26,09292000,1.43283008,09292000
2008-08-27,09292000,1.345048,09292000
2008-08-28,09292000,1.54043392,09292000
2008-08-29,09292000,1.54043392,09292000
2008-08-30,09292000,1.58007744,09292000
2008-08-31,09292000,1.94536416,09292000
2008-09-01,09292000,3.7378176,09292000
2008-09-02,09292000,2.45789824,09292000
2008-09-03,09292000,1.83209696,09292000
2008-09-04,09292000,1.41867168,09292000
2008-09-05,09292000,1.2657609600000002,09292000
2008-09-06,09292000,1.2147907199999999,09292000
2008-09-07,09292000,1.39318656,09292000
2008-09-08,09292000,1.2884144,09292000
2008-09-09,09292000,1.35354304,09292000
2008-09-10,09292000,1.73865152,09292000
2008-09-11,09292000,1.61688928,09292000
2008-09-12,09292000,1.4951270399999999,09292000
2008-09-13,09292000,1.36203808,09292000
2008-09-14,09292000,1.2855827199999998,09292000
2008-09-15,09292000,1.49795872,09292000
2008-09-16,09292000,1.5715824,09292000
2008-09-17,09292000,1.5234438399999999,09292000
2008-09-18,09292000,1.5234438399999999,09292000
2008-09-19,09292000,1.5121171199999999,09292000
2008-09-20,09292000,1.53193888,09292000
2008-09-21,09292000,1.5829091199999998,09292000
2008-09-22,09292000,1.5291071999999999,09292000
2008-09-23,09292000,1.48946368,09292000
2008-09-24,09292000,1.45265184,09292000
2008-09-25,09292000,1.41867168,09292000
2008-09-26,09292000,1.39035488,09292000
2008-09-27,09292000,1.35637472,09292000
2008-09-28,09292000,1.557424,09292000
2008-09-29,09292000,1.79528512,09292000
2008-09-30,09292000,1.61972096,09292000
2008-10-01,09292000,1.09302848,09292000
2008-10-02,09292000,0.88914752,09292000
2008-10-03,09292000,0.95144448,09292000
2008-10-04,09292000,1.4838003199999998,09292000
2008-10-05,09292000,1.2884144,09292000
2008-10-06,09292000,1.0703750399999998,09292000
2008-10-07,09292000,1.0335632,09292000
2008-10-08,09292000,0.99391968,09292000
2008-10-09,09292000,0.9457811199999999,09292000
2008-10-10,09292000,0.9344544,09292000
2008-10-11,09292000,0.9769296,09292000
2008-10-12,09292000,0.9316227199999999,09292000
2008-10-13,09292000,1.15815712,09292000
2008-10-14,09292000,1.4639785600000002,09292000
2008-10-15,09292000,1.4724736,09292000
2008-10-16,09292000,1.45265184,09292000
2008-10-17,09292000,1.46114688,09292000
2008-10-18,09292000,1.50362208,09292000
2008-10-19,09292000,1.4724736,09292000
2008-10-20,09292000,1.4724736,09292000
2008-10-21,09292000,1.44982016,09292000
2008-10-22,09292000,1.2600976,09292000
2008-10-23,09292000,1.29974112,09292000
2008-10-24,09292000,1.29974112,09292000
2008-10-25,09292000,1.27708768,09292000
2008-10-26,09292000,1.29124608,09292000
2008-10-27,09292000,1.20629568,09292000
2008-10-28,09292000,0.97126624,09292000
2008-10-29,09292000,0.7645535999999999,09292000
2008-10-30,09292000,0.77588032,09292000
2008-10-31,09292000,0.9344544,09292000
2008-11-01,09292000,1.15249376,09292000
2008-11-02,09292000,1.26292928,09292000
2008-11-03,09292000,1.20912736,09292000
2008-11-04,09292000,1.05338496,09292000
2008-11-05,09292000,0.88631584,09292000
2008-11-06,09292000,1.10152352,09292000
2008-11-07,09292000,1.16382048,09292000
2008-11-08,09292000,1.1666521600000002,09292000
2008-11-09,09292000,1.13550368,09292000
2008-11-10,09292000,1.132672,09292000
2008-11-11,09292000,1.08453344,09292000
2008-11-12,09292000,1.28275104,09292000
2008-11-13,09292000,1.53760224,09292000
2008-11-14,09292000,1.30823616,09292000
2008-11-15,09292000,0.991088,09292000
2008-11-16,09292000,1.04488992,09292000
2008-11-17,09292000,0.9995830399999999,09292000
2008-11-18,09292000,0.99391968,09292000
2008-11-19,09292000,0.96843456,09292000
2008-11-20,09292000,0.97126624,09292000
2008-11-21,09292000,0.9146326399999999,09292000
2008-11-22,09292000,0.8466723199999999,09292000
2008-11-23,09292000,0.9118009600000001,09292000
2008-11-24,09292000,0.8070288,09292000
2008-11-25,09292000,0.90330592,09292000
2008-11-26,09292000,0.99391968,09292000
2008-11-27,09292000,1.02789984,09292000
2008-11-28,09292000,0.93728608,09292000
2008-11-29,09292000,0.89764256,09292000
2008-11-30,09292000,0.9146326399999999,09292000
2008-12-01,09292000,0.90896928,09292000
2008-12-02,09292000,0.90047424,09292000
2008-12-03,09292000,0.89481088,09292000
2008-12-04,09292000,0.88631584,09292000
2008-12-05,09292000,0.9061376,09292000
2008-12-06,09292000,0.849504,09292000
2008-12-07,09292000,0.8778208,09292000
2008-12-08,09292000,0.87498912,09292000
2008-12-09,09292000,0.85233568,09292000
2008-12-10,09292000,0.8778208,09292000
2008-12-11,09292000,0.849504,09292000
2008-12-12,09292000,0.849504,09292000
2008-12-13,09292000,0.849504,09292000
2008-12-14,09292000,0.8211872,09292000
2008-12-15,09292000,0.7645535999999999,09292000
2008-12-16,09292000,0.7362368,09292000
2008-12-17,09292000,0.70792,09292000
2008-12-18,09292000,0.70792,09292000
2008-12-19,09292000,0.6796032,09292000
2008-12-20,09292000,0.6796032,09292000
2008-12-21,09292000,0.7362368,09292000
2008-12-22,09292000,0.7645535999999999,09292000
2008-12-23,09292000,0.70792,09292000
2008-12-24,09292000,0.6796032,09292000
2008-12-25,09292000,0.6512864,09292000
2008-12-26,09292000,0.6229696,09292000
2008-12-27,09292000,0.566336,09292000
2008-12-28,09292000,0.5946528,09292000
2008-12-29,09292000,0.5946528,09292000
2008-12-30,09292000,0.5946528,09292000
2008-12-31,09292000,0.6229696,09292000
2009-01-01,09292000,0.6229696,09292000
2009-01-02,09292000,0.5946528,09292000
2009-01-03,09292000,0.5946528,09292000
2009-01-04,09292000,0.566336,09292000
2009-01-05,09292000,0.5380192,09292000
2009-01-06,09292000,0.566336,09292000
2009-01-07,09292000,0.6229696,09292000
2009-01-08,09292000,0.6512864,09292000
2009-01-09,09292000,0.6512864,09292000
2009-01-10,09292000,0.6229696,09292000
2009-01-11,09292000,0.5946528,09292000
2009-01-12,09292000,0.5946528,09292000
2009-01-13,09292000,0.566336,09292000
2009-01-14,09292000,0.566336,09292000
2009-01-15,09292000,0.566336,09292000
2009-01-16,09292000,0.5946528,09292000
2009-01-17,09292000,0.5946528,09292000
2009-01-18,09292000,0.6229696,09292000
2009-01-19,09292000,0.6229696,09292000
2009-01-20,09292000,0.6229696,09292000
2009-01-21,09292000,0.6229696,09292000
2009-01-22,09292000,0.5946528,09292000
2009-01-23,09292000,0.5946528,09292000
2009-01-24,09292000,0.6229696,09292000
2009-01-25,09292000,0.6796032,09292000
2009-01-26,09292000,0.6512864,09292000
2009-01-27,09292000,0.5946528,09292000
2009-01-28,09292000,0.566336,09292000
2009-01-29,09292000,0.5946528,09292000
2009-01-30,09292000,0.5946528,09292000
2009-01-31,09292000,0.5946528,09292000
2009-02-01,09292000,0.566336,09292000
2009-02-02,09292000,0.566336,09292000
2009-02-03,09292000,0.566336,09292000
2009-02-04,09292000,0.5946528,09292000
2009-02-05,09292000,0.6229696,09292000
2009-02-06,09292000,0.5946528,09292000
2009-02-07,09292000,0.6229696,09292000
2009-02-08,09292000,0.6229696,09292000
2009-02-09,09292000,0.6512864,09292000
2009-02-10,09292000,0.6512864,09292000
2009-02-11,09292000,0.6512864,09292000
2009-02-12,09292000,0.6229696,09292000
2009-02-13,09292000,0.5946528,09292000
2009-02-14,09292000,0.5946528,09292000
2009-02-15,09292000,0.6229696,09292000
2009-02-16,09292000,0.6512864,09292000
2009-02-17,09292000,0.56350432,09292000
2009-02-18,09292000,0.5946528,09292000
2009-02-19,09292000,0.6229696,09292000
2009-02-20,09292000,0.6229696,09292000
2009-02-21,09292000,0.566336,09292000
2009-02-22,09292000,0.5493459199999999,09292000
2009-02-23,09292000,0.566336,09292000
2009-02-24,09292000,0.5946528,09292000
2009-02-25,09292000,0.5946528,09292000
2009-02-26,09292000,0.566336,09292000
2009-02-27,09292000,0.5380192,09292000
2009-02-28,09292000,0.5097024,09292000
2009-03-01,09292000,0.48138559999999997,09292000
2009-03-02,09292000,0.4389104,09292000
2009-03-03,09292000,0.45023712,09292000
2009-03-04,09292000,0.45023712,09292000
2009-03-05,09292000,0.4530688,09292000
2009-03-06,09292000,0.46156384,09292000
2009-03-07,09292000,0.47289055999999996,09292000
2009-03-08,09292000,0.57483104,09292000
2009-03-09,09292000,0.52952416,09292000
2009-03-10,09292000,0.75322688,09292000
2009-03-11,09292000,0.7503952,09292000
2009-03-12,09292000,0.7560585599999999,09292000
2009-03-13,09292000,0.62863296,09292000
2009-03-14,09292000,0.62580128,09292000
2009-03-15,09292000,0.48421728,09292000
2009-03-16,09292000,0.48988064000000003,09292000
2009-03-17,09292000,0.5238608,09292000
2009-03-18,09292000,0.5578409599999999,09292000
2009-03-19,09292000,0.57766272,09292000
2009-03-20,09292000,0.6796032,09292000
2009-03-21,09292000,0.7334051199999999,09292000
2009-03-22,09292000,0.73057344,09292000
2009-03-23,09292000,0.6342963199999999,09292000
2009-03-24,09292000,0.70225664,09292000
2009-03-25,09292000,0.8410089599999999,09292000
2009-03-26,09292000,0.9995830399999999,09292000
2009-03-27,09292000,1.37053312,09292000
2009-03-28,09292000,1.12134528,09292000
2009-03-29,09292000,1.00807808,09292000
2009-03-30,09292000,1.30823616,09292000
2009-03-31,09292000,1.14966208,09292000
2009-04-01,09292000,1.00241472,09292000
2009-04-02,09292000,0.96560288,09292000
2009-04-03,09292000,1.0194048,09292000
2009-04-04,09292000,1.05621664,09292000
2009-04-05,09292000,1.10152352,09292000
2009-04-06,09292000,0.99391968,09292000
2009-04-07,09292000,1.03073152,09292000
2009-04-08,09292000,1.05338496,09292000
2009-04-09,09292000,1.0052464,09292000
2009-04-10,09292000,1.0165731199999999,09292000
2009-04-11,09292000,1.06188,09292000
2009-04-12,09292000,1.08170176,09292000
2009-04-13,09292000,1.0986918399999999,09292000
2009-04-14,09292000,1.15249376,09292000
2009-04-15,09292000,1.12134528,09292000
2009-04-16,09292000,1.07320672,09292000
2009-04-17,09292000,1.1383353600000001,09292000
2009-04-18,09292000,1.29974112,09292000
2009-04-19,09292000,1.46964192,09292000
2009-04-20,09292000,1.72449312,09292000
2009-04-21,09292000,1.6225526399999999,09292000
2009-04-22,09292000,1.76696832,09292000
2009-04-23,09292000,1.9850076799999998,09292000
2009-04-24,09292000,1.64803776,09292000
2009-04-25,09292000,1.6650278399999998,09292000
2009-04-26,09292000,1.43283008,09292000
2009-04-27,09292000,1.5121171199999999,09292000
2009-04-28,09292000,1.60556256,09292000
2009-04-29,09292000,1.4951270399999999,09292000
2009-04-30,09292000,1.32239456,09292000
2009-05-01,09292000,1.46114688,09292000
2009-05-02,09292000,1.71882976,09292000
2009-05-03,09292000,1.9000572799999997,09292000
2009-05-04,09292000,2.61647232,09292000
2009-05-05,09292000,2.7325711999999998,09292000
2009-05-06,09292000,3.0015808,09292000
2009-05-07,09292000,3.7661344,09292000
2009-05-08,09292000,4.0776192,09292000
2009-05-09,09292000,4.4740544,09292000
2009-05-10,09292000,4.6722719999999995,09292000
2009-05-11,09292000,5.8332608,09292000
2009-05-12,09292000,7.1358336,09292000
2009-05-13,09292000,9.0330592,09292000
2009-05-14,09292000,8.693257599999999,09292000
2009-05-15,09292000,9.20296,09292000
2009-05-16,09292000,10.930284799999999,09292000
2009-05-17,09292000,16.5936448,09292000
2009-05-18,09292000,21.4641344,09292000
2009-05-19,09292000,23.219776,09292000
2009-05-20,09292000,19.6518592,09292000
2009-05-21,09292000,19.9067104,09292000
2009-05-22,09292000,17.4714656,09292000
2009-05-23,09292000,13.6486976,09292000
2009-05-24,09292000,20.954432,09292000
2009-05-25,09292000,14.9229536,09292000
2009-05-26,09292000,11.609888,09292000
2009-05-27,09292000,11.581571199999999,09292000
2009-05-28,09292000,11.4116704,09292000
2009-05-29,09292000,10.7320672,09292000
2009-05-30,09292000,9.5710784,09292000
2009-05-31,09292000,9.3162272,09292000
2009-06-01,09292000,8.9764256,09292000
2009-06-02,09292000,9.2312768,09292000
2009-06-03,09292000,9.6560288,09292000
2009-06-04,09292000,9.5427616,09292000
2009-06-05,09292000,8.778208,09292000
2009-06-06,09292000,7.1075168,09292000
2009-06-07,09292000,6.5411808,09292000
2009-06-08,09292000,5.8898944,09292000
2009-06-09,09292000,5.8898944,09292000
2009-06-10,09292000,5.8332608,09292000
2009-06-11,09292000,6.0597952,09292000
2009-06-12,09292000,5.8898944,09292000
2009-06-13,09292000,5.5500928,09292000
2009-06-14,09292000,5.238608,09292000
2009-06-15,09292000,5.2669248,09292000
2009-06-16,09292000,5.0120736,09292000
2009-06-17,09292000,6.7110816,09292000
2009-06-18,09292000,7.4473184,09292000
2009-06-19,09292000,6.3429632,09292000
2009-06-20,09292000,7.0792,09292000
2009-06-21,09292000,9.8542464,09292000
2009-06-22,09292000,8.1552384,09292000
2009-06-23,09292000,7.78712,09292000
2009-06-24,09292000,12.176224,09292000
2009-06-25,09292000,18.122752,09292000
2009-06-26,09292000,20.3597792,09292000
2009-06-27,09292000,12.9690944,09292000
2009-06-28,09292000,9.769296,09292000
2009-06-29,09292000,8.6083072,09292000
2009-06-30,09292000,7.9853376,09292000
2009-07-01,09292000,7.645536,09292000
2009-07-02,09292000,8.0419712,09292000
2009-07-03,09292000,8.8348416,09292000
2009-07-04,09292000,7.5889024,09292000
2009-07-05,09292000,6.7110816,09292000
2009-07-06,09292000,5.9182112,09292000
2009-07-07,09292000,5.3235584,09292000
2009-07-08,09292000,4.6722719999999995,09292000
2009-07-09,09292000,4.530688,09292000
2009-07-10,09292000,4.0493024,09292000
2009-07-11,09292000,3.7095008,09292000
2009-07-12,09292000,3.4263328,09292000
2009-07-13,09292000,3.2564319999999998,09292000
2009-07-14,09292000,2.9449472,09292000
2009-07-15,09292000,2.63063072,09292000
2009-07-16,09292000,2.38710624,09292000
2009-07-17,09292000,2.22570048,09292000
2009-07-18,09292000,2.11809664,09292000
2009-07-19,09292000,2.05579968,09292000
2009-07-20,09292000,2.02181952,09292000
2009-07-21,09292000,1.8207702399999999,09292000
2009-07-22,09292000,1.69617632,09292000
2009-07-23,09292000,1.62538432,09292000
2009-07-24,09292000,1.5715824,09292000
2009-07-25,09292000,1.8915622399999998,09292000
2009-07-26,09292000,3.0582143999999998,09292000
2009-07-27,09292000,2.18322528,09292000
2009-07-28,09292000,1.73581984,09292000
2009-07-29,09292000,1.51778048,09292000
2009-07-30,09292000,1.4016816,09292000
2009-07-31,09292000,1.30540448,09292000
2009-08-01,09292000,1.37053312,09292000
2009-08-02,09292000,1.3308896,09292000
2009-08-03,09292000,1.29124608,09292000
2009-08-04,09292000,1.20629568,09292000
2009-08-05,09292000,1.53193888,09292000
2009-08-06,09292000,2.14641344,09292000
2009-08-07,09292000,2.74106624,09292000
2009-08-08,09292000,2.16906688,09292000
2009-08-09,09292000,1.9595225600000001,09292000
2009-08-10,09292000,1.77829504,09292000
2009-08-11,09292000,1.57441408,09292000
2009-08-12,09292000,1.3960182399999999,09292000
2009-08-13,09292000,1.34221632,09292000
2009-08-14,09292000,1.51778048,09292000
2009-08-15,09292000,1.97651264,09292000
2009-08-16,09292000,1.5460972800000001,09292000
2009-08-17,09292000,1.35071136,09292000
2009-08-18,09292000,1.27708768,09292000
2009-08-19,09292000,1.1978006399999999,09292000
2009-08-20,09292000,1.2657609600000002,09292000
2009-08-21,09292000,1.21195904,09292000
2009-08-22,09292000,1.31956288,09292000
2009-08-23,09292000,1.5347705600000001,09292000
2009-08-24,09292000,1.1751472,09292000
2009-08-25,09292000,1.22894912,09292000
2009-08-26,09292000,1.3138995199999999,09292000
2009-08-27,09292000,1.20629568,09292000
2009-08-28,09292000,1.17231552,09292000
2009-08-29,09292000,1.132672,09292000
2009-08-30,09292000,1.10152352,09292000
2009-08-31,09292000,1.132672,09292000
2009-09-01,09292000,1.1751472,09292000
2009-09-02,09292000,1.17231552,09292000
2009-09-03,09292000,1.1978006399999999,09292000
2009-09-04,09292000,1.17797888,09292000
2009-09-05,09292000,1.18081056,09292000
2009-09-06,09292000,1.24877088,09292000
2009-09-07,09292000,1.17797888,09292000
2009-09-08,09292000,1.13550368,09292000
2009-09-09,09292000,1.10718688,09292000
2009-09-10,09292000,1.29124608,09292000
2009-09-11,09292000,1.44132512,09292000
2009-09-12,09292000,1.42150336,09292000
2009-09-13,09292000,1.4243350399999999,09292000
2009-09-14,09292000,1.6848496,09292000
2009-09-15,09292000,2.42674976,09292000
2009-09-16,09292000,1.5630873600000001,09292000
2009-09-17,09292000,1.49229536,09292000
2009-09-18,09292000,1.35637472,09292000
2009-09-19,09292000,1.46964192,09292000
2009-09-20,09292000,1.5121171199999999,09292000
2009-09-21,09292000,1.39035488,09292000
2009-09-22,09292000,1.2969094399999999,09292000
2009-09-23,09292000,1.73865152,09292000
2009-09-24,09292000,1.6565328,09292000
2009-09-25,09292000,1.59706752,09292000
2009-09-26,09292000,1.57724576,09292000
2009-09-27,09292000,1.5432656,09292000
2009-09-28,09292000,1.50362208,09292000
2009-09-29,09292000,1.48946368,09292000
2009-09-30,09292000,1.53193888,09292000
2009-10-01,09292000,1.25726592,09292000
2009-10-02,09292000,1.0165731199999999,09292000
2009-10-03,09292000,1.02506816,09292000
2009-10-04,09292000,1.18081056,09292000
2009-10-05,09292000,1.12700864,09292000
2009-10-06,09292000,1.0477216,09292000
2009-10-07,09292000,1.1043552,09292000
2009-10-08,09292000,1.1185136,09292000
2009-10-09,09292000,1.0194048,09292000
2009-10-10,09292000,1.03073152,09292000
2009-10-11,09292000,1.0165731199999999,09292000
2009-10-12,09292000,0.96560288,09292000
2009-10-13,09292000,0.99391968,09292000
2009-10-14,09292000,1.0986918399999999,09292000
2009-10-15,09292000,1.1156819199999999,09292000
2009-10-16,09292000,1.04488992,09292000
2009-10-17,09292000,0.99391968,09292000
2009-10-18,09292000,0.96843456,09292000
2009-10-19,09292000,0.9316227199999999,09292000
2009-10-20,09292000,0.91746432,09292000
2009-10-21,09292000,0.9146326399999999,09292000
2009-10-22,09292000,0.90896928,09292000
2009-10-23,09292000,0.84384064,09292000
2009-10-24,09292000,0.85799904,09292000
2009-10-25,09292000,0.74473184,09292000
2009-10-26,09292000,0.75322688,09292000
2009-10-27,09292000,0.9486128,09292000
2009-10-28,09292000,0.78720704,09292000
2009-10-29,09292000,0.90896928,09292000
2009-10-30,09292000,1.1893056,09292000
2009-10-31,09292000,1.20063232,09292000
2009-11-01,09292000,1.20912736,09292000
2009-11-02,09292000,1.19213728,09292000
2009-11-03,09292000,1.1978006399999999,09292000
2009-11-04,09292000,1.21195904,09292000
2009-11-05,09292000,1.20912736,09292000
2009-11-06,09292000,1.22328576,09292000
2009-11-07,09292000,1.1751472,09292000
2009-11-08,09292000,1.10152352,09292000
2009-11-09,09292000,1.06188,09292000
2009-11-10,09292000,1.1156819199999999,09292000
2009-11-11,09292000,1.12134528,09292000
2009-11-12,09292000,1.14399872,09292000
2009-11-13,09292000,1.10718688,09292000
2009-11-14,09292000,0.9118009600000001,09292000
2009-11-15,09292000,0.9627711999999999,09292000
2009-11-16,09292000,1.0194048,09292000
2009-11-17,09292000,1.0760384,09292000
2009-11-18,09292000,1.0392265600000001,09292000
2009-11-19,09292000,1.0194048,09292000
2009-11-20,09292000,0.97126624,09292000
2009-11-21,09292000,0.9769296,09292000
2009-11-22,09292000,0.9627711999999999,09292000
2009-11-23,09292000,0.9344544,09292000
2009-11-24,09292000,0.9344544,09292000
2009-11-25,09292000,0.9627711999999999,09292000
2009-11-26,09292000,0.95427616,09292000
2009-11-27,09292000,0.90047424,09292000
2009-11-28,09292000,0.88914752,09292000
2009-11-29,09292000,0.8778208,09292000
2009-11-30,09292000,0.849504,09292000
2009-12-01,09292000,0.8778208,09292000
2009-12-02,09292000,0.9061376,09292000
2009-12-03,09292000,0.849504,09292000
2009-12-04,09292000,0.7928704,09292000
2009-12-05,09292000,0.7928704,09292000
2009-12-06,09292000,0.7928704,09292000
2009-12-07,09292000,0.7645535999999999,09292000
2009-12-08,09292000,0.7645535999999999,09292000
2009-12-09,09292000,0.7362368,09292000
2009-12-10,09292000,0.70792,09292000
2009-12-11,09292000,0.7362368,09292000
2009-12-12,09292000,0.7362368,09292000
2009-12-13,09292000,0.7645535999999999,09292000
2009-12-14,09292000,0.7362368,09292000
2009-12-15,09292000,0.7645535999999999,09292000
2009-12-16,09292000,0.7645535999999999,09292000
2009-12-17,09292000,0.7645535999999999,09292000
2009-12-18,09292000,0.7645535999999999,09292000
2009-12-19,09292000,0.7362368,09292000
2009-12-20,09292000,0.7362368,09292000
2009-12-21,09292000,0.70792,09292000
2009-12-22,09292000,0.70792,09292000
2009-12-23,09292000,0.6796032,09292000
2009-12-24,09292000,0.6512864,09292000
2009-12-25,09292000,0.6512864,09292000
2009-12-26,09292000,0.6796032,09292000
2009-12-27,09292000,0.70792,09292000
2009-12-28,09292000,0.6512864,09292000
2009-12-29,09292000,0.6229696,09292000
2009-12-30,09292000,0.5946528,09292000
2009-12-31,09292000,0.5946528,09292000
2010-01-01,09292000,0.6229696,09292000
2010-01-02,09292000,0.6512864,09292000
2010-01-03,09292000,0.6229696,09292000
2010-01-04,09292000,0.6229696,09292000
2010-01-05,09292000,0.6512864,09292000
2010-01-06,09292000,0.71358336,09292000
2010-01-07,09292000,0.70792,09292000
2010-01-08,09292000,0.6796032,09292000
2010-01-09,09292000,0.6512864,09292000
2010-01-10,09292000,0.6512864,09292000
2010-01-11,09292000,0.6229696,09292000
2010-01-12,09292000,0.6229696,09292000
2010-01-13,09292000,0.67110816,09292000
2010-01-14,09292000,0.67393984,09292000
2010-01-15,09292000,0.6796032,09292000
2010-01-16,09292000,0.6796032,09292000
2010-01-17,09292000,0.6682764800000001,09292000
2010-01-18,09292000,0.6682764800000001,09292000
2010-01-19,09292000,0.68809824,09292000
2010-01-20,09292000,0.6796032,09292000
2010-01-21,09292000,0.70225664,09292000
2010-01-22,09292000,0.72491008,09292000
2010-01-23,09292000,0.6512864,09292000
2010-01-24,09292000,0.6512864,09292000
2010-01-25,09292000,0.566336,09292000
2010-01-26,09292000,0.6229696,09292000
2010-01-27,09292000,0.5946528,09292000
2010-01-28,09292000,0.5946528,09292000
2010-01-29,09292000,0.566336,09292000
2010-01-30,09292000,0.5946528,09292000
2010-01-31,09292000,0.5946528,09292000
2010-02-01,09292000,0.5946528,09292000
2010-02-02,09292000,0.6229696,09292000
2010-02-03,09292000,0.6229696,09292000
2010-02-04,09292000,0.6512864,09292000
2010-02-05,09292000,0.6229696,09292000
2010-02-06,09292000,0.63995968,09292000
2010-02-07,09292000,0.63995968,09292000
2010-02-08,09292000,0.6229696,09292000
2010-02-09,09292000,0.6512864,09292000
2010-02-10,09292000,0.6796032,09292000
2010-02-11,09292000,0.7362368,09292000
2010-02-12,09292000,0.7928704,09292000
2010-02-13,09292000,0.7645535999999999,09292000
2010-02-14,09292000,0.7362368,09292000
2010-02-15,09292000,0.7362368,09292000
2010-02-16,09292000,0.70792,09292000
2010-02-17,09292000,0.6512864,09292000
2010-02-18,09292000,0.58898944,09292000
2010-02-19,09292000,0.5946528,09292000
2010-02-20,09292000,0.5833260800000001,09292000
2010-02-21,09292000,0.5946528,09292000
2010-02-22,09292000,0.566336,09292000
2010-02-23,09292000,0.566336,09292000
2010-02-24,09292000,0.5380192,09292000
2010-02-25,09292000,0.566336,09292000
2010-02-26,09292000,0.5380192,09292000
2010-02-27,09292000,0.5097024,09292000
2010-02-28,09292000,0.56067264,09292000
2010-03-01,09292000,0.566336,09292000
2010-03-02,09292000,0.566336,09292000
2010-03-03,09292000,0.5691676800000001,09292000
2010-03-04,09292000,0.61730624,09292000
2010-03-05,09292000,0.6626131199999999,09292000
2010-03-06,09292000,0.6569497599999999,09292000
2010-03-07,09292000,0.65978144,09292000
2010-03-08,09292000,0.6512864,09292000
2010-03-09,09292000,0.62863296,09292000
2010-03-10,09292000,0.6342963199999999,09292000
2010-03-11,09292000,0.5946528,09292000
2010-03-12,09292000,0.566336,09292000
2010-03-13,09292000,0.5380192,09292000
2010-03-14,09292000,0.5380192,09292000
2010-03-15,09292000,0.566336,09292000
2010-03-16,09292000,0.5946528,09292000
2010-03-17,09292000,0.566336,09292000
2010-03-18,09292000,0.5946528,09292000
2010-03-19,09292000,0.566336,09292000
2010-03-20,09292000,0.5380192,09292000
2010-03-21,09292000,0.566336,09292000
2010-03-22,09292000,0.5946528,09292000
2010-03-23,09292000,0.6229696,09292000
2010-03-24,09292000,0.62863296,09292000
2010-03-25,09292000,0.64562304,09292000
2010-03-26,09292000,0.64562304,09292000
2010-03-27,09292000,0.63146464,09292000
2010-03-28,09292000,0.637128,09292000
2010-03-29,09292000,0.6654448,09292000
2010-03-30,09292000,0.65978144,09292000
2010-03-31,09292000,0.68809824,09292000
2010-04-01,09292000,0.9061376,09292000
2010-04-02,09292000,0.9486128,09292000
2010-04-03,09292000,0.920296,09292000
2010-04-04,09292000,0.92312768,09292000
2010-04-05,09292000,0.92312768,09292000
2010-04-06,09292000,0.9061376,09292000
2010-04-07,09292000,1.11285024,09292000
2010-04-08,09292000,0.9344544,09292000
2010-04-09,09292000,0.9825929600000001,09292000
2010-04-10,09292000,0.98825632,09292000
2010-04-11,09292000,1.02789984,09292000
2010-04-12,09292000,1.0901968,09292000
2010-04-13,09292000,1.09302848,09292000
2010-04-14,09292000,1.08453344,09292000
2010-04-15,09292000,1.1468304,09292000
2010-04-16,09292000,1.22894912,09292000
2010-04-17,09292000,1.30823616,09292000
2010-04-18,09292000,1.41867168,09292000
2010-04-19,09292000,1.46114688,09292000
2010-04-20,09292000,1.50928544,09292000
2010-04-21,09292000,2.0473046399999997,09292000
2010-04-22,09292000,1.8632454399999998,09292000
2010-04-23,09292000,1.5347705600000001,09292000
2010-04-24,09292000,1.21195904,09292000
2010-04-25,09292000,1.49795872,09292000
2010-04-26,09292000,1.27708768,09292000
2010-04-27,09292000,1.203464,09292000
2010-04-28,09292000,1.27708768,09292000
2010-04-29,09292000,1.28275104,09292000
2010-04-30,09292000,1.4016816,09292000
2010-05-01,09292000,1.3252262399999999,09292000
2010-05-02,09292000,1.2855827199999998,09292000
2010-05-03,09292000,1.2600976,09292000
2010-05-04,09292000,1.29407776,09292000
2010-05-05,09292000,1.3252262399999999,09292000
2010-05-06,09292000,1.39035488,09292000
2010-05-07,09292000,1.3677014399999998,09292000
2010-05-08,09292000,1.3960182399999999,09292000
2010-05-09,09292000,1.4668102399999998,09292000
2010-05-10,09292000,1.5347705600000001,09292000
2010-05-11,09292000,1.81793856,09292000
2010-05-12,09292000,1.6621961600000001,09292000
2010-05-13,09292000,1.52627552,09292000
2010-05-14,09292000,1.41867168,09292000
2010-05-15,09292000,1.3252262399999999,09292000
2010-05-16,09292000,1.2600976,09292000
2010-05-17,09292000,1.39318656,09292000
2010-05-18,09292000,1.43283008,09292000
2010-05-19,09292000,1.30823616,09292000
2010-05-20,09292000,1.49795872,09292000
2010-05-21,09292000,1.9510275200000002,09292000
2010-05-22,09292000,2.0388096,09292000
2010-05-23,09292000,1.55459232,09292000
2010-05-24,09292000,1.27708768,09292000
2010-05-25,09292000,1.30540448,09292000
2010-05-26,09292000,1.54043392,09292000
2010-05-27,09292000,1.87457216,09292000
2010-05-28,09292000,3.681184,09292000
2010-05-29,09292000,5.4651423999999995,09292000
2010-05-30,09292000,5.8332608,09292000
2010-05-31,09292000,7.362368,09292000
2010-06-01,09292000,8.1552384,09292000
2010-06-02,09292000,8.4384064,09292000
2010-06-03,09292000,13.5071136,09292000
2010-06-04,09292000,21.379184,09292000
2010-06-05,09292000,48.421728,09292000
2010-06-06,09292000,48.704896,09292000
2010-06-07,09292000,48.704896,09292000
2010-06-08,09292000,39.926688,09292000
2010-06-09,09292000,23.7011616,09292000
2010-06-10,09292000,18.1510688,09292000
2010-06-11,09292000,11.2984032,09292000
2010-06-12,09292000,10.137414399999999,09292000
2010-06-13,09292000,9.2879104,09292000
2010-06-14,09292000,8.6083072,09292000
2010-06-15,09292000,9.6843456,09292000
2010-06-16,09292000,11.4399872,09292000
2010-06-17,09292000,9.2312768,09292000
2010-06-18,09292000,9.2595936,09292000
2010-06-19,09292000,10.6754336,09292000
2010-06-20,09292000,10.1657312,09292000
2010-06-21,09292000,9.4578112,09292000
2010-06-22,09292000,8.7498912,09292000
2010-06-23,09292000,8.1269216,09292000
2010-06-24,09292000,8.4384064,09292000
2010-06-25,09292000,8.4384064,09292000
2010-06-26,09292000,7.6172192,09292000
2010-06-27,09292000,7.1075168,09292000
2010-06-28,09292000,6.6544479999999995,09292000
2010-06-29,09292000,6.2013792,09292000
2010-06-30,09292000,5.7483104,09292000
2010-07-01,09292000,6.5978144,09292000
2010-07-02,09292000,8.6083072,09292000
2010-07-03,09292000,6.2580127999999995,09292000
2010-07-04,09292000,5.1536576,09292000
2010-07-05,09292000,4.1908864,09292000
2010-07-06,09292000,3.7378176,09292000
2010-07-07,09292000,3.4829664,09292000
2010-07-08,09292000,3.5112832,09292000
2010-07-09,09292000,3.4829664,09292000
2010-07-10,09292000,3.5396,09292000
2010-07-11,09292000,3.3696992,09292000
2010-07-12,09292000,2.9449472,09292000
2010-07-13,09292000,2.69575936,09292000
2010-07-14,09292000,2.55700704,09292000
2010-07-15,09292000,2.3502944,09292000
2010-07-16,09292000,2.1520768,09292000
2010-07-17,09292000,2.02181952,09292000
2010-07-18,09292000,1.982176,09292000
2010-07-19,09292000,1.8858988799999998,09292000
2010-07-20,09292000,1.81793856,09292000
2010-07-21,09292000,2.1747302399999997,09292000
2010-07-22,09292000,3.114848,09292000
2010-07-23,09292000,2.1803936,09292000
2010-07-24,09292000,1.83492864,09292000
2010-07-25,09292000,1.7131664,09292000
2010-07-26,09292000,1.67918624,09292000
2010-07-27,09292000,1.6933446399999998,09292000
2010-07-28,09292000,1.8236019200000002,09292000
2010-07-29,09292000,2.28516576,09292000
2010-07-30,09292000,2.1039382399999997,09292000
2010-07-31,09292000,2.22570048,09292000
2010-08-01,09292000,2.70991776,09292000
2010-08-02,09292000,4.3041536,09292000
2010-08-03,09292000,2.973264,09292000
2010-08-04,09292000,2.8883136,09292000
2010-08-05,09292000,4.389104,09292000
2010-08-06,09292000,3.0582143999999998,09292000
2010-08-07,09292000,2.6787692799999996,09292000
2010-08-08,09292000,2.68726432,09292000
2010-08-09,09292000,2.3219776,09292000
2010-08-10,09292000,2.0473046399999997,09292000
2010-08-11,09292000,1.94819584,09292000
2010-08-12,09292000,1.94536416,09292000
2010-08-13,09292000,1.73015648,09292000
2010-08-14,09292000,1.5829091199999998,09292000
2010-08-15,09292000,1.4951270399999999,09292000
2010-08-16,09292000,1.44982016,09292000
2010-08-17,09292000,1.4583152,09292000
2010-08-18,09292000,1.4299984,09292000
2010-08-19,09292000,1.84625536,09292000
2010-08-20,09292000,1.72449312,09292000
2010-08-21,09292000,1.4384934399999998,09292000
2010-08-22,09292000,1.3677014399999998,09292000
2010-08-23,09292000,1.48946368,09292000
2010-08-24,09292000,1.3138995199999999,09292000
2010-08-25,09292000,1.3592064,09292000
2010-08-26,09292000,1.66785952,09292000
2010-08-27,09292000,1.63954272,09292000
2010-08-28,09292000,2.1803936,09292000
2010-08-29,09292000,2.3248092799999998,09292000
2010-08-30,09292000,1.73865152,09292000
2010-08-31,09292000,1.55176064,09292000
2010-09-01,09292000,1.3846915199999998,09292000
2010-09-02,09292000,1.27142432,09292000
2010-09-03,09292000,1.52627552,09292000
2010-09-04,09292000,1.61972096,09292000
2010-09-05,09292000,1.56025568,09292000
2010-09-06,09292000,1.49795872,09292000
2010-09-07,09292000,1.46114688,09292000
2010-09-08,09292000,1.46114688,09292000
2010-09-09,09292000,1.54043392,09292000
2010-09-10,09292000,1.48096864,09292000
2010-09-11,09292000,1.43283008,09292000
2010-09-12,09292000,1.38185984,09292000
2010-09-13,09292000,1.35071136,09292000
2010-09-14,09292000,1.31956288,09292000
2010-09-15,09292000,1.2884144,09292000
2010-09-16,09292000,1.25443424,09292000
2010-09-17,09292000,1.23461248,09292000
2010-09-18,09292000,1.21195904,09292000
2010-09-19,09292000,1.1978006399999999,09292000
2010-09-20,09292000,1.1609888,09292000
2010-09-21,09292000,1.1666521600000002,09292000
2010-09-22,09292000,1.2600976,09292000
2010-09-23,09292000,1.49795872,09292000
2010-09-24,09292000,1.3252262399999999,09292000
2010-09-25,09292000,1.24310752,09292000
2010-09-26,09292000,1.1978006399999999,09292000
2010-09-27,09292000,1.1666521600000002,09292000
2010-09-28,09292000,1.14399872,09292000
2010-09-29,09292000,1.1751472,09292000
2010-09-30,09292000,1.1468304,09292000
2010-10-01,09292000,1.10152352,09292000
2010-10-02,09292000,1.07320672,09292000
2010-10-03,09292000,1.0703750399999998,09292000
2010-10-04,09292000,1.0986918399999999,09292000
2010-10-05,09292000,1.1694838399999998,09292000
2010-10-06,09292000,1.2317808,09292000
2010-10-07,09292000,1.47530528,09292000
2010-10-08,09292000,1.48946368,09292000
2010-10-09,09292000,1.22045408,09292000
2010-10-10,09292000,1.0986918399999999,09292000
2010-10-11,09292000,1.0760384,09292000
2010-10-12,09292000,1.05338496,09292000
2010-10-13,09292000,0.9769296,09292000
2010-10-14,09292000,0.9259593600000001,09292000
2010-10-15,09292000,0.88914752,09292000
2010-10-16,09292000,0.8608307199999999,09292000
2010-10-17,09292000,0.85799904,09292000
2010-10-18,09292000,0.9259593600000001,09292000
2010-10-19,09292000,0.8466723199999999,09292000
2010-10-20,09292000,0.81269216,09292000
2010-10-21,09292000,0.8070288,09292000
2010-10-22,09292000,0.9061376,09292000
2010-10-23,09292000,0.9457811199999999,09292000
2010-10-24,09292000,0.9287910399999999,09292000
2010-10-25,09292000,1.41867168,09292000
2010-10-26,09292000,0.95427616,09292000
2010-10-27,09292000,1.00241472,09292000
2010-10-28,09292000,1.0420582399999998,09292000
2010-10-29,09292000,1.11285024,09292000
2010-10-30,09292000,1.02506816,09292000
2010-10-31,09292000,0.9627711999999999,09292000
2010-11-01,09292000,0.89764256,09292000
2010-11-02,09292000,0.86932576,09292000
2010-11-03,09292000,0.93728608,09292000
2010-11-04,09292000,0.9571078399999999,09292000
2010-11-05,09292000,0.94011776,09292000
2010-11-06,09292000,0.9486128,09292000
2010-11-07,09292000,0.9571078399999999,09292000
2010-11-08,09292000,0.9995830399999999,09292000
2010-11-09,09292000,0.9995830399999999,09292000
2010-11-10,09292000,0.9599395199999999,09292000
2010-11-11,09292000,1.35071136,09292000
2010-11-12,09292000,1.29124608,09292000
2010-11-13,09292000,1.3252262399999999,09292000
2010-11-14,09292000,1.3308896,09292000
2010-11-15,09292000,1.27708768,09292000
2010-11-16,09292000,1.29124608,09292000
2010-11-17,09292000,1.3138995199999999,09292000
2010-11-18,09292000,1.27142432,09292000
2010-11-19,09292000,1.21195904,09292000
2010-11-20,09292000,1.23461248,09292000
2010-11-21,09292000,1.32805792,09292000
2010-11-22,09292000,1.2176224,09292000
2010-11-23,09292000,1.1893056,09292000
2010-11-24,09292000,1.1609888,09292000
2010-11-25,09292000,1.1609888,09292000
2010-11-26,09292000,1.1893056,09292000
2010-11-27,09292000,1.1893056,09292000
2010-11-28,09292000,1.2176224,09292000
2010-11-29,09292000,1.1609888,09292000
2010-11-30,09292000,1.132672,09292000
2010-12-01,09292000,1.1609888,09292000
2010-12-02,09292000,1.1609888,09292000
2010-12-03,09292000,1.20912736,09292000
2010-12-04,09292000,1.17797888,09292000
2010-12-05,09292000,1.18364224,09292000
2010-12-06,09292000,1.1609888,09292000
2010-12-07,09292000,1.15532544,09292000
2010-12-08,09292000,1.1043552,09292000
2010-12-09,09292000,1.132672,09292000
2010-12-10,09292000,1.1383353600000001,09292000
2010-12-11,09292000,1.12700864,09292000
2010-12-12,09292000,1.11001856,09292000
2010-12-13,09292000,1.1411670399999998,09292000
2010-12-14,09292000,1.12984032,09292000
2010-12-15,09292000,1.0760384,09292000
2010-12-16,09292000,1.0760384,09292000
2010-12-17,09292000,1.0477216,09292000
2010-12-18,09292000,1.0760384,09292000
2010-12-19,09292000,1.0760384,09292000
2010-12-20,09292000,1.0760384,09292000
2010-12-21,09292000,1.0194048,09292000
2010-12-22,09292000,1.0194048,09292000
2010-12-23,09292000,1.0477216,09292000
2010-12-24,09292000,1.0194048,09292000
2010-12-25,09292000,1.0194048,09292000
2010-12-26,09292000,1.0194048,09292000
2010-12-27,09292000,0.991088,09292000
2010-12-28,09292000,0.9627711999999999,09292000
2010-12-29,09292000,0.9344544,09292000
2010-12-30,09292000,0.9061376,09292000
2010-12-31,09292000,0.8778208,09292000
2011-01-01,09292000,0.849504,09292000
2011-01-02,09292000,0.9061376,09292000
2011-01-03,09292000,0.9061376,09292000
2011-01-04,09292000,0.9061376,09292000
2011-01-05,09292000,0.95427616,09292000
2011-01-06,09292000,0.9344544,09292000
2011-01-07,09292000,0.920296,09292000
2011-01-08,09292000,0.9061376,09292000
2011-01-09,09292000,0.8919792,09292000
2011-01-10,09292000,0.849504,09292000
2011-01-11,09292000,0.8778208,09292000
2011-01-12,09292000,0.9061376,09292000
2011-01-13,09292000,0.9344544,09292000
2011-01-14,09292000,0.9486128,09292000
2011-01-15,09292000,0.9627711999999999,09292000
2011-01-16,09292000,0.9486128,09292000
2011-01-17,09292000,0.9344544,09292000
2011-01-18,09292000,0.920296,09292000
2011-01-19,09292000,0.9061376,09292000
2011-01-20,09292000,0.8778208,09292000
2011-01-21,09292000,0.8778208,09292000
2011-01-22,09292000,0.87498912,09292000
2011-01-23,09292000,0.87498912,09292000
2011-01-24,09292000,0.87498912,09292000
2011-01-25,09292000,0.87498912,09292000
2011-01-26,09292000,0.87498912,09292000
2011-01-27,09292000,0.85233568,09292000
2011-01-28,09292000,0.849504,09292000
2011-01-29,09292000,0.79570208,09292000
2011-01-30,09292000,0.7645535999999999,09292000
2011-01-31,09292000,0.7645535999999999,09292000
2011-02-01,09292000,0.7362368,09292000
2011-02-02,09292000,0.70792,09292000
2011-02-03,09292000,0.72491008,09292000
2011-02-04,09292000,0.7220784,09292000
2011-02-05,09292000,0.71641504,09292000
2011-02-06,09292000,0.72774176,09292000
2011-02-07,09292000,0.71641504,09292000
2011-02-08,09292000,0.71358336,09292000
2011-02-09,09292000,0.69659328,09292000
2011-02-10,09292000,0.67110816,09292000
2011-02-11,09292000,0.67110816,09292000
2011-02-12,09292000,0.67110816,09292000
2011-02-13,09292000,0.67110816,09292000
2011-02-14,09292000,0.67393984,09292000
2011-02-15,09292000,0.6796032,09292000
2011-02-16,09292000,0.6796032,09292000
2011-02-17,09292000,0.72774176,09292000
2011-02-18,09292000,0.72774176,09292000
2011-02-19,09292000,0.72774176,09292000
2011-02-20,09292000,0.73057344,09292000
2011-02-21,09292000,0.73057344,09292000
2011-02-22,09292000,0.73057344,09292000
2011-02-23,09292000,0.73057344,09292000
2011-02-24,09292000,0.7334051199999999,09292000
2011-02-25,09292000,0.67677152,09292000
2011-02-26,09292000,0.6796032,09292000
2011-02-27,09292000,0.6796032,09292000
2011-02-28,09292000,0.6796032,09292000
2011-03-01,09292000,0.6796032,09292000
2011-03-02,09292000,0.6937616,09292000
2011-03-03,09292000,0.69942496,09292000
2011-03-04,09292000,0.70508832,09292000
2011-03-05,09292000,0.71075168,09292000
2011-03-06,09292000,0.71641504,09292000
2011-03-07,09292000,0.71641504,09292000
2011-03-08,09292000,0.7192467199999999,09292000
2011-03-09,09292000,0.71641504,09292000
2011-03-10,09292000,0.7192467199999999,09292000
2011-03-11,09292000,0.7192467199999999,09292000
2011-03-12,09292000,0.7362368,09292000
2011-03-13,09292000,0.7475635199999999,09292000
2011-03-14,09292000,0.72774176,09292000
2011-03-15,09292000,0.70225664,09292000
2011-03-16,09292000,0.68526656,09292000
2011-03-17,09292000,0.6796032,09292000
2011-03-18,09292000,0.7362368,09292000
2011-03-19,09292000,0.9769296,09292000
2011-03-20,09292000,0.90896928,09292000
2011-03-21,09292000,0.89481088,09292000
2011-03-22,09292000,0.90896928,09292000
2011-03-23,09292000,0.8778208,09292000
2011-03-24,09292000,0.9797612800000001,09292000
2011-03-25,09292000,0.96560288,09292000
2011-03-26,09292000,0.88914752,09292000
2011-03-27,09292000,0.9854246399999999,09292000
2011-03-28,09292000,0.9259593600000001,09292000
2011-03-29,09292000,1.0165731199999999,09292000
2011-03-30,09292000,0.97126624,09292000
2011-03-31,09292000,1.06188,09292000
2011-04-01,09292000,1.1978006399999999,09292000
2011-04-02,09292000,1.3960182399999999,09292000
2011-04-03,09292000,1.68768128,09292000
2011-04-04,09292000,1.54043392,09292000
2011-04-05,09292000,1.5659190399999998,09292000
2011-04-06,09292000,1.7443148800000001,09292000
2011-04-07,09292000,1.7273247999999999,09292000
2011-04-08,09292000,1.6820179199999998,09292000
2011-04-09,09292000,1.6282159999999999,09292000
2011-04-10,09292000,1.65086944,09292000
2011-04-11,09292000,1.5829091199999998,09292000
2011-04-12,09292000,1.5998992,09292000
2011-04-13,09292000,1.63104768,09292000
2011-04-14,09292000,1.63954272,09292000
2011-04-15,09292000,1.58857248,09292000
2011-04-16,09292000,1.73015648,09292000
2011-04-17,09292000,2.08694816,09292000
2011-04-18,09292000,2.71558112,09292000
2011-04-19,09292000,2.8883136,09292000
2011-04-20,09292000,2.61647232,09292000
2011-04-21,09292000,2.11243328,09292000
2011-04-22,09292000,1.64803776,09292000
2011-04-23,09292000,1.52061216,09292000
2011-04-24,09292000,1.80378016,09292000
2011-04-25,09292000,1.9651859200000001,09292000
2011-04-26,09292000,1.9708492799999997,09292000
2011-04-27,09292000,1.90572064,09292000
2011-04-28,09292000,1.7698,09292000
2011-04-29,09292000,1.6112259199999999,09292000
2011-04-30,09292000,1.46964192,09292000
2011-05-01,09292000,1.4130083199999999,09292000
2011-05-02,09292000,1.3846915199999998,09292000
2011-05-03,09292000,1.41867168,09292000
2011-05-04,09292000,1.45548352,09292000
2011-05-05,09292000,1.61972096,09292000
2011-05-06,09292000,1.8660771200000001,09292000
2011-05-07,09292000,2.26251232,09292000
2011-05-08,09292000,3.0582143999999998,09292000
2011-05-09,09292000,3.0015808,09292000
2011-05-10,09292000,2.1407500799999997,09292000
2011-05-11,09292000,1.7131664,09292000
2011-05-12,09292000,1.5121171199999999,09292000
2011-05-13,09292000,1.7273247999999999,09292000
2011-05-14,09292000,2.5060368,09292000
2011-05-15,09292000,3.114848,09292000
2011-05-16,09292000,4.1625696,09292000
2011-05-17,09292000,3.7378176,09292000
2011-05-18,09292000,3.3696992,09292000
2011-05-19,09292000,3.0865312,09292000
2011-05-20,09292000,2.68160096,09292000
2011-05-21,09292000,2.61080896,09292000
2011-05-22,09292000,2.8599968,09292000
2011-05-23,09292000,3.2564319999999998,09292000
2011-05-24,09292000,3.1431648,09292000
2011-05-25,09292000,2.9449472,09292000
2011-05-26,09292000,3.3413824,09292000
2011-05-27,09292000,3.5396,09292000
2011-05-28,09292000,3.7095008,09292000
2011-05-29,09292000,3.6528671999999998,09292000
2011-05-30,09292000,3.398016,09292000
2011-05-31,09292000,3.0298976,09292000
2011-06-01,09292000,3.5679168,09292000
2011-06-02,09292000,4.7005888,09292000
2011-06-03,09292000,5.5784096,09292000
2011-06-04,09292000,6.4279136,09292000
2011-06-05,09292000,8.7498912,09292000
2011-06-06,09292000,12.8558272,09292000
2011-06-07,09292000,13.6203808,09292000
2011-06-08,09292000,16.1122592,09292000
2011-06-09,09292000,16.0839424,09292000
2011-06-10,09292000,15.857408,09292000
2011-06-11,09292000,18.8023552,09292000
2011-06-12,09292000,22.087104,09292000
2011-06-13,09292000,23.219776,09292000
2011-06-14,09292000,23.219776,09292000
2011-06-15,09292000,26.4195744,09292000
2011-06-16,09292000,31.997984,09292000
2011-06-17,09292000,32.56432,09292000
2011-06-18,09292000,31.14848,09292000
2011-06-19,09292000,28.203532799999998,09292000
2011-06-20,09292000,22.2570048,09292000
2011-06-21,09292000,23.9560128,09292000
2011-06-22,09292000,28.883136,09292000
2011-06-23,09292000,31.714816,09292000
2011-06-24,09292000,34.829664,09292000
2011-06-25,09292000,38.794016,09292000
2011-06-26,09292000,38.794016,09292000
2011-06-27,09292000,36.81184,09292000
2011-06-28,09292000,34.546496,09292000
2011-06-29,09292000,37.378175999999996,09292000
2011-06-30,09292000,46.156384,09292000
2011-07-01,09292000,36.81184,09292000
2011-07-02,09292000,30.582144,09292000
2011-07-03,09292000,29.73264,09292000
2011-07-04,09292000,31.14848,09292000
2011-07-05,09292000,31.997984,09292000
2011-07-06,09292000,31.714816,09292000
2011-07-07,09292000,31.997984,09292000
2011-07-08,09292000,33.130656,09292000
2011-07-09,09292000,26.1364064,09292000
2011-07-10,09292000,25.4568032,09292000
2011-07-11,09292000,22.8799744,09292000
2011-07-12,09292000,27.4389792,09292000
2011-07-13,09292000,25.5983872,09292000
2011-07-14,09292000,24.6922496,09292000
2011-07-15,09292000,20.3597792,09292000
2011-07-16,09292000,17.556416,09292000
2011-07-17,09292000,16.6502784,09292000
2011-07-18,09292000,18.9439392,09292000
2011-07-19,09292000,19.7651264,09292000
2011-07-20,09292000,20.7562144,09292000
2011-07-21,09292000,15.57424,09292000
2011-07-22,09292000,13.0823616,09292000
2011-07-23,09292000,11.3833536,09292000
2011-07-24,09292000,10.1657312,09292000
2011-07-25,09292000,9.3162272,09292000
2011-07-26,09292000,9.8542464,09292000
2011-07-27,09292000,9.5993952,09292000
2011-07-28,09292000,8.2968224,09292000
2011-07-29,09292000,7.5889024,09292000
2011-07-30,09292000,7.0225664,09292000
2011-07-31,09292000,6.7110816,09292000
2011-08-01,09292000,6.7393984,09292000
2011-08-02,09292000,6.37128,09292000
2011-08-03,09292000,6.0031616,09292000
2011-08-04,09292000,5.8332608,09292000
2011-08-05,09292000,5.6916768,09292000
2011-08-06,09292000,5.1536576,09292000
2011-08-07,09292000,4.8421728,09292000
2011-08-08,09292000,4.5023712,09292000
2011-08-09,09292000,4.1908864,09292000
2011-08-10,09292000,3.9360352,09292000
2011-08-11,09292000,3.7661344,09292000
2011-08-12,09292000,3.6528671999999998,09292000
2011-08-13,09292000,3.5112832,09292000
2011-08-14,09292000,3.5112832,09292000
2011-08-15,09292000,4.1625696,09292000
2011-08-16,09292000,3.9077184,09292000
2011-08-17,09292000,3.5396,09292000
2011-08-18,09292000,3.2847488,09292000
2011-08-19,09292000,3.2847488,09292000
2011-08-20,09292000,3.398016,09292000
2011-08-21,09292000,4.7855392,09292000
2011-08-22,09292000,4.1908864,09292000
2011-08-23,09292000,3.6528671999999998,09292000
2011-08-24,09292000,3.398016,09292000
2011-08-25,09292000,3.3696992,09292000
2011-08-26,09292000,3.7944512,09292000
2011-08-27,09292000,3.5112832,09292000
2011-08-28,09292000,3.8510847999999998,09292000
2011-08-29,09292000,4.5873216,09292000
2011-08-30,09292000,3.5396,09292000
2011-08-31,09292000,3.3130656,09292000
2011-09-01,09292000,2.9166304,09292000
2011-09-02,09292000,2.66744256,09292000
2011-09-03,09292000,2.48904672,09292000
2011-09-04,09292000,2.3701161600000002,09292000
2011-09-05,09292000,2.25684896,09292000
2011-09-06,09292000,2.5201952,09292000
2011-09-07,09292000,2.26251232,09292000
2011-09-08,09292000,2.1492451200000002,09292000
2011-09-09,09292000,2.65611584,09292000
2011-09-10,09292000,2.17756192,09292000
2011-09-11,09292000,2.05013632,09292000
2011-09-12,09292000,2.01615616,09292000
2011-09-13,09292000,2.09827488,09292000
2011-09-14,09292000,1.9708492799999997,09292000
2011-09-15,09292000,1.9283740799999998,09292000
2011-09-16,09292000,1.9963344,09292000
2011-09-17,09292000,2.0246512,09292000
2011-09-18,09292000,1.8943939200000002,09292000
2011-09-19,09292000,1.6848496,09292000
2011-09-20,09292000,1.54043392,09292000
2011-09-21,09292000,1.46114688,09292000
2011-09-22,09292000,1.5942358399999998,09292000
2011-09-23,09292000,1.5291071999999999,09292000
2011-09-24,09292000,1.486632,09292000
2011-09-25,09292000,1.4724736,09292000
2011-09-26,09292000,1.42716672,09292000
2011-09-27,09292000,1.71882976,09292000
2011-09-28,09292000,1.8830672,09292000
2011-09-29,09292000,1.8292652799999998,09292000
2011-09-30,09292000,1.78962176,09292000
2011-10-01,09292000,1.42716672,09292000
2011-10-02,09292000,1.1666521600000002,09292000
2011-10-03,09292000,1.16382048,09292000
2011-10-04,09292000,1.2969094399999999,09292000
2011-10-05,09292000,2.6589475200000003,09292000
2011-10-06,09292000,3.0865312,09292000
2011-10-07,09292000,2.3786112,09292000
2011-10-08,09292000,2.16057184,09292000
2011-10-09,09292000,1.9935027200000002,09292000
2011-10-10,09292000,1.8122752,09292000
2011-10-11,09292000,1.80661184,09292000
2011-10-12,09292000,1.7443148800000001,09292000
2011-10-13,09292000,1.63954272,09292000
2011-10-14,09292000,1.8151068799999999,09292000
2011-10-15,09292000,1.91704736,09292000
2011-10-16,09292000,2.1350867200000003,09292000
2011-10-17,09292000,2.34463104,09292000
2011-10-18,09292000,1.9566908799999998,09292000
2011-10-19,09292000,1.83209696,09292000
2011-10-20,09292000,1.7811267199999998,09292000
2011-10-21,09292000,1.7103347199999999,09292000
2011-10-22,09292000,1.65086944,09292000
2011-10-23,09292000,1.5857408,09292000
2011-10-24,09292000,1.5715824,09292000
2011-10-25,09292000,1.5234438399999999,09292000
2011-10-26,09292000,1.41867168,09292000
2011-10-27,09292000,1.18081056,09292000
2011-10-28,09292000,1.27991936,09292000
2011-10-29,09292000,1.36203808,09292000
2011-10-30,09292000,1.26292928,09292000
2011-10-31,09292000,1.25443424,09292000
2011-11-01,09292000,1.2685926399999998,09292000
2011-11-02,09292000,0.9259593600000001,09292000
2011-11-03,09292000,1.09586016,09292000
2011-11-04,09292000,1.15815712,09292000
2011-11-05,09292000,1.29407776,09292000
2011-11-06,09292000,1.2459392,09292000
2011-11-07,09292000,1.2176224,09292000
2011-11-08,09292000,1.1609888,09292000
2011-11-09,09292000,1.1043552,09292000
2011-11-10,09292000,1.0194048,09292000
2011-11-11,09292000,1.0477216,09292000
2011-11-12,09292000,1.274256,09292000
2011-11-13,09292000,1.3025728,09292000
2011-11-14,09292000,1.274256,09292000
2011-11-15,09292000,1.2884144,09292000
2011-11-16,09292000,1.29974112,09292000
2011-11-17,09292000,1.3393846399999998,09292000
2011-11-18,09292000,1.2374441600000001,09292000
2011-11-19,09292000,1.18081056,09292000
2011-11-20,09292000,1.16382048,09292000
2011-11-21,09292000,1.20629568,09292000
2011-11-22,09292000,1.21195904,09292000
2011-11-23,09292000,1.1751472,09292000
2011-11-24,09292000,1.1383353600000001,09292000
2011-11-25,09292000,1.0901968,09292000
2011-11-26,09292000,1.0420582399999998,09292000
2011-11-27,09292000,1.0194048,09292000
2011-11-28,09292000,1.08453344,09292000
2011-11-29,09292000,0.9854246399999999,09292000
2011-11-30,09292000,0.97126624,09292000
2011-12-01,09292000,0.90896928,09292000
2011-12-02,09292000,0.8778208,09292000
2011-12-03,09292000,0.849504,09292000
2011-12-04,09292000,0.8778208,09292000
2011-12-05,09292000,0.8778208,09292000
2011-12-06,09292000,0.849504,09292000
2011-12-07,09292000,0.8211872,09292000
2011-12-08,09292000,0.849504,09292000
2011-12-09,09292000,0.9061376,09292000
2011-12-10,09292000,0.9344544,09292000
2011-12-11,09292000,0.9627711999999999,09292000
2011-12-12,09292000,0.9627711999999999,09292000
2011-12-13,09292000,0.991088,09292000
2011-12-14,09292000,0.991088,09292000
2011-12-15,09292000,0.991088,09292000
2011-12-16,09292000,0.9627711999999999,09292000
2011-12-17,09292000,0.9344544,09292000
2011-12-18,09292000,0.9344544,09292000
2011-12-19,09292000,0.86932576,09292000
2011-12-20,09292000,0.8778208,09292000
2011-12-21,09292000,0.9061376,09292000
2011-12-22,09292000,0.849504,09292000
2011-12-23,09292000,0.849504,09292000
2011-12-24,09292000,0.8778208,09292000
2011-12-25,09292000,0.8211872,09292000
2011-12-26,09292000,0.8211872,09292000
2011-12-27,09292000,0.7928704,09292000
2011-12-28,09292000,0.7362368,09292000
2011-12-29,09292000,0.68526656,09292000
2011-12-30,09292000,0.6824348800000001,09292000
2011-12-31,09292000,0.64562304,09292000
2012-01-01,09292000,0.6512864,09292000
2012-01-02,09292000,0.6796032,09292000
2012-01-03,09292000,0.64562304,09292000
2012-01-04,09292000,0.65978144,09292000
2012-01-05,09292000,0.6427913599999999,09292000
2012-01-06,09292000,0.6427913599999999,09292000
2012-01-07,09292000,0.6201379199999999,09292000
2012-01-08,09292000,0.6512864,09292000
2012-01-09,09292000,0.6796032,09292000
2012-01-10,09292000,0.70792,09292000
2012-01-11,09292000,0.8211872,09292000
2012-01-12,09292000,0.9344544,09292000
2012-01-13,09292000,1.0194048,09292000
2012-01-14,09292000,0.991088,09292000
2012-01-15,09292000,0.9627711999999999,09292000
2012-01-16,09292000,0.88348416,09292000
2012-01-17,09292000,0.9061376,09292000
2012-01-18,09292000,0.8778208,09292000
2012-01-19,09292000,0.849504,09292000
2012-01-20,09292000,0.8778208,09292000
2012-01-21,09292000,0.849504,09292000
2012-01-22,09292000,0.8211872,09292000
2012-01-23,09292000,0.7928704,09292000
2012-01-24,09292000,0.7645535999999999,09292000
2012-01-25,09292000,0.7362368,09292000
2012-01-26,09292000,0.7645535999999999,09292000
2012-01-27,09292000,0.7362368,09292000
2012-01-28,09292000,0.70792,09292000
2012-01-29,09292000,0.7362368,09292000
2012-01-30,09292000,0.7362368,09292000
2012-01-31,09292000,0.7362368,09292000
2012-02-01,09292000,0.70792,09292000
2012-02-02,09292000,0.6682764800000001,09292000
2012-02-03,09292000,0.7362368,09292000
2012-02-04,09292000,0.70792,09292000
2012-02-05,09292000,0.7362368,09292000
2012-02-06,09292000,0.6512864,09292000
2012-02-07,09292000,0.6796032,09292000
2012-02-08,09292000,0.70792,09292000
2012-02-09,09292000,0.7362368,09292000
2012-02-10,09292000,0.70792,09292000
2012-02-11,09292000,0.63146464,09292000
2012-02-12,09292000,0.64562304,09292000
2012-02-13,09292000,0.6229696,09292000
2012-02-14,09292000,0.6512864,09292000
2012-02-15,09292000,0.6427913599999999,09292000
2012-02-16,09292000,0.6512864,09292000
2012-02-17,09292000,0.6512864,09292000
2012-02-18,09292000,0.6796032,09292000
2012-02-19,09292000,0.6796032,09292000
2012-02-20,09292000,0.6796032,09292000
2012-02-21,09292000,0.6512864,09292000
2012-02-22,09292000,0.6569497599999999,09292000
2012-02-23,09292000,0.63146464,09292000
2012-02-24,09292000,0.6229696,09292000
2012-02-25,09292000,0.5946528,09292000
2012-02-26,09292000,0.566336,09292000
2012-02-27,09292000,0.5946528,09292000
2012-02-28,09292000,0.61730624,09292000
2012-02-29,09292000,0.6796032,09292000
2012-03-01,09292000,0.6512864,09292000
2012-03-02,09292000,0.6796032,09292000
2012-03-03,09292000,0.6512864,09292000
2012-03-04,09292000,0.6796032,09292000
2012-03-05,09292000,0.6342963199999999,09292000
2012-03-06,09292000,0.60031616,09292000
2012-03-07,09292000,0.59748448,09292000
2012-03-08,09292000,0.6229696,09292000
2012-03-09,09292000,0.63146464,09292000
2012-03-10,09292000,0.6342963199999999,09292000
2012-03-11,09292000,0.65978144,09292000
2012-03-12,09292000,0.6626131199999999,09292000
2012-03-13,09292000,0.67110816,09292000
2012-03-14,09292000,0.6824348800000001,09292000
2012-03-15,09292000,0.6824348800000001,09292000
2012-03-16,09292000,0.69659328,09292000
2012-03-17,09292000,0.67677152,09292000
2012-03-18,09292000,0.6569497599999999,09292000
2012-03-19,09292000,0.68809824,09292000
2012-03-20,09292000,0.6512864,09292000
2012-03-21,09292000,0.7645535999999999,09292000
2012-03-22,09292000,0.78437536,09292000
2012-03-23,09292000,0.93728608,09292000
2012-03-24,09292000,1.05904832,09292000
2012-03-25,09292000,1.1383353600000001,09292000
2012-03-26,09292000,1.0901968,09292000
2012-03-27,09292000,0.9769296,09292000
2012-03-28,09292000,1.05338496,09292000
2012-03-29,09292000,1.21195904,09292000
2012-03-30,09292000,1.34221632,09292000
2012-03-31,09292000,1.58007744,09292000
2012-04-01,09292000,1.7216614399999999,09292000
2012-04-02,09292000,1.75847328,09292000
2012-04-03,09292000,1.8943939200000002,09292000
2012-04-04,09292000,1.47530528,09292000
2012-04-05,09292000,1.57441408,09292000
2012-04-06,09292000,1.88873056,09292000
2012-04-07,09292000,1.80661184,09292000
2012-04-08,09292000,1.77263168,09292000
2012-04-09,09292000,1.7981168,09292000
2012-04-10,09292000,1.6282159999999999,09292000
2012-04-11,09292000,1.8943939200000002,09292000
2012-04-12,09292000,2.06429472,09292000
2012-04-13,09292000,1.7924534399999998,09292000
2012-04-14,09292000,1.75280992,09292000
2012-04-15,09292000,1.57724576,09292000
2012-04-16,09292000,1.46964192,09292000
2012-04-17,09292000,1.486632,09292000
2012-04-18,09292000,1.41017664,09292000
2012-04-19,09292000,1.40734496,09292000
2012-04-20,09292000,1.3875232,09292000
2012-04-21,09292000,1.63671104,09292000
2012-04-22,09292000,2.36162112,09292000
2012-04-23,09292000,3.5396,09292000
2012-04-24,09292000,4.2192032,09292000
2012-04-25,09292000,5.8332608,09292000
2012-04-26,09292000,5.8332608,09292000
2012-04-27,09292000,5.5500928,09292000
2012-04-28,09292000,4.8421728,09292000
2012-04-29,09292000,4.5873216,09292000
2012-04-30,09292000,4.6156384,09292000
2012-05-01,09292000,4.813856,09292000
2012-05-02,09292000,5.5784096,09292000
2012-05-03,09292000,6.1447456,09292000
2012-05-04,09292000,5.6067264,09292000
2012-05-05,09292000,7.0508831999999995,09292000
2012-05-06,09292000,6.0031616,09292000
2012-05-07,09292000,4.6439552,09292000
2012-05-08,09292000,4.4740544,09292000
2012-05-09,09292000,6.1164287999999996,09292000
2012-05-10,09292000,7.8154368,09292000
2012-05-11,09292000,8.0419712,09292000
2012-05-12,09292000,6.796032,09292000
2012-05-13,09292000,6.2013792,09292000
2012-05-14,09292000,6.7393984,09292000
2012-05-15,09292000,7.7588032,09292000
2012-05-16,09292000,7.0792,09292000
2012-05-17,09292000,5.521776,09292000
2012-05-18,09292000,5.0120736,09292000
2012-05-19,09292000,4.3041536,09292000
2012-05-20,09292000,4.389104,09292000
2012-05-21,09292000,4.7005888,09292000
2012-05-22,09292000,5.5784096,09292000
2012-05-23,09292000,5.66336,09292000
2012-05-24,09292000,3.7661344,09292000
2012-05-25,09292000,3.114848,09292000
2012-05-26,09292000,2.63063072,09292000
2012-05-27,09292000,2.09827488,09292000
2012-05-28,09292000,1.90288896,09292000
2012-05-29,09292000,2.0444729600000002,09292000
2012-05-30,09292000,2.1492451200000002,09292000
2012-05-31,09292000,2.51170016,09292000
2012-06-01,09292000,3.0865312,09292000
2012-06-02,09292000,3.2564319999999998,09292000
2012-06-03,09292000,2.77787808,09292000
2012-06-04,09292000,2.9166304,09292000
2012-06-05,09292000,2.9449472,09292000
2012-06-06,09292000,2.12376,09292000
2012-06-07,09292000,1.55459232,09292000
2012-06-08,09292000,1.6621961600000001,09292000
2012-06-09,09292000,2.28799744,09292000
2012-06-10,09292000,1.911384,09292000
2012-06-11,09292000,1.74714656,09292000
2012-06-12,09292000,1.6140576,09292000
2012-06-13,09292000,1.46114688,09292000
2012-06-14,09292000,1.3875232,09292000
2012-06-15,09292000,1.44982016,09292000
2012-06-16,09292000,1.51778048,09292000
2012-06-17,09292000,1.3167312,09292000
2012-06-18,09292000,1.40734496,09292000
2012-06-19,09292000,1.34221632,09292000
2012-06-20,09292000,1.34221632,09292000
2012-06-21,09292000,1.08453344,09292000
2012-06-22,09292000,1.8519187200000002,09292000
2012-06-23,09292000,2.08694816,09292000
2012-06-24,09292000,2.0133244799999996,09292000
2012-06-25,09292000,1.9566908799999998,09292000
2012-06-26,09292000,2.0841164799999996,09292000
2012-06-27,09292000,1.9538592,09292000
2012-06-28,09292000,1.50362208,09292000
2012-06-29,09292000,1.18364224,09292000
2012-06-30,09292000,1.3025728,09292000
2012-07-01,09292000,1.1383353600000001,09292000
2012-07-02,09292000,1.0873651199999999,09292000
2012-07-03,09292000,1.30540448,09292000
2012-07-04,09292000,1.24877088,09292000
2012-07-05,09292000,1.15532544,09292000
2012-07-06,09292000,1.52061216,09292000
2012-07-07,09292000,2.16057184,09292000
2012-07-08,09292000,1.9510275200000002,09292000
2012-07-09,09292000,1.36203808,09292000
2012-07-10,09292000,1.29124608,09292000
2012-07-11,09292000,1.1666521600000002,09292000
2012-07-12,09292000,1.3875232,09292000
2012-07-13,09292000,1.71882976,09292000
2012-07-14,09292000,2.24835392,09292000
2012-07-15,09292000,3.9360352,09292000
2012-07-16,09292000,3.1714816,09292000
2012-07-17,09292000,2.51170016,09292000
2012-07-18,09292000,2.12942336,09292000
2012-07-19,09292000,1.911384,09292000
2012-07-20,09292000,1.7443148800000001,09292000
2012-07-21,09292000,1.6650278399999998,09292000
2012-07-22,09292000,1.60839424,09292000
2012-07-23,09292000,1.24877088,09292000
2012-07-24,09292000,1.0165731199999999,09292000
2012-07-25,09292000,1.0873651199999999,09292000
2012-07-26,09292000,1.37053312,09292000
2012-07-27,09292000,1.3252262399999999,09292000
2012-07-28,09292000,1.29407776,09292000
2012-07-29,09292000,1.3365529600000001,09292000
2012-07-30,09292000,1.39884992,09292000
2012-07-31,09292000,1.3308896,09292000
2012-08-01,09292000,1.6423744,09292000
2012-08-02,09292000,1.5121171199999999,09292000
2012-08-03,09292000,1.39318656,09292000
2012-08-04,09292000,1.20629568,09292000
2012-08-05,09292000,1.1411670399999998,09292000
2012-08-06,09292000,1.13550368,09292000
2012-08-07,09292000,1.10718688,09292000
2012-08-08,09292000,1.0335632,09292000
2012-08-09,09292000,1.04488992,09292000
2012-08-10,09292000,1.63671104,09292000
2012-08-11,09292000,1.45548352,09292000
2012-08-12,09292000,1.1156819199999999,09292000
2012-08-13,09292000,1.26292928,09292000
2012-08-14,09292000,1.5121171199999999,09292000
2012-08-15,09292000,1.40734496,09292000
2012-08-16,09292000,1.32805792,09292000
2012-08-17,09292000,1.26292928,09292000
2012-08-18,09292000,1.203464,09292000
2012-08-19,09292000,1.2147907199999999,09292000
2012-08-20,09292000,1.22894912,09292000
2012-08-21,09292000,1.1864739199999998,09292000
2012-08-22,09292000,1.4130083199999999,09292000
2012-08-23,09292000,1.22611744,09292000
2012-08-24,09292000,1.4951270399999999,09292000
2012-08-25,09292000,1.67635456,09292000
2012-08-26,09292000,1.5234438399999999,09292000
2012-08-27,09292000,1.2147907199999999,09292000
2012-08-28,09292000,1.17231552,09292000
2012-08-29,09292000,1.44132512,09292000
2012-08-30,09292000,1.77263168,09292000
2012-08-31,09292000,1.9142156799999999,09292000
2012-09-01,09292000,2.4607299200000003,09292000
2012-09-02,09292000,2.5230268799999997,09292000
2012-09-03,09292000,1.2884144,09292000
2012-09-04,09292000,1.5291071999999999,09292000
2012-09-05,09292000,1.37053312,09292000
2012-09-06,09292000,1.27708768,09292000
2012-09-07,09292000,1.30823616,09292000
2012-09-08,09292000,1.27991936,09292000
2012-09-09,09292000,1.2374441600000001,09292000
2012-09-10,09292000,1.2176224,09292000
2012-09-11,09292000,1.4243350399999999,09292000
2012-09-12,09292000,1.2884144,09292000
2012-09-13,09292000,1.2600976,09292000
2012-09-14,09292000,1.75280992,09292000
2012-09-15,09292000,1.71599808,09292000
2012-09-16,09292000,1.67635456,09292000
2012-09-17,09292000,1.65086944,09292000
2012-09-18,09292000,1.6848496,09292000
2012-09-19,09292000,1.6621961600000001,09292000
2012-09-20,09292000,1.6282159999999999,09292000
2012-09-21,09292000,1.6112259199999999,09292000
2012-09-22,09292000,1.58857248,09292000
2012-09-23,09292000,1.5857408,09292000
2012-09-24,09292000,1.61688928,09292000
2012-09-25,09292000,1.8689088,09292000
2012-09-26,09292000,1.8717404799999997,09292000
2012-09-27,09292000,1.8689088,09292000
2012-09-28,09292000,1.6650278399999998,09292000
2012-09-29,09292000,1.75847328,09292000
2012-09-30,09292000,1.70750304,09292000
2012-10-01,09292000,1.1978006399999999,09292000
2012-10-02,09292000,0.9486128,09292000
2012-10-03,09292000,0.90330592,09292000
2012-10-04,09292000,0.9344544,09292000
2012-10-05,09292000,0.9061376,09292000
2012-10-06,09292000,1.22328576,09292000
2012-10-07,09292000,1.35354304,09292000
2012-10-08,09292000,0.89481088,09292000
2012-10-09,09292000,0.8806524800000001,09292000
2012-10-10,09292000,0.8551673599999999,09292000
2012-10-11,09292000,0.8551673599999999,09292000
2012-10-12,09292000,0.9995830399999999,09292000
2012-10-13,09292000,1.03639488,09292000
2012-10-14,09292000,1.01090976,09292000
2012-10-15,09292000,0.94011776,09292000
2012-10-16,09292000,0.88631584,09292000
2012-10-17,09292000,0.89481088,09292000
2012-10-18,09292000,0.8211872,09292000
2012-10-19,09292000,0.8608307199999999,09292000
2012-10-20,09292000,0.8778208,09292000
2012-10-21,09292000,0.8778208,09292000
2012-10-22,09292000,0.9769296,09292000
2012-10-23,09292000,1.03073152,09292000
2012-10-24,09292000,0.96843456,09292000
2012-10-25,09292000,0.81835552,09292000
2012-10-26,09292000,0.81552384,09292000
2012-10-27,09292000,0.9429494399999999,09292000
2012-10-28,09292000,0.8919792,09292000
2012-10-29,09292000,0.88914752,09292000
2012-10-30,09292000,0.88631584,09292000
2012-10-31,09292000,0.8806524800000001,09292000
2012-11-01,09292000,0.88631584,09292000
2012-11-02,09292000,0.84384064,09292000
2012-11-03,09292000,0.7928704,09292000
2012-11-04,09292000,0.77588032,09292000
2012-11-05,09292000,0.778712,09292000
2012-11-06,09292000,0.7617219199999999,09292000
2012-11-07,09292000,0.79003872,09292000
2012-11-08,09292000,0.7815436800000001,09292000
2012-11-09,09292000,0.7645535999999999,09292000
2012-11-10,09292000,0.7362368,09292000
2012-11-11,09292000,0.70792,09292000
2012-11-12,09292000,0.7362368,09292000
2012-11-13,09292000,0.7362368,09292000
2012-11-14,09292000,0.7928704,09292000
2012-11-15,09292000,0.8211872,09292000
2012-11-16,09292000,0.83817728,09292000
2012-11-17,09292000,0.86932576,09292000
2012-11-18,09292000,0.9146326399999999,09292000
2012-11-19,09292000,0.88348416,09292000
2012-11-20,09292000,0.82968224,09292000
2012-11-21,09292000,0.82968224,09292000
2012-11-22,09292000,0.80419712,09292000
2012-11-23,09292000,0.7645535999999999,09292000
2012-11-24,09292000,0.7645535999999999,09292000
2012-11-25,09292000,0.7362368,09292000
2012-11-26,09292000,0.70792,09292000
2012-11-27,09292000,0.6796032,09292000
2012-11-28,09292000,0.70792,09292000
2012-11-29,09292000,0.70792,09292000
2012-11-30,09292000,0.69942496,09292000
2012-12-01,09292000,0.69659328,09292000
2012-12-02,09292000,0.6512864,09292000
2012-12-03,09292000,0.6512864,09292000
2012-12-04,09292000,0.6512864,09292000
2012-12-05,09292000,0.6229696,09292000
2012-12-06,09292000,0.6512864,09292000
2012-12-07,09292000,0.6512864,09292000
2012-12-08,09292000,0.6512864,09292000
2012-12-09,09292000,0.6512864,09292000
2012-12-10,09292000,0.6229696,09292000
2012-12-11,09292000,0.6229696,09292000
2012-12-12,09292000,0.6512864,09292000
2012-12-13,09292000,0.6512864,09292000
2012-12-14,09292000,0.6796032,09292000
2012-12-15,09292000,0.6796032,09292000
2012-12-16,09292000,0.6512864,09292000
2012-12-17,09292000,0.6512864,09292000
2012-12-18,09292000,0.6229696,09292000
2012-12-19,09292000,0.6229696,09292000
2012-12-20,09292000,0.6512864,09292000
2012-12-21,09292000,0.6229696,09292000
2012-12-22,09292000,0.6512864,09292000
2012-12-23,09292000,0.6512864,09292000
2012-12-24,09292000,0.6796032,09292000
2012-12-25,09292000,0.6796032,09292000
2012-12-26,09292000,0.6512864,09292000
2012-12-27,09292000,0.6512864,09292000
2012-12-28,09292000,0.6229696,09292000
2012-12-29,09292000,0.6229696,09292000
2012-12-30,09292000,0.6512864,09292000
2012-12-31,09292000,0.6512864,09292000
2013-01-01,09292000,0.6229696,09292000
2013-01-02,09292000,0.5946528,09292000
2013-01-03,09292000,0.6229696,09292000
2013-01-04,09292000,0.5946528,09292000
2013-01-05,09292000,0.5946528,09292000
2013-01-06,09292000,0.566336,09292000
2013-01-07,09292000,0.6229696,09292000
2013-01-08,09292000,0.6512864,09292000
2013-01-09,09292000,0.6229696,09292000
2013-01-10,09292000,0.58898944,09292000
2013-01-11,09292000,0.5578409599999999,09292000
2013-01-12,09292000,0.5380192,09292000
2013-01-13,09292000,0.5380192,09292000
2013-01-14,09292000,0.5097024,09292000
2013-01-15,09292000,0.5380192,09292000
2013-01-16,09292000,0.5380192,09292000
2013-01-17,09292000,0.566336,09292000
2013-01-18,09292000,0.5380192,09292000
2013-01-19,09292000,0.5380192,09292000
2013-01-20,09292000,0.5380192,09292000
2013-01-21,09292000,0.51253408,09292000
2013-01-22,09292000,0.55500928,09292000
2013-01-23,09292000,0.5436825599999999,09292000
2013-01-24,09292000,0.47572224,09292000
2013-01-25,09292000,0.48138559999999997,09292000
2013-01-26,09292000,0.48704896,09292000
2013-01-27,09292000,0.50687072,09292000
2013-01-28,09292000,0.5097024,09292000
2013-01-29,09292000,0.5097024,09292000
2013-01-30,09292000,0.5097024,09292000
2013-01-31,09292000,0.5238608,09292000
2013-02-01,09292000,0.5097024,09292000
2013-02-02,09292000,0.5097024,09292000
2013-02-03,09292000,0.5097024,09292000
2013-02-04,09292000,0.48138559999999997,09292000
2013-02-05,09292000,0.5097024,09292000
2013-02-06,09292000,0.5097024,09292000
2013-02-07,09292000,0.5097024,09292000
2013-02-08,09292000,0.5210291199999999,09292000
2013-02-09,09292000,0.5210291199999999,09292000
2013-02-10,09292000,0.5097024,09292000
2013-02-11,09292000,0.48138559999999997,09292000
2013-02-12,09292000,0.48138559999999997,09292000
2013-02-13,09292000,0.48138559999999997,09292000
2013-02-14,09292000,0.5097024,09292000
2013-02-15,09292000,0.5097024,09292000
2013-02-16,09292000,0.5380192,09292000
2013-02-17,09292000,0.5380192,09292000
2013-02-18,09292000,0.5380192,09292000
2013-02-19,09292000,0.5097024,09292000
2013-02-20,09292000,0.5380192,09292000
2013-02-21,09292000,0.566336,09292000
2013-02-22,09292000,0.566336,09292000
2013-02-23,09292000,0.5380192,09292000
2013-02-24,09292000,0.5380192,09292000
2013-02-25,09292000,0.5097024,09292000
2013-02-26,09292000,0.5097024,09292000
2013-02-27,09292000,0.5380192,09292000
2013-02-28,09292000,0.5380192,09292000
2013-03-01,09292000,0.5097024,09292000
2013-03-02,09292000,0.50687072,09292000
2013-03-03,09292000,0.51819744,09292000
2013-03-04,09292000,0.5097024,09292000
2013-03-05,09292000,0.5097024,09292000
2013-03-06,09292000,0.5097024,09292000
2013-03-07,09292000,0.5210291199999999,09292000
2013-03-08,09292000,0.51536576,09292000
2013-03-09,09292000,0.5097024,09292000
2013-03-10,09292000,0.50403904,09292000
2013-03-12,09292000,0.50120736,09292000
2013-03-13,09292000,0.5097024,09292000
2013-03-14,09292000,0.54085088,09292000
2013-03-15,09292000,0.58615776,09292000
2013-03-16,09292000,0.57483104,09292000
2013-03-17,09292000,0.54085088,09292000
2013-03-18,09292000,0.47855391999999997,09292000
2013-03-19,09292000,0.47572224,09292000
2013-03-20,09292000,0.48138559999999997,09292000
2013-03-21,09292000,0.495544,09292000
2013-03-22,09292000,0.43324704,09292000
2013-03-23,09292000,0.566336,09292000
2013-03-24,09292000,0.6229696,09292000
2013-03-25,09292000,0.70792,09292000
2013-03-26,09292000,0.7362368,09292000
2013-03-27,09292000,0.7362368,09292000
2013-03-28,09292000,0.81835552,09292000
2013-03-29,09292000,0.9287910399999999,09292000
2013-03-30,09292000,0.98825632,09292000
2013-03-31,09292000,1.0477216,09292000
2013-04-01,09292000,1.12700864,09292000
2013-04-02,09292000,1.0760384,09292000
2013-04-03,09292000,1.0703750399999998,09292000
2013-04-04,09292000,1.14399872,09292000
2013-04-05,09292000,1.20912736,09292000
2013-04-06,09292000,1.14966208,09292000
2013-04-07,09292000,1.11001856,09292000
2013-04-08,09292000,1.18364224,09292000
2013-04-09,09292000,1.1978006399999999,09292000
2013-04-10,09292000,1.19213728,09292000
2013-04-11,09292000,1.20912736,09292000
2013-04-12,09292000,1.20063232,09292000
2013-04-13,09292000,1.25160256,09292000
2013-04-14,09292000,1.13550368,09292000
2013-04-15,09292000,1.4243350399999999,09292000
2013-04-16,09292000,1.22894912,09292000
2013-04-17,09292000,1.15815712,09292000
2013-04-18,09292000,1.132672,09292000
2013-04-19,09292000,1.10718688,09292000
2013-04-20,09292000,1.18364224,09292000
2013-04-21,09292000,1.132672,09292000
2013-04-22,09292000,1.1609888,09292000
2013-04-23,09292000,1.1043552,09292000
2013-04-24,09292000,1.0194048,09292000
2013-04-25,09292000,0.9627711999999999,09292000
2013-04-26,09292000,1.0194048,09292000
2013-04-27,09292000,1.1043552,09292000
2013-04-28,09292000,1.2176224,09292000
2013-04-29,09292000,1.3308896,09292000
2013-04-30,09292000,1.41584,09292000
2013-05-01,09292000,1.274256,09292000
2013-05-02,09292000,1.3025728,09292000
2013-05-03,09292000,1.4724736,09292000
2013-05-04,09292000,1.7641366399999998,09292000
2013-05-05,09292000,1.7443148800000001,09292000
2013-05-06,09292000,1.8915622399999998,09292000
2013-05-07,09292000,2.0784531200000003,09292000
2013-05-08,09292000,2.0104928,09292000
2013-05-09,09292000,1.91704736,09292000
2013-05-10,09292000,1.69617632,09292000
2013-05-11,09292000,1.26292928,09292000
2013-05-12,09292000,1.65936448,09292000
2013-05-13,09292000,2.8599968,09292000
2013-05-14,09292000,4.1908864,09292000
2013-05-15,09292000,6.2580127999999995,09292000
2013-05-16,09292000,6.4279136,09292000
2013-05-17,09292000,7.5322688,09292000
2013-05-18,09292000,7.1924672,09292000
2013-05-19,09292000,6.0597952,09292000
2013-05-20,09292000,5.7483104,09292000
2013-05-21,09292000,5.4085088,09292000
2013-05-22,09292000,5.9748448,09292000
2013-05-23,09292000,8.6649408,09292000
2013-05-24,09292000,9.8825632,09292000
2013-05-25,09292000,10.2223648,09292000
2013-05-26,09292000,11.1285024,09292000
2013-05-27,09292000,10.5338496,09292000
2013-05-28,09292000,10.278998399999999,09292000
2013-05-29,09292000,7.1358336,09292000
2013-05-30,09292000,5.7199936,09292000
2013-05-31,09292000,5.0687071999999995,09292000
2013-06-01,09292000,4.8988064,09292000
2013-06-02,09292000,6.5128639999999995,09292000
2013-06-03,09292000,8.8065248,09292000
2013-06-04,09292000,8.0986048,09292000
2013-06-05,09292000,8.5799904,09292000
2013-06-06,09292000,8.8631584,09292000
2013-06-07,09292000,9.5144448,09292000
2013-06-08,09292000,9.91088,09292000
2013-06-09,09292000,9.8259296,09292000
2013-06-10,09292000,9.2879104,09292000
2013-06-11,09292000,8.636624,09292000
2013-06-12,09292000,6.5978144,09292000
2013-06-13,09292000,5.804944,09292000
2013-06-14,09292000,5.5500928,09292000
2013-06-15,09292000,4.530688,09292000
2013-06-16,09292000,4.0209856,09292000
2013-06-17,09292000,3.7944512,09292000
2013-06-18,09292000,3.5679168,09292000
2013-06-19,09292000,3.1431648,09292000
2013-06-20,09292000,3.4263328,09292000
2013-06-21,09292000,3.114848,09292000
2013-06-22,09292000,2.9449472,09292000
2013-06-23,09292000,2.77221472,09292000
2013-06-24,09292000,2.548512,09292000
2013-06-25,09292000,2.4494032,09292000
2013-06-26,09292000,2.36162112,09292000
2013-06-27,09292000,2.4097596799999996,09292000
2013-06-28,09292000,2.4494032,09292000
2013-06-29,09292000,2.28799744,09292000
2013-06-30,09292000,2.2766707200000003,09292000
2013-07-01,09292000,2.10676992,09292000
2013-07-02,09292000,1.9566908799999998,09292000
2013-07-03,09292000,1.8632454399999998,09292000
2013-07-04,09292000,1.84625536,09292000
2013-07-05,09292000,1.8519187200000002,09292000
2013-07-06,09292000,1.7556416,09292000
2013-07-07,09292000,1.9991660799999997,09292000
2013-07-08,09292000,2.15774016,09292000
2013-07-09,09292000,1.67352288,09292000
2013-07-10,09292000,1.39884992,09292000
2013-07-11,09292000,1.8151068799999999,09292000
2013-07-12,09292000,2.42674976,09292000
2013-07-13,09292000,2.8883136,09292000
2013-07-14,09292000,2.6589475200000003,09292000
2013-07-15,09292000,2.1747302399999997,09292000
2013-07-16,09292000,1.7613049600000001,09292000
2013-07-17,09292000,2.2115420799999996,09292000
2013-07-18,09292000,2.7212444799999997,09292000
2013-07-19,09292000,1.74714656,09292000
2013-07-20,09292000,1.35637472,09292000
2013-07-21,09292000,1.32805792,09292000
2013-07-22,09292000,1.67352288,09292000
2013-07-23,09292000,1.54043392,09292000
2013-07-24,09292000,1.63104768,09292000
2013-07-25,09292000,1.56875072,09292000
2013-07-26,09292000,1.60273088,09292000
2013-07-27,09292000,1.5121171199999999,09292000
2013-07-28,09292000,1.63671104,09292000
2013-07-29,09292000,1.5829091199999998,09292000
2013-07-30,09292000,1.60556256,09292000
2013-07-31,09292000,1.42716672,09292000
2013-08-01,09292000,1.39884992,09292000
2013-08-02,09292000,1.40734496,09292000
2013-08-03,09292000,1.25726592,09292000
2013-08-04,09292000,1.1864739199999998,09292000
2013-08-05,09292000,1.2176224,09292000
2013-08-06,09292000,1.19213728,09292000
2013-08-07,09292000,1.15815712,09292000
2013-08-08,09292000,1.25443424,09292000
2013-08-09,09292000,1.2969094399999999,09292000
2013-08-10,09292000,1.27708768,09292000
2013-08-11,09292000,1.2317808,09292000
2013-08-12,09292000,1.2969094399999999,09292000
2013-08-13,09292000,1.31106784,09292000
2013-08-14,09292000,1.2884144,09292000
2013-08-15,09292000,1.20629568,09292000
2013-08-16,09292000,1.15532544,09292000
2013-08-17,09292000,1.1185136,09292000
2013-08-18,09292000,1.09302848,09292000
2013-08-19,09292000,1.15532544,09292000
2013-08-20,09292000,1.60556256,09292000
2013-08-21,09292000,1.41867168,09292000
2013-08-22,09292000,1.12700864,09292000
2013-08-23,09292000,1.12417696,09292000
2013-08-24,09292000,1.3648697600000002,09292000
2013-08-25,09292000,1.2459392,09292000
2013-08-26,09292000,1.18081056,09292000
2013-08-27,09292000,1.37902816,09292000
2013-08-28,09292000,1.2884144,09292000
2013-08-29,09292000,1.3365529600000001,09292000
2013-08-30,09292000,1.32805792,09292000
2013-08-31,09292000,2.27100736,09292000
2013-09-01,09292000,1.8972256,09292000
2013-09-02,09292000,1.83209696,09292000
2013-09-03,09292000,1.78679008,09292000
2013-09-04,09292000,1.5659190399999998,09292000
2013-09-05,09292000,1.47530528,09292000
2013-09-06,09292000,1.39035488,09292000
2013-09-07,09292000,1.31106784,09292000
2013-09-08,09292000,1.46114688,09292000
2013-09-09,09292000,1.9142156799999999,09292000
2013-09-10,09292000,1.81793856,09292000
2013-09-11,09292000,2.82318496,09292000
2013-09-12,09292000,3.7661344,09292000
2013-09-13,09292000,4.1342528,09292000
2013-09-14,09292000,4.4174208,09292000
2013-09-15,09292000,4.3324704,09292000
2013-09-16,09292000,3.6245504,09292000
2013-09-17,09292000,7.4190016,09292000
2013-09-18,09292000,10.6471168,09292000
2013-09-19,09292000,6.5128639999999995,09292000
2013-09-20,09292000,5.3518752,09292000
2013-09-21,09292000,4.5590048,09292000
2013-09-22,09292000,5.0687071999999995,09292000
2013-09-23,09292000,5.2669248,09292000
2013-09-24,09292000,4.5590048,09292000
2013-09-25,09292000,4.0776192,09292000
2013-09-26,09292000,3.9360352,09292000
2013-09-27,09292000,3.964352,09292000
2013-09-28,09292000,3.681184,09292000
2013-09-29,09292000,3.7095008,09292000
2013-09-30,09292000,4.3324704,09292000
2013-10-01,09292000,4.24752,09292000
2013-10-02,09292000,4.1342528,09292000
2013-10-03,09292000,4.1342528,09292000
2013-10-04,09292000,4.0493024,09292000
2013-10-05,09292000,3.8794016,09292000
2013-10-06,09292000,3.7661344,09292000
2013-10-07,09292000,3.7378176,09292000
2013-10-08,09292000,3.1714816,09292000
2013-10-09,09292000,2.06146304,09292000
2013-10-10,09292000,2.39843296,09292000
2013-10-11,09292000,3.0015808,09292000
2013-10-12,09292000,2.9166304,09292000
2013-10-13,09292000,2.9166304,09292000
2013-10-14,09292000,2.973264,09292000
2013-10-15,09292000,2.8599968,09292000
2013-10-16,09292000,2.58249216,09292000
2013-10-17,09292000,2.59665056,09292000
2013-10-18,09292000,2.8883136,09292000
2013-10-19,09292000,3.0298976,09292000
2013-10-20,09292000,2.79769984,09292000
2013-10-21,09292000,2.22853216,09292000
2013-10-22,09292000,2.2058787200000003,09292000
2013-10-23,09292000,2.20304704,09292000
2013-10-24,09292000,2.1973836799999997,09292000
2013-10-25,09292000,2.194552,09292000
2013-10-26,09292000,2.0671264,09292000
2013-10-27,09292000,2.06429472,09292000
2013-10-28,09292000,2.194552,09292000
2013-10-29,09292000,2.23985888,09292000
2013-10-30,09292000,2.0841164799999996,09292000
2013-10-31,09292000,2.0841164799999996,09292000
2013-11-01,09292000,2.10676992,09292000
2013-11-02,09292000,1.94253248,09292000
2013-11-03,09292000,1.90855232,09292000
2013-11-04,09292000,1.56025568,09292000
2013-11-05,09292000,1.65370112,09292000
2013-11-06,09292000,1.9708492799999997,09292000
2013-11-07,09292000,1.7924534399999998,09292000
2013-11-08,09292000,1.73865152,09292000
2013-11-09,09292000,1.6423744,09292000
2013-11-10,09292000,1.60839424,09292000
2013-11-11,09292000,1.5659190399999998,09292000
2013-11-12,09292000,1.5121171199999999,09292000
2013-11-13,09292000,1.5630873600000001,09292000
2013-11-14,09292000,1.47813696,09292000
2013-11-15,09292000,1.48096864,09292000
2013-11-16,09292000,1.25726592,09292000
2013-11-17,09292000,1.5007904,09292000
2013-11-18,09292000,1.37619648,09292000
2013-11-19,09292000,1.45548352,09292000
2013-11-20,09292000,1.51778048,09292000
2013-11-21,09292000,1.49229536,09292000
2013-11-22,09292000,1.3592064,09292000
2013-11-23,09292000,1.4384934399999998,09292000
2013-11-24,09292000,1.4838003199999998,09292000
2013-11-25,09292000,1.3252262399999999,09292000
2013-11-26,09292000,1.35354304,09292000
2013-11-27,09292000,1.77546336,09292000
2013-11-28,09292000,1.8236019200000002,09292000
2013-11-29,09292000,1.8264335999999999,09292000
2013-11-30,09292000,1.77546336,09292000
2013-12-01,09292000,1.87457216,09292000
2013-12-02,09292000,1.58857248,09292000
2013-12-03,09292000,1.25726592,09292000
2013-12-04,09292000,1.11285024,09292000
2013-12-05,09292000,1.1043552,09292000
2013-12-06,09292000,1.0477216,09292000
2013-12-07,09292000,1.0760384,09292000
2013-12-08,09292000,1.0760384,09292000
2013-12-09,09292000,1.0477216,09292000
2013-12-10,09292000,1.0760384,09292000
2013-12-11,09292000,1.0760384,09292000
2013-12-12,09292000,1.1043552,09292000
2013-12-13,09292000,1.0760384,09292000
2013-12-14,09292000,1.0477216,09292000
2013-12-15,09292000,1.0477216,09292000
2013-12-16,09292000,1.0194048,09292000
2013-12-17,09292000,0.991088,09292000
2013-12-18,09292000,0.991088,09292000
2013-12-19,09292000,0.9627711999999999,09292000
2013-12-20,09292000,0.9344544,09292000
2013-12-21,09292000,0.9061376,09292000
2013-12-22,09292000,0.849504,09292000
2013-12-23,09292000,0.849504,09292000
2013-12-24,09292000,0.8778208,09292000
2013-12-25,09292000,0.849504,09292000
2013-12-26,09292000,0.849504,09292000
2013-12-27,09292000,0.9061376,09292000
2013-12-28,09292000,0.849504,09292000
2013-12-29,09292000,0.8211872,09292000
2013-12-30,09292000,0.849504,09292000
2013-12-31,09292000,0.8778208,09292000
2014-01-01,09292000,0.849504,09292000
2014-01-02,09292000,0.849504,09292000
2014-01-03,09292000,0.8211872,09292000
2014-01-04,09292000,0.7928704,09292000
2014-01-05,09292000,0.7362368,09292000
2014-01-06,09292000,0.7645535999999999,09292000
2014-01-07,09292000,0.7645535999999999,09292000
2014-01-08,09292000,0.7928704,09292000
2014-01-09,09292000,0.7645535999999999,09292000
2014-01-10,09292000,0.7362368,09292000
2014-01-11,09292000,0.7645535999999999,09292000
2014-01-12,09292000,0.8070288,09292000
2014-01-13,09292000,0.7645535999999999,09292000
2014-01-14,09292000,0.80136544,09292000
2014-01-15,09292000,0.7928704,09292000
2014-01-16,09292000,0.78720704,09292000
2014-01-17,09292000,0.7928704,09292000
2014-01-18,09292000,0.78437536,09292000
2014-01-19,09292000,0.7645535999999999,09292000
2014-01-20,09292000,0.7362368,09292000
2014-01-21,09292000,0.70792,09292000
2014-01-22,09292000,0.7362368,09292000
2014-01-23,09292000,0.70792,09292000
2014-01-24,09292000,0.6796032,09292000
2014-01-25,09292000,0.70792,09292000
2014-01-26,09292000,0.70792,09292000
2014-01-27,09292000,0.7362368,09292000
2014-01-28,09292000,0.70792,09292000
2014-01-29,09292000,0.7362368,09292000
2014-01-30,09292000,0.7475635199999999,09292000
2014-01-31,09292000,0.7334051199999999,09292000
2014-02-01,09292000,0.7362368,09292000
2014-02-02,09292000,0.70792,09292000
2014-02-03,09292000,0.7362368,09292000
2014-02-04,09292000,0.7362368,09292000
2014-02-05,09292000,0.70792,09292000
2014-02-06,09292000,0.70792,09292000
2014-02-07,09292000,0.7362368,09292000
2014-02-08,09292000,0.7362368,09292000
2014-02-09,09292000,0.70792,09292000
2014-02-10,09292000,0.70792,09292000
2014-02-11,09292000,0.6796032,09292000
2014-02-12,09292000,0.70792,09292000
2014-02-13,09292000,0.7419001599999999,09292000
2014-02-14,09292000,0.72491008,09292000
2014-02-15,09292000,0.75889024,09292000
2014-02-16,09292000,0.73057344,09292000
2014-02-17,09292000,0.7192467199999999,09292000
2014-02-18,09292000,0.6796032,09292000
2014-02-19,09292000,0.6569497599999999,09292000
2014-02-20,09292000,0.6229696,09292000
2014-02-21,09292000,0.5946528,09292000
2014-02-22,09292000,0.566336,09292000
2014-02-23,09292000,0.5946528,09292000
2014-02-24,09292000,0.62863296,09292000
2014-02-25,09292000,0.62580128,09292000
2014-02-26,09292000,0.7334051199999999,09292000
2014-02-27,09292000,0.64562304,09292000
2014-02-28,09292000,0.6512864,09292000
2014-03-01,09292000,0.69659328,09292000
2014-03-02,09292000,0.6626131199999999,09292000
2014-03-03,09292000,0.6824348800000001,09292000
2014-03-04,09292000,0.65411808,09292000
2014-03-05,09292000,0.6427913599999999,09292000
2014-03-06,09292000,0.65411808,09292000
2014-03-07,09292000,0.63995968,09292000
2014-03-08,09292000,0.63995968,09292000
2014-03-09,09292000,0.64562304,09292000
2014-03-10,09292000,0.62863296,09292000
2014-03-11,09292000,0.63146464,09292000
2014-03-12,09292000,0.6484547199999999,09292000
2014-03-13,09292000,0.67393984,09292000
2014-03-14,09292000,0.6654448,09292000
2014-03-15,09292000,0.63146464,09292000
2014-03-16,09292000,0.61730624,09292000
2014-03-17,09292000,0.6201379199999999,09292000
2014-03-18,09292000,0.6342963199999999,09292000
2014-03-19,09292000,0.68526656,09292000
2014-03-20,09292000,0.6626131199999999,09292000
2014-03-21,09292000,0.60597952,09292000
2014-03-22,09292000,0.5946528,09292000
2014-03-23,09292000,0.60314784,09292000
2014-03-24,09292000,0.61730624,09292000
2014-03-25,09292000,0.60314784,09292000
2014-03-26,09292000,0.6512864,09292000
2014-03-27,09292000,0.9571078399999999,09292000
2014-03-28,09292000,0.9457811199999999,09292000
2014-03-29,09292000,0.9769296,09292000
2014-03-30,09292000,0.9967513600000001,09292000
2014-03-31,09292000,0.9457811199999999,09292000
2014-04-01,09292000,1.00241472,09292000
2014-04-02,09292000,0.9797612800000001,09292000
2014-04-03,09292000,0.9967513600000001,09292000
2014-04-04,09292000,0.9797612800000001,09292000
2014-04-05,09292000,0.9457811199999999,09292000
2014-04-06,09292000,0.90330592,09292000
2014-04-07,09292000,0.95144448,09292000
2014-04-08,09292000,1.0392265600000001,09292000
2014-04-09,09292000,1.1666521600000002,09292000
2014-04-10,09292000,1.25443424,09292000
2014-04-11,09292000,1.32239456,09292000
2014-04-12,09292000,1.44698848,09292000
2014-04-13,09292000,1.72449312,09292000
2014-04-14,09292000,1.24877088,09292000
2014-04-15,09292000,1.2147907199999999,09292000
2014-04-16,09292000,1.24877088,09292000
2014-04-17,09292000,1.203464,09292000
2014-04-18,09292000,1.3308896,09292000
2014-04-19,09292000,1.45265184,09292000
2014-04-20,09292000,1.486632,09292000
2014-04-21,09292000,1.6848496,09292000
2014-04-22,09292000,1.90855232,09292000
2014-04-23,09292000,1.9397008,09292000
2014-04-24,09292000,1.41584,09292000
2014-04-25,09292000,1.41017664,09292000
2014-04-26,09292000,1.6423744,09292000
2014-04-27,09292000,1.29407776,09292000
2014-04-28,09292000,1.18364224,09292000
2014-04-29,09292000,1.40734496,09292000
2014-04-30,09292000,1.5460972800000001,09292000
2014-05-01,09292000,1.5121171199999999,09292000
2014-05-02,09292000,1.70183968,09292000
2014-05-03,09292000,2.02748288,09292000
2014-05-04,09292000,2.08977984,09292000
2014-05-05,09292000,2.2313638399999998,09292000
2014-05-06,09292000,3.0582143999999998,09292000
2014-05-07,09292000,2.55700704,09292000
2014-05-08,09292000,1.94819584,09292000
2014-05-09,09292000,1.7839584,09292000
2014-05-10,09292000,1.5630873600000001,09292000
2014-05-11,09292000,1.3875232,09292000
2014-05-12,09292000,1.5432656,09292000
2014-05-13,09292000,1.66785952,09292000
2014-05-14,09292000,1.5007904,09292000
2014-05-15,09292000,1.6621961600000001,09292000
2014-05-16,09292000,3.3696992,09292000
2014-05-17,09292000,4.9271232,09292000
2014-05-18,09292000,7.3906848,09292000
2014-05-19,09292000,10.0807808,09292000
2014-05-20,09292000,10.0241472,09292000
2014-05-21,09292000,9.4578112,09292000
2014-05-22,09292000,8.1269216,09292000
2014-05-23,09292000,8.8065248,09292000
2014-05-24,09292000,7.9570208,09292000
2014-05-25,09292000,9.1746432,09292000
2014-05-26,09292000,13.3938464,09292000
2014-05-27,09292000,15.5176064,09292000
2014-05-28,09292000,15.6308736,09292000
2014-05-29,09292000,14.4982016,09292000
2014-05-30,09292000,11.893056,09292000
2014-05-31,09292000,10.6188,09292000
2014-06-01,09292000,9.1180096,09292000
2014-06-02,09292000,8.0986048,09292000
2014-06-03,09292000,8.1552384,09292000
2014-06-04,09292000,7.3906848,09292000
2014-06-05,09292000,6.3429632,09292000
2014-06-06,09292000,6.3146464,09292000
2014-06-07,09292000,5.6067264,09292000
2014-06-08,09292000,5.4934592,09292000
2014-06-09,09292000,4.2758367999999995,09292000
2014-06-10,09292000,4.5590048,09292000
2014-06-11,09292000,4.5023712,09292000
2014-06-12,09292000,4.4174208,09292000
2014-06-13,09292000,4.6439552,09292000
2014-06-14,09292000,4.2192032,09292000
2014-06-15,09292000,3.4829664,09292000
2014-06-16,09292000,3.0865312,09292000
2014-06-17,09292000,2.78070976,09292000
2014-06-18,09292000,2.54284864,09292000
2014-06-19,09292000,2.2681756799999997,09292000
2014-06-20,09292000,2.11526496,09292000
2014-06-21,09292000,2.08694816,09292000
2014-06-22,09292000,1.9595225600000001,09292000
2014-06-23,09292000,1.8632454399999998,09292000
2014-06-24,09292000,1.8207702399999999,09292000
2014-06-25,09292000,1.8377603200000001,09292000
2014-06-26,09292000,1.8207702399999999,09292000
2014-06-27,09292000,2.1747302399999997,09292000
2014-06-28,09292000,1.8943939200000002,09292000
2014-06-29,09292000,1.7613049600000001,09292000
2014-06-30,09292000,1.73581984,09292000
2014-07-01,09292000,1.6112259199999999,09292000
2014-07-02,09292000,1.53193888,09292000
2014-07-03,09292000,1.5432656,09292000
2014-07-04,09292000,1.5829091199999998,09292000
2014-07-05,09292000,1.64803776,09292000
2014-07-06,09292000,1.52061216,09292000
2014-07-07,09292000,1.50645376,09292000
2014-07-08,09292000,1.9198790399999999,09292000
2014-07-09,09292000,2.0133244799999996,09292000
2014-07-10,09292000,1.60839424,09292000
2014-07-11,09292000,4.7855392,09292000
2014-07-12,09292000,3.3130656,09292000
2014-07-13,09292000,2.36728448,09292000
2014-07-14,09292000,2.0699580799999997,09292000
2014-07-15,09292000,1.80378016,09292000
2014-07-16,09292000,1.61972096,09292000
2014-07-17,09292000,1.36203808,09292000
2014-07-18,09292000,1.4243350399999999,09292000
2014-07-19,09292000,1.77546336,09292000
2014-07-20,09292000,1.67918624,09292000
2014-07-21,09292000,1.6820179199999998,09292000
2014-07-22,09292000,1.49229536,09292000
2014-07-23,09292000,1.45265184,09292000
2014-07-24,09292000,1.3648697600000002,09292000
2014-07-25,09292000,1.3252262399999999,09292000
2014-07-26,09292000,1.51778048,09292000
2014-07-27,09292000,1.65370112,09292000
2014-07-28,09292000,1.2374441600000001,09292000
2014-07-29,09292000,1.4838003199999998,09292000
2014-07-30,09292000,1.94536416,09292000
2014-07-31,09292000,1.84342368,09292000
2014-08-01,09292000,1.37619648,09292000
2014-08-02,09292000,1.7131664,09292000
2014-08-03,09292000,1.7273247999999999,09292000
2014-08-04,09292000,1.73015648,09292000
2014-08-05,09292000,2.4805516799999996,09292000
2014-08-06,09292000,2.38710624,09292000
2014-08-07,09292000,1.97368096,09292000
2014-08-08,09292000,1.8632454399999998,09292000
2014-08-09,09292000,1.48946368,09292000
2014-08-10,09292000,1.75280992,09292000
2014-08-11,09292000,2.05863136,09292000
2014-08-12,09292000,1.53760224,09292000
2014-08-13,09292000,1.45548352,09292000
2014-08-14,09292000,1.65086944,09292000
2014-08-15,09292000,1.69051296,09292000
2014-08-16,09292000,1.71599808,09292000
2014-08-17,09292000,1.57724576,09292000
2014-08-18,09292000,1.46964192,09292000
2014-08-19,09292000,1.53193888,09292000
2014-08-20,09292000,1.7103347199999999,09292000
2014-08-21,09292000,1.6140576,09292000
2014-08-22,09292000,1.6225526399999999,09292000
2014-08-23,09292000,3.5112832,09292000
2014-08-24,09292000,3.3130656,09292000
2014-08-25,09292000,4.6722719999999995,09292000
2014-08-26,09292000,5.1253408,09292000
2014-08-27,09292000,6.5694976,09292000
2014-08-28,09292000,7.78712,09292000
2014-08-29,09292000,5.804944,09292000
2014-08-30,09292000,5.4368256,09292000
2014-08-31,09292000,4.8421728,09292000
2014-09-01,09292000,4.0209856,09292000
2014-09-02,09292000,3.4263328,09292000
2014-09-03,09292000,3.0015808,09292000
2014-09-04,09292000,2.6277990399999998,09292000
2014-09-05,09292000,2.46922496,09292000
2014-09-06,09292000,2.41259136,09292000
2014-09-07,09292000,2.47205664,09292000
2014-09-08,09292000,2.31631424,09292000
2014-09-09,09292000,3.6245504,09292000
2014-09-10,09292000,3.2847488,09292000
2014-09-11,09292000,2.5230268799999997,09292000
2014-09-12,09292000,2.16057184,09292000
2014-09-13,09292000,1.9566908799999998,09292000
2014-09-14,09292000,1.78679008,09292000
2014-09-15,09292000,1.65936448,09292000
2014-09-16,09292000,1.5998992,09292000
2014-09-17,09292000,1.5715824,09292000
2014-09-18,09292000,1.66785952,09292000
2014-09-19,09292000,1.44132512,09292000
2014-09-20,09292000,1.31106784,09292000
2014-09-21,09292000,1.50928544,09292000
2014-09-22,09292000,2.30498752,09292000
2014-09-23,09292000,1.72449312,09292000
2014-09-24,09292000,1.47530528,09292000
2014-09-25,09292000,1.31956288,09292000
2014-09-26,09292000,1.18364224,09292000
2014-09-27,09292000,2.16906688,09292000
2014-09-28,09292000,14.9229536,09292000
2014-09-29,09292000,12.4027584,09292000
2014-09-30,09292000,8.636624,09292000
2014-10-01,09292000,6.3995968,09292000
2014-10-02,09292000,4.9271232,09292000
2014-10-03,09292000,4.3607872,09292000
2014-10-04,09292000,3.9077184,09292000
2014-10-05,09292000,3.5112832,09292000
2014-10-06,09292000,3.1714816,09292000
2014-10-07,09292000,2.8599968,09292000
2014-10-08,09292000,2.6646108799999997,09292000
2014-10-09,09292000,2.44090816,09292000
2014-10-10,09292000,2.2823340799999996,09292000
2014-10-11,09292000,2.0841164799999996,09292000
2014-10-12,09292000,2.04164128,09292000
2014-10-13,09292000,3.0865312,09292000
2014-10-14,09292000,3.7944512,09292000
2014-10-15,09292000,2.41542304,09292000
2014-10-16,09292000,1.60556256,09292000
2014-10-17,09292000,1.8632454399999998,09292000
2014-10-18,09292000,2.11809664,09292000
2014-10-19,09292000,1.27991936,09292000
2014-10-20,09292000,1.19496896,09292000
2014-10-21,09292000,1.24877088,09292000
2014-10-22,09292000,1.25443424,09292000
2014-10-23,09292000,1.0194048,09292000
2014-10-24,09292000,0.90896928,09292000
2014-10-25,09292000,0.81269216,09292000
2014-10-26,09292000,1.4951270399999999,09292000
2014-10-27,09292000,1.9595225600000001,09292000
2014-10-28,09292000,2.619304,09292000
2014-10-29,09292000,2.5909872,09292000
2014-10-30,09292000,2.17756192,09292000
2014-10-31,09292000,1.22894912,09292000
2014-11-01,09292000,1.7414832,09292000
2014-11-02,09292000,1.33372128,09292000
2014-11-03,09292000,1.20629568,09292000
2014-11-04,09292000,1.00241472,09292000
2014-11-05,09292000,1.1609888,09292000
2014-11-06,09292000,1.0873651199999999,09292000
2014-11-07,09292000,1.09302848,09292000
2014-11-08,09292000,0.9825929600000001,09292000
2014-11-09,09292000,0.9825929600000001,09292000
2014-11-10,09292000,0.95427616,09292000
2014-11-11,09292000,0.9627711999999999,09292000
2014-11-12,09292000,0.9344544,09292000
2014-11-13,09292000,0.8778208,09292000
2014-11-14,09292000,0.991088,09292000
2014-11-15,09292000,1.0760384,09292000
2014-11-16,09292000,1.0194048,09292000
2014-11-17,09292000,1.0477216,09292000
2014-11-18,09292000,1.1043552,09292000
2014-11-19,09292000,1.1893056,09292000
2014-11-20,09292000,1.25726592,09292000
2014-11-21,09292000,1.15815712,09292000
2014-11-22,09292000,1.14966208,09292000
2014-11-23,09292000,1.15249376,09292000
2014-11-24,09292000,1.1609888,09292000
2014-11-25,09292000,1.1893056,09292000
2014-11-26,09292000,1.18081056,09292000
2014-11-27,09292000,1.1751472,09292000
2014-11-28,09292000,1.1383353600000001,09292000
2014-11-29,09292000,1.12417696,09292000
2014-11-30,09292000,1.1156819199999999,09292000
2014-12-01,09292000,1.0986918399999999,09292000
2014-12-02,09292000,1.08170176,09292000
2014-12-03,09292000,1.0873651199999999,09292000
2014-12-04,09292000,1.11285024,09292000
2014-12-05,09292000,1.0873651199999999,09292000
2014-12-06,09292000,1.07320672,09292000
2014-12-07,09292000,1.05904832,09292000
2014-12-08,09292000,1.04488992,09292000
2014-12-09,09292000,1.01090976,09292000
2014-12-10,09292000,1.02506816,09292000
2014-12-11,09292000,1.00807808,09292000
2014-12-12,09292000,1.01090976,09292000
2014-12-13,09292000,1.0675433600000002,09292000
2014-12-14,09292000,1.06471168,09292000
2014-12-15,09292000,0.9316227199999999,09292000
2014-12-16,09292000,0.9344544,09292000
2014-12-17,09292000,0.9061376,09292000
2014-12-18,09292000,0.9627711999999999,09292000
2014-12-19,09292000,0.8778208,09292000
2014-12-20,09292000,0.9061376,09292000
2014-12-21,09292000,0.9344544,09292000
2014-12-22,09292000,0.9627711999999999,09292000
2014-12-23,09292000,0.8778208,09292000
2014-12-24,09292000,0.849504,09292000
2014-12-25,09292000,0.8778208,09292000
2014-12-26,09292000,0.8211872,09292000
2014-12-27,09292000,0.7362368,09292000
2014-12-28,09292000,0.7928704,09292000
2014-12-29,09292000,0.8211872,09292000
2014-12-30,09292000,0.70792,09292000
2014-12-31,09292000,0.5946528,09292000
2015-01-01,09292000,0.6796032,09292000
2015-01-02,09292000,0.70792,09292000
2015-01-03,09292000,0.7645535999999999,09292000
2015-01-04,09292000,0.7928704,09292000
2015-01-05,09292000,0.849504,09292000
2015-01-06,09292000,0.9061376,09292000
2015-01-07,09292000,0.849504,09292000
2015-01-08,09292000,0.7928704,09292000
2015-01-09,09292000,0.7334051199999999,09292000
2015-01-10,09292000,0.70792,09292000
2015-01-11,09292000,0.72774176,09292000
2015-01-12,09292000,0.7362368,09292000
2015-01-13,09292000,0.70792,09292000
2015-01-14,09292000,0.6796032,09292000
2015-01-15,09292000,0.6796032,09292000
2015-01-16,09292000,0.70792,09292000
2015-01-17,09292000,0.7362368,09292000
2015-01-18,09292000,0.7645535999999999,09292000
2015-01-19,09292000,0.70792,09292000
2015-01-20,09292000,0.6796032,09292000
2015-01-21,09292000,0.6512864,09292000
2015-01-22,09292000,0.6512864,09292000
2015-01-23,09292000,0.6512864,09292000
2015-01-24,09292000,0.6796032,09292000
2015-01-25,09292000,0.6796032,09292000
2015-01-26,09292000,0.6682764800000001,09292000
2015-01-27,09292000,0.69092992,09292000
2015-01-28,09292000,0.6937616,09292000
2015-01-29,09292000,0.6937616,09292000
2015-01-30,09292000,0.70225664,09292000
2015-01-31,09292000,0.71075168,09292000
2015-02-01,09292000,0.72774176,09292000
2015-02-02,09292000,0.67677152,09292000
2015-02-03,09292000,0.6626131199999999,09292000
2015-02-04,09292000,0.64562304,09292000
2015-02-05,09292000,0.68526656,09292000
2015-02-06,09292000,0.8551673599999999,09292000
2015-02-07,09292000,0.84384064,09292000
2015-02-08,09292000,0.7220784,09292000
2015-02-09,09292000,0.7928704,09292000
2015-02-10,09292000,0.78437536,09292000
2015-02-11,09292000,0.82685056,09292000
2015-02-12,09292000,0.8211872,09292000
2015-02-13,09292000,0.8636623999999999,09292000
2015-02-14,09292000,0.86932576,09292000
2015-02-15,09292000,0.8608307199999999,09292000
2015-02-16,09292000,0.81269216,09292000
2015-02-17,09292000,0.7815436800000001,09292000
2015-02-18,09292000,0.7928704,09292000
2015-02-19,09292000,0.77588032,09292000
2015-02-20,09292000,0.75322688,09292000
2015-02-21,09292000,0.72774176,09292000
2015-02-22,09292000,0.6937616,09292000
2015-02-23,09292000,0.6229696,09292000
2015-02-24,09292000,0.6512864,09292000
2015-02-25,09292000,0.70792,09292000
2015-02-26,09292000,0.6796032,09292000
2015-02-27,09292000,0.6512864,09292000
2015-02-28,09292000,0.6796032,09292000
2015-03-01,09292000,0.68809824,09292000
2015-03-02,09292000,0.6796032,09292000
2015-03-03,09292000,0.6512864,09292000
2015-03-04,09292000,0.5946528,09292000
2015-03-05,09292000,0.6512864,09292000
2015-03-06,09292000,0.6796032,09292000
2015-03-07,09292000,0.72491008,09292000
2015-03-08,09292000,0.70792,09292000
2015-03-09,09292000,0.70792,09292000
2015-03-10,09292000,0.68526656,09292000
2015-03-11,09292000,0.6796032,09292000
2015-03-12,09292000,0.67393984,09292000
2015-03-13,09292000,0.69942496,09292000
2015-03-14,09292000,0.7192467199999999,09292000
2015-03-15,09292000,0.7673852800000001,09292000
2015-03-16,09292000,0.82401888,09292000
2015-03-17,09292000,0.86649408,09292000
2015-03-18,09292000,0.88914752,09292000
2015-03-19,09292000,0.82968224,09292000
2015-03-20,09292000,0.77588032,09292000
2015-03-21,09292000,0.9429494399999999,09292000
2015-03-22,09292000,0.78720704,09292000
2015-03-23,09292000,0.75889024,09292000
2015-03-24,09292000,0.6937616,09292000
2015-03-25,09292000,0.87498912,09292000
2015-03-26,09292000,1.12134528,09292000
2015-03-27,09292000,1.0675433600000002,09292000
2015-03-28,09292000,0.72491008,09292000
2015-03-29,09292000,0.71075168,09292000
2015-03-30,09292000,1.0165731199999999,09292000
2015-03-31,09292000,1.49229536,09292000
2015-04-01,09292000,1.50362208,09292000
2015-04-02,09292000,1.46964192,09292000
2015-04-03,09292000,1.30823616,09292000
2015-04-04,09292000,1.27142432,09292000
2015-04-05,09292000,1.31106784,09292000
2015-04-06,09292000,1.27142432,09292000
2015-04-07,09292000,1.2176224,09292000
2015-04-08,09292000,1.18364224,09292000
2015-04-09,09292000,1.14966208,09292000
2015-04-10,09292000,1.12134528,09292000
2015-04-11,09292000,1.12984032,09292000
2015-04-12,09292000,1.16382048,09292000
2015-04-13,09292000,1.13550368,09292000
2015-04-14,09292000,1.22894912,09292000
2015-04-15,09292000,1.2685926399999998,09292000
2015-04-16,09292000,1.20912736,09292000
2015-04-17,09292000,1.19496896,09292000
2015-04-18,09292000,1.1893056,09292000
2015-04-19,09292000,1.203464,09292000
2015-04-20,09292000,1.20063232,09292000
2015-04-21,09292000,1.35354304,09292000
2015-04-22,09292000,1.44698848,09292000
2015-04-23,09292000,1.54043392,09292000
2015-04-24,09292000,1.4668102399999998,09292000
2015-04-25,09292000,1.52061216,09292000
2015-04-26,09292000,1.61688928,09292000
2015-04-27,09292000,1.5347705600000001,09292000
2015-04-28,09292000,1.49795872,09292000
2015-04-29,09292000,1.699008,09292000
2015-04-30,09292000,2.2511856,09292000
2015-05-01,09292000,2.77221472,09292000
2015-05-02,09292000,2.9449472,09292000
2015-05-03,09292000,3.681184,09292000
2015-05-04,09292000,4.389104,09292000
2015-05-05,09292000,4.6439552,09292000
2015-05-06,09292000,3.5962336,09292000
2015-05-07,09292000,3.0298976,09292000
2015-05-08,09292000,2.63629408,09292000
2015-05-09,09292000,2.66744256,09292000
2015-05-10,09292000,2.2936608,09292000
2015-05-11,09292000,2.11243328,09292000
2015-05-12,09292000,2.36728448,09292000
2015-05-13,09292000,2.3219776,09292000
2015-05-14,09292000,2.36728448,09292000
2015-05-15,09292000,2.80902656,09292000
2015-05-16,09292000,2.3644528,09292000
2015-05-17,09292000,2.3021558399999997,09292000
2015-05-18,09292000,2.75239296,09292000
2015-05-19,09292000,2.9449472,09292000
2015-05-20,09292000,3.0582143999999998,09292000
2015-05-21,09292000,3.0015808,09292000
2015-05-22,09292000,3.3413824,09292000
2015-05-23,09292000,2.9449472,09292000
2015-05-24,09292000,2.51736352,09292000
2015-05-25,09292000,2.44657152,09292000
2015-05-26,09292000,2.83168,09292000
2015-05-27,09292000,3.0582143999999998,09292000
2015-05-28,09292000,3.6528671999999998,09292000
2015-05-29,09292000,3.6245504,09292000
2015-05-30,09292000,4.7289056,09292000
2015-05-31,09292000,7.2774176,09292000
2015-06-01,09292000,12.2045408,09292000
2015-06-02,09292000,15.998992,09292000
2015-06-03,09292000,16.9334464,09292000
2015-06-04,09292000,16.0839424,09292000
2015-06-05,09292000,14.9512704,09292000
2015-06-06,09292000,11.2984032,09292000
2015-06-07,09292000,11.185136,09292000
2015-06-08,09292000,10.0807808,09292000
2015-06-09,09292000,12.0629568,09292000
2015-06-10,09292000,13.3372128,09292000
2015-06-11,09292000,14.5265184,09292000
2015-06-12,09292000,14.86632,09292000
2015-06-13,09292000,15.57424,09292000
2015-06-14,09292000,13.5354304,09292000
2015-06-15,09292000,13.6486976,09292000
2015-06-16,09292000,24.3241312,09292000
2015-06-17,09292000,16.9617632,09292000
2015-06-18,09292000,14.1300832,09292000
2015-06-19,09292000,12.0063232,09292000
2015-06-20,09292000,10.137414399999999,09292000
2015-06-21,09292000,8.3251392,09292000
2015-06-22,09292000,7.1641504,09292000
2015-06-23,09292000,6.0597952,09292000
2015-06-24,09292000,5.2102912,09292000
2015-06-25,09292000,4.6439552,09292000
2015-06-26,09292000,4.1342528,09292000
2015-06-27,09292000,3.8794016,09292000
2015-06-28,09292000,3.398016,09292000
2015-06-29,09292000,3.1431648,09292000
2015-06-30,09292000,3.1714816,09292000
2015-07-01,09292000,2.8599968,09292000
2015-07-02,09292000,2.50886848,09292000
2015-07-03,09292000,2.2115420799999996,09292000
2015-07-04,09292000,2.02181952,09292000
2015-07-05,09292000,2.6731059200000002,09292000
2015-07-06,09292000,2.38144288,09292000
2015-07-07,09292000,2.77221472,09292000
2015-07-08,09292000,2.57399712,09292000
2015-07-09,09292000,2.8883136,09292000
2015-07-10,09292000,5.1253408,09292000
2015-07-11,09292000,3.964352,09292000
2015-07-12,09292000,3.2564319999999998,09292000
2015-07-13,09292000,2.83168,09292000
2015-07-14,09292000,2.45789824,09292000
2015-07-15,09292000,2.28516576,09292000
2015-07-16,09292000,1.9708492799999997,09292000
2015-07-17,09292000,1.7924534399999998,09292000
2015-07-18,09292000,2.4635616,09292000
2015-07-19,09292000,2.51453184,09292000
2015-07-20,09292000,2.0812848,09292000
2015-07-21,09292000,1.6112259199999999,09292000
2015-07-22,09292000,2.0841164799999996,09292000
2015-07-23,09292000,2.8599968,09292000
2015-07-24,09292000,1.80378016,09292000
2015-07-25,09292000,1.4130083199999999,09292000
2015-07-26,09292000,2.0699580799999997,09292000
2015-07-27,09292000,1.9142156799999999,09292000
2015-07-28,09292000,1.7839584,09292000
2015-07-29,09292000,1.6565328,09292000
2015-07-30,09292000,1.55459232,09292000
2015-07-31,09292000,1.62538432,09292000
2015-08-01,09292000,1.3846915199999998,09292000
2015-08-02,09292000,1.53193888,09292000
2015-08-03,09292000,3.1997984,09292000
2015-08-04,09292000,2.70708608,09292000
2015-08-05,09292000,1.75847328,09292000
2015-08-06,09292000,1.29974112,09292000
2015-08-07,09292000,2.18322528,09292000
2015-08-08,09292000,3.4829664,09292000
2015-08-09,09292000,2.8061948799999996,09292000
2015-08-10,09292000,1.87457216,09292000
2015-08-11,09292000,1.57441408,09292000
2015-08-12,09292000,1.6650278399999998,09292000
2015-08-13,09292000,1.80661184,09292000
2015-08-14,09292000,1.46964192,09292000
2015-08-15,09292000,1.31956288,09292000
2015-08-16,09292000,1.49229536,09292000
2015-08-17,09292000,1.3592064,09292000
2015-08-18,09292000,1.3025728,09292000
2015-08-19,09292000,1.2374441600000001,09292000
2015-08-20,09292000,1.5659190399999998,09292000
2015-08-21,09292000,1.4724736,09292000
2015-08-22,09292000,1.4016816,09292000
2015-08-23,09292000,1.3648697600000002,09292000
2015-08-24,09292000,1.4299984,09292000
2015-08-25,09292000,1.39884992,09292000
2015-08-26,09292000,1.53760224,09292000
2015-08-27,09292000,1.7641366399999998,09292000
2015-08-28,09292000,1.4724736,09292000
2015-08-29,09292000,1.36203808,09292000
2015-08-30,09292000,1.39035488,09292000
2015-08-31,09292000,1.75280992,09292000
2015-09-01,09292000,1.7613049600000001,09292000
2015-09-02,09292000,1.6621961600000001,09292000
2015-09-03,09292000,1.41584,09292000
2015-09-04,09292000,1.31956288,09292000
2015-09-05,09292000,1.44698848,09292000
2015-09-06,09292000,1.4441568,09292000
2015-09-07,09292000,1.24877088,09292000
2015-09-08,09292000,1.17797888,09292000
2015-09-09,09292000,1.2402758399999998,09292000
2015-09-10,09292000,1.18364224,09292000
2015-09-11,09292000,1.19213728,09292000
2015-09-12,09292000,1.62538432,09292000
2015-09-13,09292000,1.58007744,09292000
2015-09-14,09292000,1.6565328,09292000
2015-09-15,09292000,2.12092832,09292000
2015-09-16,09292000,2.3956012799999997,09292000
2015-09-17,09292000,1.6338793600000001,09292000
2015-09-18,09292000,1.29124608,09292000
2015-09-19,09292000,1.22894912,09292000
2015-09-20,09292000,1.35071136,09292000
2015-09-21,09292000,1.345048,09292000
2015-09-22,09292000,1.53193888,09292000
2015-09-23,09292000,1.9680176,09292000
2015-09-24,09292000,1.8943939200000002,09292000
2015-09-25,09292000,1.83209696,09292000
2015-09-26,09292000,1.78679008,09292000
2015-09-27,09292000,1.7556416,09292000
2015-09-28,09292000,1.72449312,09292000
2015-09-29,09292000,1.7103347199999999,09292000
2015-09-30,09292000,1.69051296,09292000
2015-10-01,09292000,1.70467136,09292000
2015-10-02,09292000,1.36203808,09292000
2015-10-03,09292000,1.0873651199999999,09292000
2015-10-04,09292000,1.2317808,09292000
2015-10-05,09292000,1.20629568,09292000
2015-10-06,09292000,1.40734496,09292000
2015-10-07,09292000,1.25160256,09292000
2015-10-08,09292000,1.09302848,09292000
2015-10-09,09292000,1.00807808,09292000
2015-10-10,09292000,0.9457811199999999,09292000
2015-10-11,09292000,0.90330592,09292000
2015-10-12,09292000,0.8325139199999999,09292000
2015-10-13,09292000,0.80136544,09292000
2015-10-14,09292000,0.88914752,09292000
2015-10-15,09292000,0.8410089599999999,09292000
2015-10-16,09292000,0.81552384,09292000
2015-10-17,09292000,0.83817728,09292000
2015-10-18,09292000,1.06188,09292000
2015-10-19,09292000,1.94819584,09292000
2015-10-20,09292000,1.911384,09292000
2015-10-21,09292000,1.6112259199999999,09292000
2015-10-22,09292000,1.41584,09292000
2015-10-23,09292000,1.27708768,09292000
2015-10-24,09292000,1.15815712,09292000
2015-10-25,09292000,1.11285024,09292000
2015-10-26,09292000,1.1043552,09292000
2015-10-27,09292000,1.0222364800000001,09292000
2015-10-28,09292000,0.8721574400000001,09292000
2015-10-29,09292000,1.0703750399999998,09292000
2015-10-30,09292000,0.95427616,09292000
2015-10-31,09292000,0.9627711999999999,09292000
2015-11-01,09292000,0.9457811199999999,09292000
2015-11-02,09292000,0.97126624,09292000
2015-11-03,09292000,0.87498912,09292000
2015-11-04,09292000,0.9118009600000001,09292000
2015-11-05,09292000,0.8211872,09292000
2015-11-06,09292000,0.88631584,09292000
2015-11-07,09292000,1.02506816,09292000
2015-11-08,09292000,1.39884992,09292000
2015-11-09,09292000,1.4356617600000001,09292000
2015-11-10,09292000,1.47530528,09292000
2015-11-11,09292000,1.3365529600000001,09292000
2015-11-12,09292000,1.2855827199999998,09292000
2015-11-13,09292000,1.37619648,09292000
2015-11-14,09292000,1.36203808,09292000
2015-11-15,09292000,1.2459392,09292000
2015-11-16,09292000,1.3733648,09292000
2015-11-17,09292000,1.26292928,09292000
2015-11-18,09292000,1.25443424,09292000
2015-11-19,09292000,1.20063232,09292000
2015-11-20,09292000,1.20629568,09292000
2015-11-21,09292000,1.132672,09292000
2015-11-22,09292000,1.4639785600000002,09292000
2015-11-23,09292000,1.2685926399999998,09292000
2015-11-24,09292000,1.1864739199999998,09292000
2015-11-25,09292000,1.12984032,09292000
2015-11-26,09292000,1.0675433600000002,09292000
2015-11-27,09292000,1.0477216,09292000
2015-11-28,09292000,0.9627711999999999,09292000
2015-11-29,09292000,0.8778208,09292000
2015-11-30,09292000,0.7928704,09292000
2015-12-01,09292000,0.7362368,09292000
2015-12-02,09292000,0.7928704,09292000
2015-12-03,09292000,0.849504,09292000
2015-12-04,09292000,0.9344544,09292000
2015-12-05,09292000,0.849504,09292000
2015-12-06,09292000,0.8778208,09292000
2015-12-07,09292000,0.9061376,09292000
2015-12-08,09292000,0.9344544,09292000
2015-12-09,09292000,0.9627711999999999,09292000
2015-12-10,09292000,0.9344544,09292000
2015-12-11,09292000,0.88914752,09292000
2015-12-12,09292000,0.89764256,09292000
2015-12-13,09292000,0.849504,09292000
2015-12-14,09292000,0.9061376,09292000
2015-12-15,09292000,0.7928704,09292000
2015-12-16,09292000,0.6796032,09292000
2015-12-17,09292000,0.7362368,09292000
2015-12-18,09292000,0.7645535999999999,09292000
2015-12-19,09292000,0.7928704,09292000
2015-12-20,09292000,0.8211872,09292000
2015-12-21,09292000,0.7362368,09292000
2015-12-22,09292000,0.7645535999999999,09292000
2015-12-23,09292000,0.6229696,09292000
2015-12-24,09292000,0.5946528,09292000
2015-12-25,09292000,0.6512864,09292000
2015-12-26,09292000,0.6229696,09292000
2015-12-27,09292000,0.5946528,09292000
2015-12-28,09292000,0.566336,09292000
2015-12-29,09292000,0.6229696,09292000
2015-12-30,09292000,0.6796032,09292000
2015-12-31,09292000,0.6796032,09292000
2016-01-01,09292000,0.5946528,09292000
2016-01-02,09292000,0.6796032,09292000
2016-01-03,09292000,0.7362368,09292000
2016-01-04,09292000,0.8211872,09292000
2016-01-05,09292000,0.8778208,09292000
2016-01-06,09292000,0.8211872,09292000
2016-01-07,09292000,0.79003872,09292000
2016-01-08,09292000,0.7928704,09292000
2016-01-09,09292000,0.7362368,09292000
2016-01-10,09292000,0.6229696,09292000
2016-01-11,09292000,0.566336,09292000
2016-01-12,09292000,0.6512864,09292000
2016-01-13,09292000,0.70792,09292000
2016-01-14,09292000,0.7362368,09292000
2016-01-15,09292000,0.7928704,09292000
2016-01-16,09292000,0.7645535999999999,09292000
2016-01-17,09292000,0.7362368,09292000
2016-01-18,09292000,0.69659328,09292000
2016-01-19,09292000,0.6796032,09292000
2016-01-20,09292000,0.70508832,09292000
2016-01-21,09292000,0.6796032,09292000
2016-01-22,09292000,0.70792,09292000
2016-01-23,09292000,0.70792,09292000
2016-01-24,09292000,0.68809824,09292000
2016-01-25,09292000,0.6512864,09292000
2016-01-26,09292000,0.5946528,09292000
2016-01-27,09292000,0.6512864,09292000
2016-01-28,09292000,0.6796032,09292000
2016-01-29,09292000,0.6682764800000001,09292000
2016-01-30,09292000,0.6824348800000001,09292000
2016-01-31,09292000,0.6796032,09292000
2016-02-01,09292000,0.7362368,09292000
2016-02-02,09292000,0.6512864,09292000
2016-02-03,09292000,0.5946528,09292000
2016-02-04,09292000,0.5946528,09292000
2016-02-05,09292000,0.6229696,09292000
2016-02-06,09292000,0.566336,09292000
2016-02-07,09292000,0.5946528,09292000
2016-02-08,09292000,0.6229696,09292000
2016-02-09,09292000,0.6512864,09292000
2016-02-10,09292000,0.63146464,09292000
2016-02-11,09292000,0.63146464,09292000
2016-02-12,09292000,0.62863296,09292000
2016-02-13,09292000,0.61447456,09292000
2016-02-14,09292000,0.57766272,09292000
2016-02-15,09292000,0.56350432,09292000
2016-02-16,09292000,0.55500928,09292000
2016-02-17,09292000,0.59748448,09292000
2016-02-18,09292000,0.60314784,09292000
2016-02-19,09292000,0.68526656,09292000
2016-02-20,09292000,0.5521776,09292000
2016-02-21,09292000,0.60031616,09292000
2016-02-22,09292000,0.64562304,09292000
2016-02-23,09292000,0.6484547199999999,09292000
2016-02-24,09292000,0.72774176,09292000
2016-02-25,09292000,0.7503952,09292000
2016-02-26,09292000,0.6937616,09292000
2016-02-27,09292000,0.6682764800000001,09292000
2016-02-28,09292000,0.6342963199999999,09292000
2016-02-29,09292000,0.6229696,09292000
2016-03-01,09292000,0.7503952,09292000
2016-03-02,09292000,0.85233568,09292000
2016-03-03,09292000,0.83817728,09292000
2016-03-04,09292000,0.90896928,09292000
2016-03-05,09292000,0.95144448,09292000
2016-03-06,09292000,0.89764256,09292000
2016-03-07,09292000,0.7560585599999999,09292000
2016-03-08,09292000,0.8211872,09292000
2016-03-09,09292000,0.920296,09292000
2016-03-10,09292000,0.72774176,09292000
2016-03-11,09292000,0.7362368,09292000
2016-03-12,09292000,0.7560585599999999,09292000
2016-03-13,09292000,0.71075168,09292000
2016-03-14,09292000,0.71641504,09292000
2016-03-15,09292000,0.81269216,09292000
2016-03-16,09292000,0.8721574400000001,09292000
2016-03-17,09292000,0.71075168,09292000
2016-03-18,09292000,0.71641504,09292000
2016-03-19,09292000,0.79570208,09292000
2016-03-20,09292000,0.7503952,09292000
2016-03-21,09292000,0.81269216,09292000
2016-03-22,09292000,0.80136544,09292000
2016-03-23,09292000,0.7617219199999999,09292000
2016-03-24,09292000,0.7673852800000001,09292000
2016-03-25,09292000,0.91746432,09292000
2016-03-26,09292000,0.90330592,09292000
2016-03-27,09292000,0.9571078399999999,09292000
2016-03-28,09292000,0.9571078399999999,09292000
2016-03-29,09292000,0.8410089599999999,09292000
2016-03-30,09292000,0.7419001599999999,09292000
2016-03-31,09292000,0.75889024,09292000
2016-04-01,09292000,1.00241472,09292000
2016-04-02,09292000,1.01090976,09292000
2016-04-03,09292000,1.05904832,09292000
2016-04-04,09292000,1.0986918399999999,09292000
2016-04-05,09292000,1.09586016,09292000
2016-04-06,09292000,1.132672,09292000
2016-04-07,09292000,1.41584,09292000
2016-04-08,09292000,1.51778048,09292000
2016-04-09,09292000,1.557424,09292000
2016-04-10,09292000,1.5291071999999999,09292000
2016-04-11,09292000,1.2600976,09292000
2016-04-12,09292000,1.02506816,09292000
2016-04-13,09292000,1.1185136,09292000
2016-04-14,09292000,1.28275104,09292000
2016-04-15,09292000,1.15815712,09292000
2016-04-16,09292000,1.05338496,09292000
2016-04-17,09292000,1.0052464,09292000
2016-04-18,09292000,0.9825929600000001,09292000
2016-04-19,09292000,1.24877088,09292000
2016-04-20,09292000,1.2685926399999998,09292000
2016-04-21,09292000,1.3252262399999999,09292000
2016-04-22,09292000,1.41584,09292000
2016-04-23,09292000,1.7414832,09292000
2016-04-24,09292000,1.30540448,09292000
2016-04-25,09292000,1.41584,09292000
2016-04-26,09292000,1.22045408,09292000
2016-04-27,09292000,1.1978006399999999,09292000
2016-04-28,09292000,1.22894912,09292000
2016-04-29,09292000,1.27142432,09292000
2016-04-30,09292000,1.27142432,09292000
2016-05-01,09292000,1.203464,09292000
2016-05-02,09292000,1.21195904,09292000
2016-05-03,09292000,1.3025728,09292000
2016-05-04,09292000,1.2969094399999999,09292000
2016-05-05,09292000,1.5149488,09292000
2016-05-06,09292000,2.5938188799999997,09292000
2016-05-07,09292000,3.1431648,09292000
2016-05-08,09292000,2.70708608,09292000
2016-05-09,09292000,3.5112832,09292000
2016-05-10,09292000,3.7944512,09292000
2016-05-11,09292000,2.973264,09292000
2016-05-12,09292000,2.61080896,09292000
2016-05-13,09292000,2.8883136,09292000
2016-05-14,09292000,4.0493024,09292000
2016-05-15,09292000,5.3518752,09292000
2016-05-16,09292000,5.1253408,09292000
2016-05-17,09292000,4.389104,09292000
2016-05-18,09292000,4.1625696,09292000
2016-05-19,09292000,4.8421728,09292000
2016-05-20,09292000,6.0597952,09292000
2016-05-21,09292000,6.7110816,09292000
2016-05-22,09292000,5.6067264,09292000
2016-05-23,09292000,4.3041536,09292000
2016-05-24,09292000,3.2847488,09292000
2016-05-25,09292000,3.0582143999999998,09292000
2016-05-26,09292000,3.0582143999999998,09292000
2016-05-27,09292000,2.9166304,09292000
2016-05-28,09292000,3.5396,09292000
2016-05-29,09292000,4.8988064,09292000
2016-05-30,09292000,5.5500928,09292000
2016-05-31,09292000,9.3162272,09292000
2016-06-01,09292000,13.025727999999999,09292000
2016-06-02,09292000,17.4714656,09292000
2016-06-03,09292000,21.577401599999998,09292000
2016-06-04,09292000,27.2407616,09292000
2016-06-05,09292000,33.130656,09292000
2016-06-06,09292000,32.847488,09292000
2016-06-07,09292000,27.2407616,09292000
2016-06-08,09292000,27.9486816,09292000
2016-06-09,09292000,30.582144,09292000
2016-06-10,09292000,29.166304,09292000
2016-06-11,09292000,25.1736352,09292000
2016-06-12,09292000,23.36136,09292000
2016-06-13,09292000,20.8411648,09292000
2016-06-14,09292000,15.2061216,09292000
2016-06-15,09292000,14.9229536,09292000
2016-06-16,09292000,16.3104768,09292000
2016-06-17,09292000,16.1688928,09292000
2016-06-18,09292000,16.140576,09292000
2016-06-19,09292000,15.3477056,09292000
2016-06-20,09292000,13.9035488,09292000
2016-06-21,09292000,14.611468799999999,09292000
2016-06-22,09292000,13.9884992,09292000
2016-06-23,09292000,12.8558272,09292000
2016-06-24,09292000,12.0629568,09292000
2016-06-25,09292000,10.5338496,09292000
2016-06-26,09292000,8.3251392,09292000
2016-06-27,09292000,6.5694976,09292000
2016-06-28,09292000,5.6067264,09292000
2016-06-29,09292000,5.2102912,09292000
2016-06-30,09292000,5.4651423999999995,09292000
2016-07-01,09292000,5.66336,09292000
2016-07-02,09292000,4.95544,09292000
2016-07-03,09292000,4.4740544,09292000
2016-07-04,09292000,4.1342528,09292000
2016-07-05,09292000,3.7095008,09292000
2016-07-06,09292000,3.3413824,09292000
2016-07-07,09292000,2.973264,09292000
2016-07-08,09292000,2.6759376,09292000
2016-07-09,09292000,3.5396,09292000
2016-07-10,09292000,3.0865312,09292000
2016-07-11,09292000,2.265344,09292000
2016-07-12,09292000,1.7556416,09292000
2016-07-13,09292000,1.5149488,09292000
2016-07-14,09292000,1.36203808,09292000
2016-07-15,09292000,1.3592064,09292000
2016-07-16,09292000,1.3025728,09292000
2016-07-17,09292000,1.2969094399999999,09292000
2016-07-18,09292000,1.2147907199999999,09292000
2016-07-19,09292000,1.27142432,09292000
2016-07-20,09292000,1.274256,09292000
2016-07-21,09292000,1.27708768,09292000
2016-07-22,09292000,1.39318656,09292000
2016-07-23,09292000,1.6112259199999999,09292000
2016-07-24,09292000,1.3252262399999999,09292000
2016-07-25,09292000,1.6423744,09292000
2016-07-26,09292000,1.77829504,09292000
2016-07-27,09292000,1.83492864,09292000
2016-07-28,09292000,1.5347705600000001,09292000
2016-07-29,09292000,1.4130083199999999,09292000
2016-07-30,09292000,1.3960182399999999,09292000
2016-07-31,09292000,1.8575820799999998,09292000
2016-08-01,09292000,1.84342368,09292000
2016-08-02,09292000,1.5347705600000001,09292000
2016-08-03,09292000,1.48946368,09292000
2016-08-04,09292000,1.38185984,09292000
2016-08-05,09292000,1.32805792,09292000
2016-08-06,09292000,1.45548352,09292000
2016-08-07,09292000,1.4639785600000002,09292000
2016-08-08,09292000,1.50362208,09292000
2016-08-09,09292000,1.38185984,09292000
2016-08-10,09292000,1.27991936,09292000
2016-08-11,09292000,1.3846915199999998,09292000
2016-08-12,09292000,1.3252262399999999,09292000
2016-08-13,09292000,1.22045408,09292000
2016-08-14,09292000,1.1411670399999998,09292000
2016-08-15,09292000,1.09586016,09292000
2016-08-16,09292000,1.0703750399999998,09292000
2016-08-17,09292000,1.132672,09292000
2016-08-18,09292000,1.1864739199999998,09292000
2016-08-19,09292000,1.21195904,09292000
2016-08-20,09292000,1.08170176,09292000
2016-08-21,09292000,1.09586016,09292000
2016-08-22,09292000,1.3677014399999998,09292000
2016-08-23,09292000,1.3960182399999999,09292000
2016-08-24,09292000,1.31956288,09292000
2016-08-25,09292000,1.27991936,09292000
2016-08-26,09292000,1.3960182399999999,09292000
2016-08-27,09292000,1.35071136,09292000
2016-08-28,09292000,1.31106784,09292000
2016-08-29,09292000,1.23461248,09292000
2016-08-30,09292000,1.203464,09292000
2016-08-31,09292000,1.19496896,09292000
2016-09-01,09292000,1.31106784,09292000
2016-09-02,09292000,1.32805792,09292000
2016-09-03,09292000,1.40734496,09292000
2016-09-04,09292000,1.8717404799999997,09292000
2016-09-05,09292000,1.63104768,09292000
2016-09-06,09292000,1.43283008,09292000
2016-09-07,09292000,1.3365529600000001,09292000
2016-09-08,09292000,1.274256,09292000
2016-09-09,09292000,1.19496896,09292000
2016-09-10,09292000,1.1468304,09292000
2016-09-11,09292000,1.1185136,09292000
2016-09-12,09292000,1.0873651199999999,09292000
2016-09-13,09292000,1.10152352,09292000
2016-09-14,09292000,1.71599808,09292000
2016-09-15,09292000,1.58007744,09292000
2016-09-16,09292000,1.48096864,09292000
2016-09-17,09292000,1.37053312,09292000
2016-09-18,09292000,1.24877088,09292000
2016-09-19,09292000,1.1864739199999998,09292000
2016-09-20,09292000,1.1383353600000001,09292000
2016-09-21,09292000,1.1411670399999998,09292000
2016-09-22,09292000,2.8883136,09292000
2016-09-23,09292000,5.1536576,09292000
2016-09-24,09292000,3.5112832,09292000
2016-09-25,09292000,2.973264,09292000
2016-09-26,09292000,2.9449472,09292000
2016-09-27,09292000,3.1431648,09292000
2016-09-28,09292000,2.9449472,09292000
2016-09-29,09292000,3.3413824,09292000
2016-09-30,09292000,3.9926688,09292000
2016-10-01,09292000,3.6245504,09292000
2016-10-02,09292000,3.8794016,09292000
2016-10-03,09292000,4.5873216,09292000
2016-10-04,09292000,4.105936,09292000
2016-10-05,09292000,3.7378176,09292000
2016-10-06,09292000,3.3413824,09292000
2016-10-07,09292000,3.114848,09292000
2016-10-08,09292000,3.1997984,09292000
2016-10-09,09292000,2.8033632,09292000
2016-10-10,09292000,2.61364064,09292000
2016-10-11,09292000,2.56550208,09292000
2016-10-12,09292000,2.3956012799999997,09292000
2016-10-13,09292000,2.2115420799999996,09292000
2016-10-14,09292000,2.1096016,09292000
2016-10-15,09292000,1.9708492799999997,09292000
2016-10-16,09292000,1.8915622399999998,09292000
2016-10-17,09292000,1.97651264,09292000
2016-10-18,09292000,1.9510275200000002,09292000
2016-10-19,09292000,1.8236019200000002,09292000
2016-10-20,09292000,1.6650278399999998,09292000
2016-10-21,09292000,1.77263168,09292000
2016-10-22,09292000,1.73581984,09292000
2016-10-23,09292000,1.6225526399999999,09292000
2016-10-24,09292000,1.63954272,09292000
2016-10-25,09292000,1.75280992,09292000
2016-10-26,09292000,1.67918624,09292000
2016-10-27,09292000,1.54892896,09292000
2016-10-28,09292000,1.4838003199999998,09292000
2016-10-29,09292000,1.80094848,09292000
2016-10-30,09292000,1.8207702399999999,09292000
2016-10-31,09292000,2.80902656,09292000
2016-11-01,09292000,2.51736352,09292000
2016-11-02,09292000,2.0444729600000002,09292000
2016-11-03,09292000,1.8207702399999999,09292000
2016-11-04,09292000,1.75847328,09292000
2016-11-05,09292000,1.68768128,09292000
2016-11-06,09292000,1.6112259199999999,09292000
2016-11-07,09292000,1.50928544,09292000
2016-11-08,09292000,1.43283008,09292000
2016-11-09,09292000,1.40451328,09292000
2016-11-10,09292000,1.34787968,09292000
2016-11-11,09292000,1.29124608,09292000
2016-11-12,09292000,1.6848496,09292000
2016-11-13,09292000,2.5060368,09292000
2016-11-14,09292000,1.79528512,09292000
2016-11-15,09292000,1.0901968,09292000
2016-11-16,09292000,1.04488992,09292000
2016-11-17,09292000,1.25443424,09292000
2016-11-18,09292000,1.2402758399999998,09292000
2016-11-19,09292000,1.4384934399999998,09292000
2016-11-20,09292000,1.6282159999999999,09292000
2016-11-21,09292000,1.5234438399999999,09292000
2016-11-22,09292000,0.95144448,09292000
2016-11-23,09292000,0.94011776,09292000
2016-11-24,09292000,0.8410089599999999,09292000
2016-11-25,09292000,0.87498912,09292000
2016-11-26,09292000,0.9061376,09292000
2016-11-27,09292000,1.00807808,09292000
2016-11-28,09292000,0.9457811199999999,09292000
2016-11-29,09292000,0.82401888,09292000
2016-11-30,09292000,0.72491008,09292000
2016-12-01,09292000,0.9287910399999999,09292000
2016-12-02,09292000,0.9287910399999999,09292000
2016-12-03,09292000,0.80986048,09292000
2016-12-04,09292000,0.98825632,09292000
2016-12-05,09292000,1.1043552,09292000
2016-12-06,09292000,1.274256,09292000
2016-12-07,09292000,1.29974112,09292000
2016-12-08,09292000,1.2685926399999998,09292000
2016-12-09,09292000,1.33372128,09292000
2016-12-10,09292000,1.3648697600000002,09292000
2016-12-11,09292000,1.2855827199999998,09292000
2016-12-12,09292000,1.20912736,09292000
2016-12-13,09292000,1.24310752,09292000
2016-12-14,09292000,1.3138995199999999,09292000
2016-12-15,09292000,1.2969094399999999,09292000
2016-12-16,09292000,1.39318656,09292000
2016-12-17,09292000,1.2374441600000001,09292000
2016-12-18,09292000,1.05338496,09292000
2016-12-19,09292000,1.05055328,09292000
2016-12-20,09292000,1.1383353600000001,09292000
2016-12-21,09292000,1.25726592,09292000
2016-12-22,09292000,1.3138995199999999,09292000
2016-12-23,09292000,1.2176224,09292000
2016-12-24,09292000,1.2459392,09292000
2016-12-25,09292000,1.32805792,09292000
2016-12-26,09292000,1.1694838399999998,09292000
2016-12-27,09292000,1.1383353600000001,09292000
2016-12-28,09292000,1.30823616,09292000
2016-12-29,09292000,1.25160256,09292000
2016-12-30,09292000,1.2685926399999998,09292000
2016-12-31,09292000,1.2685926399999998,09292000
2017-01-01,09292000,1.2317808,09292000
2017-01-02,09292000,1.274256,09292000
2017-01-03,09292000,1.24310752,09292000
2017-01-04,09292000,1.2855827199999998,09292000
2017-01-05,09292000,1.14399872,09292000
2017-01-06,09292000,0.9118009600000001,09292000
2017-01-07,09292000,0.991088,09292000
2017-01-08,09292000,1.1185136,09292000
2017-01-09,09292000,1.1893056,09292000
2017-01-10,09292000,1.2176224,09292000
2017-01-11,09292000,1.29974112,09292000
2017-01-12,09292000,1.30823616,09292000
2017-01-13,09292000,1.4016816,09292000
2017-01-14,09292000,1.3960182399999999,09292000
2017-01-15,09292000,1.2969094399999999,09292000
2017-01-16,09292000,1.22894912,09292000
2017-01-17,09292000,1.0392265600000001,09292000
2017-01-18,09292000,0.96843456,09292000
2017-01-19,09292000,1.09302848,09292000
2017-01-20,09292000,1.30823616,09292000
2017-01-21,09292000,1.3167312,09292000
2017-01-22,09292000,1.08453344,09292000
2017-01-23,09292000,1.06188,09292000
2017-01-24,09292000,1.02506816,09292000
2017-01-25,09292000,0.9967513600000001,09292000
2017-01-26,09292000,0.7730486400000001,09292000
2017-01-27,09292000,0.7503952,09292000
2017-01-28,09292000,0.81552384,09292000
2017-01-29,09292000,0.90047424,09292000
2017-01-30,09292000,0.9599395199999999,09292000
2017-01-31,09292000,1.02789984,09292000
2017-02-01,09292000,1.02789984,09292000
2017-02-02,09292000,1.01090976,09292000
2017-02-03,09292000,0.9797612800000001,09292000
2017-02-04,09292000,0.96843456,09292000
2017-02-05,09292000,0.97126624,09292000
2017-02-06,09292000,0.96560288,09292000
2017-02-07,09292000,1.0052464,09292000
2017-02-08,09292000,0.9457811199999999,09292000
2017-02-09,09292000,0.9259593600000001,09292000
2017-02-10,09292000,0.9061376,09292000
2017-02-11,09292000,0.90047424,09292000
2017-02-12,09292000,0.85799904,09292000
2017-02-13,09292000,0.90047424,09292000
2017-02-14,09292000,0.9146326399999999,09292000
2017-02-15,09292000,0.8608307199999999,09292000
2017-02-16,09292000,0.85233568,09292000
2017-02-17,09292000,0.81835552,09292000
2017-02-18,09292000,0.82968224,09292000
2017-02-19,09292000,0.83817728,09292000
2017-02-20,09292000,0.82401888,09292000
2017-02-21,09292000,0.83817728,09292000
2017-02-22,09292000,0.8551673599999999,09292000
2017-02-23,09292000,0.95427616,09292000
2017-02-24,09292000,0.7192467199999999,09292000
2017-02-25,09292000,0.7362368,09292000
2017-02-26,09292000,0.7560585599999999,09292000
2017-02-27,09292000,0.9287910399999999,09292000
2017-02-28,09292000,0.9486128,09292000
2017-03-01,09292000,0.8919792,09292000
2017-03-02,09292000,0.90047424,09292000
2017-03-03,09292000,0.9486128,09292000
2017-03-04,09292000,0.9061376,09292000
2017-03-05,09292000,0.8721574400000001,09292000
2017-03-06,09292000,0.88914752,09292000
2017-03-07,09292000,0.84384064,09292000
2017-03-08,09292000,0.86932576,09292000
2017-03-09,09292000,0.9118009600000001,09292000
2017-03-10,09292000,0.97126624,09292000
2017-03-11,09292000,0.9627711999999999,09292000
2017-03-12,09292000,0.93728608,09292000
2017-03-13,09292000,0.92312768,09292000
2017-03-14,09292000,1.01090976,09292000
2017-03-15,09292000,1.20063232,09292000
2017-03-16,09292000,1.4639785600000002,09292000
2017-03-17,09292000,1.63104768,09292000
2017-03-18,09292000,1.9510275200000002,09292000
2017-03-19,09292000,2.23419552,09292000
2017-03-20,09292000,2.32764096,09292000
2017-03-21,09292000,1.9227107200000002,09292000
2017-03-22,09292000,1.8236019200000002,09292000
2017-03-23,09292000,2.0104928,09292000
2017-03-24,09292000,1.6282159999999999,09292000
2017-03-25,09292000,1.51778048,09292000
2017-03-26,09292000,1.34221632,09292000
2017-03-27,09292000,1.2685926399999998,09292000
2017-03-28,09292000,1.10152352,09292000
2017-03-29,09292000,1.05904832,09292000
2017-03-30,09292000,1.23461248,09292000
2017-03-31,09292000,1.2685926399999998,09292000
2017-04-01,09292000,1.38185984,09292000
2017-04-02,09292000,2.00199776,09292000
2017-04-03,09292000,1.8660771200000001,09292000
2017-04-04,09292000,1.699008,09292000
2017-04-05,09292000,1.59140416,09292000
2017-04-06,09292000,1.6650278399999998,09292000
2017-04-07,09292000,1.80661184,09292000
2017-04-08,09292000,2.05579968,09292000
2017-04-09,09292000,1.9651859200000001,09292000
2017-04-10,09292000,1.7839584,09292000
2017-04-11,09292000,1.64803776,09292000
2017-04-12,09292000,1.19213728,09292000
2017-04-13,09292000,1.699008,09292000
2017-04-14,09292000,2.36162112,09292000
2017-04-15,09292000,2.4805516799999996,09292000
2017-04-16,09292000,2.4918784,09292000
2017-04-17,09292000,2.82884832,09292000
2017-04-18,09292000,3.0865312,09292000
2017-04-19,09292000,3.6245504,09292000
2017-04-20,09292000,3.4546495999999998,09292000
2017-04-21,09292000,3.0015808,09292000
2017-04-22,09292000,2.7750464,09292000
2017-04-23,09292000,2.9166304,09292000
2017-04-24,09292000,3.2564319999999998,09292000
2017-04-25,09292000,2.8883136,09292000
2017-04-26,09292000,2.5626704,09292000
2017-04-27,09292000,2.34463104,09292000
2017-04-28,09292000,2.12376,09292000
2017-04-29,09292000,1.91704736,09292000
2017-04-30,09292000,1.80094848,09292000
2017-05-01,09292000,1.75847328,09292000
2017-05-02,09292000,1.93403744,09292000
2017-05-03,09292000,2.28799744,09292000
2017-05-04,09292000,3.0865312,09292000
2017-05-05,09292000,4.9271232,09292000
2017-05-06,09292000,6.8809824,09292000
2017-05-07,09292000,8.1552384,09292000
2017-05-08,09292000,10.1090976,09292000
2017-05-09,09292000,9.7409792,09292000
2017-05-10,09292000,11.043552,09292000
2017-05-11,09292000,13.1389952,09292000
2017-05-12,09292000,16.28216,09292000
2017-05-13,09292000,19.340374399999998,09292000
2017-05-14,09292000,17.3581984,09292000
2017-05-15,09292000,15.5176064,09292000
2017-05-16,09292000,13.5354304,09292000
2017-05-17,09292000,11.0152352,09292000
2017-05-18,09292000,8.8914752,09292000
2017-05-19,09292000,7.5605856,09292000
2017-05-20,09292000,6.5694976,09292000
2017-05-21,09292000,6.3146464,09292000
2017-05-22,09292000,5.946528,09292000
2017-05-23,09292000,7.5322688,09292000
2017-05-24,09292000,13.2805792,09292000
2017-05-25,09292000,18.972255999999998,09292000
2017-05-26,09292000,17.3298816,09292000
2017-05-27,09292000,15.715824,09292000
2017-05-28,09292000,16.706912,09292000
2017-05-29,09292000,19.0572064,09292000
2017-05-30,09292000,20.7278976,09292000
2017-05-31,09292000,22.3419552,09292000
2017-06-01,09292000,21.379184,09292000
2017-06-02,09292000,24.7205664,09292000
2017-06-03,09292000,27.5239296,09292000
2017-06-04,09292000,30.015808,09292000
2017-06-05,09292000,29.73264,09292000
2017-06-06,09292000,28.599968,09292000
2017-06-07,09292000,26.5045248,09292000
2017-06-08,09292000,26.5611584,09292000
2017-06-09,09292000,24.8621504,09292000
2017-06-10,09292000,26.985910399999998,09292000
2017-06-11,09292000,24.8621504,09292000
2017-06-12,09292000,20.3597792,09292000
2017-06-13,09292000,15.1211712,09292000
2017-06-14,09292000,12.5443424,09292000
2017-06-15,09292000,13.1106784,09292000
2017-06-16,09292000,14.8380032,09292000
2017-06-17,09292000,18.547504,09292000
2017-06-18,09292000,17.698,09292000
2017-06-19,09292000,16.4803776,09292000
2017-06-20,09292000,15.432656,09292000
2017-06-21,09292000,15.57424,09292000
2017-06-22,09292000,14.4132512,09292000
2017-06-23,09292000,11.9496896,09292000
2017-06-24,09292000,9.8825632,09292000
2017-06-25,09292000,8.8914752,09292000
2017-06-26,09292000,8.3251392,09292000
2017-06-27,09292000,7.7588032,09292000
2017-06-28,09292000,7.1641504,09292000
2017-06-29,09292000,6.4279136,09292000
2017-06-30,09292000,5.804944,09292000
2017-07-01,09292000,5.3518752,09292000
2017-07-02,09292000,5.1253408,09292000
2017-07-03,09292000,4.7572224,09292000
2017-07-04,09292000,4.6722719999999995,09292000
2017-07-05,09292000,4.5023712,09292000
2017-07-06,09292000,4.2758367999999995,09292000
2017-07-07,09292000,4.24752,09292000
2017-07-08,09292000,4.1342528,09292000
2017-07-09,09292000,3.9926688,09292000
2017-07-10,09292000,4.2192032,09292000
2017-07-11,09292000,5.1253408,09292000
2017-07-12,09292000,4.813856,09292000
2017-07-13,09292000,4.4457376,09292000
2017-07-14,09292000,4.1625696,09292000
2017-07-15,09292000,4.1625696,09292000
2017-07-16,09292000,4.389104,09292000
2017-07-17,09292000,4.530688,09292000
2017-07-18,09292000,7.503952,09292000
2017-07-19,09292000,5.0120736,09292000
2017-07-20,09292000,4.5590048,09292000
2017-07-21,09292000,5.7199936,09292000
2017-07-22,09292000,6.3995968,09292000
2017-07-23,09292000,4.8421728,09292000
2017-07-24,09292000,4.4457376,09292000
2017-07-25,09292000,6.1447456,09292000
2017-07-26,09292000,5.804944,09292000
2017-07-27,09292000,4.9837568,09292000
2017-07-28,09292000,4.4174208,09292000
2017-07-29,09292000,4.1625696,09292000
2017-07-30,09292000,3.7944512,09292000
2017-07-31,09292000,3.7378176,09292000
2017-08-01,09292000,3.4263328,09292000
2017-08-02,09292000,3.5679168,09292000
2017-08-03,09292000,3.114848,09292000
2017-08-04,09292000,3.0298976,09292000
2017-08-05,09292000,3.0015808,09292000
2017-08-06,09292000,2.71558112,09292000
2017-08-07,09292000,2.9449472,09292000
2017-08-08,09292000,3.3130656,09292000
2017-08-09,09292000,3.1431648,09292000
2017-08-10,09292000,3.398016,09292000
2017-08-11,09292000,2.83168,09292000
2017-08-12,09292000,2.7693830399999997,09292000
2017-08-13,09292000,2.61080896,09292000
2017-08-14,09292000,2.40126464,09292000
2017-08-15,09292000,2.38993792,09292000
2017-08-16,09292000,2.46922496,09292000
2017-08-17,09292000,2.18605696,09292000
2017-08-18,09292000,1.9510275200000002,09292000
2017-08-19,09292000,1.81793856,09292000
2017-08-20,09292000,1.83492864,09292000
2017-08-21,09292000,1.80661184,09292000
2017-08-22,09292000,1.65086944,09292000
2017-08-23,09292000,1.78679008,09292000
2017-08-24,09292000,2.1039382399999997,09292000
2017-08-25,09292000,1.7698,09292000
2017-08-26,09292000,1.5347705600000001,09292000
2017-08-27,09292000,1.40451328,09292000
2017-08-28,09292000,1.3677014399999998,09292000
2017-08-29,09292000,1.33372128,09292000
2017-08-30,09292000,1.56025568,09292000
2017-08-31,09292000,2.21437376,09292000
2017-09-01,09292000,2.11243328,09292000
2017-09-02,09292000,1.9963344,09292000
2017-09-03,09292000,1.93120576,09292000
2017-09-04,09292000,1.9198790399999999,09292000
2017-09-05,09292000,1.84908704,09292000
2017-09-06,09292000,2.0473046399999997,09292000
2017-09-07,09292000,2.18322528,09292000
2017-09-08,09292000,1.70183968,09292000
2017-09-09,09292000,1.69051296,09292000
2017-09-10,09292000,1.70183968,09292000
2017-09-11,09292000,1.70467136,09292000
2017-09-12,09292000,1.74997824,09292000
2017-09-13,09292000,2.0671264,09292000
2017-09-14,09292000,2.12942336,09292000
2017-09-15,09292000,2.8260166399999997,09292000
2017-09-16,09292000,2.43807648,09292000
2017-09-17,09292000,2.11809664,09292000
2017-09-18,09292000,1.94819584,09292000
2017-09-19,09292000,1.8207702399999999,09292000
2017-09-20,09292000,1.77263168,09292000
2017-09-21,09292000,2.0444729600000002,09292000
2017-09-22,09292000,3.0015808,09292000
2017-09-23,09292000,3.0298976,09292000
2017-09-24,09292000,3.0298976,09292000
2017-09-25,09292000,2.27100736,09292000
2017-09-26,09292000,2.1803936,09292000
2017-09-27,09292000,2.13225504,09292000
2017-09-28,09292000,2.3078192,09292000
2017-09-29,09292000,2.2766707200000003,09292000
2017-09-30,09292000,1.55176064,09292000
2017-10-01,09292000,1.39884992,09292000
2017-10-02,09292000,1.2176224,09292000
2017-10-03,09292000,1.0222364800000001,09292000
2017-10-04,09292000,1.06471168,09292000
2017-10-05,09292000,0.97409792,09292000
2017-10-06,09292000,0.9316227199999999,09292000
2017-10-07,09292000,0.88348416,09292000
2017-10-08,09292000,0.95427616,09292000
2017-10-09,09292000,0.85799904,09292000
2017-10-10,09292000,1.15249376,09292000
2017-10-11,09292000,1.6225526399999999,09292000
2017-10-12,09292000,1.56875072,09292000
2017-10-13,09292000,1.4441568,09292000
2017-10-14,09292000,1.3960182399999999,09292000
2017-10-15,09292000,1.35637472,09292000
2017-10-16,09292000,1.39318656,09292000
2017-10-17,09292000,1.3648697600000002,09292000
2017-10-18,09292000,1.35071136,09292000
2017-10-19,09292000,1.3167312,09292000
2017-10-20,09292000,1.30540448,09292000
2017-10-21,09292000,1.1978006399999999,09292000
2017-10-22,09292000,1.23461248,09292000
2017-10-23,09292000,1.20912736,09292000
2017-10-24,09292000,1.14399872,09292000
2017-10-25,09292000,1.1156819199999999,09292000
2017-10-26,09292000,1.13550368,09292000
2017-10-27,09292000,1.05904832,09292000
2017-10-28,09292000,1.0760384,09292000
2017-10-29,09292000,1.0477216,09292000
2017-10-30,09292000,1.07887008,09292000
2017-10-31,09292000,1.01090976,09292000
2017-11-01,09292000,0.991088,09292000
2017-11-02,09292000,1.0222364800000001,09292000
2017-11-03,09292000,1.08170176,09292000
2017-11-04,09292000,1.00807808,09292000
2017-11-05,09292000,1.0873651199999999,09292000
2017-11-06,09292000,1.0901968,09292000
2017-11-07,09292000,1.04488992,09292000
2017-11-08,09292000,1.25160256,09292000
2017-11-09,09292000,1.7443148800000001,09292000
2017-11-10,09292000,1.71882976,09292000
2017-11-11,09292000,1.3252262399999999,09292000
2017-11-12,09292000,0.8466723199999999,09292000
2017-11-13,09292000,0.9627711999999999,09292000
2017-11-14,09292000,0.94011776,09292000
2017-11-15,09292000,0.79853376,09292000
2017-11-16,09292000,0.9344544,09292000
2017-11-17,09292000,1.20629568,09292000
2017-11-18,09292000,0.849504,09292000
2017-11-19,09292000,0.96843456,09292000
2017-11-20,09292000,1.04488992,09292000
2017-11-21,09292000,1.04488992,09292000
2017-11-22,09292000,1.27142432,09292000
2017-11-23,09292000,1.5234438399999999,09292000
2017-11-24,09292000,1.486632,09292000
2017-11-25,09292000,1.4441568,09292000
2017-11-26,09292000,1.41867168,09292000
2017-11-27,09292000,1.44982016,09292000
2017-11-28,09292000,1.42150336,09292000
2017-11-29,09292000,1.3138995199999999,09292000
2017-11-30,09292000,1.3308896,09292000
2017-12-01,09292000,1.39884992,09292000
2017-12-02,09292000,1.35354304,09292000
2017-12-03,09292000,1.3393846399999998,09292000
2017-12-04,09292000,1.08170176,09292000
2017-12-05,09292000,1.1893056,09292000
2017-12-06,09292000,1.09302848,09292000
2017-12-07,09292000,1.06471168,09292000
2017-12-08,09292000,1.22894912,09292000
2017-12-09,09292000,1.18364224,09292000
2017-12-10,09292000,1.12417696,09292000
2017-12-11,09292000,1.12134528,09292000
2017-12-12,09292000,1.1666521600000002,09292000
2017-12-13,09292000,1.14399872,09292000
2017-12-14,09292000,1.1185136,09292000
2017-12-15,09292000,1.11001856,09292000
2017-12-16,09292000,1.0873651199999999,09292000
2017-12-17,09292000,1.04488992,09292000
2017-12-18,09292000,1.04488992,09292000
2017-12-19,09292000,1.01374144,09292000
2017-12-20,09292000,1.01090976,09292000
2017-12-21,09292000,1.0052464,09292000
2017-12-22,09292000,0.8806524800000001,09292000
2017-12-23,09292000,0.9118009600000001,09292000
2017-12-24,09292000,0.9118009600000001,09292000
2017-12-25,09292000,0.99391968,09292000
2017-12-26,09292000,0.9571078399999999,09292000
2017-12-27,09292000,0.92312768,09292000
2017-12-28,09292000,0.90896928,09292000
2017-12-29,09292000,0.90330592,09292000
2017-12-30,09292000,0.8778208,09292000
2017-12-31,09292000,0.88631584,09292000
2018-01-01,09292000,0.8806524800000001,09292000
2018-01-02,09292000,0.81269216,09292000
2018-01-03,09292000,0.81269216,09292000
2018-01-04,09292000,0.79570208,09292000
2018-01-05,09292000,0.82968224,09292000
2018-01-06,09292000,0.84384064,09292000
2018-01-07,09292000,0.8410089599999999,09292000
2018-01-08,09292000,0.82968224,09292000
2018-01-09,09292000,0.85799904,09292000
2018-01-10,09292000,0.8636623999999999,09292000
2018-01-11,09292000,0.8466723199999999,09292000
2018-01-12,09292000,0.85233568,09292000
2018-01-13,09292000,0.8466723199999999,09292000
2018-01-14,09292000,0.81269216,09292000
2018-01-15,09292000,0.8325139199999999,09292000
2018-01-16,09292000,0.68526656,09292000
2018-01-17,09292000,0.79003872,09292000
2018-01-18,09292000,0.78720704,09292000
2018-01-19,09292000,0.7815436800000001,09292000
2018-01-20,09292000,0.8070288,09292000
2018-01-21,09292000,0.79853376,09292000
2018-01-22,09292000,0.6484547199999999,09292000
2018-01-23,09292000,0.79003872,09292000
2018-01-24,09292000,0.93728608,09292000
2018-01-25,09292000,0.89481088,09292000
2018-01-26,09292000,0.7617219199999999,09292000
2018-01-27,09292000,0.79003872,09292000
2018-01-28,09292000,0.79003872,09292000
2018-01-29,09292000,0.75889024,09292000
2018-01-30,09292000,0.71075168,09292000
2018-01-31,09292000,0.70508832,09292000
2018-02-01,09292000,0.68809824,09292000
2018-02-02,09292000,0.69659328,09292000
2018-02-03,09292000,0.68526656,09292000
2018-02-04,09292000,0.69092992,09292000
2018-02-05,09292000,0.6937616,09292000
2018-02-06,09292000,0.6796032,09292000
2018-02-07,09292000,0.6937616,09292000
2018-02-08,09292000,0.6937616,09292000
2018-02-09,09292000,0.69659328,09292000
2018-02-10,09292000,0.67393984,09292000
2018-02-11,09292000,0.58898944,09292000
2018-02-12,09292000,0.6201379199999999,09292000
2018-02-13,09292000,0.60597952,09292000
2018-02-14,09292000,0.6342963199999999,09292000
2018-02-15,09292000,0.60597952,09292000
2018-02-16,09292000,0.57766272,09292000
2018-02-17,09292000,0.59182112,09292000
2018-02-18,09292000,0.61447456,09292000
2018-02-19,09292000,0.61730624,09292000
2018-02-20,09292000,0.60031616,09292000
2018-02-21,09292000,0.60314784,09292000
2018-02-22,09292000,0.59748448,09292000
2018-02-23,09292000,0.6229696,09292000
2018-02-24,09292000,0.59748448,09292000
2018-02-25,09292000,0.59748448,09292000
2018-02-26,09292000,0.62863296,09292000
2018-02-27,09292000,0.6342963199999999,09292000
2018-02-28,09292000,0.6088112,09292000
2018-03-01,09292000,0.5946528,09292000
2018-03-02,09292000,0.5946528,09292000
2018-03-03,09292000,0.59182112,09292000
2018-03-04,09292000,0.59182112,09292000
2018-03-05,09292000,0.6201379199999999,09292000
2018-03-06,09292000,0.6682764800000001,09292000
2018-03-07,09292000,0.63995968,09292000
2018-03-08,09292000,0.5804944,09292000
2018-03-09,09292000,0.5833260800000001,09292000
2018-03-10,09292000,0.58898944,09292000
2018-03-11,09292000,0.58898944,09292000
2018-03-12,09292000,0.61164288,09292000
2018-03-13,09292000,0.62863296,09292000
2018-03-14,09292000,0.67677152,09292000
2018-03-15,09292000,0.6796032,09292000
2018-03-16,09292000,0.64562304,09292000
2018-03-17,09292000,0.6654448,09292000
2018-03-18,09292000,0.65411808,09292000
2018-03-19,09292000,0.60597952,09292000
2018-03-20,09292000,0.68526656,09292000
2018-03-21,09292000,0.63995968,09292000
2018-03-22,09292000,0.79853376,09292000
2018-03-23,09292000,0.89481088,09292000
2018-03-24,09292000,0.69092992,09292000
2018-03-25,09292000,0.6484547199999999,09292000
2018-03-26,09292000,0.6484547199999999,09292000
2018-03-27,09292000,0.70508832,09292000
2018-03-28,09292000,0.65978144,09292000
2018-03-29,09292000,0.6427913599999999,09292000
2018-03-30,09292000,0.6626131199999999,09292000
2018-03-31,09292000,0.7673852800000001,09292000
2018-04-01,09292000,1.24877088,09292000
2018-04-02,09292000,1.2402758399999998,09292000
2018-04-03,09292000,1.12700864,09292000
2018-04-04,09292000,1.132672,09292000
2018-04-05,09292000,1.15249376,09292000
2018-04-06,09292000,1.22894912,09292000
2018-04-07,09292000,1.34221632,09292000
2018-04-08,09292000,1.3733648,09292000
2018-04-09,09292000,1.27142432,09292000
2018-04-10,09292000,1.27991936,09292000
2018-04-11,09292000,1.34221632,09292000
2018-04-12,09292000,1.39035488,09292000
2018-04-13,09292000,1.24877088,09292000
2018-04-14,09292000,1.17797888,09292000
2018-04-15,09292000,1.23461248,09292000
2018-04-16,09292000,1.24877088,09292000
2018-04-17,09292000,1.274256,09292000
2018-04-18,09292000,1.1694838399999998,09292000
2018-04-19,09292000,1.17797888,09292000
2018-04-20,09292000,1.1666521600000002,09292000
2018-04-21,09292000,1.14399872,09292000
2018-04-22,09292000,1.24877088,09292000
2018-04-23,09292000,1.37053312,09292000
2018-04-24,09292000,1.4243350399999999,09292000
2018-04-25,09292000,1.37902816,09292000
2018-04-26,09292000,1.52061216,09292000
2018-04-27,09292000,1.7839584,09292000
2018-04-28,09292000,2.1407500799999997,09292000
2018-04-29,09292000,1.74997824,09292000
2018-04-30,09292000,1.15815712,09292000
2018-05-01,09292000,1.4951270399999999,09292000
2018-05-02,09292000,1.49229536,09292000
2018-05-03,09292000,1.29974112,09292000
2018-05-04,09292000,1.2176224,09292000
2018-05-05,09292000,1.40734496,09292000
2018-05-06,09292000,1.48096864,09292000
2018-05-07,09292000,1.94536416,09292000
2018-05-08,09292000,3.1714816,09292000
2018-05-09,09292000,5.521776,09292000
2018-05-10,09292000,8.070288,09292000
2018-05-11,09292000,7.8720704,09292000
2018-05-12,09292000,6.0031616,09292000
2018-05-13,09292000,5.0120736,09292000
2018-05-14,09292000,4.2192032,09292000
2018-05-15,09292000,3.8794016,09292000
2018-05-16,09292000,5.0403904,09292000
2018-05-17,09292000,8.070288,09292000
2018-05-18,09292000,8.1269216,09292000
2018-05-19,09292000,7.2491008,09292000
2018-05-20,09292000,7.8720704,09292000
2018-05-21,09292000,8.5233568,09292000
2018-05-22,09292000,9.5144448,09292000
2018-05-23,09292000,7.220784,09292000
2018-05-24,09292000,6.6544479999999995,09292000
2018-05-25,09292000,11.32672,09292000
2018-05-26,09292000,14.101766399999999,09292000
2018-05-27,09292000,11.8081056,09292000
2018-05-28,09292000,9.7126624,09292000
2018-05-29,09292000,6.9092991999999995,09292000
2018-05-30,09292000,7.5889024,09292000
2018-05-31,09292000,9.4578112,09292000
2018-06-01,09292000,8.3817728,09292000
2018-06-02,09292000,6.5978144,09292000
2018-06-03,09292000,7.0225664,09292000
2018-06-04,09292000,6.9942496,09292000
2018-06-05,09292000,7.0225664,09292000
2018-06-06,09292000,6.5694976,09292000
2018-06-07,09292000,5.380192,09292000
2018-06-08,09292000,4.7855392,09292000
2018-06-09,09292000,4.4740544,09292000
2018-06-10,09292000,4.3324704,09292000
2018-06-11,09292000,3.7378176,09292000
2018-06-12,09292000,3.3130656,09292000
2018-06-13,09292000,3.1714816,09292000
2018-06-14,09292000,3.0865312,09292000
2018-06-15,09292000,2.9166304,09292000
2018-06-16,09292000,2.8260166399999997,09292000
2018-06-17,09292000,2.9449472,09292000
2018-06-18,09292000,2.973264,09292000
2018-06-19,09292000,2.4210864,09292000
2018-06-20,09292000,2.18322528,09292000
2018-06-21,09292000,1.9963344,09292000
2018-06-22,09292000,1.80094848,09292000
2018-06-23,09292000,1.66785952,09292000
2018-06-24,09292000,1.55176064,09292000
2018-06-25,09292000,1.44982016,09292000
2018-06-26,09292000,1.34787968,09292000
2018-06-27,09292000,1.27991936,09292000
2018-06-28,09292000,1.2600976,09292000
2018-06-29,09292000,1.20629568,09292000
2018-06-30,09292000,1.22045408,09292000
2018-07-01,09292000,1.55176064,09292000
2018-07-02,09292000,1.53760224,09292000
2018-07-03,09292000,1.47530528,09292000
2018-07-04,09292000,1.42150336,09292000
2018-07-05,09292000,1.44698848,09292000
2018-07-06,09292000,1.4299984,09292000
2018-07-07,09292000,1.47530528,09292000
2018-07-08,09292000,1.45265184,09292000
2018-07-09,09292000,1.44132512,09292000
2018-07-10,09292000,1.41584,09292000
2018-07-11,09292000,1.557424,09292000
2018-07-12,09292000,2.05579968,09292000
2018-07-13,09292000,1.6848496,09292000
2018-07-14,09292000,1.59140416,09292000
2018-07-15,09292000,1.6112259199999999,09292000
2018-07-16,09292000,1.51778048,09292000
2018-07-17,09292000,1.73298816,09292000
2018-07-18,09292000,1.68768128,09292000
2018-07-19,09292000,1.51778048,09292000
2018-07-20,09292000,1.4130083199999999,09292000
2018-07-21,09292000,1.34221632,09292000
2018-07-22,09292000,1.6423744,09292000
2018-07-23,09292000,2.44090816,09292000
2018-07-24,09292000,1.8292652799999998,09292000
2018-07-25,09292000,1.7556416,09292000
2018-07-26,09292000,1.7981168,09292000
2018-07-27,09292000,1.5460972800000001,09292000
2018-07-28,09292000,1.45265184,09292000
2018-07-29,09292000,1.3846915199999998,09292000
2018-07-30,09292000,1.32239456,09292000
2018-07-31,09292000,1.2969094399999999,09292000
2018-08-01,09292000,1.2657609600000002,09292000
2018-08-02,09292000,1.29974112,09292000
2018-08-03,09292000,1.30823616,09292000
2018-08-04,09292000,1.23461248,09292000
2018-08-05,09292000,1.25443424,09292000
2018-08-06,09292000,1.2176224,09292000
2018-08-07,09292000,1.18081056,09292000
2018-08-08,09292000,1.14399872,09292000
2018-08-09,09292000,1.19213728,09292000
2018-08-10,09292000,1.4639785600000002,09292000
2018-08-11,09292000,1.4583152,09292000
2018-08-12,09292000,1.45548352,09292000
2018-08-13,09292000,1.48096864,09292000
2018-08-14,09292000,1.47813696,09292000
2018-08-15,09292000,1.45265184,09292000
2018-08-16,09292000,1.31956288,09292000
2018-08-17,09292000,1.46114688,09292000
2018-08-18,09292000,1.6338793600000001,09292000
2018-08-19,09292000,1.53760224,09292000
2018-08-20,09292000,1.5291071999999999,09292000
2018-08-21,09292000,1.45265184,09292000
2018-08-22,09292000,1.5347705600000001,09292000
2018-08-23,09292000,1.8660771200000001,09292000
2018-08-24,09292000,1.63954272,09292000
2018-08-25,09292000,1.5857408,09292000
2018-08-26,09292000,1.4384934399999998,09292000
2018-08-27,09292000,1.3393846399999998,09292000
2018-08-28,09292000,1.2855827199999998,09292000
2018-08-29,09292000,1.2600976,09292000
2018-08-30,09292000,1.22894912,09292000
2018-08-31,09292000,1.2147907199999999,09292000
2018-09-01,09292000,1.21195904,09292000
2018-09-02,09292000,1.21195904,09292000
2018-09-03,09292000,1.17797888,09292000
2018-09-04,09292000,1.1666521600000002,09292000
2018-09-05,09292000,1.17231552,09292000
2018-09-06,09292000,1.2176224,09292000
2018-09-07,09292000,1.19496896,09292000
2018-09-08,09292000,1.1978006399999999,09292000
2018-09-09,09292000,1.18081056,09292000
2018-09-10,09292000,1.2402758399999998,09292000
2018-09-11,09292000,1.47530528,09292000
2018-09-12,09292000,1.44982016,09292000
2018-09-13,09292000,1.43283008,09292000
2018-09-14,09292000,1.4299984,09292000
2018-09-15,09292000,1.40451328,09292000
2018-09-16,09292000,1.39884992,09292000
2018-09-17,09292000,1.4016816,09292000
2018-09-18,09292000,1.3875232,09292000
2018-09-19,09292000,1.37902816,09292000
2018-09-20,09292000,1.37902816,09292000
2018-09-21,09292000,1.3733648,09292000
2018-09-22,09292000,1.3677014399999998,09292000
2018-09-23,09292000,1.3733648,09292000
2018-09-24,09292000,1.38185984,09292000
2018-09-25,09292000,1.3648697600000002,09292000
2018-09-26,09292000,1.37053312,09292000
2018-09-27,09292000,1.36203808,09292000
2018-09-28,09292000,1.35354304,09292000
2018-09-29,09292000,1.34221632,09292000
2018-09-30,09292000,1.3393846399999998,09292000
2018-10-01,09292000,1.06471168,09292000
2018-10-02,09292000,1.1185136,09292000
2018-10-03,09292000,1.4441568,09292000
2018-10-04,09292000,1.22611744,09292000
2018-10-05,09292000,0.9316227199999999,09292000
2018-10-06,09292000,0.86649408,09292000
2018-10-07,09292000,0.8211872,09292000
2018-10-08,09292000,0.8410089599999999,09292000
2018-10-09,09292000,0.849504,09292000
2018-10-10,09292000,0.9854246399999999,09292000
2018-10-11,09292000,0.90330592,09292000
2018-10-12,09292000,0.78437536,09292000
2018-10-13,09292000,0.8211872,09292000
2018-10-14,09292000,0.7645535999999999,09292000
2018-10-15,09292000,0.80419712,09292000
2018-10-16,09292000,1.0703750399999998,09292000
2018-10-17,09292000,1.07320672,09292000
2018-10-18,09292000,1.1383353600000001,09292000
2018-10-19,09292000,1.10152352,09292000
2018-10-20,09292000,1.0760384,09292000
2018-10-21,09292000,1.0760384,09292000
2018-10-22,09292000,1.0901968,09292000
2018-10-23,09292000,1.24310752,09292000
2018-10-24,09292000,1.19496896,09292000
2018-10-25,09292000,1.132672,09292000
2018-10-26,09292000,1.0477216,09292000
2018-10-27,09292000,1.0477216,09292000
2018-10-28,09292000,1.0392265600000001,09292000
2018-10-29,09292000,1.0194048,09292000
2018-10-30,09292000,0.97126624,09292000
2018-10-31,09292000,0.85799904,09292000
2018-11-01,09292000,0.96843456,09292000
2018-11-02,09292000,1.1864739199999998,09292000
2018-11-03,09292000,1.44132512,09292000
2018-11-04,09292000,1.1751472,09292000
2018-11-05,09292000,0.9854246399999999,09292000
2018-11-06,09292000,0.88914752,09292000
2018-11-07,09292000,0.8325139199999999,09292000
2018-11-08,09292000,0.8211872,09292000
2018-11-09,09292000,0.9259593600000001,09292000
2018-11-10,09292000,0.920296,09292000
2018-11-11,09292000,0.8551673599999999,09292000
2018-11-12,09292000,0.86649408,09292000
2018-11-13,09292000,0.95144448,09292000
2018-11-14,09292000,0.920296,09292000
2018-11-15,09292000,0.85233568,09292000
2018-11-16,09292000,0.82685056,09292000
2018-11-17,09292000,0.81835552,09292000
2018-11-18,09292000,0.778712,09292000
2018-11-19,09292000,0.82685056,09292000
2018-11-20,09292000,0.78437536,09292000
2018-11-21,09292000,0.7362368,09292000
2018-11-22,09292000,0.7475635199999999,09292000
2018-11-23,09292000,0.80136544,09292000
2018-11-24,09292000,0.9146326399999999,09292000
2018-11-25,09292000,0.72491008,09292000
2018-11-26,09292000,0.74473184,09292000
2018-11-27,09292000,0.80419712,09292000
2018-11-28,09292000,0.82685056,09292000
2018-11-29,09292000,0.8466723199999999,09292000
2018-11-30,09292000,0.86649408,09292000
2018-12-01,09292000,0.8070288,09292000
2018-12-02,09292000,0.8070288,09292000
2018-12-03,09292000,0.84384064,09292000
2018-12-04,09292000,0.73906848,09292000
2018-12-05,09292000,0.8211872,09292000
2018-12-06,09292000,0.849504,09292000
2018-12-07,09292000,0.8070288,09292000
2018-12-08,09292000,0.778712,09292000
2018-12-09,09292000,0.73057344,09292000
2018-12-10,09292000,0.7503952,09292000
2018-12-11,09292000,0.778712,09292000
2018-12-12,09292000,0.72774176,09292000
2018-12-13,09292000,0.7503952,09292000
2018-12-14,09292000,0.69942496,09292000
2018-12-15,09292000,0.6654448,09292000
2018-12-16,09292000,0.70508832,09292000
2018-12-17,09292000,0.71358336,09292000
2018-12-18,09292000,0.69659328,09292000
2018-12-19,09292000,0.69659328,09292000
2018-12-20,09292000,0.63995968,09292000
2018-12-21,09292000,0.63146464,09292000
2018-12-22,09292000,0.60031616,09292000
2018-12-23,09292000,0.57483104,09292000
2018-12-24,09292000,0.60031616,09292000
2018-12-25,09292000,0.59182112,09292000
2018-12-26,09292000,0.57199936,09292000
2018-12-27,09292000,0.566336,09292000
2018-12-28,09292000,0.54651424,09292000
2018-12-29,09292000,0.54651424,09292000
2018-12-30,09292000,0.55500928,09292000
2018-12-31,09292000,0.5578409599999999,09292000
2019-01-01,09292000,0.5578409599999999,09292000
2019-01-02,09292000,0.5946528,09292000
2019-01-03,09292000,0.6512864,09292000
2019-01-04,09292000,0.6626131199999999,09292000
2019-01-05,09292000,0.67110816,09292000
2019-01-06,09292000,0.67677152,09292000
2019-01-07,09292000,0.6824348800000001,09292000
2019-01-08,09292000,0.68809824,09292000
2019-01-09,09292000,0.67677152,09292000
2019-01-10,09292000,0.6654448,09292000
2019-01-11,09292000,0.6569497599999999,09292000
2019-01-12,09292000,0.61164288,09292000
2019-01-13,09292000,0.56067264,09292000
2019-01-14,09292000,0.5691676800000001,09292000
2019-01-15,09292000,0.6512864,09292000
2019-01-16,09292000,0.67110816,09292000
2019-01-17,09292000,0.6796032,09292000
2019-01-18,09292000,0.6626131199999999,09292000
2019-01-19,09292000,0.6626131199999999,09292000
2019-01-20,09292000,0.68526656,09292000
2019-01-21,09292000,0.69092992,09292000
2019-01-22,09292000,0.6427913599999999,09292000
2019-01-23,09292000,0.6512864,09292000
2019-01-24,09292000,0.637128,09292000
2019-01-25,09292000,0.6201379199999999,09292000
2019-01-26,09292000,0.60597952,09292000
2019-01-27,09292000,0.6088112,09292000
2019-01-28,09292000,0.60314784,09292000
2019-01-29,09292000,0.65411808,09292000
2019-01-30,09292000,0.6937616,09292000
2019-01-31,09292000,0.6484547199999999,09292000
2019-02-01,09292000,0.58898944,09292000
2019-02-02,09292000,0.59748448,09292000
2019-02-03,09292000,0.64562304,09292000
2019-02-04,09292000,0.6569497599999999,09292000
2019-02-05,09292000,0.69942496,09292000
2019-02-06,09292000,0.71075168,09292000
2019-02-07,09292000,0.61730624,09292000
2019-02-08,09292000,0.63995968,09292000
2019-02-09,09292000,0.6796032,09292000
2019-02-10,09292000,0.69659328,09292000
2019-02-11,09292000,0.6682764800000001,09292000
2019-02-12,09292000,0.68526656,09292000
2019-02-13,09292000,0.71641504,09292000
2019-02-14,09292000,0.71075168,09292000
2019-02-15,09292000,0.71641504,09292000
2019-02-16,09292000,0.6796032,09292000
2019-02-17,09292000,0.6484547199999999,09292000
2019-02-18,09292000,0.62580128,09292000
2019-02-19,09292000,0.6201379199999999,09292000
2019-02-20,09292000,0.63146464,09292000
2019-02-21,09292000,0.62580128,09292000
2019-02-22,09292000,0.60031616,09292000
2019-02-23,09292000,0.566336,09292000
2019-02-24,09292000,0.57483104,09292000
2019-02-25,09292000,0.59182112,09292000
2019-02-26,09292000,0.57199936,09292000
2019-02-27,09292000,0.61730624,09292000
2019-02-28,09292000,0.6569497599999999,09292000
2019-03-01,09292000,0.65978144,09292000
2019-03-02,09292000,0.70508832,09292000
2019-03-03,09292000,0.70792,09292000
2019-03-04,09292000,0.71358336,09292000
2019-03-05,09292000,0.71075168,09292000
2019-03-06,09292000,0.73906848,09292000
2019-03-07,09292000,0.7192467199999999,09292000
2019-03-08,09292000,0.72491008,09292000
2019-03-09,09292000,0.70792,09292000
2019-03-10,09292000,0.70225664,09292000
2019-03-11,09292000,0.6824348800000001,09292000
2019-03-12,09292000,0.7730486400000001,09292000
2019-03-13,09292000,0.63995968,09292000
2019-03-14,09292000,0.60597952,09292000
2019-03-15,09292000,0.54085088,09292000
2019-03-16,09292000,0.60597952,09292000
2019-03-17,09292000,0.62580128,09292000
2019-03-18,09292000,0.59748448,09292000
2019-03-19,09292000,0.57766272,09292000
2019-03-20,09292000,0.57199936,09292000
2019-03-21,09292000,0.56067264,09292000
2019-03-22,09292000,0.57199936,09292000
2019-03-23,09292000,0.55500928,09292000
2019-03-24,09292000,0.5833260800000001,09292000
2019-03-25,09292000,0.54085088,09292000
2019-03-26,09292000,0.62580128,09292000
2019-03-27,09292000,0.6088112,09292000
2019-03-28,09292000,0.5521776,09292000
2019-03-29,09292000,0.6088112,09292000
2019-03-30,09292000,0.77021696,09292000
2019-03-31,09292000,0.7475635199999999,09292000
2019-04-01,09292000,0.79570208,09292000
2019-04-02,09292000,0.8211872,09292000
2019-04-03,09292000,0.849504,09292000
2019-04-04,09292000,0.920296,09292000
2019-04-05,09292000,1.0222364800000001,09292000
2019-04-06,09292000,1.0901968,09292000
2019-04-07,09292000,1.12417696,09292000
2019-04-08,09292000,1.22328576,09292000
2019-04-09,09292000,1.132672,09292000
2019-04-10,09292000,1.0165731199999999,09292000
2019-04-11,09292000,1.0760384,09292000
2019-04-12,09292000,1.1185136,09292000
2019-04-13,09292000,1.09586016,09292000
2019-04-14,09292000,1.1411670399999998,09292000
2019-04-15,09292000,1.2402758399999998,09292000
2019-04-16,09292000,1.18081056,09292000
2019-04-17,09292000,0.97409792,09292000
2019-04-18,09292000,1.11285024,09292000
2019-04-19,09292000,1.3677014399999998,09292000
2019-04-20,09292000,1.35071136,09292000
2019-04-21,09292000,1.1751472,09292000
2019-04-22,09292000,1.00807808,09292000
2019-04-23,09292000,0.9797612800000001,09292000
2019-04-24,09292000,1.44132512,09292000
2019-04-25,09292000,2.0246512,09292000
2019-04-26,09292000,2.4663932799999997,09292000
2019-04-27,09292000,2.8883136,09292000
2019-04-28,09292000,2.8033632,09292000
2019-04-29,09292000,2.690096,09292000
2019-04-30,09292000,2.25401728,09292000
2019-05-01,09292000,1.7556416,09292000
2019-05-02,09292000,1.4299984,09292000
2019-05-03,09292000,1.24877088,09292000
2019-05-04,09292000,1.2176224,09292000
2019-05-05,09292000,1.29407776,09292000
2019-05-06,09292000,1.7103347199999999,09292000
2019-05-07,09292000,1.8547504,09292000
2019-05-08,09292000,1.8292652799999998,09292000
2019-05-09,09292000,1.79528512,09292000
2019-05-10,09292000,1.6621961600000001,09292000
2019-05-11,09292000,1.7103347199999999,09292000
2019-05-12,09292000,2.00482944,09292000
2019-05-13,09292000,3.0865312,09292000
2019-05-14,09292000,4.4740544,09292000
2019-05-15,09292000,5.4651423999999995,09292000
2019-05-16,09292000,6.7393984,09292000
2019-05-17,09292000,7.2491008,09292000
2019-05-18,09292000,6.7393984,09292000
2019-05-19,09292000,6.5694976,09292000
2019-05-20,09292000,5.9748448,09292000
2019-05-21,09292000,5.238608,09292000
2019-05-22,09292000,4.8704896,09292000
2019-05-23,09292000,4.8421728,09292000
2019-05-24,09292000,4.5590048,09292000
2019-05-25,09292000,4.2758367999999995,09292000
2019-05-26,09292000,4.0493024,09292000
2019-05-27,09292000,4.6439552,09292000
2019-05-28,09292000,4.4740544,09292000
2019-05-29,09292000,4.4740544,09292000
2019-05-30,09292000,5.1536576,09292000
2019-05-31,09292000,6.0031616,09292000
2019-06-01,09292000,6.9092991999999995,09292000
2019-06-02,09292000,8.1269216,09292000
2019-06-03,09292000,10.3922656,09292000
2019-06-04,09292000,10.4205824,09292000
2019-06-05,09292000,12.516025599999999,09292000
2019-06-06,09292000,15.0362208,09292000
2019-06-07,09292000,19.7084928,09292000
2019-06-08,09292000,23.4746272,09292000
2019-06-09,09292000,19.82176,09292000
2019-06-10,09292000,19.0855232,09292000
2019-06-11,09292000,21.2376,09292000
2019-06-12,09292000,27.467296,09292000
2019-06-13,09292000,33.130656,09292000
2019-06-14,09292000,41.05936,09292000
2019-06-15,09292000,35.679168,09292000
2019-06-16,09292000,38.22768,09292000
2019-06-17,09292000,38.510848,09292000
2019-06-18,09292000,35.396,09292000
2019-06-19,09292000,41.625696,09292000
2019-06-20,09292000,42.758368,09292000
2019-06-21,09292000,38.22768,09292000
2019-06-22,09292000,26.90096,09292000
2019-06-23,09292000,18.264336,09292000
2019-06-24,09292000,14.469884799999999,09292000
2019-06-25,09292000,17.7829504,09292000
2019-06-26,09292000,21.4924512,09292000
2019-06-27,09292000,23.7011616,09292000
2019-06-28,09292000,25.1736352,09292000
2019-06-29,09292000,24.5789824,09292000
2019-06-30,09292000,29.166304,09292000
2019-07-01,09292000,25.8532384,09292000
2019-07-02,09292000,23.8427456,09292000
2019-07-03,09292000,22.087104,09292000
2019-07-04,09292000,19.1987904,09292000
2019-07-05,09292000,15.998992,09292000
2019-07-06,09292000,14.5548352,09292000
2019-07-07,09292000,13.6486976,09292000
2019-07-08,09292000,13.45048,09292000
2019-07-09,09292000,12.8558272,09292000
2019-07-10,09292000,12.6859264,09292000
2019-07-11,09292000,12.4310752,09292000
2019-07-12,09292000,11.6948384,09292000
2019-07-13,09292000,11.2417696,09292000
2019-07-14,09292000,10.788700799999999,09292000
2019-07-15,09292000,10.2223648,09292000
2019-07-16,09292000,9.3728608,09292000
2019-07-17,09292000,8.636624,09292000
2019-07-18,09292000,7.8154368,09292000
2019-07-19,09292000,7.3906848,09292000
2019-07-20,09292000,6.9659328,09292000
2019-07-21,09292000,6.6544479999999995,09292000
2019-07-22,09292000,6.5411808,09292000
2019-07-23,09292000,6.2863296,09292000
2019-07-24,09292000,6.0031616,09292000
2019-07-25,09292000,6.088112,09292000
2019-07-26,09292000,6.0314784,09292000
2019-07-27,09292000,6.5128639999999995,09292000
2019-07-28,09292000,5.2952416,09292000
2019-07-29,09292000,4.7855392,09292000
2019-07-30,09292000,4.4457376,09292000
2019-07-31,09292000,4.4457376,09292000
2019-08-01,09292000,7.1358336,09292000
2019-08-02,09292000,6.2863296,09292000
2019-08-03,09292000,5.2669248,09292000
2019-08-04,09292000,5.7766272,09292000
2019-08-05,09292000,5.7766272,09292000
2019-08-06,09292000,4.8421728,09292000
2019-08-07,09292000,4.5023712,09292000
2019-08-08,09292000,4.4457376,09292000
2019-08-09,09292000,3.9926688,09292000
2019-08-10,09292000,3.8794016,09292000
2019-08-11,09292000,3.681184,09292000
2019-08-12,09292000,3.3130656,09292000
2019-08-13,09292000,3.0865312,09292000
2019-08-14,09292000,2.9166304,09292000
2019-08-15,09292000,2.760888,09292000
2019-08-16,09292000,2.6023139200000003,09292000
2019-08-17,09292000,2.50320512,09292000
2019-08-18,09292000,2.38427456,09292000
2019-08-19,09292000,2.25401728,09292000
2019-08-20,09292000,2.1492451200000002,09292000
2019-08-21,09292000,2.05863136,09292000
2019-08-22,09292000,1.9991660799999997,09292000
2019-08-23,09292000,1.9198790399999999,09292000
2019-08-24,09292000,1.84342368,09292000
2019-08-25,09292000,1.77263168,09292000
2019-08-26,09292000,1.70183968,09292000
2019-08-27,09292000,1.6338793600000001,09292000
2019-08-28,09292000,1.5829091199999998,09292000
2019-08-29,09292000,1.56875072,09292000
2019-08-30,09292000,1.6423744,09292000
2019-08-31,09292000,1.57441408,09292000
2019-09-01,09292000,1.47813696,09292000
2019-09-02,09292000,1.40451328,09292000
2019-09-03,09292000,1.3733648,09292000
2019-09-04,09292000,1.41867168,09292000
2019-09-05,09292000,1.49229536,09292000
2019-09-06,09292000,1.6848496,09292000
2019-09-07,09292000,1.5659190399999998,09292000
2019-09-08,09292000,1.94253248,09292000
2019-09-09,09292000,2.0104928,09292000
2019-09-10,09292000,1.93120576,09292000
2019-09-11,09292000,2.2795024,09292000
2019-09-12,09292000,2.01898784,09292000
2019-09-13,09292000,1.9000572799999997,09292000
2019-09-14,09292000,1.9198790399999999,09292000
2019-09-15,09292000,1.75280992,09292000
2019-09-16,09292000,1.7698,09292000
2019-09-17,09292000,1.71882976,09292000
2019-09-18,09292000,1.72449312,09292000
2019-09-19,09292000,1.7273247999999999,09292000
2019-09-20,09292000,1.7131664,09292000
2019-09-21,09292000,1.6650278399999998,09292000
2019-09-22,09292000,1.67918624,09292000
2019-09-23,09292000,1.68768128,09292000
2019-09-24,09292000,1.67635456,09292000
2019-09-25,09292000,1.6706912,09292000
2019-09-26,09292000,1.6565328,09292000
2019-09-27,09292000,1.5942358399999998,09292000
2019-09-28,09292000,1.5715824,09292000
2019-09-29,09292000,1.39035488,09292000
2019-09-30,09292000,1.41584,09292000
2019-10-01,09292000,1.4130083199999999,09292000
2019-10-02,09292000,1.3846915199999998,09292000
2019-10-03,09292000,1.39318656,09292000
2019-10-04,09292000,1.3875232,09292000
2019-10-05,09292000,1.3875232,09292000
2019-10-06,09292000,1.36203808,09292000
2019-10-07,09292000,1.35071136,09292000
2019-10-08,09292000,1.37902816,09292000
2019-10-09,09292000,1.4724736,09292000
2019-10-10,09292000,1.40451328,09292000
2019-10-11,09292000,1.31106784,09292000
2019-10-12,09292000,1.4016816,09292000
2019-10-13,09292000,1.38185984,09292000
2019-10-14,09292000,1.3648697600000002,09292000
2019-10-15,09292000,1.3252262399999999,09292000
2019-10-16,09292000,1.3138995199999999,09292000
2019-10-17,09292000,1.29124608,09292000
2019-10-18,09292000,1.25726592,09292000
2019-10-19,09292000,1.25160256,09292000
2019-10-20,09292000,1.22611744,09292000
2019-10-21,09292000,1.25160256,09292000
2019-10-22,09292000,1.28275104,09292000
2019-10-23,09292000,1.25443424,09292000
2019-10-24,09292000,1.17231552,09292000
2019-10-25,09292000,1.22894912,09292000
2019-10-26,09292000,1.203464,09292000
2019-10-27,09292000,1.20912736,09292000
2019-10-28,09292000,1.07887008,09292000
2019-10-29,09292000,1.12700864,09292000
2019-10-30,09292000,0.9344544,09292000
2019-10-31,09292000,1.11001856,09292000
2019-11-01,09292000,1.02789984,09292000
2019-11-02,09292000,1.05621664,09292000
2019-11-03,09292000,1.07887008,09292000
2019-11-04,09292000,1.0392265600000001,09292000
2019-11-05,09292000,0.9854246399999999,09292000
2019-11-06,09292000,0.9627711999999999,09292000
2019-11-07,09292000,0.91746432,09292000
2019-11-08,09292000,0.9061376,09292000
2019-11-09,09292000,0.9061376,09292000
2019-11-10,09292000,0.89764256,09292000
2019-11-11,09292000,0.88348416,09292000
2019-11-12,09292000,0.80419712,09292000
2019-11-13,09292000,0.88914752,09292000
2019-11-14,09292000,0.8353456,09292000
2019-11-15,09292000,0.8466723199999999,09292000
2019-11-16,09292000,0.8410089599999999,09292000
2019-11-17,09292000,0.82685056,09292000
2019-11-18,09292000,0.89764256,09292000
2019-11-19,09292000,0.8636623999999999,09292000
2019-11-20,09292000,0.98825632,09292000
2019-11-21,09292000,0.9259593600000001,09292000
2019-11-22,09292000,0.8608307199999999,09292000
2019-11-23,09292000,0.81552384,09292000
2019-11-24,09292000,0.8721574400000001,09292000
2019-11-25,09292000,0.88914752,09292000
2019-11-26,09292000,0.80419712,09292000
2019-11-27,09292000,0.81552384,09292000
2019-11-28,09292000,0.89481088,09292000
2019-11-29,09292000,0.89764256,09292000
2019-11-30,09292000,0.81552384,09292000
2019-12-01,09292000,0.80419712,09292000
2019-12-02,09292000,0.81552384,09292000
2019-12-03,09292000,0.80986048,09292000
2019-12-04,09292000,0.8608307199999999,09292000
2019-12-05,09292000,0.92312768,09292000
2019-12-06,09292000,0.9316227199999999,09292000
2019-12-07,09292000,0.90330592,09292000
2019-12-08,09292000,0.8721574400000001,09292000
2019-12-09,09292000,0.82685056,09292000
2019-12-10,09292000,0.72774176,09292000
2019-12-11,09292000,0.78437536,09292000
2019-12-12,09292000,0.8410089599999999,09292000
2019-12-13,09292000,0.8466723199999999,09292000
2019-12-14,09292000,0.79853376,09292000
2019-12-15,09292000,0.70225664,09292000
2019-12-16,09292000,0.637128,09292000
2019-12-17,09292000,0.70792,09292000
2019-12-18,09292000,0.7419001599999999,09292000
2019-12-19,09292000,0.88348416,09292000
2019-12-20,09292000,0.78437536,09292000
2019-12-21,09292000,0.82685056,09292000
2019-12-22,09292000,0.8721574400000001,09292000
2019-12-23,09292000,0.89481088,09292000
2019-12-24,09292000,0.9061376,09292000
2019-12-25,09292000,0.86932576,09292000
2019-12-26,09292000,0.7645535999999999,09292000
2019-12-27,09292000,0.72774176,09292000
2019-12-28,09292000,0.65978144,09292000
2019-12-29,09292000,0.65978144,09292000
2019-12-30,09292000,0.6484547199999999,09292000
2019-12-31,09292000,0.6512864,09292000
2020-01-01,09292000,0.72774176,09292000
2020-01-02,09292000,0.7645535999999999,09292000
2020-01-03,09292000,0.79570208,09292000
2020-01-04,09292000,0.82401888,09292000
2020-01-05,09292000,0.81835552,09292000
2020-01-06,09292000,0.82685056,09292000
2020-01-07,09292000,0.83817728,09292000
2020-01-08,09292000,0.84384064,09292000
2020-01-09,09292000,0.8211872,09292000
2020-01-10,09292000,0.7617219199999999,09292000
2020-01-11,09292000,0.71075168,09292000
2020-01-12,09292000,0.74473184,09292000
2020-01-13,09292000,0.75889024,09292000
2020-01-14,09292000,0.75889024,09292000
2020-01-15,09292000,0.7419001599999999,09292000
2020-01-16,09292000,0.8070288,09292000
2020-01-17,09292000,0.778712,09292000
2020-01-18,09292000,0.7560585599999999,09292000
2020-01-19,09292000,0.7673852800000001,09292000
2020-01-20,09292000,0.81269216,09292000
2020-01-21,09292000,0.8636623999999999,09292000
2020-01-22,09292000,0.8721574400000001,09292000
2020-01-23,09292000,0.84384064,09292000
2020-01-24,09292000,0.8410089599999999,09292000
2020-01-25,09292000,0.8466723199999999,09292000
2020-01-26,09292000,0.8325139199999999,09292000
2020-01-27,09292000,0.82968224,09292000
2020-01-28,09292000,0.7928704,09292000
2020-01-29,09292000,0.7928704,09292000
2020-01-30,09292000,0.81835552,09292000
2020-01-31,09292000,0.81552384,09292000
2020-02-01,09292000,0.81835552,09292000
2020-02-02,09292000,0.8070288,09292000
2020-02-03,09292000,0.79853376,09292000
2020-02-04,09292000,0.69942496,09292000
2020-02-05,09292000,0.69092992,09292000
2020-02-06,09292000,0.79853376,09292000
2020-02-07,09292000,0.8070288,09292000
2020-02-08,09292000,0.81835552,09292000
2020-02-09,09292000,0.8070288,09292000
2020-02-10,09292000,0.72774176,09292000
2020-02-11,09292000,0.68809824,09292000
2020-02-12,09292000,0.70225664,09292000
2020-02-13,09292000,0.7192467199999999,09292000
2020-02-14,09292000,0.7419001599999999,09292000
2020-02-15,09292000,0.75322688,09292000
2020-02-16,09292000,0.778712,09292000
2020-02-17,09292000,0.7503952,09292000
2020-02-18,09292000,0.6824348800000001,09292000
2020-02-19,09292000,0.68526656,09292000
2020-02-20,09292000,0.60597952,09292000
2020-02-21,09292000,0.6682764800000001,09292000
2020-02-22,09292000,0.7730486400000001,09292000
2020-02-23,09292000,0.75889024,09292000
2020-02-24,09292000,0.73057344,09292000
2020-02-25,09292000,0.6824348800000001,09292000
2020-02-26,09292000,0.68526656,09292000
2020-02-27,09292000,0.67110816,09292000
2020-02-28,09292000,0.7220784,09292000
2020-02-29,09292000,0.72491008,09292000
2020-03-01,09292000,0.7192467199999999,09292000
2020-03-02,09292000,0.73057344,09292000
2020-03-03,09292000,0.72774176,09292000
2020-03-04,09292000,0.72491008,09292000
2020-03-05,09292000,0.72774176,09292000
2020-03-06,09292000,0.73057344,09292000
2020-03-07,09292000,0.7334051199999999,09292000
2020-03-08,09292000,0.72774176,09292000
2020-03-09,09292000,0.71641504,09292000
2020-03-10,09292000,0.72491008,09292000
2020-03-11,09292000,0.73057344,09292000
2020-03-12,09292000,0.7503952,09292000
2020-03-13,09292000,0.74473184,09292000
2020-03-14,09292000,0.7334051199999999,09292000
2020-03-15,09292000,0.7362368,09292000
2020-03-16,09292000,0.7419001599999999,09292000
2020-03-17,09292000,0.7419001599999999,09292000
2020-03-18,09292000,0.74473184,09292000
2020-03-19,09292000,0.75889024,09292000
2020-03-20,09292000,0.84384064,09292000
2020-03-21,09292000,1.0165731199999999,09292000
2020-03-22,09292000,1.0477216,09292000
2020-03-23,09292000,0.95427616,09292000
2020-03-24,09292000,0.74473184,09292000
2020-03-25,09292000,0.7419001599999999,09292000
2020-03-26,09292000,0.7334051199999999,09292000
2020-03-27,09292000,0.7192467199999999,09292000
2020-03-28,09292000,0.6824348800000001,09292000
2020-03-29,09292000,0.75322688,09292000
2020-03-30,09292000,0.7617219199999999,09292000
2020-03-31,09292000,0.7730486400000001,09292000
2020-04-01,09292000,1.09302848,09292000
2020-04-02,09292000,1.10718688,09292000
2020-04-03,09292000,1.0392265600000001,09292000
2020-04-04,09292000,1.09586016,09292000
2020-04-05,09292000,1.10718688,09292000
2020-04-06,09292000,1.11001856,09292000
2020-04-07,09292000,1.1694838399999998,09292000
2020-04-08,09292000,1.2459392,09292000
2020-04-09,09292000,1.3308896,09292000
2020-04-10,09292000,1.41017664,09292000
2020-04-11,09292000,1.4441568,09292000
2020-04-12,09292000,1.41017664,09292000
2020-04-13,09292000,1.30540448,09292000
2020-04-14,09292000,1.24310752,09292000
2020-04-15,09292000,1.2884144,09292000
2020-04-16,09292000,1.29124608,09292000
2020-04-17,09292000,1.2459392,09292000
2020-04-18,09292000,1.29124608,09292000
2020-04-19,09292000,1.274256,09292000
2020-04-20,09292000,1.2855827199999998,09292000
2020-04-21,09292000,1.3592064,09292000
2020-04-22,09292000,1.486632,09292000
2020-04-23,09292000,1.65370112,09292000
2020-04-24,09292000,1.7131664,09292000
2020-04-25,09292000,1.7273247999999999,09292000
2020-04-26,09292000,1.9906710399999998,09292000
2020-04-27,09292000,1.9850076799999998,09292000
2020-04-28,09292000,2.29082912,09292000
2020-04-29,09292000,2.9449472,09292000
2020-04-30,09292000,3.6528671999999998,09292000
2020-05-01,09292000,4.8704896,09292000
2020-05-02,09292000,5.2102912,09292000
2020-05-03,09292000,5.0120736,09292000
2020-05-04,09292000,4.7572224,09292000
2020-05-05,09292000,3.4263328,09292000
2020-05-06,09292000,2.9166304,09292000
2020-05-07,09292000,3.5396,09292000
2020-05-08,09292000,3.5112832,09292000
2020-05-09,09292000,3.964352,09292000
2020-05-10,09292000,4.7005888,09292000
2020-05-11,09292000,5.5784096,09292000
2020-05-12,09292000,6.6827648,09292000
2020-05-13,09292000,6.7110816,09292000
2020-05-14,09292000,5.7766272,09292000
2020-05-15,09292000,5.1819744,09292000
2020-05-16,09292000,4.8988064,09292000
2020-05-17,09292000,7.0792,09292000
2020-05-18,09292000,10.4205824,09292000
2020-05-19,09292000,13.1956288,09292000
2020-05-20,09292000,11.893056,09292000
2020-05-21,09292000,8.9764256,09292000
2020-05-22,09292000,8.353456,09292000
2020-05-23,09292000,7.6172192,09292000
2020-05-24,09292000,7.220784,09292000
2020-05-25,09292000,6.5411808,09292000
2020-05-26,09292000,7.7021695999999995,09292000
2020-05-27,09292000,11.1001856,09292000
2020-05-28,09292000,14.6397856,09292000
2020-05-29,09292000,16.565328,09292000
2020-05-30,09292000,17.2449312,09292000
2020-05-31,09292000,20.8411648,09292000
2020-06-01,09292000,21.0676992,09292000
2020-06-02,09292000,17.698,09292000
2020-06-03,09292000,14.9795872,09292000
2020-06-04,09292000,13.6486976,09292000
2020-06-05,09292000,12.600976,09292000
2020-06-06,09292000,22.7667072,09292000
2020-06-07,09292000,16.0273088,09292000
2020-06-08,09292000,11.1568192,09292000
2020-06-09,09292000,9.0896928,09292000
2020-06-10,09292000,9.9958304,09292000
2020-06-11,09292000,10.5904832,09292000
2020-06-12,09292000,11.1285024,09292000
2020-06-13,09292000,11.7797888,09292000
2020-06-14,09292000,9.9675136,09292000
2020-06-15,09292000,9.3162272,09292000
2020-06-16,09292000,9.1180096,09292000
2020-06-17,09292000,7.928704,09292000
2020-06-18,09292000,7.1924672,09292000
2020-06-19,09292000,6.9092991999999995,09292000
2020-06-20,09292000,6.4279136,09292000
2020-06-21,09292000,6.2863296,09292000
2020-06-22,09292000,6.6261312,09292000
2020-06-23,09292000,6.8243488,09292000
2020-06-24,09292000,6.7110816,09292000
2020-06-25,09292000,6.37128,09292000
2020-06-26,09292000,5.946528,09292000
2020-06-27,09292000,5.2952416,09292000
2020-06-28,09292000,5.3235584,09292000
2020-06-29,09292000,5.5500928,09292000
2020-06-30,09292000,4.9837568,09292000
2020-07-01,09292000,4.105936,09292000
2020-07-02,09292000,3.4546495999999998,09292000
2020-07-03,09292000,3.1714816,09292000
2020-07-04,09292000,2.973264,09292000
2020-07-05,09292000,2.7920364799999997,09292000
2020-07-06,09292000,2.56550208,09292000
2020-07-07,09292000,2.3956012799999997,09292000
2020-07-08,09292000,2.2313638399999998,09292000
2020-07-09,09292000,2.052968,09292000
2020-07-10,09292000,1.8915622399999998,09292000
2020-07-11,09292000,1.75847328,09292000
2020-07-12,09292000,1.69051296,09292000
2020-07-13,09292000,1.63954272,09292000
2020-07-14,09292000,1.5630873600000001,09292000
2020-07-15,09292000,1.4724736,09292000
2020-07-16,09292000,1.39318656,09292000
2020-07-17,09292000,1.3846915199999998,09292000
2020-07-18,09292000,1.3365529600000001,09292000
2020-07-19,09292000,1.5715824,09292000
2020-07-20,09292000,1.8972256,09292000
2020-07-21,09292000,1.8717404799999997,09292000
2020-07-22,09292000,1.78679008,09292000
2020-07-23,09292000,1.94536416,09292000
2020-07-24,09292000,1.8632454399999998,09292000
2020-07-25,09292000,1.90288896,09292000
2020-07-26,09292000,1.9595225600000001,09292000
2020-07-27,09292000,1.8122752,09292000
2020-07-28,09292000,1.7613049600000001,09292000
2020-07-29,09292000,1.60556256,09292000
2020-07-30,09292000,1.486632,09292000
2020-07-31,09292000,1.40734496,09292000
2020-08-01,09292000,1.37053312,09292000
2020-08-02,09292000,1.33372128,09292000
2020-08-03,09292000,1.27708768,09292000
2020-08-04,09292000,1.2317808,09292000
2020-08-05,09292000,1.2402758399999998,09292000
2020-08-06,09292000,1.22045408,09292000
2020-08-07,09292000,1.1751472,09292000
2020-08-08,09292000,1.14399872,09292000
2020-08-09,09292000,1.1411670399999998,09292000
2020-08-10,09292000,1.1156819199999999,09292000
2020-08-11,09292000,1.09586016,09292000
2020-08-12,09292000,1.0873651199999999,09292000
2020-08-13,09292000,1.08170176,09292000
2020-08-14,09292000,1.1411670399999998,09292000
2020-08-15,09292000,2.20021536,09292000
2020-08-16,09292000,2.1407500799999997,09292000
2020-08-17,09292000,2.1039382399999997,09292000
2020-08-18,09292000,2.10676992,09292000
2020-08-19,09292000,2.1265916799999998,09292000
2020-08-20,09292000,1.71599808,09292000
2020-08-21,09292000,1.5149488,09292000
2020-08-22,09292000,1.47813696,09292000
2020-08-23,09292000,1.47530528,09292000
2020-08-24,09292000,1.48096864,09292000
2020-08-25,09292000,1.56025568,09292000
2020-08-26,09292000,1.80661184,09292000
2020-08-27,09292000,1.63671104,09292000
2020-08-28,09292000,1.55176064,09292000
2020-08-29,09292000,1.52627552,09292000
2020-08-30,09292000,1.5829091199999998,09292000
2020-08-31,09292000,1.44698848,09292000
2020-09-01,09292000,1.44698848,09292000
2020-09-02,09292000,1.3846915199999998,09292000
2020-09-03,09292000,1.345048,09292000
2020-09-04,09292000,1.30823616,09292000
2020-09-05,09292000,1.2855827199999998,09292000
2020-09-06,09292000,1.27708768,09292000
2020-09-07,09292000,1.27708768,09292000
2020-09-08,09292000,1.4951270399999999,09292000
2020-09-09,09292000,1.50645376,09292000
2020-09-10,09292000,1.52627552,09292000
2020-09-11,09292000,1.47530528,09292000
2020-09-12,09292000,1.40734496,09292000
2020-09-13,09292000,1.35071136,09292000
2020-09-14,09292000,1.3365529600000001,09292000
2020-09-15,09292000,1.27991936,09292000
2020-09-16,09292000,1.24877088,09292000
2020-09-17,09292000,1.24877088,09292000
2020-09-18,09292000,1.2685926399999998,09292000
2020-09-19,09292000,1.2657609600000002,09292000
2020-09-20,09292000,1.30823616,09292000
2020-09-21,09292000,1.2685926399999998,09292000
2020-09-22,09292000,1.26292928,09292000
2020-09-23,09292000,1.26292928,09292000
2020-09-24,09292000,1.23461248,09292000
2020-09-25,09292000,1.203464,09292000
2020-09-26,09292000,1.18364224,09292000
2020-09-27,09292000,1.16382048,09292000
2020-09-28,09292000,1.15532544,09292000
2020-09-29,09292000,1.15532544,09292000
2020-09-30,09292000,1.12984032,09292000
2020-10-01,09292000,1.12134528,09292000
2020-10-02,09292000,1.1156819199999999,09292000
2020-10-03,09292000,1.11285024,09292000
2020-10-04,09292000,1.10718688,09292000
2020-10-05,09292000,1.09302848,09292000
2020-10-06,09292000,1.0760384,09292000
2020-10-07,09292000,1.0760384,09292000
2020-10-08,09292000,1.07320672,09292000
2020-10-09,09292000,1.06188,09292000
2020-10-10,09292000,1.06188,09292000
2020-10-11,09292000,1.0703750399999998,09292000
2020-10-12,09292000,1.08453344,09292000
2020-10-13,09292000,1.05904832,09292000
2020-10-14,09292000,1.0477216,09292000
2020-10-15,09292000,1.03639488,09292000
2020-10-16,09292000,1.02789984,09292000
2020-10-17,09292000,1.0392265600000001,09292000
2020-10-18,09292000,1.0165731199999999,09292000
2020-10-19,09292000,1.0165731199999999,09292000
2020-10-20,09292000,1.0052464,09292000
2020-10-21,09292000,1.00807808,09292000
2020-10-22,09292000,0.991088,09292000
2020-10-23,09292000,0.99391968,09292000
2020-10-24,09292000,0.99391968,09292000
2020-10-25,09292000,1.05055328,09292000
2020-10-26,09292000,0.9486128,09292000
2020-10-27,09292000,0.96843456,09292000
2020-10-28,09292000,1.0335632,09292000
2020-10-29,09292000,0.99391968,09292000
2020-10-30,09292000,0.9854246399999999,09292000
2020-10-31,09292000,0.9854246399999999,09292000
2020-11-01,09292000,0.97126624,09292000
2020-11-02,09292000,0.9769296,09292000
2020-11-03,09292000,0.9797612800000001,09292000
2020-11-04,09292000,0.9797612800000001,09292000
2020-11-05,09292000,0.9571078399999999,09292000
2020-11-06,09292000,0.96843456,09292000
2020-11-07,09292000,1.1185136,09292000
2020-11-08,09292000,1.10152352,09292000
2020-11-09,09292000,1.0222364800000001,09292000
2020-11-10,09292000,1.25160256,09292000
2020-11-11,09292000,1.5829091199999998,09292000
2020-11-12,09292000,1.4441568,09292000
2020-11-13,09292000,1.1156819199999999,09292000
2020-11-14,09292000,1.0703750399999998,09292000
2020-11-15,09292000,1.0760384,09292000
2020-11-16,09292000,1.06188,09292000
2020-11-17,09292000,1.02789984,09292000
2020-11-18,09292000,1.0222364800000001,09292000
2020-11-19,09292000,1.01090976,09292000
2020-11-20,09292000,0.9797612800000001,09292000
2020-11-21,09292000,0.920296,09292000
2020-11-22,09292000,0.8919792,09292000
2020-11-23,09292000,0.991088,09292000
2020-11-24,09292000,0.9146326399999999,09292000
2020-11-25,09292000,0.85799904,09292000
2020-11-26,09292000,1.25443424,09292000
2020-11-27,09292000,1.34787968,09292000
2020-11-28,09292000,1.12134528,09292000
2020-11-29,09292000,0.920296,09292000
2020-11-30,09292000,0.920296,09292000
2020-12-01,09292000,0.8778208,09292000
2020-12-02,09292000,0.81835552,09292000
2020-12-03,09292000,0.80136544,09292000
2020-12-04,09292000,0.85233568,09292000
2020-12-05,09292000,0.86932576,09292000
2020-12-06,09292000,0.8211872,09292000
2020-12-07,09292000,0.8211872,09292000
2020-12-08,09292000,0.80986048,09292000
2020-12-09,09292000,0.79853376,09292000
2020-12-10,09292000,0.79003872,09292000
2020-12-11,09292000,0.8070288,09292000
2020-12-12,09292000,0.72491008,09292000
2020-12-13,09292000,0.6342963199999999,09292000
2020-12-14,09292000,0.6824348800000001,09292000
2020-12-15,09292000,0.70508832,09292000
2020-12-16,09292000,0.7362368,09292000
2020-12-17,09292000,0.7928704,09292000
2020-12-18,09292000,0.79853376,09292000
2020-12-19,09292000,0.7815436800000001,09292000
2020-12-20,09292000,0.75322688,09292000
2020-12-21,09292000,0.79003872,09292000
2020-12-22,09292000,0.79003872,09292000
2020-12-23,09292000,0.8070288,09292000
2020-12-24,09292000,0.7815436800000001,09292000
2020-12-25,09292000,0.8070288,09292000
2020-12-26,09292000,0.84384064,09292000
2020-12-27,09292000,0.7645535999999999,09292000
2020-12-28,09292000,0.73906848,09292000
2020-12-29,09292000,0.6824348800000001,09292000
2020-12-30,09292000,0.58898944,09292000
2020-12-31,09292000,0.68809824,09292000
2021-01-01,09292000,0.67393984,09292000
2021-01-02,09292000,0.67677152,09292000
2021-01-03,09292000,0.70225664,09292000
2021-01-04,09292000,0.72774176,09292000
2021-01-05,09292000,0.70508832,09292000
2021-01-06,09292000,0.6569497599999999,09292000
2021-01-07,09292000,0.62580128,09292000
2021-01-08,09292000,0.6201379199999999,09292000
2021-01-09,09292000,0.64562304,09292000
2021-01-10,09292000,0.5946528,09292000
2021-01-11,09292000,0.59748448,09292000
2021-01-12,09292000,0.69092992,09292000
2021-01-13,09292000,0.6824348800000001,09292000
2021-01-14,09292000,0.62580128,09292000
2021-01-15,09292000,0.637128,09292000
2021-01-16,09292000,0.62580128,09292000
2021-01-17,09292000,0.6088112,09292000
2021-01-18,09292000,0.61730624,09292000
2021-01-19,09292000,0.62863296,09292000
2021-01-20,09292000,0.6654448,09292000
2021-01-21,09292000,0.69942496,09292000
2021-01-22,09292000,0.6088112,09292000
2021-01-23,09292000,0.61730624,09292000
2021-01-24,09292000,0.61730624,09292000
2021-01-25,09292000,0.63146464,09292000
2021-01-26,09292000,0.6427913599999999,09292000
2021-01-27,09292000,0.59182112,09292000
2021-01-28,09292000,0.61447456,09292000
2021-01-29,09292000,0.61164288,09292000
2021-01-30,09292000,0.62863296,09292000
2021-01-31,09292000,0.5946528,09292000
2021-02-01,09292000,0.60314784,09292000
2021-02-02,09292000,0.5946528,09292000
2021-02-03,09292000,0.61164288,09292000
2021-02-04,09292000,0.5804944,09292000
2021-02-05,09292000,0.5833260800000001,09292000
2021-02-06,09292000,0.5833260800000001,09292000
2021-02-07,09292000,0.59182112,09292000
2021-02-08,09292000,0.56350432,09292000
2021-02-09,09292000,0.55500928,09292000
2021-02-10,09292000,0.5833260800000001,09292000
2021-02-11,09292000,0.59182112,09292000
2021-02-12,09292000,0.60597952,09292000
2021-02-13,09292000,0.6088112,09292000
2021-02-14,09292000,0.60031616,09292000
2021-02-15,09292000,0.566336,09292000
2021-02-16,09292000,0.58898944,09292000
2021-02-17,09292000,0.5946528,09292000
2021-02-18,09292000,0.61730624,09292000
2021-02-19,09292000,0.637128,09292000
2021-02-20,09292000,0.59182112,09292000
2021-02-21,09292000,0.61447456,09292000
2021-02-22,09292000,0.61164288,09292000
2021-02-23,09292000,0.6201379199999999,09292000
2021-02-24,09292000,0.59182112,09292000
2021-02-25,09292000,0.6682764800000001,09292000
2021-02-26,09292000,0.68526656,09292000
2021-02-27,09292000,0.64562304,09292000
2021-02-28,09292000,0.6626131199999999,09292000
2021-03-01,09292000,0.72774176,09292000
2021-03-02,09292000,0.7475635199999999,09292000
2021-03-03,09292000,0.71641504,09292000
2021-03-04,09292000,0.68809824,09292000
2021-03-05,09292000,0.68809824,09292000
2021-03-06,09292000,0.69092992,09292000
2021-03-07,09292000,0.69942496,09292000
2021-03-08,09292000,0.70792,09292000
2021-03-09,09292000,0.70792,09292000
2021-03-10,09292000,0.69092992,09292000
2021-03-11,09292000,0.71075168,09292000
2021-03-12,09292000,0.71641504,09292000
2021-03-13,09292000,0.72491008,09292000
2021-03-14,09292000,0.70508832,09292000
2021-03-15,09292000,0.7220784,09292000
2021-03-16,09292000,0.7362368,09292000
2021-03-17,09292000,0.69942496,09292000
2021-03-18,09292000,0.69942496,09292000
2021-03-19,09292000,0.72774176,09292000
2021-03-20,09292000,0.7334051199999999,09292000
2021-03-21,09292000,0.69942496,09292000
2021-03-22,09292000,0.70792,09292000
2021-03-23,09292000,0.69092992,09292000
2021-03-24,09292000,0.69092992,09292000
2021-03-25,09292000,0.68809824,09292000
2021-03-26,09292000,0.67393984,09292000
2021-03-27,09292000,0.6682764800000001,09292000
2021-03-28,09292000,0.69659328,09292000
2021-03-29,09292000,0.7220784,09292000
2021-03-30,09292000,0.6796032,09292000
2021-03-31,09292000,0.69942496,09292000
2021-04-01,09292000,1.0165731199999999,09292000
2021-04-02,09292000,1.0675433600000002,09292000
2021-04-03,09292000,1.12134528,09292000
2021-04-04,09292000,1.20912736,09292000
2021-04-05,09292000,1.24877088,09292000
2021-04-06,09292000,1.17797888,09292000
2021-04-07,09292000,1.0901968,09292000
2021-04-08,09292000,1.1156819199999999,09292000
2021-04-09,09292000,1.12417696,09292000
2021-04-10,09292000,1.12134528,09292000
2021-04-11,09292000,1.15249376,09292000
2021-04-12,09292000,1.13550368,09292000
2021-04-13,09292000,1.1043552,09292000
2021-04-14,09292000,1.13550368,09292000
2021-04-15,09292000,1.1185136,09292000
2021-04-16,09292000,1.06471168,09292000
2021-04-17,09292000,1.02789984,09292000
2021-04-18,09292000,1.0477216,09292000
2021-04-19,09292000,1.0760384,09292000
2021-04-20,09292000,1.06471168,09292000
2021-04-21,09292000,1.07320672,09292000
2021-04-22,09292000,1.0392265600000001,09292000
2021-04-23,09292000,1.05904832,09292000
2021-04-24,09292000,1.07320672,09292000
2021-04-25,09292000,1.0873651199999999,09292000
2021-04-26,09292000,1.12984032,09292000
2021-04-27,09292000,1.14966208,09292000
2021-04-28,09292000,1.12134528,09292000
2021-04-29,09292000,1.19496896,09292000
2021-04-30,09292000,1.3592064,09292000
2021-05-01,09292000,1.37902816,09292000
2021-05-02,09292000,1.3960182399999999,09292000
2021-05-03,09292000,1.5291071999999999,09292000
2021-05-04,09292000,1.557424,09292000
2021-05-05,09292000,1.4951270399999999,09292000
2021-05-06,09292000,1.7273247999999999,09292000
2021-05-07,09292000,2.10676992,09292000
2021-05-08,09292000,2.5201952,09292000
2021-05-09,09292000,2.2058787200000003,09292000
2021-05-10,09292000,1.8717404799999997,09292000
2021-05-11,09292000,1.7698,09292000
2021-05-12,09292000,1.8292652799999998,09292000
2021-05-13,09292000,2.12942336,09292000
2021-05-14,09292000,2.4918784,09292000
2021-05-15,09292000,3.398016,09292000
2021-05-16,09292000,4.5023712,09292000
2021-05-17,09292000,4.6439552,09292000
2021-05-18,09292000,3.7378176,09292000
2021-05-19,09292000,4.7289056,09292000
2021-05-20,09292000,5.0403904,09292000
2021-05-21,09292000,5.1819744,09292000
2021-05-22,09292000,3.7944512,09292000
2021-05-23,09292000,3.4546495999999998,09292000
2021-05-24,09292000,2.9449472,09292000
2021-05-25,09292000,3.1714816,09292000
2021-05-26,09292000,3.5962336,09292000
2021-05-27,09292000,4.6156384,09292000
2021-05-28,09292000,5.8332608,09292000
2021-05-29,09292000,6.796032,09292000
2021-05-30,09292000,6.8243488,09292000
2021-05-31,09292000,5.7766272,09292000
2021-06-01,09292000,7.5889024,09292000
2021-06-02,09292000,9.5144448,09292000
2021-06-03,09292000,11.32672,09292000
2021-06-04,09292000,11.2700864,09292000
2021-06-05,09292000,10.3073152,09292000
2021-06-06,09292000,9.627712,09292000
2021-06-07,09292000,8.778208,09292000
2021-06-08,09292000,7.3906848,09292000
2021-06-09,09292000,5.6067264,09292000
2021-06-10,09292000,4.2758367999999995,09292000
2021-06-11,09292000,3.6245504,09292000
2021-06-12,09292000,3.0582143999999998,09292000
2021-06-13,09292000,2.8033632,09292000
2021-06-14,09292000,2.56550208,09292000
2021-06-15,09292000,2.31914592,09292000
2021-06-16,09292000,2.20021536,09292000
2021-06-17,09292000,1.9623542399999998,09292000
2021-06-18,09292000,1.75280992,09292000
2021-06-19,09292000,1.5998992,09292000
2021-06-20,09292000,1.3365529600000001,09292000
2021-06-21,09292000,1.1383353600000001,09292000
2021-06-22,09292000,1.1043552,09292000
2021-06-23,09292000,1.27991936,09292000
2021-06-24,09292000,1.73298816,09292000
2021-06-25,09292000,2.4635616,09292000
2021-06-26,09292000,2.1520768,09292000
2021-06-27,09292000,1.6621961600000001,09292000
2021-06-28,09292000,1.44132512,09292000
2021-06-29,09292000,1.29974112,09292000
2021-06-30,09292000,1.25160256,09292000
2021-07-01,09292000,1.8264335999999999,09292000
2021-07-02,09292000,1.63671104,09292000
2021-07-03,09292000,1.54043392,09292000
2021-07-04,09292000,1.3025728,09292000
2021-07-05,09292000,1.24877088,09292000
2021-07-06,09292000,1.11285024,09292000
2021-07-07,09292000,1.0052464,09292000
2021-07-08,09292000,1.12134528,09292000
2021-07-09,09292000,1.6225526399999999,09292000
2021-07-10,09292000,1.74997824,09292000
2021-07-11,09292000,1.46114688,09292000
2021-07-12,09292000,1.19496896,09292000
2021-07-13,09292000,1.26292928,09292000
2021-07-14,09292000,1.2374441600000001,09292000
2021-07-15,09292000,1.17231552,09292000
2021-07-16,09292000,1.15532544,09292000
2021-07-17,09292000,1.22611744,09292000
2021-07-18,09292000,1.20912736,09292000
2021-07-19,09292000,1.1043552,09292000
2021-07-20,09292000,1.14966208,09292000
2021-07-21,09292000,1.20063232,09292000
2021-07-22,09292000,2.10676992,09292000
2021-07-23,09292000,3.8510847999999998,09292000
2021-07-24,09292000,1.9680176,09292000
2021-07-25,09292000,1.5347705600000001,09292000
2021-07-26,09292000,1.3252262399999999,09292000
2021-07-27,09292000,1.12700864,09292000
2021-07-28,09292000,1.0873651199999999,09292000
2021-07-29,09292000,1.3677014399999998,09292000
2021-07-30,09292000,1.5432656,09292000
2021-07-31,09292000,1.69617632,09292000
2021-08-01,09292000,1.982176,09292000
2021-08-02,09292000,2.12942336,09292000
2021-08-03,09292000,1.8858988799999998,09292000
2021-08-04,09292000,1.4441568,09292000
2021-08-05,09292000,1.27708768,09292000
2021-08-06,09292000,1.18081056,09292000
2021-08-07,09292000,1.05621664,09292000
2021-08-08,09292000,1.05055328,09292000
2021-08-09,09292000,0.97126624,09292000
2021-08-10,09292000,0.9486128,09292000
2021-08-11,09292000,1.36203808,09292000
2021-08-12,09292000,1.71599808,09292000
2021-08-13,09292000,1.69617632,09292000
2021-08-14,09292000,1.71599808,09292000
2021-08-15,09292000,1.73298816,09292000
2021-08-16,09292000,1.49795872,09292000
2021-08-17,09292000,1.63954272,09292000
2021-08-18,09292000,13.0540448,09292000
2021-08-19,09292000,24.5506656,09292000
2021-08-20,09292000,12.7708768,09292000
2021-08-21,09292000,9.20296,09292000
2021-08-22,09292000,9.5710784,09292000
2021-08-23,09292000,6.9659328,09292000
2021-08-24,09292000,5.4368256,09292000
2021-08-25,09292000,4.5590048,09292000
2021-08-26,09292000,4.1342528,09292000
2021-08-27,09292000,3.7095008,09292000
2021-08-28,09292000,3.6245504,09292000
2021-08-29,09292000,2.61364064,09292000
2021-08-30,09292000,2.55700704,09292000
2021-08-31,09292000,2.1492451200000002,09292000
2021-09-01,09292000,2.7920364799999997,09292000
2021-09-02,09292000,4.2192032,09292000
2021-09-03,09292000,4.24752,09292000
2021-09-04,09292000,3.822768,09292000
2021-09-05,09292000,2.74956128,09292000
2021-09-06,09292000,1.486632,09292000
2021-09-07,09292000,1.36203808,09292000
2021-09-08,09292000,1.39035488,09292000
2021-09-09,09292000,1.4299984,09292000
2021-09-10,09292000,1.75847328,09292000
2021-09-11,09292000,1.9142156799999999,09292000
2021-09-12,09292000,1.67635456,09292000
2021-09-13,09292000,1.486632,09292000
2021-09-14,09292000,1.77546336,09292000
2021-09-15,09292000,1.63671104,09292000
2021-09-16,09292000,1.5432656,09292000
2021-09-17,09292000,1.46114688,09292000
2021-09-18,09292000,1.5432656,09292000
2021-09-19,09292000,1.6820179199999998,09292000
2021-09-20,09292000,1.4724736,09292000
2021-09-21,09292000,1.4016816,09292000
2021-09-22,09292000,1.3365529600000001,09292000
2021-09-23,09292000,1.28275104,09292000
2021-09-24,09292000,1.25160256,09292000
2021-09-25,09292000,1.19496896,09292000
2021-09-26,09292000,1.15815712,09292000
2021-09-27,09292000,1.17797888,09292000
2021-09-28,09292000,1.15815712,09292000
2021-09-29,09292000,1.40451328,09292000
2021-09-30,09292000,1.37053312,09292000
2021-10-01,09292000,1.38185984,09292000
2021-10-02,09292000,1.4016816,09292000
2021-10-03,09292000,1.29407776,09292000
2021-10-04,09292000,1.1751472,09292000
2021-10-05,09292000,1.12134528,09292000
2021-10-06,09292000,1.56875072,09292000
2021-10-07,09292000,1.63104768,09292000
2021-10-08,09292000,2.0954432,09292000
2021-10-09,09292000,2.38710624,09292000
2021-10-10,09292000,1.90288896,09292000
2021-10-11,09292000,1.68768128,09292000
2021-10-12,09292000,1.6282159999999999,09292000
2021-10-13,09292000,1.5347705600000001,09292000
2021-10-14,09292000,1.44698848,09292000
2021-10-15,09292000,1.1666521600000002,09292000
2021-10-16,09292000,1.203464,09292000
2021-10-17,09292000,1.27991936,09292000
2021-10-18,09292000,1.20912736,09292000
2021-10-19,09292000,1.37053312,09292000
2021-10-20,09292000,1.27991936,09292000
2021-10-21,09292000,1.29974112,09292000
2021-10-22,09292000,1.3252262399999999,09292000
2021-10-23,09292000,1.3025728,09292000
2021-10-24,09292000,1.20912736,09292000
2021-10-25,09292000,1.1893056,09292000
2021-10-26,09292000,1.36203808,09292000
2021-10-27,09292000,1.24877088,09292000
2021-10-28,09292000,1.31106784,09292000
2021-10-29,09292000,1.2176224,09292000
2021-10-30,09292000,1.1468304,09292000
2021-10-31,09292000,1.05055328,09292000
2021-11-01,09292000,0.9967513600000001,09292000
2021-11-02,09292000,1.0165731199999999,09292000
2021-11-03,09292000,0.90896928,09292000
2021-11-04,09292000,1.39035488,09292000
2021-11-05,09292000,1.57441408,09292000
2021-11-06,09292000,1.49229536,09292000
2021-11-07,09292000,1.46114688,09292000
2021-11-08,09292000,1.41584,09292000
2021-11-09,09292000,1.32805792,09292000
2021-11-10,09292000,1.05621664,09292000
2021-11-11,09292000,1.14399872,09292000
2021-11-12,09292000,1.9680176,09292000
2021-11-13,09292000,2.42674976,09292000
2021-11-14,09292000,1.8689088,09292000
2021-11-15,09292000,1.26292928,09292000
2021-11-16,09292000,1.22045408,09292000
2021-11-17,09292000,0.9995830399999999,09292000
2021-11-18,09292000,0.94011776,09292000
2021-11-19,09292000,1.12700864,09292000
2021-11-20,09292000,1.0703750399999998,09292000
2021-11-21,09292000,0.8721574400000001,09292000
2021-11-22,09292000,1.0901968,09292000
2021-11-23,09292000,1.0165731199999999,09292000
2021-11-24,09292000,0.90047424,09292000
2021-11-25,09292000,0.7730486400000001,09292000
2021-11-26,09292000,1.05055328,09292000
2021-11-27,09292000,1.01374144,09292000
2021-11-28,09292000,0.9344544,09292000
2021-11-29,09292000,0.9118009600000001,09292000
2021-11-30,09292000,0.86649408,09292000
2021-12-01,09292000,0.87498912,09292000
2021-12-02,09292000,0.8466723199999999,09292000
2021-12-03,09292000,0.8325139199999999,09292000
2021-12-04,09292000,0.7617219199999999,09292000
2021-12-05,09292000,0.7560585599999999,09292000
2021-12-06,09292000,0.7617219199999999,09292000
2021-12-07,09292000,1.22894912,09292000
2021-12-08,09292000,1.09586016,09292000
2021-12-09,09292000,1.3252262399999999,09292000
2021-12-10,09292000,0.99391968,09292000
2021-12-11,09292000,1.05904832,09292000
2021-12-12,09292000,1.25726592,09292000
2021-12-13,09292000,1.40734496,09292000
2021-12-14,09292000,1.4299984,09292000
2021-12-15,09292000,1.28275104,09292000
2021-12-16,09292000,1.1185136,09292000
2021-12-17,09292000,1.10718688,09292000
2021-12-18,09292000,1.1383353600000001,09292000
2021-12-19,09292000,1.3138995199999999,09292000
2021-12-20,09292000,1.3167312,09292000
2021-12-21,09292000,1.3138995199999999,09292000
2021-12-22,09292000,1.35637472,09292000
2021-12-23,09292000,1.31956288,09292000
2021-12-24,09292000,1.3138995199999999,09292000
2021-12-25,09292000,1.2969094399999999,09292000
2021-12-26,09292000,1.32239456,09292000
2021-12-27,09292000,1.15815712,09292000
2021-12-28,09292000,1.03639488,09292000
2021-12-29,09292000,1.0675433600000002,09292000
2021-12-30,09292000,1.18081056,09292000
2021-12-31,09292000,1.1185136,09292000
2022-01-01,09292000,0.9854246399999999,09292000
2022-01-02,09292000,0.920296,09292000
2022-01-03,09292000,0.9854246399999999,09292000
2022-01-04,09292000,1.02506816,09292000
2022-01-05,09292000,1.09586016,09292000
2022-01-06,09292000,1.11285024,09292000
2022-01-07,09292000,1.06471168,09292000
2022-01-08,09292000,1.00807808,09292000
2022-01-09,09292000,0.9287910399999999,09292000
2022-01-10,09292000,0.89764256,09292000
2022-01-11,09292000,0.9259593600000001,09292000
2022-01-12,09292000,0.95427616,09292000
2022-01-13,09292000,0.95427616,09292000
2022-01-14,09292000,0.9316227199999999,09292000
2022-01-15,09292000,0.9118009600000001,09292000
2022-01-16,09292000,0.9316227199999999,09292000
2022-01-17,09292000,0.8919792,09292000
2022-01-18,09292000,0.8806524800000001,09292000
2022-01-19,09292000,0.86649408,09292000
2022-01-20,09292000,0.88348416,09292000
2022-01-21,09292000,0.90330592,09292000
2022-01-22,09292000,0.8919792,09292000
2022-01-23,09292000,0.91746432,09292000
2022-01-24,09292000,0.90330592,09292000
2022-01-25,09292000,0.80419712,09292000
2022-01-26,09292000,0.8070288,09292000
2022-01-27,09292000,0.79570208,09292000
2022-01-28,09292000,0.79570208,09292000
2022-01-29,09292000,0.81269216,09292000
2022-01-30,09292000,0.8466723199999999,09292000
2022-01-31,09292000,0.8636623999999999,09292000
2022-02-01,09292000,0.85799904,09292000
2022-02-02,09292000,0.7560585599999999,09292000
2022-02-03,09292000,0.70225664,09292000
2022-02-04,09292000,0.67110816,09292000
2022-02-05,09292000,0.69092992,09292000
2022-02-06,09292000,0.72774176,09292000
2022-02-07,09292000,0.7362368,09292000
2022-02-08,09292000,0.7419001599999999,09292000
2022-02-09,09292000,0.72491008,09292000
2022-02-10,09292000,0.7192467199999999,09292000
2022-02-11,09292000,0.72774176,09292000
2022-02-12,09292000,0.70508832,09292000
2022-02-13,09292000,0.71075168,09292000
2022-02-14,09292000,0.71075168,09292000
2022-02-15,09292000,0.6937616,09292000
2022-02-16,09292000,0.6824348800000001,09292000
2022-02-17,09292000,0.69092992,09292000
2022-02-18,09292000,0.6626131199999999,09292000
2022-02-19,09292000,0.71358336,09292000
2022-02-20,09292000,0.69659328,09292000
2022-02-21,09292000,0.67677152,09292000
2022-02-22,09292000,0.6654448,09292000
2022-02-23,09292000,0.6427913599999999,09292000
2022-02-24,09292000,0.6088112,09292000
2022-02-25,09292000,0.60314784,09292000
2022-02-26,09292000,0.62580128,09292000
2022-02-27,09292000,0.65978144,09292000
2022-02-28,09292000,0.69942496,09292000
2022-03-01,09292000,0.72774176,09292000
2022-03-02,09292000,0.71075168,09292000
2022-03-03,09292000,0.69942496,09292000
2022-03-04,09292000,0.69942496,09292000
2022-03-05,09292000,0.7220784,09292000
2022-03-06,09292000,0.72774176,09292000
2022-03-07,09292000,0.59182112,09292000
2022-03-08,09292000,0.71358336,09292000
2022-03-09,09292000,0.70792,09292000
2022-03-10,09292000,0.6427913599999999,09292000
2022-03-11,09292000,0.63995968,09292000
2022-03-12,09292000,0.6824348800000001,09292000
2022-03-13,09292000,0.65978144,09292000
2022-03-14,09292000,0.6229696,09292000
2022-03-15,09292000,0.61730624,09292000
2022-03-16,09292000,0.6484547199999999,09292000
2022-03-17,09292000,0.6201379199999999,09292000
2022-03-18,09292000,0.61164288,09292000
2022-03-19,09292000,0.61447456,09292000
2022-03-20,09292000,0.6484547199999999,09292000
2022-03-21,09292000,0.61164288,09292000
2022-03-22,09292000,0.6229696,09292000
2022-03-23,09292000,0.6342963199999999,09292000
2022-03-24,09292000,0.69659328,09292000
2022-03-25,09292000,0.77588032,09292000
2022-03-26,09292000,0.89764256,09292000
2022-03-27,09292000,1.05055328,09292000
2022-03-28,09292000,1.09586016,09292000
2022-03-29,09292000,1.02506816,09292000
2022-03-30,09292000,0.96560288,09292000
2022-03-31,09292000,0.92312768,09292000
2022-04-01,09292000,1.203464,09292000
2022-04-02,09292000,1.41017664,09292000
2022-04-03,09292000,1.4639785600000002,09292000
2022-04-04,09292000,1.45548352,09292000
2022-04-05,09292000,1.4441568,09292000
2022-04-06,09292000,1.32805792,09292000
2022-04-07,09292000,1.35637472,09292000
2022-04-08,09292000,1.44982016,09292000
2022-04-09,09292000,1.6140576,09292000
2022-04-10,09292000,1.6282159999999999,09292000
2022-04-11,09292000,1.5630873600000001,09292000
2022-04-12,09292000,1.4384934399999998,09292000
2022-04-13,09292000,1.3875232,09292000
2022-04-14,09292000,1.45548352,09292000
2022-04-15,09292000,1.39884992,09292000
2022-04-16,09292000,1.3875232,09292000
2022-04-17,09292000,1.37619648,09292000
2022-04-18,09292000,1.4384934399999998,09292000
2022-04-19,09292000,1.67352288,09292000
2022-04-20,09292000,1.8547504,09292000
2022-04-21,09292000,1.73581984,09292000
2022-04-22,09292000,1.87740384,09292000
2022-04-23,09292000,1.63671104,09292000
2022-04-24,09292000,1.4639785600000002,09292000
2022-04-25,09292000,1.35637472,09292000
2022-04-26,09292000,1.3875232,09292000
2022-04-27,09292000,1.78962176,09292000
2022-04-28,09292000,2.05013632,09292000
2022-04-29,09292000,2.3248092799999998,09292000
2022-04-30,09292000,1.98783936,09292000
2022-05-01,09292000,2.1350867200000003,09292000
2022-05-02,09292000,2.00482944,09292000
2022-05-03,09292000,1.97651264,09292000
2022-05-04,09292000,1.7811267199999998,09292000
2022-05-05,09292000,1.9708492799999997,09292000
2022-05-06,09292000,3.4263328,09292000
2022-05-07,09292000,5.2669248,09292000
2022-05-08,09292000,5.097024,09292000
2022-05-09,09292000,3.9926688,09292000
2022-05-10,09292000,3.5112832,09292000
2022-05-11,09292000,3.7095008,09292000
2022-05-12,09292000,4.1625696,09292000
2022-05-13,09292000,3.9077184,09292000
2022-05-14,09292000,4.95544,09292000
2022-05-15,09292000,7.7588032,09292000
2022-05-16,09292000,10.477216,09292000
2022-05-17,09292000,10.6754336,09292000
2022-05-18,09292000,12.5443424,09292000
2022-05-19,09292000,13.0823616,09292000
2022-05-20,09292000,10.5621664,09292000
2022-05-21,09292000,6.6827648,09292000
2022-05-22,09292000,5.2669248,09292000
2022-05-23,09292000,4.6156384,09292000
2022-05-24,09292000,4.5873216,09292000
2022-05-25,09292000,4.4457376,09292000
2022-05-26,09292000,6.1447456,09292000
2022-05-27,09292000,7.6172192,09292000
2022-05-28,09292000,7.5322688,09292000
2022-05-29,09292000,5.7766272,09292000
2022-05-30,09292000,4.7572224,09292000
2022-05-31,09292000,4.2758367999999995,09292000
2022-06-01,09292000,3.7944512,09292000
2022-06-02,09292000,4.0493024,09292000
2022-06-03,09292000,4.813856,09292000
2022-06-04,09292000,5.2952416,09292000
2022-06-05,09292000,5.238608,09292000
2022-06-06,09292000,5.5784096,09292000
2022-06-07,09292000,6.0314784,09292000
2022-06-08,09292000,5.6916768,09292000
2022-06-09,09292000,5.8615775999999995,09292000
2022-06-10,09292000,6.5128639999999995,09292000
2022-06-11,09292000,6.937616,09292000
2022-06-12,09292000,6.8243488,09292000
2022-06-13,09292000,6.0031616,09292000
2022-06-14,09292000,4.5873216,09292000
2022-06-15,09292000,3.7661344,09292000
2022-06-16,09292000,3.4829664,09292000
2022-06-17,09292000,3.4263328,09292000
2022-06-18,09292000,3.398016,09292000
2022-06-19,09292000,6.9092991999999995,09292000
2022-06-20,09292000,6.2580127999999995,09292000
2022-06-21,09292000,5.8332608,09292000
2022-06-22,09292000,5.4651423999999995,09292000
2022-06-23,09292000,4.6156384,09292000
2022-06-24,09292000,5.2102912,09292000
2022-06-25,09292000,4.530688,09292000
2022-06-26,09292000,3.9926688,09292000
2022-06-27,09292000,3.7095008,09292000
2022-06-28,09292000,3.4263328,09292000
2022-06-29,09292000,3.9926688,09292000
2022-06-30,09292000,5.9748448,09292000
2022-07-01,09292000,11.6665216,09292000
2022-07-02,09292000,7.928704,09292000
2022-07-03,09292000,6.6261312,09292000
2022-07-04,09292000,6.088112,09292000
2022-07-05,09292000,4.8421728,09292000
2022-07-06,09292000,4.3607872,09292000
2022-07-07,09292000,4.105936,09292000
2022-07-08,09292000,3.6245504,09292000
2022-07-09,09292000,3.2564319999999998,09292000
2022-07-10,09292000,3.0015808,09292000
2022-07-11,09292000,2.83168,09292000
2022-07-12,09292000,2.68443264,09292000
2022-07-13,09292000,2.68160096,09292000
2022-07-14,09292000,2.8175216,09292000
2022-07-15,09292000,3.114848,09292000
2022-07-16,09292000,3.3130656,09292000
2022-07-17,09292000,2.7665513600000002,09292000
2022-07-18,09292000,2.44373984,09292000
2022-07-19,09292000,2.28799744,09292000
2022-07-20,09292000,2.2228688,09292000
2022-07-21,09292000,2.09261152,09292000
2022-07-22,09292000,1.97934432,09292000
2022-07-23,09292000,2.0784531200000003,09292000
2022-07-24,09292000,2.4352448,09292000
2022-07-25,09292000,2.4805516799999996,09292000
2022-07-26,09292000,2.0841164799999996,09292000
2022-07-27,09292000,1.8915622399999998,09292000
2022-07-28,09292000,1.97934432,09292000
2022-07-29,09292000,2.50320512,09292000
2022-07-30,09292000,2.55417536,09292000
2022-07-31,09292000,2.28799744,09292000
2022-08-01,09292000,2.18888864,09292000
2022-08-02,09292000,2.619304,09292000
2022-08-03,09292000,2.28799744,09292000
2022-08-04,09292000,2.0388096,09292000
2022-08-05,09292000,2.07278976,09292000
2022-08-06,09292000,2.50886848,09292000
2022-08-07,09292000,2.08977984,09292000
2022-08-08,09292000,1.91704736,09292000
2022-08-09,09292000,1.7839584,09292000
2022-08-10,09292000,1.699008,09292000
2022-08-11,09292000,1.6565328,09292000
2022-08-12,09292000,1.58857248,09292000
2022-08-13,09292000,1.57724576,09292000
2022-08-14,09292000,3.7095008,09292000
2022-08-15,09292000,3.822768,09292000
2022-08-16,09292000,2.9166304,09292000
2022-08-17,09292000,2.52869024,09292000
2022-08-18,09292000,2.3248092799999998,09292000
2022-08-19,09292000,2.3389676799999997,09292000
2022-08-20,09292000,2.7665513600000002,09292000
2022-08-21,09292000,2.4805516799999996,09292000
2022-08-22,09292000,2.51736352,09292000
2022-08-23,09292000,2.26251232,09292000
2022-08-24,09292000,2.06429472,09292000
2022-08-25,09292000,2.01615616,09292000
2022-08-26,09292000,1.9595225600000001,09292000
2022-08-27,09292000,1.8943939200000002,09292000
2022-08-28,09292000,2.6759376,09292000
2022-08-29,09292000,2.37577952,09292000
2022-08-30,09292000,1.73015648,09292000
2022-08-31,09292000,1.45548352,09292000
2022-09-01,09292000,1.5291071999999999,09292000
2022-09-02,09292000,2.15490848,09292000
2022-09-03,09292000,2.08977984,09292000
2022-09-04,09292000,1.8519187200000002,09292000
2022-09-05,09292000,1.7414832,09292000
2022-09-06,09292000,1.6452060800000001,09292000
2022-09-07,09292000,1.49795872,09292000
2022-09-08,09292000,1.52061216,09292000
2022-09-09,09292000,1.4838003199999998,09292000
2022-09-10,09292000,1.5007904,09292000
2022-09-11,09292000,1.5460972800000001,09292000
2022-09-12,09292000,1.52061216,09292000
2022-09-13,09292000,1.80378016,09292000
2022-09-14,09292000,3.3696992,09292000
2022-09-15,09292000,2.9166304,09292000
2022-09-16,09292000,2.5626704,09292000
2022-09-17,09292000,2.3927696,09292000
2022-09-18,09292000,2.4805516799999996,09292000
2022-09-19,09292000,2.06429472,09292000
2022-09-20,09292000,1.90288896,09292000
2022-09-21,09292000,2.12942336,09292000
2022-09-22,09292000,4.4740544,09292000
2022-09-23,09292000,3.4829664,09292000
2022-09-24,09292000,2.973264,09292000
2022-09-25,09292000,2.6787692799999996,09292000
2022-09-26,09292000,2.49754176,09292000
2022-09-27,09292000,2.3389676799999997,09292000
2022-09-28,09292000,2.22003712,09292000
2022-09-29,09292000,2.3248092799999998,09292000
2022-09-30,09292000,3.8510847999999998,09292000
2022-10-01,09292000,3.114848,09292000
2022-10-02,09292000,2.83168,09292000
2022-10-03,09292000,2.68443264,09292000
2022-10-04,09292000,2.4607299200000003,09292000
2022-10-05,09292000,2.29932416,09292000
2022-10-06,09292000,2.1803936,09292000
2022-10-07,09292000,2.0699580799999997,09292000
2022-10-08,09292000,1.9963344,09292000
2022-10-09,09292000,1.93120576,09292000
2022-10-10,09292000,1.8547504,09292000
2022-10-11,09292000,1.7698,09292000
2022-10-12,09292000,1.6650278399999998,09292000
2022-10-13,09292000,1.5942358399999998,09292000
2022-10-14,09292000,1.53760224,09292000
2022-10-15,09292000,1.49229536,09292000
2022-10-16,09292000,1.4639785600000002,09292000
2022-10-17,09292000,1.4243350399999999,09292000
2022-10-18,09292000,1.3875232,09292000
2022-10-19,09292000,1.3592064,09292000
2022-10-20,09292000,1.32239456,09292000
2022-10-21,09292000,1.29407776,09292000
2022-10-22,09292000,1.3648697600000002,09292000
2022-10-23,09292000,1.42716672,09292000
2022-10-24,09292000,1.26292928,09292000
2022-10-25,09292000,1.33372128,09292000
2022-10-26,09292000,1.2969094399999999,09292000
2022-10-27,09292000,1.2176224,09292000
2022-10-28,09292000,1.17797888,09292000
2022-10-29,09292000,1.2147907199999999,09292000
2022-10-30,09292000,1.18364224,09292000
2022-10-31,09292000,1.1411670399999998,09292000
2022-11-01,09292000,1.15815712,09292000
2022-11-02,09292000,1.11285024,09292000
2022-11-03,09292000,1.14399872,09292000
2022-11-04,09292000,1.05338496,09292000
2022-11-05,09292000,1.2176224,09292000
2022-11-06,09292000,1.1609888,09292000
2022-11-07,09292000,1.15815712,09292000
2022-11-08,09292000,1.12700864,09292000
2022-11-09,09292000,1.11285024,09292000
2022-11-10,09292000,0.991088,09292000
2022-11-11,09292000,0.86932576,09292000
2022-11-12,09292000,1.1383353600000001,09292000
2022-11-13,09292000,1.19213728,09292000
2022-11-14,09292000,1.0420582399999998,09292000
2022-11-15,09292000,0.89481088,09292000
2022-11-16,09292000,1.0420582399999998,09292000
2022-11-17,09292000,1.1468304,09292000
2022-11-18,09292000,1.05621664,09292000
2022-11-19,09292000,0.9259593600000001,09292000
2022-11-20,09292000,0.94011776,09292000
2022-11-21,09292000,1.05338496,09292000
2022-11-22,09292000,1.0222364800000001,09292000
2022-11-23,09292000,0.9797612800000001,09292000
2022-11-24,09292000,0.9486128,09292000
2022-11-25,09292000,0.98825632,09292000
2022-11-26,09292000,0.9146326399999999,09292000
2022-11-27,09292000,0.9486128,09292000
2022-11-28,09292000,0.88914752,09292000
2022-11-29,09292000,0.85799904,09292000
2022-11-30,09292000,0.88631584,09292000
2022-12-01,09292000,0.95427616,09292000
2022-12-02,09292000,0.96560288,09292000
2022-12-03,09292000,0.9854246399999999,09292000
2022-12-04,09292000,1.0194048,09292000
2022-12-05,09292000,1.04488992,09292000
2022-12-06,09292000,1.09302848,09292000
2022-12-07,09292000,1.08453344,09292000
2022-12-08,09292000,1.12700864,09292000
2022-12-09,09292000,1.18364224,09292000
2022-12-10,09292000,1.18081056,09292000
2022-12-11,09292000,1.18364224,09292000
2022-12-12,09292000,1.1751472,09292000
2022-12-13,09292000,1.1694838399999998,09292000
2022-12-14,09292000,1.1978006399999999,09292000
2022-12-15,09292000,1.17797888,09292000
2022-12-16,09292000,1.1609888,09292000
2022-12-17,09292000,1.1383353600000001,09292000
2022-12-18,09292000,1.21195904,09292000
2022-12-19,09292000,1.25443424,09292000
2022-12-20,09292000,1.3138995199999999,09292000
2022-12-21,09292000,1.3365529600000001,09292000
2022-12-22,09292000,1.3393846399999998,09292000
2022-12-23,09292000,1.3648697600000002,09292000
2022-12-24,09292000,1.39035488,09292000
2022-12-25,09292000,1.3960182399999999,09292000
2022-12-26,09292000,1.2855827199999998,09292000
2022-12-27,09292000,1.12984032,09292000
2022-12-28,09292000,1.12700864,09292000
2022-12-29,09292000,1.0675433600000002,09292000
2022-12-30,09292000,1.12700864,09292000
2022-12-31,09292000,1.1468304,09292000
2023-01-01,09292000,1.22045408,09292000
2023-01-02,09292000,1.34221632,09292000
2023-01-03,09292000,1.3138995199999999,09292000
2023-01-04,09292000,1.2374441600000001,09292000
2023-01-05,09292000,1.28275104,09292000
2023-01-06,09292000,1.2402758399999998,09292000
2023-01-07,09292000,1.2317808,09292000
2023-01-08,09292000,1.2176224,09292000
2023-01-09,09292000,1.2176224,09292000
2023-01-10,09292000,1.2317808,09292000
2023-01-11,09292000,1.19496896,09292000
2023-01-12,09292000,1.24310752,09292000
2023-01-13,09292000,1.28275104,09292000
2023-01-14,09292000,1.15249376,09292000
2023-01-15,09292000,1.16382048,09292000
2023-01-16,09292000,1.1694838399999998,09292000
2023-01-17,09292000,1.15249376,09292000
2023-01-18,09292000,1.17231552,09292000
2023-01-19,09292000,1.0703750399999998,09292000
2023-01-20,09292000,0.97126624,09292000
2023-01-21,09292000,0.9486128,09292000
2023-01-22,09292000,0.92312768,09292000
2023-01-23,09292000,0.90896928,09292000
2023-01-24,09292000,0.88348416,09292000
2023-01-25,09292000,0.8636623999999999,09292000
2023-01-26,09292000,0.83817728,09292000
2023-01-27,09292000,0.82685056,09292000
2023-01-28,09292000,0.8211872,09292000
2023-01-29,09292000,0.81269216,09292000
2023-01-30,09292000,0.7928704,09292000
2023-01-31,09292000,0.7560585599999999,09292000
2023-02-01,09292000,0.7192467199999999,09292000
2023-02-02,09292000,0.6682764800000001,09292000
2023-02-03,09292000,0.60597952,09292000
2023-02-04,09292000,0.57766272,09292000
2023-02-05,09292000,0.566336,09292000
2023-02-06,09292000,0.49837568000000004,09292000
2023-02-07,09292000,0.45590048000000005,09292000
2023-02-08,09292000,0.48138559999999997,09292000
2023-02-09,09292000,0.48988064000000003,09292000
2023-02-10,09292000,0.50403904,09292000
2023-02-11,09292000,0.53235584,09292000
2023-02-12,09292000,0.57199936,09292000
2023-02-13,09292000,0.6201379199999999,09292000
2023-02-14,09292000,0.6654448,09292000
2023-02-15,09292000,0.67110816,09292000
2023-02-16,09292000,0.70225664,09292000
2023-02-17,09292000,0.7334051199999999,09292000
2023-02-18,09292000,0.75322688,09292000
2023-02-19,09292000,0.849504,09292000
2023-02-20,09292000,0.88348416,09292000
2023-02-21,09292000,0.90330592,09292000
2023-02-22,09292000,0.88348416,09292000
2023-02-23,09292000,0.849504,09292000
2023-02-24,09292000,0.85233568,09292000
2023-02-25,09292000,0.8410089599999999,09292000
2023-02-26,09292000,0.82968224,09292000
2023-02-27,09292000,0.8211872,09292000
2023-02-28,09292000,0.84384064,09292000
2023-03-01,09292000,0.8806524800000001,09292000
2023-03-02,09292000,0.88914752,09292000
2023-03-03,09292000,0.90047424,09292000
2023-03-04,09292000,0.8410089599999999,09292000
2023-03-05,09292000,0.8211872,09292000
2023-03-06,09292000,0.79853376,09292000
2023-03-07,09292000,0.78720704,09292000
2023-03-08,09292000,0.87498912,09292000
2023-03-09,09292000,0.9118009600000001,09292000
2023-03-10,09292000,0.90330592,09292000
2023-03-11,09292000,0.90330592,09292000
2023-03-12,09292000,0.9429494399999999,09292000
2023-03-13,09292000,0.86932576,09292000
2023-03-14,09292000,0.8466723199999999,09292000
2023-03-15,09292000,0.88914752,09292000
2023-03-16,09292000,0.849504,09292000
2023-03-17,09292000,0.83817728,09292000
2023-03-18,09292000,1.00241472,09292000
2023-03-19,09292000,1.0873651199999999,09292000
2023-03-20,09292000,0.83817728,09292000
2023-03-21,09292000,0.86932576,09292000
2023-03-22,09292000,0.81269216,09292000
2023-03-23,09292000,0.84384064,09292000
2023-03-24,09292000,0.87498912,09292000
2023-03-25,09292000,0.83817728,09292000
2023-03-26,09292000,1.1185136,09292000
2023-03-27,09292000,1.1468304,09292000
2023-03-28,09292000,1.11285024,09292000
2023-03-29,09292000,0.8410089599999999,09292000
2023-03-30,09292000,0.80136544,09292000
2023-03-31,09292000,0.81835552,09292000
2023-04-01,09292000,0.80986048,09292000
2023-04-02,09292000,0.8070288,09292000
2023-04-03,09292000,0.8070288,09292000
2023-04-04,09292000,0.79570208,09292000
2023-04-05,09292000,0.80986048,09292000
2023-04-06,09292000,1.2176224,09292000
2023-04-07,09292000,1.30540448,09292000
2023-04-08,09292000,1.2884144,09292000
2023-04-09,09292000,1.29974112,09292000
2023-04-10,09292000,1.41867168,09292000
2023-04-11,09292000,1.64803776,09292000
2023-04-12,09292000,1.83209696,09292000
2023-04-13,09292000,1.7613049600000001,09292000
2023-04-14,09292000,1.5829091199999998,09292000
2023-04-15,09292000,1.4951270399999999,09292000
2023-04-16,09292000,1.49795872,09292000
2023-04-17,09292000,1.65936448,09292000
2023-04-18,09292000,1.7556416,09292000
2023-04-19,09292000,1.65370112,09292000
2023-04-20,09292000,1.56025568,09292000
2023-04-21,09292000,1.5149488,09292000
2023-04-22,09292000,1.48946368,09292000
2023-04-23,09292000,1.4838003199999998,09292000
2023-04-24,09292000,1.53193888,09292000
2023-04-25,09292000,1.5234438399999999,09292000
2023-04-26,09292000,1.61972096,09292000
2023-04-27,09292000,1.8717404799999997,09292000
2023-04-28,09292000,2.1718985600000003,09292000
2023-04-29,09292000,2.4635616,09292000
2023-04-30,09292000,2.68443264,09292000
2023-05-01,09292000,3.3130656,09292000
2023-05-02,09292000,3.964352,09292000
2023-05-03,09292000,4.0776192,09292000
2023-05-04,09292000,5.238608,09292000
2023-05-05,09292000,4.1908864,09292000
2023-05-06,09292000,3.4829664,09292000
2023-05-07,09292000,3.0298976,09292000
2023-05-08,09292000,2.79486816,09292000
2023-05-09,09292000,2.8599968,09292000
2023-05-10,09292000,3.3696992,09292000
2023-05-11,09292000,3.9926688,09292000
2023-05-12,09292000,4.7289056,09292000
2023-05-13,09292000,5.1819744,09292000
2023-05-14,09292000,6.0031616,09292000
2023-05-15,09292000,7.3340512,09292000
2023-05-16,09292000,10.1657312,09292000
2023-05-17,09292000,12.1195904,09292000
2023-05-18,09292000,14.101766399999999,09292000
2023-05-19,09292000,15.9140416,09292000
2023-05-20,09292000,17.6130496,09292000
2023-05-21,09292000,19.7368096,09292000
2023-05-22,09292000,20.954432,09292000
2023-05-23,09292000,19.9067104,09292000
2023-05-24,09292000,22.1720544,09292000
2023-05-25,09292000,22.3419552,09292000
2023-05-26,09292000,21.2659168,09292000
2023-05-27,09292000,17.8679008,09292000
2023-05-28,09292000,15.9423584,09292000
2023-05-29,09292000,17.273248,09292000
2023-05-30,09292000,21.8322528,09292000
2023-05-31,09292000,21.5490848,09292000
2023-06-01,09292000,20.4164128,09292000
2023-06-02,09292000,17.981168,09292000
2023-06-03,09292000,16.6785952,09292000
2023-06-04,09292000,19.1987904,09292000
2023-06-05,09292000,21.2942336,09292000
2023-06-06,09292000,23.6728448,09292000
2023-06-07,09292000,24.9754176,09292000
2023-06-08,09292000,25.9948224,09292000
2023-06-09,09292000,22.1437376,09292000
2023-06-10,09292000,21.379184,09292000
2023-06-11,09292000,20.3597792,09292000
2023-06-12,09292000,19.0288896,09292000
2023-06-13,09292000,17.2449312,09292000
2023-06-14,09292000,17.4997824,09292000
2023-06-15,09292000,19.7084928,09292000
2023-06-16,09292000,15.8007744,09292000
2023-06-17,09292000,14.583152,09292000
2023-06-18,09292000,16.1972096,09292000
2023-06-19,09292000,22.1720544,09292000
2023-06-20,09292000,25.5134368,09292000
2023-06-21,09292000,21.7189856,09292000
2023-06-22,09292000,18.6041376,09292000
2023-06-23,09292000,16.3671104,09292000
2023-06-24,09292000,14.0451328,09292000
2023-06-25,09292000,13.875232,09292000
2023-06-26,09292000,14.1584,09292000
2023-06-27,09292000,13.733648,09292000
2023-06-28,09292000,12.74256,09292000
2023-06-29,09292000,11.5532544,09292000
2023-06-30,09292000,10.335632,09292000
2023-07-01,09292000,11.2984032,09292000
2023-07-02,09292000,12.2894912,09292000
2023-07-03,09292000,12.5726592,09292000
2023-07-04,09292000,12.7708768,09292000
2023-07-05,09292000,11.9496896,09292000
2023-07-06,09292000,11.185136,09292000
2023-07-07,09292000,10.1657312,09292000
2023-07-08,09292000,9.4294944,09292000
2023-07-09,09292000,8.693257599999999,09292000
2023-07-10,09292000,8.4667232,09292000
2023-07-11,09292000,7.4756352,09292000
2023-07-12,09292000,6.3429632,09292000
2023-07-13,09292000,5.6916768,09292000
2023-07-14,09292000,5.1536576,09292000
2023-07-15,09292000,4.6722719999999995,09292000
2023-07-16,09292000,4.3607872,09292000
2023-07-17,09292000,4.1908864,09292000
2023-07-18,09292000,4.0776192,09292000
2023-07-19,09292000,4.1342528,09292000
2023-07-20,09292000,4.3041536,09292000
2023-07-21,09292000,3.8510847999999998,09292000
2023-07-22,09292000,3.5679168,09292000
2023-07-23,09292000,3.3696992,09292000
2023-07-24,09292000,3.3130656,09292000
2023-07-25,09292000,3.2281152,09292000
2023-07-26,09292000,3.0865312,09292000
2023-07-27,09292000,3.0298976,09292000
2023-07-28,09292000,2.78070976,09292000
2023-07-29,09292000,2.56550208,09292000
2023-07-30,09292000,2.42391808,09292000
2023-07-31,09292000,2.4097596799999996,09292000
2023-08-01,09292000,2.8883136,09292000
2023-08-02,09292000,3.0298976,09292000
2023-08-03,09292000,3.681184,09292000
2023-08-04,09292000,3.0865312,09292000
2023-08-05,09292000,2.61364064,09292000
2023-08-06,09292000,2.40126464,09292000
2023-08-07,09292000,2.17756192,09292000
2023-08-08,09292000,1.9850076799999998,09292000
2023-08-09,09292000,1.84342368,09292000
2023-08-10,09292000,1.67635456,09292000
2023-08-11,09292000,1.6650278399999998,09292000
2023-08-12,09292000,1.7273247999999999,09292000
2023-08-13,09292000,1.69617632,09292000
2023-08-14,09292000,1.47813696,09292000
2023-08-15,09292000,1.44982016,09292000
2023-08-16,09292000,1.48096864,09292000
2023-08-17,09292000,1.50645376,09292000
2023-08-18,09292000,1.4668102399999998,09292000
2023-08-19,09292000,1.42150336,09292000
2023-08-20,09292000,1.30823616,09292000
2023-08-21,09292000,1.2374441600000001,09292000
2023-08-22,09292000,1.77546336,09292000
2023-08-23,09292000,3.681184,09292000
2023-08-24,09292000,3.2281152,09292000
2023-08-25,09292000,3.3696992,09292000
2023-08-26,09292000,3.964352,09292000
2023-08-27,09292000,4.7572224,09292000
2023-08-28,09292000,3.4829664,09292000
2023-08-29,09292000,3.0298976,09292000
2023-08-30,09292000,2.7212444799999997,09292000
2023-08-31,09292000,2.4295814399999998,09292000
2023-09-01,09292000,2.4635616,09292000
2023-09-02,09292000,3.2281152,09292000
2023-09-03,09292000,3.398016,09292000
2023-09-04,09292000,6.37128,09292000
2023-09-05,09292000,5.2669248,09292000
2023-09-06,09292000,4.0776192,09292000
2023-09-07,09292000,3.5962336,09292000
2023-09-08,09292000,3.2564319999999998,09292000
2023-09-09,09292000,3.0015808,09292000
2023-09-10,09292000,2.82884832,09292000
2023-09-11,09292000,2.7693830399999997,09292000
2023-09-12,09292000,2.59948224,09292000
2023-09-13,09292000,2.8599968,09292000
2023-09-14,09292000,2.9166304,09292000
2023-09-15,09292000,2.48904672,09292000
2023-09-16,09292000,2.22003712,09292000
2023-09-17,09292000,2.052968,09292000
2023-09-18,09292000,2.03031456,09292000
2023-09-19,09292000,2.3333043200000003,09292000
2023-09-20,09292000,2.2058787200000003,09292000
2023-09-21,09292000,2.02181952,09292000
2023-09-22,09292000,2.08694816,09292000
2023-09-23,09292000,1.94253248,09292000
2023-09-24,09292000,1.75280992,09292000
2023-09-25,09292000,1.57441408,09292000
2023-09-26,09292000,1.46114688,09292000
2023-09-27,09292000,1.3733648,09292000
2023-09-28,09292000,1.2969094399999999,09292000
2023-09-29,09292000,1.2147907199999999,09292000
2023-09-30,09292000,1.15815712,09292000
2023-10-01,09292000,1.3393846399999998,09292000
2023-10-02,09292000,1.60556256,09292000
2023-10-03,09292000,1.48946368,09292000
2023-10-04,09292000,1.3960182399999999,09292000
2023-10-05,09292000,1.49229536,09292000
2023-10-06,09292000,1.54892896,09292000
2023-10-07,09292000,1.47530528,09292000
2023-10-08,09292000,1.33372128,09292000
2023-10-09,09292000,1.2176224,09292000
2023-10-10,09292000,1.15815712,09292000
2023-10-11,09292000,1.19213728,09292000
2023-10-12,09292000,1.2147907199999999,09292000
2023-10-13,09292000,1.2147907199999999,09292000
2023-10-14,09292000,1.15815712,09292000
2023-10-15,09292000,1.1468304,09292000
2023-10-16,09292000,1.04488992,09292000
2023-10-17,09292000,0.9825929600000001,09292000
2023-10-18,09292000,0.91746432,09292000
2023-10-19,09292000,0.85233568,09292000
2023-10-20,09292000,0.8070288,09292000
2023-10-21,09292000,0.79003872,09292000
2023-10-22,09292000,0.7645535999999999,09292000
2023-10-23,09292000,0.7730486400000001,09292000
2023-10-24,09292000,0.77588032,09292000
2023-10-25,09292000,0.7815436800000001,09292000
2023-10-26,09292000,0.8919792,09292000
2023-10-27,09292000,1.0335632,09292000
2023-10-28,09292000,1.40451328,09292000
2023-10-29,09292000,1.21195904,09292000
2023-10-30,09292000,1.15815712,09292000
2023-10-31,09292000,1.2176224,09292000
2023-11-01,09292000,1.27991936,09292000
2023-11-02,09292000,1.24310752,09292000
2023-11-03,09292000,1.2657609600000002,09292000
2023-11-04,09292000,1.2176224,09292000
2023-11-05,09292000,1.22328576,09292000
2023-11-06,09292000,1.17231552,09292000
2023-11-07,09292000,1.13550368,09292000
2023-11-08,09292000,1.02789984,09292000
2023-11-09,09292000,0.85799904,09292000
2023-11-10,09292000,1.00241472,09292000
2023-11-11,09292000,1.05055328,09292000
2023-11-12,09292000,1.05338496,09292000
2023-11-13,09292000,1.0194048,09292000
2023-11-14,09292000,1.01374144,09292000
2023-11-15,09292000,1.0194048,09292000
2023-11-16,09292000,1.132672,09292000
2023-11-17,09292000,1.02506816,09292000
2023-11-18,09292000,1.65086944,09292000
2023-11-19,09292000,2.11526496,09292000
2023-11-20,09292000,1.7698,09292000
2023-11-21,09292000,1.44982016,09292000
2023-11-22,09292000,1.5149488,09292000
2023-11-23,09292000,1.5007904,09292000
2023-11-24,09292000,1.54043392,09292000
2023-11-25,09292000,1.3960182399999999,09292000
2023-11-26,09292000,1.34221632,09292000
2023-11-27,09292000,1.1893056,09292000
2023-11-28,09292000,1.25726592,09292000
2023-11-29,09292000,1.2459392,09292000
2023-11-30,09292000,1.2459392,09292000
2023-12-01,09292000,1.19213728,09292000
2023-12-02,09292000,1.22328576,09292000
2023-12-03,09292000,1.3393846399999998,09292000
2023-12-04,09292000,1.35637472,09292000
2023-12-05,09292000,1.3138995199999999,09292000
2023-12-06,09292000,1.2969094399999999,09292000
2023-12-07,09292000,1.27708768,09292000
2023-12-08,09292000,1.12134528,09292000
2023-12-09,09292000,1.132672,09292000
2023-12-10,09292000,1.12134528,09292000
2023-12-11,09292000,1.132672,09292000
2023-12-12,09292000,1.22894912,09292000
2023-12-13,09292000,1.20912736,09292000
2023-12-14,09292000,1.1185136,09292000
2023-12-15,09292000,1.04488992,09292000
2023-12-16,09292000,1.12134528,09292000
2023-12-17,09292000,1.15249376,09292000
2023-12-18,09292000,1.132672,09292000
2023-12-19,09292000,1.13550368,09292000
2023-12-20,09292000,1.1185136,09292000
2023-12-21,09292000,1.1156819199999999,09292000
2023-12-22,09292000,1.1043552,09292000
2023-12-23,09292000,1.1043552,09292000
2023-12-24,09292000,0.98825632,09292000
2023-12-25,09292000,1.03073152,09292000
2023-12-26,09292000,1.07887008,09292000
2023-12-27,09292000,1.09302848,09292000
2023-12-28,09292000,1.07320672,09292000
2023-12-29,09292000,1.05338496,09292000
2023-12-30,09292000,1.0703750399999998,09292000
2023-12-31,09292000,1.0222364800000001,09292000
2024-01-01,09292000,0.97409792,09292000
2024-01-02,09292000,0.97409792,09292000
2024-01-03,09292000,0.95427616,09292000
2024-01-04,09292000,0.9316227199999999,09292000
2024-01-05,09292000,0.88631584,09292000
2024-01-06,09292000,0.9287910399999999,09292000
2024-01-07,09292000,0.91746432,09292000
2024-01-08,09292000,0.8636623999999999,09292000
2024-01-09,09292000,0.9627711999999999,09292000
2024-01-10,09292000,0.9627711999999999,09292000
2024-01-11,09292000,0.9118009600000001,09292000
2024-01-12,09292000,0.92312768,09292000
2024-01-13,09292000,0.89764256,09292000
2024-01-14,09292000,0.8919792,09292000
2024-01-15,09292000,0.81552384,09292000
2024-01-16,09292000,0.79003872,09292000
2024-01-17,09292000,0.8551673599999999,09292000
2024-01-18,09292000,0.89481088,09292000
2024-01-19,09292000,0.8636623999999999,09292000
2024-01-20,09292000,0.86932576,09292000
2024-01-21,09292000,0.86932576,09292000
2024-01-22,09292000,0.86932576,09292000
2024-01-23,09292000,0.87498912,09292000
2024-01-24,09292000,0.87498912,09292000
2024-01-25,09292000,0.87498912,09292000
2024-01-26,09292000,0.8721574400000001,09292000
2024-01-27,09292000,0.85799904,09292000
2024-01-28,09292000,0.8551673599999999,09292000
2024-01-29,09292000,0.85799904,09292000
2024-01-30,09292000,0.849504,09292000
2024-01-31,09292000,0.84384064,09292000
2024-02-01,09292000,0.849504,09292000
2024-02-02,09292000,0.90047424,09292000
2024-02-03,09292000,0.8806524800000001,09292000
2024-02-04,09292000,0.8551673599999999,09292000
2024-02-05,09292000,0.88631584,09292000
2024-02-06,09292000,0.9061376,09292000
2024-02-07,09292000,0.9457811199999999,09292000
2024-02-08,09292000,1.02506816,09292000
2024-02-09,09292000,0.99391968,09292000
2024-02-10,09292000,0.94011776,09292000
2024-02-11,09292000,0.920296,09292000
2024-02-12,09292000,0.90896928,09292000
2024-02-13,09292000,0.8919792,09292000
2024-02-14,09292000,0.8466723199999999,09292000
2024-02-15,09292000,0.8353456,09292000
2024-02-16,09292000,0.78720704,09292000
2024-02-17,09292000,0.8211872,09292000
2024-02-18,09292000,0.8919792,09292000
2024-02-19,09292000,0.9061376,09292000
2024-02-20,09292000,0.8325139199999999,09292000
2024-02-21,09292000,0.8551673599999999,09292000
2024-02-22,09292000,0.8353456,09292000
2024-02-23,09292000,0.90330592,09292000
2024-02-24,09292000,0.88631584,09292000
2024-02-25,09292000,0.93728608,09292000
2024-02-26,09292000,0.91746432,09292000
2024-02-27,09292000,0.8325139199999999,09292000
2024-02-28,09292000,0.77588032,09292000
2024-02-29,09292000,0.79570208,09292000
2024-03-01,09292000,0.8070288,09292000
2024-03-02,09292000,0.79853376,09292000
2024-03-03,09292000,0.8211872,09292000
2024-03-04,09292000,0.88914752,09292000
2024-03-05,09292000,0.8466723199999999,09292000
2024-03-06,09292000,0.82401888,09292000
2024-03-07,09292000,0.7617219199999999,09292000
2024-03-08,09292000,0.78437536,09292000
2024-03-09,09292000,0.8070288,09292000
2024-03-10,09292000,0.7617219199999999,09292000
2024-03-11,09292000,0.7362368,09292000
2024-03-12,09292000,0.72491008,09292000
2024-03-13,09292000,0.7192467199999999,09292000
2024-03-14,09292000,0.70792,09292000
2024-03-15,09292000,0.70508832,09292000
2024-03-16,09292000,0.73057344,09292000
2024-03-17,09292000,0.7475635199999999,09292000
2024-03-18,09292000,0.75889024,09292000
2024-03-19,09292000,0.80136544,09292000
2024-03-20,09292000,0.82401888,09292000
2024-03-21,09292000,0.82401888,09292000
2024-03-22,09292000,0.8070288,09292000
2024-03-23,09292000,0.80419712,09292000
2024-03-24,09292000,0.77588032,09292000
2024-03-25,09292000,0.7362368,09292000
2024-03-26,09292000,0.70508832,09292000
2024-03-27,09292000,0.69942496,09292000
2024-03-28,09292000,0.69942496,09292000
2024-03-29,09292000,0.6937616,09292000
2024-03-30,09292000,0.8608307199999999,09292000
2024-03-31,09292000,0.71358336,09292000
2024-04-01,09292000,1.0335632,09292000
2024-04-02,09292000,1.22045408,09292000
2024-04-03,09292000,1.31106784,09292000
2024-04-04,09292000,1.40734496,09292000
2024-04-05,09292000,1.3960182399999999,09292000
2024-04-06,09292000,1.32805792,09292000
2024-04-07,09292000,1.274256,09292000
2024-04-08,09292000,1.25726592,09292000
2024-04-09,09292000,1.2884144,09292000
2024-04-10,09292000,1.3648697600000002,09292000
2024-04-11,09292000,1.4639785600000002,09292000
2024-04-12,09292000,1.6848496,09292000
2024-04-13,09292000,1.9397008,09292000
2024-04-14,09292000,2.15490848,09292000
2024-04-15,09292000,2.15490848,09292000
2024-04-16,09292000,1.97651264,09292000
2024-04-17,09292000,2.16906688,09292000
2024-04-18,09292000,2.30498752,09292000
2024-04-19,09292000,2.29649248,09292000
2024-04-20,09292000,2.2936608,09292000
2024-04-21,09292000,2.38993792,09292000
2024-04-22,09292000,2.83168,09292000
2024-04-23,09292000,3.2281152,09292000
2024-04-24,09292000,3.5112832,09292000
2024-04-25,09292000,3.8510847999999998,09292000
2024-04-26,09292000,3.7661344,09292000
2024-04-27,09292000,3.4546495999999998,09292000
2024-04-28,09292000,2.61647232,09292000
2024-04-29,09292000,1.840592,09292000
2024-04-30,09292000,1.7414832,09292000
2024-05-01,09292000,1.63104768,09292000
2024-05-02,09292000,1.5998992,09292000
2024-05-03,09292000,1.55459232,09292000
2024-05-04,09292000,1.50362208,09292000
2024-05-05,09292000,1.8915622399999998,09292000
2024-05-06,09292000,1.78962176,09292000
2024-05-07,09292000,1.6423744,09292000
2024-05-08,09292000,1.48096864,09292000
2024-05-09,09292000,1.41017664,09292000
2024-05-10,09292000,1.36203808,09292000
2024-05-11,09292000,1.30823616,09292000
2024-05-12,09292000,1.43283008,09292000
2024-05-13,09292000,1.8689088,09292000
2024-05-14,09292000,3.0865312,09292000
2024-05-15,09292000,3.9077184,09292000
2024-05-16,09292000,4.7855392,09292000
2024-05-17,09292000,7.1075168,09292000
2024-05-18,09292000,8.8631584,09292000
2024-05-19,09292000,10.2223648,09292000
2024-05-20,09292000,10.278998399999999,09292000
2024-05-21,09292000,7.362368,09292000
2024-05-22,09292000,5.6350432,09292000
2024-05-23,09292000,4.7572224,09292000
2024-05-24,09292000,4.7572224,09292000
2024-05-25,09292000,5.0403904,09292000
2024-05-26,09292000,4.1908864,09292000
2024-05-27,09292000,4.6439552,09292000
2024-05-28,09292000,7.503952,09292000
2024-05-29,09292000,10.5904832,09292000
2024-05-30,09292000,14.0451328,09292000
2024-05-31,09292000,15.149488,09292000
2024-06-01,09292000,16.423744,09292000
2024-06-02,09292000,16.2255264,09292000
2024-06-03,09292000,15.7441408,09292000
2024-06-04,09292000,16.8768128,09292000
2024-06-05,09292000,21.4924512,09292000
2024-06-06,09292000,23.2764096,09292000
2024-06-07,09292000,24.097596799999998,09292000
2024-06-08,09292000,24.380764799999998,09292000
2024-06-09,09292000,19.0005728,09292000
2024-06-10,09292000,16.0556256,09292000
2024-06-11,09292000,14.9512704,09292000
2024-06-12,09292000,13.818598399999999,09292000
2024-06-13,09292000,13.0823616,09292000
2024-06-14,09292000,11.2984032,09292000
2024-06-15,09292000,9.7409792,09292000
2024-06-16,09292000,8.693257599999999,09292000
2024-06-17,09292000,7.645536,09292000
2024-06-18,09292000,6.8809824,09292000
2024-06-19,09292000,5.2952416,09292000
2024-06-20,09292000,4.4174208,09292000
2024-06-21,09292000,4.9837568,09292000
2024-06-22,09292000,4.8988064,09292000
2024-06-23,09292000,4.530688,09292000
2024-06-24,09292000,4.3324704,09292000
2024-06-25,09292000,4.1342528,09292000
2024-06-26,09292000,4.1625696,09292000
2024-06-27,09292000,3.9077184,09292000
2024-06-28,09292000,3.7095008,09292000
2024-06-29,09292000,3.6528671999999998,09292000
2024-06-30,09292000,3.1997984,09292000
2024-07-01,09292000,2.9449472,09292000
2024-07-02,09292000,2.62496736,09292000
2024-07-03,09292000,2.1718985600000003,09292000
2024-07-04,09292000,1.84908704,09292000
2024-07-05,09292000,1.6140576,09292000
2024-07-06,09292000,1.45548352,09292000
2024-07-07,09292000,1.41584,09292000
2024-07-08,09292000,1.97651264,09292000
2024-07-09,09292000,2.03031456,09292000
2024-07-10,09292000,1.79528512,09292000
2024-07-11,09292000,1.71882976,09292000
2024-07-12,09292000,1.65936448,09292000
2024-07-13,09292000,1.63954272,09292000
2024-07-14,09292000,1.67352288,09292000
2024-07-15,09292000,1.6140576,09292000
2024-07-16,09292000,1.59706752,09292000
2024-07-17,09292000,2.10110656,09292000
2024-07-18,09292000,2.01615616,09292000
2024-07-19,09292000,2.44090816,09292000
2024-07-20,09292000,2.22003712,09292000
2024-07-21,09292000,2.6759376,09292000
2024-07-22,09292000,3.114848,09292000
2024-07-23,09292000,3.0015808,09292000
2024-07-24,09292000,3.0015808,09292000
2024-07-25,09292000,2.9449472,09292000
2024-07-26,09292000,2.8883136,09292000
2024-07-27,09292000,2.82884832,09292000
2024-07-28,09292000,2.4635616,09292000
2024-07-29,09292000,1.9651859200000001,09292000
2024-07-30,09292000,1.911384,09292000
2024-07-31,09292000,1.93686912,09292000
2024-08-01,09292000,1.81793856,09292000
2024-08-02,09292000,1.76696832,09292000
2024-08-03,09292000,1.73298816,09292000
2024-08-04,09292000,1.7839584,09292000
2024-08-05,09292000,1.982176,09292000
2024-08-06,09292000,1.9538592,09292000
2024-08-07,09292000,2.01898784,09292000
2024-08-08,09292000,1.50362208,09292000
2024-08-09,09292000,1.25443424,09292000
2024-08-10,09292000,1.3365529600000001,09292000
2024-08-11,09292000,1.2176224,09292000
2024-08-12,09292000,1.2459392,09292000
2024-08-13,09292000,1.61688928,09292000
2024-08-14,09292000,1.63671104,09292000
2024-08-15,09292000,1.4639785600000002,09292000
2024-08-16,09292000,1.32805792,09292000
2024-08-17,09292000,1.31106784,09292000
2024-08-18,09292000,1.57724576,09292000
2024-08-19,09292000,2.5343535999999998,09292000
2024-08-20,09292000,1.8943939200000002,09292000
2024-08-21,09292000,1.6933446399999998,09292000
2024-08-22,09292000,1.63671104,09292000
2024-08-23,09292000,1.83209696,09292000
2024-08-24,09292000,2.05013632,09292000
2024-08-25,09292000,2.4097596799999996,09292000
2024-08-26,09292000,2.71274944,09292000
2024-08-27,09292000,2.0699580799999997,09292000
2024-08-28,09292000,1.8207702399999999,09292000
2024-08-29,09292000,1.7641366399999998,09292000
2024-08-30,09292000,1.48096864,09292000
2024-08-31,09292000,1.39318656,09292000
2024-09-01,09292000,1.3138995199999999,09292000
2024-09-02,09292000,1.2600976,09292000
2024-09-03,09292000,1.43283008,09292000
2024-09-04,09292000,1.9283740799999998,09292000
2024-09-05,09292000,1.46964192,09292000
2024-09-06,09292000,1.34221632,09292000
2024-09-07,09292000,1.28275104,09292000
2024-09-08,09292000,1.2374441600000001,09292000
2024-09-09,09292000,1.274256,09292000
2024-09-10,09292000,1.2374441600000001,09292000
2024-09-11,09292000,1.24310752,09292000
2024-09-12,09292000,1.1468304,09292000
2024-09-13,09292000,1.0986918399999999,09292000
2024-09-14,09292000,1.12984032,09292000
2024-09-15,09292000,1.12134528,09292000
2024-09-16,09292000,1.09302848,09292000
2024-09-17,09292000,1.07320672,09292000
2024-09-18,09292000,1.07887008,09292000
2024-09-19,09292000,1.0222364800000001,09292000
2024-09-20,09292000,0.9854246399999999,09292000
2024-09-21,09292000,1.1694838399999998,09292000
2024-09-22,09292000,1.4384934399999998,09292000
2024-09-23,09292000,1.37902816,09292000
2024-09-24,09292000,1.345048,09292000
2024-09-25,09292000,1.3167312,09292000
2024-09-26,09292000,1.2884144,09292000
2024-09-27,09292000,1.25443424,09292000
2024-09-28,09292000,1.2374441600000001,09292000
2024-09-29,09292000,1.22611744,09292000
2024-09-30,09292000,1.21195904,09292000
2024-10-01,09292000,1.1751472,09292000
2024-10-02,09292000,1.15815712,09292000
2024-10-03,09292000,1.1383353600000001,09292000
2024-10-04,09292000,1.1156819199999999,09292000
2024-10-05,09292000,1.10152352,09292000
2024-10-06,09292000,1.0760384,09292000
2024-10-07,09292000,1.0703750399999998,09292000
2024-10-08,09292000,1.06471168,09292000
2024-10-09,09292000,1.05621664,09292000
2024-10-10,09292000,1.0420582399999998,09292000
2024-10-11,09292000,1.03073152,09292000
2024-10-12,09292000,1.01374144,09292000
2024-10-13,09292000,0.9995830399999999,09292000
2024-10-14,09292000,0.991088,09292000
2024-10-15,09292000,0.9854246399999999,09292000
2024-10-16,09292000,1.00807808,09292000
2024-10-17,09292000,1.23461248,09292000
2024-10-18,09292000,1.4441568,09292000
2024-10-19,09292000,1.3365529600000001,09292000
2024-10-20,09292000,1.3733648,09292000
2024-10-21,09292000,1.2600976,09292000
2024-10-22,09292000,1.274256,09292000
2024-10-23,09292000,1.2402758399999998,09292000
2024-10-24,09292000,1.25443424,09292000
2024-10-25,09292000,1.18081056,09292000
2024-10-26,09292000,1.1666521600000002,09292000
2024-10-27,09292000,1.1468304,09292000
2024-10-28,09292000,1.16382048,09292000
2024-10-29,09292000,1.25726592,09292000
2024-10-30,09292000,1.18081056,09292000
2024-10-31,09292000,1.1411670399999998,09292000
2024-11-01,09292000,1.1666521600000002,09292000
2024-11-02,09292000,1.12417696,09292000
2024-11-03,09292000,1.12984032,09292000
2024-11-04,09292000,0.9825929600000001,09292000
2024-11-05,09292000,1.47813696,09292000
2024-11-06,09292000,1.58007744,09292000
2024-11-07,09292000,1.4724736,09292000
2024-11-08,09292000,1.59140416,09292000
2024-11-09,09292000,1.6338793600000001,09292000
2024-11-10,09292000,1.5715824,09292000
2024-11-11,09292000,1.55176064,09292000
2024-11-12,09292000,1.57441408,09292000
2024-11-13,09292000,1.47813696,09292000
2024-11-14,09292000,1.53760224,09292000
2024-11-15,09292000,1.49229536,09292000
2024-11-16,09292000,1.4384934399999998,09292000
2024-11-17,09292000,1.24310752,09292000
2024-11-18,09292000,0.9146326399999999,09292000
2024-11-19,09292000,0.79853376,09292000
2024-11-20,09292000,0.75889024,09292000
2024-11-21,09292000,0.8070288,09292000
2024-11-22,09292000,0.8211872,09292000
2024-11-23,09292000,0.86932576,09292000
2024-11-24,09292000,0.8353456,09292000
2024-11-25,09292000,0.69659328,09292000
2024-11-26,09292000,0.8466723199999999,09292000
2024-11-27,09292000,0.79570208,09292000
2024-11-28,09292000,0.71358336,09292000
2024-11-29,09292000,0.73057344,09292000
2024-11-30,09292000,0.7673852800000001,09292000
2024-12-01,09292000,0.79570208,09292000
2024-12-02,09292000,0.7192467199999999,09292000
2024-12-03,09292000,0.7730486400000001,09292000
2024-12-04,09292000,0.7617219199999999,09292000
2024-12-05,09292000,0.75889024,09292000
2024-12-06,09292000,0.70792,09292000
2024-12-07,09292000,0.70225664,09292000
2024-12-08,09292000,0.72491008,09292000
2024-12-09,09292000,0.69092992,09292000
2024-12-10,09292000,0.6937616,09292000
2024-12-11,09292000,0.74473184,09292000
2024-12-12,09292000,0.6824348800000001,09292000
2024-12-13,09292000,0.7192467199999999,09292000
2024-12-14,09292000,0.65411808,09292000
2024-12-15,09292000,0.6937616,09292000
2024-12-16,09292000,0.68526656,09292000
2024-12-17,09292000,0.70792,09292000
2024-12-18,09292000,0.6512864,09292000
2024-12-19,09292000,0.68526656,09292000
2024-12-20,09292000,0.6229696,09292000
2024-12-21,09292000,0.6682764800000001,09292000
2024-12-22,09292000,0.6626131199999999,09292000
2024-12-23,09292000,0.6654448,09292000
2024-12-24,09292000,0.6569497599999999,09292000
2024-12-25,09292000,0.6796032,09292000
2024-12-26,09292000,0.6796032,09292000
2024-12-27,09292000,0.7192467199999999,09292000
2024-12-28,09292000,0.69942496,09292000
2024-12-29,09292000,0.72774176,09292000
2024-12-30,09292000,0.70508832,09292000
2024-12-31,09292000,0.6427913599999999,09292000
