M-D,M,D,1981_SWE_in,1982_SWE_in,1983_SWE_in,1984_SWE_in,1985_SWE_in,1986_SWE_in,1987_SWE_in,1988_SWE_in,1989_SWE_in,1990_SWE_in,1991_SWE_in,1992_SWE_in,1993_SWE_in,1994_SWE_in,1995_SWE_in,1996_SWE_in,1997_SWE_in,1998_SWE_in,1999_SWE_in,2000_SWE_in,2001_SWE_in,2002_SWE_in,2003_SWE_in,2004_SWE_in,2005_SWE_in,2006_SWE_in,2007_SWE_in,2008_SWE_in,2009_SWE_in,2010_SWE_in,2011_SWE_in,2012_SWE_in,2013_SWE_in,2014_SWE_in,2015_SWE_in,2016_SWE_in,2017_SWE_in,2018_SWE_in,2019_SWE_in,2020_SWE_in,2021_SWE_in,2022_SWE_in,2023_SWE_in,2024_SWE_in,2025_SWE_in,2026_SWE_in,min,Q10,Q25,mean,median,Q75,Q90,max,date
10-01,10,1,0.0,0.0,0.050800027432,0.0,0.0,0.0,0.0,0.0,0.0,0.0,0.0,0.0,0.0,0.0,0.0,0.0,0.0,0.0,0.0,0.0,0.0,0.0,0.007600004103999999,0.0,0.0,0.0,0.0,0.010200005508000001,0.0,0.005100002754000001,0.0,0.0,0.0,0.0,0.012700006858,0.0,0.0,0.027900015065999997,0.0,0.0,0.0,0.0,0.0,0.0,0.0,0.0,0.0,0.0,0.0,0.0024847839504782607,0.0,0.0,0.006350003429,0.050800027432,2023-10-01
10-02,10,2,0.0,0.0,0.0,0.0,0.0,0.0,0.0,0.0,0.0,0.0,0.0,0.0,0.0,0.0,0.0,0.0,0.0,0.0,0.0,0.0,0.0,0.0,0.020300010961999997,0.0,0.0,0.0,0.0,0.017800009611999998,0.0,0.005100002754000001,0.0,0.0,0.0,0.0,0.015200008207999998,0.0,0.0,0.022900012366000002,0.0,0.0,0.0,0.0,0.0,0.010200005508000001,0.0,0.0,0.0,0.0,0.0,0.001989131508913043,0.0,0.0,0.007650004131000001,0.022900012366000002,2023-10-02
10-03,10,3,0.0,0.0,0.0,0.0,0.0,0.0,0.0,0.0,0.0,0.0,0.0,0.0,0.0,0.0,0.015200008207999998,0.0,0.0,0.0,0.0,0.0,0.0,0.0,0.025400013716,0.0,0.0,0.0,0.005100002754000001,0.015200008207999998,0.0,0.00250000135,0.0,0.0,0.0,0.0,0.012700006858,0.0,0.015200008207999998,0.025400013716,0.0,0.0,0.0,0.0,0.0,0.020300010961999997,0.0,0.0,0.0,0.0,0.0,0.002978262477826087,0.0,0.0,0.015200008207999998,0.025400013716,2023-10-03
10-04,10,4,0.0,0.0,0.0,0.0,0.0,0.0,0.0,0.0,0.0,0.0,0.0,0.0,0.0,0.0,0.038100020574,0.007600004103999999,0.0,0.0,0.0,0.0,0.0,0.0,0.025400013716,0.0,0.0,0.0,0.0,0.012700006858,0.0,0.0,0.0,0.0,0.0,0.0,0.007600004103999999,0.0,0.015200008207999998,0.025400013716,0.0,0.0,0.0,0.0,0.0,0.020300010961999997,0.0,0.0,0.0,0.0,0.0,0.0033108713530869568,0.0,0.0,0.013950007532999999,0.038100020574,2023-10-04
10-05,10,5,0.0,0.0,0.0,0.0,0.0,0.0,0.0,0.0,0.0,0.0,0.0,0.0,0.0,0.0,0.048300026082,0.015200008207999998,0.0,0.0,0.005100002754000001,0.0,0.0,0.0,0.022900012366000002,0.0,0.0,0.007600004103999999,0.010200005508000001,0.0,0.00250000135,0.007600004103999999,0.0,0.010200005508000001,0.0,0.0,0.0,0.0,0.015200008207999998,0.020300010961999997,0.0,0.0,0.0,0.0,0.0,0.015200008207999998,0.0,0.005100002754000001,0.0,0.0,0.0,0.004030436959043478,0.0,0.004450002403,0.015200008207999998,0.048300026082,2023-10-05
10-06,10,6,0.0,0.0,0.0,0.0,0.0,0.0,0.0,0.0,0.0,0.0,0.0,0.0,0.0,0.0,0.06100003294,0.017800009611999998,0.0,0.0,0.005100002754000001,0.0,0.0,0.0,0.022900012366000002,0.0,0.0,0.007600004103999999,0.00250000135,0.025400013716,0.0,0.007600004103999999,0.005100002754000001,0.038100020574,0.0,0.0,0.0,0.0,0.017800009611999998,0.020300010961999997,0.0,0.0,0.0,0.0,0.0,0.0,0.0,0.0,0.0,0.0,0.0,0.005026089670608695,0.0,0.0018750010125,0.019050010287,0.06100003294,2023-10-06
10-07,10,7,0.0,0.0,0.0,0.0,0.0,0.0,0.0,0.0,0.0,0.0,0.0,0.0,0.0,0.0,0.06600003564,0.017800009611999998,0.0,0.0,0.0,0.0,0.0,0.0,0.017800009611999998,0.0,0.0,0.005100002754000001,0.017800009611999998,0.035600019223999996,0.0,0.007600004103999999,0.010200005508000001,0.053300028782,0.0,0.0,0.0,0.0,0.017800009611999998,0.020300010961999997,0.005100002754000001,0.0,0.0,0.027900015065999997,0.0,0.0,0.0,0.0,0.0,0.0,0.0,0.006571742679173913,0.0,0.005100002754000001,0.019050010287,0.06600003564,2023-10-07
10-08,10,8,0.0,0.0,0.0,0.0,0.0,0.0,0.0,0.0,0.0,0.0,0.0,0.0,0.0,0.0,0.06350003429000001,0.017800009611999998,0.0,0.010200005508000001,0.0,0.0,0.0,0.0,0.015200008207999998,0.0,0.0,0.0,0.015200008207999998,0.035600019223999996,0.0,0.007600004103999999,0.017800009611999998,0.06100003294,0.0,0.0,0.0,0.0,0.015200008207999998,0.017800009611999998,0.005100002754000001,0.0,0.0,0.027900015065999997,0.0,0.0,0.0,0.0,0.0,0.0,0.0,0.006736960159695651,0.0,0.006975003766499999,0.017800009611999998,0.06350003429000001,2023-10-08
10-09,10,9,0.0,0.0,0.0,0.0,0.0,0.0,0.0,0.0,0.0,0.0,0.0,0.0,0.0,0.005100002754000001,0.06100003294,0.017800009611999998,0.0,0.005100002754000001,0.0,0.0,0.0,0.007600004103999999,0.012700006858,0.0,0.0,0.0,0.015200008207999998,0.03300001782,0.0,0.007600004103999999,0.015200008207999998,0.06350003429000001,0.0,0.0,0.0,0.0,0.012700006858,0.015200008207999998,0.005100002754000001,0.0,0.0,0.040600021923999995,0.0,0.0,0.0,0.0,0.0,0.0,0.0,0.006900003725999999,0.0,0.006975003766499999,0.01650000891,0.06350003429000001,2023-10-09
10-10,10,10,0.0,0.0,0.0,0.0,0.0,0.0,0.0,0.0,0.0,0.0,0.0,0.0,0.0,0.010200005508000001,0.06100003294,0.017800009611999998,0.0,0.005100002754000001,0.0,0.0,0.0,0.007600004103999999,0.010200005508000001,0.0,0.0,0.0,0.03050001647,0.03300001782,0.0,0.007600004103999999,0.015200008207999998,0.06100003294,0.0,0.0,0.0,0.0,0.010200005508000001,0.012700006858,0.010200005508000001,0.0,0.0,0.040600021923999995,0.0,0.0,0.0,0.0,0.0,0.0,0.0,0.007236960429695652,0.0,0.009550005157,0.024150013041,0.06100003294,2023-10-10
10-11,10,11,0.0,0.0,0.0,0.0,0.0,0.0,0.0,0.0,0.0,0.0,0.0,0.0,0.0,0.010200005508000001,0.058400031536,0.010200005508000001,0.0,0.00250000135,0.0,0.0,0.040600021923999995,0.007600004103999999,0.010200005508000001,0.0,0.0,0.0,0.027900015065999997,0.027900015065999997,0.0,0.007600004103999999,0.012700006858,0.06350003429000001,0.0,0.017800009611999998,0.0,0.0,0.012700006858,0.012700006858,0.012700006858,0.0,0.0,0.040600021923999995,0.0,0.0,0.0,0.0,0.0,0.0,0.0,0.00816956962895652,0.0,0.010200005508000001,0.027900015065999997,0.06350003429000001,2023-10-11
10-12,10,12,0.0,0.0,0.0,0.0,0.0,0.0,0.0,0.0,0.0,0.0,0.0,0.0,0.0,0.015200008207999998,0.055900030186,0.00250000135,0.0,0.007600004103999999,0.0,0.0,0.055900030186,0.020300010961999997,0.007600004103999999,0.0,0.0,0.0,0.027900015065999997,0.025400013716,0.007600004103999999,0.017800009611999998,0.00250000135,0.06100003294,0.0,0.012700006858,0.0,0.0,0.012700006858,0.010200005508000001,0.010200005508000001,0.0,0.007600004103999999,0.040600021923999995,0.0,0.007600004103999999,0.0,0.00250000135,0.0,0.0,0.0,0.008941309176130435,0.0,0.010200005508000001,0.026650014391,0.06100003294,2023-10-12
10-13,10,13,0.0,0.0,0.0,0.0,0.0,0.0,0.0,0.0,0.0,0.0,0.0,0.0,0.0,0.015200008207999998,0.053300028782,0.0,0.0,0.012700006858,0.0,0.0,0.055900030186,0.020300010961999997,0.005100002754000001,0.0,0.0,0.0,0.027900015065999997,0.025400013716,0.007600004103999999,0.017800009611999998,0.0,0.058400031536,0.010200005508000001,0.020300010961999997,0.0,0.0,0.007600004103999999,0.010200005508000001,0.010200005508000001,0.0,0.005100002754000001,0.050800027432,0.0,0.015200008207999998,0.0,0.0,0.0,0.0,0.0,0.009330439821043479,0.0,0.0120750065205,0.026650014391,0.058400031536,2023-10-13
10-14,10,14,0.0,0.0,0.0,0.0,0.0,0.0,0.0,0.0,0.0,0.0,0.0,0.0,0.0,0.015200008207999998,0.053300028782,0.0,0.0,0.012700006858,0.0,0.0,0.055900030186,0.020300010961999997,0.00250000135,0.0,0.0,0.0,0.027900015065999997,0.025400013716,0.007600004103999999,0.027900015065999997,0.0,0.055900030186,0.012700006858,0.03050001647,0.0,0.0,0.005100002754000001,0.010200005508000001,0.010200005508000001,0.0,0.00250000135,0.050800027432,0.0,0.012700006858,0.0,0.005100002754000001,0.0,0.0,0.0,0.00966087478208696,0.0,0.012700006858,0.029200015768,0.055900030186,2023-10-14
10-15,10,15,0.0,0.0,0.0,0.0,0.0,0.0,0.0,0.0,0.0,0.0,0.0,0.0,0.0,0.015200008207999998,0.058400031536,0.0,0.0,0.012700006858,0.0,0.0,0.055900030186,0.020300010961999997,0.00250000135,0.0,0.0,0.0,0.027900015065999997,0.025400013716,0.007600004103999999,0.040600021923999995,0.0,0.053300028782,0.010200005508000001,0.03050001647,0.0,0.0,0.0,0.015200008207999998,0.010200005508000001,0.0,0.0,0.050800027432,0.0,0.005100002754000001,0.0,0.005100002754000001,0.0,0.0,0.0,0.00971522263752174,0.0,0.0120750065205,0.035550019196999995,0.058400031536,2023-10-15
10-16,10,16,0.0,0.0,0.0,0.0,0.0,0.0,0.0,0.0,0.0,0.0,0.0,0.0,0.0,0.027900015065999997,0.073700039798,0.0,0.0,0.012700006858,0.0,0.007600004103999999,0.055900030186,0.020300010961999997,0.00250000135,0.0,0.0,0.0,0.027900015065999997,0.025400013716,0.007600004103999999,0.040600021923999995,0.0,0.048300026082,0.007600004103999999,0.03050001647,0.0,0.0,0.0,0.015200008207999998,0.010200005508000001,0.0,0.0,0.050800027432,0.0,0.0,0.0,0.007600004103999999,0.0,0.0,0.0,0.010267396848739133,0.0,0.0120750065205,0.035550019196999995,0.073700039798,2023-10-16
10-17,10,17,0.0,0.0,0.0,0.0,0.0,0.0,0.0,0.0,0.0,0.0,0.00250000135,0.0,0.0,0.027900015065999997,0.078700042498,0.0,0.0,0.010200005508000001,0.0,0.007600004103999999,0.055900030186,0.020300010961999997,0.0,0.0,0.0,0.0,0.035600019223999996,0.035600019223999996,0.005100002754000001,0.040600021923999995,0.0,0.048300026082,0.0,0.03050001647,0.0,0.0,0.0,0.012700006858,0.010200005508000001,0.0,0.0,0.050800027432,0.0,0.0,0.0,0.03050001647,0.0,0.0,0.0,0.010934788513478262,0.0,0.0120750065205,0.038100020574,0.078700042498,2023-10-17
10-18,10,18,0.0,0.0,0.0,0.0,0.0,0.0,0.0,0.0,0.0,0.0,0.00250000135,0.0,0.0,0.040600021923999995,0.09140004935599999,0.0,0.0,0.00250000135,0.0,0.0,0.055900030186,0.020300010961999997,0.0,0.0,0.005100002754000001,0.0,0.038100020574,0.043200023328,0.0,0.040600021923999995,0.0,0.048300026082,0.0,0.03050001647,0.0,0.0,0.012700006858,0.010200005508000001,0.015200008207999998,0.0,0.0,0.050800027432,0.0,0.0,0.020300010961999997,0.027900015065999997,0.0,0.0,0.0,0.012089136962913041,0.0,0.0190250102735,0.041900022626,0.09140004935599999,2023-10-18
10-19,10,19,0.0,0.0,0.0,0.0,0.0,0.0,0.0,0.0,0.0,0.0,0.017800009611999998,0.0,0.0,0.040600021923999995,0.09140004935599999,0.0,0.0,0.0,0.0,0.0,0.050800027432,0.015200008207999998,0.0,0.0,0.025400013716,0.0,0.038100020574,0.045700024677999995,0.0,0.040600021923999995,0.0,0.048300026082,0.0,0.03050001647,0.0,0.0,0.017800009611999998,0.007600004103999999,0.015200008207999998,0.0,0.0,0.06100003294,0.0,0.0,0.03050001647,0.025400013716,0.0,0.0,0.0,0.013084789674478261,0.0,0.023500012690000002,0.043150023301,0.09140004935599999,2023-10-19
10-20,10,20,0.0,0.0,0.0,0.0,0.0,0.0,0.0,0.0,0.0,0.0,0.025400013716,0.0,0.0,0.040600021923999995,0.09140004935599999,0.0,0.007600004103999999,0.0,0.0,0.0,0.050800027432,0.012700006858,0.0,0.0,0.045700024677999995,0.0,0.040600021923999995,0.045700024677999995,0.0,0.035600019223999996,0.0,0.048300026082,0.0,0.03050001647,0.0,0.0,0.017800009611999998,0.005100002754000001,0.012700006858,0.022900012366000002,0.0,0.068600037044,0.0,0.0,0.03050001647,0.027900015065999997,0.0,0.0,0.0,0.014356529491652172,0.0,0.027275014728499997,0.045700024677999995,0.09140004935599999,2023-10-20
10-21,10,21,0.0,0.0,0.0,0.0,0.0,0.0,0.0,0.0,0.0,0.0,0.025400013716,0.0,0.0,0.040600021923999995,0.09140004935599999,0.0,0.010200005508000001,0.0,0.0,0.0,0.048300026082,0.007600004103999999,0.0,0.0,0.09140004935599999,0.0,0.050800027432,0.058400031536,0.0,0.035600019223999996,0.0,0.048300026082,0.0,0.03050001647,0.0,0.0,0.012700006858,0.0,0.007600004103999999,0.027900015065999997,0.0,0.068600037044,0.0,0.0,0.03300001782,0.025400013716,0.0,0.0,0.0,0.015515225769521735,0.0,0.027275014728499997,0.049550026757,0.09140004935599999,2023-10-21
10-22,10,22,0.0,0.0,0.0,0.0,0.0,0.0,0.0,0.0,0.0,0.010200005508000001,0.025400013716,0.0,0.0,0.040600021923999995,0.088900048006,0.0,0.012700006858,0.0,0.0,0.0,0.055900030186,0.005100002754000001,0.0,0.0,0.111800060372,0.0,0.050800027432,0.058400031536,0.0,0.035600019223999996,0.0,0.048300026082,0.0,0.03050001647,0.0,0.0,0.005100002754000001,0.0,0.005100002754000001,0.03300001782,0.0,0.06600003564,0.0,0.0,0.03300001782,0.025400013716,0.0,0.0,0.0,0.016126095664608694,0.0,0.0292250157815,0.053350028809,0.111800060372,2023-10-22
10-23,10,23,0.0,0.0,0.0,0.0,0.0,0.0,0.0,0.0,0.0,0.007600004103999999,0.025400013716,0.0,0.0,0.040600021923999995,0.088900048006,0.005100002754000001,0.012700006858,0.0,0.0,0.0,0.058400031536,0.0,0.0,0.0,0.116800063072,0.0,0.050800027432,0.058400031536,0.0,0.035600019223999996,0.00250000135,0.048300026082,0.025400013716,0.03050001647,0.0,0.0,0.0,0.0,0.010200005508000001,0.035600019223999996,0.0,0.06600003564,0.015200008207999998,0.0,0.03300001782,0.027900015065999997,0.0,0.0,0.0,0.01728044411404348,0.0,0.029850016118999997,0.054600029484,0.116800063072,2023-10-23
10-24,10,24,0.0,0.0,0.0,0.0,0.0,0.0,0.0,0.0,0.0,0.007600004103999999,0.025400013716,0.005100002754000001,0.0,0.040600021923999995,0.08380004525200001,0.005100002754000001,0.012700006858,0.005100002754000001,0.0,0.0,0.058400031536,0.0,0.012700006858,0.0,0.12450006723,0.0,0.050800027432,0.058400031536,0.0,0.035600019223999996,0.005100002754000001,0.048300026082,0.025400013716,0.03050001647,0.0,0.0,0.0,0.0,0.010200005508000001,0.043200023328,0.0,0.068600037044,0.017800009611999998,0.0,0.027900015065999997,0.025400013716,0.0,0.0,0.0,0.018004357548434782,0.005100002754000001,0.027275014728499997,0.054600029484,0.12450006723,2023-10-24
10-25,10,25,0.0,0.0,0.0,0.0,0.0,0.0,0.0,0.0,0.0,0.005100002754000001,0.025400013716,0.005100002754000001,0.0,0.040600021923999995,0.08380004525200001,0.005100002754000001,0.022900012366000002,0.007600004103999999,0.0,0.0,0.058400031536,0.0,0.015200008207999998,0.0,0.12950006993,0.0,0.050800027432,0.058400031536,0.0,0.038100020574,0.045700024677999995,0.048300026082,0.020300010961999997,0.027900015065999997,0.0,0.0,0.0,0.0,0.010200005508000001,0.048300026082,0.0,0.07110003839399999,0.020300010961999997,0.0,0.022900012366000002,0.027900015065999997,0.0,0.0,0.0,0.019323923478391306,0.005100002754000001,0.027900015065999997,0.054600029484,0.12950006993,2023-10-25
10-26,10,26,0.0,0.0,0.0,0.0,0.0,0.0,0.0,0.0,0.0,0.007600004103999999,0.025400013716,0.010200005508000001,0.0,0.040600021923999995,0.08380004525200001,0.010200005508000001,0.03050001647,0.010200005508000001,0.012700006858,0.0,0.058400031536,0.0,0.015200008207999998,0.0,0.147300079542,0.0,0.055900030186,0.058400031536,0.0,0.040600021923999995,0.06350003429000001,0.048300026082,0.03050001647,0.027900015065999997,0.0,0.0,0.0,0.0,0.010200005508000001,0.048300026082,0.00250000135,0.08380004525200001,0.022900012366000002,0.00250000135,0.027900015065999997,0.027900015065999997,0.0,0.0,0.0,0.02180870742886957,0.010200005508000001,0.03050001647,0.058400031536,0.147300079542,2023-10-26
10-27,10,27,0.0,0.0,0.0,0.0,0.0,0.0,0.0,0.0,0.0,0.017800009611999998,0.025400013716,0.020300010961999997,0.0,0.040600021923999995,0.08380004525200001,0.010200005508000001,0.03300001782,0.012700006858,0.020300010961999997,0.0,0.058400031536,0.0,0.015200008207999998,0.0,0.149900080946,0.0,0.058400031536,0.058400031536,0.0,0.045700024677999995,0.078700042498,0.048300026082,0.03300001782,0.027900015065999997,0.0,0.0,0.0,0.0,0.012700006858,0.045700024677999995,0.010200005508000001,0.086400046656,0.027900015065999997,0.00250000135,0.027900015065999997,0.040600021923999995,0.0,0.0,0.0,0.023736969339695654,0.012700006858,0.038700020897999995,0.058400031536,0.149900080946,2023-10-27
10-28,10,28,0.0,0.0,0.0,0.0,0.0,0.0,0.0,0.0,0.0,0.025400013716,0.025400013716,0.027900015065999997,0.010200005508000001,0.040600021923999995,0.08380004525200001,0.012700006858,0.03300001782,0.015200008207999998,0.027900015065999997,0.0,0.076200041148,0.0,0.015200008207999998,0.0,0.170200091908,0.0,0.058400031536,0.058400031536,0.0,0.045700024677999995,0.076200041148,0.048300026082,0.035600019223999996,0.03300001782,0.005100002754000001,0.0,0.0,0.0,0.012700006858,0.045700024677999995,0.012700006858,0.086400046656,0.027900015065999997,0.010200005508000001,0.027900015065999997,0.048300026082,0.0,0.0,0.0,0.026004361868434786,0.013950007532999999,0.03935002124899999,0.06730003634199999,0.170200091908,2023-10-28
10-29,10,29,0.0,0.0,0.0,0.0,0.0,0.0,0.0,0.0,0.0,0.025400013716,0.025400013716,0.027900015065999997,0.012700006858,0.040600021923999995,0.078700042498,0.012700006858,0.050800027432,0.015200008207999998,0.025400013716,0.015200008207999998,0.08380004525200001,0.0,0.020300010961999997,0.0,0.18290009876600002,0.010200005508000001,0.058400031536,0.058400031536,0.0,0.048300026082,0.078700042498,0.048300026082,0.03300001782,0.045700024677999995,0.005100002754000001,0.00250000135,0.0,0.0,0.012700006858,0.050800027432,0.010200005508000001,0.086400046656,0.027900015065999997,0.020300010961999997,0.03050001647,0.045700024677999995,0.0,0.0,0.0,0.02804566731856522,0.017750009584999997,0.045700024677999995,0.06855003701699999,0.18290009876600002,2023-10-29
10-30,10,30,0.0,0.0,0.0,0.0,0.0,0.0,0.0,0.0,0.0,0.025400013716,0.025400013716,0.027900015065999997,0.025400013716,0.040600021923999995,0.076200041148,0.012700006858,0.053300028782,0.017800009611999998,0.040600021923999995,0.017800009611999998,0.08380004525200001,0.0,0.03300001782,0.0,0.18540010011600003,0.010200005508000001,0.058400031536,0.055900030186,0.0,0.050800027432,0.078700042498,0.048300026082,0.03300001782,0.045700024677999995,0.005100002754000001,0.00250000135,0.0,0.0,0.010200005508000001,0.055900030186,0.0,0.086400046656,0.027900015065999997,0.022900012366000002,0.048300026082,0.045700024677999995,0.0,0.0,0.0,0.0293739289053913,0.024150013041,0.047650025730999995,0.06730003634199999,0.18540010011600003,2023-10-30
10-31,10,31,0.0,0.0,0.0,0.0,0.0,0.0,0.0,0.0,0.0,0.027900015065999997,0.025400013716,0.035600019223999996,0.040600021923999995,0.040600021923999995,0.073700039798,0.012700006858,0.053300028782,0.020300010961999997,0.043200023328,0.017800009611999998,0.109200058968,0.012700006858,0.03300001782,0.0,0.18800010152,0.010200005508000001,0.058400031536,0.06100003294,0.0,0.058400031536,0.086400046656,0.048300026082,0.03300001782,0.048300026082,0.005100002754000001,0.00250000135,0.0,0.0,0.010200005508000001,0.058400031536,0.0,0.086400046656,0.027900015065999997,0.025400013716,0.048300026082,0.045700024677999995,0.0,0.0,0.0,0.03147610395360869,0.025400013716,0.048300026082,0.067350036369,0.18800010152,2023-10-31
11-01,11,1,0.0,0.0,0.0,0.0,0.0,0.0,0.0,0.0,0.0,0.03050001647,0.027900015065999997,0.035600019223999996,0.06350003429000001,0.040600021923999995,0.076200041148,0.017800009611999998,0.06100003294,0.03300001782,0.043200023328,0.017800009611999998,0.12190006582599998,0.020300010961999997,0.03300001782,0.015200008207999998,0.19050010287,0.012700006858,0.058400031536,0.06100003294,0.0,0.06100003294,0.086400046656,0.048300026082,0.03300001782,0.050800027432,0.005100002754000001,0.00250000135,0.010200005508000001,0.0,0.010200005508000001,0.058400031536,0.0,0.086400046656,0.027900015065999997,0.025400013716,0.050800027432,0.045700024677999995,0.0,0.0,0.0006250003375,0.03396088790408695,0.027900015065999997,0.050800027432,0.069850037719,0.19050010287,2023-11-01
11-02,11,2,0.0,0.0,0.0,0.0,0.0,0.0,0.0,0.0,0.0,0.03050001647,0.035600019223999996,0.045700024677999995,0.07110003839399999,0.040600021923999995,0.076200041148,0.017800009611999998,0.06100003294,0.03300001782,0.043200023328,0.017800009611999998,0.12450006723,0.020300010961999997,0.03300001782,0.022900012366000002,0.19050010287,0.012700006858,0.058400031536,0.06100003294,0.0,0.06100003294,0.08380004525200001,0.053300028782,0.03300001782,0.050800027432,0.027900015065999997,0.00250000135,0.010200005508000001,0.0,0.022900012366000002,0.058400031536,0.0,0.086400046656,0.027900015065999997,0.025400013716,0.050800027432,0.045700024677999995,0.0,0.0,0.0006250003375,0.035560888768086954,0.029200015768,0.0526750284445,0.07365003977099999,0.19050010287,2023-11-02
11-03,11,3,0.0,0.0,0.0,0.0,0.0,0.0,0.0,0.0,0.0,0.03300001782,0.035600019223999996,0.048300026082,0.088900048006,0.040600021923999995,0.086400046656,0.017800009611999998,0.06100003294,0.03300001782,0.043200023328,0.017800009611999998,0.12450006723,0.020300010961999997,0.03300001782,0.025400013716,0.19050010287,0.012700006858,0.058400031536,0.06100003294,0.017800009611999998,0.06100003294,0.08380004525200001,0.06100003294,0.03300001782,0.050800027432,0.027900015065999997,0.00250000135,0.010200005508000001,0.0,0.022900012366000002,0.058400031536,0.0,0.09140004935599999,0.053300028782,0.025400013716,0.055900030186,0.045700024677999995,0.0,0.0,0.004425002389500001,0.03766088990208695,0.03300001782,0.0577750311985,0.085100045954,0.19050010287,2023-11-03
11-04,11,4,0.0,0.0,0.0,0.0,0.0,0.0,0.0,0.0,0.0,0.035600019223999996,0.035600019223999996,0.050800027432,0.09140004935599999,0.040600021923999995,0.086400046656,0.017800009611999998,0.06100003294,0.03300001782,0.043200023328,0.017800009611999998,0.12450006723,0.020300010961999997,0.03300001782,0.03050001647,0.18540010011600003,0.015200008207999998,0.058400031536,0.06350003429000001,0.022900012366000002,0.06100003294,0.08380004525200001,0.06100003294,0.035600019223999996,0.048300026082,0.027900015065999997,0.005100002754000001,0.007600004103999999,0.00250000135,0.022900012366000002,0.058400031536,0.0,0.09140004935599999,0.053300028782,0.025400013716,0.055900030186,0.045700024677999995,0.0,0.0,0.0057250030915000005,0.038102194488217396,0.03300001782,0.0577750311985,0.085100045954,0.18540010011600003,2023-11-04
11-05,11,5,0.0,0.0,0.0,0.0,0.0,0.0,0.0,0.0,0.0,0.035600019223999996,0.038100020574,0.050800027432,0.09140004935599999,0.040600021923999995,0.088900048006,0.017800009611999998,0.068600037044,0.03300001782,0.043200023328,0.017800009611999998,0.12450006723,0.020300010961999997,0.035600019223999996,0.035600019223999996,0.18540010011600003,0.03050001647,0.058400031536,0.06350003429000001,0.03050001647,0.06100003294,0.08380004525200001,0.068600037044,0.035600019223999996,0.050800027432,0.027900015065999997,0.005100002754000001,0.007600004103999999,0.010200005508000001,0.03300001782,0.058400031536,0.0,0.088900048006,0.055900030186,0.025400013716,0.058400031536,0.045700024677999995,0.0,0.0,0.008250004455,0.03970436926643478,0.035600019223999996,0.058400031536,0.086350046629,0.18540010011600003,2023-11-05
11-06,11,6,0.0,0.0,0.0,0.0,0.0,0.0,0.0,0.0,0.0,0.040600021923999995,0.040600021923999995,0.055900030186,0.09140004935599999,0.040600021923999995,0.09650005211,0.017800009611999998,0.076200041148,0.03300001782,0.053300028782,0.017800009611999998,0.13210007133399998,0.020300010961999997,0.035600019223999996,0.035600019223999996,0.18540010011600003,0.035600019223999996,0.058400031536,0.06350003429000001,0.03050001647,0.06100003294,0.08130004390199999,0.068600037044,0.043200023328,0.050800027432,0.027900015065999997,0.007600004103999999,0.005100002754000001,0.022900012366000002,0.03050001647,0.058400031536,0.0,0.088900048006,0.06600003564,0.025400013716,0.068600037044,0.045700024677999995,0.0,0.0,0.010150005480999999,0.04157828332182608,0.035600019223999996,0.060350032589,0.085100045954,0.18540010011600003,2023-11-06
11-07,11,7,0.0,0.0,0.0,0.0,0.0,0.0,0.0,0.0,0.0,0.040600021923999995,0.040600021923999995,0.06100003294,0.101600054864,0.040600021923999995,0.101600054864,0.017800009611999998,0.076200041148,0.03300001782,0.053300028782,0.017800009611999998,0.13210007133399998,0.020300010961999997,0.035600019223999996,0.035600019223999996,0.18290009876600002,0.035600019223999996,0.06100003294,0.06350003429000001,0.03300001782,0.06100003294,0.08130004390199999,0.07110003839399999,0.043200023328,0.053300028782,0.027900015065999997,0.010200005508000001,0.00250000135,0.03300001782,0.027900015065999997,0.058400031536,0.005100002754000001,0.086400046656,0.07110003839399999,0.025400013716,0.068600037044,0.045700024677999995,0.0,0.0,0.012100006534,0.042517414263739124,0.035600019223999996,0.06100003294,0.083850045279,0.18290009876600002,2023-11-07
11-08,11,8,0.0,0.0,0.0,0.0,0.0,0.0,0.0,0.0,0.0,0.040600021923999995,0.045700024677999995,0.06350003429000001,0.101600054864,0.040600021923999995,0.101600054864,0.017800009611999998,0.076200041148,0.03300001782,0.06100003294,0.017800009611999998,0.13210007133399998,0.03050001647,0.035600019223999996,0.040600021923999995,0.18290009876600002,0.035600019223999996,0.06100003294,0.06350003429000001,0.03300001782,0.06100003294,0.08130004390199999,0.07110003839399999,0.040600021923999995,0.055900030186,0.03050001647,0.012700006858,0.0,0.03300001782,0.025400013716,0.058400031536,0.027900015065999997,0.086400046656,0.073700039798,0.025400013716,0.068600037044,0.045700024677999995,0.0,0.0,0.017800009611999998,0.04373480622547827,0.038100020574,0.0628750339525,0.083850045279,0.18290009876600002,2023-11-08
11-09,11,9,0.0,0.0,0.0,0.0,0.0,0.0,0.0,0.0,0.0,0.040600021923999995,0.053300028782,0.06350003429000001,0.101600054864,0.040600021923999995,0.101600054864,0.017800009611999998,0.076200041148,0.043200023328,0.07110003839399999,0.017800009611999998,0.13460007268399998,0.03050001647,0.073700039798,0.040600021923999995,0.20070010837799998,0.043200023328,0.06100003294,0.06350003429000001,0.03300001782,0.06100003294,0.09400005076,0.076200041148,0.038100020574,0.055900030186,0.035600019223999996,0.012700006858,0.0,0.03300001782,0.025400013716,0.058400031536,0.038100020574,0.086400046656,0.08130004390199999,0.025400013716,0.068600037044,0.045700024677999995,0.0,0.0,0.017800009611999998,0.04660654690665217,0.040600021923999995,0.0673250363555,0.090200048708,0.20070010837799998,2023-11-09
11-10,11,10,0.0,0.0,0.0,0.0,0.0,0.0,0.0,0.0,0.0,0.040600021923999995,0.053300028782,0.06350003429000001,0.101600054864,0.040600021923999995,0.101600054864,0.050800027432,0.076200041148,0.043200023328,0.076200041148,0.017800009611999998,0.14480007819200003,0.03300001782,0.09140004935599999,0.048300026082,0.213400115236,0.043200023328,0.06600003564,0.06350003429000001,0.040600021923999995,0.058400031536,0.09400005076,0.076200041148,0.078700042498,0.055900030186,0.038100020574,0.017800009611999998,0.0,0.038100020574,0.03050001647,0.058400031536,0.038100020574,0.09140004935599999,0.09400005076,0.025400013716,0.068600037044,0.045700024677999995,0.0,0.0,0.019700010637999997,0.05041089678708697,0.044450024002999994,0.074300040122,0.09400005076,0.213400115236,2023-11-10
11-11,11,11,0.0,0.0,0.0,0.0,0.0,0.0,0.0,0.0,0.0,0.040600021923999995,0.053300028782,0.06350003429000001,0.101600054864,0.040600021923999995,0.101600054864,0.055900030186,0.076200041148,0.045700024677999995,0.076200041148,0.017800009611999998,0.14480007819200003,0.035600019223999996,0.09140004935599999,0.053300028782,0.215900116586,0.043200023328,0.06600003564,0.06350003429000001,0.045700024677999995,0.058400031536,0.09400005076,0.076200041148,0.078700042498,0.055900030186,0.040600021923999995,0.027900015065999997,0.0,0.038100020574,0.03050001647,0.058400031536,0.040600021923999995,0.09400005076,0.09400005076,0.025400013716,0.068600037044,0.045700024677999995,0.0,0.0,0.026025014053500002,0.051291332045130436,0.045700024677999995,0.074300040122,0.09400005076,0.215900116586,2023-11-11
11-12,11,12,0.0,0.0,0.0,0.0,0.0,0.0,0.0,0.0,0.0,0.040600021923999995,0.053300028782,0.06350003429000001,0.101600054864,0.040600021923999995,0.106700057618,0.06100003294,0.076200041148,0.048300026082,0.076200041148,0.017800009611999998,0.14480007819200003,0.035600019223999996,0.09140004935599999,0.053300028782,0.215900116586,0.048300026082,0.068600037044,0.06600003564,0.048300026082,0.058400031536,0.09400005076,0.076200041148,0.078700042498,0.055900030186,0.043200023328,0.027900015065999997,0.0,0.038100020574,0.03300001782,0.058400031536,0.050800027432,0.101600054864,0.09400005076,0.025400013716,0.068600037044,0.045700024677999995,0.0,0.0,0.026025014053500002,0.052345680440565215,0.049550026757,0.074300040122,0.097800052812,0.215900116586,2023-11-12
11-13,11,13,0.0,0.0,0.0,0.0,0.0,0.0,0.0,0.0,0.0,0.040600021923999995,0.053300028782,0.06350003429000001,0.101600054864,0.040600021923999995,0.12190006582599998,0.08130004390199999,0.076200041148,0.048300026082,0.078700042498,0.017800009611999998,0.14480007819200003,0.035600019223999996,0.09140004935599999,0.053300028782,0.215900116586,0.050800027432,0.068600037044,0.06600003564,0.050800027432,0.06350003429000001,0.09650005211,0.09910005351399999,0.078700042498,0.055900030186,0.045700024677999995,0.027900015065999997,0.0,0.038100020574,0.03300001782,0.058400031536,0.050800027432,0.101600054864,0.09400005076,0.025400013716,0.073700039798,0.045700024677999995,0.0,0.0,0.026025014053500002,0.054108724870869575,0.050800027432,0.0780750421605,0.100350054189,0.215900116586,2023-11-13
11-14,11,14,0.0,0.0,0.0,0.0,0.0,0.0,0.0,0.0,0.0,0.040600021923999995,0.053300028782,0.06350003429000001,0.101600054864,0.040600021923999995,0.12190006582599998,0.086400046656,0.076200041148,0.048300026082,0.08130004390199999,0.017800009611999998,0.14480007819200003,0.035600019223999996,0.09140004935599999,0.06600003564,0.215900116586,0.06100003294,0.088900048006,0.06600003564,0.050800027432,0.06350003429000001,0.09910005351399999,0.09910005351399999,0.078700042498,0.055900030186,0.055900030186,0.027900015065999997,0.0,0.038100020574,0.03300001782,0.058400031536,0.06600003564,0.101600054864,0.09400005076,0.025400013716,0.076200041148,0.045700024677999995,0.0,0.0,0.026025014053500002,0.0558782910438261,0.055900030186,0.080650043551,0.100350054189,0.215900116586,2023-11-14
11-15,11,15,0.0,0.0,0.0,0.0,0.0,0.0,0.0,0.0,0.0,0.040600021923999995,0.053300028782,0.08380004525200001,0.106700057618,0.040600021923999995,0.12190006582599998,0.086400046656,0.076200041148,0.048300026082,0.078700042498,0.017800009611999998,0.149900080946,0.035600019223999996,0.09140004935599999,0.06600003564,0.215900116586,0.076200041148,0.12450006723,0.06600003564,0.050800027432,0.06350003429000001,0.109200058968,0.09650005211,0.078700042498,0.055900030186,0.06100003294,0.027900015065999997,0.0,0.038100020574,0.035600019223999996,0.058400031536,0.076200041148,0.101600054864,0.09400005076,0.025400013716,0.076200041148,0.045700024677999995,0.0,0.0,0.026025014053500002,0.05814133574413045,0.057150030861,0.0825250445635,0.107950058293,0.215900116586,2023-11-15
11-16,11,16,0.0,0.0,0.0,0.0,0.0,0.0,0.0,0.0,0.0,0.043200023328,0.053300028782,0.088900048006,0.106700057618,0.040600021923999995,0.12450006723,0.086400046656,0.076200041148,0.048300026082,0.078700042498,0.017800009611999998,0.149900080946,0.038100020574,0.09140004935599999,0.068600037044,0.215900116586,0.078700042498,0.12700006858000001,0.06600003564,0.050800027432,0.06350003429000001,0.12700006858000001,0.09400005076,0.078700042498,0.058400031536,0.06100003294,0.03300001782,0.0,0.038100020574,0.035600019223999996,0.058400031536,0.078700042498,0.101600054864,0.09400005076,0.025400013716,0.076200041148,0.045700024677999995,0.0,0.0,0.027300014742,0.05913698845569566,0.058400031536,0.0844750456165,0.115600062424,0.215900116586,2023-11-16
11-17,11,17,0.0,0.0,0.0,0.0,0.0,0.0,0.0,0.0,0.0,0.043200023328,0.053300028782,0.09400005076,0.106700057618,0.040600021923999995,0.13970007543799998,0.086400046656,0.076200041148,0.048300026082,0.078700042498,0.017800009611999998,0.149900080946,0.038100020574,0.09140004935599999,0.078700042498,0.215900116586,0.078700042498,0.12700006858000001,0.06600003564,0.050800027432,0.06350003429000001,0.13460007268399998,0.09400005076,0.08130004390199999,0.076200041148,0.06100003294,0.038100020574,0.0,0.07110003839399999,0.035600019223999996,0.058400031536,0.078700042498,0.101600054864,0.09650005211,0.035600019223999996,0.076200041148,0.06350003429000001,0.0,0.0,0.035600019223999996,0.0618978595117826,0.06350003429000001,0.0851250459675,0.116850063099,0.215900116586,2023-11-17
11-18,11,18,0.0,0.0,0.0,0.0,0.0,0.0,0.0,0.0,0.0,0.043200023328,0.053300028782,0.09650005211,0.106700057618,0.040600021923999995,0.14480007819200003,0.086400046656,0.09400005076,0.053300028782,0.08380004525200001,0.025400013716,0.149900080946,0.040600021923999995,0.09140004935599999,0.09910005351399999,0.215900116586,0.078700042498,0.12700006858000001,0.06600003564,0.050800027432,0.06350003429000001,0.13460007268399998,0.09400005076,0.09400005076,0.078700042498,0.06350003429000001,0.038100020574,0.007600004103999999,0.12950006993,0.035600019223999996,0.058400031536,0.078700042498,0.101600054864,0.09650005211,0.035600019223999996,0.078700042498,0.068600037044,0.0,0.0,0.035600019223999996,0.06531742657573912,0.06475003496500001,0.09400005076,0.128250069255,0.215900116586,2023-11-18
11-19,11,19,0.0,0.0,0.0,0.0,0.0,0.0,0.0,0.0,0.0,0.045700024677999995,0.053300028782,0.101600054864,0.106700057618,0.045700024677999995,0.154900083646,0.086400046656,0.109200058968,0.053300028782,0.08380004525200001,0.025400013716,0.149900080946,0.043200023328,0.09140004935599999,0.09910005351399999,0.215900116586,0.08130004390199999,0.12700006858000001,0.06600003564,0.050800027432,0.06350003429000001,0.13460007268399998,0.101600054864,0.09650005211,0.078700042498,0.06600003564,0.038100020574,0.007600004103999999,0.12950006993,0.035600019223999996,0.058400031536,0.08130004390199999,0.104100056214,0.09650005211,0.045700024677999995,0.078700042498,0.068600037044,0.0,0.0,0.036225019561499996,0.06686090567008696,0.06600003564,0.09845005316299998,0.128250069255,0.215900116586,2023-11-19
11-20,11,20,0.0,0.0,0.0,0.0,0.0,0.0,0.0,0.0,0.0,0.045700024677999995,0.073700039798,0.104100056214,0.106700057618,0.045700024677999995,0.15750008505,0.086400046656,0.116800063072,0.06100003294,0.08380004525200001,0.025400013716,0.149900080946,0.043200023328,0.09140004935599999,0.09910005351399999,0.215900116586,0.08130004390199999,0.12700006858000001,0.06600003564,0.050800027432,0.06100003294,0.13460007268399998,0.101600054864,0.09650005211,0.08380004525200001,0.068600037044,0.045700024677999995,0.007600004103999999,0.12950006993,0.038100020574,0.058400031536,0.08130004390199999,0.106700057618,0.09650005211,0.045700024677999995,0.08130004390199999,0.08130004390199999,0.0,0.0,0.0393750212625,0.06846960219095653,0.071150038421,0.09845005316299998,0.128250069255,0.215900116586,2023-11-20
11-21,11,21,0.0,0.0,0.0,0.0,0.0,0.0,0.0,0.0,0.0,0.045700024677999995,0.08380004525200001,0.109200058968,0.106700057618,0.045700024677999995,0.1600000864,0.086400046656,0.116800063072,0.068600037044,0.08380004525200001,0.03050001647,0.149900080946,0.043200023328,0.09140004935599999,0.09910005351399999,0.215900116586,0.08130004390199999,0.12700006858000001,0.06600003564,0.050800027432,0.06100003294,0.16760009050400002,0.106700057618,0.09650005211,0.088900048006,0.07110003839399999,0.050800027432,0.012700006858,0.12950006993,0.038100020574,0.07110003839399999,0.08130004390199999,0.109200058968,0.09650005211,0.045700024677999995,0.08380004525200001,0.08130004390199999,0.0,0.0,0.0393750212625,0.07073047297704348,0.076200041148,0.09845005316299998,0.128250069255,0.215900116586,2023-11-21
11-22,11,22,0.0,0.0,0.0,0.0,0.0,0.0,0.0,0.0,0.0,0.045700024677999995,0.08380004525200001,0.114300061722,0.106700057618,0.068600037044,0.1600000864,0.088900048006,0.12450006723,0.073700039798,0.086400046656,0.035600019223999996,0.149900080946,0.043200023328,0.09140004935599999,0.116800063072,0.215900116586,0.08130004390199999,0.12700006858000001,0.06600003564,0.050800027432,0.06100003294,0.18030009736199998,0.111800060372,0.09650005211,0.09650005211,0.076200041148,0.050800027432,0.022900012366000002,0.12950006993,0.038100020574,0.07110003839399999,0.08130004390199999,0.109200058968,0.09650005211,0.045700024677999995,0.08380004525200001,0.08130004390199999,0.0,0.0,0.0393750212625,0.07310873513086957,0.078750042525,0.104150056241,0.128250069255,0.215900116586,2023-11-22
11-23,11,23,0.0,0.0,0.0,0.0,0.0,0.0,0.0,0.0,0.0,0.045700024677999995,0.086400046656,0.114300061722,0.109200058968,0.068600037044,0.1600000864,0.088900048006,0.149900080946,0.073700039798,0.086400046656,0.035600019223999996,0.149900080946,0.068600037044,0.09140004935599999,0.116800063072,0.215900116586,0.08130004390199999,0.12700006858000001,0.06600003564,0.050800027432,0.06350003429000001,0.18800010152,0.111800060372,0.09400005076,0.09650005211,0.086400046656,0.048300026082,0.022900012366000002,0.12950006993,0.048300026082,0.07110003839399999,0.08130004390199999,0.109200058968,0.09650005211,0.045700024677999995,0.08380004525200001,0.08130004390199999,0.0,0.0,0.045700024677999995,0.07488047521804347,0.08130004390199999,0.1060250572535,0.139700075438,0.215900116586,2023-11-23
11-24,11,24,0.0,0.0,0.0,0.0,0.0,0.0,0.0,0.0,0.0,0.045700024677999995,0.086400046656,0.12190006582599998,0.109200058968,0.068600037044,0.1600000864,0.088900048006,0.149900080946,0.076200041148,0.086400046656,0.035600019223999996,0.149900080946,0.07110003839399999,0.09140004935599999,0.116800063072,0.215900116586,0.08130004390199999,0.12450006723,0.06600003564,0.050800027432,0.06350003429000001,0.208300112482,0.111800060372,0.09400005076,0.09650005211,0.09400005076,0.050800027432,0.035600019223999996,0.12950006993,0.06600003564,0.07110003839399999,0.08380004525200001,0.109200058968,0.104100056214,0.050800027432,0.08380004525200001,0.08130004390199999,0.0,0.0,0.0469750253665,0.07675221535921739,0.08130004390199999,0.1079250582795,0.139700075438,0.215900116586,2023-11-24
11-25,11,25,0.0,0.0,0.0,0.0,0.0,0.0,0.0,0.0,0.0,0.053300028782,0.086400046656,0.12700006858000001,0.109200058968,0.068600037044,0.1600000864,0.088900048006,0.152400082296,0.076200041148,0.086400046656,0.035600019223999996,0.152400082296,0.086400046656,0.09910005351399999,0.11940006447600002,0.215900116586,0.08130004390199999,0.12450006723,0.06600003564,0.055900030186,0.06600003564,0.208300112482,0.111800060372,0.09400005076,0.09650005211,0.09650005211,0.050800027432,0.035600019223999996,0.12950006993,0.086400046656,0.07110003839399999,0.08380004525200001,0.109200058968,0.104100056214,0.053300028782,0.086400046656,0.08130004390199999,0.0,0.0,0.051425027769500004,0.07846743367673914,0.085100045954,0.1079250582795,0.14095007611299998,0.215900116586,2023-11-25
11-26,11,26,0.0,0.0,0.0,0.0,0.0,0.0,0.0,0.0,0.0,0.06350003429000001,0.086400046656,0.13210007133399998,0.109200058968,0.07110003839399999,0.165100089154,0.088900048006,0.152400082296,0.076200041148,0.086400046656,0.040600021923999995,0.152400082296,0.09910005351399999,0.09910005351399999,0.11940006447600002,0.22350012068999997,0.09140004935599999,0.12450006723,0.06600003564,0.055900030186,0.06600003564,0.208300112482,0.111800060372,0.09400005076,0.09650005211,0.106700057618,0.053300028782,0.040600021923999995,0.12950006993,0.086400046656,0.076200041148,0.08380004525200001,0.109200058968,0.104100056214,0.053300028782,0.088900048006,0.08130004390199999,0.0,0.0,0.053300028782,0.08028482596247825,0.086400046656,0.1085750586305,0.142250076815,0.22350012068999997,2023-11-26
11-27,11,27,0.0,0.0,0.0,0.0,0.0,0.0,0.0,0.0,0.0,0.088900048006,0.086400046656,0.14220007678799998,0.109200058968,0.07110003839399999,0.165100089154,0.109200058968,0.152400082296,0.086400046656,0.086400046656,0.040600021923999995,0.152400082296,0.09910005351399999,0.09910005351399999,0.12190006582599998,0.22350012068999997,0.09140004935599999,0.12450006723,0.06350003429000001,0.055900030186,0.06600003564,0.208300112482,0.111800060372,0.09400005076,0.09650005211,0.106700057618,0.053300028782,0.050800027432,0.12950006993,0.088900048006,0.078700042498,0.08380004525200001,0.109200058968,0.106700057618,0.053300028782,0.104100056214,0.08130004390199999,0.0,0.0,0.053300028782,0.08243700103769566,0.087650047331,0.109200058968,0.14730007954199997,0.22350012068999997,2023-11-27
11-28,11,28,0.0,0.0,0.0,0.0,0.0,0.0,0.0,0.0,0.0,0.088900048006,0.086400046656,0.14220007678799998,0.111800060372,0.07110003839399999,0.170200091908,0.111800060372,0.152400082296,0.114300061722,0.086400046656,0.043200023328,0.1600000864,0.09910005351399999,0.09910005351399999,0.12450006723,0.23370012619799999,0.09140004935599999,0.14220007678799998,0.06100003294,0.055900030186,0.06600003564,0.208300112482,0.111800060372,0.09400005076,0.09650005211,0.106700057618,0.06100003294,0.06100003294,0.13210007133399998,0.09650005211,0.086400046656,0.08380004525200001,0.109200058968,0.106700057618,0.053300028782,0.106700057618,0.08130004390199999,0.0,0.0,0.0571750308745,0.08493265455926088,0.09015004868099999,0.111800060372,0.14730007954199997,0.23370012619799999,2023-11-28
11-29,11,29,0.0,0.0,0.0,0.0,0.0,0.0,0.0,0.0,0.0,0.088900048006,0.086400046656,0.14480007819200003,0.111800060372,0.07110003839399999,0.17270009325799998,0.12700006858000001,0.152400082296,0.114300061722,0.09910005351399999,0.043200023328,0.1600000864,0.09910005351399999,0.09910005351399999,0.12700006858000001,0.23370012619799999,0.09650005211,0.14220007678799998,0.06100003294,0.06100003294,0.06600003564,0.21080011383199998,0.111800060372,0.09400005076,0.09650005211,0.106700057618,0.06100003294,0.08380004525200001,0.13210007133399998,0.101600054864,0.114300061722,0.08380004525200001,0.109200058968,0.114300061722,0.053300028782,0.106700057618,0.08130004390199999,0.0,0.0,0.06100003294,0.08735874282586957,0.09650005211,0.114300061722,0.148600080244,0.23370012619799999,2023-11-29
11-30,11,30,0.0,0.0,0.0,0.0,0.0,0.0,0.0,0.0,0.0,0.088900048006,0.086400046656,0.14480007819200003,0.11940006447600002,0.07110003839399999,0.18290009876600002,0.12950006993,0.152400082296,0.114300061722,0.101600054864,0.043200023328,0.165100089154,0.101600054864,0.09910005351399999,0.12700006858000001,0.23370012619799999,0.109200058968,0.14220007678799998,0.06350003429000001,0.07110003839399999,0.06600003564,0.21080011383199998,0.114300061722,0.09400005076,0.09650005211,0.106700057618,0.06350003429000001,0.08380004525200001,0.13210007133399998,0.11940006447600002,0.147300079542,0.08380004525200001,0.109200058968,0.11940006447600002,0.053300028782,0.106700057618,0.08130004390199999,0.0,0.0,0.06350003429000001,0.08989352680334782,0.097800052812,0.11940006447600002,0.14985008091899998,0.23370012619799999,2023-11-30
12-01,12,1,0.0,0.0,0.0,0.0,0.0,0.0,0.0,0.0,0.0,0.088900048006,0.086400046656,0.14480007819200003,0.12190006582599998,0.07110003839399999,0.18290009876600002,0.13210007133399998,0.152400082296,0.114300061722,0.101600054864,0.043200023328,0.165100089154,0.104100056214,0.09910005351399999,0.12700006858000001,0.23370012619799999,0.109200058968,0.147300079542,0.076200041148,0.078700042498,0.06600003564,0.213400115236,0.114300061722,0.101600054864,0.09650005211,0.109200058968,0.06600003564,0.08380004525200001,0.13210007133399998,0.12450006723,0.147300079542,0.086400046656,0.109200058968,0.11940006447600002,0.053300028782,0.106700057618,0.088900048006,0.0,0.0,0.06600003564,0.09127396233139129,0.100350054189,0.12385006687899999,0.14985008091899998,0.23370012619799999,2023-12-01
12-02,12,2,0.0,0.0,0.0,0.0,0.0,0.0,0.0,0.0,0.0,0.088900048006,0.086400046656,0.14480007819200003,0.12190006582599998,0.073700039798,0.18290009876600002,0.13210007133399998,0.165100089154,0.114300061722,0.101600054864,0.043200023328,0.165100089154,0.111800060372,0.101600054864,0.12700006858000001,0.23370012619799999,0.13970007543799998,0.147300079542,0.08130004390199999,0.08380004525200001,0.06600003564,0.215900116586,0.116800063072,0.104100056214,0.09650005211,0.109200058968,0.06600003564,0.08380004525200001,0.13210007133399998,0.12700006858000001,0.147300079542,0.086400046656,0.109200058968,0.12700006858000001,0.06100003294,0.106700057618,0.09140004935599999,0.0,0.0,0.06600003564,0.09331744169573915,0.101600054864,0.12700006858000001,0.156200084348,0.23370012619799999,2023-12-02
12-03,12,3,0.0,0.0,0.0,0.0,0.0,0.0,0.0,0.0,0.0,0.088900048006,0.086400046656,0.15750008505,0.12190006582599998,0.076200041148,0.18290009876600002,0.13210007133399998,0.165100089154,0.114300061722,0.101600054864,0.048300026082,0.165100089154,0.11940006447600002,0.101600054864,0.12700006858000001,0.23370012619799999,0.16760009050400002,0.147300079542,0.08380004525200001,0.09140004935599999,0.06600003564,0.218400117936,0.116800063072,0.116800063072,0.111800060372,0.109200058968,0.07110003839399999,0.08380004525200001,0.13210007133399998,0.12950006993,0.15750008505,0.086400046656,0.109200058968,0.13460007268399998,0.07110003839399999,0.106700057618,0.09140004935599999,0.0,0.0,0.07110003839399999,0.09618483454847827,0.104150056241,0.131450070983,0.165100089154,0.23370012619799999,2023-12-03
12-04,12,4,0.0,0.0,0.0,0.0,0.0,0.0,0.0,0.0,0.0,0.09140004935599999,0.086400046656,0.1600000864,0.12190006582599998,0.078700042498,0.18800010152,0.13210007133399998,0.16760009050400002,0.114300061722,0.104100056214,0.048300026082,0.165100089154,0.12950006993,0.101600054864,0.12700006858000001,0.23370012619799999,0.16760009050400002,0.149900080946,0.086400046656,0.09140004935599999,0.06600003564,0.226100122094,0.116800063072,0.116800063072,0.12700006858000001,0.111800060372,0.07110003839399999,0.09400005076,0.14220007678799998,0.12950006993,0.15750008505,0.088900048006,0.109200058968,0.13970007543799998,0.088900048006,0.106700057618,0.09140004935599999,0.0,0.0,0.07300003942,0.09844787924878261,0.10540005691599999,0.131450070983,0.16635008982900001,0.23370012619799999,2023-12-04
12-05,12,5,0.0,0.0,0.0,0.0,0.0,0.0,0.0,0.0,0.0,0.09140004935599999,0.086400046656,0.1600000864,0.12190006582599998,0.086400046656,0.195600105624,0.14480007819200003,0.170200091908,0.114300061722,0.106700057618,0.048300026082,0.165100089154,0.13970007543799998,0.101600054864,0.12700006858000001,0.23370012619799999,0.170200091908,0.149900080946,0.086400046656,0.09140004935599999,0.06600003564,0.228600123444,0.11940006447600002,0.11940006447600002,0.12700006858000001,0.111800060372,0.068600037044,0.101600054864,0.14220007678799998,0.12950006993,0.15750008505,0.088900048006,0.109200058968,0.147300079542,0.088900048006,0.106700057618,0.09400005076,0.0,0.0,0.073050039447,0.0999478800587826,0.106700057618,0.1415750764505,0.167650090531,0.23370012619799999,2023-12-05
12-06,12,6,0.0,0.0,0.0,0.0,0.0,0.0,0.0,0.0,0.0,0.09140004935599999,0.086400046656,0.1600000864,0.12700006858000001,0.086400046656,0.198100106974,0.16760009050400002,0.195600105624,0.114300061722,0.104100056214,0.048300026082,0.165100089154,0.149900080946,0.101600054864,0.12700006858000001,0.23370012619799999,0.170200091908,0.149900080946,0.088900048006,0.09650005211,0.068600037044,0.228600123444,0.11940006447600002,0.11940006447600002,0.12700006858000001,0.111800060372,0.06600003564,0.106700057618,0.14220007678799998,0.13460007268399998,0.15750008505,0.088900048006,0.109200058968,0.152400082296,0.088900048006,0.106700057618,0.111800060372,0.0,0.0,0.073050039447,0.10221092475908695,0.107950058293,0.1479750799065,0.16890009120600002,0.23370012619799999,2023-12-06
12-07,12,7,0.0,0.0,0.0,0.0,0.0,0.0,0.0,0.0,0.0,0.09650005211,0.086400046656,0.1600000864,0.12700006858000001,0.088900048006,0.208300112482,0.16760009050400002,0.203200109728,0.114300061722,0.104100056214,0.048300026082,0.165100089154,0.177800096012,0.101600054864,0.137200074088,0.23370012619799999,0.17270009325799998,0.149900080946,0.09650005211,0.09650005211,0.07110003839399999,0.248900134406,0.11940006447600002,0.12190006582599998,0.12700006858000001,0.111800060372,0.068600037044,0.106700057618,0.14220007678799998,0.13460007268399998,0.15750008505,0.088900048006,0.109200058968,0.152400082296,0.09140004935599999,0.106700057618,0.12700006858000001,0.0,0.0,0.07492504045949999,0.10480223050621741,0.107950058293,0.1479750799065,0.175250094635,0.248900134406,2023-12-07
12-08,12,8,0.0,0.0,0.0,0.0,0.0,0.0,0.0,0.0,0.0,0.09650005211,0.086400046656,0.1600000864,0.12700006858000001,0.09140004935599999,0.21080011383199998,0.17270009325799998,0.203200109728,0.11940006447600002,0.104100056214,0.053300028782,0.165100089154,0.18290009876600002,0.101600054864,0.14480007819200003,0.23370012619799999,0.17270009325799998,0.149900080946,0.111800060372,0.09650005211,0.078700042498,0.248900134406,0.11940006447600002,0.12190006582599998,0.12950006993,0.111800060372,0.076200041148,0.106700057618,0.14220007678799998,0.13460007268399998,0.15750008505,0.088900048006,0.111800060372,0.15750008505,0.09400005076,0.106700057618,0.12700006858000001,0.0,0.0,0.0806250435375,0.10645875313986958,0.111800060372,0.1486250802575,0.177800096012,0.248900134406,2023-12-08
12-09,12,9,0.0,0.0,0.0,0.0,0.0,0.0,0.0,0.0,0.0,0.09650005211,0.086400046656,0.1600000864,0.13210007133399998,0.09140004935599999,0.21080011383199998,0.17270009325799998,0.20570011107800001,0.12700006858000001,0.109200058968,0.053300028782,0.165100089154,0.18290009876600002,0.101600054864,0.147300079542,0.248900134406,0.177800096012,0.149900080946,0.114300061722,0.09910005351399999,0.078700042498,0.248900134406,0.11940006447600002,0.12950006993,0.12950006993,0.111800060372,0.078700042498,0.137200074088,0.14220007678799998,0.13460007268399998,0.17270009325799998,0.088900048006,0.114300061722,0.15750008505,0.104100056214,0.106700057618,0.12700006858000001,0.0,0.0,0.0806250435375,0.10899353711734783,0.114300061722,0.149250080595,0.180350097389,0.248900134406,2023-12-09
12-10,12,10,0.0,0.0,0.0,0.0,0.0,0.0,0.0,0.0,0.0,0.09650005211,0.086400046656,0.1600000864,0.147300079542,0.09400005076,0.21080011383199998,0.175300094662,0.218400117936,0.12950006993,0.109200058968,0.055900030186,0.170200091908,0.18290009876600002,0.101600054864,0.147300079542,0.261600141264,0.18290009876600002,0.147300079542,0.114300061722,0.09910005351399999,0.078700042498,0.248900134406,0.11940006447600002,0.12950006993,0.12950006993,0.111800060372,0.078700042498,0.149900080946,0.14220007678799998,0.13460007268399998,0.17270009325799998,0.088900048006,0.12700006858000001,0.1600000864,0.104100056214,0.106700057618,0.12700006858000001,0.0,0.0,0.0806250435375,0.11087179900117394,0.116850063099,0.149250080595,0.18290009876600002,0.261600141264,2023-12-10
12-11,12,11,0.0,0.0,0.0,0.0,0.0,0.0,0.0,0.0,0.0,0.09650005211,0.086400046656,0.1600000864,0.147300079542,0.09400005076,0.21080011383199998,0.175300094662,0.23370012619799999,0.12950006993,0.109200058968,0.055900030186,0.19300010422,0.18290009876600002,0.101600054864,0.147300079542,0.261600141264,0.18290009876600002,0.152400082296,0.114300061722,0.09910005351399999,0.078700042498,0.276900149526,0.11940006447600002,0.13970007543799998,0.12950006993,0.111800060372,0.08380004525200001,0.18540010011600003,0.14220007678799998,0.137200074088,0.17270009325799998,0.088900048006,0.12700006858000001,0.1600000864,0.104100056214,0.109200058968,0.12700006858000001,0.0,0.0,0.08445004560300001,0.11363484397147827,0.116850063099,0.158100085374,0.189200102168,0.276900149526,2023-12-11
12-12,12,12,0.0,0.0,0.0,0.0,0.0,0.0,0.0,0.0,0.0,0.09650005211,0.086400046656,0.1600000864,0.15750008505,0.09400005076,0.21080011383199998,0.175300094662,0.25150013581,0.12950006993,0.109200058968,0.06100003294,0.19300010422,0.18290009876600002,0.109200058968,0.149900080946,0.261600141264,0.18290009876600002,0.154900083646,0.114300061722,0.09910005351399999,0.08130004390199999,0.276900149526,0.11940006447600002,0.13970007543799998,0.12950006993,0.111800060372,0.08380004525200001,0.19300010422,0.14220007678799998,0.137200074088,0.175300094662,0.088900048006,0.12700006858000001,0.175300094662,0.104100056214,0.109200058968,0.12700006858000001,0.0,0.0,0.08445004560300001,0.11524136657813043,0.116850063099,0.1593750860625,0.19300010422,0.276900149526,2023-12-12
12-13,12,13,0.0,0.0,0.0,0.0,0.0,0.0,0.0,0.0,0.0,0.09650005211,0.09400005076,0.1600000864,0.1600000864,0.09650005211,0.215900116586,0.20070010837799998,0.28190015222599996,0.12950006993,0.109200058968,0.06100003294,0.198100106974,0.18290009876600002,0.111800060372,0.149900080946,0.261600141264,0.18290009876600002,0.15750008505,0.114300061722,0.101600054864,0.09140004935599999,0.276900149526,0.12450006723,0.13970007543799998,0.12950006993,0.116800063072,0.08130004390199999,0.19300010422,0.14220007678799998,0.13970007543799998,0.19300010422,0.09400005076,0.12700006858000001,0.18030009736199998,0.104100056214,0.109200058968,0.12450006723,0.0,0.0,0.092050049707,0.11810658551665218,0.12065006515099999,0.1600000864,0.19940010767599997,0.28190015222599996,2023-12-13
12-14,12,14,0.0,0.0,0.0,0.0,0.0,0.0,0.0,0.0,0.0,0.09910005351399999,0.101600054864,0.16260008780399998,0.1600000864,0.09910005351399999,0.22350012068999997,0.20570011107800001,0.28700015498,0.12950006993,0.109200058968,0.078700042498,0.198100106974,0.18800010152,0.111800060372,0.154900083646,0.261600141264,0.18290009876600002,0.16260008780399998,0.114300061722,0.111800060372,0.116800063072,0.276900149526,0.12450006723,0.147300079542,0.13460007268399998,0.12190006582599998,0.086400046656,0.19300010422,0.152400082296,0.14480007819200003,0.208300112482,0.09910005351399999,0.12950006993,0.18540010011600003,0.104100056214,0.111800060372,0.12450006723,0.0,0.0,0.09910005351399999,0.12181093534308696,0.12320006652799999,0.16260008780399998,0.20700011178,0.28700015498,2023-12-14
12-15,12,15,0.0,0.0,0.0,0.0,0.0,0.0,0.0,0.0,0.0,0.09910005351399999,0.104100056214,0.16260008780399998,0.1600000864,0.09910005351399999,0.22350012068999997,0.20570011107800001,0.28700015498,0.12950006993,0.109200058968,0.078700042498,0.21080011383199998,0.19050010287,0.114300061722,0.16260008780399998,0.261600141264,0.18290009876600002,0.16760009050400002,0.114300061722,0.114300061722,0.116800063072,0.276900149526,0.12450006723,0.15750008505,0.13460007268399998,0.12190006582599998,0.09400005076,0.21080011383199998,0.152400082296,0.14480007819200003,0.215900116586,0.09910005351399999,0.154900083646,0.18540010011600003,0.104100056214,0.12450006723,0.12190006582599998,0.0,0.0,0.09910005351399999,0.12429137146513045,0.12320006652799999,0.16635008982900001,0.213350115209,0.28700015498,2023-12-15
12-16,12,16,0.0,0.0,0.0,0.0,0.0,0.0,0.0,0.0,0.0,0.09910005351399999,0.104100056214,0.16260008780399998,0.1600000864,0.09910005351399999,0.22350012068999997,0.20570011107800001,0.292100157734,0.13210007133399998,0.109200058968,0.078700042498,0.23370012619799999,0.19050010287,0.11940006447600002,0.16260008780399998,0.261600141264,0.18290009876600002,0.17270009325799998,0.114300061722,0.114300061722,0.116800063072,0.28190015222599996,0.12190006582599998,0.15750008505,0.13460007268399998,0.12450006723,0.09400005076,0.226100122094,0.152400082296,0.14480007819200003,0.218400117936,0.101600054864,0.15750008505,0.18540010011600003,0.104100056214,0.12700006858000001,0.12190006582599998,0.0,0.0,0.09910005351399999,0.12583919838791305,0.12320006652799999,0.17017509189449997,0.22480012139199998,0.292100157734,2023-12-16
12-17,12,17,0.0,0.0,0.0,0.0,0.0,0.0,0.0,0.0,0.0,0.104100056214,0.104100056214,0.16260008780399998,0.16260008780399998,0.09910005351399999,0.226100122094,0.20570011107800001,0.302300163242,0.13210007133399998,0.109200058968,0.08380004525200001,0.23370012619799999,0.19300010422,0.12950006993,0.165100089154,0.261600141264,0.18290009876600002,0.18030009736199998,0.116800063072,0.116800063072,0.116800063072,0.28190015222599996,0.12450006723,0.1600000864,0.13460007268399998,0.12700006858000001,0.09650005211,0.248900134406,0.152400082296,0.14480007819200003,0.218400117936,0.104100056214,0.16760009050400002,0.18800010152,0.104100056214,0.12700006858000001,0.12190006582599998,0.0,0.0,0.10035005418899999,0.12804137349013045,0.12700006858000001,0.17712509564749998,0.22990012414599997,0.302300163242,2023-12-17
12-18,12,18,0.0,0.0,0.0,0.0,0.0,0.0,0.0,0.0,0.0,0.116800063072,0.109200058968,0.16260008780399998,0.17270009325799998,0.09910005351399999,0.226100122094,0.20570011107800001,0.302300163242,0.13210007133399998,0.109200058968,0.086400046656,0.246400133056,0.19300010422,0.13460007268399998,0.165100089154,0.261600141264,0.18800010152,0.18290009876600002,0.11940006447600002,0.12190006582599998,0.116800063072,0.28190015222599996,0.12450006723,0.18290009876600002,0.13460007268399998,0.12700006858000001,0.09910005351399999,0.248900134406,0.152400082296,0.14480007819200003,0.218400117936,0.111800060372,0.16760009050400002,0.18800010152,0.104100056214,0.12950006993,0.147300079542,0.0,0.0,0.10035005418899999,0.1307544184334348,0.130800070632,0.18290009876600002,0.236250127575,0.302300163242,2023-12-18
12-19,12,19,0.0,0.0,0.0,0.0,0.0,0.0,0.0,0.0,0.0,0.116800063072,0.12190006582599998,0.170200091908,0.175300094662,0.09910005351399999,0.228600123444,0.20570011107800001,0.304800164592,0.13210007133399998,0.109200058968,0.09650005211,0.248900134406,0.19300010422,0.13460007268399998,0.165100089154,0.261600141264,0.195600105624,0.18290009876600002,0.12190006582599998,0.12950006993,0.116800063072,0.302300163242,0.12450006723,0.18290009876600002,0.13460007268399998,0.12700006858000001,0.09910005351399999,0.248900134406,0.152400082296,0.147300079542,0.218400117936,0.111800060372,0.170200091908,0.18800010152,0.104100056214,0.12950006993,0.147300079542,0.0,0.0,0.10035005418899999,0.13257398463339132,0.130800070632,0.18290009876600002,0.238750128925,0.304800164592,2023-12-19
12-20,12,20,0.0,0.0,0.0,0.0,0.0,0.0,0.0,0.0,0.0,0.116800063072,0.12950006993,0.17270009325799998,0.175300094662,0.09910005351399999,0.228600123444,0.20570011107800001,0.309900167346,0.13210007133399998,0.114300061722,0.09910005351399999,0.25150013581,0.19300010422,0.13460007268399998,0.16760009050400002,0.261600141264,0.208300112482,0.18540010011600003,0.12450006723,0.13970007543799998,0.116800063072,0.36070019477799997,0.12450006723,0.18290009876600002,0.152400082296,0.12950006993,0.101600054864,0.25150013581,0.152400082296,0.154900083646,0.218400117936,0.111800060372,0.170200091908,0.18800010152,0.106700057618,0.12950006993,0.165100089154,0.0,0.0,0.10287505555250001,0.13622181269017392,0.13335007200899998,0.18477509977850004,0.240050129627,0.36070019477799997,2023-12-20
12-21,12,21,0.0,0.0,0.0,0.0,0.0,0.0,0.0,0.0,0.0,0.116800063072,0.12950006993,0.17270009325799998,0.175300094662,0.09910005351399999,0.228600123444,0.20570011107800001,0.31750017145000003,0.13210007133399998,0.114300061722,0.109200058968,0.25400013716000003,0.19300010422,0.13460007268399998,0.16760009050400002,0.261600141264,0.208300112482,0.18540010011600003,0.137200074088,0.14220007678799998,0.116800063072,0.391200211248,0.12450006723,0.18290009876600002,0.154900083646,0.13210007133399998,0.104100056214,0.25150013581,0.1600000864,0.154900083646,0.218400117936,0.114300061722,0.170200091908,0.18800010152,0.106700057618,0.12950006993,0.17270009325799998,0.0,0.0,0.1073250579555,0.13820442245643477,0.135900073386,0.18477509977850004,0.240050129627,0.391200211248,2023-12-21
12-22,12,22,0.0,0.0,0.0,0.0,0.0,0.0,0.0,0.0,0.0,0.11940006447600002,0.12950006993,0.17270009325799998,0.175300094662,0.09910005351399999,0.228600123444,0.20570011107800001,0.335300181062,0.13460007268399998,0.114300061722,0.11940006447600002,0.25650013851000003,0.19300010422,0.137200074088,0.177800096012,0.261600141264,0.208300112482,0.18540010011600003,0.137200074088,0.149900080946,0.116800063072,0.41150022221,0.12450006723,0.18290009876600002,0.1600000864,0.1600000864,0.12950006993,0.248900134406,0.1600000864,0.15750008505,0.218400117936,0.114300061722,0.170200091908,0.21080011383199998,0.106700057618,0.12950006993,0.177800096012,0.0,0.0,0.114300061722,0.1417413808881304,0.143550077517,0.18477509977850004,0.238750128925,0.41150022221,2023-12-22
12-23,12,23,0.0,0.0,0.0,0.0,0.0,0.0,0.0,0.0,0.0,0.11940006447600002,0.12950006993,0.17270009325799998,0.175300094662,0.104100056214,0.228600123444,0.20570011107800001,0.35310019067400006,0.13460007268399998,0.114300061722,0.11940006447600002,0.259100139914,0.19300010422,0.137200074088,0.177800096012,0.261600141264,0.215900116586,0.18800010152,0.14480007819200003,0.15750008505,0.12190006582599998,0.44450024003,0.12450006723,0.18290009876600002,0.170200091908,0.175300094662,0.149900080946,0.248900134406,0.16260008780399998,0.15750008505,0.218400117936,0.12450006723,0.170200091908,0.21080011383199998,0.106700057618,0.12950006993,0.177800096012,0.0,0.0,0.1155750624105,0.144950078273,0.15370008299799998,0.1867251008315,0.238750128925,0.44450024003,2023-12-23
12-24,12,24,0.0,0.0,0.0,0.0,0.0,0.0,0.0,0.0,0.0,0.11940006447600002,0.12950006993,0.17270009325799998,0.175300094662,0.106700057618,0.231100124794,0.20570011107800001,0.36320019612800003,0.13460007268399998,0.114300061722,0.11940006447600002,0.259100139914,0.19300010422,0.137200074088,0.177800096012,0.261600141264,0.22100011934000002,0.18800010152,0.149900080946,0.15750008505,0.12190006582599998,0.44450024003,0.12450006723,0.19050010287,0.175300094662,0.175300094662,0.154900083646,0.25400013716000003,0.17270009325799998,0.1600000864,0.22350012068999997,0.12700006858000001,0.20570011107800001,0.213400115236,0.111800060372,0.13210007133399998,0.177800096012,0.0,0.0,0.1155750624105,0.1474326883092609,0.15620008434799998,0.1923751038825,0.242550130977,0.44450024003,2023-12-24
12-25,12,25,0.0,0.0,0.0,0.0,0.0,0.0,0.0,0.0,0.0,0.11940006447600002,0.12950006993,0.17270009325799998,0.175300094662,0.106700057618,0.236200127548,0.20570011107800001,0.36580019753200005,0.13460007268399998,0.114300061722,0.11940006447600002,0.261600141264,0.19300010422,0.137200074088,0.18290009876600002,0.261600141264,0.22100011934000002,0.19050010287,0.154900083646,0.165100089154,0.12190006582599998,0.44450024003,0.12450006723,0.19050010287,0.177800096012,0.18290009876600002,0.15750008505,0.292100157734,0.177800096012,0.165100089154,0.23880012895200003,0.12700006858000001,0.228600123444,0.215900116586,0.111800060372,0.13460007268399998,0.195600105624,0.0,0.0,0.1155750624105,0.15074573357656523,0.161300087102,0.194950105273,0.250200135108,0.44450024003,2023-12-25
12-26,12,26,0.0,0.0,0.0,0.0,0.0,0.0,0.0,0.0,0.0,0.11940006447600002,0.12950006993,0.17270009325799998,0.175300094662,0.106700057618,0.236200127548,0.20570011107800001,0.375900202986,0.13460007268399998,0.11940006447600002,0.11940006447600002,0.261600141264,0.19300010422,0.137200074088,0.208300112482,0.261600141264,0.22100011934000002,0.19050010287,0.154900083646,0.19300010422,0.12190006582599998,0.44450024003,0.12450006723,0.19050010287,0.177800096012,0.18540010011600003,0.15750008505,0.294600159084,0.18290009876600002,0.17270009325799998,0.23880012895200003,0.12700006858000001,0.248900134406,0.215900116586,0.111800060372,0.14220007678799998,0.208300112482,0.0,0.0,0.11940006447600002,0.1535022568042174,0.16510008915399998,0.20765011213100001,0.255250137835,0.44450024003,2023-12-26
12-27,12,27,0.0,0.0,0.0,0.0,0.0,0.0,0.0,0.0,0.0,0.11940006447600002,0.12950006993,0.17270009325799998,0.175300094662,0.106700057618,0.236200127548,0.20570011107800001,0.391200211248,0.13460007268399998,0.12190006582599998,0.11940006447600002,0.261600141264,0.19300010422,0.13970007543799998,0.22350012068999997,0.261600141264,0.22350012068999997,0.19050010287,0.154900083646,0.18800010152,0.12190006582599998,0.44450024003,0.12450006723,0.195600105624,0.177800096012,0.18540010011600003,0.154900083646,0.294600159084,0.18290009876600002,0.17270009325799998,0.23880012895200003,0.137200074088,0.26920014536799997,0.215900116586,0.111800060372,0.149900080946,0.22350012068999997,0.0,0.0,0.11940006447600002,0.15543486654347824,0.163800088452,0.213350115209,0.261600141264,0.44450024003,2023-12-27
12-28,12,28,0.0,0.0,0.0,0.0,0.0,0.0,0.0,0.0,0.0,0.11940006447600002,0.12950006993,0.17270009325799998,0.175300094662,0.106700057618,0.236200127548,0.20570011107800001,0.41150022221,0.13970007543799998,0.12700006858000001,0.11940006447600002,0.261600141264,0.19300010422,0.14220007678799998,0.22350012068999997,0.26920014536799997,0.226100122094,0.198100106974,0.154900083646,0.20070010837799998,0.12190006582599998,0.44450024003,0.12700006858000001,0.195600105624,0.177800096012,0.18540010011600003,0.15750008505,0.294600159084,0.18290009876600002,0.17270009325799998,0.23880012895200003,0.137200074088,0.28960015638400005,0.241300130302,0.111800060372,0.1600000864,0.228600123444,0.0,0.0,0.11940006447600002,0.15825225936921739,0.166350089829,0.219050118287,0.265400143316,0.44450024003,2023-12-28
12-29,12,29,0.0,0.0,0.0,0.0,0.0,0.0,0.0,0.0,0.0,0.12190006582599998,0.12950006993,0.17270009325799998,0.195600105624,0.106700057618,0.236200127548,0.20570011107800001,0.416600224964,0.14220007678799998,0.13460007268399998,0.11940006447600002,0.261600141264,0.195600105624,0.14220007678799998,0.22350012068999997,0.27940015087599995,0.231100124794,0.198100106974,0.15750008505,0.203200109728,0.12190006582599998,0.44700024137999994,0.12700006858000001,0.195600105624,0.177800096012,0.18800010152,0.15750008505,0.294600159084,0.18290009876600002,0.17270009325799998,0.23880012895200003,0.14220007678799998,0.294600159084,0.246400133056,0.111800060372,0.175300094662,0.228600123444,0.0,0.0,0.1200250648135,0.16034791267478263,0.17270009325799998,0.219050118287,0.27050014606999995,0.44700024137999994,2023-12-29
12-30,12,30,0.0,0.0,0.0,0.0,0.0,0.0,0.0,0.0,0.0,0.12450006723,0.12950006993,0.17270009325799998,0.21080011383199998,0.106700057618,0.236200127548,0.20570011107800001,0.42160022766399996,0.14480007819200003,0.13460007268399998,0.11940006447600002,0.261600141264,0.195600105624,0.147300079542,0.23370012619799999,0.312400168696,0.231100124794,0.198100106974,0.16260008780399998,0.203200109728,0.12450006723,0.469900253746,0.13460007268399998,0.20070010837799998,0.177800096012,0.19050010287,0.15750008505,0.294600159084,0.18290009876600002,0.177800096012,0.23880012895200003,0.14220007678799998,0.297200160488,0.246400133056,0.111800060372,0.19300010422,0.228600123444,0.0,0.0,0.12067506516450001,0.16349791437578262,0.175250094635,0.224150121041,0.278100150174,0.469900253746,2023-12-30
12-31,12,31,0.0,0.0,0.0,0.0,0.0,0.0,0.0,0.0,0.0,0.12700006858000001,0.13210007133399998,0.17270009325799998,0.218400117936,0.106700057618,0.236200127548,0.22350012068999997,0.42420022906800003,0.14480007819200003,0.13460007268399998,0.11940006447600002,0.261600141264,0.198100106974,0.149900080946,0.23880012895200003,0.32510017555399995,0.246400133056,0.198100106974,0.16760009050400002,0.203200109728,0.13210007133399998,0.469900253746,0.13460007268399998,0.20070010837799998,0.177800096012,0.19050010287,0.15750008505,0.294600159084,0.18290009876600002,0.177800096012,0.23880012895200003,0.14220007678799998,0.3150001701,0.25400013716000003,0.111800060372,0.208300112482,0.228600123444,0.0,0.0,0.12130006550200001,0.1662066114906522,0.175250094635,0.2273251227555,0.278100150174,0.469900253746,2023-12-31
01-01,1,1,0.0,0.0,0.0,0.0,0.0,0.0,0.0,0.0,0.0,0.12700006858000001,0.13210007133399998,0.17270009325799998,0.218400117936,0.106700057618,0.236200127548,0.241300130302,0.42420022906800003,0.14480007819200003,0.13970007543799998,0.11940006447600002,0.261600141264,0.20070010837799998,0.1600000864,0.24380013165199996,0.335300181062,0.28450015363,0.198100106974,0.16760009050400002,0.203200109728,0.137200074088,0.469900253746,0.13460007268399998,0.20070010837799998,0.18290009876600002,0.19050010287,0.15750008505,0.294600159084,0.18030009736199998,0.177800096012,0.24380013165199996,0.14480007819200003,0.31750017145000003,0.28700015498,0.111800060372,0.208300112482,0.228600123444,0.0,0.0,0.12130006550200001,0.16924139573813046,0.175250094635,0.234300126522,0.290800157032,0.469900253746,2023-01-01
01-02,1,2,0.0,0.0,0.0,0.0,0.0,0.0,0.0,0.0,0.0,0.12700006858000001,0.13210007133399998,0.175300094662,0.218400117936,0.111800060372,0.236200127548,0.246400133056,0.429300231822,0.147300079542,0.13970007543799998,0.11940006447600002,0.261600141264,0.20070010837799998,0.1600000864,0.26920014536799997,0.335300181062,0.28450015363,0.195600105624,0.17270009325799998,0.20570011107800001,0.13970007543799998,0.469900253746,0.13460007268399998,0.203200109728,0.18540010011600003,0.195600105624,0.15750008505,0.299700161838,0.18030009736199998,0.177800096012,0.26420014266799996,0.14480007819200003,0.31750017145000003,0.3200001728,0.111800060372,0.215900116586,0.241300130302,0.0,0.0,0.12130006550200001,0.1723348756694783,0.176550095337,0.2400251296135,0.30860016664400003,0.469900253746,2023-01-02
01-03,1,3,0.0,0.0,0.0,0.0,0.0,0.0,0.0,0.0,0.0,0.13210007133399998,0.13210007133399998,0.175300094662,0.231100124794,0.111800060372,0.236200127548,0.25400013716000003,0.44450024003,0.16260008780399998,0.13970007543799998,0.12450006723,0.261600141264,0.20070010837799998,0.16260008780399998,0.274300148122,0.335300181062,0.30730016594200005,0.198100106974,0.175300094662,0.213400115236,0.14220007678799998,0.469900253746,0.13460007268399998,0.203200109728,0.18540010011600003,0.198100106974,0.15750008505,0.312400168696,0.18030009736199998,0.18290009876600002,0.26670014401799996,0.14480007819200003,0.31750017145000003,0.32510017555399995,0.111800060372,0.22100011934000002,0.241300130302,0.0,0.0,0.126400068256,0.1753740077453913,0.17780009601199998,0.2400251296135,0.314950170073,0.469900253746,2023-01-03
01-04,1,4,0.0,0.0,0.0,0.0,0.0,0.0,0.0,0.0,0.0,0.13210007133399998,0.13210007133399998,0.175300094662,0.231100124794,0.12190006582599998,0.236200127548,0.26420014266799996,0.454700245538,0.16760009050400002,0.14220007678799998,0.12700006858000001,0.261600141264,0.203200109728,0.16260008780399998,0.274300148122,0.335300181062,0.3200001728,0.20070010837799998,0.175300094662,0.213400115236,0.14480007819200003,0.469900253746,0.13460007268399998,0.203200109728,0.18800010152,0.20070010837799998,0.15750008505,0.31750017145000003,0.177800096012,0.18290009876600002,0.26670014401799996,0.147300079542,0.3200001728,0.32510017555399995,0.111800060372,0.22100011934000002,0.24380013165199996,0.0,0.0,0.12827506926850002,0.1770305303790435,0.176550095337,0.24190013062599997,0.3200001728,0.469900253746,2023-01-04
01-05,1,5,0.0,0.0,0.0,0.0,0.0,0.0,0.0,0.0,0.0,0.13970007543799998,0.13210007133399998,0.177800096012,0.231100124794,0.12450006723,0.236200127548,0.276900149526,0.454700245538,0.177800096012,0.14220007678799998,0.13460007268399998,0.261600141264,0.203200109728,0.165100089154,0.274300148122,0.335300181062,0.322600174204,0.213400115236,0.18290009876600002,0.213400115236,0.14480007819200003,0.469900253746,0.13460007268399998,0.203200109728,0.18800010152,0.203200109728,0.16260008780399998,0.35050018927,0.175300094662,0.18290009876600002,0.26670014401799996,0.152400082296,0.32510017555399995,0.32510017555399995,0.114300061722,0.226100122094,0.25150013581,0.0,0.0,0.1327250716715,0.17990444497443478,0.180350097389,0.2476751337445,0.32510017555399995,0.469900253746,2023-01-05
01-06,1,6,0.0,0.0,0.0,0.0,0.0,0.0,0.0,0.0,0.0,0.14220007678799998,0.13210007133399998,0.18030009736199998,0.231100124794,0.13970007543799998,0.23880012895200003,0.27940015087599995,0.454700245538,0.18030009736199998,0.14480007819200003,0.137200074088,0.261600141264,0.20570011107800001,0.175300094662,0.27940015087599995,0.335300181062,0.32510017555399995,0.213400115236,0.21080011383199998,0.22100011934000002,0.147300079542,0.469900253746,0.13460007268399998,0.203200109728,0.19050010287,0.20570011107800001,0.16760009050400002,0.355600192024,0.17270009325799998,0.18800010152,0.26670014401799996,0.1600000864,0.355600192024,0.335300181062,0.11940006447600002,0.228600123444,0.26420014266799996,0.0,0.0,0.13525007303499997,0.1837631427103044,0.18415009944099997,0.255900138186,0.335300181062,0.469900253746,2023-01-06
01-07,1,7,0.0,0.0,0.0,0.0,0.0,0.0,0.0,0.0,0.0,0.14220007678799998,0.13460007268399998,0.19050010287,0.23370012619799999,0.147300079542,0.23880012895200003,0.28190015222599996,0.454700245538,0.18030009736199998,0.14480007819200003,0.137200074088,0.261600141264,0.21080011383199998,0.175300094662,0.28190015222599996,0.335300181062,0.32510017555399995,0.218400117936,0.22100011934000002,0.23880012895200003,0.147300079542,0.469900253746,0.13460007268399998,0.203200109728,0.19300010422,0.20570011107800001,0.17270009325799998,0.355600192024,0.18290009876600002,0.198100106974,0.26920014536799997,0.1600000864,0.36070019477799997,0.340400183816,0.12190006582599998,0.231100124794,0.26420014266799996,0.0,0.0,0.13525007303499997,0.18618923097691306,0.191750103545,0.255900138186,0.337850182439,0.469900253746,2023-01-07
01-08,1,8,0.0,0.0,0.0,0.0,0.0,0.0,0.0,0.0,0.0,0.147300079542,0.14220007678799998,0.19050010287,0.241300130302,0.149900080946,0.25650013851000003,0.28450015363,0.462300249642,0.18290009876600002,0.14480007819200003,0.137200074088,0.261600141264,0.21080011383199998,0.175300094662,0.28700015498,0.34540018651599996,0.32770017695799997,0.22100011934000002,0.22350012068999997,0.24380013165199996,0.147300079542,0.469900253746,0.137200074088,0.203200109728,0.195600105624,0.20570011107800001,0.177800096012,0.36320019612800003,0.18290009876600002,0.218400117936,0.26920014536799997,0.1600000864,0.36320019612800003,0.340400183816,0.12190006582599998,0.23370012619799999,0.26920014536799997,0.0,0.0,0.138450074763,0.1890066238026522,0.19305010424699998,0.2603251405755,0.34290018516599996,0.469900253746,2023-01-08
01-09,1,9,0.0,0.0,0.0,0.0,0.0,0.0,0.0,0.0,0.0,0.1600000864,0.14220007678799998,0.19050010287,0.241300130302,0.149900080946,0.259100139914,0.28450015363,0.46740025239599997,0.18290009876600002,0.14480007819200003,0.14480007819200003,0.261600141264,0.21080011383199998,0.175300094662,0.28700015498,0.37080020023200005,0.330200178308,0.22100011934000002,0.23370012619799999,0.246400133056,0.147300079542,0.469900253746,0.137200074088,0.203200109728,0.198100106974,0.20570011107800001,0.175300094662,0.386100208494,0.18540010011600003,0.218400117936,0.26920014536799997,0.1600000864,0.36320019612800003,0.340400183816,0.12190006582599998,0.23370012619799999,0.26920014536799997,0.0,0.0,0.142850077139,0.19105227708121741,0.194300104922,0.2609751409265,0.351800189972,0.469900253746,2023-01-09
01-10,1,10,0.0,0.0,0.0,0.0,0.0,0.0,0.0,0.0,0.0,0.1600000864,0.14480007819200003,0.19050010287,0.25400013716000003,0.149900080946,0.261600141264,0.28450015363,0.47750025784999994,0.18540010011600003,0.14480007819200003,0.149900080946,0.261600141264,0.213400115236,0.175300094662,0.28700015498,0.41150022221,0.332700179658,0.22100011934000002,0.23880012895200003,0.248900134406,0.147300079542,0.469900253746,0.137200074088,0.203200109728,0.20570011107800001,0.20570011107800001,0.17270009325799998,0.43690023592599997,0.19050010287,0.218400117936,0.271800146772,0.1600000864,0.36320019612800003,0.355600192024,0.13210007133399998,0.23370012619799999,0.26920014536799997,0.0,0.0,0.14480007819200003,0.1949174965597391,0.19685010629900002,0.261600141264,0.359400194076,0.47750025784999994,2023-01-10
01-11,1,11,0.0,0.0,0.0,0.0,0.0,0.0,0.0,0.0,0.0,0.1600000864,0.14480007819200003,0.19300010422,0.271800146772,0.149900080946,0.26920014536799997,0.28700015498,0.48510026195399997,0.19050010287,0.14480007819200003,0.165100089154,0.261600141264,0.213400115236,0.18030009736199998,0.28700015498,0.43690023592599997,0.332700179658,0.22100011934000002,0.24380013165199996,0.25150013581,0.147300079542,0.469900253746,0.137200074088,0.218400117936,0.215900116586,0.208300112482,0.17270009325799998,0.462300249642,0.195600105624,0.218400117936,0.274300148122,0.1600000864,0.36320019612800003,0.391200211248,0.14220007678799998,0.23880012895200003,0.26920014536799997,0.0,0.0,0.14480007819200003,0.19944141204613047,0.20195010905299998,0.26920014536799997,0.377200203688,0.48510026195399997,2023-01-11
01-12,1,12,0.0,0.0,0.0,0.0,0.0,0.0,0.0,0.0,0.0,0.1600000864,0.149900080946,0.19300010422,0.28700015498,0.149900080946,0.28450015363,0.28700015498,0.497800268812,0.213400115236,0.14480007819200003,0.18290009876600002,0.27940015087599995,0.213400115236,0.18030009736199998,0.28700015498,0.459700248238,0.34540018651599996,0.228600123444,0.259100139914,0.25650013851000003,0.149900080946,0.469900253746,0.137200074088,0.218400117936,0.226100122094,0.208300112482,0.175300094662,0.495300267462,0.20570011107800001,0.218400117936,0.27940015087599995,0.1600000864,0.36320019612800003,0.398800215352,0.14220007678799998,0.248900134406,0.26920014536799997,0.0,0.0,0.14607507888050003,0.20490880630286956,0.210850113859,0.27940015087599995,0.38100020574000004,0.497800268812,2023-01-12
01-13,1,13,0.0,0.0,0.0,0.0,0.0,0.0,0.0,0.0,0.0,0.1600000864,0.154900083646,0.19300010422,0.28700015498,0.149900080946,0.28960015638400005,0.28700015498,0.5080002743200001,0.22100011934000002,0.14480007819200003,0.18800010152,0.28960015638400005,0.213400115236,0.18290009876600002,0.28700015498,0.459700248238,0.34540018651599996,0.231100124794,0.259100139914,0.26420014266799996,0.149900080946,0.469900253746,0.137200074088,0.218400117936,0.23880012895200003,0.215900116586,0.175300094662,0.500400270216,0.20570011107800001,0.218400117936,0.28190015222599996,0.16260008780399998,0.36320019612800003,0.398800215352,0.1600000864,0.248900134406,0.26920014536799997,0.0,0.0,0.149900080946,0.20717619883160873,0.214650115911,0.28572515429149997,0.38100020574000004,0.5080002743200001,2023-01-13
01-14,1,14,0.0,0.0,0.0,0.0,0.0,0.0,0.0,0.0,0.0,0.18030009736199998,0.1600000864,0.19300010422,0.28700015498,0.149900080946,0.297200160488,0.28700015498,0.5309002866860001,0.231100124794,0.14480007819200003,0.18800010152,0.28960015638400005,0.218400117936,0.18290009876600002,0.28700015498,0.459700248238,0.3480001879199999,0.231100124794,0.259100139914,0.26420014266799996,0.149900080946,0.492800266112,0.137200074088,0.218400117936,0.241300130302,0.215900116586,0.175300094662,0.500400270216,0.20570011107800001,0.218400117936,0.299700161838,0.16760009050400002,0.36580019753200005,0.398800215352,0.16760009050400002,0.248900134406,0.26920014536799997,0.0,0.0,0.149900080946,0.2100457655985652,0.217150117261,0.28700015498,0.382300206442,0.5309002866860001,2023-01-14
01-15,1,15,0.0,0.0,0.0,0.0,0.0,0.0,0.0,0.0,0.0,0.19050010287,0.17270009325799998,0.195600105624,0.292100157734,0.154900083646,0.302300163242,0.28700015498,0.5334002880359999,0.231100124794,0.14480007819200003,0.18800010152,0.292100157734,0.218400117936,0.18290009876600002,0.28700015498,0.462300249642,0.35050018927,0.231100124794,0.259100139914,0.26420014266799996,0.149900080946,0.492800266112,0.137200074088,0.218400117936,0.241300130302,0.218400117936,0.175300094662,0.500400270216,0.20570011107800001,0.218400117936,0.30730016594200005,0.16760009050400002,0.36580019753200005,0.40390021810599996,0.18540010011600003,0.248900134406,0.26920014536799997,0.0,0.0,0.151150081621,0.21186750571273907,0.218400117936,0.28700015498,0.38485020781900003,0.5334002880359999,2023-01-15
01-16,1,16,0.0,0.0,0.0,0.0,0.0,0.0,0.0,0.0,0.0,0.19300010422,0.18540010011600003,0.198100106974,0.297200160488,0.154900083646,0.312400168696,0.292100157734,0.5334002880359999,0.248900134406,0.14480007819200003,0.19300010422,0.294600159084,0.218400117936,0.18290009876600002,0.28700015498,0.462300249642,0.35310019067400006,0.231100124794,0.259100139914,0.26420014266799996,0.149900080946,0.492800266112,0.137200074088,0.22350012068999997,0.241300130302,0.218400117936,0.18290009876600002,0.500400270216,0.20570011107800001,0.228600123444,0.30730016594200005,0.16760009050400002,0.36580019753200005,0.41400022355999994,0.19050010287,0.248900134406,0.26920014536799997,0.0,0.0,0.151150081621,0.21412837649882607,0.218400117936,0.2908251570455,0.389900210546,0.5334002880359999,2023-01-16
01-17,1,17,0.0,0.0,0.0,0.0,0.0,0.0,0.0,0.0,0.0,0.195600105624,0.18800010152,0.198100106974,0.312400168696,0.154900083646,0.3150001701,0.3150001701,0.5334002880359999,0.25400013716000003,0.15750008505,0.195600105624,0.294600159084,0.218400117936,0.18540010011600003,0.28700015498,0.462300249642,0.35310019067400006,0.231100124794,0.259100139914,0.26420014266799996,0.149900080946,0.518200279828,0.137200074088,0.22350012068999997,0.241300130302,0.22100011934000002,0.19300010422,0.500400270216,0.20570011107800001,0.231100124794,0.3150001701,0.17270009325799998,0.36580019753200005,0.42160022766399996,0.19050010287,0.248900134406,0.26920014536799997,0.0,0.0,0.155550083997,0.21695011715299997,0.219700118638,0.292700158058,0.39370021259800003,0.5334002880359999,2023-01-17
01-18,1,18,0.0,0.0,0.0,0.0,0.0,0.0,0.0,0.0,0.0,0.195600105624,0.18800010152,0.198100106974,0.3200001728,0.154900083646,0.3150001701,0.3200001728,0.535900289386,0.271800146772,0.165100089154,0.198100106974,0.297200160488,0.218400117936,0.18540010011600003,0.28700015498,0.462300249642,0.36320019612800003,0.231100124794,0.26670014401799996,0.26420014266799996,0.149900080946,0.548600296244,0.13970007543799998,0.22350012068999997,0.241300130302,0.22350012068999997,0.198100106974,0.500400270216,0.20570011107800001,0.26920014536799997,0.3150001701,0.17270009325799998,0.36580019753200005,0.426700230418,0.20570011107800001,0.248900134406,0.26920014536799997,0.0,0.0,0.157450085023,0.22047620601360868,0.220950119313,0.294650159111,0.39625021397500004,0.548600296244,2023-01-18
01-19,1,19,0.0,0.0,0.0,0.0,0.0,0.0,0.0,0.0,0.0,0.195600105624,0.18800010152,0.198100106974,0.32770017695799997,0.154900083646,0.3150001701,0.32770017695799997,0.535900289386,0.271800146772,0.195600105624,0.22350012068999997,0.297200160488,0.218400117936,0.18540010011600003,0.28700015498,0.462300249642,0.373400201636,0.228600123444,0.26670014401799996,0.26420014266799996,0.1600000864,0.548600296244,0.147300079542,0.22350012068999997,0.241300130302,0.22350012068999997,0.203200109728,0.500400270216,0.20570011107800001,0.274300148122,0.3200001728,0.17270009325799998,0.36580019753200005,0.426700230418,0.21080011383199998,0.25400013716000003,0.26920014536799997,0.0,0.0,0.1631750881145,0.22313055527304346,0.22350012068999997,0.294650159111,0.40005021602699997,0.548600296244,2023-01-19
01-20,1,20,0.0,0.0,0.0,0.0,0.0,0.0,0.0,0.0,0.0,0.195600105624,0.18800010152,0.198100106974,0.330200178308,0.154900083646,0.3150001701,0.34290018516599996,0.535900289386,0.28700015498,0.20570011107800001,0.228600123444,0.299700161838,0.218400117936,0.18540010011600003,0.28700015498,0.462300249642,0.373400201636,0.228600123444,0.271800146772,0.26420014266799996,0.165100089154,0.5588003017519999,0.154900083646,0.22350012068999997,0.241300130302,0.22350012068999997,0.20570011107800001,0.500400270216,0.208300112482,0.276900149526,0.3200001728,0.17270009325799998,0.36580019753200005,0.426700230418,0.21080011383199998,0.25400013716000003,0.26920014536799997,0.0,0.0,0.16700009018,0.22500664324265213,0.22350012068999997,0.2965251601235,0.40005021602699997,0.5588003017519999,2023-01-20
01-21,1,21,0.0,0.0,0.0,0.0,0.0,0.0,0.0,0.0,0.0,0.195600105624,0.18800010152,0.198100106974,0.332700179658,0.154900083646,0.3150001701,0.34540018651599996,0.53850029079,0.28960015638400005,0.22100011934000002,0.228600123444,0.299700161838,0.22100011934000002,0.18540010011600003,0.28960015638400005,0.462300249642,0.373400201636,0.228600123444,0.274300148122,0.26420014266799996,0.170200091908,0.5588003017519999,0.1600000864,0.22350012068999997,0.241300130302,0.22350012068999997,0.213400115236,0.500400270216,0.22100011934000002,0.276900149526,0.32770017695799997,0.17270009325799998,0.36580019753200005,0.426700230418,0.213400115236,0.25400013716000003,0.271800146772,0.0,0.0,0.1708250922455,0.22667403544739126,0.22350012068999997,0.29717516047450004,0.40005021602699997,0.5588003017519999,2023-01-21
01-22,1,22,0.0,0.0,0.0,0.0,0.0,0.0,0.0,0.0,0.0,0.195600105624,0.19300010422,0.198100106974,0.332700179658,0.154900083646,0.3150001701,0.35310019067400006,0.543600293544,0.28960015638400005,0.228600123444,0.236200127548,0.302300163242,0.22350012068999997,0.18540010011600003,0.28960015638400005,0.462300249642,0.373400201636,0.228600123444,0.27940015087599995,0.26420014266799996,0.18800010152,0.5588003017519999,0.19300010422,0.22350012068999997,0.241300130302,0.22350012068999997,0.218400117936,0.5080002743200001,0.22100011934000002,0.292100157734,0.335300181062,0.17270009325799998,0.36580019753200005,0.426700230418,0.215900116586,0.25650013851000003,0.271800146772,0.0,0.0,0.18605010046700002,0.22959577615556526,0.22605012206699998,0.299750161865,0.40005021602699997,0.5588003017519999,2023-01-22
01-23,1,23,0.0,0.0,0.0,0.0,0.0,0.0,0.0,0.0,0.0,0.195600105624,0.19300010422,0.198100106974,0.35050018927,0.154900083646,0.3150001701,0.35310019067400006,0.5613003031020001,0.294600159084,0.236200127548,0.241300130302,0.302300163242,0.22350012068999997,0.18540010011600003,0.292100157734,0.462300249642,0.375900202986,0.231100124794,0.27940015087599995,0.26920014536799997,0.208300112482,0.5791003127139999,0.19300010422,0.22350012068999997,0.23880012895200003,0.22350012068999997,0.218400117936,0.520700281178,0.22350012068999997,0.294600159084,0.34290018516599996,0.177800096012,0.36580019753200005,0.426700230418,0.215900116586,0.25650013851000003,0.26420014266799996,0.0,0.0,0.18730010114200002,0.2323479515547826,0.22730012274199998,0.3003751622025,0.401300216702,0.5791003127139999,2023-01-23
01-24,1,24,0.0,0.0,0.0,0.0,0.0,0.0,0.0,0.0,0.0,0.20570011107800001,0.19300010422,0.203200109728,0.35050018927,0.154900083646,0.31750017145000003,0.355600192024,0.57150030861,0.297200160488,0.24380013165199996,0.24380013165199996,0.302300163242,0.22350012068999997,0.19050010287,0.292100157734,0.462300249642,0.375900202986,0.231100124794,0.27940015087599995,0.274300148122,0.21080011383199998,0.5791003127139999,0.198100106974,0.22350012068999997,0.23880012895200003,0.22350012068999997,0.226100122094,0.5512002976479999,0.22350012068999997,0.312400168696,0.34290018516599996,0.18290009876600002,0.36580019753200005,0.426700230418,0.215900116586,0.25650013851000003,0.26670014401799996,0.0,0.0,0.19112510320749998,0.2350544747554348,0.228600123444,0.3098751673325,0.401300216702,0.5791003127139999,2023-01-24
01-25,1,25,0.0,0.0,0.0,0.0,0.0,0.0,0.0,0.0,0.0,0.20570011107800001,0.19300010422,0.203200109728,0.35050018927,0.15750008505,0.3200001728,0.37850020439,0.57150030861,0.297200160488,0.26670014401799996,0.246400133056,0.304800164592,0.226100122094,0.19050010287,0.292100157734,0.462300249642,0.375900202986,0.231100124794,0.28700015498,0.299700161838,0.213400115236,0.5791003127139999,0.198100106974,0.22350012068999997,0.23880012895200003,0.22350012068999997,0.231100124794,0.5512002976479999,0.22350012068999997,0.31750017145000003,0.35050018927,0.18290009876600002,0.375900202986,0.431800233172,0.215900116586,0.25650013851000003,0.26670014401799996,0.0,0.0,0.19112510320749998,0.2378175197257391,0.231100124794,0.3143251697355,0.405150218781,0.5791003127139999,2023-01-25
01-26,1,26,0.0,0.0,0.0,0.0,0.0,0.0,0.0,0.0,0.0,0.20570011107800001,0.195600105624,0.203200109728,0.35050018927,0.15750008505,0.332700179658,0.388600209844,0.607100327834,0.302300163242,0.26670014401799996,0.25650013851000003,0.312400168696,0.226100122094,0.19300010422,0.292100157734,0.462300249642,0.38100020574,0.231100124794,0.292100157734,0.3150001701,0.215900116586,0.5791003127139999,0.198100106974,0.226100122094,0.23880012895200003,0.22350012068999997,0.231100124794,0.5512002976479999,0.226100122094,0.3200001728,0.35310019067400006,0.18290009876600002,0.375900202986,0.431800233172,0.22350012068999997,0.261600141264,0.26670014401799996,0.0,0.0,0.193650104571,0.24080230394621735,0.231100124794,0.318750172125,0.410200221508,0.607100327834,2023-01-26
01-27,1,27,0.0,0.0,0.0,0.0,0.0,0.0,0.0,0.0,0.0,0.208300112482,0.198100106974,0.203200109728,0.35050018927,0.1600000864,0.335300181062,0.391200211248,0.619800334692,0.302300163242,0.26670014401799996,0.25650013851000003,0.312400168696,0.226100122094,0.19300010422,0.294600159084,0.46480025099199995,0.386100208494,0.228600123444,0.294600159084,0.3150001701,0.218400117936,0.5817003141179999,0.21080011383199998,0.231100124794,0.236200127548,0.22350012068999997,0.231100124794,0.5512002976479999,0.228600123444,0.322600174204,0.35310019067400006,0.18290009876600002,0.375900202986,0.439400237276,0.22350012068999997,0.261600141264,0.26670014401799996,0.0,0.0,0.1942751049085,0.2422914351851304,0.231100124794,0.320700173178,0.415300224262,0.619800334692,2023-01-27
01-28,1,28,0.0,0.0,0.0,0.0,0.0,0.0,0.0,0.0,0.0,0.208300112482,0.198100106974,0.203200109728,0.35050018927,0.1600000864,0.335300181062,0.41400022355999994,0.622300336042,0.302300163242,0.26920014536799997,0.25650013851000003,0.312400168696,0.241300130302,0.20070010837799998,0.297200160488,0.46740025239599997,0.388600209844,0.228600123444,0.309900167346,0.31750017145000003,0.22100011934000002,0.5817003141179999,0.21080011383199998,0.23880012895200003,0.236200127548,0.22350012068999997,0.231100124794,0.5512002976479999,0.228600123444,0.322600174204,0.358100193374,0.19050010287,0.375900202986,0.44700024137999994,0.22350012068999997,0.261600141264,0.26670014401799996,0.0,0.0,0.19875010732499998,0.24461100165508692,0.23750012825,0.3213251735155,0.4305002324699999,0.622300336042,2023-01-28
01-29,1,29,0.0,0.0,0.0,0.0,0.0,0.0,0.0,0.0,0.0,0.213400115236,0.20070010837799998,0.203200109728,0.35050018927,0.1600000864,0.335300181062,0.431800233172,0.624800337392,0.302300163242,0.26920014536799997,0.25650013851000003,0.3150001701,0.25150013581,0.20070010837799998,0.299700161838,0.46740025239599997,0.398800215352,0.228600123444,0.3200001728,0.32510017555399995,0.22100011934000002,0.5817003141179999,0.21080011383199998,0.23880012895200003,0.236200127548,0.22350012068999997,0.23370012619799999,0.553700298998,0.228600123444,0.322600174204,0.36070019477799997,0.20070010837799998,0.375900202986,0.44700024137999994,0.22350012068999997,0.261600141264,0.26670014401799996,0.0,0.0,0.20070010837799998,0.24654795922278253,0.23750012825,0.32447517521649993,0.43940023727599997,0.624800337392,2023-01-29
01-30,1,30,0.0,0.0,0.0,0.0,0.0,0.0,0.0,0.0,0.0,0.22350012068999997,0.20070010837799998,0.203200109728,0.355600192024,0.16260008780399998,0.335300181062,0.44700024137999994,0.624800337392,0.302300163242,0.271800146772,0.25650013851000003,0.3150001701,0.25150013581,0.203200109728,0.299700161838,0.469900253746,0.40130021670199995,0.228600123444,0.32770017695799997,0.32770017695799997,0.22100011934000002,0.5817003141179999,0.21080011383199998,0.246400133056,0.25650013851000003,0.226100122094,0.24380013165199996,0.553700298998,0.228600123444,0.322600174204,0.36070019477799997,0.20570011107800001,0.375900202986,0.457200246888,0.22350012068999997,0.261600141264,0.26420014266799996,0.0,0.0,0.203200109728,0.24886752569273912,0.24895013443300001,0.32770017695799997,0.45210024413399996,0.624800337392,2023-01-30
01-31,1,31,0.0,0.0,0.0,0.0,0.0,0.0,0.0,0.0,0.0,0.236200127548,0.20070010837799998,0.203200109728,0.355600192024,0.16260008780399998,0.337800182412,0.457200246888,0.627400338796,0.304800164592,0.271800146772,0.25650013851000003,0.3150001701,0.25150013581,0.208300112482,0.299700161838,0.472400255096,0.41400022355999994,0.228600123444,0.332700179658,0.32770017695799997,0.22100011934000002,0.5817003141179999,0.21080011383199998,0.261600141264,0.25650013851000003,0.231100124794,0.26420014266799996,0.553700298998,0.228600123444,0.322600174204,0.368300198882,0.20570011107800001,0.375900202986,0.457200246888,0.22350012068999997,0.261600141264,0.261600141264,0.0,0.0,0.20382511006550003,0.25107187470917386,0.25650013851000003,0.331450178983,0.457200246888,0.627400338796,2023-01-31
02-01,2,1,0.0,0.0,0.0,0.0,0.0,0.0,0.0,0.0,0.0,0.236200127548,0.20070010837799998,0.203200109728,0.36070019477799997,0.165100089154,0.3480001879199999,0.46480025099199995,0.627400338796,0.304800164592,0.271800146772,0.259100139914,0.31750017145000003,0.25150013581,0.21080011383199998,0.299700161838,0.4750002565,0.41910022631399996,0.228600123444,0.35310019067400006,0.32770017695799997,0.22100011934000002,0.584200315468,0.21080011383199998,0.261600141264,0.25650013851000003,0.231100124794,0.271800146772,0.553700298998,0.228600123444,0.322600174204,0.368300198882,0.20570011107800001,0.375900202986,0.457200246888,0.22350012068999997,0.261600141264,0.261600141264,0.0,0.0,0.20382511006550003,0.2526197016319564,0.257800139212,0.34292518517949994,0.46100024893999997,0.627400338796,2023-02-01
02-02,2,2,0.0,0.0,0.0,0.0,0.0,0.0,0.0,0.0,0.0,0.241300130302,0.20070010837799998,0.203200109728,0.368300198882,0.165100089154,0.35050018927,0.46480025099199995,0.627400338796,0.304800164592,0.276900149526,0.259100139914,0.31750017145000003,0.25150013581,0.21080011383199998,0.299700161838,0.4750002565,0.431800233172,0.228600123444,0.358100193374,0.32770017695799997,0.22100011934000002,0.584200315468,0.213400115236,0.261600141264,0.25650013851000003,0.23370012619799999,0.274300148122,0.553700298998,0.231100124794,0.322600174204,0.368300198882,0.208300112482,0.375900202986,0.457200246888,0.23370012619799999,0.271800146772,0.261600141264,0.0,0.0,0.20447511041650002,0.2541675285547391,0.257800139212,0.344800186192,0.46100024893999997,0.627400338796,2023-02-02
02-03,2,3,0.0,0.0,0.0,0.0,0.0,0.0,0.0,0.0,0.0,0.241300130302,0.20070010837799998,0.203200109728,0.37080020023200005,0.165100089154,0.35050018927,0.46480025099199995,0.645200348408,0.312400168696,0.27940015087599995,0.259100139914,0.3200001728,0.25150013581,0.22100011934000002,0.302300163242,0.4750002565,0.44200023868000005,0.231100124794,0.36070019477799997,0.32770017695799997,0.22100011934000002,0.584200315468,0.21080011383199998,0.261600141264,0.25650013851000003,0.236200127548,0.274300148122,0.553700298998,0.23370012619799999,0.332700179658,0.368300198882,0.208300112482,0.375900202986,0.457200246888,0.248900134406,0.276900149526,0.261600141264,0.0,0.0,0.20447511041650002,0.25620883400486955,0.257800139212,0.34605018686699995,0.46100024893999997,0.645200348408,2023-02-03
02-04,2,4,0.0,0.0,0.0,0.0,0.0,0.0,0.0,0.0,0.0,0.241300130302,0.20070010837799998,0.203200109728,0.37080020023200005,0.165100089154,0.35050018927,0.46480025099199995,0.6477003497580001,0.3150001701,0.27940015087599995,0.259100139914,0.32510017555399995,0.25150013581,0.22100011934000002,0.312400168696,0.4750002565,0.44450024003,0.23370012619799999,0.375900202986,0.32770017695799997,0.22350012068999997,0.584200315468,0.208300112482,0.26420014266799996,0.259100139914,0.241300130302,0.276900149526,0.566400305856,0.23370012619799999,0.36070019477799997,0.368300198882,0.22350012068999997,0.375900202986,0.457200246888,0.248900134406,0.276900149526,0.261600141264,0.0,0.0,0.20447511041650002,0.25858709615869563,0.259100139914,0.35815019340099996,0.46100024893999997,0.6477003497580001,2023-02-04
02-05,2,5,0.0,0.0,0.0,0.0,0.0,0.0,0.0,0.0,0.0,0.241300130302,0.20070010837799998,0.203200109728,0.37080020023200005,0.165100089154,0.35050018927,0.46740025239599997,0.6477003497580001,0.3150001701,0.27940015087599995,0.259100139914,0.32770017695799997,0.25150013581,0.22100011934000002,0.3150001701,0.4750002565,0.44700024137999994,0.236200127548,0.375900202986,0.32770017695799997,0.22350012068999997,0.599400323676,0.208300112482,0.26420014266799996,0.259100139914,0.25150013581,0.28450015363,0.57150030861,0.236200127548,0.373400201636,0.368300198882,0.22350012068999997,0.375900202986,0.457200246888,0.25150013581,0.28190015222599996,0.261600141264,0.0,0.0,0.20447511041650002,0.260189270936913,0.259100139914,0.36385019647899997,0.462300249642,0.6477003497580001,2023-02-05
02-06,2,6,0.0,0.0,0.0,0.0,0.0,0.0,0.0,0.0,0.0,0.24380013165199996,0.20070010837799998,0.203200109728,0.373400201636,0.165100089154,0.35050018927,0.469900253746,0.6502003511079999,0.3150001701,0.28450015363,0.259100139914,0.32770017695799997,0.25150013581,0.22100011934000002,0.3150001701,0.4750002565,0.44700024137999994,0.236200127548,0.37850020439,0.32770017695799997,0.22350012068999997,0.617200333288,0.208300112482,0.26420014266799996,0.261600141264,0.25400013716000003,0.28700015498,0.57150030861,0.24380013165199996,0.386100208494,0.375900202986,0.23370012619799999,0.375900202986,0.46480025099199995,0.27940015087599995,0.304800164592,0.261600141264,0.0,0.0,0.20447511041650002,0.26322405518439135,0.261600141264,0.36767519854450004,0.46735025236899996,0.6502003511079999,2023-02-06
02-07,2,7,0.0,0.0,0.0,0.0,0.0,0.0,0.0,0.0,0.0,0.25150013581,0.20070010837799998,0.203200109728,0.37850020439,0.170200091908,0.35050018927,0.469900253746,0.6502003511079999,0.322600174204,0.28960015638400005,0.259100139914,0.330200178308,0.25150013581,0.22100011934000002,0.3150001701,0.47750025784999994,0.44700024137999994,0.236200127548,0.38350020709000004,0.332700179658,0.22350012068999997,0.617200333288,0.208300112482,0.26420014266799996,0.26420014266799996,0.25400013716000003,0.28700015498,0.586700316818,0.246400133056,0.386100208494,0.41150022221,0.236200127548,0.375900202986,0.469900253746,0.304800164592,0.309900167346,0.261600141264,0.0,0.0,0.20447511041650002,0.2662610133460869,0.262900141966,0.369550199557,0.469900253746,0.6502003511079999,2023-02-07
02-08,2,8,0.0,0.0,0.0,0.0,0.0,0.0,0.0,0.0,0.0,0.25400013716000003,0.20070010837799998,0.203200109728,0.386100208494,0.19050010287,0.35050018927,0.469900253746,0.6502003511079999,0.32770017695799997,0.330200178308,0.259100139914,0.34290018516599996,0.25150013581,0.22100011934000002,0.3200001728,0.482600260604,0.44700024137999994,0.236200127548,0.406400219456,0.335300181062,0.22350012068999997,0.640100345654,0.208300112482,0.26420014266799996,0.28190015222599996,0.25400013716000003,0.28700015498,0.619800334692,0.248900134406,0.386100208494,0.41910022631399996,0.236200127548,0.375900202986,0.469900253746,0.322600174204,0.332700179658,0.261600141264,0.0,0.0,0.20447511041650002,0.2716697119189565,0.262900141966,0.369550199557,0.469900253746,0.6502003511079999,2023-02-08
02-09,2,9,0.0,0.0,0.0,0.0,0.0,0.0,0.0,0.0,0.0,0.25650013851000003,0.20070010837799998,0.203200109728,0.396200213948,0.208300112482,0.35050018927,0.469900253746,0.6502003511079999,0.340400183816,0.36070019477799997,0.259100139914,0.34290018516599996,0.261600141264,0.22100011934000002,0.322600174204,0.48510026195399997,0.44450024003,0.236200127548,0.40890022080599997,0.34290018516599996,0.22350012068999997,0.640100345654,0.213400115236,0.276900149526,0.30730016594200005,0.25400013716000003,0.28700015498,0.624800337392,0.248900134406,0.386100208494,0.41910022631399996,0.236200127548,0.375900202986,0.4750002565,0.32770017695799997,0.332700179658,0.261600141264,0.0,0.0,0.2095751131705,0.27503493112747823,0.26925014539500003,0.372100200934,0.472450255123,0.6502003511079999,2023-02-09
02-10,2,10,0.0,0.0,0.0,0.0,0.0,0.0,0.0,0.0,0.0,0.261600141264,0.20070010837799998,0.20570011107800001,0.406400219456,0.21080011383199998,0.35310019067400006,0.469900253746,0.6502003511079999,0.340400183816,0.393700212598,0.259100139914,0.34290018516599996,0.261600141264,0.22100011934000002,0.322600174204,0.48510026195399997,0.44200023868000005,0.236200127548,0.40890022080599997,0.355600192024,0.22350012068999997,0.640100345654,0.215900116586,0.28450015363,0.3200001728,0.261600141264,0.28700015498,0.627400338796,0.248900134406,0.391200211248,0.41910022631399996,0.236200127548,0.375900202986,0.4750002565,0.32770017695799997,0.332700179658,0.261600141264,0.0,0.0,0.21207511452049999,0.27730014974199996,0.27305014744699996,0.3873752091825,0.472450255123,0.6502003511079999,2023-02-10
02-11,2,11,0.0,0.0,0.0,0.0,0.0,0.0,0.0,0.0,0.0,0.26670014401799996,0.20070010837799998,0.21080011383199998,0.41150022221,0.23370012619799999,0.358100193374,0.469900253746,0.6528003525120001,0.340400183816,0.40130021670199995,0.26420014266799996,0.3480001879199999,0.261600141264,0.22100011934000002,0.322600174204,0.48510026195399997,0.439400237276,0.241300130302,0.41150022221,0.355600192024,0.22350012068999997,0.640100345654,0.22100011934000002,0.292100157734,0.3200001728,0.26420014266799996,0.28700015498,0.6477003497580001,0.25150013581,0.398800215352,0.41910022631399996,0.236200127548,0.375900202986,0.47750025784999994,0.32770017695799997,0.337800182412,0.26920014536799997,0.0,0.0,0.22100011934000002,0.2801197164819565,0.27810015017399997,0.3930752122605,0.47370025579799996,0.6528003525120001,2023-02-11
02-12,2,12,0.0,0.0,0.0,0.0,0.0,0.0,0.0,0.0,0.0,0.26920014536799997,0.20070010837799998,0.22100011934000002,0.41150022221,0.241300130302,0.373400201636,0.469900253746,0.6528003525120001,0.34290018516599996,0.40390021810599996,0.271800146772,0.35310019067400006,0.261600141264,0.22100011934000002,0.322600174204,0.492800266112,0.439400237276,0.25650013851000003,0.41150022221,0.358100193374,0.228600123444,0.640100345654,0.22100011934000002,0.292100157734,0.322600174204,0.26420014266799996,0.27940015087599995,0.6477003497580001,0.25150013581,0.40390021810599996,0.42420022906800003,0.23880012895200003,0.375900202986,0.47750025784999994,0.32770017695799997,0.337800182412,0.292100157734,0.0,0.0,0.22100011934000002,0.28261102217508693,0.28575015430499995,0.396900214326,0.47370025579799996,0.6528003525120001,2023-02-12
02-13,2,13,0.0,0.0,0.0,0.0,0.0,0.0,0.0,0.0,0.0,0.28700015498,0.21080011383199998,0.226100122094,0.41150022221,0.241300130302,0.386100208494,0.469900253746,0.6528003525120001,0.34540018651599996,0.40390021810599996,0.28190015222599996,0.36320019612800003,0.261600141264,0.22100011934000002,0.322600174204,0.497800268812,0.439400237276,0.25650013851000003,0.41150022221,0.36320019612800003,0.23370012619799999,0.640100345654,0.241300130302,0.292100157734,0.332700179658,0.26420014266799996,0.27940015087599995,0.6477003497580001,0.25150013581,0.40390021810599996,0.42420022906800003,0.246400133056,0.375900202986,0.47750025784999994,0.32770017695799997,0.337800182412,0.299700161838,0.0,0.0,0.22800012311999998,0.2854197193439565,0.289550156357,0.399450215703,0.47370025579799996,0.6528003525120001,2023-02-13
02-14,2,14,0.0,0.0,0.0,0.0,0.0,0.0,0.0,0.0,0.0,0.28960015638400005,0.226100122094,0.23370012619799999,0.41150022221,0.24380013165199996,0.40890022080599997,0.469900253746,0.6553003538619999,0.34540018651599996,0.40390021810599996,0.28960015638400005,0.368300198882,0.261600141264,0.226100122094,0.322600174204,0.497800268812,0.439400237276,0.25650013851000003,0.41910022631399996,0.36580019753200005,0.24380013165199996,0.640100345654,0.241300130302,0.292100157734,0.3480001879199999,0.26420014266799996,0.27940015087599995,0.6477003497580001,0.25400013716000003,0.434300234522,0.426700230418,0.246400133056,0.375900202986,0.47750025784999994,0.32770017695799997,0.36580019753200005,0.299700161838,0.0,0.0,0.23560012722399998,0.28911972134195646,0.290850157059,0.40765022013099994,0.47370025579799996,0.6553003538619999,2023-02-14
02-15,2,15,0.0,0.0,0.0,0.0,0.0,0.0,0.0,0.0,0.0,0.28960015638400005,0.226100122094,0.23880012895200003,0.41150022221,0.24380013165199996,0.42420022906800003,0.469900253746,0.660400356616,0.35310019067400006,0.40390021810599996,0.31750017145000003,0.368300198882,0.26420014266799996,0.231100124794,0.322600174204,0.513100277074,0.44200023868000005,0.259100139914,0.41910022631399996,0.368300198882,0.246400133056,0.640100345654,0.241300130302,0.292100157734,0.355600192024,0.26420014266799996,0.28960015638400005,0.6477003497580001,0.259100139914,0.459700248238,0.426700230418,0.261600141264,0.375900202986,0.47750025784999994,0.32770017695799997,0.38100020574,0.299700161838,0.0,0.0,0.23942512928950002,0.29288059293804347,0.29590015978600004,0.40960022118399997,0.47370025579799996,0.660400356616,2023-02-15
02-16,2,16,0.0,0.0,0.0,0.0,0.0,0.0,0.0,0.0,0.0,0.28960015638400005,0.228600123444,0.24380013165199996,0.41400022355999994,0.24380013165199996,0.426700230418,0.469900253746,0.662900357966,0.358100193374,0.40390021810599996,0.31750017145000003,0.368300198882,0.26420014266799996,0.231100124794,0.32510017555399995,0.518200279828,0.457200246888,0.26670014401799996,0.41910022631399996,0.37080020023200005,0.25150013581,0.640100345654,0.248900134406,0.292100157734,0.355600192024,0.261600141264,0.292100157734,0.6477003497580001,0.261600141264,0.469900253746,0.431800233172,0.28450015363,0.375900202986,0.47750025784999994,0.340400183816,0.386100208494,0.299700161838,0.0,0.0,0.24380013165199996,0.29557624656760867,0.29590015978600004,0.41147522219649996,0.47370025579799996,0.662900357966,2023-02-16
02-17,2,17,0.0,0.0,0.0,0.0,0.0,0.0,0.0,0.0,0.0,0.299700161838,0.236200127548,0.25150013581,0.42160022766399996,0.24380013165199996,0.426700230418,0.472400255096,0.662900357966,0.36070019477799997,0.406400219456,0.32770017695799997,0.368300198882,0.26670014401799996,0.24380013165199996,0.32510017555399995,0.520700281178,0.457200246888,0.274300148122,0.42160022766399996,0.38100020574,0.25150013581,0.660400356616,0.248900134406,0.292100157734,0.37080020023200005,0.261600141264,0.292100157734,0.6477003497580001,0.261600141264,0.469900253746,0.439400237276,0.297200160488,0.375900202986,0.480100259254,0.34540018651599996,0.393700212598,0.304800164592,0.0,0.0,0.24507513234049996,0.299161031112087,0.302250163215,0.417800225612,0.476250257175,0.662900357966,2023-02-17
02-18,2,18,0.0,0.0,0.0,0.0,0.0,0.0,0.0,0.0,0.0,0.312400168696,0.23880012895200003,0.25150013581,0.42420022906800003,0.26670014401799996,0.426700230418,0.47750025784999994,0.6655003593699998,0.36320019612800003,0.429300231822,0.332700179658,0.368300198882,0.26670014401799996,0.24380013165199996,0.32770017695799997,0.520700281178,0.462300249642,0.274300148122,0.42420022906800003,0.388600209844,0.25150013581,0.660400356616,0.248900134406,0.294600159084,0.37080020023200005,0.261600141264,0.292100157734,0.6528003525120001,0.261600141264,0.469900253746,0.439400237276,0.297200160488,0.375900202986,0.480100259254,0.34540018651599996,0.40390021810599996,0.34290018516599996,0.0,0.0,0.249550134757,0.3024805981220435,0.320050172827,0.42420022906800003,0.478800258552,0.6655003593699998,2023-02-18
02-19,2,19,0.0,0.0,0.0,0.0,0.0,0.0,0.0,0.0,0.0,0.3200001728,0.241300130302,0.25400013716000003,0.431800233172,0.276900149526,0.429300231822,0.48510026195399997,0.6655003593699998,0.36320019612800003,0.439400237276,0.332700179658,0.368300198882,0.271800146772,0.24380013165199996,0.330200178308,0.5258002839320001,0.46740025239599997,0.276900149526,0.42420022906800003,0.388600209844,0.25400013716000003,0.660400356616,0.25150013581,0.294600159084,0.37080020023200005,0.261600141264,0.309900167346,0.662900357966,0.261600141264,0.469900253746,0.439400237276,0.299700161838,0.375900202986,0.480100259254,0.355600192024,0.40390021810599996,0.37080020023200005,0.0,0.0,0.25212513614750004,0.30562625199460863,0.325100175554,0.4280252311335,0.48260026060399996,0.6655003593699998,2023-02-19
02-20,2,20,0.0,0.0,0.0,0.0,0.0,0.0,0.0,0.0,0.0,0.322600174204,0.24380013165199996,0.259100139914,0.462300249642,0.276900149526,0.429300231822,0.5029002715659999,0.6655003593699998,0.36320019612800003,0.44200023868000005,0.332700179658,0.373400201636,0.274300148122,0.24380013165199996,0.332700179658,0.5309002866860001,0.46740025239599997,0.28190015222599996,0.42420022906800003,0.391200211248,0.25650013851000003,0.688300371682,0.25400013716000003,0.294600159084,0.38350020709000004,0.261600141264,0.312400168696,0.675600364824,0.26920014536799997,0.469900253746,0.439400237276,0.309900167346,0.375900202986,0.480100259254,0.36070019477799997,0.406400219456,0.37080020023200005,0.0,0.0,0.25462513749750004,0.3093240800783913,0.32765017693099996,0.4280252311335,0.49150026540999997,0.688300371682,2023-02-20
02-21,2,21,0.0,0.0,0.0,0.0,0.0,0.0,0.0,0.0,0.0,0.322600174204,0.24380013165199996,0.26670014401799996,0.482600260604,0.28450015363,0.429300231822,0.535900289386,0.6655003593699998,0.36320019612800003,0.44200023868000005,0.335300181062,0.38350020709000004,0.294600159084,0.246400133056,0.332700179658,0.53850029079,0.469900253746,0.28190015222599996,0.429300231822,0.391200211248,0.25650013851000003,0.688300371682,0.261600141264,0.299700161838,0.386100208494,0.26920014536799997,0.312400168696,0.688300371682,0.26920014536799997,0.469900253746,0.44450024003,0.3150001701,0.375900202986,0.480100259254,0.37850020439,0.41150022221,0.373400201636,0.0,0.0,0.25777513919850004,0.31346756057673913,0.32765017693099996,0.429300231822,0.509250274995,0.688300371682,2023-02-21
02-22,2,22,0.0,0.0,0.0,0.0,0.0,0.0,0.0,0.0,0.0,0.32510017555399995,0.24380013165199996,0.26920014536799997,0.48510026195399997,0.28450015363,0.429300231822,0.5512002976479999,0.6655003593699998,0.36580019753200005,0.454700245538,0.3480001879199999,0.38350020709000004,0.294600159084,0.25400013716000003,0.335300181062,0.53850029079,0.472400255096,0.28190015222599996,0.431800233172,0.391200211248,0.259100139914,0.688300371682,0.274300148122,0.299700161838,0.386100208494,0.274300148122,0.312400168696,0.7036003799439999,0.26920014536799997,0.482600260604,0.44450024003,0.3150001701,0.38100020574,0.482600260604,0.386100208494,0.41150022221,0.373400201636,0.0,0.0,0.2616251412775,0.31628495340247825,0.33020017830799997,0.4311752328345,0.511800276372,0.7036003799439999,2023-02-22
02-23,2,23,0.0,0.0,0.0,0.0,0.0,0.0,0.0,0.0,0.0,0.32510017555399995,0.24380013165199996,0.27940015087599995,0.490200264708,0.28700015498,0.429300231822,0.5588003017519999,0.6655003593699998,0.375900202986,0.457200246888,0.35050018927,0.391200211248,0.297200160488,0.26670014401799996,0.337800182412,0.53850029079,0.4750002565,0.28450015363,0.43690023592599997,0.391200211248,0.259100139914,0.6909003730859999,0.28700015498,0.299700161838,0.391200211248,0.274300148122,0.3150001701,0.713700385398,0.271800146772,0.482600260604,0.44450024003,0.3150001701,0.38100020574,0.497800268812,0.386100208494,0.41150022221,0.373400201636,0.0,0.0,0.26797514470649997,0.31905017228699994,0.331450178983,0.43500023489999995,0.518150279801,0.713700385398,2023-02-23
02-24,2,24,0.0,0.0,0.0,0.0,0.0,0.0,0.0,0.0,0.0,0.32510017555399995,0.24380013165199996,0.28190015222599996,0.513100277074,0.292100157734,0.429300231822,0.5613003031020001,0.6655003593699998,0.391200211248,0.459700248238,0.358100193374,0.396200213948,0.297200160488,0.271800146772,0.34290018516599996,0.53850029079,0.4750002565,0.28700015498,0.43690023592599997,0.393700212598,0.261600141264,0.693400374436,0.28700015498,0.304800164592,0.393700212598,0.26670014401799996,0.31750017145000003,0.713700385398,0.271800146772,0.48510026195399997,0.44450024003,0.3150001701,0.38100020574,0.500400270216,0.386100208494,0.41150022221,0.373400201636,0.0,0.0,0.26797514470649997,0.32103278205326086,0.33400018035999995,0.43500023489999995,0.525800283932,0.713700385398,2023-02-24
02-25,2,25,0.0,0.0,0.0,0.0,0.0,0.0,0.0,0.0,0.0,0.32510017555399995,0.24380013165199996,0.28450015363,0.518200279828,0.297200160488,0.429300231822,0.5613003031020001,0.6655003593699998,0.41400022355999994,0.459700248238,0.37850020439,0.396200213948,0.304800164592,0.27940015087599995,0.34540018651599996,0.53850029079,0.47750025784999994,0.28960015638400005,0.469900253746,0.396200213948,0.26670014401799996,0.7036003799439999,0.292100157734,0.304800164592,0.393700212598,0.271800146772,0.31750017145000003,0.713700385398,0.274300148122,0.48770026335800004,0.44450024003,0.3150001701,0.38100020574,0.5029002715659999,0.386100208494,0.41150022221,0.38100020574,0.0,0.0,0.2724251471095,0.3244023490902173,0.33525018103499993,0.440700237978,0.528350285309,0.713700385398,2023-02-25
02-26,2,26,0.0,0.0,0.0,0.0,0.0,0.0,0.0,0.0,0.0,0.32770017695799997,0.24380013165199996,0.28450015363,0.518200279828,0.299700161838,0.429300231822,0.57400030996,0.6680003607200001,0.416600224964,0.459700248238,0.38350020709000004,0.396200213948,0.30730016594200005,0.28450015363,0.3480001879199999,0.53850029079,0.482600260604,0.299700161838,0.47750025784999994,0.40390021810599996,0.26670014401799996,0.718800388152,0.292100157734,0.30730016594200005,0.393700212598,0.274300148122,0.31750017145000003,0.713700385398,0.274300148122,0.492800266112,0.44450024003,0.3150001701,0.38350020709000004,0.5029002715659999,0.386100208494,0.41150022221,0.391200211248,0.0,0.0,0.274300148122,0.3267197416459565,0.33785018243899995,0.440700237978,0.528350285309,0.718800388152,2023-02-26
02-27,2,27,0.0,0.0,0.0,0.0,0.0,0.0,0.0,0.0,0.0,0.32770017695799997,0.24380013165199996,0.28450015363,0.518200279828,0.302300163242,0.429300231822,0.589300318222,0.670600362124,0.42160022766399996,0.459700248238,0.38350020709000004,0.396200213948,0.309900167346,0.28450015363,0.373400201636,0.53850029079,0.48510026195399997,0.30730016594200005,0.480100259254,0.406400219456,0.26920014536799997,0.73150039501,0.294600159084,0.30730016594200005,0.396200213948,0.276900149526,0.31750017145000003,0.713700385398,0.276900149526,0.495300267462,0.452100244134,0.3150001701,0.38350020709000004,0.5029002715659999,0.406400219456,0.41150022221,0.396200213948,0.0,0.0,0.276900149526,0.3295349605574782,0.350550189297,0.446400241056,0.528350285309,0.73150039501,2023-02-27
02-28,2,28,0.0,0.0,0.0,0.0,0.0,0.0,0.0,0.0,0.0,0.32770017695799997,0.24380013165199996,0.28450015363,0.518200279828,0.304800164592,0.431800233172,0.589300318222,0.6909003730859999,0.42160022766399996,0.459700248238,0.38350020709000004,0.398800215352,0.309900167346,0.28700015498,0.388600209844,0.53850029079,0.48770026335800004,0.31750017145000003,0.480100259254,0.40890022080599997,0.271800146772,0.7290003936599999,0.302300163242,0.30730016594200005,0.41150022221,0.27940015087599995,0.31750017145000003,0.7264003922560001,0.276900149526,0.497800268812,0.452100244134,0.32510017555399995,0.38350020709000004,0.520700281178,0.41400022355999994,0.41150022221,0.396200213948,0.0,0.0,0.27752514986349996,0.3325175708637391,0.355600192024,0.44702524139350003,0.529600285984,0.7290003936599999,2023-02-28
03-01,3,1,0.0,0.0,0.0,0.0,0.0,0.0,0.0,0.0,0.0,0.32770017695799997,0.26420014266799996,0.28450015363,0.518200279828,0.304800164592,0.431800233172,0.591800319572,0.6909003730859999,0.42420022906800003,0.459700248238,0.388600209844,0.40390021810599996,0.312400168696,0.28700015498,0.393700212598,0.54100029214,0.518200279828,0.31750017145000003,0.480100259254,0.40890022080599997,0.271800146772,0.7290003936599999,0.304800164592,0.31750017145000003,0.429300231822,0.27940015087599995,0.31750017145000003,0.7264003922560001,0.276900149526,0.50550027297,0.452100244134,0.330200178308,0.38350020709000004,0.5334002880359999,0.41400022355999994,0.41150022221,0.396200213948,0.0,0.0,0.27752514986349996,0.33539365937334786,0.35685019269900004,0.44702524139350003,0.537200290088,0.7290003936599999,2023-03-01
03-02,3,2,0.0,0.0,0.0,0.0,0.0,0.0,0.0,0.0,0.0,0.32770017695799997,0.271800146772,0.28700015498,0.518200279828,0.304800164592,0.434300234522,0.591800319572,0.6909003730859999,0.42420022906800003,0.46740025239599997,0.388600209844,0.40390021810599996,0.312400168696,0.28960015638400005,0.396200213948,0.54100029214,0.518200279828,0.322600174204,0.480100259254,0.41150022221,0.271800146772,0.7290003936599999,0.3200001728,0.31750017145000003,0.439400237276,0.28700015498,0.31750017145000003,0.7264003922560001,0.28450015363,0.513100277074,0.454700245538,0.330200178308,0.38350020709000004,0.535900289386,0.41400022355999994,0.41150022221,0.398800215352,0.0,0.0,0.2851251539675,0.3373262691126087,0.35685019269900004,0.45087524347249996,0.538450290763,0.7290003936599999,2023-03-02
03-03,3,3,0.0,0.0,0.0,0.0,0.0,0.0,0.0,0.0,0.0,0.330200178308,0.27940015087599995,0.28700015498,0.518200279828,0.304800164592,0.439400237276,0.594400320976,0.7061003812939999,0.429300231822,0.46740025239599997,0.391200211248,0.40390021810599996,0.312400168696,0.292100157734,0.396200213948,0.54100029214,0.518200279828,0.32770017695799997,0.482600260604,0.41150022221,0.271800146772,0.7290003936599999,0.3200001728,0.3200001728,0.439400237276,0.297200160488,0.3200001728,0.7264003922560001,0.28450015363,0.528300285282,0.459700248238,0.330200178308,0.38350020709000004,0.53850029079,0.416600224964,0.41150022221,0.406400219456,0.0,0.0,0.2851251539675,0.3394784441878261,0.35685019269900004,0.4546252454975,0.539750291465,0.7290003936599999,2023-03-03
03-04,3,4,0.0,0.0,0.0,0.0,0.0,0.0,0.0,0.0,0.0,0.340400183816,0.294600159084,0.28700015498,0.518200279828,0.304800164592,0.452100244134,0.594400320976,0.7061003812939999,0.43690023592599997,0.469900253746,0.391200211248,0.40390021810599996,0.312400168696,0.297200160488,0.396200213948,0.54100029214,0.518200279828,0.330200178308,0.48510026195399997,0.41150022221,0.274300148122,0.744200401868,0.322600174204,0.322600174204,0.44450024003,0.309900167346,0.32770017695799997,0.7264003922560001,0.28450015363,0.528300285282,0.459700248238,0.330200178308,0.38350020709000004,0.54100029214,0.434300234522,0.42420022906800003,0.41150022221,0.0,0.0,0.288900156006,0.3426240980603913,0.361950195453,0.45780024721199997,0.54100029214,0.744200401868,2023-03-04
03-05,3,5,0.0,0.0,0.0,0.0,0.0,0.0,0.0,0.0,0.0,0.35050018927,0.335300181062,0.292100157734,0.518200279828,0.304800164592,0.454700245538,0.594400320976,0.7036003799439999,0.434300234522,0.469900253746,0.391200211248,0.40390021810599996,0.312400168696,0.297200160488,0.396200213948,0.54100029214,0.518200279828,0.332700179658,0.490200264708,0.41150022221,0.28700015498,0.744200401868,0.330200178308,0.3200001728,0.44450024003,0.309900167346,0.32770017695799997,0.7264003922560001,0.294600159084,0.528300285282,0.459700248238,0.330200178308,0.386100208494,0.5512002976479999,0.44450024003,0.431800233172,0.41150022221,0.0,0.0,0.295250159435,0.3452197516359566,0.368300198882,0.458450247563,0.5461002948939999,0.744200401868,2023-03-05
03-06,3,6,0.0,0.0,0.0,0.0,0.0,0.0,0.0,0.0,0.0,0.358100193374,0.34290018516599996,0.304800164592,0.518200279828,0.309900167346,0.469900253746,0.596900322326,0.7036003799439999,0.439400237276,0.469900253746,0.391200211248,0.40390021810599996,0.312400168696,0.299700161838,0.396200213948,0.54100029214,0.518200279828,0.332700179658,0.490200264708,0.416600224964,0.297200160488,0.744200401868,0.330200178308,0.322600174204,0.44450024003,0.309900167346,0.32770017695799997,0.7290003936599999,0.294600159084,0.53850029079,0.459700248238,0.330200178308,0.40390021810599996,0.576600311364,0.44960024278399996,0.44450024003,0.41150022221,0.0,0.0,0.30097516252650003,0.3484806229620435,0.374650202311,0.46735025236899996,0.558800301752,0.744200401868,2023-03-06
03-07,3,7,0.0,0.0,0.0,0.0,0.0,0.0,0.0,0.0,0.0,0.36580019753200005,0.34540018651599996,0.304800164592,0.518200279828,0.309900167346,0.469900253746,0.617200333288,0.7036003799439999,0.44960024278399996,0.4750002565,0.396200213948,0.40390021810599996,0.312400168696,0.30730016594200005,0.396200213948,0.54100029214,0.523200282528,0.332700179658,0.490200264708,0.42160022766399996,0.297200160488,0.751800405972,0.330200178308,0.32510017555399995,0.452100244134,0.309900167346,0.32770017695799997,0.7341003964139999,0.294600159084,0.5639003045059999,0.459700248238,0.330200178308,0.406400219456,0.5817003141179999,0.452100244134,0.46740025239599997,0.41910022631399996,0.0,0.0,0.3054251649295,0.3518980161117826,0.38100020574000004,0.46927525340849996,0.572800309312,0.751800405972,2023-03-07
03-08,3,8,0.0,0.0,0.0,0.0,0.0,0.0,0.0,0.0,0.0,0.36580019753200005,0.34540018651599996,0.309900167346,0.518200279828,0.309900167346,0.469900253746,0.619800334692,0.7036003799439999,0.44960024278399996,0.480100259254,0.406400219456,0.40390021810599996,0.32770017695799997,0.309900167346,0.40390021810599996,0.54100029214,0.5309002866860001,0.332700179658,0.492800266112,0.42160022766399996,0.30730016594200005,0.7595004101299999,0.330200178308,0.32770017695799997,0.452100244134,0.309900167346,0.332700179658,0.7341003964139999,0.294600159084,0.576600311364,0.459700248238,0.330200178308,0.40890022080599997,0.5817003141179999,0.454700245538,0.46740025239599997,0.41910022631399996,0.0,0.0,0.309900167346,0.3541175825277392,0.38485020781900003,0.46927525340849996,0.579150312741,0.7595004101299999,2023-03-08
03-09,3,9,0.0,0.0,0.0,0.0,0.0,0.0,0.0,0.0,0.0,0.36580019753200005,0.34540018651599996,0.309900167346,0.520700281178,0.309900167346,0.469900253746,0.619800334692,0.7061003812939999,0.44960024278399996,0.48510026195399997,0.40890022080599997,0.40390021810599996,0.332700179658,0.309900167346,0.40390021810599996,0.54100029214,0.5309002866860001,0.335300181062,0.495300267462,0.42160022766399996,0.30730016594200005,0.76200041148,0.330200178308,0.332700179658,0.452100244134,0.309900167346,0.335300181062,0.7341003964139999,0.294600159084,0.586700316818,0.469900253746,0.330200178308,0.41150022221,0.589300318222,0.457200246888,0.46740025239599997,0.41910022631399996,0.0,0.0,0.309900167346,0.3555458441685653,0.38485020781900003,0.469900253746,0.5880003175199999,0.76200041148,2023-03-09
03-10,3,10,0.0,0.0,0.0,0.0,0.0,0.0,0.0,0.0,0.0,0.36580019753200005,0.35050018927,0.309900167346,0.520700281178,0.309900167346,0.469900253746,0.619800334692,0.708700382698,0.44960024278399996,0.500400270216,0.41400022355999994,0.41150022221,0.335300181062,0.312400168696,0.40390021810599996,0.54100029214,0.535900289386,0.337800182412,0.497800268812,0.429300231822,0.312400168696,0.76450041283,0.330200178308,0.337800182412,0.452100244134,0.309900167346,0.337800182412,0.7341003964139999,0.294600159084,0.591800319572,0.472400255096,0.337800182412,0.41910022631399996,0.591800319572,0.457200246888,0.46740025239599997,0.41910022631399996,0.0,0.0,0.309900167346,0.35769801924378264,0.38485020781900003,0.47177525475849996,0.591800319572,0.76450041283,2023-03-10
03-11,3,11,0.0,0.0,0.0,0.0,0.0,0.0,0.0,0.0,0.0,0.37080020023200005,0.35050018927,0.309900167346,0.5258002839320001,0.3150001701,0.482600260604,0.619800334692,0.708700382698,0.44960024278399996,0.500400270216,0.42160022766399996,0.416600224964,0.335300181062,0.312400168696,0.40390021810599996,0.54100029214,0.535900289386,0.337800182412,0.497800268812,0.429300231822,0.312400168696,0.767100414234,0.330200178308,0.337800182412,0.459700248238,0.309900167346,0.340400183816,0.7341003964139999,0.294600159084,0.6020003250799999,0.47750025784999994,0.340400183816,0.41910022631399996,0.6502003511079999,0.457200246888,0.46740025239599997,0.42420022906800003,0.0,0.0,0.3105251676835,0.36062845560882606,0.387350209169,0.4813252599155,0.610900329886,0.767100414234,2023-03-11
03-12,3,12,0.0,0.0,0.0,0.0,0.0,0.0,0.0,0.0,0.0,0.386100208494,0.358100193374,0.309900167346,0.528300285282,0.3150001701,0.53850029079,0.619800334692,0.708700382698,0.44960024278399996,0.50550027297,0.42420022906800003,0.416600224964,0.335300181062,0.312400168696,0.398800215352,0.54100029214,0.54100029214,0.340400183816,0.497800268812,0.429300231822,0.312400168696,0.767100414234,0.330200178308,0.340400183816,0.462300249642,0.309900167346,0.340400183816,0.7341003964139999,0.294600159084,0.6020003250799999,0.47750025784999994,0.34540018651599996,0.41910022631399996,0.6528003525120001,0.457200246888,0.46740025239599997,0.42420022906800003,0.0,0.0,0.3105251676835,0.3628980220517827,0.392450211923,0.4927252660715,0.610900329886,0.767100414234,2023-03-12
03-13,3,13,0.0,0.0,0.0,0.0,0.0,0.0,0.0,0.0,0.0,0.391200211248,0.358100193374,0.309900167346,0.528300285282,0.3150001701,0.543600293544,0.622300336042,0.708700382698,0.44960024278399996,0.50550027297,0.429300231822,0.416600224964,0.3480001879199999,0.312400168696,0.398800215352,0.54100029214,0.543600293544,0.340400183816,0.500400270216,0.429300231822,0.3150001701,0.782300422442,0.330200178308,0.34290018516599996,0.462300249642,0.309900167346,0.340400183816,0.7341003964139999,0.294600159084,0.6020003250799999,0.47750025784999994,0.355600192024,0.41910022631399996,0.6528003525120001,0.457200246888,0.46740025239599997,0.42420022906800003,0.0,0.0,0.3105251676835,0.36433715326369565,0.3950002133,0.49467526712449994,0.6121503305609999,0.782300422442,2023-03-13
03-14,3,14,0.0,0.0,0.0,0.0,0.0,0.0,0.0,0.0,0.0,0.393700212598,0.36070019477799997,0.309900167346,0.5309002866860001,0.31750017145000003,0.543600293544,0.622300336042,0.708700382698,0.44960024278399996,0.50550027297,0.429300231822,0.41910022631399996,0.36320019612800003,0.3150001701,0.396200213948,0.54100029214,0.543600293544,0.340400183816,0.500400270216,0.429300231822,0.3150001701,0.782300422442,0.330200178308,0.34540018651599996,0.462300249642,0.309900167346,0.340400183816,0.73150039501,0.294600159084,0.60450032643,0.47750025784999994,0.36070019477799997,0.431800233172,0.6528003525120001,0.459700248238,0.47750025784999994,0.42420022906800003,0.0,0.0,0.3111751680345,0.3656567191936521,0.39495021327299995,0.49467526712449994,0.6134003312359999,0.782300422442,2023-03-14
03-15,3,15,0.0,0.0,0.0,0.0,0.0,0.0,0.0,0.0,0.0,0.40390021810599996,0.36070019477799997,0.312400168696,0.54100029214,0.31750017145000003,0.543600293544,0.640100345654,0.708700382698,0.44960024278399996,0.50550027297,0.429300231822,0.426700230418,0.36580019753200005,0.31750017145000003,0.396200213948,0.54100029214,0.553700298998,0.340400183816,0.5156002784239999,0.429300231822,0.3150001701,0.784900423846,0.330200178308,0.34540018651599996,0.46740025239599997,0.309900167346,0.34540018651599996,0.7264003922560001,0.32770017695799997,0.60450032643,0.490200264708,0.37080020023200005,0.431800233172,0.662900357966,0.459700248238,0.482600260604,0.429300231822,0.0,0.0,0.3156251704375,0.3691871558826957,0.40005021602699997,0.5016752709045,0.622300336042,0.784900423846,2023-03-15
03-16,3,16,0.0,0.0,0.0,0.0,0.0,0.0,0.0,0.0,0.0,0.40890022080599997,0.36320019612800003,0.312400168696,0.553700298998,0.31750017145000003,0.5512002976479999,0.640100345654,0.711200384048,0.44960024278399996,0.50550027297,0.431800233172,0.429300231822,0.368300198882,0.32510017555399995,0.396200213948,0.546100294894,0.5613003031020001,0.340400183816,0.5156002784239999,0.429300231822,0.3150001701,0.7899004265460001,0.32770017695799997,0.34540018651599996,0.46740025239599997,0.309900167346,0.36580019753200005,0.723900390906,0.332700179658,0.60450032643,0.5029002715659999,0.375900202986,0.43690023592599997,0.6807003675779999,0.462300249642,0.48770026335800004,0.429300231822,0.0,0.0,0.3156251704375,0.37205672264965217,0.402550217377,0.504850272619,0.622300336042,0.7899004265460001,2023-03-16
03-17,3,17,0.0,0.0,0.0,0.0,0.0,0.0,0.0,0.0,0.0,0.41150022221,0.36580019753200005,0.312400168696,0.57150030861,0.31750017145000003,0.5512002976479999,0.642600347004,0.711200384048,0.44960024278399996,0.50550027297,0.439400237276,0.43690023592599997,0.375900202986,0.337800182412,0.396200213948,0.5512002976479999,0.5639003045059999,0.340400183816,0.520700281178,0.429300231822,0.31750017145000003,0.8052004348080001,0.32770017695799997,0.34540018651599996,0.469900253746,0.309900167346,0.373400201636,0.7214003895559999,0.340400183816,0.60450032643,0.50550027297,0.375900202986,0.43690023592599997,0.6807003675779999,0.462300249642,0.48770026335800004,0.431800233172,0.0,0.0,0.31750017145000003,0.37449150657313046,0.403850218079,0.50550027297,0.623550336717,0.8052004348080001,2023-03-17
03-18,3,18,0.0,0.0,0.0,0.0,0.0,0.0,0.0,0.0,0.0,0.41150022221,0.36580019753200005,0.3150001701,0.5791003127139999,0.31750017145000003,0.5512002976479999,0.642600347004,0.711200384048,0.44960024278399996,0.50550027297,0.439400237276,0.43690023592599997,0.38350020709000004,0.34290018516599996,0.396200213948,0.556300300402,0.56900030726,0.335300181062,0.520700281178,0.429300231822,0.31750017145000003,0.8026004334039999,0.330200178308,0.35310019067400006,0.472400255096,0.309900167346,0.375900202986,0.713700385398,0.355600192024,0.60450032643,0.50550027297,0.38100020574,0.43690023592599997,0.6807003675779999,0.462300249642,0.48770026335800004,0.429300231822,0.0,0.0,0.31750017145000003,0.37559368108134783,0.403850218079,0.50550027297,0.623550336717,0.8026004334039999,2023-03-18
03-19,3,19,0.0,0.0,0.0,0.0,0.0,0.0,0.0,0.0,0.0,0.41150022221,0.368300198882,0.3150001701,0.589300318222,0.31750017145000003,0.5639003045059999,0.6477003497580001,0.711200384048,0.44960024278399996,0.50550027297,0.44200023868000005,0.439400237276,0.38350020709000004,0.34290018516599996,0.396200213948,0.5588003017519999,0.576600311364,0.332700179658,0.520700281178,0.429300231822,0.31750017145000003,0.8077004361579999,0.340400183816,0.355600192024,0.472400255096,0.30730016594200005,0.37850020439,0.708700382698,0.355600192024,0.607100327834,0.50550027297,0.38100020574,0.43690023592599997,0.6807003675779999,0.462300249642,0.497800268812,0.42420022906800003,0.0,0.0,0.31750017145000003,0.37697411660939123,0.403850218079,0.50550027297,0.6274003387960001,0.8077004361579999,2023-03-19
03-20,3,20,0.0,0.0,0.0,0.0,0.0,0.0,0.0,0.0,0.0,0.41400022355999994,0.375900202986,0.3150001701,0.589300318222,0.337800182412,0.57150030861,0.6477003497580001,0.711200384048,0.452100244134,0.50550027297,0.44450024003,0.439400237276,0.38350020709000004,0.34540018651599996,0.396200213948,0.5613003031020001,0.586700316818,0.332700179658,0.523200282528,0.429300231822,0.31750017145000003,0.8077004361579999,0.37080020023200005,0.355600192024,0.472400255096,0.304800164592,0.37850020439,0.7061003812939999,0.358100193374,0.607100327834,0.513100277074,0.38100020574,0.43690023592599997,0.6807003675779999,0.462300249642,0.497800268812,0.41910022631399996,0.0,0.0,0.321300173502,0.378950204633,0.40510021875399993,0.511200276048,0.6274003387960001,0.8077004361579999,2023-03-20
03-21,3,21,0.0,0.0,0.0,0.0,0.0,0.0,0.0,0.0,0.0,0.41400022355999994,0.375900202986,0.3150001701,0.589300318222,0.337800182412,0.576600311364,0.6477003497580001,0.711200384048,0.452100244134,0.50550027297,0.459700248238,0.439400237276,0.38350020709000004,0.3480001879199999,0.396200213948,0.57150030861,0.589300318222,0.332700179658,0.523200282528,0.429300231822,0.3200001728,0.8204004430159999,0.373400201636,0.368300198882,0.472400255096,0.304800164592,0.373400201636,0.708700382698,0.36320019612800003,0.607100327834,0.520700281178,0.388600209844,0.44450024003,0.688300371682,0.462300249642,0.497800268812,0.406400219456,0.0,0.0,0.32317517451449995,0.3808306404310435,0.401300216702,0.516900279126,0.6274003387960001,0.8204004430159999,2023-03-21
03-22,3,22,0.0,0.0,0.0,0.0,0.0,0.0,0.0,0.0,0.0,0.416600224964,0.391200211248,0.3200001728,0.589300318222,0.340400183816,0.591800319572,0.6477003497580001,0.711200384048,0.454700245538,0.50550027297,0.452100244134,0.439400237276,0.38350020709000004,0.3480001879199999,0.396200213948,0.57400030996,0.6020003250799999,0.337800182412,0.528300285282,0.429300231822,0.3200001728,0.8357004512780001,0.37850020439,0.373400201636,0.4750002565,0.304800164592,0.375900202986,0.7061003812939999,0.36580019753200005,0.624800337392,0.5334002880359999,0.388600209844,0.44450024003,0.6960003758399999,0.462300249642,0.5029002715659999,0.40390021810599996,0.0,0.0,0.324450175203,0.3837089028548695,0.40005021602699997,0.522600282204,0.636250343575,0.8357004512780001,2023-03-22
03-23,3,23,0.0,0.0,0.0,0.0,0.0,0.0,0.0,0.0,0.0,0.416600224964,0.393700212598,0.322600174204,0.594400320976,0.3480001879199999,0.594400320976,0.6477003497580001,0.713700385398,0.454700245538,0.50550027297,0.452100244134,0.44200023868000005,0.38350020709000004,0.3480001879199999,0.396200213948,0.584200315468,0.6020003250799999,0.337800182412,0.528300285282,0.434300234522,0.32510017555399995,0.8357004512780001,0.37850020439,0.375900202986,0.4750002565,0.304800164592,0.37850020439,0.7214003895559999,0.393700212598,0.642600347004,0.53850029079,0.391200211248,0.44450024003,0.708700382698,0.462300249642,0.5080002743200001,0.398800215352,0.0,0.0,0.3282751772685,0.38658499136447827,0.39750021464999996,0.5232252825415,0.645150348381,0.8357004512780001,2023-03-23
03-24,3,24,0.0,0.0,0.0,0.0,0.0,0.0,0.0,0.0,0.0,0.42160022766399996,0.393700212598,0.32770017695799997,0.594400320976,0.3480001879199999,0.60450032643,0.660400356616,0.716300386802,0.459700248238,0.50550027297,0.452100244134,0.44200023868000005,0.386100208494,0.35050018927,0.393700212598,0.596900322326,0.6020003250799999,0.337800182412,0.528300285282,0.44200023868000005,0.32510017555399995,0.8357004512780001,0.37850020439,0.37850020439,0.4750002565,0.32510017555399995,0.386100208494,0.73150039501,0.398800215352,0.6502003511079999,0.54100029214,0.393700212598,0.44450024003,0.716300386802,0.462300249642,0.5156002784239999,0.393700212598,0.0,0.0,0.3302251783215,0.38945238421721734,0.396250213975,0.5251252835675,0.6553003538619999,0.8357004512780001,2023-03-24
03-25,3,25,0.0,0.0,0.0,0.0,0.0,0.0,0.0,0.0,0.0,0.42160022766399996,0.398800215352,0.32770017695799997,0.594400320976,0.3480001879199999,0.607100327834,0.670600362124,0.7264003922560001,0.46740025239599997,0.50550027297,0.452100244134,0.44200023868000005,0.388600209844,0.35050018927,0.38350020709000004,0.6020003250799999,0.6020003250799999,0.340400183816,0.528300285282,0.44960024278399996,0.32510017555399995,0.8382004526279999,0.37850020439,0.375900202986,0.472400255096,0.32510017555399995,0.391200211248,0.73150039501,0.398800215352,0.660400356616,0.546100294894,0.393700212598,0.44450024003,0.7290003936599999,0.472400255096,0.5156002784239999,0.38350020709000004,0.0,0.0,0.3308751786725,0.3910523850812175,0.398800215352,0.5251252835675,0.66550035937,0.8382004526279999,2023-03-25
03-26,3,26,0.0,0.0,0.0,0.0,0.0,0.0,0.0,0.0,0.0,0.42160022766399996,0.41400022355999994,0.32770017695799997,0.609600329184,0.3480001879199999,0.607100327834,0.6731003634739999,0.7264003922560001,0.482600260604,0.50550027297,0.452100244134,0.44200023868000005,0.388600209844,0.35050018927,0.38100020574,0.609600329184,0.6121003305339999,0.337800182412,0.528300285282,0.4750002565,0.32770017695799997,0.8509004594859999,0.375900202986,0.38350020709000004,0.4750002565,0.32510017555399995,0.396200213948,0.7341003964139999,0.40130021670199995,0.660400356616,0.553700298998,0.398800215352,0.44450024003,0.7290003936599999,0.472400255096,0.5156002784239999,0.36580019753200005,0.0,0.0,0.3302251783215,0.3935328212032609,0.40765022013099994,0.5251252835675,0.666750360045,0.8509004594859999,2023-03-26
03-27,3,27,0.0,0.0,0.0,0.0,0.0,0.0,0.0,0.0,0.0,0.42160022766399996,0.41400022355999994,0.330200178308,0.617200333288,0.35310019067400006,0.607100327834,0.6731003634739999,0.7290003936599999,0.48510026195399997,0.50550027297,0.452100244134,0.44200023868000005,0.388600209844,0.37080020023200005,0.37850020439,0.6121003305339999,0.6121003305339999,0.34290018516599996,0.528300285282,0.4750002565,0.332700179658,0.8509004594859999,0.375900202986,0.388600209844,0.482600260604,0.32510017555399995,0.398800215352,0.7341003964139999,0.40130021670199995,0.657900355266,0.5639003045059999,0.398800215352,0.439400237276,0.7290003936599999,0.482600260604,0.5105002756699999,0.36070019477799997,0.0,0.0,0.335250181035,0.3950241263563914,0.40765022013099994,0.5238502828789999,0.66550035937,0.8509004594859999,2023-03-27
03-28,3,28,0.0,0.0,0.0,0.0,0.0,0.0,0.0,0.0,0.0,0.42420022906800003,0.41910022631399996,0.340400183816,0.617200333288,0.35310019067400006,0.607100327834,0.6731003634739999,0.73150039501,0.5029002715659999,0.5080002743200001,0.452100244134,0.44200023868000005,0.388600209844,0.375900202986,0.38350020709000004,0.614700331938,0.614700331938,0.35310019067400006,0.528300285282,0.4750002565,0.332700179658,0.861100464994,0.388600209844,0.391200211248,0.497800268812,0.32510017555399995,0.398800215352,0.746800403272,0.40130021670199995,0.657900355266,0.5639003045059999,0.398800215352,0.434300234522,0.7341003964139999,0.490200264708,0.5029002715659999,0.355600192024,0.0,0.0,0.34357518553050004,0.39751325813530436,0.41020022150799995,0.5232252825415,0.66550035937,0.861100464994,2023-03-28
03-29,3,29,0.0,0.0,0.0,0.0,0.0,0.0,0.0,0.0,0.0,0.434300234522,0.42420022906800003,0.340400183816,0.627400338796,0.35310019067400006,0.609600329184,0.6731003634739999,0.73150039501,0.5309002866860001,0.5080002743200001,0.452100244134,0.44960024278399996,0.388600209844,0.375900202986,0.391200211248,0.624800337392,0.6350003429000001,0.36070019477799997,0.528300285282,0.4750002565,0.332700179658,0.878800474552,0.388600209844,0.391200211248,0.497800268812,0.32510017555399995,0.398800215352,0.749300404622,0.41150022221,0.660400356616,0.5639003045059999,0.398800215352,0.439400237276,0.736600397764,0.490200264708,0.5029002715659999,0.355600192024,0.0,0.0,0.34357518553050004,0.4007676077187391,0.417850225639,0.530250286335,0.666750360045,0.878800474552,2023-03-29
03-30,3,30,0.0,0.0,0.0,0.0,0.0,0.0,0.0,0.0,0.0,0.434300234522,0.431800233172,0.340400183816,0.6350003429000001,0.35310019067400006,0.609600329184,0.6858003703319999,0.7341003964139999,0.5334002880359999,0.5080002743200001,0.452100244134,0.454700245538,0.388600209844,0.375900202986,0.391200211248,0.627400338796,0.662900357966,0.36320019612800003,0.53850029079,0.47750025784999994,0.335300181062,0.878800474552,0.388600209844,0.393700212598,0.497800268812,0.32510017555399995,0.426700230418,0.749300404622,0.41150022221,0.6731003634739999,0.566400305856,0.398800215352,0.452100244134,0.736600397764,0.490200264708,0.5156002784239999,0.355600192024,0.0,0.0,0.34357518553050004,0.4041893486969131,0.429250231795,0.5372252901015,0.6794503669029999,0.878800474552,2023-03-30
03-31,3,31,0.0,0.0,0.0,0.0,0.0,0.0,0.0,0.0,0.0,0.43690023592599997,0.431800233172,0.340400183816,0.6477003497580001,0.35310019067400006,0.609600329184,0.6858003703319999,0.7341003964139999,0.535900289386,0.5080002743200001,0.452100244134,0.454700245538,0.388600209844,0.375900202986,0.391200211248,0.629900340146,0.6655003593699998,0.36320019612800003,0.546100294894,0.48510026195399997,0.337800182412,0.894100482814,0.388600209844,0.396200213948,0.520700281178,0.32510017555399995,0.44450024003,0.7747004183380001,0.41150022221,0.675600364824,0.576600311364,0.398800215352,0.452100244134,0.744200401868,0.5080002743200001,0.518200279828,0.35050018927,0.0,0.0,0.3429251851795,0.4076697853589566,0.434350234549,0.543550293517,0.6807003675779999,0.894100482814,2023-03-31
04-01,4,1,0.0,0.0,0.0,0.0,0.0,0.0,0.0,0.0,0.0,0.43690023592599997,0.434300234522,0.340400183816,0.6502003511079999,0.35310019067400006,0.609600329184,0.688300371682,0.741700400518,0.535900289386,0.523200282528,0.452100244134,0.454700245538,0.388600209844,0.375900202986,0.391200211248,0.6325003415499999,0.6680003607200001,0.368300198882,0.5613003031020001,0.500400270216,0.35050018927,0.894100482814,0.388600209844,0.388600209844,0.528300285282,0.3200001728,0.44960024278399996,0.784900423846,0.41150022221,0.675600364824,0.5817003141179999,0.398800215352,0.452100244134,0.749300404622,0.523200282528,0.54100029214,0.35050018927,0.0,0.0,0.35050018927,0.4107589174618696,0.435600235224,0.5562253003615001,0.6819503682529999,0.894100482814,2023-04-01
04-02,4,2,0.0,0.0,0.0,0.0,0.0,0.0,0.0,0.0,0.0,0.439400237276,0.434300234522,0.340400183816,0.6502003511079999,0.355600192024,0.6121003305339999,0.688300371682,0.741700400518,0.535900289386,0.528300285282,0.452100244134,0.459700248238,0.388600209844,0.375900202986,0.388600209844,0.6325003415499999,0.675600364824,0.37080020023200005,0.5613003031020001,0.5029002715659999,0.36070019477799997,0.8915004814099999,0.388600209844,0.426700230418,0.53850029079,0.3200001728,0.46740025239599997,0.784900423846,0.41150022221,0.6782003662280001,0.586700316818,0.398800215352,0.452100244134,0.749300404622,0.54100029214,0.546100294894,0.36070019477799997,0.0,0.0,0.3568751927125,0.4138458756505653,0.436850235899,0.55750030105,0.683250368955,0.8915004814099999,2023-04-02
04-03,4,3,0.0,0.0,0.0,0.0,0.0,0.0,0.0,0.0,0.0,0.439400237276,0.434300234522,0.34290018516599996,0.6655003593699998,0.36070019477799997,0.6121003305339999,0.6909003730859999,0.744200401868,0.535900289386,0.5309002866860001,0.452100244134,0.480100259254,0.388600209844,0.37850020439,0.396200213948,0.6325003415499999,0.675600364824,0.373400201636,0.56900030726,0.523200282528,0.37080020023200005,0.896600484164,0.391200211248,0.429300231822,0.53850029079,0.330200178308,0.46740025239599997,0.7899004265460001,0.41150022221,0.6858003703319999,0.591800319572,0.398800215352,0.452100244134,0.754400407376,0.543600293544,0.5512002976479999,0.386100208494,0.0,0.0,0.3632251961415,0.41772196470017386,0.436850235899,0.564550304857,0.6883503717089999,0.896600484164,2023-04-03
04-04,4,4,0.0,0.0,0.0,0.0,0.0,0.0,0.0,0.0,0.0,0.44200023868000005,0.434300234522,0.34290018516599996,0.6655003593699998,0.368300198882,0.6121003305339999,0.6909003730859999,0.746800403272,0.53850029079,0.5309002866860001,0.457200246888,0.48770026335800004,0.388600209844,0.386100208494,0.396200213948,0.6325003415499999,0.675600364824,0.373400201636,0.576600311364,0.5334002880359999,0.386100208494,0.901700486918,0.391200211248,0.429300231822,0.53850029079,0.330200178308,0.46740025239599997,0.797600430704,0.41150022221,0.693400374436,0.591800319572,0.398800215352,0.452100244134,0.7747004183380001,0.543600293544,0.5639003045059999,0.38350020709000004,0.0,0.0,0.3695751995705,0.42032196610417394,0.43815023660100005,0.5734253096495,0.692150373761,0.901700486918,2023-04-04
04-05,4,5,0.0,0.0,0.0,0.0,0.0,0.0,0.0,0.0,0.0,0.44200023868000005,0.434300234522,0.34290018516599996,0.675600364824,0.368300198882,0.6121003305339999,0.6909003730859999,0.749300404622,0.5512002976479999,0.5309002866860001,0.457200246888,0.495300267462,0.388600209844,0.391200211248,0.393700212598,0.6325003415499999,0.6782003662280001,0.37850020439,0.576600311364,0.5334002880359999,0.398800215352,0.901700486918,0.391200211248,0.42420022906800003,0.53850029079,0.32770017695799997,0.469900253746,0.797600430704,0.416600224964,0.693400374436,0.591800319572,0.398800215352,0.457200246888,0.784900423846,0.543600293544,0.566400305856,0.38350020709000004,0.0,0.0,0.370850200259,0.4219241408823914,0.43815023660100005,0.574050309987,0.692150373761,0.901700486918,2023-04-05
04-06,4,6,0.0,0.0,0.0,0.0,0.0,0.0,0.0,0.0,0.0,0.44200023868000005,0.431800233172,0.34290018516599996,0.675600364824,0.37080020023200005,0.6121003305339999,0.693400374436,0.746800403272,0.5588003017519999,0.53850029079,0.452100244134,0.50550027297,0.388600209844,0.398800215352,0.391200211248,0.6325003415499999,0.7061003812939999,0.37850020439,0.5791003127139999,0.5309002866860001,0.41910022631399996,0.901700486918,0.391200211248,0.426700230418,0.54100029214,0.32510017555399995,0.46480025099199995,0.79250042795,0.416600224964,0.693400374436,0.591800319572,0.398800215352,0.47750025784999994,0.787400425196,0.543600293544,0.566400305856,0.38100020574,0.0,0.0,0.37272520127150005,0.4237958810235653,0.436900235926,0.5759253109995,0.6997503778649999,0.901700486918,2023-04-06
04-07,4,7,0.0,0.0,0.0,0.0,0.0,0.0,0.0,0.0,0.0,0.44200023868000005,0.426700230418,0.34290018516599996,0.675600364824,0.373400201636,0.6121003305339999,0.693400374436,0.746800403272,0.5613003031020001,0.54100029214,0.44960024278399996,0.5105002756699999,0.388600209844,0.40130021670199995,0.388600209844,0.6325003415499999,0.7341003964139999,0.375900202986,0.5791003127139999,0.5334002880359999,0.426700230418,0.901700486918,0.391200211248,0.426700230418,0.553700298998,0.330200178308,0.46480025099199995,0.79250042795,0.42160022766399996,0.693400374436,0.6020003250799999,0.40390021810599996,0.47750025784999994,0.787400425196,0.553700298998,0.5639003045059999,0.38100020574,0.0,0.0,0.37402520197350003,0.42566762116473905,0.434350234549,0.5753003106619998,0.713750385425,0.901700486918,2023-04-07
04-08,4,8,0.0,0.0,0.0,0.0,0.0,0.0,0.0,0.0,0.0,0.44450024003,0.429300231822,0.340400183816,0.675600364824,0.373400201636,0.6121003305339999,0.693400374436,0.746800403272,0.5639003045059999,0.546100294894,0.44450024003,0.5334002880359999,0.388600209844,0.40130021670199995,0.391200211248,0.6325003415499999,0.7341003964139999,0.368300198882,0.589300318222,0.5334002880359999,0.426700230418,0.9296005019839999,0.396200213948,0.431800233172,0.553700298998,0.330200178308,0.46480025099199995,0.79250042795,0.439400237276,0.693400374436,0.60450032643,0.40390021810599996,0.47750025784999994,0.787400425196,0.553700298998,0.5639003045059999,0.375900202986,0.0,0.0,0.3695751995705,0.42754805696278253,0.441950238653,0.582950314793,0.713750385425,0.9296005019839999,2023-04-08
04-09,4,9,0.0,0.0,0.0,0.0,0.0,0.0,0.0,0.0,0.0,0.454700245538,0.429300231822,0.340400183816,0.675600364824,0.38100020574,0.6121003305339999,0.688300371682,0.749300404622,0.5639003045059999,0.5512002976479999,0.44200023868000005,0.543600293544,0.388600209844,0.40130021670199995,0.391200211248,0.645200348408,0.7341003964139999,0.36580019753200005,0.589300318222,0.53850029079,0.426700230418,0.95250051435,0.396200213948,0.472400255096,0.553700298998,0.335300181062,0.459700248238,0.8026004334039999,0.44450024003,0.693400374436,0.60450032643,0.40390021810599996,0.47750025784999994,0.787400425196,0.556300300402,0.5639003045059999,0.375900202986,0.0,0.0,0.36832519889550003,0.43025675407765207,0.449600242784,0.582950314793,0.713750385425,0.95250051435,2023-04-09
04-10,4,10,0.0,0.0,0.0,0.0,0.0,0.0,0.0,0.0,0.0,0.46480025099199995,0.434300234522,0.337800182412,0.6909003730859999,0.40130021670199995,0.6121003305339999,0.6833003689820001,0.7595004101299999,0.56900030726,0.553700298998,0.439400237276,0.543600293544,0.388600209844,0.40130021670199995,0.391200211248,0.6477003497580001,0.7341003964139999,0.37080020023200005,0.596900322326,0.54100029214,0.426700230418,0.967700522558,0.396200213948,0.47750025784999994,0.548600296244,0.332700179658,0.454700245538,0.8077004361579999,0.44960024278399996,0.7036003799439999,0.60450032643,0.40390021810599996,0.47750025784999994,0.787400425196,0.556300300402,0.5588003017519999,0.373400201636,0.0,0.0,0.37145020058300005,0.432350233469,0.45215024416099997,0.5899253185594999,0.7188503881789999,0.967700522558,2023-04-10
04-11,4,11,0.0,0.0,0.0,0.0,0.0,0.0,0.0,0.0,0.0,0.46480025099199995,0.439400237276,0.335300181062,0.6909003730859999,0.41150022221,0.6121003305339999,0.6833003689820001,0.7595004101299999,0.57150030861,0.553700298998,0.439400237276,0.5512002976479999,0.388600209844,0.393700212598,0.398800215352,0.6502003511079999,0.7341003964139999,0.373400201636,0.6020003250799999,0.543600293544,0.426700230418,0.967700522558,0.388600209844,0.47750025784999994,0.546100294894,0.330200178308,0.454700245538,0.8077004361579999,0.44960024278399996,0.7290003936599999,0.60450032643,0.40390021810599996,0.47750025784999994,0.787400425196,0.556300300402,0.553700298998,0.37080020023200005,0.0,0.0,0.37145020058300005,0.43323719046969567,0.45215024416099997,0.5943753209624999,0.7315503950369999,0.967700522558,2023-04-11
04-12,4,12,0.0,0.0,0.0,0.0,0.0,0.0,0.0,0.0,0.0,0.462300249642,0.44450024003,0.335300181062,0.6909003730859999,0.41150022221,0.6121003305339999,0.6858003703319999,0.7595004101299999,0.576600311364,0.553700298998,0.439400237276,0.553700298998,0.388600209844,0.386100208494,0.398800215352,0.6502003511079999,0.7341003964139999,0.373400201636,0.6020003250799999,0.5588003017519999,0.426700230418,0.967700522558,0.386100208494,0.480100259254,0.54100029214,0.32770017695799997,0.454700245538,0.8077004361579999,0.44960024278399996,0.736600397764,0.596900322326,0.40390021810599996,0.497800268812,0.787400425196,0.556300300402,0.553700298998,0.37080020023200005,0.0,0.0,0.37145020058300005,0.43395675607565215,0.45215024416099997,0.5918253195855,0.735350397089,0.967700522558,2023-04-12
04-13,4,13,0.0,0.0,0.0,0.0,0.0,0.0,0.0,0.0,0.0,0.462300249642,0.44960024278399996,0.32770017695799997,0.6909003730859999,0.41150022221,0.6121003305339999,0.6858003703319999,0.7595004101299999,0.5817003141179999,0.556300300402,0.439400237276,0.5588003017519999,0.388600209844,0.38350020709000004,0.398800215352,0.6502003511079999,0.7391003991139999,0.37850020439,0.60450032643,0.5588003017519999,0.426700230418,0.967700522558,0.37850020439,0.480100259254,0.543600293544,0.32510017555399995,0.457200246888,0.8052004348080001,0.44960024278399996,0.7341003964139999,0.599400323676,0.40390021810599996,0.497800268812,0.787400425196,0.556300300402,0.5512002976479999,0.375900202986,0.0,0.0,0.376550203337,0.434289364950913,0.45340024483599994,0.5949753212865,0.7366003977639999,0.967700522558,2023-04-13
04-14,4,14,0.0,0.0,0.0,0.0,0.0,0.0,0.0,0.0,0.0,0.462300249642,0.454700245538,0.322600174204,0.6909003730859999,0.41150022221,0.614700331938,0.688300371682,0.7595004101299999,0.591800319572,0.556300300402,0.439400237276,0.5588003017519999,0.388600209844,0.37850020439,0.398800215352,0.6502003511079999,0.73150039501,0.37850020439,0.607100327834,0.5588003017519999,0.431800233172,0.98300053082,0.38100020574,0.500400270216,0.553700298998,0.36070019477799997,0.452100244134,0.8026004334039999,0.46480025099199995,0.73150039501,0.596900322326,0.416600224964,0.5029002715659999,0.7950004293,0.548600296244,0.548600296244,0.375900202986,0.0,0.0,0.376550203337,0.4367154532175217,0.45850024758999997,0.5956253216375,0.73150039501,0.98300053082,2023-04-14
04-15,4,15,0.0,0.0,0.0,0.0,0.0,0.0,0.0,0.0,0.0,0.44960024278399996,0.459700248238,0.31750017145000003,0.6909003730859999,0.41910022631399996,0.614700331938,0.693400374436,0.7595004101299999,0.596900322326,0.556300300402,0.439400237276,0.5588003017519999,0.38350020709000004,0.37850020439,0.398800215352,0.6502003511079999,0.7391003991139999,0.37850020439,0.607100327834,0.591800319572,0.431800233172,0.98300053082,0.388600209844,0.50550027297,0.553700298998,0.35310019067400006,0.44700024137999994,0.800100432054,0.46480025099199995,0.7341003964139999,0.596900322326,0.416600224964,0.5080002743200001,0.7950004293,0.54100029214,0.543600293544,0.375900202986,0.0,0.0,0.376550203337,0.43743501882347824,0.454650245511,0.596900322326,0.7366003977639999,0.98300053082,2023-04-15
04-16,4,16,0.0,0.0,0.0,0.0,0.0,0.0,0.0,0.0,0.0,0.44200023868000005,0.457200246888,0.31750017145000003,0.6985003771899999,0.41910022631399996,0.617200333288,0.6985003771899999,0.7595004101299999,0.60450032643,0.5588003017519999,0.454700245538,0.5588003017519999,0.388600209844,0.37850020439,0.386100208494,0.6502003511079999,0.744200401868,0.37850020439,0.607100327834,0.614700331938,0.431800233172,0.98300053082,0.40390021810599996,0.520700281178,0.553700298998,0.36070019477799997,0.44700024137999994,0.797600430704,0.46480025099199995,0.751800405972,0.599400323676,0.416600224964,0.5156002784239999,0.7950004293,0.53850029079,0.535900289386,,0.0,0.0,0.37850020439,0.4411157937579555,0.457200246888,0.607100327834,0.7487604043304,0.98300053082,2023-04-16
04-17,4,17,0.0,0.0,0.0,0.0,0.0,0.0,0.0,0.0,0.0,0.431800233172,0.457200246888,0.330200178308,0.70100037854,0.41150022221,0.622300336042,0.70100037854,0.7595004101299999,0.609600329184,0.553700298998,0.457200246888,0.5588003017519999,0.391200211248,0.38100020574,0.375900202986,0.645200348408,0.741700400518,0.386100208494,0.607100327834,0.614700331938,0.426700230418,0.98300053082,0.40390021810599996,0.5258002839320001,0.553700298998,0.36070019477799997,0.44700024137999994,0.797600430704,0.46480025099199995,0.7569004087260001,0.617200333288,0.429300231822,0.528300285282,0.7899004265460001,0.546100294894,0.5309002866860001,,0.0,0.0,0.375900202986,0.44218912767088886,0.457200246888,0.614700331938,0.7508204054428,0.98300053082,2023-04-17
04-18,4,18,0.0,0.0,0.0,0.0,0.0,0.0,0.0,0.0,0.0,0.431800233172,0.457200246888,0.332700179658,0.7036003799439999,0.398800215352,0.627400338796,0.70100037854,0.772200416988,0.6121003305339999,0.5512002976479999,0.44960024278399996,0.5588003017519999,0.391200211248,0.38350020709000004,0.37850020439,0.640100345654,0.749300404622,0.388600209844,0.607100327834,0.614700331938,0.42160022766399996,0.998200539028,0.406400219456,0.5258002839320001,0.553700298998,0.36070019477799997,0.44700024137999994,0.7950004293,0.46480025099199995,0.754400407376,0.619800334692,0.429300231822,0.5334002880359999,0.784900423846,0.548600296244,0.53850029079,,0.0,0.0,0.37850020439,0.4429224614002223,0.457200246888,0.614700331938,0.7523604062744,0.998200539028,2023-04-18
04-19,4,19,0.0,0.0,0.0,0.0,0.0,0.0,0.0,0.0,0.0,0.431800233172,0.457200246888,0.3480001879199999,0.716300386802,0.391200211248,0.640100345654,0.7214003895559999,0.797600430704,0.609600329184,0.548600296244,0.44960024278399996,0.5512002976479999,0.40130021670199995,0.393700212598,0.386100208494,0.640100345654,0.751800405972,0.391200211248,0.607100327834,0.614700331938,0.41400022355999994,1.026200554148,0.40890022080599997,0.5258002839320001,0.553700298998,0.36070019477799997,0.452100244134,0.8077004361579999,0.46740025239599997,0.751800405972,0.619800334692,0.434300234522,0.5309002866860001,0.782300422442,0.548600296244,0.5334002880359999,,0.0,0.0,0.386100208494,0.44591579634995543,0.457200246888,0.614700331938,0.751800405972,1.026200554148,2023-04-19
04-20,4,20,0.0,0.0,0.0,0.0,0.0,0.0,0.0,0.0,0.0,0.429300231822,0.457200246888,0.36070019477799997,0.716300386802,0.388600209844,0.662900357966,0.749300404622,0.800100432054,0.614700331938,0.556300300402,0.459700248238,0.548600296244,0.40390021810599996,0.393700212598,0.393700212598,0.6502003511079999,0.751800405972,0.391200211248,0.60450032643,0.614700331938,0.41400022355999994,1.0312005568479998,0.416600224964,0.5334002880359999,0.553700298998,0.355600192024,0.44200023868000005,0.810300437562,0.46740025239599997,0.746800403272,0.619800334692,0.434300234522,0.520700281178,0.784900423846,0.546100294894,0.5309002866860001,,0.0,0.0,0.388600209844,0.4478913529723111,0.459700248238,0.614700331938,0.750800405432,1.0312005568479998,2023-04-20
04-21,4,21,0.0,0.0,0.0,0.0,0.0,0.0,0.0,0.0,0.0,0.429300231822,0.462300249642,0.36070019477799997,0.718800388152,0.38350020709000004,0.6680003607200001,0.751800405972,0.815300440262,0.6121003305339999,0.57150030861,0.462300249642,0.5639003045059999,0.40890022080599997,0.393700212598,0.396200213948,0.660400356616,0.751800405972,0.391200211248,0.599400323676,0.599400323676,0.40890022080599997,1.054100569214,0.42420022906800003,0.54100029214,0.553700298998,0.35050018927,0.459700248238,0.8179004416659998,0.47750025784999994,0.7341003964139999,0.622300336042,0.44200023868000005,0.518200279828,0.7899004265460001,0.54100029214,0.5309002866860001,,0.0,0.0,0.38350020709000004,0.4503646876412445,0.462300249642,0.6121003305339999,0.751800405972,1.054100569214,2023-04-21
04-22,4,22,0.0,0.0,0.0,0.0,0.0,0.0,0.0,0.0,0.0,0.429300231822,0.46480025099199995,0.36070019477799997,0.718800388152,0.375900202986,0.6680003607200001,0.7569004087260001,0.82300044442,0.614700331938,0.5791003127139999,0.462300249642,0.576600311364,0.40890022080599997,0.396200213948,0.40390021810599996,0.660400356616,0.749300404622,0.393700212598,0.599400323676,0.5817003141179999,0.42420022906800003,1.061700573318,0.42160022766399996,0.546100294894,0.53850029079,0.340400183816,0.46480025099199995,0.82300044442,0.4750002565,0.7290003936599999,0.624800337392,0.44200023868000005,0.5105002756699999,0.797600430704,0.5334002880359999,0.535900289386,,0.0,0.0,0.375900202986,0.4509357990607555,0.46480025099199995,0.614700331938,0.7538604070844,1.061700573318,2023-04-22
04-23,4,23,0.0,0.0,0.0,0.0,0.0,0.0,0.0,0.0,0.0,0.43690023592599997,0.46480025099199995,0.368300198882,0.718800388152,0.368300198882,0.6833003689820001,0.7569004087260001,0.82300044442,0.599400323676,0.584200315468,0.462300249642,0.5817003141179999,0.416600224964,0.416600224964,0.416600224964,0.657900355266,0.7391003991139999,0.406400219456,0.596900322326,0.5791003127139999,0.431800233172,1.061700573318,0.41400022355999994,0.548600296244,0.535900289386,0.32510017555399995,0.459700248238,0.8280004471199999,0.472400255096,0.73150039501,0.627400338796,0.44700024137999994,0.520700281178,0.797600430704,0.528300285282,0.5334002880359999,,0.0,0.0,0.368300198882,0.45200468852684444,0.46480025099199995,0.599400323676,0.7497804048812,1.061700573318,2023-04-23
04-24,4,24,0.0,0.0,0.0,0.0,0.0,0.0,0.0,0.0,0.0,0.44700024137999994,0.46740025239599997,0.368300198882,0.718800388152,0.368300198882,0.688300371682,0.7569004087260001,0.8306004485240001,0.6121003305339999,0.594400320976,0.462300249642,0.5791003127139999,0.42160022766399996,0.416600224964,0.41400022355999994,0.6553003538619999,0.7391003991139999,0.41910022631399996,0.589300318222,0.56900030726,0.44450024003,1.069300577422,0.406400219456,0.548600296244,0.5309002866860001,0.3200001728,0.452100244134,0.8357004512780001,0.46480025099199995,0.713700385398,0.627400338796,0.452100244134,0.5258002839320001,0.797600430704,0.5258002839320001,0.5334002880359999,,0.0,0.0,0.368300198882,0.4525691332760889,0.46480025099199995,0.6121003305339999,0.7497804048812,1.069300577422,2023-04-24
04-25,4,25,0.0,0.0,0.0,0.0,0.0,0.0,0.0,0.0,0.0,0.457200246888,0.47750025784999994,0.368300198882,0.7264003922560001,0.37080020023200005,0.6909003730859999,0.7569004087260001,0.8306004485240001,0.619800334692,0.607100327834,0.472400255096,0.57400030996,0.426700230418,0.41910022631399996,0.406400219456,0.6655003593699998,0.744200401868,0.42420022906800003,0.591800319572,0.556300300402,0.44700024137999994,1.069300577422,0.396200213948,0.548600296244,0.528300285282,0.32510017555399995,0.452100244134,0.8509004594859999,0.457200246888,0.6985003771899999,0.629900340146,0.44450024003,0.5258002839320001,0.8026004334039999,0.5258002839320001,0.528300285282,,0.0,0.0,0.37080020023200005,0.4536935783277332,0.472400255096,0.619800334692,0.7518204059828001,1.069300577422,2023-04-25
04-26,4,26,0.0,0.0,0.0,0.0,0.0,0.0,0.0,0.0,0.0,0.457200246888,0.48510026195399997,0.368300198882,0.7264003922560001,0.37080020023200005,0.6985003771899999,0.767100414234,0.8306004485240001,0.619800334692,0.617200333288,0.472400255096,0.566400305856,0.426700230418,0.416600224964,0.40130021670199995,0.6680003607200001,0.746800403272,0.42420022906800003,0.599400323676,0.57400030996,0.44960024278399996,1.07700058158,0.375900202986,0.548600296244,0.528300285282,0.32770017695799997,0.459700248238,0.85850046359,0.44700024137999994,0.6833003689820001,0.629900340146,0.439400237276,0.520700281178,0.812800438912,0.520700281178,0.523200282528,,0.0,0.0,0.37080020023200005,0.4542024674914223,0.472400255096,0.619800334692,0.7589804098492,1.07700058158,2023-04-26
04-27,4,27,0.0,0.0,0.0,0.0,0.0,0.0,0.0,0.0,0.0,0.459700248238,0.492800266112,0.368300198882,0.7290003936599999,0.38100020574,0.6985003771899999,0.772200416988,0.8306004485240001,0.619800334692,0.619800334692,0.472400255096,0.5588003017519999,0.434300234522,0.416600224964,0.40130021670199995,0.6680003607200001,0.746800403272,0.42420022906800003,0.599400323676,0.5791003127139999,0.44700024137999994,1.084600585684,0.36580019753200005,0.546100294894,0.556300300402,0.32510017555399995,0.480100259254,0.868700469098,0.426700230418,0.6960003758399999,0.627400338796,0.462300249642,0.520700281178,0.810300437562,0.520700281178,0.513100277074,,0.0,0.0,0.368300198882,0.4560780240597777,0.480100259254,0.619800334692,0.7620404115016001,1.084600585684,2023-04-27
04-28,4,28,0.0,0.0,0.0,0.0,0.0,0.0,0.0,0.0,0.0,0.482600260604,0.497800268812,0.36580019753200005,0.7290003936599999,0.388600209844,0.70100037854,0.772200416988,0.8382004526279999,0.622300336042,0.640100345654,0.4750002565,0.543600293544,0.434300234522,0.416600224964,0.40130021670199995,0.6680003607200001,0.746800403272,0.42420022906800003,0.599400323676,0.5791003127139999,0.44700024137999994,1.084600585684,0.36320019612800003,0.543600293544,0.5588003017519999,0.32510017555399995,0.492800266112,0.8814004759559999,0.41150022221,0.6960003758399999,0.619800334692,0.482600260604,0.520700281178,0.8052004348080001,0.528300285282,0.513100277074,,0.0,0.0,0.36580019753200005,0.4577691360840888,0.492800266112,0.622300336042,0.7620404115016001,1.084600585684,2023-04-28
04-29,4,29,0.0,0.0,0.0,0.0,0.0,0.0,0.0,0.0,0.0,0.518200279828,0.50550027297,0.35310019067400006,0.7290003936599999,0.398800215352,0.70100037854,0.772200416988,0.8484004581360001,0.624800337392,0.6655003593699998,0.457200246888,0.535900289386,0.43690023592599997,0.416600224964,0.40130021670199995,0.675600364824,0.746800403272,0.406400219456,0.599400323676,0.576600311364,0.457200246888,1.094700591138,0.36070019477799997,0.54100029214,0.5639003045059999,0.3150001701,0.500400270216,0.8992004855679999,0.406400219456,0.6833003689820001,0.607100327834,0.480100259254,0.520700281178,0.797600430704,0.528300285282,0.5029002715659999,,0.0,0.0,0.36070019477799997,0.45839358086573345,0.5029002715659999,0.624800337392,0.7620404115016001,1.094700591138,2023-04-29
04-30,4,30,0.0,0.0,0.0,0.0,0.0,0.0,0.0,0.0,0.0,0.518200279828,0.5080002743200001,0.340400183816,0.7341003964139999,0.398800215352,0.7214003895559999,0.777200419688,0.85850046359,0.627400338796,0.693400374436,0.44450024003,0.5309002866860001,0.431800233172,0.41400022355999994,0.40130021670199995,0.675600364824,0.741700400518,0.37850020439,0.599400323676,0.576600311364,0.46740025239599997,1.104900596646,0.36580019753200005,0.535900289386,0.566400305856,0.297200160488,0.5029002715659999,0.8992004855679999,0.398800215352,0.693400374436,0.594400320976,0.472400255096,0.520700281178,0.7595004101299999,0.5309002866860001,0.492800266112,,0.0,0.0,0.36580019753200005,0.4572069135582666,0.5029002715659999,0.627400338796,0.7523804062852,1.104900596646,2023-04-30
05-01,5,1,0.0,0.0,0.0,0.0,0.0,0.0,0.0,0.0,0.0,0.518200279828,0.5105002756699999,0.322600174204,0.736600397764,0.40130021670199995,0.73150039501,0.777200419688,0.871200470448,0.624800337392,0.6985003771899999,0.44960024278399996,0.518200279828,0.431800233172,0.41400022355999994,0.40890022080599997,0.6782003662280001,0.741700400518,0.36070019477799997,0.599400323676,0.56900030726,0.480100259254,1.11250060075,0.36320019612800003,0.5334002880359999,0.566400305856,0.28190015222599996,0.5029002715659999,0.8992004855679999,0.40130021670199995,0.718800388152,0.57400030996,0.457200246888,0.518200279828,0.7264003922560001,0.543600293544,0.48770026335800004,,0.0,0.0,0.36070019477799997,0.4562380241461778,0.5029002715659999,0.624800337392,0.7396603994164,1.11250060075,2023-05-01
05-02,5,2,0.0,0.0,0.0,0.0,0.0,0.0,0.0,0.0,0.0,0.518200279828,0.513100277074,0.304800164592,0.7391003991139999,0.40890022080599997,0.7595004101299999,0.777200419688,0.871200470448,0.619800334692,0.6960003758399999,0.43690023592599997,0.5105002756699999,0.431800233172,0.416600224964,0.40890022080599997,0.6782003662280001,0.7264003922560001,0.35050018927,0.594400320976,0.56900030726,0.48510026195399997,1.11250060075,0.3480001879199999,0.528300285282,0.5588003017519999,0.26920014536799997,0.497800268812,0.8992004855679999,0.40390021810599996,0.7264003922560001,0.566400305856,0.439400237276,0.518200279828,0.7214003895559999,0.543600293544,0.482600260604,,0.0,0.0,0.3480001879199999,0.4540402451816,0.497800268812,0.619800334692,0.7513404057236,1.11250060075,2023-05-02
05-03,5,3,0.0,0.0,0.0,0.0,0.0,0.0,0.0,0.0,0.0,0.518200279828,0.520700281178,0.292100157734,0.7391003991139999,0.40890022080599997,0.767100414234,0.782300422442,0.866100467694,0.614700331938,0.7036003799439999,0.416600224964,0.5156002784239999,0.42420022906800003,0.416600224964,0.40890022080599997,0.6807003675779999,0.723900390906,0.35310019067400006,0.594400320976,0.589300318222,0.48770026335800004,1.11250060075,0.34540018651599996,0.5309002866860001,0.556300300402,0.25400013716000003,0.497800268812,0.8992004855679999,0.42420022906800003,0.7264003922560001,0.5512002976479999,0.416600224964,0.5156002784239999,0.718800388152,0.54100029214,0.480100259254,,0.0,0.0,0.34540018651599996,0.4531958002811557,0.497800268812,0.614700331938,0.755900408186,1.11250060075,2023-05-03
05-04,5,4,0.0,0.0,0.0,0.0,0.0,0.0,0.0,0.0,0.0,0.513100277074,0.528300285282,0.27940015087599995,0.713700385398,0.41150022221,0.767100414234,0.7798004210920001,0.866100467694,0.607100327834,0.7214003895559999,0.40130021670199995,0.523200282528,0.42420022906800003,0.42420022906800003,0.41150022221,0.6782003662280001,0.723900390906,0.36320019612800003,0.599400323676,0.596900322326,0.490200264708,1.1176006035039998,0.337800182412,0.528300285282,0.548600296244,0.248900134406,0.500400270216,0.8992004855679999,0.426700230418,0.7264003922560001,0.53850029079,0.40130021670199995,0.513100277074,0.716300386802,0.54100029214,0.46740025239599997,,0.0,0.0,0.337800182412,0.45189357735573343,0.500400270216,0.607100327834,0.7508204054428,1.1176006035039998,2023-05-04
05-05,5,5,0.0,0.0,0.0,0.0,0.0,0.0,0.0,0.0,0.0,0.5080002743200001,0.5334002880359999,0.26920014536799997,0.7214003895559999,0.41400022355999994,0.772200416988,0.7747004183380001,0.863600466344,0.607100327834,0.7341003964139999,0.38350020709000004,0.520700281178,0.41910022631399996,0.431800233172,0.393700212598,0.675600364824,0.73150039501,0.37080020023200005,0.599400323676,0.591800319572,0.5029002715659999,1.120100604854,0.322600174204,0.518200279828,0.546100294894,0.248900134406,0.500400270216,0.845800456732,0.426700230418,0.7264003922560001,0.543600293544,0.388600209844,0.513100277074,0.723900390906,0.548600296244,0.44450024003,,0.0,0.0,0.322600174204,0.44968913172088887,0.5029002715659999,0.607100327834,0.7569604087584,1.120100604854,2023-05-05
05-06,5,6,0.0,0.0,0.0,0.0,0.0,0.0,0.0,0.0,0.0,0.500400270216,0.5334002880359999,0.25650013851000003,0.744200401868,0.41400022355999994,0.7798004210920001,0.7696004155839999,0.863600466344,0.60450032643,0.736600397764,0.36320019612800003,0.520700281178,0.41400022355999994,0.434300234522,0.373400201636,0.693400374436,0.7341003964139999,0.375900202986,0.599400323676,0.584200315468,0.497800268812,1.115100602154,0.30730016594200005,0.518200279828,0.5258002839320001,0.25400013716000003,0.492800266112,0.8077004361579999,0.426700230418,0.723900390906,0.543600293544,0.386100208494,0.490200264708,0.7341003964139999,0.548600296244,0.452100244134,,0.0,0.0,0.30730016594200005,0.4470935747637334,0.492800266112,0.60450032643,0.7594404100976,1.115100602154,2023-05-06
05-07,5,7,0.0,0.0,0.0,0.0,0.0,0.0,0.0,0.0,0.0,0.497800268812,0.5334002880359999,0.241300130302,0.7696004155839999,0.40890022080599997,0.7899004265460001,0.7595004101299999,0.863600466344,0.6121003305339999,0.7341003964139999,0.34540018651599996,0.520700281178,0.398800215352,0.434300234522,0.35310019067400006,0.7061003812939999,0.7264003922560001,0.37850020439,0.596900322326,0.56900030726,0.497800268812,1.11250060075,0.3150001701,0.520700281178,0.520700281178,0.26420014266799996,0.48510026195399997,0.8026004334039999,0.41150022221,0.718800388152,0.543600293544,0.36070019477799997,0.46480025099199995,0.744200401868,0.5639003045059999,0.457200246888,,0.0,0.0,0.3150001701,0.4449491291612888,0.48510026195399997,0.6121003305339999,0.7655604134024,1.11250060075,2023-05-07
05-08,5,8,0.0,0.0,0.0,0.0,0.0,0.0,0.0,0.0,0.0,0.495300267462,0.5309002866860001,0.23370012619799999,0.7696004155839999,0.391200211248,0.7899004265460001,0.749300404622,0.863600466344,0.6121003305339999,0.718800388152,0.337800182412,0.513100277074,0.388600209844,0.452100244134,0.332700179658,0.708700382698,0.716300386802,0.37850020439,0.589300318222,0.548600296244,0.497800268812,1.104900596646,0.276900149526,0.518200279828,0.518200279828,0.271800146772,0.490200264708,0.79250042795,0.391200211248,0.718800388152,0.535900289386,0.340400183816,0.452100244134,0.749300404622,0.57400030996,0.454700245538,,0.0,0.0,0.276900149526,0.44015579323955567,0.490200264708,0.6121003305339999,0.7614804111992,1.104900596646,2023-05-08
05-09,5,9,0.0,0.0,0.0,0.0,0.0,0.0,0.0,0.0,0.0,0.495300267462,0.500400270216,0.226100122094,0.7696004155839999,0.373400201636,0.7899004265460001,0.746800403272,0.853400460836,0.617200333288,0.711200384048,0.34290018516599996,0.495300267462,0.38350020709000004,0.46480025099199995,0.3200001728,0.7036003799439999,0.708700382698,0.37080020023200005,0.576600311364,0.543600293544,0.497800268812,1.0973005925419999,0.26670014401799996,0.518200279828,0.523200282528,0.276900149526,0.492800266112,0.79250042795,0.373400201636,0.718800388152,0.520700281178,0.335300181062,0.44450024003,0.749300404622,0.594400320976,0.43690023592599997,,0.0,0.0,0.276900149526,0.4362624578038222,0.492800266112,0.617200333288,0.7614804111992,1.0973005925419999,2023-05-09
05-10,5,10,0.0,0.0,0.0,0.0,0.0,0.0,0.0,0.0,0.0,0.492800266112,0.500400270216,0.226100122094,0.7696004155839999,0.36070019477799997,0.7899004265460001,0.744200401868,0.845800456732,0.619800334692,0.7214003895559999,0.340400183816,0.480100259254,0.368300198882,0.480100259254,0.304800164592,0.713700385398,0.7036003799439999,0.358100193374,0.584200315468,0.5258002839320001,0.497800268812,1.120100604854,0.25650013851000003,0.513100277074,0.528300285282,0.28700015498,0.523200282528,0.7798004210920001,0.36070019477799997,0.7264003922560001,0.5080002743200001,0.32770017695799997,0.439400237276,0.749300404622,0.594400320976,0.41400022355999994,,0.0,0.0,0.28700015498,0.43456690133266673,0.480100259254,0.619800334692,0.7614804111992,1.120100604854,2023-05-10
05-11,5,11,0.0,0.0,0.0,0.0,0.0,0.0,0.0,0.0,0.0,0.492800266112,0.5080002743200001,0.231100124794,0.7569004087260001,0.34290018516599996,0.79250042795,0.741700400518,0.8306004485240001,0.619800334692,0.7264003922560001,0.335300181062,0.462300249642,0.368300198882,0.490200264708,0.28960015638400005,0.741700400518,0.6960003758399999,0.34290018516599996,0.584200315468,0.513100277074,0.5029002715659999,1.137900614466,0.23370012619799999,0.497800268812,0.528300285282,0.292100157734,0.5512002976479999,0.7569004087260001,0.3480001879199999,0.7290003936599999,0.490200264708,0.322600174204,0.431800233172,0.744200401868,0.6020003250799999,0.391200211248,,0.0,0.0,0.28960015638400005,0.43169134422431105,0.490200264708,0.619800334692,0.7518204059828001,1.137900614466,2023-05-11
05-12,5,12,0.0,0.0,0.0,0.0,0.0,0.0,0.0,0.0,0.0,0.492800266112,0.5080002743200001,0.231100124794,0.749300404622,0.322600174204,0.8052004348080001,0.7264003922560001,0.812800438912,0.622300336042,0.7290003936599999,0.332700179658,0.44450024003,0.368300198882,0.490200264708,0.26920014536799997,0.746800403272,0.6731003634739999,0.322600174204,0.584200315468,0.48510026195399997,0.523200282528,1.135400613116,0.21080011383199998,0.482600260604,0.535900289386,0.28700015498,0.546100294894,0.736600397764,0.375900202986,0.723900390906,0.482600260604,0.322600174204,0.42160022766399996,0.741700400518,0.609600329184,0.373400201636,,0.0,0.0,0.26920014536799997,0.4272246751456444,0.482600260604,0.622300336042,0.7447604021704001,1.135400613116,2023-05-12
05-13,5,13,0.0,0.0,0.0,0.0,0.0,0.0,0.0,0.0,0.0,0.492800266112,0.50550027297,0.218400117936,0.7290003936599999,0.31750017145000003,0.8077004361579999,0.7061003812939999,0.7899004265460001,0.624800337392,0.741700400518,0.332700179658,0.439400237276,0.368300198882,0.48770026335800004,0.261600141264,0.749300404622,0.6477003497580001,0.297200160488,0.5613003031020001,0.469900253746,0.523200282528,1.132800611712,0.20070010837799998,0.462300249642,0.54100029214,0.27940015087599995,0.543600293544,0.708700382698,0.386100208494,0.708700382698,0.472400255096,0.312400168696,0.42420022906800003,0.736600397764,0.609600329184,0.35310019067400006,,0.0,0.0,0.261600141264,0.4209624495418222,0.462300249642,0.624800337392,0.7396603994164,1.132800611712,2023-05-13
05-14,5,14,0.0,0.0,0.0,0.0,0.0,0.0,0.0,0.0,0.0,0.492800266112,0.480100259254,0.21080011383199998,0.7264003922560001,0.304800164592,0.812800438912,0.6858003703319999,0.7747004183380001,0.640100345654,0.76200041148,0.330200178308,0.429300231822,0.3480001879199999,0.480100259254,0.25650013851000003,0.746800403272,0.624800337392,0.274300148122,0.56900030726,0.44700024137999994,0.523200282528,1.125200607608,0.19300010422,0.44450024003,0.5334002880359999,0.271800146772,0.535900289386,0.6960003758399999,0.388600209844,0.6909003730859999,0.459700248238,0.28450015363,0.40390021810599996,0.7290003936599999,0.60450032643,0.3480001879199999,,0.0,0.0,0.25650013851000003,0.4139646679852444,0.44450024003,0.624800337392,0.7396803994272,1.125200607608,2023-05-14
05-15,5,15,0.0,0.0,0.0,0.0,0.0,0.0,0.0,0.0,0.0,0.500400270216,0.47750025784999994,0.203200109728,0.7214003895559999,0.292100157734,0.82300044442,0.670600362124,0.7569004087260001,0.640100345654,0.772200416988,0.32510017555399995,0.40890022080599997,0.330200178308,0.4750002565,0.25650013851000003,0.741700400518,0.599400323676,0.259100139914,0.56900030726,0.429300231822,0.5334002880359999,1.125200607608,0.177800096012,0.426700230418,0.5309002866860001,0.27940015087599995,0.518200279828,0.6833003689820001,0.386100208494,0.6731003634739999,0.457200246888,0.271800146772,0.37080020023200005,0.7264003922560001,0.599400323676,0.330200178308,,0.0,0.0,0.25650013851000003,0.40758910898688905,0.426700230418,0.599400323676,0.7355803972132,1.125200607608,2023-05-15
05-16,5,16,0.0,0.0,0.0,0.0,0.0,0.0,0.0,0.0,0.0,0.495300267462,0.490200264708,0.18800010152,0.6833003689820001,0.28960015638400005,0.8179004416659998,0.6528003525120001,0.73150039501,0.6502003511079999,0.767100414234,0.312400168696,0.388600209844,0.309900167346,0.472400255096,0.25400013716000003,0.7341003964139999,0.5817003141179999,0.23370012619799999,0.5613003031020001,0.406400219456,0.5334002880359999,1.115100602154,0.137200074088,0.41400022355999994,0.5258002839320001,0.28700015498,0.492800266112,0.6731003634739999,0.37850020439,0.6528003525120001,0.452100244134,0.25400013716000003,0.332700179658,0.718800388152,0.589300318222,0.332700179658,,0.0,0.0,0.23370012619799999,0.39799354824973343,0.406400219456,0.589300318222,0.7264203922668,1.115100602154,2023-05-16
05-17,5,17,0.0,0.0,0.0,0.0,0.0,0.0,0.0,0.0,0.0,0.48510026195399997,0.47750025784999994,0.175300094662,0.675600364824,0.26420014266799996,0.8179004416659998,0.6325003415499999,0.7061003812939999,0.6502003511079999,0.7696004155839999,0.302300163242,0.40130021670199995,0.309900167346,0.462300249642,0.241300130302,0.7264003922560001,0.556300300402,0.213400115236,0.56900030726,0.386100208494,0.528300285282,1.115100602154,0.104100056214,0.40130021670199995,0.5080002743200001,0.309900167346,0.5029002715659999,0.670600362124,0.36320019612800003,0.645200348408,0.44700024137999994,0.236200127548,0.309900167346,0.7036003799439999,0.5817003141179999,0.332700179658,,0.0,0.0,0.213400115236,0.39071132209511106,0.40130021670199995,0.5817003141179999,0.705100380754,1.115100602154,2023-05-17
05-18,5,18,0.0,0.0,0.0,0.0,0.0,0.0,0.0,0.0,0.0,0.4750002565,0.46740025239599997,0.154900083646,0.6528003525120001,0.259100139914,0.8179004416659998,0.617200333288,0.688300371682,0.6477003497580001,0.7696004155839999,0.294600159084,0.355600192024,0.28450015363,0.459700248238,0.231100124794,0.713700385398,0.5334002880359999,0.19300010422,0.5512002976479999,0.36580019753200005,0.5258002839320001,1.125200607608,0.08130004390199999,0.388600209844,0.482600260604,0.3150001701,0.5105002756699999,0.6782003662280001,0.35050018927,0.6350003429000001,0.43690023592599997,0.228600123444,0.28450015363,0.688300371682,0.54100029214,0.32770017695799997,,0.0,0.0,0.19300010422,0.3807157611419556,0.36580019753200005,0.5512002976479999,0.688300371682,1.125200607608,2023-05-18
05-19,5,19,0.0,0.0,0.0,0.0,0.0,0.0,0.0,0.0,0.0,0.46480025099199995,0.46480025099199995,0.13970007543799998,0.640100345654,0.25650013851000003,0.82300044442,0.6121003305339999,0.670600362124,0.6375003442499999,0.7696004155839999,0.28190015222599996,0.335300181062,0.25650013851000003,0.44200023868000005,0.22100011934000002,0.7061003812939999,0.5105002756699999,0.170200091908,0.5105002756699999,0.335300181062,0.5309002866860001,1.14050061587,0.06350003429000001,0.388600209844,0.452100244134,0.3200001728,0.513100277074,0.6858003703319999,0.337800182412,0.6325003415499999,0.42160022766399996,0.21080011383199998,0.25150013581,0.670600362124,0.5309002866860001,0.335300181062,,0.0,0.0,0.170200091908,0.3718557563575555,0.337800182412,0.5309002866860001,0.6797203670488,1.14050061587,2023-05-19
05-20,5,20,0.0,0.0,0.0,0.0,0.0,0.0,0.0,0.0,0.0,0.454700245538,0.43690023592599997,0.114300061722,0.627400338796,0.24380013165199996,0.815300440262,0.609600329184,0.6502003511079999,0.627400338796,0.76450041283,0.274300148122,0.309900167346,0.22100011934000002,0.43690023592599997,0.20570011107800001,0.670600362124,0.48510026195399997,0.147300079542,0.48770026335800004,0.309900167346,0.5334002880359999,1.1582006254279997,0.040600021923999995,0.388600209844,0.431800233172,0.330200178308,0.5105002756699999,0.6858003703319999,0.32770017695799997,0.660400356616,0.393700212598,0.19300010422,0.23370012619799999,0.6528003525120001,0.518200279828,0.335300181062,,0.0,0.0,0.147300079542,0.36192019543679993,0.335300181062,0.5334002880359999,0.6665203599208,1.1582006254279997,2023-05-20
05-21,5,21,0.0,0.0,0.0,0.0,0.0,0.0,0.0,0.0,0.0,0.452100244134,0.40130021670199995,0.114300061722,0.614700331938,0.23880012895200003,0.812800438912,0.6020003250799999,0.6502003511079999,0.627400338796,0.749300404622,0.259100139914,0.28700015498,0.19050010287,0.42420022906800003,0.198100106974,0.629900340146,0.462300249642,0.12190006582599998,0.46480025099199995,0.28960015638400005,0.5258002839320001,1.1760006350399999,0.017800009611999998,0.391200211248,0.40890022080599997,0.337800182412,0.500400270216,0.6858003703319999,0.31750017145000003,0.657900355266,0.37080020023200005,0.170200091908,0.23880012895200003,0.629900340146,0.518200279828,0.3200001728,,0.0,0.0,0.12190006582599998,0.3523846347320444,0.337800182412,0.5258002839320001,0.6548203536028,1.1760006350399999,2023-05-21
05-22,5,22,0.0,0.0,0.0,0.0,0.0,0.0,0.0,0.0,0.0,0.439400237276,0.38350020709000004,0.109200058968,0.6020003250799999,0.226100122094,0.8052004348080001,0.6020003250799999,0.645200348408,0.6325003415499999,0.7341003964139999,0.241300130302,0.271800146772,0.203200109728,0.406400219456,0.19300010422,0.594400320976,0.43690023592599997,0.114300061722,0.44960024278399996,0.26670014401799996,0.5258002839320001,1.17350063369,0.012700006858,0.38350020709000004,0.396200213948,0.335300181062,0.48510026195399997,0.688300371682,0.292100157734,0.6655003593699998,0.36070019477799997,0.18540010011600003,0.23880012895200003,0.6121003305339999,0.528300285282,0.3150001701,,0.0,0.0,0.114300061722,0.34566907555008886,0.335300181062,0.528300285282,0.6573803549852,1.17350063369,2023-05-22
05-23,5,23,0.0,0.0,0.0,0.0,0.0,0.0,0.0,0.0,0.0,0.416600224964,0.388600209844,0.114300061722,0.591800319572,0.195600105624,0.797600430704,0.589300318222,0.642600347004,0.627400338796,0.7214003895559999,0.228600123444,0.24380013165199996,0.20570011107800001,0.38100020574,0.18290009876600002,0.56900030726,0.426700230418,0.106700057618,0.459700248238,0.248900134406,0.5156002784239999,1.168400630936,0.0,0.36580019753200005,0.368300198882,0.34540018651599996,0.48510026195399997,0.6553003538619999,0.294600159084,0.6782003662280001,0.355600192024,0.19050010287,0.226100122094,0.589300318222,0.528300285282,0.28190015222599996,,0.0,0.0,0.114300061722,0.33748018223919996,0.34540018651599996,0.528300285282,0.6502203511187999,1.168400630936,2023-05-23
05-24,5,24,0.0,0.0,0.0,0.0,0.0,0.0,0.0,0.0,0.0,0.388600209844,0.388600209844,0.101600054864,0.56900030726,0.177800096012,0.812800438912,0.576600311364,0.6528003525120001,0.622300336042,0.713700385398,0.20570011107800001,0.21080011383199998,0.21080011383199998,0.35050018927,0.18030009736199998,0.543600293544,0.40890022080599997,0.09140004935599999,0.472400255096,0.23880012895200003,0.520700281178,1.181100637794,0.0,0.34290018516599996,0.373400201636,0.3480001879199999,0.48510026195399997,0.619800334692,0.294600159084,0.70100037854,0.335300181062,0.198100106974,0.20570011107800001,0.576600311364,0.518200279828,0.248900134406,,0.0,0.0,0.101600054864,0.33036462284124446,0.335300181062,0.520700281178,0.6406003459240001,1.181100637794,2023-05-24
05-25,5,25,0.0,0.0,0.0,0.0,0.0,0.0,0.0,0.0,0.0,0.37850020439,0.38350020709000004,0.08130004390199999,0.5588003017519999,0.147300079542,0.8255004457699999,0.584200315468,0.6477003497580001,0.622300336042,0.711200384048,0.165100089154,0.177800096012,0.208300112482,0.32510017555399995,0.175300094662,0.5258002839320001,0.386100208494,0.086400046656,0.48770026335800004,0.228600123444,0.523200282528,1.183600639144,0.0,0.322600174204,0.368300198882,0.35050018927,0.48510026195399997,0.596900322326,0.28190015222599996,0.7061003812939999,0.31750017145000003,0.19300010422,0.19300010422,0.5613003031020001,0.513100277074,0.23370012619799999,,0.0,0.0,0.086400046656,0.32302906332448883,0.31750017145000003,0.523200282528,0.6375403442716001,1.183600639144,2023-05-25
05-26,5,26,0.0,0.0,0.0,0.0,0.0,0.0,0.0,0.0,0.0,0.368300198882,0.375900202986,0.06100003294,0.548600296244,0.11940006447600002,0.8357004512780001,0.5791003127139999,0.645200348408,0.614700331938,0.693400374436,0.147300079542,0.149900080946,0.18800010152,0.292100157734,0.16760009050400002,0.5080002743200001,0.36070019477799997,0.06100003294,0.48770026335800004,0.215900116586,0.520700281178,1.178600636444,0.0,0.299700161838,0.335300181062,0.35050018927,0.480100259254,0.591800319572,0.248900134406,0.711200384048,0.30730016594200005,0.177800096012,0.1600000864,0.543600293544,0.513100277074,0.218400117936,,0.0,0.0,0.06100003294,0.31236683534466664,0.292100157734,0.513100277074,0.6330003418200001,1.178600636444,2023-05-26
05-27,5,27,0.0,0.0,0.0,0.0,0.0,0.0,0.0,0.0,0.0,0.358100193374,0.36580019753200005,0.035600019223999996,0.535900289386,0.104100056214,0.8357004512780001,0.586700316818,0.642600347004,0.599400323676,0.675600364824,0.13460007268399998,0.12700006858000001,0.16760009050400002,0.26420014266799996,0.165100089154,0.497800268812,0.332700179658,0.040600021923999995,0.48770026335800004,0.20070010837799998,0.5080002743200001,1.17350063369,0.0,0.27940015087599995,0.304800164592,0.35310019067400006,0.47750025784999994,0.596900322326,0.213400115236,0.711200384048,0.292100157734,0.165100089154,0.12190006582599998,0.543600293544,0.523200282528,0.195600105624,,0.0,0.0,0.040600021923999995,0.3025957189571556,0.26420014266799996,0.5080002743200001,0.6253203376728002,1.17350063369,2023-05-27
05-28,5,28,0.0,0.0,0.0,0.0,0.0,0.0,0.0,0.0,0.0,0.340400183816,0.36580019753200005,0.012700006858,0.5156002784239999,0.088900048006,0.840700453978,0.589300318222,0.642600347004,0.584200315468,0.662900357966,0.12190006582599998,0.101600054864,0.14220007678799998,0.231100124794,0.154900083646,0.482600260604,0.32770017695799997,0.015200008207999998,0.497800268812,0.18540010011600003,0.492800266112,1.170900632286,0.0,0.25650013851000003,0.274300148122,0.35050018927,0.47750025784999994,0.586700316818,0.18030009736199998,0.7264003922560001,0.26420014266799996,0.12950006993,0.088900048006,0.543600293544,0.523200282528,0.165100089154,,0.0,0.0,0.015200008207999998,0.2918646020512444,0.231100124794,0.497800268812,0.6212803354912001,1.170900632286,2023-05-28
05-29,5,29,0.0,0.0,0.0,0.0,0.0,0.0,0.0,0.0,0.0,0.34540018651599996,0.36320019612800003,0.0,0.492800266112,0.07110003839399999,0.8357004512780001,0.594400320976,0.642600347004,0.5588003017519999,0.660400356616,0.09140004935599999,0.08380004525200001,0.116800063072,0.19300010422,0.13970007543799998,0.469900253746,0.32510017555399995,0.0,0.490200264708,0.16260008780399998,0.469900253746,1.17350063369,0.0,0.26920014536799997,0.23880012895200003,0.3480001879199999,0.4750002565,0.5512002976479999,0.1600000864,0.7290003936599999,0.241300130302,0.101600054864,0.086400046656,0.53850029079,0.513100277074,0.14220007678799998,,0.0,0.0,0.0,0.2816579298729778,0.19300010422,0.490200264708,0.6233203365928001,1.17350063369,2023-05-29
05-30,5,30,0.0,0.0,0.0,0.0,0.0,0.0,0.0,0.0,0.0,0.36580019753200005,0.36320019612800003,0.0,0.48770026335800004,0.040600021923999995,0.8306004485240001,0.594400320976,0.627400338796,0.535900289386,0.640100345654,0.053300028782,0.043200023328,0.088900048006,0.15750008505,0.13460007268399998,0.462300249642,0.30730016594200005,0.0,0.482600260604,0.152400082296,0.44200023868000005,1.186200640548,0.0,0.271800146772,0.20570011107800001,0.330200178308,0.462300249642,0.53850029079,0.152400082296,0.7290003936599999,0.20570011107800001,0.073700039798,0.106700057618,0.518200279828,0.490200264708,0.114300061722,,0.0,0.0,0.0,0.2709934796697333,0.15750008505,0.482600260604,0.614200331668,1.186200640548,2023-05-30
05-31,5,31,0.0,0.0,0.0,0.0,0.0,0.0,0.0,0.0,0.0,0.375900202986,0.368300198882,0.0,0.459700248238,0.0,0.8306004485240001,0.594400320976,0.599400323676,0.5080002743200001,0.614700331938,0.012700006858,0.017800009611999998,0.050800027432,0.12190006582599998,0.12950006993,0.4750002565,0.297200160488,0.0,0.480100259254,0.13460007268399998,0.439400237276,1.1887006418980002,0.0,0.271800146772,0.18540010011600003,0.309900167346,0.452100244134,0.5105002756699999,0.12190006582599998,0.7290003936599999,0.175300094662,0.068600037044,0.116800063072,0.5080002743200001,0.462300249642,0.078700042498,,0.0,0.0,0.0,0.25975569582355557,0.13460007268399998,0.462300249642,0.5974003225960001,1.1887006418980002,2023-05-31
06-01,6,1,0.0,0.0,0.0,0.0,0.0,0.0,0.0,0.0,0.0,0.38100020574,0.38100020574,0.0,0.426700230418,0.007600004103999999,0.82300044442,0.589300318222,0.56900030726,0.48770026335800004,0.6121003305339999,0.0,0.0,0.012700006858,0.086400046656,0.12450006723,0.452100244134,0.274300148122,0.0,0.47750025784999994,0.111800060372,0.41910022631399996,1.181100637794,0.0,0.26920014536799997,0.15750008505,0.28960015638400005,0.434300234522,0.480100259254,0.086400046656,0.73150039501,0.14480007819200003,0.03050001647,0.116800063072,0.480100259254,0.44200023868000005,0.040600021923999995,,0.0,0.0,0.0,0.24711791122137783,0.12450006723,0.44200023868000005,0.5811803138372,1.181100637794,2023-06-01
06-02,6,2,0.0,0.0,0.0,0.0,0.0,0.0,0.0,0.0,0.0,0.391200211248,0.388600209844,0.0,0.40890022080599997,0.0,0.8204004430159999,0.586700316818,0.54100029214,0.459700248238,0.57150030861,0.0,0.0,0.00250000135,0.050800027432,0.104100056214,0.452100244134,0.241300130302,0.0,0.46480025099199995,0.088900048006,0.416600224964,1.1760006350399999,0.0,0.248900134406,0.12950006993,0.26920014536799997,0.40890022080599997,0.457200246888,0.073700039798,0.73150039501,0.104100056214,0.005100002754000001,0.111800060372,0.462300249642,0.426700230418,0.012700006858,,0.0,0.0,0.0,0.23570457172484444,0.104100056214,0.426700230418,0.5593003020220001,1.1760006350399999,2023-06-02
06-03,6,3,0.0,0.0,0.0,0.0,0.0,0.0,0.0,0.0,0.0,0.391200211248,0.393700212598,0.0,0.426700230418,0.0,0.8306004485240001,0.5639003045059999,0.523200282528,0.434300234522,0.576600311364,0.0,0.0,0.0,0.017800009611999998,0.076200041148,0.439400237276,0.20570011107800001,0.0,0.44200023868000005,0.07110003839399999,0.40890022080599997,1.163300628182,0.0,0.218400117936,0.09400005076,0.246400133056,0.38350020709000004,0.431800233172,0.038100020574,0.7264003922560001,0.068600037044,0.0,0.088900048006,0.459700248238,0.396200213948,0.0,,0.0,0.0,0.0,0.2248134547325333,0.076200041148,0.426700230418,0.5476202957148,1.163300628182,2023-06-03
06-04,6,4,0.0,0.0,0.0,0.0,0.0,0.0,0.0,0.0,0.0,0.373400201636,0.396200213948,0.0,0.41400022355999994,0.0,0.8306004485240001,0.543600293544,0.497800268812,0.416600224964,0.586700316818,0.0,0.0,0.0,0.0,0.053300028782,0.44450024003,0.18290009876600002,0.0,0.426700230418,0.038100020574,0.406400219456,1.150600621324,0.0,0.195600105624,0.055900030186,0.22100011934000002,0.35050018927,0.388600209844,0.007600004103999999,0.7061003812939999,0.038100020574,0.0,0.053300028782,0.426700230418,0.38350020709000004,0.0,,0.0,0.0,0.0,0.21307344839293332,0.053300028782,0.406400219456,0.5252802836512,1.150600621324,2023-06-04
06-05,6,5,0.0,0.0,0.0,0.0,0.0,0.0,0.0,0.0,0.0,0.34540018651599996,0.391200211248,0.0,0.42160022766399996,0.0,0.8306004485240001,0.513100277074,0.46480025099199995,0.416600224964,0.589300318222,0.0,0.0,0.0,0.0,0.03050001647,0.429300231822,0.149900080946,0.0,0.41400022355999994,0.012700006858,0.40390021810599996,1.137900614466,0.0,0.170200091908,0.03050001647,0.19300010422,0.322600174204,0.355600192024,0.0,0.6858003703319999,0.012700006858,0.0,0.022900012366000002,0.41910022631399996,0.37080020023200005,0.0,,0.0,0.0,0.0,0.20297788738577782,0.022900012366000002,0.40390021810599996,0.4937802666412,1.137900614466,2023-06-05
06-06,6,6,0.0,0.0,0.0,0.0,0.0,0.0,0.0,0.0,0.0,0.31750017145000003,0.38100020574,0.0,0.426700230418,0.0,0.8331004498739999,0.480100259254,0.426700230418,0.41400022355999994,0.591800319572,0.0,0.0,0.0,0.0,0.005100002754000001,0.41400022355999994,0.116800063072,0.0,0.42160022766399996,0.0,0.40130021670199995,1.125200607608,0.0,0.14480007819200003,0.0,0.170200091908,0.28700015498,0.3200001728,0.0,0.6655003593699998,0.0,0.0,0.010200005508000001,0.396200213948,0.36070019477799997,0.0,,0.0,0.0,0.0,0.1935445489584444,0.0,0.396200213948,0.4587402477196001,1.125200607608,2023-06-06
06-07,6,7,0.0,0.0,0.0,0.0,0.0,0.0,0.0,0.0,0.0,0.292100157734,0.368300198882,0.0,0.426700230418,0.0,0.8052004348080001,0.439400237276,0.391200211248,0.41150022221,0.596900322326,0.0,0.0,0.0,0.0,0.0,0.40890022080599997,0.08130004390199999,0.0,0.41910022631399996,0.0,0.36320019612800003,1.120100604854,0.0,0.114300061722,0.0,0.152400082296,0.25150013581,0.28190015222599996,0.0,0.6528003525120001,0.0,0.0,0.0,0.373400201636,0.304800164592,0.0,,0.0,0.0,0.0,0.18344454350444445,0.0,0.368300198882,0.43432023453280005,1.120100604854,2023-06-07
06-08,6,8,0.0,0.0,0.0,0.0,0.0,0.0,0.0,0.0,0.0,0.26420014266799996,0.34290018516599996,0.0,0.43690023592599997,0.0,0.800100432054,0.406400219456,0.368300198882,0.406400219456,0.594400320976,0.0,0.0,0.0,0.0,0.0,0.41910022631399996,0.040600021923999995,0.0,0.40890022080599997,0.0,0.32510017555399995,1.11250060075,0.0,0.08380004525200001,0.0,0.137200074088,0.215900116586,0.248900134406,0.0,0.619800334692,0.010200005508000001,0.0,0.0,0.35310019067400006,0.271800146772,0.0,,0.0,0.0,0.0,0.17481120550911108,0.0,0.34290018516599996,0.4297802320812,1.11250060075,2023-06-08
06-09,6,9,0.0,0.0,0.0,0.0,0.0,0.0,0.0,0.0,0.0,0.23370012619799999,0.304800164592,0.0,0.431800233172,0.0,0.812800438912,0.37080020023200005,0.358100193374,0.391200211248,0.586700316818,0.0,0.0,0.0,0.0,0.0,0.429300231822,0.025400013716,0.0,0.40890022080599997,0.0,0.26670014401799996,1.104900596646,0.0,0.043200023328,0.0,0.109200058968,0.198100106974,0.213400115236,0.0,0.599400323676,0.022900012366000002,0.0,0.0,0.34540018651599996,0.23370012619799999,0.0,,0.0,0.0,0.0,0.16645342321813333,0.0,0.304800164592,0.430800232632,1.104900596646,2023-06-09
06-10,6,10,0.0,0.0,0.0,0.0,0.0,0.0,0.0,0.0,0.0,0.19300010422,0.26670014401799996,0.0,0.42160022766399996,0.0,0.812800438912,0.330200178308,0.332700179658,0.391200211248,0.57150030861,0.0,0.0,0.0,0.0,0.0,0.41150022221,0.025400013716,0.0,0.398800215352,0.0,0.21080011383199998,1.0998005938920001,0.0,0.010200005508000001,0.0,0.08130004390199999,0.16260008780399998,0.170200091908,0.0,0.591800319572,0.027900015065999997,0.0,0.0,0.335300181062,0.19300010422,0.0,,0.0,0.0,0.0,0.15640675112626667,0.0,0.26670014401799996,0.41756022548239996,1.0998005938920001,2023-06-10
06-11,6,11,0.0,0.0,0.0,0.0,0.0,0.0,0.0,0.0,0.0,0.177800096012,0.215900116586,0.0,0.40390021810599996,0.0,0.815300440262,0.294600159084,0.304800164592,0.393700212598,0.576600311364,0.0,0.0,0.0,0.0,0.0,0.42160022766399996,0.0,0.0,0.368300198882,0.0,0.137200074088,1.0897005884379998,0.0,0.0,0.0,0.06350003429000001,0.12450006723,0.13460007268399998,0.0,0.56900030726,0.027900015065999997,0.0,0.0,0.32510017555399995,0.16260008780399998,0.0,,0.0,0.0,0.0,0.1468134126125333,0.0,0.215900116586,0.4145202238408,1.0897005884379998,2023-06-11
06-12,6,12,0.0,0.0,0.0,0.0,0.0,0.0,0.0,0.0,0.0,0.165100089154,0.20070010837799998,0.0,0.36580019753200005,0.0,0.812800438912,0.271800146772,0.28190015222599996,0.388600209844,0.556300300402,0.0,0.0,0.0,0.0,0.0,0.416600224964,0.0,0.0,0.3480001879199999,0.0,0.12450006723,1.084600585684,0.0,0.0,0.0,0.035600019223999996,0.09400005076,0.111800060372,0.0,0.535900289386,0.012700006858,0.0,0.0,0.30730016594200005,0.12190006582599998,0.0,,0.0,0.0,0.0,0.13857563038635556,0.0,0.20070010837799998,0.40540021891600003,1.084600585684,2023-06-12
06-13,6,13,0.0,0.0,0.0,0.0,0.0,0.0,0.0,0.0,0.0,0.175300094662,0.18290009876600002,0.0,0.335300181062,0.0,0.800100432054,0.23880012895200003,0.26920014536799997,0.37080020023200005,0.5334002880359999,0.0,0.010200005508000001,0.0,0.0,0.0,0.416600224964,0.0,0.0,0.34540018651599996,0.0,0.137200074088,1.0516005678640001,0.0,0.0,0.0,0.007600004103999999,0.07110003839399999,0.101600054864,0.0,0.50550027297,0.0,0.0,0.0,0.28700015498,0.08130004390199999,0.0,,0.0,0.0,0.0,0.13157562660635555,0.0,0.18290009876600002,0.3982802150712001,1.0516005678640001,2023-06-13
06-14,6,14,0.0,0.0,0.0,0.0,0.0,0.0,0.0,0.0,0.0,0.175300094662,0.16760009050400002,0.0,0.32770017695799997,0.0,0.7696004155839999,0.20570011107800001,0.261600141264,0.373400201636,0.495300267462,0.0,0.010200005508000001,0.0,0.0,0.0,0.406400219456,0.0,0.0,0.35310019067400006,0.0,0.13460007268399998,1.0236005527440002,0.0,0.0,0.0,0.0,0.045700024677999995,0.101600054864,0.0,0.472400255096,0.0,0.0,0.0,0.271800146772,0.048300026082,0.0,,0.0,0.0,0.0,0.12542006772679998,0.0,0.175300094662,0.39320021232800006,1.0236005527440002,2023-06-14
06-15,6,15,0.0,0.0,0.0,0.0,0.0,0.0,0.0,0.0,0.0,0.17270009325799998,0.12700006858000001,0.0,0.30730016594200005,0.0,0.736600397764,0.177800096012,0.246400133056,0.36580019753200005,0.462300249642,0.0,0.0,0.0,0.0,0.0,0.38100020574,0.0,0.0,0.3200001728,0.0,0.12450006723,1.008400544536,0.0,0.0,0.0,0.0,0.038100020574,0.073700039798,0.0,0.452100244134,0.0,0.0,0.0,0.246400133056,0.017800009611999998,0.0,,0.0,0.0,0.0,0.11684228531702223,0.0,0.17270009325799998,0.3749202024568,1.008400544536,2023-06-15
06-16,6,16,0.0,0.0,0.0,0.0,0.0,0.0,0.0,0.0,0.0,0.1600000864,0.088900048006,0.0,0.259100139914,0.0,0.70100037854,0.13970007543799998,0.231100124794,0.35050018927,0.429300231822,0.0,0.0,0.0,0.0,0.0,0.35310019067400006,0.0,0.0,0.271800146772,0.0,0.09140004935599999,0.9779005280659999,0.0,0.0,0.0,0.0,0.007600004103999999,0.03050001647,0.0,0.42160022766399996,0.0,0.0,0.0,0.248900134406,0.0,0.0,,0.0,0.0,0.0,0.10583116825991111,0.0,0.13970007543799998,0.35206019011240003,0.9779005280659999,2023-06-16
06-17,6,17,0.0,0.0,0.0,0.0,0.0,0.0,0.0,0.0,0.0,0.137200074088,0.03050001647,0.0,0.241300130302,0.0,0.6909003730859999,0.116800063072,0.208300112482,0.36320019612800003,0.406400219456,0.0,0.0,0.0,0.0,0.0,0.322600174204,0.0,0.0,0.23370012619799999,0.0,0.073700039798,0.9474005115959999,0.0,0.0,0.0,0.0,0.0,0.010200005508000001,0.0,0.386100208494,0.0,0.0,0.0,0.231100124794,0.0,0.0,,0.0,0.0,0.0,0.09776449723724444,0.0,0.116800063072,0.34696018735840006,0.9474005115959999,2023-06-17
06-18,6,18,0.0,0.0,0.0,0.0,0.0,0.0,0.0,0.0,0.0,0.12190006582599998,0.005100002754000001,0.0,0.236200127548,0.0,0.7036003799439999,0.07110003839399999,0.170200091908,0.386100208494,0.393700212598,0.0,0.0,0.0,0.0,0.0,0.28450015363,0.0,0.0,0.195600105624,0.0,0.050800027432,0.914400493776,0.0,0.0,0.0,0.0,0.0,0.0,0.0,0.368300198882,0.0,0.0,0.0,0.203200109728,0.0,0.0,,0.0,0.0,0.0,0.09121560481195555,0.0,0.07110003839399999,0.3347801807812001,0.914400493776,2023-06-18
06-19,6,19,0.0,0.0,0.0,0.0,0.0,0.0,0.0,0.0,0.0,0.086400046656,0.0,0.0,0.226100122094,0.0,0.70100037854,0.03300001782,0.14220007678799998,0.38100020574,0.37080020023200005,0.0,0.0,0.0,0.0,0.0,0.25400013716000003,0.0,0.0,0.15750008505,0.0,0.015200008207999998,0.876300473202,0.0,0.0,0.0,0.0,0.0,0.0,0.0,0.337800182412,0.0,0.0,0.0,0.17270009325799998,0.0,0.0,,0.0,0.0,0.0,0.08342226727022221,0.0,0.03300001782,0.30428016431120014,0.876300473202,2023-06-19
06-20,6,20,0.0,0.0,0.0,0.0,0.0,0.0,0.0,0.0,0.0,0.053300028782,0.0,0.0,0.19300010422,0.0,0.6833003689820001,0.007600004103999999,0.088900048006,0.368300198882,0.358100193374,0.0,0.0,0.0,0.0,0.0,0.215900116586,0.0,0.0,0.11940006447600002,0.0,0.0,0.861100464994,0.0,0.0,0.0,0.0,0.0,0.0,0.0,0.302300163242,0.0,0.0,0.0,0.13210007133399998,0.0,0.0,,0.0,0.0,0.0,0.07518448504404444,0.0,0.007600004103999999,0.2677401445796001,0.861100464994,2023-06-20
06-21,6,21,0.0,0.0,0.0,0.0,0.0,0.0,0.0,0.0,0.0,0.017800009611999998,0.0,0.0,0.165100089154,0.0,0.6502003511079999,0.0,0.055900030186,0.35310019067400006,0.330200178308,0.0,0.0,0.0,0.0,0.0,0.177800096012,0.0,0.0,0.08130004390199999,0.0,0.0,0.840700453978,0.0,0.0,0.0,0.0,0.0,0.0,0.0,0.26920014536799997,0.0,0.0,0.0,0.104100056214,0.0,0.0,,0.0,0.0,0.0,0.06767559210035556,0.0,0.0,0.2326401256256001,0.840700453978,2023-06-21
06-22,6,22,0.0,0.0,0.0,0.0,0.0,0.0,0.0,0.0,0.0,0.0,0.0,0.0,0.13970007543799998,0.0,0.619800334692,0.0,0.045700024677999995,0.335300181062,0.304800164592,0.0,0.0,0.0,0.0,0.0,0.13970007543799998,0.0,0.0,0.048300026082,0.0,0.0,0.8255004457699999,0.0,0.0,0.0,0.0,0.0,0.0,0.0,0.248900134406,0.0,0.0,0.0,0.06600003564,0.0,0.0,,0.0,0.0,0.0,0.06163781106217778,0.0,0.0,0.20522011081880015,0.8255004457699999,2023-06-22
06-23,6,23,0.0,0.0,0.0,0.0,0.0,0.0,0.0,0.0,0.0,0.0,0.0,0.0,0.11940006447600002,0.0,0.594400320976,0.0,0.0,0.3150001701,0.248900134406,0.0,0.0,0.0,0.0,0.0,0.111800060372,0.0,0.0,0.012700006858,0.0,0.0,0.782300422442,0.0,0.0,0.0,0.0,0.0,0.0,0.0,0.241300130302,0.0,0.0,0.0,0.045700024677999995,0.0,0.0,,0.0,0.0,0.0,0.05492225188022223,0.0,0.0,0.19254010397160018,0.782300422442,2023-06-23
06-24,6,24,0.0,0.0,0.0,0.0,0.0,0.0,0.0,0.0,0.0,0.0,0.0,0.0,0.086400046656,0.0,0.57150030861,0.0,0.0,0.297200160488,0.22100011934000002,0.0,0.0,0.0,0.015200008207999998,0.0,0.086400046656,0.0,0.0,0.0,0.0,0.0,0.746800403272,0.0,0.0,0.0,0.0,0.0,0.0,0.0,0.226100122094,0.0,0.0,0.0,0.027900015065999997,0.0,0.0,,0.0,0.0,0.0,0.05063336067533333,0.0,0.0,0.1671600902664002,0.746800403272,2023-06-24
06-25,6,25,0.0,0.0,0.0,0.0,0.0,0.0,0.0,0.0,0.0,0.0,0.0,0.0,0.055900030186,0.0,0.53850029079,0.0,0.0,0.274300148122,0.19050010287,0.0,0.0,0.0,0.017800009611999998,0.0,0.055900030186,0.0,0.0,0.0,0.0,0.0,0.713700385398,0.0,0.0,0.0,0.0,0.0,0.0,0.0,0.19300010422,0.0,0.0,0.0,0.0,0.0,0.0,,0.0,0.0,0.0,0.045324468919644444,0.0,0.0,0.1366600737964002,0.713700385398,2023-06-25
06-26,6,26,0.0,0.0,0.0,0.0,0.0,0.0,0.0,0.0,0.0,0.0,0.0,0.0,0.038100020574,0.0,0.5156002784239999,0.0,0.0,0.23880012895200003,0.137200074088,0.0,0.0,0.0,0.005100002754000001,0.0,0.038100020574,0.0,0.0,0.0,0.0,0.0,0.6731003634739999,0.0,0.0,0.0,0.0,0.0,0.0,0.0,0.165100089154,0.0,0.0,0.0,0.0,0.0,0.0,,0.0,0.0,0.0,0.04024668839986666,0.0,0.0,0.09756005268240014,0.6731003634739999,2023-06-26
06-27,6,27,0.0,0.0,0.0,0.0,0.0,0.0,0.0,0.0,0.0,0.0,0.0,0.0,0.017800009611999998,0.0,0.482600260604,0.0,0.0,0.213400115236,0.111800060372,0.0,0.0,0.0,0.0,0.0,0.025400013716,0.0,0.0,0.0,0.0,0.0,0.645200348408,0.0,0.0,0.0,0.0,0.0,0.0,0.0,0.11940006447600002,0.0,0.0,0.0,0.0,0.0,0.0,,0.0,0.0,0.0,0.03590224160942222,0.0,0.0,0.07724004170960012,0.645200348408,2023-06-27
06-28,6,28,0.0,0.0,0.0,0.0,0.0,0.0,0.0,0.0,0.0,0.0,0.0,0.0,0.005100002754000001,0.0,0.44450024003,0.0,0.0,0.18540010011600003,0.08380004525200001,0.0,0.0,0.0,0.0,0.0,0.0,0.0,0.0,0.0,0.0,0.0,0.607100327834,0.0,0.0,0.0,0.0,0.0,0.0,0.0,0.078700042498,0.0,0.0,0.0,0.0,0.0,0.0,,0.0,0.0,0.0,0.031213350188533332,0.0,0.0,0.0492600266004001,0.607100327834,2023-06-28
06-29,6,29,0.0,0.0,0.0,0.0,0.0,0.0,0.0,0.0,0.0,0.0,0.0,0.0,0.0,0.0,0.41150022221,0.0,0.0,0.147300079542,0.055900030186,0.0,0.0,0.0,0.0,0.0,0.0,0.0,0.0,0.0,0.0,0.0,0.566400305856,0.0,0.0,0.0,0.0,0.0,0.0,0.0,0.038100020574,0.0,0.0,0.0,0.0,0.0,0.0,,0.0,0.0,0.0,0.027093347963733336,0.0,0.0,0.022860012344400053,0.566400305856,2023-06-29
06-30,6,30,0.0,0.0,0.0,0.0,0.0,0.0,0.0,0.0,0.0,0.0,0.0,0.0,0.0,0.0,0.38100020574,0.0,0.0,0.104100056214,0.027900015065999997,0.0,0.0,0.0,0.0,0.0,0.0,0.0,0.0,0.0,0.0,0.0,0.5334002880359999,0.0,0.0,0.0,0.0,0.0,0.0,0.0,0.0,0.0,0.0,0.0,0.0,0.0,0.0,,0.0,0.0,0.0,0.023253345890133333,0.0,0.0,0.0,0.5334002880359999,2023-06-30
07-01,7,1,0.0,0.0,0.0,0.0,0.0,0.0,0.0,0.0,0.0,0.0,0.0,0.0,0.0,0.0,0.36070019477799997,0.0,0.0,0.068600037044,0.0,0.0,0.0,0.0,0.0,0.0,0.0,0.0,0.0,0.0,0.0,0.0,0.5105002756699999,0.0,0.0,0.0,0.0,0.0,0.0,0.0,0.0,0.0,0.0,0.0,0.0,0.0,0.0,,0.0,0.0,0.0,0.02088445572204444,0.0,0.0,0.0,0.5105002756699999,2023-07-01
07-02,7,2,0.0,0.0,0.0,0.0,0.0,0.0,0.0,0.0,0.0,0.0,0.0,0.0,0.0,0.0,0.332700179658,0.0,0.0,0.025400013716,0.0,0.0,0.0,0.0,0.0,0.0,0.0,0.0,0.0,0.0,0.0,0.0,0.47750025784999994,0.0,0.0,0.0,0.0,0.0,0.0,0.0,0.0,0.0,0.0,0.0,0.0,0.0,0.0,,0.0,0.0,0.0,0.018568898916088886,0.0,0.0,0.0,0.47750025784999994,2023-07-02
07-03,7,3,0.0,0.0,0.0,0.0,0.0,0.0,0.0,0.0,0.0,0.0,0.0,0.0,0.0,0.0,0.309900167346,0.0,0.0,0.00250000135,0.0,0.0,0.0,0.0,0.0,0.0,0.0,0.0,0.0,0.0,0.0,0.0,0.439400237276,0.0,0.0,0.0,0.0,0.0,0.0,0.0,0.0,0.0,0.0,0.0,0.0,0.0,0.0,,0.0,0.0,0.0,0.016706675688266667,0.0,0.0,0.0,0.439400237276,2023-07-03
07-04,7,4,0.0,0.0,0.0,0.0,0.0,0.0,0.0,0.0,0.0,0.0,0.0,0.0,0.0,0.0,0.302300163242,0.0,0.0,0.0,0.0,0.0,0.0,0.0,0.0,0.0,0.0,0.0,0.0,0.0,0.0,0.0,0.393700212598,0.0,0.0,0.0,0.0,0.0,0.0,0.0,0.0,0.0,0.0,0.0,0.0,0.0,0.0,,0.0,0.0,0.0,0.015466675018666666,0.0,0.0,0.0,0.393700212598,2023-07-04
07-05,7,5,0.0,0.0,0.0,0.0,0.0,0.0,0.0,0.0,0.0,0.0,0.0,0.0,0.0,0.0,0.28190015222599996,0.0,0.0,0.0,0.0,0.0,0.0,0.0,0.0,0.0,0.0,0.0,0.0,0.0,0.0,0.0,0.37080020023200005,0.0,0.0,0.0,0.0,0.0,0.0,0.0,0.0,0.0,0.0,0.0,0.0,0.0,0.0,,0.0,0.0,0.0,0.014504452276844444,0.0,0.0,0.0,0.37080020023200005,2023-07-05
07-06,7,6,0.0,0.0,0.0,0.0,0.0,0.0,0.0,0.0,0.0,0.0,0.0,0.0,0.0,0.0,0.24380013165199996,0.0,0.0,0.0,0.0,0.0,0.0,0.0,0.0,0.0,0.0,0.0,0.0,0.0,0.0,0.0,0.34290018516599996,0.0,0.0,0.0,0.0,0.0,0.0,0.0,0.0,0.0,0.0,0.0,0.0,0.0,0.0,,0.0,0.0,0.0,0.013037784818177776,0.0,0.0,0.0,0.34290018516599996,2023-07-06
07-07,7,7,0.0,0.0,0.0,0.0,0.0,0.0,0.0,0.0,0.0,0.0,0.0,0.0,0.0,0.0,0.198100106974,0.0,0.0,0.0,0.0,0.0,0.0,0.0,0.0,0.0,0.0,0.0,0.0,0.0,0.0,0.0,0.28700015498,0.0,0.0,0.0,0.0,0.0,0.0,0.0,0.0,0.0,0.0,0.0,0.0,0.0,0.0,,0.0,0.0,0.0,0.010780005821199999,0.0,0.0,0.0,0.28700015498,2023-07-07
07-08,7,8,0.0,0.0,0.0,0.0,0.0,0.0,0.0,0.0,0.0,0.0,0.0,0.0,0.0,0.0,0.14480007819200003,0.0,0.0,0.0,0.0,0.0,0.0,0.0,0.0,0.0,0.0,0.0,0.0,0.0,0.0,0.0,0.261600141264,0.0,0.0,0.0,0.0,0.0,0.0,0.0,0.0,0.0,0.0,0.0,0.0,0.0,0.0,,0.0,0.0,0.0,0.009031115987911112,0.0,0.0,0.0,0.261600141264,2023-07-08
07-09,7,9,0.0,0.0,0.0,0.0,0.0,0.0,0.0,0.0,0.0,0.0,0.0,0.0,0.0,0.0,0.106700057618,0.0,0.0,0.0,0.0,0.0,0.0,0.0,0.0,0.0,0.0,0.0,0.0,0.0,0.0,0.0,0.215900116586,0.0,0.0,0.0,0.0,0.0,0.0,0.0,0.0,0.0,0.0,0.0,0.0,0.0,0.0,,0.0,0.0,0.0,0.007168892760088889,0.0,0.0,0.0,0.215900116586,2023-07-09
07-10,7,10,0.0,0.0,0.0,0.0,0.0,0.0,0.0,0.0,0.0,0.0,0.0,0.0,0.0,0.0,0.07110003839399999,0.0,0.0,0.0,0.0,0.0,0.0,0.0,0.0,0.0,0.0,0.0,0.0,0.0,0.0,0.0,0.170200091908,0.0,0.0,0.0,0.0,0.0,0.0,0.0,0.0,0.0,0.0,0.0,0.0,0.0,0.0,,0.0,0.0,0.0,0.005362225117822222,0.0,0.0,0.0,0.170200091908,2023-07-10
07-11,7,11,0.0,0.0,0.0,0.0,0.0,0.0,0.0,0.0,0.0,0.0,0.0,0.0,0.0,0.0,0.040600021923999995,0.0,0.0,0.0,0.0,0.0,0.0,0.0,0.0,0.0,0.0,0.0,0.0,0.0,0.0,0.0,0.13210007133399998,0.0,0.0,0.0,0.0,0.0,0.0,0.0,0.0,0.0,0.0,0.0,0.0,0.0,0.0,,0.0,0.0,0.0,0.0038377798501777775,0.0,0.0,0.0,0.13210007133399998,2023-07-11
07-12,7,12,0.0,0.0,0.0,0.0,0.0,0.0,0.0,0.0,0.0,0.0,0.0,0.0,0.0,0.0,0.025400013716,0.0,0.0,0.0,0.0,0.0,0.0,0.0,0.0,0.0,0.0,0.0,0.0,0.0,0.0,0.0,0.09400005076,0.0,0.0,0.0,0.0,0.0,0.0,0.0,0.0,0.0,0.0,0.0,0.0,0.0,0.0,,0.0,0.0,0.0,0.0026533347661333332,0.0,0.0,0.0,0.09400005076,2023-07-12
07-13,7,13,0.0,0.0,0.0,0.0,0.0,0.0,0.0,0.0,0.0,0.0,0.0,0.0,0.0,0.0,0.017800009611999998,0.0,0.0,0.0,0.0,0.0,0.0,0.0,0.0,0.0,0.0,0.0,0.0,0.0,0.0,0.0,0.068600037044,0.0,0.0,0.0,0.0,0.0,0.0,0.0,0.0,0.0,0.0,0.0,0.0,0.0,0.0,,0.0,0.0,0.0,0.0019200010368,0.0,0.0,0.0,0.068600037044,2023-07-13
07-14,7,14,0.0,0.0,0.0,0.0,0.0,0.0,0.0,0.0,0.0,0.0,0.0,0.0,0.0,0.0,0.0,0.0,0.0,0.0,0.0,0.0,0.0,0.0,0.0,0.0,0.0,0.0,0.0,0.0,0.0,0.0,0.040600021923999995,0.0,0.0,0.0,0.0,0.0,0.0,0.0,0.0,0.0,0.0,0.0,0.0,0.0,0.0,,0.0,0.0,0.0,0.0009022227094222221,0.0,0.0,0.0,0.040600021923999995,2023-07-14
07-15,7,15,0.0,0.0,0.0,0.0,0.0,0.0,0.0,0.0,0.0,0.0,0.0,0.0,0.0,0.0,0.0,0.0,0.0,0.0,0.0,0.0,0.0,0.0,0.0,0.0,0.0,0.0,0.0,0.0,0.0,0.0,0.012700006858,0.0,0.0,0.0,0.0,0.0,0.0,0.0,0.0,0.0,0.0,0.0,0.0,0.0,0.0,,0.0,0.0,0.0,0.00028222237462222224,0.0,0.0,0.0,0.012700006858,2023-07-15
07-16,7,16,0.0,0.0,0.0,0.0,0.0,0.0,0.0,0.0,0.0,0.0,0.0,0.0,0.0,0.0,0.0,0.0,0.0,0.0,0.0,0.0,0.0,0.0,0.0,0.0,0.0,0.0,0.0,0.0,0.0,0.0,0.0,0.0,0.0,0.0,0.0,0.0,0.0,0.0,0.0,0.0,0.0,0.0,0.0,0.0,0.0,,0.0,0.0,0.0,0.0,0.0,0.0,0.0,0.0,2023-07-16
07-17,7,17,0.0,0.0,0.0,0.0,0.0,0.0,0.0,0.0,0.0,0.0,0.0,0.0,0.0,0.0,0.0,0.0,0.0,0.0,0.0,0.0,0.0,0.0,0.0,0.0,0.0,0.0,0.0,0.0,0.0,0.0,0.0,0.0,0.0,0.0,0.0,0.0,0.0,0.0,0.0,0.0,0.0,0.0,0.0,0.0,0.0,,0.0,0.0,0.0,0.0,0.0,0.0,0.0,0.0,2023-07-17
07-18,7,18,0.0,0.0,0.0,0.0,0.0,0.0,0.0,0.0,0.0,0.0,0.0,0.0,0.0,0.0,0.0,0.0,0.0,0.0,0.0,0.0,0.0,0.0,0.0,0.0,0.0,0.0,0.0,0.0,0.0,0.0,0.0,0.0,0.0,0.0,0.0,0.0,0.0,0.0,0.0,0.0,0.0,0.0,0.0,0.0,0.0,,0.0,0.0,0.0,0.0,0.0,0.0,0.0,0.0,2023-07-18
07-19,7,19,0.0,0.0,0.0,0.0,0.0,0.0,0.0,0.0,0.0,0.0,0.0,0.0,0.0,0.0,0.0,0.00250000135,0.0,0.0,0.0,0.0,0.0,0.0,0.0,0.0,0.0,0.0,0.0,0.0,0.0,0.0,0.0,0.0,0.0,0.0,0.0,0.0,0.0,0.0,0.0,0.0,0.0,0.0,0.0,0.0,0.0,,0.0,0.0,0.0,5.5555585555555554e-05,0.0,0.0,0.0,0.00250000135,2023-07-19
07-20,7,20,0.0,0.0,0.0,0.0,0.0,0.0,0.0,0.0,0.0,0.0,0.0,0.0,0.0,0.0,0.0,0.0,0.0,0.0,0.0,0.0,0.0,0.0,0.0,0.0,0.0,0.0,0.0,0.0,0.0,0.0,0.0,0.0,0.0,0.0,0.0,0.0,0.0,0.0,0.0,0.0,0.0,0.0,0.0,0.0,0.0,,0.0,0.0,0.0,0.0,0.0,0.0,0.0,0.0,2023-07-20
07-21,7,21,0.0,0.0,0.0,0.0,0.0,0.0,0.0,0.0,0.0,0.0,0.0,0.0,0.0,0.0,0.0,0.0,0.0,0.0,0.0,0.0,0.0,0.0,0.0,0.0,0.0,0.0,0.0,0.0,0.0,0.0,0.0,0.0,0.0,0.0,0.0,0.0,0.0,0.0,0.0,0.0,0.0,0.0,0.0,0.0,0.0,,0.0,0.0,0.0,0.0,0.0,0.0,0.0,0.0,2023-07-21
07-22,7,22,0.0,0.0,0.0,0.0,0.0,0.0,0.0,0.0,0.0,0.0,0.0,0.0,0.0,0.0,0.0,0.0,0.0,0.0,0.0,0.0,0.0,0.0,0.0,0.0,0.0,0.0,0.0,0.0,0.0,0.0,0.0,0.0,0.0,0.0,0.0,0.0,0.0,0.0,0.0,0.0,0.0,0.0,0.0,0.0,0.0,,0.0,0.0,0.0,0.0,0.0,0.0,0.0,0.0,2023-07-22
07-23,7,23,0.0,0.0,0.0,0.0,0.0,0.0,0.0,0.0,0.0,0.0,0.0,0.0,0.0,0.0,0.0,0.0,0.0,0.0,0.0,0.0,0.0,0.0,0.0,0.0,0.0,0.0,0.0,0.0,0.0,0.0,0.0,0.0,0.0,0.0,0.0,0.0,0.0,0.0,0.0,0.0,0.0,0.0,0.0,0.0,0.0,,0.0,0.0,0.0,0.0,0.0,0.0,0.0,0.0,2023-07-23
07-24,7,24,0.0,0.0,0.0,0.0,0.0,0.0,0.0,0.0,0.0,0.0,0.0,0.0,0.0,0.0,0.0,0.0,0.0,0.0,0.0,0.0,0.0,0.0,0.0,0.0,0.0,0.0,0.0,0.0,0.0,0.0,0.0,0.0,0.0,0.0,0.0,0.0,0.0,0.0,0.0,0.0,0.0,0.0,0.0,0.0,0.0,,0.0,0.0,0.0,0.0,0.0,0.0,0.0,0.0,2023-07-24
07-25,7,25,0.0,0.0,0.0,0.0,0.0,0.0,0.0,0.0,0.0,0.0,0.0,0.0,0.0,0.0,0.0,0.0,0.0,0.0,0.0,0.0,0.0,0.0,0.0,0.0,0.0,0.0,0.0,0.0,0.0,0.0,0.0,0.0,0.0,0.0,0.0,0.0,0.0,0.0,0.0,0.0,0.0,0.0,0.0,0.0,0.0,,0.0,0.0,0.0,0.0,0.0,0.0,0.0,0.0,2023-07-25
07-26,7,26,0.0,0.0,0.0,0.0,0.0,0.0,0.0,0.0,0.0,0.0,0.0,0.0,0.0,0.0,0.0,0.0,0.0,0.0,0.0,0.0,0.0,0.0,0.0,0.0,0.0,0.0,0.0,0.0,0.0,0.0,0.0,0.0,0.0,0.0,0.0,0.0,0.0,0.0,0.0,0.0,0.0,0.0,0.0,0.0,0.0,,0.0,0.0,0.0,0.0,0.0,0.0,0.0,0.0,2023-07-26
07-27,7,27,0.0,0.0,0.0,0.0,0.0,0.0,0.0,0.0,0.0,0.0,0.0,0.0,0.0,0.0,0.0,0.0,0.0,0.0,0.0,0.0,0.0,0.0,0.0,0.0,0.0,0.0,0.0,0.0,0.0,0.0,0.0,0.0,0.0,0.0,0.0,0.0,0.0,0.0,0.0,0.0,0.0,0.0,0.0,0.0,0.0,,0.0,0.0,0.0,0.0,0.0,0.0,0.0,0.0,2023-07-27
07-28,7,28,0.0,0.0,0.0,0.0,0.0,0.0,0.0,0.0,0.0,0.0,0.0,0.0,0.0,0.0,0.0,0.0,0.0,0.0,0.0,0.0,0.0,0.0,0.0,0.0,0.0,0.0,0.0,0.0,0.0,0.0,0.0,0.0,0.0,0.0,0.0,0.0,0.0,0.0,0.0,0.0,0.0,0.0,0.0,0.0,0.0,,0.0,0.0,0.0,0.0,0.0,0.0,0.0,0.0,2023-07-28
07-29,7,29,0.0,0.0,0.0,0.0,0.0,0.0,0.0,0.0,0.0,0.0,0.0,0.0,0.0,0.0,0.0,0.0,0.0,0.0,0.0,0.0,0.0,0.0,0.0,0.0,0.0,0.0,0.0,0.0,0.0,0.0,0.0,0.0,0.0,0.0,0.0,0.0,0.0,0.0,0.0,0.0,0.0,0.0,0.0,0.0,0.0,,0.0,0.0,0.0,0.0,0.0,0.0,0.0,0.0,2023-07-29
07-30,7,30,0.0,0.0,0.0,0.0,0.0,0.0,0.0,0.0,0.0,0.0,0.0,0.0,0.0,0.0,0.0,0.0,0.0,0.0,0.0,0.0,0.0,0.0,0.0,0.0,0.0,0.0,0.0,0.0,0.0,0.0,0.0,0.0,0.0,0.0,0.0,0.0,0.0,0.0,0.0,0.0,0.0,0.0,0.0,0.0,0.0,,0.0,0.0,0.0,0.0,0.0,0.0,0.0,0.0,2023-07-30
07-31,7,31,0.0,0.0,0.0,0.0,0.0,0.0,0.0,0.0,0.0,0.0,0.0,0.0,0.0,0.0,0.0,0.0,0.0,0.0,0.0,0.0,0.0,0.0,0.0,0.0,0.0,0.0,0.0,0.0,0.0,0.0,0.0,0.0,0.0,0.0,0.0,0.0,0.0,0.0,0.0,0.0,0.0,0.0,0.0,0.0,0.0,,0.0,0.0,0.0,0.0,0.0,0.0,0.0,0.0,2023-07-31
