M-D,M,D,1979_SWE_in,1980_SWE_in,1981_SWE_in,1982_SWE_in,1983_SWE_in,1984_SWE_in,1985_SWE_in,1986_SWE_in,1987_SWE_in,1988_SWE_in,1989_SWE_in,1990_SWE_in,1991_SWE_in,1992_SWE_in,1993_SWE_in,1994_SWE_in,1995_SWE_in,1996_SWE_in,1997_SWE_in,1998_SWE_in,1999_SWE_in,2000_SWE_in,2001_SWE_in,2002_SWE_in,2003_SWE_in,2004_SWE_in,2005_SWE_in,2006_SWE_in,2007_SWE_in,2008_SWE_in,2009_SWE_in,2010_SWE_in,2011_SWE_in,2012_SWE_in,2013_SWE_in,2014_SWE_in,2015_SWE_in,2016_SWE_in,2017_SWE_in,2018_SWE_in,2019_SWE_in,2020_SWE_in,2021_SWE_in,2022_SWE_in,2023_SWE_in,2024_SWE_in,2025_SWE_in,2026_SWE_in,min,Q10,Q25,mean,median,Q75,Q90,max,date
10-01,10,1,0.0,0.0,0.0,0.0,0.055900030186,0.0,0.0,0.00250000135,0.022900012366000002,0.0,0.0,0.0,0.0,0.0,0.0,0.0,0.0,0.0,0.0,0.0,0.0,0.0,0.0,0.0,0.0,0.0,0.0,0.0,0.0,0.0,0.0,0.017800009611999998,0.0,0.0,0.0,0.0,0.0,0.0,0.0,0.0,0.0,0.0,0.0,0.0,0.0,0.0,0.0,0.0,0.0,0.0,0.0,0.0020645844482083332,0.0,0.0,0.0,0.055900030186,2023-10-01
10-02,10,2,0.0,0.0,0.0,0.0,0.055900030186,0.0,0.0,0.005100002754000001,0.022900012366000002,0.0,0.0,0.0,0.0,0.0,0.0,0.0,0.0,0.0,0.0,0.0,0.0,0.0,0.0,0.0,0.015200008207999998,0.0,0.0,0.0,0.0,0.0,0.0,0.007600004103999999,0.0,0.0,0.0,0.0,0.0,0.0,0.0,0.0,0.0,0.0,0.0,0.0,0.0,0.0,0.0,0.0,0.0,0.0,0.0,0.002222917867041667,0.0,0.0,0.001530000826200022,0.055900030186,2023-10-02
10-03,10,3,0.0,0.0,0.0,0.0,0.045700024677999995,0.005100002754000001,0.0,0.005100002754000001,0.022900012366000002,0.0,0.0,0.0,0.0,0.0,0.0,0.0,0.0,0.0,0.0,0.0,0.0,0.0,0.0,0.0,0.007600004103999999,0.0,0.0,0.0,0.0,0.0,0.0,0.00250000135,0.0,0.0,0.0,0.0,0.0,0.0,0.0,0.005100002754000001,0.0,0.0,0.0,0.0,0.0,0.0,0.0,0.0,0.0,0.0,0.0,0.001958334390833333,0.0,0.0,0.005100002754000001,0.045700024677999995,2023-10-03
10-04,10,4,0.0,0.0,0.0,0.007600004103999999,0.038100020574,0.010200005508000001,0.0,0.00250000135,0.022900012366000002,0.0,0.0,0.0,0.0,0.0,0.0,0.0,0.010200005508000001,0.00250000135,0.0,0.0,0.00250000135,0.0,0.0,0.0,0.0,0.0,0.0,0.0,0.0,0.0,0.0,0.0,0.0,0.0,0.0,0.007600004103999999,0.0,0.0,0.005100002754000001,0.005100002754000001,0.0,0.0,0.0,0.0,0.0,0.0,0.0,0.0,0.0,0.0,0.0,0.0023812512858750003,0.0,0.0,0.007600004103999999,0.038100020574,2023-10-04
10-05,10,5,0.0,0.0,0.0,0.007600004103999999,0.027900015065999997,0.00250000135,0.0,0.00250000135,0.007600004103999999,0.0,0.0,0.0,0.0,0.0,0.0,0.0,0.0,0.005100002754000001,0.0,0.0,0.010200005508000001,0.0,0.0,0.0,0.0,0.0,0.0,0.0,0.0,0.0,0.0,0.007600004103999999,0.0,0.0,0.0,0.007600004103999999,0.0,0.0,0.0,0.00250000135,0.0,0.0,0.0,0.0,0.0,0.0,0.0,0.0,0.0,0.0,0.0,0.0016895842457083333,0.0,0.0,0.007600004103999999,0.027900015065999997,2023-10-05
10-06,10,6,0.0,0.0,0.0,0.007600004103999999,0.027900015065999997,0.0,0.0,0.00250000135,0.0,0.0,0.0,0.0,0.0,0.0,0.0,0.0,0.005100002754000001,0.0,0.0,0.0,0.0,0.0,0.0,0.0,0.0,0.0,0.0,0.0,0.0,0.0,0.0,0.010200005508000001,0.0,0.0,0.0,0.0,0.0,0.0,0.0,0.0,0.0,0.0,0.0,0.0,0.0,0.0,0.0,0.0,0.0,0.0,0.0,0.0011104172662916667,0.0,0.0,0.0007500004050000106,0.027900015065999997,2023-10-06
10-07,10,7,0.0,0.0,0.0,0.007600004103999999,0.027900015065999997,0.0,0.0,0.007600004103999999,0.0,0.0,0.0,0.0,0.0,0.0,0.0,0.0,0.005100002754000001,0.0,0.0,0.0,0.0,0.0,0.0,0.0,0.0,0.0,0.0,0.0,0.0,0.00250000135,0.0,0.00250000135,0.0,0.012700006858,0.0,0.0,0.0,0.0,0.0,0.0,0.0,0.0,0.0,0.0,0.0,0.0,0.0,0.0,0.0,0.0,0.0,0.0013729174080416666,0.0,0.0,0.0032800017712000112,0.027900015065999997,2023-10-07
10-08,10,8,0.0,0.0,0.0,0.007600004103999999,0.03300001782,0.0,0.0,0.027900015065999997,0.0,0.0,0.0,0.0,0.0,0.0,0.0,0.0,0.0,0.0,0.0,0.0,0.0,0.0,0.0,0.0,0.0,0.0,0.0,0.0,0.0,0.0,0.0,0.0,0.005100002754000001,0.015200008207999998,0.0,0.0,0.0,0.0,0.0,0.0,0.0,0.0,0.0,0.0,0.0,0.0,0.0,0.0,0.0,0.0,0.0,0.001850000999,0.0,0.0,0.001530000826200022,0.03300001782,2023-10-08
10-09,10,9,0.0,0.0,0.0,0.00250000135,0.03300001782,0.0,0.0,0.03300001782,0.0,0.0,0.0,0.0,0.0,0.0,0.0,0.0,0.0,0.0,0.0,0.0,0.0,0.0,0.0,0.0,0.0,0.0,0.0,0.0,0.0,0.0,0.0,0.0,0.00250000135,0.020300010961999997,0.0,0.0,0.0,0.0,0.0,0.005100002754000001,0.0,0.0,0.0,0.0,0.0,0.0,0.0,0.0,0.0,0.0,0.0,0.002008334417833333,0.0,0.0,0.00250000135,0.03300001782,2023-10-09
10-10,10,10,0.0,0.0,0.0,0.00250000135,0.03300001782,0.0,0.0,0.03300001782,0.0,0.0,0.0,0.0,0.0,0.0,0.0,0.0,0.0,0.0,0.0,0.0,0.0,0.0,0.0,0.010200005508000001,0.0,0.0,0.0,0.0,0.0,0.0,0.0,0.0,0.00250000135,0.020300010961999997,0.0,0.0,0.0,0.0,0.0,0.0,0.0,0.0,0.0,0.0,0.0,0.0,0.0,0.0,0.0,0.0,0.0,0.0021145844752083333,0.0,0.0,0.00250000135,0.03300001782,2023-10-10
10-11,10,11,0.0,0.0,0.0,0.0,0.027900015065999997,0.0,0.0,0.027900015065999997,0.00250000135,0.0,0.0,0.0,0.0,0.0,0.0,0.0,0.0,0.0,0.0,0.0,0.0,0.0,0.00250000135,0.00250000135,0.0,0.0,0.0,0.0,0.0,0.0,0.0,0.0,0.0,0.007600004103999999,0.0,0.0,0.0,0.0,0.0,0.0,0.012700006858,0.0,0.0,0.0,0.0,0.0,0.0,0.0,0.0,0.0,0.0,0.0017416676071666665,0.0,0.0,0.00250000135,0.027900015065999997,2023-10-11
10-12,10,12,0.0,0.0,0.0,0.015200008207999998,0.027900015065999997,0.0,0.005100002754000001,0.027900015065999997,0.00250000135,0.0,0.0,0.0,0.0,0.0,0.0,0.0,0.0,0.0,0.0,0.00250000135,0.0,0.0,0.012700006858,0.005100002754000001,0.0,0.0,0.0,0.0,0.0,0.0,0.00250000135,0.0,0.0,0.0,0.0,0.0,0.0,0.0,0.0,0.0,0.00250000135,0.0,0.0,0.005100002754000001,0.0,0.007600004103999999,0.0,0.0,0.0,0.0,0.0,0.0024291679784166666,0.0,0.0006250003375,0.0058500031590000105,0.027900015065999997,2023-10-12
10-13,10,13,0.0,0.0,0.0,0.015200008207999998,0.020300010961999997,0.0,0.005100002754000001,0.03300001782,0.00250000135,0.0,0.0,0.0,0.0,0.0,0.0,0.0,0.0,0.0,0.0,0.0,0.0,0.0,0.010200005508000001,0.0,0.0,0.0,0.0,0.0,0.0,0.0,0.00250000135,0.0,0.0,0.0,0.0,0.0,0.0,0.0,0.0,0.0,0.0,0.0,0.0,0.010200005508000001,0.0,0.005100002754000001,0.0,0.0,0.0,0.0,0.0,0.002168751171125,0.0,0.0,0.006630003580200022,0.03300001782,2023-10-13
10-14,10,14,0.0,0.0,0.0,0.025400013716,0.010200005508000001,0.0,0.010200005508000001,0.027900015065999997,0.00250000135,0.0,0.0,0.0,0.0,0.0,0.0,0.0,0.0,0.0,0.0,0.0,0.0,0.0,0.010200005508000001,0.0,0.0,0.0,0.0,0.0,0.0,0.0,0.00250000135,0.0,0.0,0.0,0.0,0.010200005508000001,0.0,0.0,0.0,0.0,0.0,0.0,0.0,0.007600004103999999,0.0,0.0,0.0,0.0,0.0,0.0,0.0,0.002222917867041667,0.0,0.0,0.010200005508000001,0.027900015065999997,2023-10-14
10-15,10,15,0.0,0.0,0.022900012366000002,0.027900015065999997,0.005100002754000001,0.0,0.012700006858,0.017800009611999998,0.0,0.0,0.0,0.0,0.0,0.0,0.0,0.0,0.0,0.0,0.0,0.0,0.0,0.0,0.010200005508000001,0.0,0.0,0.0,0.0,0.0,0.0,0.0,0.0,0.0,0.0,0.0,0.0,0.017800009611999998,0.0,0.0,0.0,0.0,0.0,0.0,0.0,0.007600004103999999,0.0,0.0,0.0,0.0,0.0,0.0,0.0,0.002541668039166667,0.0,0.0,0.010950005913000011,0.027900015065999997,2023-10-15
10-16,10,16,0.0,0.0,0.025400013716,0.027900015065999997,0.005100002754000001,0.0,0.015200008207999998,0.015200008207999998,0.0,0.0,0.0,0.0,0.0,0.0,0.0,0.0,0.00250000135,0.0,0.0,0.0,0.007600004103999999,0.0,0.00250000135,0.0,0.0,0.0,0.0,0.0,0.0,0.0,0.0,0.0,0.0,0.0,0.0,0.010200005508000001,0.0,0.0,0.0,0.0,0.0,0.0,0.0,0.005100002754000001,0.0,0.0,0.0,0.0,0.0,0.0,0.0,0.002431251312875,0.0,0.0,0.00838000452520001,0.027900015065999997,2023-10-16
10-17,10,17,0.0,0.0,0.03300001782,0.027900015065999997,0.0,0.0,0.022900012366000002,0.007600004103999999,0.0,0.0,0.0,0.0,0.0,0.0,0.0,0.0,0.00250000135,0.0,0.0,0.0,0.015200008207999998,0.0,0.00250000135,0.0,0.0,0.0,0.0,0.0,0.00250000135,0.0,0.0,0.0,0.0,0.0,0.0,0.005100002754000001,0.0,0.0,0.0,0.0,0.0,0.0,0.0,0.0,0.0,0.0,0.0,0.005100002754000001,0.0,0.0,0.0,0.002589584731708333,0.0,0.0,0.0058500031590000105,0.03300001782,2023-10-17
10-18,10,18,0.0,0.0,0.038100020574,0.038100020574,0.0,0.0,0.03300001782,0.005100002754000001,0.005100002754000001,0.0,0.0,0.0,0.0,0.0,0.0,0.005100002754000001,0.012700006858,0.0,0.0,0.0,0.012700006858,0.0,0.0,0.0,0.0,0.0,0.0,0.0,0.007600004103999999,0.015200008207999998,0.0,0.0,0.0,0.0,0.0,0.005100002754000001,0.0,0.0,0.010200005508000001,0.0,0.0,0.0,0.0,0.0,0.0,0.0,0.005100002754000001,0.0,0.0,0.0,0.0,0.004022918839041666,0.0,0.005100002754000001,0.012700006858,0.038100020574,2023-10-18
10-19,10,19,0.0,0.00250000135,0.038100020574,0.038100020574,0.0,0.0,0.03300001782,0.005100002754000001,0.015200008207999998,0.0,0.0,0.0,0.0,0.0,0.0,0.00250000135,0.015200008207999998,0.0,0.0,0.0,0.007600004103999999,0.0,0.0,0.0,0.0,0.0,0.012700006858,0.0,0.00250000135,0.012700006858,0.0,0.0,0.0,0.0,0.0,0.0,0.0,0.0,0.012700006858,0.0,0.0,0.0,0.0,0.005100002754000001,0.0,0.0,0.015200008207999998,0.0,0.0,0.0,0.0,0.004545835788083334,0.0,0.003150001701,0.015200008207999998,0.038100020574,2023-10-19
10-20,10,20,0.0,0.010200005508000001,0.038100020574,0.040600021923999995,0.0,0.0,0.03300001782,0.005100002754000001,0.03300001782,0.0,0.0,0.0,0.007600004103999999,0.0,0.0,0.0,0.015200008207999998,0.0,0.007600004103999999,0.0,0.00250000135,0.0,0.0,0.0,0.0,0.0,0.027900015065999997,0.0,0.0,0.0,0.0,0.0,0.0,0.0,0.0,0.0,0.0,0.0,0.007600004103999999,0.0,0.0,0.020300010961999997,0.0,0.010200005508000001,0.0,0.0,0.00250000135,0.0,0.0,0.0,0.0,0.005445836274083332,0.0,0.0057250030915000005,0.02258001219320003,0.040600021923999995,2023-10-20
10-21,10,21,0.0,0.035600019223999996,0.038100020574,0.048300026082,0.0,0.0,0.038100020574,0.005100002754000001,0.03300001782,0.0,0.0,0.0,0.007600004103999999,0.0,0.0,0.0,0.005100002754000001,0.0,0.012700006858,0.0,0.0,0.0,0.0,0.0,0.0,0.0,0.040600021923999995,0.0,0.007600004103999999,0.015200008207999998,0.0,0.0,0.0,0.0,0.0,0.0,0.0,0.0,0.005100002754000001,0.0,0.0,0.022900012366000002,0.0,0.00250000135,0.0,0.0,0.0,0.0,0.0,0.0,0.0,0.006614586905208333,0.0,0.005100002754000001,0.033780018241200006,0.048300026082,2023-10-21
10-22,10,22,0.0,0.035600019223999996,0.038100020574,0.048300026082,0.0,0.0,0.040600021923999995,0.022900012366000002,0.03300001782,0.0,0.0,0.0,0.010200005508000001,0.0,0.0,0.0,0.0,0.0,0.012700006858,0.0,0.0,0.0,0.0,0.0,0.0,0.0,0.050800027432,0.0,0.0,0.015200008207999998,0.0,0.0,0.0,0.0,0.0,0.0,0.0,0.0,0.0,0.0,0.0,0.022900012366000002,0.0,0.0,0.0,0.0,0.0,0.0,0.0,0.0,0.0,0.006881253715874999,0.0,0.0,0.033780018241200006,0.050800027432,2023-10-22
10-23,10,23,0.0,0.035600019223999996,0.038100020574,0.048300026082,0.0,0.0,0.040600021923999995,0.022900012366000002,0.03050001647,0.0,0.0,0.0,0.010200005508000001,0.0,0.0,0.0,0.0,0.010200005508000001,0.012700006858,0.0,0.0,0.0,0.0,0.0,0.015200008207999998,0.0,0.055900030186,0.0,0.0,0.010200005508000001,0.0,0.0,0.0,0.0,0.00250000135,0.0,0.0,0.0,0.0,0.0,0.0,0.025400013716,0.0,0.0,0.012700006858,0.0,0.0,0.0,0.0,0.0,0.0,0.007729170840416667,0.0,0.010200005508000001,0.03203001729620002,0.055900030186,2023-10-23
10-24,10,24,0.0,0.035600019223999996,0.038100020574,0.048300026082,0.0,0.0,0.040600021923999995,0.022900012366000002,0.03050001647,0.0,0.0,0.0,0.00250000135,0.007600004103999999,0.0,0.0,0.0,0.007600004103999999,0.012700006858,0.00250000135,0.0,0.0,0.0,0.00250000135,0.022900012366000002,0.0,0.058400031536,0.0,0.0,0.0,0.0,0.0,0.0,0.0,0.00250000135,0.0,0.0,0.0,0.0,0.0,0.0,0.027900015065999997,0.0,0.0,0.017800009611999998,0.0,0.0,0.0,0.0,0.0,0.0,0.007935420951791667,0.0,0.007600004103999999,0.03203001729620002,0.058400031536,2023-10-24
10-25,10,25,0.0,0.03300001782,0.03300001782,0.048300026082,0.0,0.0,0.040600021923999995,0.007600004103999999,0.022900012366000002,0.0,0.0,0.0,0.0,0.007600004103999999,0.0,0.0,0.0,0.007600004103999999,0.020300010961999997,0.010200005508000001,0.0,0.0,0.0,0.00250000135,0.022900012366000002,0.0,0.06100003294,0.0,0.0,0.0,0.0,0.0,0.0,0.0,0.005100002754000001,0.0,0.0,0.0,0.0,0.0,0.0,0.027900015065999997,0.0,0.0,0.015200008207999998,0.0,0.0,0.0,0.0,0.0,0.0,0.0076187541141249995,0.0,0.007600004103999999,0.02943001589220002,0.06100003294,2023-10-25
10-26,10,26,0.0,0.03050001647,0.03300001782,0.048300026082,0.0,0.0,0.040600021923999995,0.007600004103999999,0.015200008207999998,0.0,0.0,0.0,0.0,0.007600004103999999,0.0,0.0,0.0,0.007600004103999999,0.027900015065999997,0.007600004103999999,0.0,0.0,0.0,0.0,0.025400013716,0.0,0.07110003839399999,0.0,0.007600004103999999,0.0,0.0,0.0,0.020300010961999997,0.0,0.015200008207999998,0.0,0.0,0.0,0.0,0.0,0.0,0.027900015065999997,0.007600004103999999,0.012700006858,0.015200008207999998,0.0,0.0,0.0,0.0,0.0,0.0,0.008935421491791667,0.0,0.0133250071955,0.02868001548720001,0.07110003839399999,2023-10-26
10-27,10,27,0.0,0.03050001647,0.03300001782,0.048300026082,0.015200008207999998,0.0,0.048300026082,0.007600004103999999,0.007600004103999999,0.0,0.0,0.005100002754000001,0.0,0.007600004103999999,0.0,0.0,0.0,0.007600004103999999,0.027900015065999997,0.007600004103999999,0.0,0.0,0.0,0.0,0.015200008207999998,0.0,0.07110003839399999,0.0,0.007600004103999999,0.0,0.0,0.0,0.035600019223999996,0.0,0.012700006858,0.0,0.0,0.0,0.0,0.0,0.0,0.027900015065999997,0.007600004103999999,0.015200008207999998,0.025400013716,0.010200005508000001,0.0,0.0,0.0,0.0,0.0,0.009891672008166666,0.0,0.0133250071955,0.03125001687500001,0.07110003839399999,2023-10-27
10-28,10,28,0.0,0.027900015065999997,0.038100020574,0.048300026082,0.015200008207999998,0.0,0.053300028782,0.007600004103999999,0.005100002754000001,0.0,0.0,0.010200005508000001,0.0,0.025400013716,0.0,0.0,0.0,0.0,0.027900015065999997,0.00250000135,0.0,0.0,0.0,0.0,0.015200008207999998,0.0,0.078700042498,0.0,0.007600004103999999,0.0,0.0,0.010200005508000001,0.035600019223999996,0.0,0.012700006858,0.00250000135,0.0,0.0,0.0,0.0,0.0,0.027900015065999997,0.007600004103999999,0.015200008207999998,0.025400013716,0.010200005508000001,0.0,0.0,0.0,0.0,0.0,0.010631255740875,0.0,0.015200008207999998,0.03021001631340003,0.078700042498,2023-10-28
10-29,10,29,0.0,0.027900015065999997,0.038100020574,0.053300028782,0.017800009611999998,0.0,0.053300028782,0.007600004103999999,0.00250000135,0.0,0.0,0.022900012366000002,0.0,0.025400013716,0.0,0.0,0.0,0.0,0.038100020574,0.0,0.0,0.010200005508000001,0.0,0.0,0.015200008207999998,0.0,0.08380004525200001,0.0,0.0,0.0,0.0,0.012700006858,0.03300001782,0.0,0.005100002754000001,0.012700006858,0.0,0.0,0.0,0.0,0.0,0.027900015065999997,0.0,0.010200005508000001,0.020300010961999997,0.012700006858,0.0,0.0,0.0,0.0,0.0,0.011056255970374998,0.0,0.015850008558999998,0.03453001864620002,0.08380004525200001,2023-10-29
10-30,10,30,0.0,0.027900015065999997,0.040600021923999995,0.06350003429000001,0.010200005508000001,0.0,0.053300028782,0.007600004103999999,0.0,0.0,0.0,0.022900012366000002,0.0,0.025400013716,0.0,0.0,0.0,0.0,0.038100020574,0.0,0.0,0.010200005508000001,0.0,0.0,0.020300010961999997,0.0,0.088900048006,0.0,0.0,0.0,0.0,0.015200008207999998,0.027900015065999997,0.0,0.005100002754000001,0.015200008207999998,0.0,0.0,0.0,0.0,0.0,0.025400013716,0.0,0.0,0.020300010961999997,0.005100002754000001,0.015200008207999998,0.0,0.0,0.0,0.0,0.011214589389208334,0.0,0.0164750088965,0.03096001671840004,0.088900048006,2023-10-30
10-31,10,31,0.0,0.038100020574,0.040600021923999995,0.068600037044,0.012700006858,0.0,0.055900030186,0.012700006858,0.007600004103999999,0.0,0.0,0.020300010961999997,0.0,0.025400013716,0.012700006858,0.0,0.0,0.0,0.038100020574,0.0,0.0,0.0,0.010200005508000001,0.0,0.020300010961999997,0.007600004103999999,0.088900048006,0.0,0.0,0.0,0.0,0.015200008207999998,0.03300001782,0.0,0.005100002754000001,0.015200008207999998,0.0,0.0,0.0,0.0,0.0,0.022900012366000002,0.0,0.0,0.020300010961999997,0.0,0.012700006858,0.0,0.0,0.0,0.0,0.012168756571124999,0.0,0.0164750088965,0.038100020574,0.088900048006,2023-10-31
11-01,11,1,0.0,0.038100020574,0.038100020574,0.068600037044,0.025400013716,0.0,0.06350003429000001,0.010200005508000001,0.010200005508000001,0.0,0.0,0.022900012366000002,0.0,0.025400013716,0.012700006858,0.0,0.0,0.012700006858,0.038100020574,0.007600004103999999,0.0,0.0,0.015200008207999998,0.005100002754000001,0.020300010961999997,0.015200008207999998,0.09650005211,0.0,0.0,0.0,0.0,0.012700006858,0.03300001782,0.0,0.00250000135,0.017800009611999998,0.0,0.0,0.0,0.0,0.0,0.022900012366000002,0.0,0.0,0.017800009611999998,0.0,0.012700006858,0.0,0.0,0.0,0.0,0.013441673925166667,0.003800002052,0.0184250099495,0.038100020574,0.09650005211,2023-11-01
11-02,11,2,0.0,0.038100020574,0.038100020574,0.068600037044,0.027900015065999997,0.0,0.06350003429000001,0.010200005508000001,0.005100002754000001,0.0,0.0,0.022900012366000002,0.007600004103999999,0.03050001647,0.022900012366000002,0.0,0.0,0.012700006858,0.038100020574,0.005100002754000001,0.00250000135,0.0,0.020300010961999997,0.00250000135,0.020300010961999997,0.020300010961999997,0.09650005211,0.0,0.0,0.0,0.0,0.007600004103999999,0.03050001647,0.007600004103999999,0.00250000135,0.017800009611999998,0.0,0.0,0.0,0.0,0.0,0.022900012366000002,0.0,0.0,0.015200008207999998,0.0,0.010200005508000001,0.0,0.0,0.0,0.0,0.013916674181666666,0.005100002754000001,0.020950011313,0.038100020574,0.09650005211,2023-11-02
11-03,11,3,0.0,0.038100020574,0.03300001782,0.068600037044,0.038100020574,0.0,0.07110003839399999,0.010200005508000001,0.005100002754000001,0.0,0.0,0.022900012366000002,0.012700006858,0.03050001647,0.03300001782,0.0,0.005100002754000001,0.012700006858,0.038100020574,0.005100002754000001,0.0,0.0,0.020300010961999997,0.0,0.022900012366000002,0.020300010961999997,0.09650005211,0.0,0.0,0.0,0.0,0.00250000135,0.027900015065999997,0.007600004103999999,0.00250000135,0.017800009611999998,0.0,0.0,0.0,0.0,0.00250000135,0.022900012366000002,0.0,0.0,0.035600019223999996,0.0,0.012700006858,0.0,0.0,0.0,0.0,0.014922924725041664,0.005100002754000001,0.022900012366000002,0.038100020574,0.09650005211,2023-11-03
11-04,11,4,0.0,0.038100020574,0.03300001782,0.068600037044,0.038100020574,0.0,0.078700042498,0.007600004103999999,0.007600004103999999,0.0,0.012700006858,0.022900012366000002,0.012700006858,0.03050001647,0.03300001782,0.00250000135,0.005100002754000001,0.012700006858,0.038100020574,0.005100002754000001,0.0,0.0,0.020300010961999997,0.0,0.027900015065999997,0.025400013716,0.09400005076,0.0,0.0,0.0,0.005100002754000001,0.0,0.022900012366000002,0.007600004103999999,0.00250000135,0.020300010961999997,0.00250000135,0.0,0.0,0.00250000135,0.005100002754000001,0.017800009611999998,0.0,0.0,0.035600019223999996,0.0,0.012700006858,0.0,0.0,0.0,0.0,0.015608341761833332,0.006350003429,0.023525012703500003,0.038100020574,0.09400005076,2023-11-04
11-05,11,5,0.0,0.038100020574,0.025400013716,0.068600037044,0.038100020574,0.0,0.08130004390199999,0.010200005508000001,0.007600004103999999,0.0,0.015200008207999998,0.022900012366000002,0.012700006858,0.03050001647,0.03300001782,0.00250000135,0.005100002754000001,0.012700006858,0.048300026082,0.005100002754000001,0.0,0.0,0.020300010961999997,0.0,0.027900015065999997,0.025400013716,0.09400005076,0.017800009611999998,0.0,0.0,0.020300010961999997,0.0,0.010200005508000001,0.012700006858,0.00250000135,0.020300010961999997,0.0,0.0,0.0,0.007600004103999999,0.007600004103999999,0.017800009611999998,0.0,0.0,0.035600019223999996,0.0,0.012700006858,0.0,0.0,0.0,0.0,0.01645834222083333,0.010200005508000001,0.023525012703500003,0.038100020574,0.09400005076,2023-11-05
11-06,11,6,0.0,0.038100020574,0.022900012366000002,0.068600037044,0.038100020574,0.0,0.08130004390199999,0.017800009611999998,0.00250000135,0.0,0.012700006858,0.020300010961999997,0.025400013716,0.03050001647,0.03300001782,0.00250000135,0.010200005508000001,0.012700006858,0.050800027432,0.005100002754000001,0.0,0.0,0.027900015065999997,0.0,0.027900015065999997,0.025400013716,0.09140004935599999,0.025400013716,0.0,0.0,0.020300010961999997,0.0,0.007600004103999999,0.012700006858,0.0,0.022900012366000002,0.0,0.0,0.0,0.012700006858,0.007600004103999999,0.017800009611999998,0.0,0.0,0.058400031536,0.0,0.017800009611999998,0.0,0.0,0.0,0.0,0.017672926210041667,0.012700006858,0.025400013716,0.041910022631400055,0.09140004935599999,2023-11-06
11-07,11,7,0.0,0.038100020574,0.017800009611999998,0.068600037044,0.038100020574,0.0,0.08130004390199999,0.017800009611999998,0.015200008207999998,0.005100002754000001,0.012700006858,0.020300010961999997,0.025400013716,0.027900015065999997,0.035600019223999996,0.005100002754000001,0.010200005508000001,0.012700006858,0.050800027432,0.00250000135,0.020300010961999997,0.0,0.03300001782,0.0,0.03050001647,0.025400013716,0.088900048006,0.025400013716,0.0,0.0,0.020300010961999997,0.0,0.0,0.012700006858,0.0,0.022900012366000002,0.0,0.007600004103999999,0.0,0.022900012366000002,0.007600004103999999,0.017800009611999998,0.0,0.0,0.06100003294,0.0,0.017800009611999998,0.0,0.0,0.0,0.0,0.018735426783791666,0.013950007532999999,0.025400013716,0.041910022631400055,0.088900048006,2023-11-07
11-08,11,8,0.0,0.038100020574,0.005100002754000001,0.068600037044,0.038100020574,0.012700006858,0.08130004390199999,0.022900012366000002,0.027900015065999997,0.010200005508000001,0.012700006858,0.020300010961999997,0.025400013716,0.027900015065999997,0.038100020574,0.007600004103999999,0.010200005508000001,0.017800009611999998,0.050800027432,0.00250000135,0.022900012366000002,0.0,0.03300001782,0.00250000135,0.03050001647,0.025400013716,0.08380004525200001,0.022900012366000002,0.0,0.0,0.020300010961999997,0.0,0.0,0.017800009611999998,0.0,0.025400013716,0.0,0.007600004103999999,0.0,0.022900012366000002,0.007600004103999999,0.017800009611999998,0.010200005508000001,0.0,0.06100003294,0.0,0.017800009611999998,0.0,0.0,0.0,0.0018750010125,0.019741677327166668,0.017800009611999998,0.026025014053500002,0.041910022631400055,0.08380004525200001,2023-11-08
11-09,11,9,0.0,0.045700024677999995,0.0,0.068600037044,0.038100020574,0.015200008207999998,0.12700006858000001,0.027900015065999997,0.050800027432,0.017800009611999998,0.012700006858,0.020300010961999997,0.03050001647,0.027900015065999997,0.040600021923999995,0.010200005508000001,0.010200005508000001,0.020300010961999997,0.050800027432,0.010200005508000001,0.03300001782,0.0,0.040600021923999995,0.0,0.045700024677999995,0.025400013716,0.08380004525200001,0.022900012366000002,0.0,0.0,0.020300010961999997,0.0,0.017800009611999998,0.017800009611999998,0.0,0.020300010961999997,0.0,0.010200005508000001,0.0,0.022900012366000002,0.007600004103999999,0.012700006858,0.015200008207999998,0.0,0.06350003429000001,0.0,0.017800009611999998,0.0,0.0,0.0,0.0,0.022964595734208337,0.017800009611999998,0.0311250168075,0.050800027432,0.12700006858000001,2023-11-09
11-10,11,10,0.0,0.045700024677999995,0.0,0.068600037044,0.040600021923999995,0.015200008207999998,0.12700006858000001,0.038100020574,0.055900030186,0.015200008207999998,0.020300010961999997,0.020300010961999997,0.03050001647,0.027900015065999997,0.040600021923999995,0.010200005508000001,0.010200005508000001,0.06100003294,0.050800027432,0.010200005508000001,0.038100020574,0.0,0.048300026082,0.0,0.06350003429000001,0.027900015065999997,0.09910005351399999,0.015200008207999998,0.007600004103999999,0.0,0.022900012366000002,0.0,0.017800009611999998,0.017800009611999998,0.040600021923999995,0.020300010961999997,0.0,0.010200005508000001,0.0,0.022900012366000002,0.007600004103999999,0.012700006858,0.015200008207999998,0.012700006858,0.073700039798,0.0,0.017800009611999998,0.0,0.0,0.0,0.009550005157,0.02667084773558333,0.017800009611999998,0.040600021923999995,0.06175003334500001,0.12700006858000001,2023-11-10
11-11,11,11,0.012700006858,0.045700024677999995,0.0,0.068600037044,0.053300028782,0.020300010961999997,0.12700006858000001,0.043200023328,0.055900030186,0.012700006858,0.022900012366000002,0.020300010961999997,0.03050001647,0.022900012366000002,0.040600021923999995,0.010200005508000001,0.010200005508000001,0.06100003294,0.050800027432,0.010200005508000001,0.038100020574,0.0,0.050800027432,0.0,0.06600003564,0.027900015065999997,0.09650005211,0.015200008207999998,0.010200005508000001,0.0,0.035600019223999996,0.0,0.020300010961999997,0.017800009611999998,0.048300026082,0.017800009611999998,0.005100002754000001,0.022900012366000002,0.0,0.022900012366000002,0.007600004103999999,0.012700006858,0.015200008207999998,0.012700006858,0.073700039798,0.0,0.017800009611999998,0.0,0.0,0.0,0.010200005508000001,0.028210431900291665,0.020300010961999997,0.0438250236655,0.06250003375000002,0.12700006858000001,2023-11-11
11-12,11,12,0.025400013716,0.045700024677999995,0.0,0.068600037044,0.053300028782,0.022900012366000002,0.12700006858000001,0.058400031536,0.055900030186,0.007600004103999999,0.03050001647,0.020300010961999997,0.03050001647,0.017800009611999998,0.040600021923999995,0.010200005508000001,0.010200005508000001,0.06600003564,0.050800027432,0.012700006858,0.038100020574,0.0,0.053300028782,0.0,0.07110003839399999,0.027900015065999997,0.09650005211,0.010200005508000001,0.012700006858,0.0,0.035600019223999996,0.0,0.020300010961999997,0.017800009611999998,0.048300026082,0.015200008207999998,0.005100002754000001,0.022900012366000002,0.0,0.022900012366000002,0.010200005508000001,0.012700006858,0.020300010961999997,0.012700006858,0.073700039798,0.0,0.017800009611999998,0.0,0.0,0.0,0.010200005508000001,0.029160432413291665,0.020300010961999997,0.046350025029,0.0667800360612,0.12700006858000001,2023-11-12
11-13,11,13,0.027900015065999997,0.045700024677999995,0.00250000135,0.068600037044,0.053300028782,0.03300001782,0.12700006858000001,0.07110003839399999,0.055900030186,0.00250000135,0.03300001782,0.020300010961999997,0.03050001647,0.022900012366000002,0.040600021923999995,0.010200005508000001,0.010200005508000001,0.08130004390199999,0.050800027432,0.012700006858,0.038100020574,0.0,0.053300028782,0.0,0.078700042498,0.027900015065999997,0.09910005351399999,0.017800009611999998,0.017800009611999998,0.0,0.035600019223999996,0.020300010961999997,0.020300010961999997,0.048300026082,0.048300026082,0.012700006858,0.005100002754000001,0.022900012366000002,0.0,0.022900012366000002,0.010200005508000001,0.012700006858,0.025400013716,0.010200005508000001,0.073700039798,0.0,0.027900015065999997,0.0,0.0,0.0,0.010200005508000001,0.031858350536833335,0.024150013041,0.048300026082,0.0718800388152,0.12700006858000001,2023-11-13
11-14,11,14,0.027900015065999997,0.045700024677999995,0.007600004103999999,0.068600037044,0.053300028782,0.053300028782,0.154900083646,0.07110003839399999,0.053300028782,0.00250000135,0.03300001782,0.020300010961999997,0.03050001647,0.025400013716,0.040600021923999995,0.010200005508000001,0.017800009611999998,0.078700042498,0.050800027432,0.012700006858,0.038100020574,0.0,0.053300028782,0.00250000135,0.078700042498,0.035600019223999996,0.09910005351399999,0.03050001647,0.027900015065999997,0.0,0.035600019223999996,0.020300010961999997,0.020300010961999997,0.048300026082,0.045700024677999995,0.012700006858,0.017800009611999998,0.022900012366000002,0.0,0.020300010961999997,0.010200005508000001,0.012700006858,0.03300001782,0.0,0.073700039798,0.0,0.027900015065999997,0.0,0.0,0.0,0.012700006858,0.033860434951291665,0.027900015065999997,0.0489250264195,0.0718800388152,0.154900083646,2023-11-14
11-15,11,15,0.027900015065999997,0.045700024677999995,0.010200005508000001,0.07110003839399999,0.053300028782,0.053300028782,0.1600000864,0.07110003839399999,0.053300028782,0.012700006858,0.048300026082,0.027900015065999997,0.03050001647,0.043200023328,0.040600021923999995,0.010200005508000001,0.017800009611999998,0.078700042498,0.050800027432,0.012700006858,0.038100020574,0.0,0.053300028782,0.0,0.078700042498,0.035600019223999996,0.09910005351399999,0.055900030186,0.050800027432,0.0,0.035600019223999996,0.027900015065999997,0.025400013716,0.045700024677999995,0.045700024677999995,0.010200005508000001,0.027900015065999997,0.022900012366000002,0.0,0.017800009611999998,0.010200005508000001,0.012700006858,0.048300026082,0.0,0.073700039798,0.0,0.027900015065999997,0.0,0.0,0.0,0.012700006858,0.03672293649704166,0.033050017847,0.051425027769500004,0.0718800388152,0.1600000864,2023-11-15
11-16,11,16,0.038100020574,0.045700024677999995,0.012700006858,0.07110003839399999,0.053300028782,0.053300028782,0.1600000864,0.07110003839399999,0.053300028782,0.015200008207999998,0.048300026082,0.027900015065999997,0.03050001647,0.043200023328,0.040600021923999995,0.012700006858,0.017800009611999998,0.076200041148,0.050800027432,0.012700006858,0.038100020574,0.0,0.06100003294,0.0,0.078700042498,0.035600019223999996,0.09910005351399999,0.055900030186,0.053300028782,0.0,0.035600019223999996,0.027900015065999997,0.03050001647,0.045700024677999995,0.045700024677999995,0.015200008207999998,0.035600019223999996,0.022900012366000002,0.0,0.017800009611999998,0.010200005508000001,0.012700006858,0.050800027432,0.0,0.073700039798,0.0,0.03050001647,0.0,0.0,0.0,0.0145750078705,0.03772918704041666,0.035600019223999996,0.053300028782,0.0718800388152,0.1600000864,2023-11-16
11-17,11,17,0.038100020574,0.045700024677999995,0.015200008207999998,0.07110003839399999,0.053300028782,0.053300028782,0.1600000864,0.07110003839399999,0.053300028782,0.015200008207999998,0.048300026082,0.027900015065999997,0.03050001647,0.045700024677999995,0.040600021923999995,0.017800009611999998,0.038100020574,0.076200041148,0.053300028782,0.012700006858,0.038100020574,0.0,0.06100003294,0.0,0.078700042498,0.040600021923999995,0.09910005351399999,0.055900030186,0.053300028782,0.0,0.035600019223999996,0.027900015065999997,0.038100020574,0.045700024677999995,0.045700024677999995,0.03300001782,0.035600019223999996,0.035600019223999996,0.0,0.03050001647,0.010200005508000001,0.012700006858,0.048300026082,0.0,0.073700039798,0.015200008207999998,0.03050001647,0.0,0.0,0.0,0.017150009260999997,0.039841688181166665,0.038100020574,0.053300028782,0.0718800388152,0.1600000864,2023-11-17
11-18,11,18,0.038100020574,0.045700024677999995,0.017800009611999998,0.08380004525200001,0.053300028782,0.058400031536,0.1600000864,0.07110003839399999,0.053300028782,0.025400013716,0.058400031536,0.027900015065999997,0.03050001647,0.050800027432,0.040600021923999995,0.017800009611999998,0.040600021923999995,0.073700039798,0.06350003429000001,0.022900012366000002,0.050800027432,0.010200005508000001,0.06100003294,0.007600004103999999,0.078700042498,0.053300028782,0.09910005351399999,0.055900030186,0.053300028782,0.0,0.035600019223999996,0.027900015065999997,0.038100020574,0.045700024677999995,0.053300028782,0.035600019223999996,0.035600019223999996,0.035600019223999996,0.007600004103999999,0.06350003429000001,0.015200008207999998,0.012700006858,0.045700024677999995,0.0,0.073700039798,0.015200008207999998,0.03300001782,0.0,0.0,0.009420005086800002,0.0247750133785,0.043281273371875005,0.040600021923999995,0.056525030523500004,0.073700039798,0.1600000864,2023-11-18
11-19,11,19,0.040600021923999995,0.045700024677999995,0.017800009611999998,0.09910005351399999,0.06350003429000001,0.06350003429000001,0.1600000864,0.073700039798,0.058400031536,0.025400013716,0.06350003429000001,0.027900015065999997,0.03050001647,0.055900030186,0.045700024677999995,0.017800009611999998,0.040600021923999995,0.073700039798,0.068600037044,0.022900012366000002,0.055900030186,0.012700006858,0.06100003294,0.012700006858,0.078700042498,0.053300028782,0.09910005351399999,0.053300028782,0.050800027432,0.0,0.035600019223999996,0.027900015065999997,0.035600019223999996,0.06350003429000001,0.053300028782,0.035600019223999996,0.035600019223999996,0.035600019223999996,0.007600004103999999,0.06350003429000001,0.015200008207999998,0.012700006858,0.048300026082,0.005100002754000001,0.073700039798,0.022900012366000002,0.03300001782,0.0,0.0,0.012700006858,0.0247750133785,0.04535419115791667,0.043150023301,0.06350003429000001,0.073700039798,0.1600000864,2023-11-19
11-20,11,20,0.040600021923999995,0.045700024677999995,0.017800009611999998,0.101600054864,0.08380004525200001,0.06350003429000001,0.1600000864,0.073700039798,0.06100003294,0.025400013716,0.06350003429000001,0.027900015065999997,0.040600021923999995,0.055900030186,0.045700024677999995,0.022900012366000002,0.045700024677999995,0.073700039798,0.068600037044,0.03300001782,0.055900030186,0.012700006858,0.06100003294,0.012700006858,0.078700042498,0.053300028782,0.09910005351399999,0.053300028782,0.050800027432,0.0,0.035600019223999996,0.027900015065999997,0.035600019223999996,0.06350003429000001,0.053300028782,0.035600019223999996,0.035600019223999996,0.040600021923999995,0.005100002754000001,0.06350003429000001,0.015200008207999998,0.012700006858,0.048300026082,0.005100002754000001,0.073700039798,0.025400013716,0.038100020574,0.0,0.0,0.012700006858,0.027275014728499997,0.04672710856595833,0.045700024677999995,0.06350003429000001,0.07520004060800002,0.1600000864,2023-11-20
11-21,11,21,0.040600021923999995,0.045700024677999995,0.017800009611999998,0.101600054864,0.08380004525200001,0.076200041148,0.1600000864,0.076200041148,0.06600003564,0.025400013716,0.06350003429000001,0.027900015065999997,0.058400031536,0.06350003429000001,0.048300026082,0.022900012366000002,0.045700024677999995,0.073700039798,0.068600037044,0.035600019223999996,0.055900030186,0.017800009611999998,0.06100003294,0.012700006858,0.078700042498,0.053300028782,0.09910005351399999,0.053300028782,0.050800027432,0.0,0.035600019223999996,0.03050001647,0.06350003429000001,0.06350003429000001,0.053300028782,0.038100020574,0.035600019223999996,0.050800027432,0.007600004103999999,0.06350003429000001,0.015200008207999998,0.020300010961999997,0.048300026082,0.015200008207999998,0.073700039798,0.025400013716,0.038100020574,0.0,0.0,0.015200008207999998,0.027275014728499997,0.049212526574750004,0.049550026757,0.06350003429000001,0.076950041553,0.1600000864,2023-11-21
11-22,11,22,0.040600021923999995,0.050800027432,0.017800009611999998,0.101600054864,0.08380004525200001,0.088900048006,0.1600000864,0.08130004390199999,0.073700039798,0.03050001647,0.06350003429000001,0.027900015065999997,0.058400031536,0.07110003839399999,0.048300026082,0.03050001647,0.045700024677999995,0.073700039798,0.07110003839399999,0.038100020574,0.055900030186,0.025400013716,0.06100003294,0.015200008207999998,0.08130004390199999,0.06600003564,0.09910005351399999,0.053300028782,0.050800027432,0.0,0.035600019223999996,0.03300001782,0.078700042498,0.07110003839399999,0.050800027432,0.043200023328,0.035600019223999996,0.050800027432,0.022900012366000002,0.06350003429000001,0.015200008207999998,0.020300010961999997,0.048300026082,0.015200008207999998,0.073700039798,0.025400013716,0.038100020574,0.0,0.0,0.0170200091908,0.03050001647,0.051806277975374994,0.050800027432,0.07110003839399999,0.08205004430700001,0.1600000864,2023-11-22
11-23,11,23,0.040600021923999995,0.050800027432,0.020300010961999997,0.104100056214,0.08380004525200001,0.088900048006,0.1600000864,0.08130004390199999,0.08130004390199999,0.035600019223999996,0.06350003429000001,0.027900015065999997,0.06100003294,0.073700039798,0.06100003294,0.053300028782,0.050800027432,0.073700039798,0.09140004935599999,0.038100020574,0.06100003294,0.027900015065999997,0.06100003294,0.048300026082,0.08130004390199999,0.06600003564,0.09910005351399999,0.053300028782,0.048300026082,0.0,0.035600019223999996,0.040600021923999995,0.08380004525200001,0.068600037044,0.050800027432,0.043200023328,0.053300028782,0.050800027432,0.025400013716,0.06350003429000001,0.025400013716,0.020300010961999997,0.048300026082,0.015200008207999998,0.073700039798,0.025400013716,0.038100020574,0.0,0.0,0.0238700128898,0.0374750202365,0.055193779804625,0.052050028107000004,0.073700039798,0.08533004607820002,0.1600000864,2023-11-23
11-24,11,24,0.040600021923999995,0.050800027432,0.020300010961999997,0.106700057618,0.088900048006,0.088900048006,0.1600000864,0.088900048006,0.08130004390199999,0.035600019223999996,0.09140004935599999,0.027900015065999997,0.06100003294,0.073700039798,0.06100003294,0.058400031536,0.050800027432,0.073700039798,0.09140004935599999,0.038100020574,0.06100003294,0.027900015065999997,0.06100003294,0.053300028782,0.08130004390199999,0.06600003564,0.09910005351399999,0.053300028782,0.048300026082,0.0,0.035600019223999996,0.040600021923999995,0.104100056214,0.068600037044,0.050800027432,0.043200023328,0.068600037044,0.050800027432,0.035600019223999996,0.06100003294,0.035600019223999996,0.020300010961999997,0.053300028782,0.015200008207999998,0.08130004390199999,0.03050001647,0.038100020574,0.0,0.0,0.025620013834799997,0.0374750202365,0.057787531205249994,0.053300028782,0.07560004082399999,0.09140004935599999,0.1600000864,2023-11-24
11-25,11,25,0.043200023328,0.06600003564,0.022900012366000002,0.111800060372,0.088900048006,0.09140004935599999,0.16260008780399998,0.101600054864,0.08130004390199999,0.035600019223999996,0.101600054864,0.027900015065999997,0.06100003294,0.073700039798,0.06100003294,0.058400031536,0.058400031536,0.073700039798,0.09140004935599999,0.038100020574,0.06350003429000001,0.027900015065999997,0.06100003294,0.06350003429000001,0.09140004935599999,0.06600003564,0.09910005351399999,0.053300028782,0.048300026082,0.0,0.035600019223999996,0.040600021923999995,0.104100056214,0.068600037044,0.050800027432,0.043200023328,0.073700039798,0.050800027432,0.035600019223999996,0.06100003294,0.055900030186,0.020300010961999997,0.053300028782,0.020300010961999997,0.08130004390199999,0.03300001782,0.040600021923999995,0.0,0.0,0.026400014256,0.039975021586499994,0.060275032548499995,0.059700032237999995,0.07560004082399999,0.09985005391900001,0.16260008780399998,2023-11-25
11-26,11,26,0.043200023328,0.08380004525200001,0.022900012366000002,0.111800060372,0.088900048006,0.12190006582599998,0.170200091908,0.114300061722,0.08130004390199999,0.038100020574,0.101600054864,0.035600019223999996,0.06100003294,0.076200041148,0.06100003294,0.058400031536,0.06600003564,0.073700039798,0.09140004935599999,0.038100020574,0.06350003429000001,0.027900015065999997,0.06100003294,0.08380004525200001,0.09140004935599999,0.07110003839399999,0.109200058968,0.053300028782,0.048300026082,0.0,0.038100020574,0.040600021923999995,0.104100056214,0.068600037044,0.050800027432,0.043200023328,0.078700042498,0.06600003564,0.038100020574,0.06100003294,0.055900030186,0.035600019223999996,0.053300028782,0.020300010961999997,0.08130004390199999,0.03300001782,0.045700024677999995,0.0,0.0,0.0314700169938,0.039975021586499994,0.06381670112766667,0.06100003294,0.08192504423949999,0.10563005704020002,0.170200091908,2023-11-26
11-27,11,27,0.045700024677999995,0.101600054864,0.022900012366000002,0.11940006447600002,0.088900048006,0.12450006723,0.170200091908,0.114300061722,0.08130004390199999,0.038100020574,0.106700057618,0.07110003839399999,0.06600003564,0.08130004390199999,0.06350003429000001,0.06100003294,0.07110003839399999,0.09400005076,0.09140004935599999,0.045700024677999995,0.06350003429000001,0.027900015065999997,0.06100003294,0.08380004525200001,0.09140004935599999,0.076200041148,0.114300061722,0.076200041148,0.048300026082,0.0,0.040600021923999995,0.040600021923999995,0.104100056214,0.068600037044,0.050800027432,0.043200023328,0.078700042498,0.06600003564,0.038100020574,0.058400031536,0.055900030186,0.038100020574,0.053300028782,0.020300010961999997,0.08130004390199999,0.03300001782,0.050800027432,0.0,0.0,0.0314700169938,0.045075024340499995,0.06714795292654167,0.06475003496500001,0.0850750459405,0.10898005884920003,0.170200091908,2023-11-27
11-28,11,28,0.045700024677999995,0.116800063072,0.022900012366000002,0.12190006582599998,0.088900048006,0.12450006723,0.170200091908,0.116800063072,0.08130004390199999,0.038100020574,0.106700057618,0.073700039798,0.06600003564,0.086400046656,0.06600003564,0.06100003294,0.073700039798,0.09650005211,0.09400005076,0.07110003839399999,0.06350003429000001,0.027900015065999997,0.06350003429000001,0.08380004525200001,0.09140004935599999,0.076200041148,0.12190006582599998,0.08130004390199999,0.07110003839399999,0.005100002754000001,0.040600021923999995,0.040600021923999995,0.104100056214,0.068600037044,0.050800027432,0.043200023328,0.078700042498,0.06600003564,0.048300026082,0.06350003429000001,0.055900030186,0.040600021923999995,0.053300028782,0.020300010961999997,0.08130004390199999,0.038100020574,0.050800027432,0.0,0.0,0.0350400189216,0.047650025730999995,0.06984587105008333,0.06730003634199999,0.0870250469935,0.116800063072,0.170200091908,2023-11-28
11-29,11,29,0.045700024677999995,0.116800063072,0.022900012366000002,0.12190006582599998,0.088900048006,0.13210007133399998,0.19300010422,0.13210007133399998,0.08130004390199999,0.038100020574,0.12190006582599998,0.073700039798,0.06600003564,0.086400046656,0.06600003564,0.06600003564,0.073700039798,0.09910005351399999,0.09650005211,0.07110003839399999,0.06600003564,0.027900015065999997,0.06350003429000001,0.08380004525200001,0.09140004935599999,0.076200041148,0.12700006858000001,0.08380004525200001,0.07110003839399999,0.010200005508000001,0.045700024677999995,0.040600021923999995,0.109200058968,0.068600037044,0.050800027432,0.043200023328,0.073700039798,0.073700039798,0.068600037044,0.06350003429000001,0.06100003294,0.055900030186,0.053300028782,0.020300010961999997,0.088900048006,0.038100020574,0.050800027432,0.0,0.0,0.0350400189216,0.050800027432,0.07291670604166667,0.069850037719,0.088900048006,0.12190006582599998,0.19300010422,2023-11-29
11-30,11,30,0.048300026082,0.116800063072,0.022900012366000002,0.12450006723,0.09650005211,0.13460007268399998,0.20070010837799998,0.14480007819200003,0.09140004935599999,0.040600021923999995,0.12190006582599998,0.073700039798,0.06600003564,0.086400046656,0.06600003564,0.06600003564,0.08130004390199999,0.106700057618,0.101600054864,0.07110003839399999,0.06600003564,0.027900015065999997,0.073700039798,0.08380004525200001,0.09140004935599999,0.076200041148,0.12700006858000001,0.09140004935599999,0.07110003839399999,0.012700006858,0.050800027432,0.040600021923999995,0.109200058968,0.068600037044,0.050800027432,0.043200023328,0.073700039798,0.073700039798,0.068600037044,0.06350003429000001,0.073700039798,0.08380004525200001,0.053300028782,0.020300010961999997,0.09140004935599999,0.038100020574,0.050800027432,0.0,0.0,0.0350400189216,0.050800027432,0.07577295758404166,0.073700039798,0.09140004935599999,0.1226800662472,0.20070010837799998,2023-11-30
12-01,12,1,0.053300028782,0.116800063072,0.025400013716,0.025400013716,0.114300061722,0.137200074088,0.203200109728,0.147300079542,0.09140004935599999,0.040600021923999995,0.12190006582599998,0.073700039798,0.06600003564,0.086400046656,0.06600003564,0.06600003564,0.08130004390199999,0.106700057618,0.101600054864,0.07110003839399999,0.06600003564,0.027900015065999997,0.073700039798,0.09140004935599999,0.09400005076,0.076200041148,0.12700006858000001,0.09910005351399999,0.078700042498,0.017800009611999998,0.050800027432,0.040600021923999995,0.109200058968,0.073700039798,0.053300028782,0.043200023328,0.073700039798,0.073700039798,0.068600037044,0.06350003429000001,0.088900048006,0.08380004525200001,0.053300028782,0.020300010961999997,0.09140004935599999,0.038100020574,0.050800027432,0.005100002754000001,0.005100002754000001,0.027150014660999998,0.0526750284445,0.07561254083074999,0.073700039798,0.092050049707,0.11833006389820001,0.203200109728,2023-12-01
12-02,12,2,0.06600003564,0.116800063072,0.025400013716,0.025400013716,0.12190006582599998,0.14220007678799998,0.203200109728,0.149900080946,0.09400005076,0.040600021923999995,0.12190006582599998,0.073700039798,0.068600037044,0.086400046656,0.06600003564,0.07110003839399999,0.08130004390199999,0.106700057618,0.11940006447600002,0.07110003839399999,0.06600003564,0.03300001782,0.073700039798,0.09140004935599999,0.09400005076,0.076200041148,0.12700006858000001,0.12950006993,0.078700042498,0.027900015065999997,0.053300028782,0.040600021923999995,0.109200058968,0.073700039798,0.053300028782,0.043200023328,0.073700039798,0.06600003564,0.068600037044,0.06350003429000001,0.088900048006,0.08380004525200001,0.055900030186,0.020300010961999997,0.09910005351399999,0.048300026082,0.050800027432,0.005100002754000001,0.005100002754000001,0.0314700169938,0.053300028782,0.07804795881254167,0.073700039798,0.09527505144849999,0.12343006665220001,0.203200109728,2023-12-02
12-03,12,3,0.073700039798,0.116800063072,0.025400013716,0.025400013716,0.12190006582599998,0.147300079542,0.203200109728,0.154900083646,0.09400005076,0.040600021923999995,0.12190006582599998,0.073700039798,0.073700039798,0.09140004935599999,0.06600003564,0.07110003839399999,0.08130004390199999,0.106700057618,0.11940006447600002,0.07110003839399999,0.06600003564,0.035600019223999996,0.073700039798,0.09400005076,0.09400005076,0.076200041148,0.12700006858000001,0.13210007133399998,0.078700042498,0.027900015065999997,0.058400031536,0.040600021923999995,0.109200058968,0.073700039798,0.068600037044,0.053300028782,0.07110003839399999,0.06600003564,0.068600037044,0.06350003429000001,0.09140004935599999,0.08380004525200001,0.055900030186,0.020300010961999997,0.106700057618,0.06350003429000001,0.050800027432,0.005100002754000001,0.005100002754000001,0.0332900179766,0.0622250336015,0.079900043146,0.073700039798,0.09717505247449999,0.12343006665220001,0.203200109728,2023-12-03
12-04,12,4,0.09400005076,0.116800063072,0.025400013716,0.025400013716,0.12190006582599998,0.16760009050400002,0.203200109728,0.16260008780399998,0.09400005076,0.040600021923999995,0.12190006582599998,0.073700039798,0.073700039798,0.09140004935599999,0.06600003564,0.076200041148,0.08380004525200001,0.106700057618,0.12450006723,0.07110003839399999,0.06600003564,0.038100020574,0.073700039798,0.106700057618,0.09400005076,0.076200041148,0.12700006858000001,0.13970007543799998,0.078700042498,0.027900015065999997,0.06100003294,0.040600021923999995,0.111800060372,0.073700039798,0.068600037044,0.068600037044,0.07110003839399999,0.06600003564,0.068600037044,0.08130004390199999,0.09140004935599999,0.08380004525200001,0.055900030186,0.020300010961999997,0.109200058968,0.078700042498,0.050800027432,0.005100002754000001,0.005100002754000001,0.0350400189216,0.06600003564,0.08281254471874999,0.076200041148,0.106700057618,0.12525006763500002,0.203200109728,2023-12-04
12-05,12,5,0.09910005351399999,0.116800063072,0.038100020574,0.025400013716,0.12190006582599998,0.177800096012,0.203200109728,0.16260008780399998,0.09140004935599999,0.040600021923999995,0.12190006582599998,0.073700039798,0.073700039798,0.09140004935599999,0.06600003564,0.08130004390199999,0.08380004525200001,0.12190006582599998,0.12450006723,0.07110003839399999,0.076200041148,0.038100020574,0.073700039798,0.114300061722,0.09400005076,0.076200041148,0.12700006858000001,0.152400082296,0.078700042498,0.027900015065999997,0.06350003429000001,0.043200023328,0.111800060372,0.073700039798,0.068600037044,0.068600037044,0.07110003839399999,0.06600003564,0.073700039798,0.08130004390199999,0.09140004935599999,0.088900048006,0.055900030186,0.020300010961999997,0.111800060372,0.08130004390199999,0.050800027432,0.010200005508000001,0.010200005508000001,0.038100020574,0.06600003564,0.08493337919733335,0.077450041823,0.111800060372,0.12525006763500002,0.203200109728,2023-12-05
12-06,12,6,0.104100056214,0.116800063072,0.040600021923999995,0.025400013716,0.12190006582599998,0.177800096012,0.203200109728,0.16260008780399998,0.09140004935599999,0.040600021923999995,0.12190006582599998,0.076200041148,0.073700039798,0.09140004935599999,0.06600003564,0.088900048006,0.086400046656,0.13460007268399998,0.147300079542,0.073700039798,0.076200041148,0.038100020574,0.073700039798,0.11940006447600002,0.09400005076,0.076200041148,0.12700006858000001,0.152400082296,0.078700042498,0.027900015065999997,0.06350003429000001,0.045700024677999995,0.111800060372,0.073700039798,0.07110003839399999,0.068600037044,0.068600037044,0.06600003564,0.08130004390199999,0.08130004390199999,0.09400005076,0.088900048006,0.055900030186,0.020300010961999997,0.11940006447600002,0.08130004390199999,0.050800027432,0.022900012366000002,0.020300010961999997,0.039850021518999995,0.06600003564,0.08694171361516667,0.0800000432,0.11305006104700001,0.13841007474140005,0.203200109728,2023-12-06
12-07,12,7,0.11940006447600002,0.116800063072,0.048300026082,0.025400013716,0.12450006723,0.18800010152,0.203200109728,0.16260008780399998,0.09650005211,0.040600021923999995,0.12190006582599998,0.076200041148,0.073700039798,0.09140004935599999,0.07110003839399999,0.088900048006,0.088900048006,0.137200074088,0.154900083646,0.073700039798,0.076200041148,0.038100020574,0.073700039798,0.147300079542,0.09400005076,0.076200041148,0.12700006858000001,0.16260008780399998,0.078700042498,0.03300001782,0.06350003429000001,0.048300026082,0.12700006858000001,0.073700039798,0.07110003839399999,0.068600037044,0.068600037044,0.06600003564,0.086400046656,0.08130004390199999,0.09400005076,0.088900048006,0.055900030186,0.020300010961999997,0.11940006447600002,0.08130004390199999,0.050800027432,0.035600019223999996,0.020300010961999997,0.039850021518999995,0.067950036693,0.08980629849537498,0.0800000432,0.11940006447600002,0.14958008077320004,0.203200109728,2023-12-07
12-08,12,8,0.14220007678799998,0.116800063072,0.053300028782,0.025400013716,0.12450006723,0.195600105624,0.203200109728,0.165100089154,0.09910005351399999,0.055900030186,0.12700006858000001,0.076200041148,0.073700039798,0.09140004935599999,0.073700039798,0.088900048006,0.088900048006,0.14220007678799998,0.15750008505,0.073700039798,0.076200041148,0.053300028782,0.073700039798,0.152400082296,0.09400005076,0.086400046656,0.12700006858000001,0.165100089154,0.078700042498,0.045700024677999995,0.06350003429000001,0.053300028782,0.12700006858000001,0.073700039798,0.07110003839399999,0.073700039798,0.068600037044,0.068600037044,0.086400046656,0.08130004390199999,0.09400005076,0.088900048006,0.058400031536,0.020300010961999997,0.12450006723,0.08380004525200001,0.050800027432,0.035600019223999996,0.020300010961999997,0.052550028377,0.068600037044,0.09271463339920832,0.08255004457699999,0.12450006723,0.15393008312220002,0.203200109728,2023-12-08
12-09,12,9,0.14220007678799998,0.116800063072,0.055900030186,0.027900015065999997,0.12450006723,0.21080011383199998,0.203200109728,0.175300094662,0.101600054864,0.058400031536,0.12700006858000001,0.076200041148,0.073700039798,0.09140004935599999,0.078700042498,0.088900048006,0.088900048006,0.14220007678799998,0.1600000864,0.08130004390199999,0.086400046656,0.053300028782,0.073700039798,0.152400082296,0.09400005076,0.09140004935599999,0.137200074088,0.16260008780399998,0.078700042498,0.050800027432,0.073700039798,0.055900030186,0.12700006858000001,0.073700039798,0.086400046656,0.073700039798,0.06600003564,0.068600037044,0.101600054864,0.08130004390199999,0.09400005076,0.101600054864,0.058400031536,0.027900015065999997,0.12450006723,0.09650005211,0.050800027432,0.035600019223999996,0.027900015065999997,0.052550028377,0.07242503910949999,0.09588755177925,0.087650047331,0.12450006723,0.15468008352720003,0.21080011383199998,2023-12-09
12-10,12,10,0.14220007678799998,0.116800063072,0.055900030186,0.027900015065999997,0.12450006723,0.21080011383199998,0.203200109728,0.177800096012,0.101600054864,0.058400031536,0.12700006858000001,0.08380004525200001,0.073700039798,0.09140004935599999,0.09650005211,0.088900048006,0.088900048006,0.14220007678799998,0.165100089154,0.086400046656,0.086400046656,0.053300028782,0.073700039798,0.152400082296,0.09400005076,0.09140004935599999,0.152400082296,0.16260008780399998,0.078700042498,0.050800027432,0.073700039798,0.055900030186,0.12700006858000001,0.073700039798,0.086400046656,0.073700039798,0.06600003564,0.068600037044,0.111800060372,0.08130004390199999,0.09400005076,0.101600054864,0.058400031536,0.050800027432,0.12450006723,0.09650005211,0.053300028782,0.035600019223999996,0.027900015065999997,0.053300028782,0.07242503910949999,0.09773963611270835,0.088900048006,0.12450006723,0.15546008394840002,0.21080011383199998,2023-12-10
12-11,12,11,0.14220007678799998,0.12450006723,0.055900030186,0.03300001782,0.12700006858000001,0.218400117936,0.208300112482,0.177800096012,0.101600054864,0.08130004390199999,0.12700006858000001,0.088900048006,0.073700039798,0.09140004935599999,0.09910005351399999,0.088900048006,0.09910005351399999,0.147300079542,0.175300094662,0.086400046656,0.086400046656,0.058400031536,0.09140004935599999,0.152400082296,0.09400005076,0.09140004935599999,0.152400082296,0.16260008780399998,0.08130004390199999,0.050800027432,0.073700039798,0.055900030186,0.14220007678799998,0.073700039798,0.088900048006,0.073700039798,0.06600003564,0.078700042498,0.13460007268399998,0.08130004390199999,0.09400005076,0.101600054864,0.058400031536,0.050800027432,0.12700006858000001,0.09650005211,0.053300028782,0.035600019223999996,0.03300001782,0.0551200297648,0.073700039798,0.10112713794195834,0.09140004935599999,0.12700006858000001,0.15546008394840002,0.218400117936,2023-12-11
12-12,12,12,0.14220007678799998,0.12450006723,0.058400031536,0.03300001782,0.12700006858000001,0.22350012068999997,0.228600123444,0.177800096012,0.104100056214,0.08380004525200001,0.12700006858000001,0.088900048006,0.073700039798,0.09140004935599999,0.111800060372,0.088900048006,0.101600054864,0.147300079542,0.18540010011600003,0.088900048006,0.086400046656,0.058400031536,0.09140004935599999,0.152400082296,0.09650005211,0.09140004935599999,0.152400082296,0.16260008780399998,0.086400046656,0.050800027432,0.073700039798,0.058400031536,0.14220007678799998,0.073700039798,0.088900048006,0.073700039798,0.06600003564,0.078700042498,0.137200074088,0.08130004390199999,0.09400005076,0.101600054864,0.058400031536,0.053300028782,0.12950006993,0.09650005211,0.053300028782,0.035600019223999996,0.03300001782,0.0568700307098,0.073700039798,0.10276047215729167,0.09140004935599999,0.1276250689175,0.15546008394840002,0.228600123444,2023-12-12
12-13,12,13,0.14220007678799998,0.12450006723,0.058400031536,0.03300001782,0.12700006858000001,0.231100124794,0.241300130302,0.177800096012,0.104100056214,0.08380004525200001,0.12700006858000001,0.088900048006,0.076200041148,0.09140004935599999,0.111800060372,0.088900048006,0.104100056214,0.154900083646,0.18800010152,0.088900048006,0.086400046656,0.058400031536,0.09650005211,0.152400082296,0.09650005211,0.09140004935599999,0.152400082296,0.16260008780399998,0.088900048006,0.050800027432,0.073700039798,0.06600003564,0.14220007678799998,0.076200041148,0.088900048006,0.073700039798,0.06600003564,0.078700042498,0.137200074088,0.08130004390199999,0.09910005351399999,0.12190006582599998,0.06600003564,0.053300028782,0.13210007133399998,0.09650005211,0.053300028782,0.035600019223999996,0.03300001782,0.0568700307098,0.0755750408105,0.10461047315629168,0.09140004935599999,0.12827506926850002,0.15721008489340002,0.241300130302,2023-12-13
12-14,12,14,0.14480007819200003,0.12450006723,0.058400031536,0.03300001782,0.13210007133399998,0.236200127548,0.241300130302,0.177800096012,0.104100056214,0.08380004525200001,0.12700006858000001,0.088900048006,0.088900048006,0.09140004935599999,0.111800060372,0.09140004935599999,0.104100056214,0.15750008505,0.18800010152,0.088900048006,0.086400046656,0.07110003839399999,0.09910005351399999,0.152400082296,0.09650005211,0.09140004935599999,0.152400082296,0.16260008780399998,0.09400005076,0.055900030186,0.088900048006,0.114300061722,0.14220007678799998,0.076200041148,0.09140004935599999,0.076200041148,0.073700039798,0.078700042498,0.137200074088,0.088900048006,0.09910005351399999,0.13210007133399998,0.068600037044,0.053300028782,0.137200074088,0.09650005211,0.055900030186,0.035600019223999996,0.03300001782,0.057650031131,0.0825250445635,0.10795214162745832,0.095250051435,0.13337507202249999,0.15903008587620002,0.241300130302,2023-12-14
12-15,12,15,0.14480007819200003,0.12450006723,0.058400031536,0.045700024677999995,0.13460007268399998,0.248900134406,0.241300130302,0.177800096012,0.104100056214,0.08380004525200001,0.12950006993,0.088900048006,0.088900048006,0.09400005076,0.11940006447600002,0.09140004935599999,0.104100056214,0.15750008505,0.18800010152,0.09140004935599999,0.086400046656,0.07110003839399999,0.104100056214,0.152400082296,0.101600054864,0.104100056214,0.152400082296,0.16260008780399998,0.09910005351399999,0.055900030186,0.09140004935599999,0.114300061722,0.14220007678799998,0.076200041148,0.09400005076,0.076200041148,0.076200041148,0.08380004525200001,0.14480007819200003,0.088900048006,0.09910005351399999,0.152400082296,0.07110003839399999,0.08130004390199999,0.137200074088,0.09650005211,0.06350003429000001,0.035600019223999996,0.035600019223999996,0.0688200371628,0.08380004525200001,0.11107089331158333,0.09910005351399999,0.138450074763,0.15903008587620002,0.248900134406,2023-12-15
12-16,12,16,0.14480007819200003,0.12450006723,0.058400031536,0.06350003429000001,0.137200074088,0.25400013716000003,0.241300130302,0.177800096012,0.104100056214,0.08380004525200001,0.12950006993,0.09400005076,0.088900048006,0.09400005076,0.11940006447600002,0.09140004935599999,0.104100056214,0.1600000864,0.18800010152,0.09140004935599999,0.086400046656,0.07110003839399999,0.13210007133399998,0.152400082296,0.116800063072,0.104100056214,0.152400082296,0.16260008780399998,0.104100056214,0.06100003294,0.09400005076,0.114300061722,0.147300079542,0.076200041148,0.09650005211,0.076200041148,0.078700042498,0.086400046656,0.147300079542,0.088900048006,0.09910005351399999,0.152400082296,0.07110003839399999,0.08130004390199999,0.137200074088,0.09650005211,0.06350003429000001,0.035600019223999996,0.035600019223999996,0.0688200371628,0.085750046305,0.11324172781716667,0.10160005486399999,0.13910007511400002,0.16078008682119999,0.25400013716000003,2023-12-16
12-17,12,17,0.14480007819200003,0.12450006723,0.058400031536,0.068600037044,0.137200074088,0.25400013716000003,0.25400013716000003,0.177800096012,0.104100056214,0.08380004525200001,0.12950006993,0.09910005351399999,0.09140004935599999,0.09400005076,0.11940006447600002,0.09140004935599999,0.104100056214,0.1600000864,0.20570011107800001,0.09140004935599999,0.086400046656,0.073700039798,0.13460007268399998,0.152400082296,0.12190006582599998,0.104100056214,0.152400082296,0.16260008780399998,0.111800060372,0.06100003294,0.09910005351399999,0.114300061722,0.147300079542,0.078700042498,0.09910005351399999,0.076200041148,0.078700042498,0.088900048006,0.177800096012,0.09400005076,0.09910005351399999,0.152400082296,0.07110003839399999,0.09400005076,0.137200074088,0.09650005211,0.06350003429000001,0.035600019223999996,0.035600019223999996,0.070350037989,0.0882750476685,0.11578339585633333,0.10160005486399999,0.13910007511400002,0.16716009026640005,0.25400013716000003,2023-12-17
12-18,12,18,0.14480007819200003,0.12450006723,0.06100003294,0.07110003839399999,0.13970007543799998,0.259100139914,0.25400013716000003,0.177800096012,0.109200058968,0.08380004525200001,0.12950006993,0.111800060372,0.09140004935599999,0.09400005076,0.12190006582599998,0.09140004935599999,0.104100056214,0.1600000864,0.20570011107800001,0.09140004935599999,0.086400046656,0.073700039798,0.13970007543799998,0.152400082296,0.13460007268399998,0.104100056214,0.152400082296,0.165100089154,0.111800060372,0.06100003294,0.104100056214,0.114300061722,0.147300079542,0.078700042498,0.11940006447600002,0.076200041148,0.078700042498,0.088900048006,0.177800096012,0.09400005076,0.09910005351399999,0.152400082296,0.076200041148,0.101600054864,0.137200074088,0.09650005211,0.07110003839399999,0.048300026082,0.048300026082,0.0729200393768,0.0882750476685,0.11810839711183334,0.10665005759099999,0.14097507612649998,0.16891009121140008,0.259100139914,2023-12-18
12-19,12,19,0.149900080946,0.12450006723,0.06100003294,0.07110003839399999,0.13970007543799998,0.26420014266799996,0.25400013716000003,0.177800096012,0.109200058968,0.08380004525200001,0.12950006993,0.114300061722,0.09650005211,0.09400005076,0.12190006582599998,0.09140004935599999,0.109200058968,0.1600000864,0.20570011107800001,0.09140004935599999,0.086400046656,0.08130004390199999,0.13970007543799998,0.152400082296,0.137200074088,0.104100056214,0.152400082296,0.170200091908,0.111800060372,0.06350003429000001,0.106700057618,0.114300061722,0.16260008780399998,0.078700042498,0.12700006858000001,0.076200041148,0.078700042498,0.088900048006,0.177800096012,0.09400005076,0.101600054864,0.152400082296,0.076200041148,0.101600054864,0.137200074088,0.09650005211,0.07110003839399999,0.048300026082,0.048300026082,0.0746700403218,0.0882750476685,0.11953964788470832,0.109200058968,0.142250076815,0.17248009313920004,0.26420014266799996,2023-12-19
12-20,12,20,0.154900083646,0.12450006723,0.06100003294,0.07110003839399999,0.13970007543799998,0.276900149526,0.25650013851000003,0.177800096012,0.109200058968,0.08380004525200001,0.137200074088,0.114300061722,0.101600054864,0.09650005211,0.12190006582599998,0.09140004935599999,0.109200058968,0.1600000864,0.20570011107800001,0.09140004935599999,0.09140004935599999,0.08380004525200001,0.13970007543799998,0.152400082296,0.137200074088,0.104100056214,0.152400082296,0.170200091908,0.111800060372,0.06600003564,0.114300061722,0.114300061722,0.208300112482,0.078700042498,0.12700006858000001,0.09140004935599999,0.08130004390199999,0.088900048006,0.18030009736199998,0.09400005076,0.104100056214,0.152400082296,0.078700042498,0.101600054864,0.137200074088,0.09650005211,0.07110003839399999,0.068600037044,0.06100003294,0.07642004126679999,0.09140004935599999,0.12254798284254165,0.11050005967000001,0.14287507715249997,0.178550096417,0.276900149526,2023-12-20
12-21,12,21,0.154900083646,0.12450006723,0.06100003294,0.086400046656,0.13970007543799998,0.27940015087599995,0.261600141264,0.177800096012,0.109200058968,0.08380004525200001,0.14220007678799998,0.114300061722,0.101600054864,0.09650005211,0.12190006582599998,0.09400005076,0.109200058968,0.1600000864,0.20570011107800001,0.09140004935599999,0.09400005076,0.086400046656,0.14220007678799998,0.152400082296,0.137200074088,0.104100056214,0.15750008505,0.17270009325799998,0.111800060372,0.076200041148,0.11940006447600002,0.114300061722,0.236200127548,0.078700042498,0.12700006858000001,0.09140004935599999,0.08380004525200001,0.09400005076,0.18030009736199998,0.101600054864,0.104100056214,0.152400082296,0.078700042498,0.101600054864,0.137200074088,0.09650005211,0.07110003839399999,0.08130004390199999,0.06100003294,0.0805200434808,0.09335005040899999,0.12498340082433333,0.11050005967000001,0.144750078165,0.178550096417,0.27940015087599995,2023-12-21
12-22,12,22,0.154900083646,0.12450006723,0.06100003294,0.09910005351399999,0.13970007543799998,0.27940015087599995,0.261600141264,0.177800096012,0.109200058968,0.086400046656,0.16260008780399998,0.114300061722,0.101600054864,0.09650005211,0.12700006858000001,0.09400005076,0.109200058968,0.1600000864,0.213400115236,0.09400005076,0.09400005076,0.09910005351399999,0.14220007678799998,0.152400082296,0.137200074088,0.109200058968,0.15750008505,0.17270009325799998,0.111800060372,0.08130004390199999,0.12190006582599998,0.114300061722,0.248900134406,0.08380004525200001,0.12700006858000001,0.09650005211,0.101600054864,0.116800063072,0.18030009736199998,0.101600054864,0.109200058968,0.152400082296,0.078700042498,0.101600054864,0.154900083646,0.09650005211,0.07110003839399999,0.08130004390199999,0.06100003294,0.083050044847,0.09650005211,0.1283750693225,0.113050061047,0.1530250826335,0.178550096417,0.27940015087599995,2023-12-22
12-23,12,23,0.1600000864,0.12450006723,0.06100003294,0.106700057618,0.14480007819200003,0.28700015498,0.261600141264,0.177800096012,0.111800060372,0.104100056214,0.16760009050400002,0.114300061722,0.104100056214,0.09650005211,0.12700006858000001,0.101600054864,0.109200058968,0.1600000864,0.236200127548,0.09400005076,0.09400005076,0.09910005351399999,0.14220007678799998,0.152400082296,0.137200074088,0.109200058968,0.15750008505,0.177800096012,0.11940006447600002,0.088900048006,0.13460007268399998,0.116800063072,0.261600141264,0.08380004525200001,0.12700006858000001,0.09910005351399999,0.109200058968,0.13970007543799998,0.18030009736199998,0.104100056214,0.109200058968,0.152400082296,0.086400046656,0.101600054864,0.154900083646,0.09650005211,0.07110003839399999,0.08130004390199999,0.06100003294,0.088150047601,0.1009750545265,0.13202298795904166,0.115550062397,0.1530250826335,0.178550096417,0.28700015498,2023-12-23
12-24,12,24,0.165100089154,0.12450006723,0.06350003429000001,0.111800060372,0.15750008505,0.294600159084,0.261600141264,0.177800096012,0.111800060372,0.106700057618,0.175300094662,0.114300061722,0.104100056214,0.09650005211,0.12700006858000001,0.104100056214,0.109200058968,0.1600000864,0.248900134406,0.09400005076,0.09400005076,0.09910005351399999,0.14220007678799998,0.152400082296,0.137200074088,0.109200058968,0.15750008505,0.18540010011600003,0.11940006447600002,0.09650005211,0.137200074088,0.116800063072,0.261600141264,0.08380004525200001,0.12950006993,0.101600054864,0.109200058968,0.147300079542,0.18030009736199998,0.12700006858000001,0.111800060372,0.152400082296,0.086400046656,0.11940006447600002,0.15750008505,0.09910005351399999,0.07110003839399999,0.08130004390199999,0.06350003429000001,0.0917200495288,0.1034750558765,0.13488548950479165,0.11940006447600002,0.15750008505,0.1818300981882,0.294600159084,2023-12-24
12-25,12,25,0.16760009050400002,0.12450006723,0.06350003429000001,0.114300061722,0.15750008505,0.299700161838,0.261600141264,0.177800096012,0.114300061722,0.106700057618,0.177800096012,0.114300061722,0.104100056214,0.09650005211,0.12700006858000001,0.104100056214,0.109200058968,0.1600000864,0.248900134406,0.09910005351399999,0.09400005076,0.09910005351399999,0.15750008505,0.152400082296,0.137200074088,0.109200058968,0.15750008505,0.18540010011600003,0.12190006582599998,0.104100056214,0.13970007543799998,0.11940006447600002,0.261600141264,0.08380004525200001,0.13210007133399998,0.106700057618,0.111800060372,0.147300079542,0.18800010152,0.13460007268399998,0.116800063072,0.154900083646,0.088900048006,0.13460007268399998,0.15750008505,0.09910005351399999,0.073700039798,0.086400046656,0.06350003429000001,0.0924700499338,0.104100056214,0.13716049073329165,0.12320006652799999,0.15750008505,0.18618010053720002,0.299700161838,2023-12-25
12-26,12,26,0.170200091908,0.13210007133399998,0.06350003429000001,0.11940006447600002,0.15750008505,0.312400168696,0.261600141264,0.177800096012,0.114300061722,0.106700057618,0.19300010422,0.114300061722,0.104100056214,0.09650005211,0.12700006858000001,0.106700057618,0.109200058968,0.1600000864,0.25650013851000003,0.09910005351399999,0.09400005076,0.09910005351399999,0.15750008505,0.152400082296,0.137200074088,0.12190006582599998,0.15750008505,0.18540010011600003,0.12450006723,0.106700057618,0.170200091908,0.11940006447600002,0.261600141264,0.08380004525200001,0.13210007133399998,0.106700057618,0.114300061722,0.149900080946,0.198100106974,0.14480007819200003,0.12190006582599998,0.1600000864,0.088900048006,0.137200074088,0.15750008505,0.09910005351399999,0.08130004390199999,0.088900048006,0.06350003429000001,0.0924700499338,0.106700057618,0.14028757575525,0.125750067905,0.15812508538749998,0.19453010504620002,0.312400168696,2023-12-26
12-27,12,27,0.170200091908,0.13210007133399998,0.06350003429000001,0.13970007543799998,0.15750008505,0.330200178308,0.261600141264,0.177800096012,0.114300061722,0.106700057618,0.195600105624,0.114300061722,0.104100056214,0.09650005211,0.12700006858000001,0.106700057618,0.109200058968,0.1600000864,0.26420014266799996,0.09910005351399999,0.101600054864,0.09910005351399999,0.15750008505,0.152400082296,0.13970007543799998,0.137200074088,0.15750008505,0.19050010287,0.12450006723,0.106700057618,0.170200091908,0.11940006447600002,0.261600141264,0.08380004525200001,0.137200074088,0.106700057618,0.116800063072,0.147300079542,0.198100106974,0.14480007819200003,0.12700006858000001,0.1600000864,0.09650005211,0.16760009050400002,0.15750008505,0.09910005351399999,0.09140004935599999,0.101600054864,0.06350003429000001,0.0983200530928,0.106700057618,0.14340841077383334,0.134650072711,0.1600000864,0.196350106029,0.330200178308,2023-12-27
12-28,12,28,0.170200091908,0.137200074088,0.06600003564,0.147300079542,0.15750008505,0.340400183816,0.27940015087599995,0.177800096012,0.114300061722,0.106700057618,0.195600105624,0.116800063072,0.104100056214,0.09650005211,0.12950006993,0.109200058968,0.109200058968,0.1600000864,0.274300148122,0.101600054864,0.109200058968,0.09910005351399999,0.15750008505,0.152400082296,0.13970007543799998,0.13970007543799998,0.15750008505,0.195600105624,0.12450006723,0.106700057618,0.17270009325799998,0.11940006447600002,0.261600141264,0.08380004525200001,0.13970007543799998,0.106700057618,0.11940006447600002,0.147300079542,0.198100106974,0.14480007819200003,0.12950006993,0.1600000864,0.09650005211,0.18290009876600002,0.170200091908,0.09910005351399999,0.106700057618,0.114300061722,0.06600003564,0.09910005351399999,0.1085750586305,0.14642091240058333,0.13845007476299998,0.162550087777,0.196350106029,0.340400183816,2023-12-28
12-29,12,29,0.170200091908,0.137200074088,0.068600037044,0.149900080946,0.15750008505,0.340400183816,0.28450015363,0.177800096012,0.114300061722,0.106700057618,0.195600105624,0.116800063072,0.109200058968,0.09650005211,0.137200074088,0.109200058968,0.109200058968,0.1600000864,0.274300148122,0.101600054864,0.116800063072,0.09910005351399999,0.15750008505,0.154900083646,0.13970007543799998,0.13970007543799998,0.1600000864,0.203200109728,0.12950006993,0.109200058968,0.17270009325799998,0.12190006582599998,0.261600141264,0.08380004525200001,0.13970007543799998,0.106700057618,0.12950006993,0.147300079542,0.198100106974,0.14480007819200003,0.12950006993,0.1600000864,0.09910005351399999,0.19050010287,0.175300094662,0.09910005351399999,0.12190006582599998,0.114300061722,0.068600037044,0.09910005351399999,0.109200058968,0.1483771634569583,0.13845007476299998,0.162550087777,0.19963010780020002,0.340400183816,2023-12-29
12-30,12,30,0.170200091908,0.137200074088,0.068600037044,0.15750008505,0.15750008505,0.340400183816,0.28450015363,0.177800096012,0.116800063072,0.111800060372,0.195600105624,0.11940006447600002,0.109200058968,0.09650005211,0.15750008505,0.109200058968,0.106700057618,0.16260008780399998,0.274300148122,0.101600054864,0.116800063072,0.09910005351399999,0.15750008505,0.154900083646,0.149900080946,0.14220007678799998,0.18540010011600003,0.21080011383199998,0.12700006858000001,0.111800060372,0.17270009325799998,0.12190006582599998,0.274300148122,0.09400005076,0.13970007543799998,0.106700057618,0.12950006993,0.147300079542,0.198100106974,0.14480007819200003,0.13210007133399998,0.16260008780399998,0.09910005351399999,0.19050010287,0.177800096012,0.09650005211,0.13210007133399998,0.114300061722,0.068600037044,0.09910005351399999,0.111800060372,0.15092299816504165,0.14095007611299998,0.1708250922455,0.20191010903140005,0.340400183816,2023-12-30
12-31,12,31,0.170200091908,0.137200074088,0.068600037044,0.175300094662,0.15750008505,0.35050018927,0.28450015363,0.177800096012,0.11940006447600002,0.114300061722,0.195600105624,0.11940006447600002,0.109200058968,0.09650005211,0.16760009050400002,0.109200058968,0.101600054864,0.17270009325799998,0.274300148122,0.101600054864,0.116800063072,0.09910005351399999,0.15750008505,0.154900083646,0.15750008505,0.14480007819200003,0.198100106974,0.218400117936,0.12700006858000001,0.12450006723,0.17270009325799998,0.12700006858000001,0.276900149526,0.09400005076,0.13970007543799998,0.106700057618,0.12950006993,0.147300079542,0.198100106974,0.14480007819200003,0.137200074088,0.16260008780399998,0.101600054864,0.21080011383199998,0.177800096012,0.09650005211,0.13460007268399998,0.114300061722,0.068600037044,0.100850054459,0.114300061722,0.153618832954125,0.14225007681500001,0.173350093609,0.21308011506320002,0.35050018927,2023-12-31
01-01,1,1,0.170200091908,0.137200074088,0.07110003839399999,0.195600105624,0.15750008505,0.35050018927,0.28450015363,0.177800096012,0.11940006447600002,0.114300061722,0.195600105624,0.12950006993,0.109200058968,0.09650005211,0.16760009050400002,0.109200058968,0.101600054864,0.19300010422,0.274300148122,0.101600054864,0.12190006582599998,0.09910005351399999,0.15750008505,0.154900083646,0.165100089154,0.147300079542,0.215900116586,0.246400133056,0.12700006858000001,0.12450006723,0.17270009325799998,0.12700006858000001,0.276900149526,0.09910005351399999,0.14220007678799998,0.109200058968,0.12950006993,0.147300079542,0.198100106974,0.14220007678799998,0.137200074088,0.165100089154,0.104100056214,0.215900116586,0.198100106974,0.09650005211,0.13460007268399998,0.114300061722,0.07110003839399999,0.100850054459,0.114300061722,0.15678758466524997,0.14220007678799998,0.18160009806400002,0.22505012152700013,0.35050018927,2023-01-01
01-02,1,2,0.17270009325799998,0.137200074088,0.07110003839399999,0.195600105624,0.15750008505,0.35050018927,0.28450015363,0.18290009876600002,0.14480007819200003,0.114300061722,0.195600105624,0.12950006993,0.109200058968,0.09650005211,0.170200091908,0.11940006447600002,0.101600054864,0.198100106974,0.274300148122,0.101600054864,0.12450006723,0.09910005351399999,0.15750008505,0.1600000864,0.16760009050400002,0.154900083646,0.22100011934000002,0.25650013851000003,0.12450006723,0.12700006858000001,0.17270009325799998,0.12950006993,0.276900149526,0.09910005351399999,0.14220007678799998,0.109200058968,0.12950006993,0.147300079542,0.20070010837799998,0.14220007678799998,0.137200074088,0.175300094662,0.104100056214,0.215900116586,0.213400115236,0.09650005211,0.14480007819200003,0.11940006447600002,0.07110003839399999,0.100850054459,0.11940006447600002,0.15949175279216665,0.14480007819200003,0.18607510048050002,0.23165012509100016,0.35050018927,2023-01-02
01-03,1,3,0.18030009736199998,0.137200074088,0.07110003839399999,0.20070010837799998,0.15750008505,0.35050018927,0.28450015363,0.18290009876600002,0.14480007819200003,0.114300061722,0.195600105624,0.12950006993,0.109200058968,0.09650005211,0.18540010011600003,0.12190006582599998,0.09910005351399999,0.20070010837799998,0.28450015363,0.111800060372,0.12450006723,0.101600054864,0.15750008505,0.1600000864,0.16760009050400002,0.16760009050400002,0.22100011934000002,0.271800146772,0.12700006858000001,0.12700006858000001,0.18030009736199998,0.13460007268399998,0.276900149526,0.09910005351399999,0.14220007678799998,0.109200058968,0.12950006993,0.147300079542,0.215900116586,0.14220007678799998,0.137200074088,0.177800096012,0.104100056214,0.215900116586,0.226100122094,0.09650005211,0.154900083646,0.12190006582599998,0.07110003839399999,0.100850054459,0.12190006582599998,0.162400087696,0.146050078867,0.187950101493,0.2398101294974002,0.35050018927,2023-01-03
01-04,1,4,0.18030009736199998,0.137200074088,0.07110003839399999,0.20070010837799998,0.15750008505,0.35050018927,0.28450015363,0.18800010152,0.14480007819200003,0.114300061722,0.195600105624,0.12950006993,0.109200058968,0.09650005211,0.18540010011600003,0.12190006582599998,0.104100056214,0.20570011107800001,0.309900167346,0.114300061722,0.12450006723,0.109200058968,0.15750008505,0.1600000864,0.16760009050400002,0.16760009050400002,0.22100011934000002,0.28190015222599996,0.12700006858000001,0.12700006858000001,0.18030009736199998,0.13460007268399998,0.276900149526,0.09910005351399999,0.14220007678799998,0.109200058968,0.12950006993,0.147300079542,0.22100011934000002,0.14220007678799998,0.137200074088,0.177800096012,0.106700057618,0.215900116586,0.226100122094,0.09650005211,0.154900083646,0.12190006582599998,0.07110003839399999,0.1059200571968,0.12190006582599998,0.1638250884655,0.146050078867,0.18990010254599998,0.24134013032360022,0.35050018927,2023-01-04
01-05,1,5,0.18290009876600002,0.137200074088,0.076200041148,0.22350012068999997,0.15750008505,0.35050018927,0.28450015363,0.18800010152,0.14480007819200003,0.114300061722,0.195600105624,0.12950006993,0.111800060372,0.09650005211,0.18540010011600003,0.12190006582599998,0.111800060372,0.22100011934000002,0.309900167346,0.116800063072,0.12450006723,0.11940006447600002,0.15750008505,0.1600000864,0.17270009325799998,0.170200091908,0.22350012068999997,0.28700015498,0.14220007678799998,0.13210007133399998,0.18030009736199998,0.13460007268399998,0.276900149526,0.09910005351399999,0.14220007678799998,0.114300061722,0.12950006993,0.147300079542,0.259100139914,0.14220007678799998,0.137200074088,0.177800096012,0.106700057618,0.215900116586,0.226100122094,0.09910005351399999,0.165100089154,0.13210007133399998,0.076200041148,0.1102700595458,0.12385006687899999,0.16737925705141665,0.146050078867,0.18990010254599998,0.2644401427976001,0.35050018927,2023-01-05
01-06,1,6,0.18290009876600002,0.147300079542,0.076200041148,0.241300130302,0.15750008505,0.35050018927,0.28450015363,0.20070010837799998,0.152400082296,0.12450006723,0.203200109728,0.12950006993,0.111800060372,0.09650005211,0.18540010011600003,0.14220007678799998,0.111800060372,0.22100011934000002,0.309900167346,0.12190006582599998,0.12450006723,0.12450006723,0.15750008505,0.1600000864,0.17270009325799998,0.170200091908,0.226100122094,0.28700015498,0.14220007678799998,0.16760009050400002,0.18800010152,0.13460007268399998,0.276900149526,0.09910005351399999,0.14220007678799998,0.114300061722,0.12950006993,0.147300079542,0.259100139914,0.14220007678799998,0.13970007543799998,0.18290009876600002,0.11940006447600002,0.248900134406,0.226100122094,0.101600054864,0.165100089154,0.147300079542,0.076200041148,0.111800060372,0.128250069255,0.17182300945104165,0.154950083673,0.2013251087155,0.2644401427976001,0.35050018927,2023-01-06
01-07,1,7,0.18290009876600002,0.152400082296,0.088900048006,0.246400133056,0.15750008505,0.35050018927,0.28450015363,0.213400115236,0.152400082296,0.13210007133399998,0.22100011934000002,0.12950006993,0.111800060372,0.09910005351399999,0.18800010152,0.147300079542,0.12700006858000001,0.22350012068999997,0.309900167346,0.12190006582599998,0.12450006723,0.12450006723,0.15750008505,0.16260008780399998,0.17270009325799998,0.170200091908,0.231100124794,0.28700015498,0.14480007819200003,0.18800010152,0.20070010837799998,0.13460007268399998,0.276900149526,0.09910005351399999,0.14220007678799998,0.114300061722,0.12700006858000001,0.147300079542,0.259100139914,0.14480007819200003,0.152400082296,0.18540010011600003,0.11940006447600002,0.25400013716000003,0.23370012619799999,0.104100056214,0.16760009050400002,0.147300079542,0.088900048006,0.113550061317,0.1288750695925,0.17526676131066665,0.154950083673,0.21530011626200002,0.2644401427976001,0.35050018927,2023-01-07
01-08,1,8,0.18540010011600003,0.1600000864,0.09140004935599999,0.246400133056,0.165100089154,0.35050018927,0.28450015363,0.215900116586,0.152400082296,0.13210007133399998,0.22350012068999997,0.12950006993,0.116800063072,0.09910005351399999,0.19300010422,0.147300079542,0.12950006993,0.22350012068999997,0.309900167346,0.12190006582599998,0.12450006723,0.12450006723,0.15750008505,0.165100089154,0.17270009325799998,0.170200091908,0.23370012619799999,0.294600159084,0.14480007819200003,0.19050010287,0.20070010837799998,0.13460007268399998,0.276900149526,0.101600054864,0.14220007678799998,0.11940006447600002,0.12700006858000001,0.1600000864,0.261600141264,0.14480007819200003,0.165100089154,0.18540010011600003,0.11940006447600002,0.25650013851000003,0.23370012619799999,0.109200058968,0.16760009050400002,0.149900080946,0.09140004935599999,0.11862006405480001,0.12950006993,0.17732092908658334,0.162550087777,0.217800117612,0.2661901437426001,0.35050018927,2023-01-08
01-09,1,9,0.18540010011600003,0.1600000864,0.09140004935599999,0.246400133056,0.177800096012,0.35050018927,0.28450015363,0.215900116586,0.152400082296,0.137200074088,0.22350012068999997,0.14480007819200003,0.116800063072,0.101600054864,0.195600105624,0.152400082296,0.13970007543799998,0.22350012068999997,0.309900167346,0.12450006723,0.12450006723,0.13460007268399998,0.15750008505,0.165100089154,0.17270009325799998,0.170200091908,0.25650013851000003,0.302300163242,0.14480007819200003,0.198100106974,0.21080011383199998,0.13460007268399998,0.276900149526,0.101600054864,0.14220007678799998,0.12190006582599998,0.12700006858000001,0.1600000864,0.26920014536799997,0.14480007819200003,0.165100089154,0.19050010287,0.11940006447600002,0.25650013851000003,0.23370012619799999,0.109200058968,0.16760009050400002,0.152400082296,0.09140004935599999,0.11862006405480001,0.136550073737,0.18007301390604166,0.162550087777,0.217800117612,0.2715101466154,0.35050018927,2023-01-09
01-10,1,10,0.18800010152,0.18540010011600003,0.09140004935599999,0.246400133056,0.18290009876600002,0.35050018927,0.28450015363,0.215900116586,0.152400082296,0.147300079542,0.231100124794,0.14480007819200003,0.116800063072,0.101600054864,0.208300112482,0.152400082296,0.13970007543799998,0.226100122094,0.312400168696,0.12450006723,0.12450006723,0.14220007678799998,0.15750008505,0.165100089154,0.17270009325799998,0.170200091908,0.27940015087599995,0.302300163242,0.14480007819200003,0.20570011107800001,0.213400115236,0.13460007268399998,0.276900149526,0.101600054864,0.14220007678799998,0.13210007133399998,0.12700006858000001,0.1600000864,0.30730016594200005,0.147300079542,0.165100089154,0.198100106974,0.11940006447600002,0.25650013851000003,0.23880012895200003,0.12190006582599998,0.16760009050400002,0.152400082296,0.09140004935599999,0.12115006542099999,0.1415750764505,0.18393759932624998,0.165100089154,0.218450117963,0.2809301517022,0.35050018927,2023-01-10
01-11,1,11,0.19050010287,0.203200109728,0.09140004935599999,0.246400133056,0.18290009876600002,0.35050018927,0.28450015363,0.215900116586,0.152400082296,0.147300079542,0.246400133056,0.14480007819200003,0.11940006447600002,0.101600054864,0.218400117936,0.152400082296,0.14220007678799998,0.228600123444,0.3200001728,0.12700006858000001,0.12450006723,0.17270009325799998,0.15750008505,0.165100089154,0.17270009325799998,0.170200091908,0.30730016594200005,0.302300163242,0.14480007819200003,0.208300112482,0.213400115236,0.13460007268399998,0.276900149526,0.101600054864,0.152400082296,0.14220007678799998,0.12700006858000001,0.15750008505,0.32510017555399995,0.152400082296,0.165100089154,0.20070010837799998,0.11940006447600002,0.25650013851000003,0.259100139914,0.13210007133399998,0.16760009050400002,0.152400082296,0.09140004935599999,0.12297006640380001,0.144150077841,0.18806676822266666,0.16635008982900001,0.22095011931300002,0.28984015651360007,0.35050018927,2023-01-11
01-12,1,12,0.203200109728,0.22350012068999997,0.09140004935599999,0.248900134406,0.18290009876600002,0.355600192024,0.28450015363,0.215900116586,0.152400082296,0.17270009325799998,0.246400133056,0.14480007819200003,0.11940006447600002,0.104100056214,0.22350012068999997,0.152400082296,0.147300079542,0.228600123444,0.335300181062,0.14220007678799998,0.12450006723,0.18800010152,0.15750008505,0.165100089154,0.17270009325799998,0.170200091908,0.32510017555399995,0.312400168696,0.152400082296,0.22100011934000002,0.213400115236,0.13460007268399998,0.276900149526,0.101600054864,0.152400082296,0.14220007678799998,0.12950006993,0.15750008505,0.35310019067400006,0.15750008505,0.165100089154,0.213400115236,0.11940006447600002,0.25650013851000003,0.26920014536799997,0.137200074088,0.175300094662,0.152400082296,0.09140004935599999,0.12297006640380001,0.14667507920450001,0.19314802096654168,0.17145009258299998,0.22477512137849998,0.2928701581498001,0.355600192024,2023-01-12
01-13,1,13,0.218400117936,0.23880012895200003,0.09910005351399999,0.25150013581,0.18290009876600002,0.358100193374,0.28450015363,0.215900116586,0.152400082296,0.17270009325799998,0.246400133056,0.14480007819200003,0.11940006447600002,0.104100056214,0.226100122094,0.152400082296,0.154900083646,0.228600123444,0.337800182412,0.14480007819200003,0.12450006723,0.18800010152,0.165100089154,0.165100089154,0.17270009325799998,0.170200091908,0.32510017555399995,0.312400168696,0.154900083646,0.22100011934000002,0.213400115236,0.13460007268399998,0.276900149526,0.101600054864,0.152400082296,0.16260008780399998,0.13970007543799998,0.15750008505,0.35310019067400006,0.15750008505,0.165100089154,0.215900116586,0.11940006447600002,0.25650013851000003,0.26920014536799997,0.1600000864,0.175300094662,0.152400082296,0.09910005351399999,0.12297006640380001,0.152400082296,0.195743855701625,0.17145009258299998,0.231150124821,0.2928701581498001,0.358100193374,2023-01-13
01-14,1,14,0.22100011934000002,0.28700015498,0.101600054864,0.25150013581,0.18290009876600002,0.358100193374,0.28450015363,0.215900116586,0.152400082296,0.17270009325799998,0.246400133056,0.15750008505,0.12190006582599998,0.104100056214,0.226100122094,0.152400082296,0.1600000864,0.228600123444,0.34540018651599996,0.1600000864,0.12450006723,0.18800010152,0.170200091908,0.17270009325799998,0.17270009325799998,0.170200091908,0.32510017555399995,0.312400168696,0.154900083646,0.22350012068999997,0.213400115236,0.13460007268399998,0.276900149526,0.101600054864,0.152400082296,0.16760009050400002,0.13970007543799998,0.15750008505,0.35310019067400006,0.15750008505,0.165100089154,0.226100122094,0.11940006447600002,0.25400013716000003,0.26920014536799997,0.17270009325799998,0.177800096012,0.152400082296,0.101600054864,0.12372006680879999,0.15427508330849998,0.198650107271,0.17270009325799998,0.233050125847,0.2946201590948001,0.358100193374,2023-01-14
01-15,1,15,0.226100122094,0.302300163242,0.101600054864,0.259100139914,0.18290009876600002,0.36070019477799997,0.28450015363,0.215900116586,0.152400082296,0.17270009325799998,0.25150013581,0.16760009050400002,0.12450006723,0.106700057618,0.231100124794,0.152400082296,0.1600000864,0.231100124794,0.34540018651599996,0.1600000864,0.12450006723,0.18800010152,0.17270009325799998,0.17270009325799998,0.17270009325799998,0.170200091908,0.32510017555399995,0.3150001701,0.154900083646,0.22350012068999997,0.213400115236,0.13460007268399998,0.276900149526,0.101600054864,0.152400082296,0.16760009050400002,0.137200074088,0.1600000864,0.35310019067400006,0.15750008505,0.165100089154,0.236200127548,0.11940006447600002,0.25400013716000003,0.271800146772,0.19300010422,0.177800096012,0.152400082296,0.101600054864,0.12450006723,0.15427508330849998,0.20066260835775,0.17270009325799998,0.2400251296135,0.30611016529940005,0.36070019477799997,2023-01-15
01-16,1,16,0.23880012895200003,0.302300163242,0.101600054864,0.261600141264,0.18290009876600002,0.36070019477799997,0.28450015363,0.215900116586,0.152400082296,0.18290009876600002,0.25150013581,0.170200091908,0.14480007819200003,0.106700057618,0.231100124794,0.152400082296,0.19050010287,0.23880012895200003,0.34540018651599996,0.177800096012,0.12700006858000001,0.19050010287,0.175300094662,0.17270009325799998,0.17270009325799998,0.170200091908,0.32510017555399995,0.322600174204,0.154900083646,0.22350012068999997,0.213400115236,0.13460007268399998,0.27940015087599995,0.101600054864,0.152400082296,0.16760009050400002,0.137200074088,0.16760009050400002,0.35310019067400006,0.15750008505,0.170200091908,0.236200127548,0.12190006582599998,0.25400013716000003,0.27940015087599995,0.19300010422,0.177800096012,0.152400082296,0.101600054864,0.1323200714528,0.15427508330849998,0.20367927665341667,0.180350097389,0.24197513066650003,0.3083901665306001,0.36070019477799997,2023-01-16
01-17,1,17,0.23880012895200003,0.302300163242,0.101600054864,0.26420014266799996,0.18290009876600002,0.36070019477799997,0.28450015363,0.215900116586,0.152400082296,0.18540010011600003,0.25150013581,0.170200091908,0.14480007819200003,0.106700057618,0.24380013165199996,0.154900083646,0.195600105624,0.25650013851000003,0.34540018651599996,0.177800096012,0.13460007268399998,0.19050010287,0.175300094662,0.17270009325799998,0.17270009325799998,0.170200091908,0.32510017555399995,0.322600174204,0.154900083646,0.226100122094,0.213400115236,0.13460007268399998,0.28960015638400005,0.109200058968,0.152400082296,0.165100089154,0.137200074088,0.175300094662,0.35310019067400006,0.15750008505,0.17270009325799998,0.236200127548,0.12190006582599998,0.25400013716000003,0.28450015363,0.195600105624,0.177800096012,0.152400082296,0.101600054864,0.13460007268399998,0.154900083646,0.205481360959875,0.180350097389,0.25212513614750004,0.3083901665306001,0.36070019477799997,2023-01-17
01-18,1,18,0.246400133056,0.30730016594200005,0.101600054864,0.26420014266799996,0.18290009876600002,0.36070019477799997,0.28450015363,0.226100122094,0.154900083646,0.18800010152,0.25150013581,0.170200091908,0.14480007819200003,0.106700057618,0.24380013165199996,0.154900083646,0.195600105624,0.26670014401799996,0.34540018651599996,0.198100106974,0.13970007543799998,0.19050010287,0.175300094662,0.17270009325799998,0.17270009325799998,0.170200091908,0.32510017555399995,0.32770017695799997,0.154900083646,0.231100124794,0.213400115236,0.13460007268399998,0.30730016594200005,0.109200058968,0.152400082296,0.165100089154,0.137200074088,0.175300094662,0.35310019067400006,0.15750008505,0.203200109728,0.25150013581,0.12190006582599998,0.25400013716000003,0.28450015363,0.215900116586,0.177800096012,0.152400082296,0.101600054864,0.1364200736668,0.154900083646,0.20876052939729164,0.189250102195,0.25212513614750004,0.3126401688256001,0.36070019477799997,2023-01-18
01-19,1,19,0.246400133056,0.312400168696,0.104100056214,0.274300148122,0.18290009876600002,0.36070019477799997,0.28450015363,0.226100122094,0.154900083646,0.19300010422,0.25150013581,0.170200091908,0.14480007819200003,0.106700057618,0.248900134406,0.154900083646,0.195600105624,0.274300148122,0.3480001879199999,0.198100106974,0.165100089154,0.203200109728,0.175300094662,0.175300094662,0.17270009325799998,0.170200091908,0.32510017555399995,0.337800182412,0.154900083646,0.231100124794,0.213400115236,0.13970007543799998,0.30730016594200005,0.116800063072,0.152400082296,0.16260008780399998,0.137200074088,0.18030009736199998,0.35310019067400006,0.15750008505,0.20570011107800001,0.25150013581,0.12190006582599998,0.25400013716000003,0.28450015363,0.22100011934000002,0.177800096012,0.152400082296,0.104100056214,0.138950075033,0.156850084699,0.21108553065279165,0.194300104922,0.25212513614750004,0.3162101707534,0.36070019477799997,2023-01-19
01-20,1,20,0.25400013716000003,0.3150001701,0.104100056214,0.28450015363,0.18540010011600003,0.36070019477799997,0.28700015498,0.226100122094,0.154900083646,0.19300010422,0.25150013581,0.170200091908,0.147300079542,0.106700057618,0.248900134406,0.154900083646,0.195600105624,0.297200160488,0.35310019067400006,0.213400115236,0.17270009325799998,0.20570011107800001,0.175300094662,0.175300094662,0.17270009325799998,0.170200091908,0.32510017555399995,0.337800182412,0.154900083646,0.23370012619799999,0.213400115236,0.14480007819200003,0.32770017695799997,0.12190006582599998,0.152400082296,0.16260008780399998,0.137200074088,0.18290009876600002,0.35310019067400006,0.165100089154,0.20570011107800001,0.25150013581,0.12190006582599998,0.25400013716000003,0.28450015363,0.22100011934000002,0.18030009736199998,0.152400082296,0.104100056214,0.14252007696080002,0.16067508676449999,0.21373553208379167,0.194300104922,0.25400013716000003,0.32588017597519997,0.36070019477799997,2023-01-20
01-21,1,21,0.25400013716000003,0.32510017555399995,0.104100056214,0.297200160488,0.18540010011600003,0.36070019477799997,0.28960015638400005,0.23880012895200003,0.154900083646,0.19300010422,0.25150013581,0.170200091908,0.147300079542,0.106700057618,0.248900134406,0.154900083646,0.195600105624,0.302300163242,0.35310019067400006,0.215900116586,0.18290009876600002,0.20570011107800001,0.175300094662,0.177800096012,0.17270009325799998,0.170200091908,0.32510017555399995,0.337800182412,0.154900083646,0.23370012619799999,0.213400115236,0.147300079542,0.32770017695799997,0.12950006993,0.152400082296,0.16260008780399998,0.137200074088,0.195600105624,0.355600192024,0.18030009736199998,0.20570011107800001,0.25400013716000003,0.12190006582599998,0.25400013716000003,0.28450015363,0.22100011934000002,0.18030009736199998,0.152400082296,0.104100056214,0.14427007790580001,0.16067508676449999,0.21584803322454169,0.195600105624,0.25400013716000003,0.32588017597519997,0.36070019477799997,2023-01-21
01-22,1,22,0.25400013716000003,0.32770017695799997,0.106700057618,0.3150001701,0.18800010152,0.36070019477799997,0.292100157734,0.23880012895200003,0.15750008505,0.195600105624,0.25150013581,0.170200091908,0.147300079542,0.106700057618,0.25150013581,0.154900083646,0.195600105624,0.30730016594200005,0.36070019477799997,0.215900116586,0.195600105624,0.213400115236,0.175300094662,0.18030009736199998,0.17270009325799998,0.170200091908,0.32510017555399995,0.337800182412,0.154900083646,0.236200127548,0.213400115236,0.149900080946,0.32770017695799997,0.16260008780399998,0.152400082296,0.16260008780399998,0.137200074088,0.19300010422,0.358100193374,0.18030009736199998,0.22100011934000002,0.25400013716000003,0.12190006582599998,0.25400013716000003,0.28450015363,0.22100011934000002,0.18030009736199998,0.152400082296,0.106700057618,0.1491200805248,0.16260008780399998,0.21844803462854165,0.195600105624,0.25400013716000003,0.32770017695799997,0.36070019477799997,2023-01-22
01-23,1,23,0.25400013716000003,0.32770017695799997,0.109200058968,0.3200001728,0.18800010152,0.36070019477799997,0.294600159084,0.23880012895200003,0.15750008505,0.195600105624,0.25150013581,0.170200091908,0.147300079542,0.106700057618,0.26420014266799996,0.154900083646,0.195600105624,0.30730016594200005,0.37080020023200005,0.218400117936,0.195600105624,0.218400117936,0.175300094662,0.18800010152,0.17270009325799998,0.170200091908,0.32510017555399995,0.340400183816,0.154900083646,0.23880012895200003,0.215900116586,0.165100089154,0.340400183816,0.16260008780399998,0.152400082296,0.1600000864,0.137200074088,0.19300010422,0.368300198882,0.18540010011600003,0.22100011934000002,0.26420014266799996,0.12700006858000001,0.25400013716000003,0.28450015363,0.22100011934000002,0.18030009736199998,0.152400082296,0.106700057618,0.1508700814698,0.1644750888165,0.22077303588404165,0.195600105624,0.26420014266799996,0.33151017901540003,0.37080020023200005,2023-01-23
01-24,1,24,0.259100139914,0.330200178308,0.109200058968,0.322600174204,0.195600105624,0.36070019477799997,0.294600159084,0.248900134406,0.15750008505,0.203200109728,0.25150013581,0.175300094662,0.14480007819200003,0.106700057618,0.26420014266799996,0.154900083646,0.195600105624,0.31750017145000003,0.38100020574,0.218400117936,0.20070010837799998,0.218400117936,0.175300094662,0.18800010152,0.177800096012,0.170200091908,0.32510017555399995,0.340400183816,0.154900083646,0.23880012895200003,0.228600123444,0.175300094662,0.340400183816,0.16260008780399998,0.152400082296,0.1600000864,0.137200074088,0.195600105624,0.396200213948,0.18540010011600003,0.226100122094,0.26420014266799996,0.12700006858000001,0.25400013716000003,0.28450015363,0.22100011934000002,0.18030009736199998,0.154900083646,0.106700057618,0.15012008106480002,0.168300090882,0.2234751206765,0.20195010905299998,0.26420014266799996,0.3332601799604001,0.396200213948,2023-01-24
01-25,1,25,0.261600141264,0.330200178308,0.109200058968,0.32770017695799997,0.20570011107800001,0.36070019477799997,0.294600159084,0.248900134406,0.16260008780399998,0.20570011107800001,0.25150013581,0.175300094662,0.14480007819200003,0.106700057618,0.26420014266799996,0.15750008505,0.195600105624,0.332700179658,0.38100020574,0.218400117936,0.21080011383199998,0.218400117936,0.175300094662,0.18800010152,0.177800096012,0.170200091908,0.32510017555399995,0.340400183816,0.154900083646,0.241300130302,0.248900134406,0.175300094662,0.340400183816,0.165100089154,0.152400082296,0.1600000864,0.137200074088,0.203200109728,0.396200213948,0.18540010011600003,0.226100122094,0.26670014401799996,0.12700006858000001,0.25400013716000003,0.28700015498,0.22100011934000002,0.18030009736199998,0.154900083646,0.106700057618,0.15012008106480002,0.1689250912195,0.22537303836804168,0.208250112455,0.2648251430055,0.3350101809054,0.396200213948,2023-01-25
01-26,1,26,0.26420014266799996,0.330200178308,0.114300061722,0.32770017695799997,0.20570011107800001,0.37850020439,0.297200160488,0.248900134406,0.170200091908,0.20570011107800001,0.25150013581,0.175300094662,0.147300079542,0.106700057618,0.26420014266799996,0.15750008505,0.198100106974,0.34540018651599996,0.40390021810599996,0.218400117936,0.21080011383199998,0.226100122094,0.18290009876600002,0.18800010152,0.177800096012,0.18030009736199998,0.32510017555399995,0.340400183816,0.154900083646,0.241300130302,0.261600141264,0.177800096012,0.340400183816,0.165100089154,0.152400082296,0.1600000864,0.137200074088,0.203200109728,0.398800215352,0.19050010287,0.226100122094,0.26670014401799996,0.12700006858000001,0.25650013851000003,0.28960015638400005,0.22350012068999997,0.18290009876600002,0.154900083646,0.106700057618,0.1508700814698,0.1740250939735,0.22818137321787502,0.208250112455,0.2648251430055,0.340400183816,0.40390021810599996,2023-01-26
01-27,1,27,0.26420014266799996,0.330200178308,0.114300061722,0.34540018651599996,0.20570011107800001,0.386100208494,0.297200160488,0.246400133056,0.170200091908,0.20570011107800001,0.25150013581,0.18030009736199998,0.147300079542,0.106700057618,0.26420014266799996,0.1600000864,0.20070010837799998,0.35310019067400006,0.41400022355999994,0.218400117936,0.213400115236,0.228600123444,0.18290009876600002,0.18800010152,0.177800096012,0.18030009736199998,0.32510017555399995,0.34290018516599996,0.154900083646,0.241300130302,0.261600141264,0.18030009736199998,0.35050018927,0.170200091908,0.15750008505,0.1600000864,0.137200074088,0.203200109728,0.398800215352,0.19050010287,0.226100122094,0.26920014536799997,0.12700006858000001,0.25650013851000003,0.28960015638400005,0.22350012068999997,0.18290009876600002,0.154900083646,0.106700057618,0.1526200824148,0.175900094986,0.22992304082504167,0.209550113157,0.265450143343,0.3469301873422,0.41400022355999994,2023-01-27
01-28,1,28,0.26420014266799996,0.330200178308,0.114300061722,0.34540018651599996,0.208300112482,0.386100208494,0.297200160488,0.246400133056,0.170200091908,0.20570011107800001,0.25150013581,0.18290009876600002,0.147300079542,0.106700057618,0.26420014266799996,0.1600000864,0.203200109728,0.368300198882,0.41910022631399996,0.218400117936,0.213400115236,0.228600123444,0.18290009876600002,0.195600105624,0.18540010011600003,0.18290009876600002,0.32510017555399995,0.34540018651599996,0.154900083646,0.25150013581,0.26420014266799996,0.18030009736199998,0.35050018927,0.170200091908,0.16260008780399998,0.1600000864,0.14220007678799998,0.203200109728,0.398800215352,0.19050010287,0.226100122094,0.271800146772,0.12950006993,0.25650013851000003,0.299700161838,0.22350012068999997,0.18290009876600002,0.154900083646,0.106700057618,0.1526200824148,0.1777750959985,0.23172304179704165,0.210850113859,0.266100143694,0.3469301873422,0.41910022631399996,2023-01-28
01-29,1,29,0.26420014266799996,0.330200178308,0.114300061722,0.34540018651599996,0.213400115236,0.386100208494,0.297200160488,0.246400133056,0.19300010422,0.20570011107800001,0.25150013581,0.18800010152,0.149900080946,0.106700057618,0.26420014266799996,0.1600000864,0.203200109728,0.38100020574,0.42160022766399996,0.218400117936,0.213400115236,0.228600123444,0.18290009876600002,0.213400115236,0.19300010422,0.18290009876600002,0.32510017555399995,0.355600192024,0.154900083646,0.276900149526,0.26920014536799997,0.18030009736199998,0.35050018927,0.170200091908,0.16260008780399998,0.1600000864,0.14220007678799998,0.203200109728,0.398800215352,0.19050010287,0.226100122094,0.274300148122,0.137200074088,0.25650013851000003,0.304800164592,0.22350012068999997,0.18290009876600002,0.15750008505,0.106700057618,0.15340008283599998,0.182250098415,0.23452929331241665,0.213400115236,0.274950148473,0.3520301900962,0.42160022766399996,2023-01-29
01-30,1,30,0.274300148122,0.330200178308,0.116800063072,0.34540018651599996,0.213400115236,0.386100208494,0.299700161838,0.246400133056,0.19300010422,0.215900116586,0.25150013581,0.195600105624,0.149900080946,0.106700057618,0.26420014266799996,0.16260008780399998,0.203200109728,0.38350020709000004,0.42160022766399996,0.218400117936,0.213400115236,0.228600123444,0.18540010011600003,0.213400115236,0.198100106974,0.18290009876600002,0.32510017555399995,0.36070019477799997,0.154900083646,0.28450015363,0.26920014536799997,0.18030009736199998,0.35050018927,0.170200091908,0.16760009050400002,0.177800096012,0.14220007678799998,0.213400115236,0.398800215352,0.19050010287,0.226100122094,0.274300148122,0.13970007543799998,0.25650013851000003,0.309900167346,0.22350012068999997,0.18290009876600002,0.15750008505,0.106700057618,0.15340008283599998,0.182250098415,0.23658971109170834,0.214650115911,0.276850149499,0.35356019092240004,0.42160022766399996,2023-01-30
01-31,1,31,0.274300148122,0.330200178308,0.12950006993,0.34540018651599996,0.215900116586,0.386100208494,0.299700161838,0.25150013581,0.19300010422,0.226100122094,0.25150013581,0.203200109728,0.149900080946,0.109200058968,0.26420014266799996,0.16260008780399998,0.203200109728,0.40390021810599996,0.42160022766399996,0.22100011934000002,0.213400115236,0.228600123444,0.18540010011600003,0.213400115236,0.198100106974,0.19050010287,0.330200178308,0.36580019753200005,0.154900083646,0.28960015638400005,0.26920014536799997,0.18030009736199998,0.35050018927,0.170200091908,0.177800096012,0.18540010011600003,0.14480007819200003,0.226100122094,0.398800215352,0.19050010287,0.226100122094,0.274300148122,0.14220007678799998,0.25650013851000003,0.309900167346,0.22350012068999997,0.18290009876600002,0.15750008505,0.109200058968,0.15340008283599998,0.18477509977850004,0.23913346246533332,0.222250120015,0.2781251501875,0.35509019174860007,0.42160022766399996,2023-01-31
02-01,2,1,0.274300148122,0.337800182412,0.13970007543799998,0.35050018927,0.215900116586,0.386100208494,0.299700161838,0.25400013716000003,0.195600105624,0.231100124794,0.25150013581,0.20570011107800001,0.149900080946,0.109200058968,0.26420014266799996,0.16260008780399998,0.20570011107800001,0.406400219456,0.42160022766399996,0.22100011934000002,0.213400115236,0.228600123444,0.18540010011600003,0.213400115236,0.203200109728,0.19050010287,0.330200178308,0.375900202986,0.1600000864,0.302300163242,0.26920014536799997,0.18540010011600003,0.355600192024,0.170200091908,0.177800096012,0.18540010011600003,0.14480007819200003,0.236200127548,0.398800215352,0.19050010287,0.226100122094,0.276900149526,0.14220007678799998,0.25650013851000003,0.309900167346,0.22350012068999997,0.18290009876600002,0.15750008505,0.109200058968,0.15522008381879998,0.18540010011600003,0.2411417968831667,0.222250120015,0.282600152604,0.3616901953126001,0.42160022766399996,2023-02-01
02-02,2,2,0.274300148122,0.337800182412,0.13970007543799998,0.35310019067400006,0.215900116586,0.386100208494,0.299700161838,0.25650013851000003,0.195600105624,0.231100124794,0.26670014401799996,0.213400115236,0.149900080946,0.109200058968,0.26920014536799997,0.16260008780399998,0.20570011107800001,0.406400219456,0.42160022766399996,0.22100011934000002,0.215900116586,0.228600123444,0.18540010011600003,0.213400115236,0.208300112482,0.19050010287,0.330200178308,0.388600209844,0.16260008780399998,0.309900167346,0.26920014536799997,0.18540010011600003,0.355600192024,0.17270009325799998,0.177800096012,0.18540010011600003,0.14480007819200003,0.24380013165199996,0.398800215352,0.19300010422,0.226100122094,0.27940015087599995,0.14220007678799998,0.25650013851000003,0.309900167346,0.22350012068999997,0.18800010152,0.15750008505,0.109200058968,0.15522008381879998,0.18540010011600003,0.2428855478247917,0.222250120015,0.2844751536165,0.36475019696500016,0.42160022766399996,2023-02-02
02-03,2,3,0.27940015087599995,0.337800182412,0.16260008780399998,0.36320019612800003,0.215900116586,0.386100208494,0.299700161838,0.261600141264,0.195600105624,0.231100124794,0.28960015638400005,0.213400115236,0.149900080946,0.109200058968,0.271800146772,0.16260008780399998,0.20570011107800001,0.406400219456,0.439400237276,0.22350012068999997,0.215900116586,0.228600123444,0.18540010011600003,0.213400115236,0.226100122094,0.19300010422,0.330200178308,0.393700212598,0.16260008780399998,0.312400168696,0.26920014536799997,0.18540010011600003,0.355600192024,0.17270009325799998,0.177800096012,0.18540010011600003,0.14480007819200003,0.24380013165199996,0.398800215352,0.19300010422,0.228600123444,0.27940015087599995,0.14220007678799998,0.25650013851000003,0.309900167346,0.23370012619799999,0.18800010152,0.15750008505,0.109200058968,0.16107008697779998,0.18540010011600003,0.24558554928279164,0.227350122769,0.29212515774750003,0.3700701998378001,0.439400237276,2023-02-03
02-04,2,4,0.27940015087599995,0.337800182412,0.165100089154,0.37080020023200005,0.215900116586,0.386100208494,0.299700161838,0.26670014401799996,0.20070010837799998,0.231100124794,0.312400168696,0.215900116586,0.149900080946,0.109200058968,0.271800146772,0.16260008780399998,0.20570011107800001,0.41150022221,0.439400237276,0.22350012068999997,0.218400117936,0.228600123444,0.19300010422,0.213400115236,0.231100124794,0.195600105624,0.330200178308,0.396200213948,0.16260008780399998,0.330200178308,0.26920014536799997,0.18800010152,0.355600192024,0.17270009325799998,0.177800096012,0.18540010011600003,0.15750008505,0.24380013165199996,0.40130021670199995,0.195600105624,0.25400013716000003,0.27940015087599995,0.15750008505,0.25650013851000003,0.309900167346,0.236200127548,0.18800010152,0.15750008505,0.109200058968,0.16107008697779998,0.18800010152,0.2487584676628333,0.229850124119,0.30225016321500003,0.3753902027106001,0.439400237276,2023-02-04
02-05,2,5,0.27940015087599995,0.340400183816,0.165100089154,0.37080020023200005,0.215900116586,0.386100208494,0.299700161838,0.26920014536799997,0.20070010837799998,0.231100124794,0.31750017145000003,0.215900116586,0.149900080946,0.109200058968,0.271800146772,0.16260008780399998,0.20570011107800001,0.41910022631399996,0.439400237276,0.22350012068999997,0.218400117936,0.228600123444,0.195600105624,0.213400115236,0.231100124794,0.20070010837799998,0.330200178308,0.40130021670199995,0.16260008780399998,0.330200178308,0.26920014536799997,0.18800010152,0.355600192024,0.17270009325799998,0.177800096012,0.18800010152,0.17270009325799998,0.248900134406,0.406400219456,0.195600105624,0.26670014401799996,0.27940015087599995,0.1600000864,0.25650013851000003,0.309900167346,0.236200127548,0.19050010287,0.15750008505,0.109200058968,0.16260008780399998,0.1898751025325,0.2503480518545416,0.229850124119,0.30225016321500003,0.3753902027106001,0.439400237276,2023-02-05
02-06,2,6,0.28190015222599996,0.340400183816,0.165100089154,0.37080020023200005,0.215900116586,0.386100208494,0.299700161838,0.26920014536799997,0.20070010837799998,0.231100124794,0.3200001728,0.215900116586,0.149900080946,0.109200058968,0.271800146772,0.16260008780399998,0.20570011107800001,0.41910022631399996,0.44200023868000005,0.226100122094,0.218400117936,0.228600123444,0.195600105624,0.213400115236,0.231100124794,0.20570011107800001,0.330200178308,0.40390021810599996,0.16260008780399998,0.330200178308,0.26920014536799997,0.18800010152,0.375900202986,0.17270009325799998,0.177800096012,0.18800010152,0.170200091908,0.248900134406,0.40890022080599997,0.20570011107800001,0.276900149526,0.28450015363,0.17270009325799998,0.25650013851000003,0.312400168696,0.25650013851000003,0.20070010837799998,0.15750008505,0.109200058968,0.164350088749,0.193700104598,0.25262305308304167,0.229850124119,0.3028751635525,0.3789602046384001,0.44200023868000005,2023-02-06
02-07,2,7,0.28700015498,0.34290018516599996,0.165100089154,0.37080020023200005,0.215900116586,0.386100208494,0.299700161838,0.274300148122,0.20070010837799998,0.231100124794,0.3200001728,0.218400117936,0.149900080946,0.109200058968,0.276900149526,0.16760009050400002,0.20570011107800001,0.41910022631399996,0.44200023868000005,0.228600123444,0.22100011934000002,0.231100124794,0.195600105624,0.213400115236,0.231100124794,0.20570011107800001,0.337800182412,0.40390021810599996,0.16260008780399998,0.337800182412,0.274300148122,0.19050010287,0.375900202986,0.17270009325799998,0.177800096012,0.18800010152,0.16760009050400002,0.248900134406,0.40890022080599997,0.20570011107800001,0.276900149526,0.292100157734,0.175300094662,0.25650013851000003,0.3150001701,0.26420014266799996,0.20070010837799998,0.15750008505,0.109200058968,0.166850090099,0.19432510493549998,0.254156387244375,0.231100124794,0.30352516390350004,0.3789602046384001,0.44200023868000005,2023-02-07
02-08,2,8,0.297200160488,0.36580019753200005,0.165100089154,0.37080020023200005,0.215900116586,0.396200213948,0.299700161838,0.274300148122,0.20070010837799998,0.231100124794,0.3200001728,0.226100122094,0.149900080946,0.109200058968,0.276900149526,0.18540010011600003,0.208300112482,0.41910022631399996,0.44200023868000005,0.231100124794,0.228600123444,0.231100124794,0.20070010837799998,0.213400115236,0.231100124794,0.21080011383199998,0.3480001879199999,0.40390021810599996,0.16260008780399998,0.355600192024,0.274300148122,0.19050010287,0.416600224964,0.17270009325799998,0.177800096012,0.19300010422,0.165100089154,0.248900134406,0.42420022906800003,0.20570011107800001,0.28190015222599996,0.30730016594200005,0.175300094662,0.25650013851000003,0.31750017145000003,0.28450015363,0.22350012068999997,0.15750008505,0.109200058968,0.165100089154,0.19877510733849998,0.25923763998825006,0.231100124794,0.30985016731900006,0.39851021519540003,0.44200023868000005,2023-02-08
02-09,2,9,0.297200160488,0.36580019753200005,0.165100089154,0.37080020023200005,0.215900116586,0.396200213948,0.32510017555399995,0.274300148122,0.203200109728,0.236200127548,0.3200001728,0.228600123444,0.149900080946,0.109200058968,0.28190015222599996,0.20570011107800001,0.208300112482,0.41910022631399996,0.44200023868000005,0.23880012895200003,0.24380013165199996,0.231100124794,0.20070010837799998,0.218400117936,0.231100124794,0.215900116586,0.3480001879199999,0.406400219456,0.16260008780399998,0.355600192024,0.28190015222599996,0.19050010287,0.416600224964,0.17270009325799998,0.18030009736199998,0.218400117936,0.165100089154,0.248900134406,0.426700230418,0.20570011107800001,0.28190015222599996,0.30730016594200005,0.175300094662,0.25650013851000003,0.31750017145000003,0.28700015498,0.22350012068999997,0.15750008505,0.109200058968,0.165100089154,0.2050751107405,0.26208764152725,0.23750012825,0.3181251717875,0.39926021560040004,0.44200023868000005,2023-02-09
02-10,2,10,0.297200160488,0.36580019753200005,0.170200091908,0.37080020023200005,0.246400133056,0.396200213948,0.32770017695799997,0.276900149526,0.203200109728,0.259100139914,0.3200001728,0.231100124794,0.149900080946,0.109200058968,0.28450015363,0.208300112482,0.21080011383199998,0.41910022631399996,0.44200023868000005,0.23880012895200003,0.261600141264,0.231100124794,0.20070010837799998,0.218400117936,0.231100124794,0.215900116586,0.3480001879199999,0.406400219456,0.16760009050400002,0.355600192024,0.294600159084,0.19050010287,0.416600224964,0.175300094662,0.18290009876600002,0.236200127548,0.18540010011600003,0.248900134406,0.42160022766399996,0.20570011107800001,0.28190015222599996,0.30730016594200005,0.175300094662,0.25650013851000003,0.31750017145000003,0.28960015638400005,0.22350012068999997,0.15750008505,0.109200058968,0.1737700938358,0.2050751107405,0.2652168098836667,0.247650133731,0.3181251717875,0.39926021560040004,0.44200023868000005,2023-02-10
02-11,2,11,0.302300163242,0.36580019753200005,0.170200091908,0.37080020023200005,0.25150013581,0.398800215352,0.32770017695799997,0.276900149526,0.208300112482,0.26670014401799996,0.32510017555399995,0.23370012619799999,0.149900080946,0.109200058968,0.28960015638400005,0.236200127548,0.213400115236,0.41910022631399996,0.44200023868000005,0.23880012895200003,0.271800146772,0.23370012619799999,0.20070010837799998,0.218400117936,0.231100124794,0.215900116586,0.3480001879199999,0.406400219456,0.170200091908,0.355600192024,0.299700161838,0.19050010287,0.416600224964,0.175300094662,0.18290009876600002,0.236200127548,0.18540010011600003,0.248900134406,0.44450024003,0.208300112482,0.28700015498,0.309900167346,0.175300094662,0.25650013851000003,0.31750017145000003,0.28960015638400005,0.22350012068999997,0.1600000864,0.109200058968,0.1737700938358,0.208300112482,0.26782097795658333,0.250200135108,0.319400172476,0.40108021658320003,0.44450024003,2023-02-11
02-12,2,12,0.30730016594200005,0.36580019753200005,0.170200091908,0.37080020023200005,0.25150013581,0.398800215352,0.32770017695799997,0.27940015087599995,0.208300112482,0.26670014401799996,0.330200178308,0.23370012619799999,0.149900080946,0.111800060372,0.28960015638400005,0.24380013165199996,0.231100124794,0.41910022631399996,0.44200023868000005,0.24380013165199996,0.271800146772,0.23880012895200003,0.203200109728,0.218400117936,0.231100124794,0.215900116586,0.35050018927,0.406400219456,0.18800010152,0.355600192024,0.299700161838,0.19300010422,0.416600224964,0.177800096012,0.18290009876600002,0.23880012895200003,0.18540010011600003,0.248900134406,0.457200246888,0.208300112482,0.292100157734,0.312400168696,0.18030009736199998,0.25650013851000003,0.31750017145000003,0.28960015638400005,0.226100122094,0.175300094662,0.111800060372,0.179550096957,0.208300112482,0.27040847935383333,0.250200135108,0.320050172827,0.40108021658320003,0.457200246888,2023-02-12
02-13,2,13,0.309900167346,0.36580019753200005,0.170200091908,0.37080020023200005,0.25150013581,0.398800215352,0.32770017695799997,0.28700015498,0.21080011383199998,0.26670014401799996,0.332700179658,0.248900134406,0.154900083646,0.116800063072,0.28960015638400005,0.24380013165199996,0.25150013581,0.41910022631399996,0.44450024003,0.24380013165199996,0.274300148122,0.25150013581,0.21080011383199998,0.218400117936,0.23370012619799999,0.215900116586,0.35050018927,0.406400219456,0.19050010287,0.355600192024,0.299700161838,0.198100106974,0.416600224964,0.18800010152,0.18290009876600002,0.24380013165199996,0.18290009876600002,0.248900134406,0.457200246888,0.208300112482,0.292100157734,0.312400168696,0.18540010011600003,0.25650013851000003,0.31750017145000003,0.28960015638400005,0.226100122094,0.177800096012,0.116800063072,0.18290009876600002,0.21080011383199998,0.27283764733225,0.25150013581,0.320050172827,0.40108021658320003,0.457200246888,2023-02-13
02-14,2,14,0.3150001701,0.368300198882,0.170200091908,0.37080020023200005,0.261600141264,0.40890022080599997,0.335300181062,0.30730016594200005,0.231100124794,0.27940015087599995,0.332700179658,0.25150013581,0.1600000864,0.11940006447600002,0.28960015638400005,0.246400133056,0.271800146772,0.41910022631399996,0.44450024003,0.24380013165199996,0.274300148122,0.25650013851000003,0.215900116586,0.218400117936,0.23370012619799999,0.215900116586,0.35310019067400006,0.406400219456,0.19300010422,0.36320019612800003,0.302300163242,0.20570011107800001,0.416600224964,0.19050010287,0.18290009876600002,0.25650013851000003,0.177800096012,0.248900134406,0.457200246888,0.208300112482,0.304800164592,0.312400168696,0.20070010837799998,0.25650013851000003,0.31750017145000003,0.28960015638400005,0.236200127548,0.177800096012,0.11940006447600002,0.18137009793980002,0.215900116586,0.277068899617125,0.259050139887,0.321300173502,0.40715021986100003,0.457200246888,2023-02-14
02-15,2,15,0.332700179658,0.375900202986,0.170200091908,0.37080020023200005,0.26420014266799996,0.42160022766399996,0.335300181062,0.3150001701,0.23370012619799999,0.27940015087599995,0.332700179658,0.25650013851000003,0.1600000864,0.12190006582599998,0.28960015638400005,0.246400133056,0.292100157734,0.42160022766399996,0.44700024137999994,0.24380013165199996,0.276900149526,0.271800146772,0.215900116586,0.22350012068999997,0.24380013165199996,0.215900116586,0.36580019753200005,0.406400219456,0.195600105624,0.36320019612800003,0.304800164592,0.20570011107800001,0.416600224964,0.19050010287,0.18540010011600003,0.261600141264,0.17270009325799998,0.25400013716000003,0.457200246888,0.21080011383199998,0.3200001728,0.312400168696,0.20070010837799998,0.25650013851000003,0.322600174204,0.294600159084,0.25400013716000003,0.177800096012,0.12190006582599998,0.18312009888480002,0.215900116586,0.280981401729875,0.26800014472,0.332700179658,0.4094602211084001,0.457200246888,2023-02-15
02-16,2,16,0.337800182412,0.38350020709000004,0.170200091908,0.37080020023200005,0.26420014266799996,0.42160022766399996,0.335300181062,0.330200178308,0.236200127548,0.28190015222599996,0.332700179658,0.25650013851000003,0.1600000864,0.12190006582599998,0.28960015638400005,0.246400133056,0.294600159084,0.42160022766399996,0.44960024278399996,0.25150013581,0.276900149526,0.274300148122,0.215900116586,0.22350012068999997,0.248900134406,0.215900116586,0.375900202986,0.41400022355999994,0.20070010837799998,0.36320019612800003,0.30730016594200005,0.21080011383199998,0.416600224964,0.19050010287,0.18540010011600003,0.261600141264,0.170200091908,0.25400013716000003,0.457200246888,0.218400117936,0.335300181062,0.312400168696,0.22350012068999997,0.25650013851000003,0.322600174204,0.304800164592,0.25650013851000003,0.177800096012,0.12190006582599998,0.18312009888480002,0.22222512000149997,0.28388973663370837,0.269250145395,0.335300181062,0.41478022398119996,0.457200246888,2023-02-16
02-17,2,17,0.34290018516599996,0.391200211248,0.170200091908,0.38350020709000004,0.26420014266799996,0.426700230418,0.335300181062,0.3480001879199999,0.241300130302,0.292100157734,0.332700179658,0.261600141264,0.16760009050400002,0.12450006723,0.28960015638400005,0.246400133056,0.302300163242,0.42160022766399996,0.452100244134,0.25400013716000003,0.276900149526,0.27940015087599995,0.215900116586,0.22350012068999997,0.25650013851000003,0.215900116586,0.375900202986,0.41910022631399996,0.20570011107800001,0.36320019612800003,0.309900167346,0.21080011383199998,0.431800233172,0.19050010287,0.18540010011600003,0.274300148122,0.170200091908,0.25400013716000003,0.457200246888,0.218400117936,0.335300181062,0.332700179658,0.228600123444,0.261600141264,0.322600174204,0.312400168696,0.26920014536799997,0.18290009876600002,0.12450006723,0.18465009971100002,0.22222512000149997,0.2880751555605,0.27560014882399997,0.33720018208799996,0.41985022671899996,0.457200246888,2023-02-17
02-18,2,18,0.34540018651599996,0.398800215352,0.17270009325799998,0.38350020709000004,0.26420014266799996,0.426700230418,0.337800182412,0.37080020023200005,0.246400133056,0.292100157734,0.332700179658,0.27940015087599995,0.175300094662,0.12950006993,0.28960015638400005,0.259100139914,0.302300163242,0.42420022906800003,0.454700245538,0.25400013716000003,0.292100157734,0.28190015222599996,0.215900116586,0.22350012068999997,0.259100139914,0.215900116586,0.37850020439,0.41910022631399996,0.20570011107800001,0.36320019612800003,0.322600174204,0.213400115236,0.431800233172,0.19050010287,0.18800010152,0.274300148122,0.170200091908,0.25400013716000003,0.459700248238,0.218400117936,0.335300181062,0.332700179658,0.23370012619799999,0.261600141264,0.322600174204,0.312400168696,0.28450015363,0.208300112482,0.12950006993,0.189750102465,0.22222512000149997,0.29183557425779166,0.28320015292799994,0.339700183438,0.4206302271402,0.459700248238,2023-02-18
02-19,2,19,0.3480001879199999,0.434300234522,0.17270009325799998,0.38350020709000004,0.28450015363,0.426700230418,0.337800182412,0.391200211248,0.246400133056,0.292100157734,0.337800182412,0.28450015363,0.177800096012,0.12950006993,0.292100157734,0.274300148122,0.302300163242,0.426700230418,0.454700245538,0.25400013716000003,0.297200160488,0.28700015498,0.218400117936,0.231100124794,0.259100139914,0.215900116586,0.38100020574,0.41910022631399996,0.20570011107800001,0.36320019612800003,0.322600174204,0.213400115236,0.431800233172,0.19050010287,0.18800010152,0.274300148122,0.170200091908,0.27940015087599995,0.462300249642,0.228600123444,0.335300181062,0.332700179658,0.23370012619799999,0.261600141264,0.322600174204,0.31750017145000003,0.28700015498,0.231100124794,0.12950006993,0.189750102465,0.231100124794,0.29606682654266664,0.28700015498,0.34035018378899995,0.426700230418,0.462300249642,2023-02-19
02-20,2,20,0.3480001879199999,0.44450024003,0.17270009325799998,0.38350020709000004,0.28700015498,0.426700230418,0.340400183816,0.41910022631399996,0.246400133056,0.292100157734,0.35050018927,0.28450015363,0.177800096012,0.12950006993,0.309900167346,0.274300148122,0.302300163242,0.44450024003,0.457200246888,0.25650013851000003,0.30730016594200005,0.28700015498,0.22100011934000002,0.23370012619799999,0.261600141264,0.22350012068999997,0.38350020709000004,0.42420022906800003,0.213400115236,0.368300198882,0.322600174204,0.213400115236,0.44450024003,0.195600105624,0.18800010152,0.28700015498,0.170200091908,0.27940015087599995,0.472400255096,0.23370012619799999,0.337800182412,0.332700179658,0.236200127548,0.261600141264,0.322600174204,0.32510017555399995,0.28700015498,0.231100124794,0.12950006993,0.19332010439279998,0.23370012619799999,0.3002459954660833,0.28700015498,0.34862518825749994,0.4320402333016001,0.472400255096,2023-02-20
02-21,2,21,0.3480001879199999,0.452100244134,0.17270009325799998,0.38350020709000004,0.28700015498,0.426700230418,0.355600192024,0.42160022766399996,0.246400133056,0.292100157734,0.358100193374,0.28450015363,0.177800096012,0.13970007543799998,0.32770017695799997,0.27940015087599995,0.302300163242,0.46480025099199995,0.462300249642,0.25650013851000003,0.30730016594200005,0.28700015498,0.228600123444,0.248900134406,0.261600141264,0.226100122094,0.391200211248,0.426700230418,0.213400115236,0.37080020023200005,0.322600174204,0.213400115236,0.452100244134,0.195600105624,0.195600105624,0.28960015638400005,0.170200091908,0.28190015222599996,0.47750025784999994,0.23370012619799999,0.337800182412,0.332700179658,0.24380013165199996,0.261600141264,0.322600174204,0.335300181062,0.28960015638400005,0.231100124794,0.13970007543799998,0.195600105624,0.24127513028849995,0.3038980807715417,0.28960015638400005,0.3562251923615,0.4343202345328001,0.47750025784999994,2023-02-21
02-22,2,22,0.358100193374,0.452100244134,0.17270009325799998,0.38350020709000004,0.28700015498,0.426700230418,0.36070019477799997,0.42160022766399996,0.246400133056,0.292100157734,0.358100193374,0.28450015363,0.177800096012,0.13970007543799998,0.337800182412,0.28190015222599996,0.299700161838,0.46480025099199995,0.462300249642,0.25650013851000003,0.32510017555399995,0.28960015638400005,0.228600123444,0.248900134406,0.26420014266799996,0.228600123444,0.393700212598,0.426700230418,0.213400115236,0.373400201636,0.322600174204,0.215900116586,0.452100244134,0.20070010837799998,0.198100106974,0.28960015638400005,0.177800096012,0.28450015363,0.490200264708,0.23370012619799999,0.337800182412,0.332700179658,0.24380013165199996,0.26420014266799996,0.335300181062,0.340400183816,0.28960015638400005,0.231100124794,0.13970007543799998,0.1999201079568,0.24127513028849995,0.3061730820000417,0.28960015638400005,0.358750193725,0.4343202345328001,0.490200264708,2023-02-22
02-23,2,23,0.36580019753200005,0.452100244134,0.17270009325799998,0.38350020709000004,0.28700015498,0.431800233172,0.36580019753200005,0.431800233172,0.246400133056,0.292100157734,0.358100193374,0.28450015363,0.177800096012,0.149900080946,0.3480001879199999,0.28190015222599996,0.297200160488,0.472400255096,0.462300249642,0.26670014401799996,0.32770017695799997,0.292100157734,0.236200127548,0.248900134406,0.27940015087599995,0.228600123444,0.393700212598,0.426700230418,0.213400115236,0.375900202986,0.322600174204,0.215900116586,0.452100244134,0.22350012068999997,0.20070010837799998,0.297200160488,0.177800096012,0.28700015498,0.50550027297,0.236200127548,0.337800182412,0.332700179658,0.24380013165199996,0.26920014536799997,0.35050018927,0.340400183816,0.28960015638400005,0.231100124794,0.149900080946,0.2095901131786,0.24190013062599997,0.30966683388666666,0.292100157734,0.36580019753200005,0.4378902364606001,0.50550027297,2023-02-23
02-24,2,24,0.37080020023200005,0.452100244134,0.175300094662,0.38350020709000004,0.28700015498,0.431800233172,0.368300198882,0.434300234522,0.248900134406,0.292100157734,0.358100193374,0.28450015363,0.177800096012,0.149900080946,0.36070019477799997,0.28450015363,0.294600159084,0.47750025784999994,0.462300249642,0.26920014536799997,0.32770017695799997,0.292100157734,0.23880012895200003,0.25150013581,0.28450015363,0.231100124794,0.396200213948,0.426700230418,0.226100122094,0.37850020439,0.32510017555399995,0.215900116586,0.454700245538,0.228600123444,0.208300112482,0.297200160488,0.177800096012,0.28700015498,0.5080002743200001,0.23880012895200003,0.337800182412,0.332700179658,0.24380013165199996,0.276900149526,0.35050018927,0.340400183816,0.28960015638400005,0.231100124794,0.149900080946,0.2136201153548,0.24255013097699998,0.31167933497341666,0.292100157734,0.3689251992195,0.4396402374056001,0.5080002743200001,2023-02-24
02-25,2,25,0.375900202986,0.452100244134,0.19050010287,0.38350020709000004,0.28700015498,0.434300234522,0.37080020023200005,0.434300234522,0.261600141264,0.292100157734,0.358100193374,0.28450015363,0.18030009736199998,0.149900080946,0.36580019753200005,0.28960015638400005,0.292100157734,0.47750025784999994,0.462300249642,0.28190015222599996,0.330200178308,0.304800164592,0.241300130302,0.259100139914,0.28700015498,0.231100124794,0.396200213948,0.426700230418,0.228600123444,0.40390021810599996,0.32510017555399995,0.215900116586,0.462300249642,0.228600123444,0.208300112482,0.297200160488,0.177800096012,0.28700015498,0.513100277074,0.241300130302,0.337800182412,0.335300181062,0.246400133056,0.27940015087599995,0.355600192024,0.340400183816,0.292100157734,0.241300130302,0.149900080946,0.2136201153548,0.2451251323675,0.314956420076375,0.292100157734,0.37207520092050006,0.4396402374056001,0.513100277074,2023-02-25
02-26,2,26,0.37850020439,0.457200246888,0.19050010287,0.38350020709000004,0.28700015498,0.439400237276,0.37850020439,0.439400237276,0.261600141264,0.292100157734,0.358100193374,0.28450015363,0.18030009736199998,0.149900080946,0.36580019753200005,0.294600159084,0.292100157734,0.48770026335800004,0.462300249642,0.28700015498,0.337800182412,0.309900167346,0.241300130302,0.26420014266799996,0.292100157734,0.231100124794,0.398800215352,0.426700230418,0.236200127548,0.41150022221,0.330200178308,0.218400117936,0.497800268812,0.23370012619799999,0.21080011383199998,0.297200160488,0.177800096012,0.28700015498,0.5258002839320001,0.24380013165199996,0.337800182412,0.337800182412,0.248900134406,0.28190015222599996,0.36320019612800003,0.340400183816,0.292100157734,0.25400013716000003,0.149900080946,0.2161201167048,0.2527251364715,0.31871267210475,0.29335015840900003,0.37850020439,0.44474024015960006,0.5258002839320001,2023-02-26
02-27,2,27,0.37850020439,0.46480025099199995,0.19300010422,0.38350020709000004,0.30730016594200005,0.439400237276,0.37850020439,0.439400237276,0.261600141264,0.292100157734,0.36320019612800003,0.28450015363,0.18030009736199998,0.149900080946,0.36580019753200005,0.294600159084,0.28960015638400005,0.490200264708,0.462300249642,0.28960015638400005,0.340400183816,0.309900167346,0.24380013165199996,0.26420014266799996,0.294600159084,0.248900134406,0.40130021670199995,0.426700230418,0.241300130302,0.41150022221,0.330200178308,0.218400117936,0.497800268812,0.241300130302,0.213400115236,0.297200160488,0.18030009736199998,0.28700015498,0.5258002839320001,0.24380013165199996,0.337800182412,0.337800182412,0.259100139914,0.28190015222599996,0.36320019612800003,0.355600192024,0.292100157734,0.261600141264,0.149900080946,0.216900117126,0.2609751409265,0.3211460067520833,0.29590015978600004,0.37850020439,0.4462702409858001,0.5258002839320001,2023-02-27
02-28,2,28,0.37850020439,0.469900253746,0.19300010422,0.38350020709000004,0.322600174204,0.439400237276,0.37850020439,0.439400237276,0.261600141264,0.292100157734,0.36320019612800003,0.28450015363,0.18290009876600002,0.149900080946,0.36580019753200005,0.297200160488,0.28190015222599996,0.490200264708,0.4750002565,0.28960015638400005,0.340400183816,0.312400168696,0.246400133056,0.26420014266799996,0.297200160488,0.25400013716000003,0.40130021670199995,0.41910022631399996,0.26420014266799996,0.41150022221,0.332700179658,0.218400117936,0.497800268812,0.241300130302,0.213400115236,0.309900167346,0.18290009876600002,0.28700015498,0.5613003031020001,0.24380013165199996,0.337800182412,0.340400183816,0.259100139914,0.28190015222599996,0.36320019612800003,0.36070019477799997,0.28960015638400005,0.261600141264,0.149900080946,0.216900117126,0.261600141264,0.32358767473725,0.303550163917,0.37850020439,0.44855024221700013,0.5613003031020001,2023-02-28
03-01,3,1,0.38350020709000004,0.472400255096,0.195600105624,0.38350020709000004,0.32510017555399995,0.439400237276,0.37850020439,0.434300234522,0.261600141264,0.292100157734,0.36320019612800003,0.28450015363,0.198100106974,0.149900080946,0.36580019753200005,0.297200160488,0.28190015222599996,0.490200264708,0.482600260604,0.28960015638400005,0.34290018516599996,0.3150001701,0.246400133056,0.26420014266799996,0.299700161838,0.261600141264,0.40390021810599996,0.44700024137999994,0.26670014401799996,0.41400022355999994,0.332700179658,0.218400117936,0.497800268812,0.25150013581,0.22100011934000002,0.322600174204,0.18540010011600003,0.28700015498,0.5613003031020001,0.24380013165199996,0.34540018651599996,0.340400183816,0.259100139914,0.28190015222599996,0.38350020709000004,0.36580019753200005,0.28960015638400005,0.261600141264,0.149900080946,0.22022011891880003,0.261600141264,0.326650176391,0.307350165969,0.38350020709000004,0.45462024549480007,0.5613003031020001,2023-03-01
03-02,3,2,0.38350020709000004,0.472400255096,0.195600105624,0.38350020709000004,0.330200178308,0.439400237276,0.37850020439,0.426700230418,0.261600141264,0.292100157734,0.36320019612800003,0.28450015363,0.20570011107800001,0.149900080946,0.36580019753200005,0.297200160488,0.292100157734,0.495300267462,0.48510026195399997,0.292100157734,0.35050018927,0.31750017145000003,0.246400133056,0.26420014266799996,0.299700161838,0.26420014266799996,0.40390021810599996,0.452100244134,0.274300148122,0.41400022355999994,0.332700179658,0.22100011934000002,0.497800268812,0.26920014536799997,0.22100011934000002,0.330200178308,0.18540010011600003,0.28960015638400005,0.5613003031020001,0.24380013165199996,0.35310019067400006,0.340400183816,0.259100139914,0.28190015222599996,0.38350020709000004,0.36580019753200005,0.28700015498,0.261600141264,0.149900080946,0.22100011934000002,0.26420014266799996,0.32845017736300003,0.30860016664400003,0.38350020709000004,0.4581902474226001,0.5613003031020001,2023-03-02
03-03,3,3,0.38350020709000004,0.472400255096,0.195600105624,0.40130021670199995,0.335300181062,0.44700024137999994,0.393700212598,0.426700230418,0.261600141264,0.292100157734,0.388600209844,0.28450015363,0.22100011934000002,0.149900080946,0.36580019753200005,0.297200160488,0.292100157734,0.495300267462,0.495300267462,0.292100157734,0.35050018927,0.3200001728,0.246400133056,0.26420014266799996,0.304800164592,0.26670014401799996,0.40390021810599996,0.452100244134,0.28190015222599996,0.42160022766399996,0.332700179658,0.22100011934000002,0.497800268812,0.26920014536799997,0.22100011934000002,0.330200178308,0.198100106974,0.292100157734,0.5613003031020001,0.24380013165199996,0.36320019612800003,0.3480001879199999,0.259100139914,0.28190015222599996,0.38350020709000004,0.36580019753200005,0.28700015498,0.274300148122,0.149900080946,0.22100011934000002,0.26857514503049995,0.3319397625807083,0.31240016869599996,0.3898752105325,0.4581902474226001,0.5613003031020001,2023-03-03
03-04,3,4,0.38350020709000004,0.482600260604,0.198100106974,0.40890022080599997,0.337800182412,0.44700024137999994,0.398800215352,0.42160022766399996,0.261600141264,0.297200160488,0.391200211248,0.28700015498,0.226100122094,0.149900080946,0.36580019753200005,0.297200160488,0.30730016594200005,0.495300267462,0.497800268812,0.299700161838,0.35050018927,0.3200001728,0.246400133056,0.26420014266799996,0.302300163242,0.26920014536799997,0.40390021810599996,0.452100244134,0.28190015222599996,0.42420022906800003,0.332700179658,0.22100011934000002,0.50550027297,0.276900149526,0.228600123444,0.332700179658,0.203200109728,0.294600159084,0.5613003031020001,0.24380013165199996,0.368300198882,0.3480001879199999,0.259100139914,0.28190015222599996,0.388600209844,0.386100208494,0.292100157734,0.28450015363,0.149900080946,0.22785012303899999,0.2749751484865,0.33495851421083334,0.313650169371,0.393100212274,0.4612502490750002,0.5613003031020001,2023-03-04
03-05,3,5,0.38350020709000004,0.482600260604,0.198100106974,0.41910022631399996,0.34540018651599996,0.452100244134,0.40130021670199995,0.42160022766399996,0.261600141264,0.297200160488,0.391200211248,0.294600159084,0.23370012619799999,0.149900080946,0.36580019753200005,0.297200160488,0.309900167346,0.497800268812,0.500400270216,0.299700161838,0.355600192024,0.3200001728,0.246400133056,0.26420014266799996,0.312400168696,0.26920014536799997,0.40390021810599996,0.454700245538,0.28190015222599996,0.429300231822,0.332700179658,0.226100122094,0.50550027297,0.276900149526,0.228600123444,0.337800182412,0.20070010837799998,0.297200160488,0.5613003031020001,0.25400013716000003,0.368300198882,0.35310019067400006,0.261600141264,0.28190015222599996,0.398800215352,0.396200213948,0.304800164592,0.28450015363,0.149900080946,0.23217012537179998,0.2749751484865,0.33771476569920833,0.316200170748,0.39942521568949996,0.4630702500578001,0.5613003031020001,2023-03-05
03-06,3,6,0.396200213948,0.482600260604,0.20070010837799998,0.41910022631399996,0.35050018927,0.452100244134,0.40130021670199995,0.41910022631399996,0.261600141264,0.297200160488,0.391200211248,0.30730016594200005,0.248900134406,0.15750008505,0.36580019753200005,0.297200160488,0.312400168696,0.500400270216,0.50550027297,0.30730016594200005,0.358100193374,0.3200001728,0.248900134406,0.26420014266799996,0.3150001701,0.271800146772,0.40390021810599996,0.457200246888,0.28190015222599996,0.434300234522,0.34290018516599996,0.23880012895200003,0.50550027297,0.276900149526,0.228600123444,0.337800182412,0.20070010837799998,0.297200160488,0.57400030996,0.25400013716000003,0.373400201636,0.35310019067400006,0.261600141264,0.28450015363,0.41910022631399996,0.40390021810599996,0.309900167346,0.28960015638400005,0.15750008505,0.24587013276980002,0.2756251488375,0.34126476761620833,0.31750017145,0.40390021810599996,0.4648202510028001,0.57400030996,2023-03-06
03-07,3,7,0.396200213948,0.490200264708,0.20070010837799998,0.42160022766399996,0.35050018927,0.452100244134,0.40130021670199995,0.41400022355999994,0.261600141264,0.297200160488,0.391200211248,0.309900167346,0.25150013581,0.1600000864,0.36580019753200005,0.297200160488,0.312400168696,0.5334002880359999,0.5080002743200001,0.312400168696,0.358100193374,0.3200001728,0.248900134406,0.26420014266799996,0.322600174204,0.271800146772,0.40390021810599996,0.457200246888,0.28190015222599996,0.43690023592599997,0.3480001879199999,0.23880012895200003,0.518200279828,0.276900149526,0.228600123444,0.34540018651599996,0.198100106974,0.297200160488,0.586700316818,0.25400013716000003,0.38100020574,0.35310019067400006,0.261600141264,0.28960015638400005,0.434300234522,0.406400219456,0.3150001701,0.304800164592,0.1600000864,0.24587013276980002,0.2756251488375,0.3443835193003333,0.321300173502,0.4045252184435,0.46710025223400015,0.586700316818,2023-03-07
03-08,3,8,0.396200213948,0.490200264708,0.20070010837799998,0.42160022766399996,0.355600192024,0.452100244134,0.406400219456,0.41400022355999994,0.261600141264,0.3150001701,0.391200211248,0.309900167346,0.25150013581,0.1600000864,0.36580019753200005,0.297200160488,0.3150001701,0.535900289386,0.5080002743200001,0.312400168696,0.36580019753200005,0.3200001728,0.248900134406,0.274300148122,0.32510017555399995,0.28190015222599996,0.40390021810599996,0.46740025239599997,0.27940015087599995,0.43690023592599997,0.3480001879199999,0.241300130302,0.518200279828,0.28190015222599996,0.228600123444,0.35310019067400006,0.195600105624,0.299700161838,0.586700316818,0.25650013851000003,0.388600209844,0.35310019067400006,0.25400013716000003,0.28960015638400005,0.434300234522,0.406400219456,0.3150001701,0.304800164592,0.1600000864,0.2466201331748,0.28127515188849994,0.3462356036337917,0.32255017417699994,0.406400219456,0.4742402560896001,0.586700316818,2023-03-08
03-09,3,9,0.396200213948,0.5156002784239999,0.203200109728,0.42160022766399996,0.355600192024,0.452100244134,0.406400219456,0.434300234522,0.26420014266799996,0.3200001728,0.391200211248,0.309900167346,0.25400013716000003,0.1600000864,0.36580019753200005,0.297200160488,0.32510017555399995,0.53850029079,0.5105002756699999,0.312400168696,0.368300198882,0.3200001728,0.248900134406,0.28190015222599996,0.32510017555399995,0.28190015222599996,0.40390021810599996,0.4750002565,0.28700015498,0.44200023868000005,0.3480001879199999,0.24380013165199996,0.518200279828,0.28190015222599996,0.236200127548,0.35310019067400006,0.18800010152,0.299700161838,0.586700316818,0.25650013851000003,0.406400219456,0.355600192024,0.248900134406,0.302300163242,0.43690023592599997,0.41400022355999994,0.3150001701,0.304800164592,0.1600000864,0.2473701335798,0.28190015222599996,0.34924602192608334,0.32510017555399995,0.408300220482,0.4856502622510001,0.586700316818,2023-03-09
03-10,3,10,0.396200213948,0.5156002784239999,0.20570011107800001,0.42160022766399996,0.355600192024,0.452100244134,0.406400219456,0.44450024003,0.26670014401799996,0.322600174204,0.388600209844,0.309900167346,0.25400013716000003,0.1600000864,0.36580019753200005,0.297200160488,0.32770017695799997,0.53850029079,0.513100277074,0.31750017145000003,0.388600209844,0.322600174204,0.248900134406,0.28190015222599996,0.32510017555399995,0.28190015222599996,0.40390021810599996,0.480100259254,0.28700015498,0.44700024137999994,0.36580019753200005,0.25150013581,0.518200279828,0.28190015222599996,0.246400133056,0.35310019067400006,0.18290009876600002,0.302300163242,0.586700316818,0.25650013851000003,0.41150022221,0.36070019477799997,0.25650013851000003,0.309900167346,0.44450024003,0.41400022355999994,0.3150001701,0.304800164592,0.1600000864,0.2507201353888,0.28190015222599996,0.351843939995625,0.32640017625599993,0.41212522254749995,0.4900002646000001,0.586700316818,2023-03-10
03-11,3,11,0.396200213948,0.5156002784239999,0.208300112482,0.42160022766399996,0.355600192024,0.457200246888,0.42160022766399996,0.44700024137999994,0.26670014401799996,0.32770017695799997,0.388600209844,0.309900167346,0.25400013716000003,0.1600000864,0.36580019753200005,0.297200160488,0.340400183816,0.53850029079,0.513100277074,0.31750017145000003,0.393700212598,0.32510017555399995,0.25150013581,0.28190015222599996,0.32510017555399995,0.28190015222599996,0.40890022080599997,0.480100259254,0.28960015638400005,0.44700024137999994,0.368300198882,0.25150013581,0.518200279828,0.28190015222599996,0.246400133056,0.373400201636,0.17270009325799998,0.304800164592,0.5817003141179999,0.25650013851000003,0.416600224964,0.36320019612800003,0.259100139914,0.309900167346,0.46480025099199995,0.41400022355999994,0.3150001701,0.304800164592,0.1600000864,0.25150013581,0.28190015222599996,0.3539606078052917,0.33405018038699996,0.417850225639,0.4900002646000001,0.5817003141179999,2023-03-11
03-12,3,12,0.396200213948,0.5156002784239999,0.208300112482,0.44450024003,0.355600192024,0.457200246888,0.431800233172,0.452100244134,0.27940015087599995,0.34290018516599996,0.386100208494,0.3200001728,0.26920014536799997,0.1600000864,0.36580019753200005,0.309900167346,0.355600192024,0.53850029079,0.5105002756699999,0.31750017145000003,0.398800215352,0.332700179658,0.25650013851000003,0.28450015363,0.32510017555399995,0.28190015222599996,0.40890022080599997,0.480100259254,0.292100157734,0.452100244134,0.368300198882,0.25150013581,0.518200279828,0.28190015222599996,0.246400133056,0.38100020574,0.17270009325799998,0.302300163242,0.5817003141179999,0.25650013851000003,0.416600224964,0.36320019612800003,0.26920014536799997,0.3150001701,0.469900253746,0.41400022355999994,0.3150001701,0.304800164592,0.1600000864,0.2550001377,0.283850153279,0.357450193023,0.349250188595,0.420400227016,0.4892202641788001,0.5817003141179999,2023-03-12
03-13,3,13,0.396200213948,0.528300285282,0.208300112482,0.44700024137999994,0.355600192024,0.459700248238,0.439400237276,0.452100244134,0.27940015087599995,0.34540018651599996,0.38350020709000004,0.322600174204,0.271800146772,0.16260008780399998,0.36580019753200005,0.309900167346,0.36580019753200005,0.53850029079,0.5105002756699999,0.31750017145000003,0.398800215352,0.332700179658,0.25650013851000003,0.294600159084,0.3200001728,0.28190015222599996,0.416600224964,0.480100259254,0.28190015222599996,0.457200246888,0.368300198882,0.25150013581,0.5309002866860001,0.276900149526,0.246400133056,0.38100020574,0.17270009325799998,0.297200160488,0.5817003141179999,0.25650013851000003,0.416600224964,0.368300198882,0.271800146772,0.3200001728,0.469900253746,0.41400022355999994,0.3150001701,0.299700161838,0.16260008780399998,0.2550001377,0.28190015222599996,0.35872102704258335,0.35050018927,0.422300228042,0.4892202641788001,0.5817003141179999,2023-03-13
03-14,3,14,0.396200213948,0.528300285282,0.208300112482,0.44700024137999994,0.368300198882,0.459700248238,0.439400237276,0.457200246888,0.297200160488,0.3480001879199999,0.38350020709000004,0.32510017555399995,0.271800146772,0.15750008505,0.36580019753200005,0.31750017145000003,0.36580019753200005,0.546100294894,0.5105002756699999,0.31750017145000003,0.398800215352,0.340400183816,0.261600141264,0.3150001701,0.30730016594200005,0.28190015222599996,0.416600224964,0.490200264708,0.271800146772,0.459700248238,0.368300198882,0.25400013716000003,0.5309002866860001,0.274300148122,0.246400133056,0.38100020574,0.170200091908,0.294600159084,0.56900030726,0.25650013851000003,0.426700230418,0.368300198882,0.276900149526,0.32510017555399995,0.469900253746,0.42160022766399996,0.322600174204,0.292100157734,0.15750008505,0.255750138105,0.289550156357,0.3604668613186666,0.356900192726,0.4298752321325,0.49629026799660003,0.56900030726,2023-03-14
03-15,3,15,0.396200213948,0.548600296244,0.208300112482,0.46480025099199995,0.373400201636,0.459700248238,0.439400237276,0.46480025099199995,0.299700161838,0.35050018927,0.38350020709000004,0.32770017695799997,0.271800146772,0.14480007819200003,0.373400201636,0.31750017145000003,0.36580019753200005,0.548600296244,0.500400270216,0.31750017145000003,0.398800215352,0.340400183816,0.261600141264,0.3200001728,0.304800164592,0.28190015222599996,0.416600224964,0.497800268812,0.26670014401799996,0.46740025239599997,0.368300198882,0.259100139914,0.535900289386,0.26420014266799996,0.22350012068999997,0.38100020574,0.1600000864,0.294600159084,0.5588003017519999,0.26920014536799997,0.429300231822,0.373400201636,0.28450015363,0.32510017555399995,0.47750025784999994,0.42420022906800003,0.32510017555399995,0.299700161838,0.14480007819200003,0.260850140859,0.29207515772049997,0.36178769536524996,0.358150193401,0.43182523318550003,0.49858026923320004,0.5588003017519999,2023-03-15
03-16,3,16,0.396200213948,0.548600296244,0.208300112482,0.472400255096,0.37850020439,0.472400255096,0.439400237276,0.46480025099199995,0.3150001701,0.35050018927,0.38350020709000004,0.32770017695799997,0.274300148122,0.14220007678799998,0.38350020709000004,0.309900167346,0.36580019753200005,0.553700298998,0.497800268812,0.31750017145000003,0.398800215352,0.340400183816,0.26420014266799996,0.32510017555399995,0.304800164592,0.28190015222599996,0.416600224964,0.50550027297,0.26670014401799996,0.469900253746,0.36580019753200005,0.261600141264,0.535900289386,0.248900134406,0.215900116586,0.38100020574,0.152400082296,0.297200160488,0.548600296244,0.271800146772,0.429300231822,0.373400201636,0.302300163242,0.32510017555399995,0.497800268812,0.42420022906800003,0.32770017695799997,0.299700161838,0.14220007678799998,0.2577901392066,0.2990751615005,0.36321894613812494,0.358150193401,0.43182523318550003,0.5001102700594,0.553700298998,2023-03-16
03-17,3,17,0.396200213948,0.548600296244,0.236200127548,0.490200264708,0.38350020709000004,0.48510026195399997,0.439400237276,0.469900253746,0.32770017695799997,0.35310019067400006,0.393700212598,0.32770017695799997,0.276900149526,0.13460007268399998,0.396200213948,0.299700161838,0.36580019753200005,0.553700298998,0.490200264708,0.322600174204,0.40130021670199995,0.34540018651599996,0.26670014401799996,0.32510017555399995,0.3150001701,0.259100139914,0.416600224964,0.5105002756699999,0.259100139914,0.480100259254,0.355600192024,0.261600141264,0.556300300402,0.241300130302,0.213400115236,0.38350020709000004,0.14480007819200003,0.30730016594200005,0.53850029079,0.274300148122,0.429300231822,0.373400201636,0.30730016594200005,0.32510017555399995,0.497800268812,0.429300231822,0.32770017695799997,0.294600159084,0.13460007268399998,0.2537601370304,0.2984251611495,0.3652293638904167,0.35435019134900003,0.43182523318550003,0.5016102708694,0.556300300402,2023-03-17
03-18,3,18,0.398800215352,0.5613003031020001,0.241300130302,0.497800268812,0.388600209844,0.490200264708,0.439400237276,0.482600260604,0.330200178308,0.358100193374,0.393700212598,0.32770017695799997,0.27940015087599995,0.13460007268399998,0.41910022631399996,0.294600159084,0.36580019753200005,0.553700298998,0.490200264708,0.330200178308,0.398800215352,0.3480001879199999,0.271800146772,0.335300181062,0.32770017695799997,0.246400133056,0.42160022766399996,0.513100277074,0.24380013165199996,0.480100259254,0.355600192024,0.261600141264,0.556300300402,0.226100122094,0.22100011934000002,0.393700212598,0.13210007133399998,0.31750017145000003,0.523200282528,0.28700015498,0.429300231822,0.373400201636,0.309900167346,0.32510017555399995,0.500400270216,0.429300231822,0.330200178308,0.27940015087599995,0.13210007133399998,0.24305013124699998,0.292700158058,0.36697936483541665,0.356850192699,0.43182523318550003,0.5042102722734,0.5613003031020001,2023-03-18
03-19,3,19,0.40390021810599996,0.5613003031020001,0.241300130302,0.5029002715659999,0.396200213948,0.497800268812,0.439400237276,0.48510026195399997,0.34290018516599996,0.358100193374,0.396200213948,0.32770017695799997,0.27940015087599995,0.13460007268399998,0.41910022631399996,0.297200160488,0.368300198882,0.553700298998,0.490200264708,0.330200178308,0.393700212598,0.35310019067400006,0.27940015087599995,0.335300181062,0.335300181062,0.241300130302,0.42420022906800003,0.518200279828,0.226100122094,0.482600260604,0.340400183816,0.261600141264,0.5588003017519999,0.228600123444,0.226100122094,0.396200213948,0.116800063072,0.3200001728,0.492800266112,0.294600159084,0.431800233172,0.373400201636,0.309900167346,0.32510017555399995,0.500400270216,0.429300231822,0.340400183816,0.26670014401799996,0.116800063072,0.2374901282446,0.29655016013700003,0.36724186497716665,0.35560019202400006,0.433700234198,0.5011502706209999,0.5613003031020001,2023-03-19
03-20,3,20,0.40390021810599996,0.5613003031020001,0.24380013165199996,0.5156002784239999,0.40130021670199995,0.497800268812,0.44450024003,0.48510026195399997,0.35050018927,0.358100193374,0.40130021670199995,0.32770017695799997,0.28190015222599996,0.13460007268399998,0.41910022631399996,0.32510017555399995,0.373400201636,0.5639003045059999,0.490200264708,0.330200178308,0.386100208494,0.355600192024,0.26670014401799996,0.335300181062,0.335300181062,0.226100122094,0.42420022906800003,0.520700281178,0.213400115236,0.482600260604,0.312400168696,0.26420014266799996,0.5588003017519999,0.25650013851000003,0.226100122094,0.396200213948,0.104100056214,0.3200001728,0.4750002565,0.294600159084,0.431800233172,0.38100020574,0.309900167346,0.32510017555399995,0.50550027297,0.429300231822,0.340400183816,0.25400013716000003,0.104100056214,0.23849012878459996,0.3060751652805,0.3675043651189167,0.356850192699,0.43497523488650003,0.5085302746062,0.5639003045059999,2023-03-20
03-21,3,21,0.40390021810599996,0.5613003031020001,0.25650013851000003,0.520700281178,0.40130021670199995,0.497800268812,0.44700024137999994,0.490200264708,0.35310019067400006,0.358100193374,0.40390021810599996,0.32770017695799997,0.28450015363,0.13460007268399998,0.41910022631399996,0.32510017555399995,0.375900202986,0.5639003045059999,0.480100259254,0.32510017555399995,0.375900202986,0.37080020023200005,0.259100139914,0.335300181062,0.335300181062,0.215900116586,0.43690023592599997,0.523200282528,0.20070010837799998,0.482600260604,0.304800164592,0.26420014266799996,0.5639003045059999,0.26670014401799996,0.236200127548,0.396200213948,0.086400046656,0.3200001728,0.469900253746,0.294600159084,0.431800233172,0.386100208494,0.31750017145000003,0.330200178308,0.50550027297,0.429300231822,0.340400183816,0.236200127548,0.086400046656,0.236200127548,0.302250163215,0.36761269851074996,0.36445019680300006,0.43942523728949995,0.5100602754324001,0.5639003045059999,2023-03-21
03-22,3,22,0.40390021810599996,0.566400305856,0.26670014401799996,0.523200282528,0.40130021670199995,0.497800268812,0.44700024137999994,0.490200264708,0.355600192024,0.358100193374,0.406400219456,0.32770017695799997,0.297200160488,0.13460007268399998,0.41910022631399996,0.32770017695799997,0.391200211248,0.5588003017519999,0.480100259254,0.309900167346,0.38350020709000004,0.373400201636,0.25400013716000003,0.32770017695799997,0.335300181062,0.208300112482,0.44200023868000005,0.523200282528,0.20070010837799998,0.492800266112,0.292100157734,0.26420014266799996,0.5791003127139999,0.271800146772,0.25150013581,0.396200213948,0.06600003564,0.3200001728,0.439400237276,0.294600159084,0.431800233172,0.393700212598,0.31750017145000003,0.330200178308,0.5080002743200001,0.429300231822,0.340400183816,0.215900116586,0.06600003564,0.24082013004280003,0.29655016013700003,0.3676147818452083,0.36575019750500004,0.440050237627,0.5125602767824001,0.5791003127139999,2023-03-22
03-23,3,23,0.40390021810599996,0.566400305856,0.26670014401799996,0.523200282528,0.40130021670199995,0.497800268812,0.44700024137999994,0.48510026195399997,0.355600192024,0.36580019753200005,0.40890022080599997,0.32770017695799997,0.299700161838,0.13460007268399998,0.41910022631399996,0.34540018651599996,0.398800215352,0.546100294894,0.46480025099199995,0.302300163242,0.38100020574,0.373400201636,0.248900134406,0.322600174204,0.335300181062,0.198100106974,0.44960024278399996,0.5258002839320001,0.18540010011600003,0.497800268812,0.297200160488,0.26920014536799997,0.5791003127139999,0.271800146772,0.25650013851000003,0.396200213948,0.06100003294,0.3200001728,0.44450024003,0.330200178308,0.43690023592599997,0.398800215352,0.31750017145000003,0.330200178308,0.528300285282,0.429300231822,0.340400183816,0.195600105624,0.06100003294,0.2336601261764,0.301650162891,0.36835019890899995,0.36960019958400003,0.4451252403675,0.5239802829492001,0.5791003127139999,2023-03-23
03-24,3,24,0.40390021810599996,0.566400305856,0.26670014401799996,0.523200282528,0.40890022080599997,0.497800268812,0.44700024137999994,0.482600260604,0.358100193374,0.36580019753200005,0.41400022355999994,0.32770017695799997,0.299700161838,0.13460007268399998,0.41150022221,0.3480001879199999,0.406400219456,0.566400305856,0.439400237276,0.28700015498,0.38100020574,0.373400201636,0.24380013165199996,0.32510017555399995,0.330200178308,0.18290009876600002,0.44960024278399996,0.5309002866860001,0.18030009736199998,0.5029002715659999,0.312400168696,0.274300148122,0.5791003127139999,0.26420014266799996,0.259100139914,0.396200213948,0.076200041148,0.332700179658,0.452100244134,0.34290018516599996,0.43690023592599997,0.398800215352,0.3200001728,0.330200178308,0.5309002866860001,0.429300231822,0.340400183816,0.19050010287,0.076200041148,0.22781012301739997,0.30922516698150004,0.3691960326990833,0.36960019958400003,0.441300238302,0.5255102837754001,0.5791003127139999,2023-03-24
03-25,3,25,0.41150022221,0.584200315468,0.26670014401799996,0.523200282528,0.42160022766399996,0.5029002715659999,0.44700024137999994,0.482600260604,0.36070019477799997,0.373400201636,0.41400022355999994,0.32770017695799997,0.299700161838,0.13460007268399998,0.396200213948,0.35310019067400006,0.41150022221,0.5817003141179999,0.44960024278399996,0.28190015222599996,0.368300198882,0.368300198882,0.23880012895200003,0.330200178308,0.340400183816,0.170200091908,0.46480025099199995,0.5309002866860001,0.16760009050400002,0.5029002715659999,0.31750017145000003,0.274300148122,0.5791003127139999,0.248900134406,0.259100139914,0.388600209844,0.08380004525200001,0.340400183816,0.452100244134,0.34540018651599996,0.44200023868000005,0.40390021810599996,0.3200001728,0.302300163242,0.5512002976479999,0.434300234522,0.337800182412,0.170200091908,0.08380004525200001,0.21822011783880005,0.301650162891,0.3699397831007083,0.368300198882,0.44765024173099993,0.5255102837754001,0.584200315468,2023-03-25
03-26,3,26,0.41150022221,0.584200315468,0.26670014401799996,0.523200282528,0.434300234522,0.5029002715659999,0.44700024137999994,0.482600260604,0.36320019612800003,0.373400201636,0.41400022355999994,0.32770017695799997,0.30730016594200005,0.13970007543799998,0.388600209844,0.35310019067400006,0.416600224964,0.584200315468,0.44960024278399996,0.28190015222599996,0.358100193374,0.368300198882,0.231100124794,0.335300181062,0.340400183816,0.16260008780399998,0.472400255096,0.5309002866860001,0.152400082296,0.500400270216,0.358100193374,0.274300148122,0.584200315468,0.236200127548,0.26670014401799996,0.375900202986,0.073700039798,0.3480001879199999,0.457200246888,0.35050018927,0.43690023592599997,0.40890022080599997,0.322600174204,0.28190015222599996,0.5588003017519999,0.439400237276,0.32510017555399995,0.14480007819200003,0.073700039798,0.210550113697,0.300950162513,0.3697251996515,0.36575019750500004,0.44765024173099993,0.5255102837754001,0.584200315468,2023-03-26
03-27,3,27,0.41150022221,0.584200315468,0.299700161838,0.523200282528,0.439400237276,0.5029002715659999,0.472400255096,0.482600260604,0.373400201636,0.373400201636,0.416600224964,0.32510017555399995,0.309900167346,0.13970007543799998,0.391200211248,0.355600192024,0.41910022631399996,0.584200315468,0.44960024278399996,0.27940015087599995,0.355600192024,0.368300198882,0.218400117936,0.337800182412,0.35310019067400006,0.154900083646,0.472400255096,0.535900289386,0.14480007819200003,0.497800268812,0.358100193374,0.28450015363,0.584200315468,0.23370012619799999,0.26670014401799996,0.38100020574,0.06100003294,0.35050018927,0.457200246888,0.35310019067400006,0.431800233172,0.42160022766399996,0.32510017555399995,0.26670014401799996,0.5588003017519999,0.44200023868000005,0.30730016594200005,0.137200074088,0.06100003294,0.19935010764900002,0.305400164916,0.3706793668334167,0.370850200259,0.45150024381,0.5270102845854,0.584200315468,2023-03-27
03-28,3,28,0.416600224964,0.6121003305339999,0.304800164592,0.523200282528,0.44700024137999994,0.5080002743200001,0.490200264708,0.482600260604,0.37850020439,0.373400201636,0.416600224964,0.3150001701,0.309900167346,0.13970007543799998,0.40130021670199995,0.36580019753200005,0.41910022631399996,0.584200315468,0.454700245538,0.299700161838,0.373400201636,0.358100193374,0.213400115236,0.335300181062,0.368300198882,0.16760009050400002,0.472400255096,0.53850029079,0.154900083646,0.495300267462,0.36070019477799997,0.28450015363,0.594400320976,0.241300130302,0.26670014401799996,0.40390021810599996,0.048300026082,0.35050018927,0.48510026195399997,0.35310019067400006,0.431800233172,0.429300231822,0.32510017555399995,0.25400013716000003,0.56900030726,0.452100244134,0.28700015498,0.12190006582599998,0.048300026082,0.1996601078164,0.3035251639035,0.37454811892254164,0.373400201636,0.4591252479275,0.5277902850066001,0.6121003305339999,2023-03-28
03-29,3,29,0.41910022631399996,0.6121003305339999,0.30730016594200005,0.535900289386,0.44700024137999994,0.5156002784239999,0.5029002715659999,0.47750025784999994,0.391200211248,0.375900202986,0.41910022631399996,0.3200001728,0.3150001701,0.147300079542,0.416600224964,0.36580019753200005,0.429300231822,0.584200315468,0.454700245538,0.31750017145000003,0.373400201636,0.3480001879199999,0.226100122094,0.335300181062,0.368300198882,0.177800096012,0.490200264708,0.546100294894,0.1600000864,0.500400270216,0.36580019753200005,0.28450015363,0.607100327834,0.241300130302,0.259100139914,0.40890022080599997,0.040600021923999995,0.35050018927,0.490200264708,0.355600192024,0.434300234522,0.429300231822,0.32510017555399995,0.259100139914,0.57400030996,0.457200246888,0.28700015498,0.09910005351399999,0.040600021923999995,0.2116101142694,0.3130751690605,0.37808978750170835,0.374650202311,0.4622752496285,0.5389602910384,0.6121003305339999,2023-03-29
03-30,3,30,0.42420022906800003,0.6121003305339999,0.330200178308,0.553700298998,0.44700024137999994,0.5156002784239999,0.5029002715659999,0.46480025099199995,0.393700212598,0.375900202986,0.41910022631399996,0.3200001728,0.3200001728,0.147300079542,0.416600224964,0.36580019753200005,0.434300234522,0.584200315468,0.454700245538,0.3200001728,0.36320019612800003,0.35050018927,0.236200127548,0.332700179658,0.368300198882,0.18030009736199998,0.492800266112,0.553700298998,0.154900083646,0.5029002715659999,0.37850020439,0.26670014401799996,0.607100327834,0.22350012068999997,0.25400013716000003,0.40890022080599997,0.03300001782,0.368300198882,0.490200264708,0.355600192024,0.44450024003,0.43690023592599997,0.32510017555399995,0.276900149526,0.5791003127139999,0.46740025239599997,0.302300163242,0.076200041148,0.03300001782,0.21054011369159997,0.3200001728,0.3798293717744167,0.377200203688,0.46545025134299994,0.553700298998,0.6121003305339999,2023-03-30
03-31,3,31,0.42420022906800003,0.6121003305339999,0.355600192024,0.566400305856,0.44700024137999994,0.5156002784239999,0.5029002715659999,0.44700024137999994,0.393700212598,0.375900202986,0.42420022906800003,0.3200001728,0.3200001728,0.147300079542,0.416600224964,0.36320019612800003,0.43690023592599997,0.584200315468,0.454700245538,0.32770017695799997,0.36070019477799997,0.35050018927,0.248900134406,0.332700179658,0.368300198882,0.16760009050400002,0.497800268812,0.556300300402,0.154900083646,0.50550027297,0.386100208494,0.25650013851000003,0.6121003305339999,0.218400117936,0.246400133056,0.431800233172,0.022900012366000002,0.375900202986,0.5156002784239999,0.337800182412,0.44450024003,0.43690023592599997,0.32510017555399995,0.276900149526,0.5817003141179999,0.47750025784999994,0.302300163242,0.058400031536,0.022900012366000002,0.20316010970640003,0.3200001728,0.3809418723751667,0.38100020574000004,0.460400248616,0.5593303020382,0.6121003305339999,2023-03-31
04-01,4,1,0.42420022906800003,0.622300336042,0.36070019477799997,0.566400305856,0.469900253746,0.5156002784239999,0.5080002743200001,0.434300234522,0.393700212598,0.37850020439,0.429300231822,0.3200001728,0.3200001728,0.14220007678799998,0.434300234522,0.3480001879199999,0.439400237276,0.584200315468,0.46740025239599997,0.32770017695799997,0.373400201636,0.36070019477799997,0.236200127548,0.32770017695799997,0.36580019753200005,0.152400082296,0.500400270216,0.556300300402,0.149900080946,0.513100277074,0.40130021670199995,0.26670014401799996,0.6121003305339999,0.20070010837799998,0.236200127548,0.44200023868000005,0.0,0.38100020574,0.5105002756699999,0.304800164592,0.44450024003,0.43690023592599997,0.32510017555399995,0.276900149526,0.596900322326,0.48770026335800004,0.330200178308,0.053300028782,0.0,0.18621010055339998,0.3200001728,0.38185020619899995,0.387350209169,0.474350256149,0.5593303020382,0.622300336042,2023-04-01
04-02,4,2,0.42420022906800003,0.622300336042,0.36070019477799997,0.586700316818,0.472400255096,0.5156002784239999,0.497800268812,0.426700230418,0.393700212598,0.38100020574,0.439400237276,0.3200001728,0.312400168696,0.137200074088,0.434300234522,0.35050018927,0.44200023868000005,0.584200315468,0.46740025239599997,0.32770017695799997,0.386100208494,0.368300198882,0.226100122094,0.309900167346,0.36320019612800003,0.12450006723,0.5029002715659999,0.5613003031020001,0.149900080946,0.520700281178,0.40390021810599996,0.28190015222599996,0.60450032643,0.175300094662,0.261600141264,0.452100244134,0.0,0.40130021670199995,0.5105002756699999,0.28450015363,0.426700230418,0.43690023592599997,0.32510017555399995,0.274300148122,0.60450032643,0.492800266112,0.34540018651599996,0.06100003294,0.0,0.1676800905472,0.3117751683585,0.3823210397865833,0.39750021464999996,0.47750025785,0.5681703068118001,0.622300336042,2023-04-02
04-03,4,3,0.42420022906800003,0.622300336042,0.36320019612800003,0.591800319572,0.48510026195399997,0.520700281178,0.497800268812,0.439400237276,0.388600209844,0.388600209844,0.452100244134,0.3200001728,0.309900167346,0.12190006582599998,0.457200246888,0.337800182412,0.44200023868000005,0.56900030726,0.46740025239599997,0.332700179658,0.388600209844,0.35310019067400006,0.24380013165199996,0.28700015498,0.36070019477799997,0.116800063072,0.495300267462,0.566400305856,0.13970007543799998,0.523200282528,0.426700230418,0.292100157734,0.599400323676,0.19300010422,0.271800146772,0.452100244134,0.010200005508000001,0.40130021670199995,0.520700281178,0.28190015222599996,0.42160022766399996,0.43690023592599997,0.312400168696,0.26670014401799996,0.609600329184,0.492800266112,0.355600192024,0.086400046656,0.010200005508000001,0.17701009558539998,0.30545016494300004,0.3841147907552083,0.39495021327299995,0.48702526299349996,0.5671803062772,0.622300336042,2023-04-03
04-04,4,4,0.44450024003,0.622300336042,0.368300198882,0.591800319572,0.497800268812,0.520700281178,0.495300267462,0.44450024003,0.38350020709000004,0.375900202986,0.459700248238,0.31750017145000003,0.304800164592,0.106700057618,0.457200246888,0.330200178308,0.44200023868000005,0.57400030996,0.46740025239599997,0.335300181062,0.391200211248,0.358100193374,0.24380013165199996,0.271800146772,0.37850020439,0.09910005351399999,0.482600260604,0.553700298998,0.12450006723,0.528300285282,0.44450024003,0.30730016594200005,0.6121003305339999,0.19300010422,0.26670014401799996,0.452100244134,0.0,0.396200213948,0.520700281178,0.297200160488,0.416600224964,0.44450024003,0.276900149526,0.25150013581,0.6350003429000001,0.492800266112,0.355600192024,0.078700042498,0.0,0.172450093123,0.302900163566,0.3835918738061666,0.393700212598,0.48515026198100003,0.5597903022866001,0.6350003429000001,2023-04-04
04-05,4,5,0.457200246888,0.622300336042,0.373400201636,0.609600329184,0.497800268812,0.520700281178,0.495300267462,0.44700024137999994,0.375900202986,0.31750017145000003,0.462300249642,0.31750017145000003,0.28960015638400005,0.086400046656,0.44450024003,0.330200178308,0.434300234522,0.57400030996,0.472400255096,0.34290018516599996,0.393700212598,0.36070019477799997,0.25150013581,0.259100139914,0.38100020574,0.088900048006,0.48510026195399997,0.5512002976479999,0.106700057618,0.5334002880359999,0.44960024278399996,0.3200001728,0.6121003305339999,0.19300010422,0.25400013716000003,0.454700245538,0.0,0.386100208494,0.520700281178,0.28700015498,0.40890022080599997,0.44700024137999994,0.259100139914,0.246400133056,0.640100345654,0.492800266112,0.355600192024,0.073700039798,0.0,0.16711009023940002,0.288950156033,0.38089395568262496,0.389900210546,0.48702526299349996,0.5580403013416,0.640100345654,2023-04-05
04-06,4,6,0.457200246888,0.622300336042,0.375900202986,0.6121003305339999,0.5080002743200001,0.520700281178,0.495300267462,0.44700024137999994,0.386100208494,0.312400168696,0.44700024137999994,0.312400168696,0.25650013851000003,0.078700042498,0.452100244134,0.335300181062,0.41910022631399996,0.57400030996,0.480100259254,0.35050018927,0.393700212598,0.32510017555399995,0.25400013716000003,0.248900134406,0.38100020574,0.078700042498,0.48510026195399997,0.5639003045059999,0.08380004525200001,0.5334002880359999,0.44960024278399996,0.34540018651599996,0.619800334692,0.16760009050400002,0.25650013851000003,0.454700245538,0.0,0.36580019753200005,0.513100277074,0.26920014536799997,0.40130021670199995,0.44450024003,0.23370012619799999,0.259100139914,0.645200348408,0.492800266112,0.355600192024,0.06350003429000001,0.0,0.14246007692840001,0.2666751440045,0.3776606206032917,0.389900210546,0.48702526299349996,0.5669303061422,0.645200348408,2023-04-06
04-07,4,7,0.457200246888,0.622300336042,0.375900202986,0.629900340146,0.5080002743200001,0.520700281178,0.490200264708,0.44700024137999994,0.396200213948,0.27940015087599995,0.42420022906800003,0.304800164592,0.23880012895200003,0.07110003839399999,0.454700245538,0.337800182412,0.41400022355999994,0.57400030996,0.480100259254,0.355600192024,0.393700212598,0.30730016594200005,0.25650013851000003,0.246400133056,0.386100208494,0.058400031536,0.480100259254,0.586700316818,0.06350003429000001,0.53850029079,0.44700024137999994,0.355600192024,0.619800334692,0.16260008780399998,0.26420014266799996,0.459700248238,0.0,0.355600192024,0.497800268812,0.261600141264,0.398800215352,0.434300234522,0.248900134406,0.259100139914,0.645200348408,0.495300267462,0.355600192024,0.043200023328,0.0,0.135150072981,0.26355014231699997,0.37507103587158336,0.39495021327299995,0.4826252606175,0.5778103120174,0.645200348408,2023-04-07
04-08,4,8,0.457200246888,0.629900340146,0.38100020574,0.6375003442499999,0.5080002743200001,0.520700281178,0.490200264708,0.44700024137999994,0.393700212598,0.241300130302,0.416600224964,0.304800164592,0.236200127548,0.050800027432,0.462300249642,0.3480001879199999,0.40130021670199995,0.566400305856,0.482600260604,0.36070019477799997,0.393700212598,0.302300163242,0.271800146772,0.231100124794,0.388600209844,0.055900030186,0.462300249642,0.586700316818,0.055900030186,0.546100294894,0.44450024003,0.36070019477799997,0.629900340146,0.17270009325799998,0.26670014401799996,0.459700248238,0.0,0.34540018651599996,0.490200264708,0.261600141264,0.396200213948,0.431800233172,0.248900134406,0.259100139914,0.645200348408,0.500400270216,0.355600192024,0.03300001782,0.0,0.1376600743364,0.26542514332949996,0.37358770173725,0.393700212598,0.48450026163000004,0.5724903091446001,0.645200348408,2023-04-08
04-09,4,9,0.457200246888,0.6350003429000001,0.38100020574,0.6375003442499999,0.5080002743200001,0.523200282528,0.482600260604,0.44450024003,0.375900202986,0.241300130302,0.40390021810599996,0.312400168696,0.236200127548,0.040600021923999995,0.462300249642,0.35310019067400006,0.40890022080599997,0.546100294894,0.48510026195399997,0.368300198882,0.398800215352,0.294600159084,0.28450015363,0.231100124794,0.388600209844,0.055900030186,0.472400255096,0.576600311364,0.045700024677999995,0.553700298998,0.44700024137999994,0.355600192024,0.6528003525120001,0.17270009325799998,0.292100157734,0.452100244134,0.0,0.3150001701,0.500400270216,0.274300148122,0.37080020023200005,0.42420022906800003,0.246400133056,0.236200127548,0.645200348408,0.500400270216,0.34290018516599996,0.022900012366000002,0.0,0.1376600743364,0.28195015225299996,0.3720002008799999,0.38480020779199997,0.4832252609415,0.5605703027078001,0.6528003525120001,2023-04-09
04-10,4,10,0.457200246888,0.6350003429000001,0.38100020574,0.642600347004,0.5080002743200001,0.523200282528,0.457200246888,0.44450024003,0.37850020439,0.241300130302,0.393700212598,0.312400168696,0.23370012619799999,0.027900015065999997,0.462300249642,0.36070019477799997,0.41910022631399996,0.5309002866860001,0.48770026335800004,0.37080020023200005,0.40390021810599996,0.28700015498,0.28960015638400005,0.218400117936,0.36070019477799997,0.055900030186,0.47750025784999994,0.57150030861,0.048300026082,0.556300300402,0.452100244134,0.355600192024,0.6680003607200001,0.147300079542,0.292100157734,0.434300234522,0.0,0.28700015498,0.50550027297,0.27940015087599995,0.391200211248,0.41150022221,0.241300130302,0.218400117936,0.645200348408,0.500400270216,0.3200001728,0.010200005508000001,0.0,0.11988006473520002,0.28510015395399996,0.36867311575004164,0.38610020849399995,0.48005025922699995,0.5608603028644,0.6680003607200001,2023-04-10
04-11,4,11,0.46740025239599997,0.6350003429000001,0.375900202986,0.642600347004,0.5080002743200001,0.523200282528,0.426700230418,0.44450024003,0.358100193374,0.236200127548,0.37080020023200005,0.302300163242,0.236200127548,0.017800009611999998,0.46740025239599997,0.368300198882,0.42160022766399996,0.50550027297,0.48770026335800004,0.37080020023200005,0.40890022080599997,0.28450015363,0.292100157734,0.215900116586,0.32510017555399995,0.06600003564,0.480100259254,0.566400305856,0.053300028782,0.5639003045059999,0.44960024278399996,0.35050018927,0.675600364824,0.11940006447600002,0.297200160488,0.42160022766399996,0.0,0.26420014266799996,0.50550027297,0.25400013716000003,0.41910022631399996,0.388600209844,0.226100122094,0.215900116586,0.6350003429000001,0.500400270216,0.28960015638400005,0.0,0.0,0.10338005582520002,0.26165014129099995,0.36321894613812494,0.373350201609,0.48200026028000004,0.564650304911,0.675600364824,2023-04-11
04-12,4,12,0.469900253746,0.640100345654,0.37080020023200005,0.642600347004,0.523200282528,0.535900289386,0.40890022080599997,0.439400237276,0.358100193374,0.22100011934000002,0.3480001879199999,0.28700015498,0.24380013165199996,0.007600004103999999,0.46480025099199995,0.37080020023200005,0.42420022906800003,0.495300267462,0.495300267462,0.35310019067400006,0.40890022080599997,0.27940015087599995,0.294600159084,0.21080011383199998,0.299700161838,0.058400031536,0.48770026335800004,0.56900030726,0.045700024677999995,0.5639003045059999,0.46480025099199995,0.3480001879199999,0.675600364824,0.09910005351399999,0.299700161838,0.38100020574,0.0,0.25150013581,0.50550027297,0.23880012895200003,0.426700230418,0.36320019612800003,0.22100011934000002,0.236200127548,0.617200333288,0.495300267462,0.259100139914,0.0,0.0,0.0868900469206,0.2495751347705,0.3583460268400834,0.36700019818000007,0.48960026438400006,0.5654303053322,0.675600364824,2023-04-12
04-13,4,13,0.482600260604,0.642600347004,0.37080020023200005,0.642600347004,0.535900289386,0.548600296244,0.391200211248,0.439400237276,0.358100193374,0.208300112482,0.32770017695799997,0.26920014536799997,0.24380013165199996,0.0,0.46480025099199995,0.36320019612800003,0.41910022631399996,0.5080002743200001,0.495300267462,0.358100193374,0.40130021670199995,0.274300148122,0.302300163242,0.20570011107800001,0.271800146772,0.048300026082,0.46480025099199995,0.553700298998,0.045700024677999995,0.56900030726,0.46480025099199995,0.340400183816,0.675600364824,0.078700042498,0.299700161838,0.36070019477799997,0.0,0.248900134406,0.472400255096,0.248900134406,0.434300234522,0.368300198882,0.215900116586,0.246400133056,0.6121003305339999,0.46740025239599997,0.23370012619799999,0.0,0.0,0.0695800375732,0.2482751340685,0.3536335242953333,0.361950195453,0.46865025307099994,0.5582903014766001,0.675600364824,2023-04-13
04-14,4,14,0.48770026335800004,0.642600347004,0.36320019612800003,0.642600347004,0.535900289386,0.548600296244,0.35310019067400006,0.439400237276,0.358100193374,0.195600105624,0.31750017145000003,0.25150013581,0.25150013581,0.0,0.46480025099199995,0.3480001879199999,0.406400219456,0.513100277074,0.495300267462,0.36320019612800003,0.386100208494,0.25150013581,0.302300163242,0.18030009736199998,0.236200127548,0.038100020574,0.43690023592599997,0.53850029079,0.038100020574,0.56900030726,0.457200246888,0.355600192024,0.6807003675779999,0.078700042498,0.3150001701,0.391200211248,0.0,0.23880012895200003,0.431800233172,0.261600141264,0.434300234522,0.368300198882,0.208300112482,0.25150013581,0.6121003305339999,0.431800233172,0.231100124794,0.0,0.0,0.06652003592080001,0.24832513409550003,0.34798143790987496,0.360650194751,0.45910024791399995,0.5547202995488001,0.6807003675779999,2023-04-14
04-15,4,15,0.492800266112,0.642600347004,0.355600192024,0.642600347004,0.54100029214,0.566400305856,0.31750017145000003,0.44450024003,0.358100193374,0.18290009876600002,0.30730016594200005,0.23370012619799999,0.25150013581,0.0,0.46480025099199995,0.340400183816,0.40890022080599997,0.528300285282,0.472400255096,0.36320019612800003,0.38350020709000004,0.22350012068999997,0.31750017145000003,0.15750008505,0.22100011934000002,0.027900015065999997,0.429300231822,0.520700281178,0.03300001782,0.5613003031020001,0.47750025784999994,0.35310019067400006,0.6807003675779999,0.086400046656,0.3150001701,0.391200211248,0.0,0.208300112482,0.429300231822,0.261600141264,0.434300234522,0.38100020574,0.215900116586,0.25400013716000003,0.607100327834,0.40390021810599996,0.22350012068999997,0.0,0.0,0.07038003800520001,0.22350012068999997,0.3440106024322917,0.356850192699,0.466700252018,0.5628303039282001,0.6807003675779999,2023-04-15
04-16,4,16,0.495300267462,0.642600347004,0.35310019067400006,0.642600347004,0.548600296244,0.566400305856,0.294600159084,0.44700024137999994,0.35310019067400006,0.16760009050400002,0.297200160488,0.21080011383199998,0.248900134406,0.0,0.46740025239599997,0.332700179658,0.41150022221,0.546100294894,0.469900253746,0.373400201636,0.38350020709000004,0.24380013165199996,0.304800164592,0.15750008505,0.215900116586,0.020300010961999997,0.41400022355999994,0.523200282528,0.020300010961999997,0.53850029079,0.490200264708,0.335300181062,0.6807003675779999,0.09400005076,0.32770017695799997,0.388600209844,0.010200005508000001,0.218400117936,0.42420022906800003,0.25150013581,0.43690023592599997,0.398800215352,0.226100122094,0.26420014266799996,0.607100327834,0.373400201636,0.20070010837799998,,0.0,0.13210007133400004,0.234950126873,0.34933210353285105,0.35310019067400006,0.46865025307099994,0.5557203000887999,0.6807003675779999,2023-04-16
04-17,4,17,0.490200264708,0.6350003429000001,0.35310019067400006,0.642600347004,0.548600296244,0.5613003031020001,0.27940015087599995,0.46480025099199995,0.32770017695799997,0.15750008505,0.28700015498,0.195600105624,0.23880012895200003,0.0,0.46740025239599997,0.3150001701,0.41910022631399996,0.548600296244,0.457200246888,0.388600209844,0.373400201636,0.246400133056,0.28960015638400005,0.165100089154,0.203200109728,0.015200008207999998,0.37080020023200005,0.5080002743200001,0.015200008207999998,0.528300285282,0.490200264708,0.312400168696,0.6807003675779999,0.09140004935599999,0.32770017695799997,0.388600209844,0.012700006858,0.215900116586,0.391200211248,0.226100122094,0.44200023868000005,0.426700230418,0.226100122094,0.276900149526,0.607100327834,0.355600192024,0.18800010152,,0.0,0.13106007077240003,0.226100122094,0.3436597600442553,0.35310019067400006,0.46610025169399993,0.5536802989872,0.6807003675779999,2023-04-17
04-18,4,18,0.480100259254,0.629900340146,0.35050018927,0.642600347004,0.528300285282,0.528300285282,0.271800146772,0.490200264708,0.26420014266799996,0.14480007819200003,0.276900149526,0.177800096012,0.231100124794,0.0,0.4750002565,0.299700161838,0.434300234522,0.520700281178,0.42420022906800003,0.391200211248,0.35050018927,0.24380013165199996,0.276900149526,0.175300094662,0.19050010287,0.015200008207999998,0.335300181062,0.528300285282,0.0,0.528300285282,0.490200264708,0.292100157734,0.675600364824,0.08130004390199999,0.337800182412,0.35050018927,0.0,0.215900116586,0.37850020439,0.236200127548,0.431800233172,0.43690023592599997,0.226100122094,0.276900149526,0.607100327834,0.34540018651599996,0.20570011107800001,,0.0,0.11940006447600005,0.228600123444,0.33603635167229784,0.337800182412,0.477550257877,0.528300285282,0.675600364824,2023-04-18
04-19,4,19,0.46480025099199995,0.627400338796,0.335300181062,0.642600347004,0.523200282528,0.48510026195399997,0.261600141264,0.497800268812,0.24380013165199996,0.13460007268399998,0.26670014401799996,0.16260008780399998,0.231100124794,0.0,0.4750002565,0.27940015087599995,0.44200023868000005,0.548600296244,0.406400219456,0.396200213948,0.322600174204,0.23370012619799999,0.25150013581,0.177800096012,0.21080011383199998,0.012700006858,0.312400168696,0.528300285282,0.010200005508000001,0.528300285282,0.490200264708,0.261600141264,0.70100037854,0.08380004525200001,0.337800182412,0.322600174204,0.0,0.213400115236,0.368300198882,0.23370012619799999,0.42160022766399996,0.43690023592599997,0.226100122094,0.248900134406,0.607100327834,0.340400183816,0.20570011107800001,,0.0,0.11428006171120002,0.228600123444,0.33003422077157446,0.322600174204,0.469900253746,0.5364202896668,0.70100037854,2023-04-19
04-20,4,20,0.459700248238,0.622300336042,0.32510017555399995,0.642600347004,0.523200282528,0.457200246888,0.271800146772,0.490200264708,0.226100122094,0.12450006723,0.25650013851000003,0.149900080946,0.22350012068999997,0.0,0.46740025239599997,0.26670014401799996,0.457200246888,0.586700316818,0.37850020439,0.396200213948,0.297200160488,0.23370012619799999,0.241300130302,0.18540010011600003,0.213400115236,0.017800009611999998,0.304800164592,0.528300285282,0.010200005508000001,0.5029002715659999,0.472400255096,0.23370012619799999,0.70100037854,0.08130004390199999,0.35050018927,0.297200160488,0.0,0.20070010837799998,0.36320019612800003,0.218400117936,0.40130021670199995,0.43690023592599997,0.203200109728,0.228600123444,0.607100327834,0.335300181062,0.20570011107800001,,0.0,0.10722005789880001,0.215900116586,0.32333634481429785,0.297200160488,0.458450247563,0.5516602978963999,0.70100037854,2023-04-20
04-21,4,21,0.457200246888,0.60450032643,0.3150001701,0.642600347004,0.523200282528,0.452100244134,0.271800146772,0.490200264708,0.22350012068999997,0.109200058968,0.23370012619799999,0.12700006858000001,0.226100122094,0.0,0.46740025239599997,0.246400133056,0.46740025239599997,0.594400320976,0.36320019612800003,0.406400219456,0.294600159084,0.24380013165199996,0.246400133056,0.195600105624,0.208300112482,0.015200008207999998,0.312400168696,0.528300285282,0.00250000135,0.472400255096,0.44960024278399996,0.195600105624,0.7061003812939999,0.08380004525200001,0.358100193374,0.28190015222599996,0.0,0.203200109728,0.375900202986,0.208300112482,0.373400201636,0.44200023868000005,0.20070010837799998,0.203200109728,0.614700331938,0.3150001701,0.19300010422,,0.0,0.09904005348160001,0.203200109728,0.3179852780949362,0.294600159084,0.454650245511,0.5547402995595999,0.7061003812939999,2023-04-21
04-22,4,22,0.452100244134,0.586700316818,0.30730016594200005,0.622300336042,0.54100029214,0.452100244134,0.271800146772,0.47750025784999994,0.20570011107800001,0.109200058968,0.20070010837799998,0.104100056214,0.228600123444,0.0,0.46740025239599997,0.22350012068999997,0.472400255096,0.599400323676,0.373400201636,0.40130021670199995,0.299700161838,0.23370012619799999,0.25400013716000003,0.20070010837799998,0.195600105624,0.022900012366000002,0.31750017145000003,0.518200279828,0.0,0.472400255096,0.426700230418,0.18290009876600002,0.716300386802,0.068600037044,0.355600192024,0.24380013165199996,0.0,0.18800010152,0.375900202986,0.18030009736199998,0.37080020023200005,0.42420022906800003,0.20070010837799998,0.154900083646,0.6350003429000001,0.304800164592,0.18540010011600003,,0.0,0.08990004854600002,0.191800103572,0.3111725084585958,0.299700161838,0.452100244134,0.5592803020111999,0.716300386802,2023-04-22
04-23,4,23,0.44200023868000005,0.548600296244,0.30730016594200005,0.6020003250799999,0.548600296244,0.452100244134,0.274300148122,0.452100244134,0.19300010422,0.12700006858000001,0.177800096012,0.09400005076,0.228600123444,0.0,0.44450024003,0.198100106974,0.480100259254,0.6020003250799999,0.38350020709000004,0.375900202986,0.304800164592,0.228600123444,0.261600141264,0.19300010422,0.20570011107800001,0.03050001647,0.30730016594200005,0.490200264708,0.0,0.457200246888,0.40130021670199995,0.18030009736199998,0.718800388152,0.040600021923999995,0.358100193374,0.228600123444,0.0,0.1600000864,0.375900202986,0.147300079542,0.36320019612800003,0.40130021670199995,0.19300010422,0.175300094662,0.6350003429000001,0.274300148122,0.16260008780399998,,0.0,0.07264003922560003,0.179050096687,0.3026810145114893,0.274300148122,0.443250239355,0.548600296244,0.718800388152,2023-04-23
04-24,4,24,0.431800233172,0.5080002743200001,0.294600159084,0.586700316818,0.548600296244,0.44700024137999994,0.274300148122,0.426700230418,0.170200091908,0.13460007268399998,0.15750008505,0.09140004935599999,0.228600123444,0.0,0.44200023868000005,0.18800010152,0.480100259254,0.607100327834,0.393700212598,0.34290018516599996,0.312400168696,0.218400117936,0.26670014401799996,0.177800096012,0.203200109728,0.027900015065999997,0.28190015222599996,0.46740025239599997,0.0,0.44960024278399996,0.35310019067400006,0.20070010837799998,0.723900390906,0.020300010961999997,0.355600192024,0.24380013165199996,0.0,0.12950006993,0.340400183816,0.12700006858000001,0.34540018651599996,0.386100208494,0.18030009736199998,0.18540010011600003,0.6350003429000001,0.241300130302,0.14220007678799998,,0.0,0.06600003564000002,0.17400009396,0.2929597326662553,0.274300148122,0.429250231795,0.5242402830895999,0.723900390906,2023-04-24
04-25,4,25,0.42160022766399996,0.497800268812,0.28190015222599996,0.566400305856,0.548600296244,0.434300234522,0.276900149526,0.42160022766399996,0.147300079542,0.13210007133399998,0.12700006858000001,0.101600054864,0.231100124794,0.0,0.44200023868000005,0.18030009736199998,0.490200264708,0.607100327834,0.398800215352,0.337800182412,0.322600174204,0.22100011934000002,0.261600141264,0.154900083646,0.18540010011600003,0.012700006858,0.274300148122,0.472400255096,0.0,0.43690023592599997,0.340400183816,0.198100106974,0.723900390906,0.010200005508000001,0.35310019067400006,0.246400133056,0.0,0.14220007678799998,0.36070019477799997,0.09400005076,0.330200178308,0.375900202986,0.16760009050400002,0.18540010011600003,0.640100345654,0.218400117936,0.137200074088,,0.0,0.06148003319920004,0.151100081594,0.2874469637319149,0.274300148122,0.42160022766399996,0.5181202797847999,0.723900390906,2023-04-25
04-26,4,26,0.41150022221,0.46480025099199995,0.25400013716000003,0.54100029214,0.553700298998,0.41400022355999994,0.276900149526,0.439400237276,0.12950006993,0.12950006993,0.09650005211,0.104100056214,0.248900134406,0.0,0.431800233172,0.18540010011600003,0.490200264708,0.596900322326,0.393700212598,0.332700179658,0.32510017555399995,0.231100124794,0.24380013165199996,0.13460007268399998,0.154900083646,0.010200005508000001,0.26920014536799997,0.472400255096,0.0,0.44700024137999994,0.35310019067400006,0.198100106974,0.746800403272,0.005100002754000001,0.340400183816,0.226100122094,0.0,0.14480007819200003,0.368300198882,0.06100003294,0.302300163242,0.358100193374,0.14220007678799998,0.16760009050400002,0.645200348408,0.195600105624,0.111800060372,,0.0,0.040680021967200025,0.13840007473599997,0.27977249150259575,0.25400013716000003,0.41275022288499996,0.5105202756807999,0.746800403272,2023-04-26
04-27,4,27,0.398800215352,0.462300249642,0.231100124794,0.528300285282,0.553700298998,0.42160022766399996,0.26670014401799996,0.44450024003,0.12450006723,0.152400082296,0.101600054864,0.109200058968,0.259100139914,0.0,0.41910022631399996,0.203200109728,0.48510026195399997,0.591800319572,0.388600209844,0.330200178308,0.322600174204,0.21080011383199998,0.213400115236,0.106700057618,0.13970007543799998,0.007600004103999999,0.25650013851000003,0.46480025099199995,0.0,0.44700024137999994,0.358100193374,0.175300094662,0.7569004087260001,0.0,0.322600174204,0.24380013165199996,0.0,0.16260008780399998,0.373400201636,0.038100020574,0.299700161838,0.330200178308,0.149900080946,0.13970007543799998,0.645200348408,0.17270009325799998,0.086400046656,,0.0,0.025900013986000017,0.13970007543799998,0.27437248858659574,0.25650013851000003,0.408950220833,0.5023802712851999,0.7569004087260001,2023-04-27
04-28,4,28,0.386100208494,0.459700248238,0.228600123444,0.5156002784239999,0.553700298998,0.42160022766399996,0.25650013851000003,0.44450024003,0.09400005076,0.14480007819200003,0.109200058968,0.116800063072,0.274300148122,0.0,0.41910022631399996,0.213400115236,0.4750002565,0.591800319572,0.36320019612800003,0.330200178308,0.332700179658,0.19050010287,0.18800010152,0.109200058968,0.12700006858000001,0.0,0.236200127548,0.434300234522,0.0,0.44700024137999994,0.358100193374,0.147300079542,0.7569004087260001,0.0,0.299700161838,0.248900134406,0.0,0.18290009876600002,0.38350020709000004,0.022900012366000002,0.28700015498,0.302300163242,0.149900080946,0.116800063072,0.622300336042,0.16760009050400002,0.078700042498,,0.0,0.013740007419600013,0.121900065826,0.26782567654068085,0.248900134406,0.402600217404,0.4912402652695999,0.7569004087260001,2023-04-28
04-29,4,29,0.375900202986,0.44700024137999994,0.208300112482,0.48510026195399997,0.553700298998,0.434300234522,0.24380013165199996,0.47750025784999994,0.073700039798,0.13210007133399998,0.109200058968,0.12950006993,0.274300148122,0.0,0.41910022631399996,0.226100122094,0.472400255096,0.576600311364,0.355600192024,0.3200001728,0.337800182412,0.15750008505,0.165100089154,0.09400005076,0.116800063072,0.0,0.241300130302,0.41400022355999994,0.0,0.439400237276,0.337800182412,0.16760009050400002,0.76450041283,0.0,0.26920014536799997,0.248900134406,0.0,0.18540010011600003,0.388600209844,0.010200005508000001,0.27940015087599995,0.26920014536799997,0.13460007268399998,0.101600054864,0.594400320976,0.16760009050400002,0.06600003564,,0.0,0.006120003304800006,0.123150066501,0.2609597153862553,0.24380013165199996,0.401300216702,0.48054025949159995,0.76450041283,2023-04-29
04-30,4,30,0.375900202986,0.426700230418,0.18030009736199998,0.434300234522,0.553700298998,0.439400237276,0.215900116586,0.47750025784999994,0.045700024677999995,0.12700006858000001,0.111800060372,0.12950006993,0.28190015222599996,0.0,0.40130021670199995,0.228600123444,0.482600260604,0.591800319572,0.37080020023200005,0.299700161838,0.35050018927,0.13210007133399998,0.14480007819200003,0.06350003429000001,0.114300061722,0.0,0.24380013165199996,0.38100020574,0.0,0.426700230418,0.335300181062,0.175300094662,0.782300422442,0.0,0.23880012895200003,0.25400013716000003,0.0,0.19300010422,0.388600209844,0.0,0.25150013581,0.25400013716000003,0.104100056214,0.101600054864,0.5613003031020001,0.16760009050400002,0.053300028782,,0.0,0.0,0.113050061047,0.25301715790578727,0.23880012895200003,0.38480020779199997,0.47954025895159996,0.782300422442,2023-04-30
05-01,5,1,0.368300198882,0.398800215352,0.147300079542,0.386100208494,0.5588003017519999,0.44700024137999994,0.18800010152,0.439400237276,0.03050001647,0.109200058968,0.111800060372,0.12950006993,0.28190015222599996,0.0,0.429300231822,0.226100122094,0.490200264708,0.591800319572,0.38100020574,0.27940015087599995,0.35050018927,0.12950006993,0.12450006723,0.035600019223999996,0.111800060372,0.015200008207999998,0.248900134406,0.37850020439,0.0,0.398800215352,0.28700015498,0.19300010422,0.782300422442,0.0,0.23370012619799999,0.25400013716000003,0.0,0.19300010422,0.386100208494,0.0,0.25650013851000003,0.218400117936,0.06600003564,0.076200041148,0.5080002743200001,0.165100089154,0.045700024677999995,,0.0,0.009120004924800008,0.11050005967000001,0.24367459966931912,0.226100122094,0.383550207117,0.4642802507111999,0.782300422442,2023-05-01
05-02,5,2,0.36580019753200005,0.398800215352,0.101600054864,0.330200178308,0.566400305856,0.457200246888,0.16260008780399998,0.42160022766399996,0.022900012366000002,0.09910005351399999,0.09910005351399999,0.11940006447600002,0.28450015363,0.0,0.429300231822,0.226100122094,0.518200279828,0.591800319572,0.391200211248,0.26920014536799997,0.3480001879199999,0.109200058968,0.104100056214,0.03050001647,0.111800060372,0.0,0.246400133056,0.34540018651599996,0.0,0.406400219456,0.26420014266799996,0.203200109728,0.782300422442,0.0,0.231100124794,0.236200127548,0.0,0.195600105624,0.386100208494,0.0,0.271800146772,0.20070010837799998,0.038100020574,0.07110003839399999,0.462300249642,0.16260008780399998,0.025400013716,,0.0,0.0,0.09910005351399999,0.2359043827074468,0.226100122094,0.37595020301300003,0.4592402479896,0.782300422442,2023-05-02
05-03,5,3,0.36580019753200005,0.391200211248,0.088900048006,0.26920014536799997,0.566400305856,0.457200246888,0.137200074088,0.41400022355999994,0.012700006858,0.11940006447600002,0.086400046656,0.106700057618,0.28700015498,0.0,0.429300231822,0.22100011934000002,0.5334002880359999,0.518200279828,0.386100208494,0.236200127548,0.3480001879199999,0.08130004390199999,0.101600054864,0.020300010961999997,0.09910005351399999,0.0,0.246400133056,0.312400168696,0.0,0.406400219456,0.25400013716000003,0.208300112482,0.782300422442,0.0,0.215900116586,0.208300112482,0.0,0.18540010011600003,0.37850020439,0.010200005508000001,0.28190015222599996,0.17270009325799998,0.0,0.045700024677999995,0.434300234522,0.14220007678799998,0.005100002754000001,,0.0,0.0,0.083850045279,0.22482139799923404,0.208300112482,0.37215020096100004,0.44346023946839996,0.782300422442,2023-05-03
05-04,5,4,0.36070019477799997,0.388600209844,0.076200041148,0.24380013165199996,0.566400305856,0.46480025099199995,0.106700057618,0.41400022355999994,0.007600004103999999,0.11940006447600002,0.076200041148,0.09400005076,0.294600159084,0.0,0.36580019753200005,0.226100122094,0.528300285282,0.48510026195399997,0.386100208494,0.213400115236,0.358100193374,0.050800027432,0.104100056214,0.017800009611999998,0.09400005076,0.0,0.246400133056,0.294600159084,0.0,0.406400219456,0.241300130302,0.20070010837799998,0.784900423846,0.0,0.18800010152,0.170200091908,0.0,0.170200091908,0.36070019477799997,0.0,0.26920014536799997,0.1600000864,0.012700006858,0.043200023328,0.40390021810599996,0.12950006993,0.0,,0.0,0.0,0.06350003429000001,0.21541500994106383,0.18800010152,0.36070019477799997,0.4343202345327999,0.784900423846,2023-05-04
05-05,5,5,0.332700179658,0.36580019753200005,0.055900030186,0.241300130302,0.566400305856,0.469900253746,0.06350003429000001,0.41400022355999994,0.0,0.101600054864,0.068600037044,0.076200041148,0.294600159084,0.0,0.388600209844,0.208300112482,0.523200282528,0.469900253746,0.375900202986,0.213400115236,0.37850020439,0.022900012366000002,0.09140004935599999,0.0,0.111800060372,0.0,0.236200127548,0.294600159084,0.007600004103999999,0.386100208494,0.23370012619799999,0.21080011383199998,0.7747004183380001,0.0,0.170200091908,0.13970007543799998,0.0,0.149900080946,0.330200178308,0.0,0.25150013581,0.154900083646,0.005100002754000001,0.038100020574,0.393700212598,0.137200074088,0.0,,0.0,0.0,0.047000025380000005,0.20741713328178724,0.170200091908,0.349250188595,0.43636023563439985,0.7747004183380001,2023-05-05
05-06,5,6,0.294600159084,0.31750017145000003,0.043200023328,0.241300130302,0.57150030861,0.469900253746,0.038100020574,0.41910022631399996,0.0,0.088900048006,0.055900030186,0.050800027432,0.294600159084,0.0,0.41150022221,0.19050010287,0.520700281178,0.46740025239599997,0.35050018927,0.20570011107800001,0.38100020574,0.0,0.076200041148,0.0,0.114300061722,0.0,0.215900116586,0.294600159084,0.017800009611999998,0.34540018651599996,0.213400115236,0.195600105624,0.7569004087260001,0.0,0.14220007678799998,0.111800060372,0.0,0.12190006582599998,0.28450015363,0.0,0.22100011934000002,0.15750008505,0.0,0.020300010961999997,0.375900202986,0.109200058968,0.0,,0.0,0.0,0.029200015768,0.19547031831987233,0.15750008505,0.306050165267,0.4384202367467999,0.7569004087260001,2023-05-06
05-07,5,7,0.302300163242,0.28960015638400005,0.045700024677999995,0.19300010422,0.57150030861,0.472400255096,0.012700006858,0.426700230418,0.0,0.06350003429000001,0.035600019223999996,0.025400013716,0.294600159084,0.0,0.416600224964,0.170200091908,0.523200282528,0.429300231822,0.322600174204,0.208300112482,0.38100020574,0.0,0.050800027432,0.0,0.106700057618,0.0,0.208300112482,0.292100157734,0.012700006858,0.32770017695799997,0.18030009736199998,0.195600105624,0.723900390906,0.0,0.12700006858000001,0.09400005076,0.0,0.09400005076,0.23370012619799999,0.0,0.203200109728,0.12950006993,0.0,0.0,0.373400201636,0.11940006447600002,0.0,,0.0,0.0,0.012700006858,0.18418095052148936,0.12950006993,0.298450161163,0.4277402309796,0.723900390906,2023-05-07
05-08,5,8,0.30730016594200005,0.271800146772,0.03300001782,0.17270009325799998,0.566400305856,0.472400255096,0.0,0.434300234522,0.0,0.076200041148,0.012700006858,0.020300010961999997,0.292100157734,0.0,0.434300234522,0.137200074088,0.5258002839320001,0.40130021670199995,0.309900167346,0.195600105624,0.368300198882,0.0,0.03300001782,0.0,0.116800063072,0.0,0.21080011383199998,0.276900149526,0.0,0.294600159084,0.14220007678799998,0.19050010287,0.6807003675779999,0.0,0.114300061722,0.09140004935599999,0.0,0.08130004390199999,0.20570011107800001,0.0,0.198100106974,0.09650005211,0.0,0.0,0.37080020023200005,0.13460007268399998,0.0,,0.0,0.0,0.0,0.17595328650408512,0.13460007268399998,0.29335015840900003,0.434300234522,0.6807003675779999,2023-05-08
05-09,5,9,0.312400168696,0.259100139914,0.022900012366000002,0.152400082296,0.535900289386,0.472400255096,0.0,0.44450024003,0.0,0.078700042498,0.0,0.015200008207999998,0.26670014401799996,0.0,0.439400237276,0.12450006723,0.520700281178,0.386100208494,0.28700015498,0.18800010152,0.34540018651599996,0.0,0.015200008207999998,0.0,0.12190006582599998,0.0,0.20070010837799998,0.271800146772,0.0,0.27940015087599995,0.12190006582599998,0.177800096012,0.6502003511079999,0.0,0.09910005351399999,0.09400005076,0.0,0.08380004525200001,0.18290009876600002,0.0,0.19050010287,0.078700042498,0.0,0.0,0.34290018516599996,0.15750008505,0.0,,0.0,0.0,0.0,0.1685022186507234,0.12190006582599998,0.27560014882399997,0.4414402383776,0.6502003511079999,2023-05-09
05-10,5,10,0.3150001701,0.23370012619799999,0.022900012366000002,0.147300079542,0.5334002880359999,0.469900253746,0.005100002754000001,0.452100244134,0.0,0.08130004390199999,0.0,0.010200005508000001,0.26670014401799996,0.0,0.43690023592599997,0.086400046656,0.5029002715659999,0.38350020709000004,0.259100139914,0.175300094662,0.35050018927,0.0,0.0,0.0,0.13460007268399998,0.0,0.18290009876600002,0.26670014401799996,0.0,0.28450015363,0.09140004935599999,0.16260008780399998,0.657900355266,0.0,0.073700039798,0.104100056214,0.0,0.09910005351399999,0.154900083646,0.0,0.208300112482,0.048300026082,0.0,0.0,0.332700179658,0.15750008505,0.0,,0.0,0.0,0.0,0.16364689687991488,0.104100056214,0.26670014401799996,0.4429802392092,0.657900355266,2023-05-10
05-11,5,11,0.309900167346,0.23370012619799999,0.007600004103999999,0.154900083646,0.535900289386,0.452100244134,0.007600004103999999,0.459700248238,0.0,0.073700039798,0.0,0.005100002754000001,0.26670014401799996,0.0,0.41910022631399996,0.058400031536,0.492800266112,0.38100020574,0.231100124794,0.175300094662,0.36580019753200005,0.0,0.0,0.0,0.13210007133399998,0.0,0.226100122094,0.248900134406,0.0,0.27940015087599995,0.06600003564,0.154900083646,0.6680003607200001,0.0,0.050800027432,0.106700057618,0.0,0.08130004390199999,0.114300061722,0.0,0.195600105624,0.025400013716,0.0,0.0,0.312400168696,0.154900083646,0.0,,0.0,0.0,0.0,0.1584511493933617,0.106700057618,0.25780013921199996,0.4323002334419999,0.6680003607200001,2023-05-11
05-12,5,12,0.31750017145000003,0.23370012619799999,0.010200005508000001,0.16760009050400002,0.553700298998,0.431800233172,0.010200005508000001,0.472400255096,0.0,0.035600019223999996,0.0,0.010200005508000001,0.26920014536799997,0.0,0.40130021670199995,0.038100020574,0.497800268812,0.36320019612800003,0.203200109728,0.175300094662,0.37080020023200005,0.0,0.0,0.0,0.12190006582599998,0.0,0.226100122094,0.215900116586,0.0,0.271800146772,0.03050001647,0.175300094662,0.6553003538619999,0.0,0.03300001782,0.106700057618,0.0,0.073700039798,0.08380004525200001,0.0,0.16760009050400002,0.010200005508000001,0.0,0.0,0.297200160488,0.15750008505,0.0,,0.0,0.0,0.0,0.15294263578046807,0.08380004525200001,0.25145013578299996,0.4135002232899999,0.6553003538619999,2023-05-12
05-13,5,13,0.31750017145000003,0.23370012619799999,0.010200005508000001,0.177800096012,0.553700298998,0.396200213948,0.012700006858,0.48510026195399997,0.0,0.010200005508000001,0.010200005508000001,0.012700006858,0.26920014536799997,0.0,0.391200211248,0.025400013716,0.497800268812,0.322600174204,0.175300094662,0.1600000864,0.35050018927,0.0,0.0,0.0,0.101600054864,0.0,0.22350012068999997,0.175300094662,0.0,0.21080011383199998,0.0,0.177800096012,0.6375003442499999,0.0,0.012700006858,0.101600054864,0.0,0.050800027432,0.045700024677999995,0.0,0.13210007133399998,0.0,0.0,0.0,0.259100139914,0.14480007819200003,0.0,,0.0,0.0,0.0,0.14224050234174468,0.050800027432,0.228600123444,0.39320021232799995,0.6375003442499999,2023-05-13
05-14,5,14,0.294600159084,0.23370012619799999,0.0,0.18030009736199998,0.553700298998,0.358100193374,0.010200005508000001,0.472400255096,0.0,0.0,0.010200005508000001,0.015200008207999998,0.241300130302,0.0,0.36580019753200005,0.0,0.495300267462,0.292100157734,0.14480007819200003,0.170200091908,0.355600192024,0.0,0.0,0.0,0.073700039798,0.0,0.21080011383199998,0.14220007678799998,0.0,0.226100122094,0.0,0.18290009876600002,0.599400323676,0.0,0.00250000135,0.086400046656,0.0,0.03050001647,0.022900012366000002,0.0,0.101600054864,0.0,0.0,0.0,0.24380013165199996,0.12190006582599998,0.0,,0.0,0.0,0.0,0.13272773124740425,0.03050001647,0.22990012414599997,0.3611801950372,0.599400323676,2023-05-14
05-15,5,15,0.261600141264,0.23370012619799999,0.0,0.18290009876600002,0.5613003031020001,0.332700179658,0.0,0.46480025099199995,0.0,0.0,0.007600004103999999,0.012700006858,0.226100122094,0.0,0.337800182412,0.0,0.495300267462,0.25400013716000003,0.111800060372,0.170200091908,0.358100193374,0.0,0.0,0.0,0.043200023328,0.0,0.19050010287,0.111800060372,0.0,0.228600123444,0.0,0.18800010152,0.56900030726,0.0,0.0,0.058400031536,0.007600004103999999,0.010200005508000001,0.010200005508000001,0.0,0.073700039798,0.0,0.0,0.0,0.22100011934000002,0.109200058968,0.0,,0.0,0.0,0.0,0.12408517338893617,0.012700006858,0.223550120717,0.3459201867968,0.56900030726,2023-05-15
05-16,5,16,0.213400115236,0.231100124794,0.0,0.177800096012,0.5613003031020001,0.299700161838,0.0,0.457200246888,0.0,0.0,0.0,0.010200005508000001,0.226100122094,0.0,0.3150001701,0.0,0.462300249642,0.218400117936,0.076200041148,0.16760009050400002,0.37080020023200005,0.0,0.0,0.0,0.03050001647,0.0,0.152400082296,0.078700042498,0.0,0.22100011934000002,0.0,0.175300094662,0.5156002784239999,0.0,0.0,0.03300001782,0.010200005508000001,0.0,0.0,0.0,0.038100020574,0.0,0.0,0.0,0.198100106974,0.08380004525200001,0.0,,0.0,0.0,0.0,0.11327240159259575,0.010200005508000001,0.205750111105,0.3373201821527999,0.5613003031020001,2023-05-16
05-17,5,17,0.20070010837799998,0.22350012068999997,0.0,0.175300094662,0.5791003127139999,0.30730016594200005,0.0,0.452100244134,0.0,0.0,0.0,0.0,0.218400117936,0.0,0.294600159084,0.0,0.459700248238,0.18540010011600003,0.050800027432,0.147300079542,0.375900202986,0.0,0.0,0.0,0.0,0.0,0.11940006447600002,0.040600021923999995,0.0,0.19050010287,0.0,0.152400082296,0.5029002715659999,0.0,0.0,0.017800009611999998,0.017800009611999998,0.0,0.00250000135,0.0,0.012700006858,0.0,0.0,0.0,0.18290009876600002,0.06100003294,0.0,,0.0,0.0,0.0,0.1057575039175319,0.00250000135,0.18415009944100003,0.33474018075959994,0.5791003127139999,2023-05-17
05-18,5,18,0.17270009325799998,0.215900116586,0.0,0.17270009325799998,0.5791003127139999,0.299700161838,0.0,0.439400237276,0.0,0.0,0.0,0.0,0.19050010287,0.0,0.26420014266799996,0.0,0.44200023868000005,0.154900083646,0.017800009611999998,0.116800063072,0.355600192024,0.0,0.0,0.0,0.0,0.0,0.12950006993,0.022900012366000002,0.0,0.14220007678799998,0.0,0.116800063072,0.500400270216,0.0,0.0,0.0,0.0,0.0,0.007600004103999999,0.0,0.005100002754000001,0.0,0.0,0.0,0.15750008505,0.027900015065999997,0.0,,0.0,0.0,0.0,0.09640856269889361,0.0,0.15620008434799998,0.32206017391239994,0.5791003127139999,2023-05-18
05-19,5,19,0.149900080946,0.215900116586,0.0,0.16760009050400002,0.586700316818,0.259100139914,0.0,0.396200213948,0.0,0.0,0.0,0.0,0.175300094662,0.0,0.23370012619799999,0.0,0.429300231822,0.13210007133399998,0.0,0.09140004935599999,0.3200001728,0.0,0.0,0.0,0.0,0.0,0.104100056214,0.0,0.0,0.09910005351399999,0.0,0.101600054864,0.50550027297,0.0,0.0,0.0,0.0,0.0,0.007600004103999999,0.0,0.0,0.0,0.0,0.0,0.14220007678799998,0.005100002754000001,0.0,,0.0,0.0,0.0,0.08771068566161702,0.0,0.137150074061,0.2834601530683999,0.586700316818,2023-05-19
05-20,5,20,0.109200058968,0.213400115236,0.0,0.16260008780399998,0.586700316818,0.24380013165199996,0.0,0.35310019067400006,0.0,0.0,0.0,0.0,0.14480007819200003,0.0,0.215900116586,0.0,0.40890022080599997,0.12950006993,0.0,0.06350003429000001,0.299700161838,0.0,0.0,0.0,0.0,0.0,0.06100003294,0.0,0.0,0.06100003294,0.0,0.104100056214,0.523200282528,0.0,0.0,0.0,0.0,0.0,0.005100002754000001,0.0,0.0,0.0,0.0,0.0,0.116800063072,0.0,0.0,,0.0,0.0,0.0,0.080900043686,0.0,0.11300006102,0.2661601437263999,0.586700316818,2023-05-20
05-21,5,21,0.073700039798,0.18030009736199998,0.0,0.15750008505,0.591800319572,0.20570011107800001,0.0,0.304800164592,0.00250000135,0.0,0.0,0.0,0.101600054864,0.0,0.198100106974,0.0,0.391200211248,0.12700006858000001,0.0,0.03050001647,0.26670014401799996,0.0,0.0,0.0,0.0,0.0,0.027900015065999997,0.0,0.0,0.020300010961999997,0.0,0.073700039798,0.528300285282,0.0,0.0,0.0,0.0,0.0,0.00250000135,0.0,0.0,0.0,0.0,0.00250000135,0.078700042498,0.0,0.0,,0.0,0.0,0.0,0.07160216632472341,0.0,0.076200041148,0.2301001242539999,0.591800319572,2023-05-21
05-22,5,22,0.03300001782,0.165100089154,0.0,0.152400082296,0.586700316818,0.18540010011600003,0.0,0.259100139914,0.00250000135,0.0,0.0,0.0,0.07110003839399999,0.0,0.175300094662,0.0,0.36320019612800003,0.116800063072,0.0,0.022900012366000002,0.236200127548,0.0,0.0,0.005100002754000001,0.0,0.0,0.0,0.0,0.0,0.0,0.0,0.048300026082,0.518200279828,0.0,0.0,0.0,0.0,0.0,0.005100002754000001,0.0,0.0,0.0,0.0,0.00250000135,0.045700024677999995,0.0,0.0,,0.0,0.0,0.0,0.06371492802306383,0.0,0.04700002538,0.20572011108879995,0.586700316818,2023-05-22
05-23,5,23,0.0,0.12950006993,0.0,0.149900080946,0.586700316818,0.13970007543799998,0.0,0.25400013716000003,0.0,0.0,0.0,0.0,0.038100020574,0.0,0.152400082296,0.0,0.335300181062,0.088900048006,0.0,0.015200008207999998,0.218400117936,0.0,0.0,0.005100002754000001,0.0,0.0,0.0,0.0,0.0,0.022900012366000002,0.0,0.035600019223999996,0.5029002715659999,0.0,0.0,0.0,0.0,0.0,0.0,0.0,0.0,0.0,0.0,0.00250000135,0.020300010961999997,0.0,0.0,,0.0,0.0,0.0,0.05739152035310638,0.0,0.029250015795,0.1788000965519999,0.586700316818,2023-05-23
05-24,5,24,0.0,0.07110003839399999,0.0,0.14480007819200003,0.535900289386,0.058400031536,0.0,0.241300130302,0.0,0.0,0.0,0.0,0.03300001782,0.0,0.12190006582599998,0.0,0.36070019477799997,0.058400031536,0.0,0.0,0.17270009325799998,0.0,0.0,0.012700006858,0.0,0.0,0.0,0.0,0.0,0.03300001782,0.0,0.025400013716,0.495300267462,0.0,0.0,0.0,0.0,0.0,0.0,0.0,0.020300010961999997,0.0,0.0,0.0,0.0,0.0,0.0,,0.0,0.0,0.0,0.05074258059246808,0.0,0.029200015768,0.15596008421839996,0.535900289386,2023-05-24
05-25,5,25,0.0,0.038100020574,0.0,0.13970007543799998,0.472400255096,0.0,0.0,0.21080011383199998,0.00250000135,0.0,0.0,0.00250000135,0.0,0.0,0.104100056214,0.0,0.35050018927,0.055900030186,0.0,0.0,0.13460007268399998,0.0,0.0,0.0,0.0,0.0,0.0,0.0,0.0,0.03050001647,0.0,0.03300001782,0.500400270216,0.0,0.0,0.0,0.0,0.0,0.0,0.0,0.012700006858,0.0,0.0,0.0,0.0,0.0,0.0,,0.0,0.0,0.0,0.04441917292251063,0.0,0.007600004104,0.13664007378559997,0.500400270216,2023-05-25
05-26,5,26,0.0,0.027900015065999997,0.0,0.06350003429000001,0.41910022631399996,0.0,0.0,0.16260008780399998,0.010200005508000001,0.0,0.0,0.0,0.0,0.0,0.073700039798,0.0,0.332700179658,0.055900030186,0.0,0.0,0.111800060372,0.0,0.0,0.0,0.0,0.0,0.0,0.0,0.0,0.015200008207999998,0.0,0.015200008207999998,0.4750002565,0.0,0.0,0.0,0.0,0.0,0.0,0.0,0.0,0.0,0.0,0.0,0.0,0.0,0.0,,0.0,0.0,0.0,0.03750640323217021,0.0,0.005100002754000001,0.08894004802759994,0.4750002565,2023-05-26
05-27,5,27,0.0,0.020300010961999997,0.0,0.025400013716,0.386100208494,0.0,0.0,0.12950006993,0.015200008207999998,0.0,0.0,0.0,0.0,0.0,0.015200008207999998,0.0,0.332700179658,0.045700024677999995,0.0,0.0,0.088900048006,0.0,0.0,0.0,0.0,0.0,0.0,0.0,0.0,0.0,0.0,0.0,0.44700024137999994,0.0,0.0,0.0,0.0,0.0,0.0,0.0,0.0,0.0,0.0,0.0,0.0,0.0,0.0,,0.0,0.0,0.0,0.032042570494468084,0.0,0.0,0.06298003400919994,0.44700024137999994,2023-05-27
05-28,5,28,0.0,0.0,0.0,0.0,0.373400201636,0.0,0.0,0.106700057618,0.00250000135,0.0,0.0,0.0,0.0,0.0,0.0,0.0,0.330200178308,0.03050001647,0.0,0.0,0.055900030186,0.0,0.0,0.0,0.0,0.0,0.0,0.0,0.0,0.0,0.0,0.0,0.41910022631399996,0.0,0.0,0.0,0.0,0.0,0.0,0.0,0.0,0.0,0.0,0.0,0.0,0.0,0.0,,0.0,0.0,0.0,0.028048951316638298,0.0,0.0,0.040660021956399964,0.41910022631399996,2023-05-28
05-29,5,29,0.0,0.0,0.0,0.0,0.330200178308,0.0,0.0,0.07110003839399999,0.0,0.0,0.0,0.0,0.0,0.0,0.0,0.0,0.31750017145000003,0.020300010961999997,0.0,0.0,0.020300010961999997,0.0,0.0,0.0,0.0,0.0,0.0,0.0,0.0,0.0,0.0,0.0,0.42160022766399996,0.0,0.0,0.0,0.0,0.0,0.0,0.0,0.0,0.0,0.0,0.0,0.0,0.0,0.0,,0.0,0.0,0.0,0.025127673143404253,0.0,0.0,0.020300010961999997,0.42160022766399996,2023-05-29
05-30,5,30,0.0,0.0,0.0,0.0,0.25150013581,0.0,0.0,0.017800009611999998,0.0,0.0,0.0,0.0,0.0,0.0,0.0,0.0,0.292100157734,0.0,0.0,0.0,0.0,0.0,0.0,0.0,0.0,0.0,0.0,0.0,0.0,0.0,0.0,0.0,0.426700230418,0.0,0.0,0.0,0.0,0.0,0.0,0.0,0.0,0.0,0.0,0.010200005508000001,0.0,0.0,0.0,,0.0,0.0,0.0,0.02124043700174468,0.0,0.0,0.004080002203199986,0.426700230418,2023-05-30
05-31,5,31,0.0,0.0,0.0,0.0,0.228600123444,0.0,0.0,0.0,0.0,0.0,0.0,0.0,0.0,0.0,0.0,0.0,0.28190015222599996,0.0,0.0,0.0,0.0,0.0,0.0,0.0,0.0,0.0,0.0,0.0,0.0,0.0,0.0,0.0,0.431800233172,0.0,0.0,0.0,0.0,0.0,0.0,0.0,0.0,0.0,0.0,0.0,0.0,0.0,0.0,,0.0,0.0,0.0,0.020048946996638298,0.0,0.0,0.0,0.431800233172,2023-05-31
06-01,6,1,0.0,0.0,0.0,0.0,0.228600123444,0.0,0.0,0.0,0.0,0.0,0.0,0.0,0.0,0.0,0.0,0.0,0.246400133056,0.0,0.0,0.0,0.0,0.0,0.0,0.0,0.0,0.0,0.0,0.0,0.0,0.0,0.0,0.0,0.40890022080599997,0.0,0.0,0.0,0.0,0.0,0.0,0.0,0.0,0.0,0.0,0.0,0.0,0.0,0.0,,0.0,0.0,0.0,0.01880639313417021,0.0,0.0,0.0,0.40890022080599997,2023-06-01
06-02,6,2,0.0,0.0,0.0,0.0,0.228600123444,0.0,0.0,0.0,0.0,0.0,0.0,0.005100002754000001,0.0,0.0,0.0,0.0,0.218400117936,0.0,0.0,0.0,0.0,0.0,0.0,0.0,0.0,0.0,0.0,0.0,0.0,0.0,0.0,0.0,0.37850020439,0.0,0.0,0.0,0.0,0.0,0.0,0.0,0.0,0.0,0.0,0.0,0.0,0.0,0.0,,0.0,0.0,0.0,0.017672349968595742,0.0,0.0,0.0,0.37850020439,2023-06-02
06-03,6,3,0.0,0.0,0.0,0.0,0.215900116586,0.0,0.0,0.0,0.0,0.0,0.0,0.0,0.0,0.0,0.0,0.0,0.198100106974,0.0,0.0,0.0,0.0,0.0,0.0,0.0,0.0,0.0,0.0,0.0,0.0,0.0,0.0,0.0,0.36320019612800003,0.0,0.0,0.0,0.0,0.0,0.0,0.0,0.0,0.0,0.0,0.0,0.0,0.0,0.0,,0.0,0.0,0.0,0.016536179142297873,0.0,0.0,0.0,0.36320019612800003,2023-06-03
06-04,6,4,0.0,0.0,0.0,0.0,0.18800010152,0.0,0.0,0.0,0.0,0.0,0.0,0.0,0.0,0.0,0.0,0.0,0.18030009736199998,0.0,0.0,0.0,0.0,0.0,0.0,0.0,0.0,0.0,0.0,0.0,0.0,0.0,0.0,0.0,0.3150001701,0.0,0.0,0.0,0.0,0.0,0.0,0.0,0.0,0.0,0.0,0.0,0.0,0.0,0.0,,0.0,0.0,0.0,0.014538305723021276,0.0,0.0,0.0,0.3150001701,2023-06-04
06-05,6,5,0.0,0.0,0.0,0.0,0.165100089154,0.0,0.0,0.0,0.0,0.0,0.0,0.0,0.0,0.0,0.0,0.0,0.1600000864,0.0,0.0,0.0,0.0,0.0,0.0,0.0,0.0,0.0,0.0,0.0,0.0,0.0,0.0,0.0,0.25400013716000003,0.0,0.0,0.0,0.0,0.0,0.0,0.0,0.0,0.0,0.0,0.0,0.0,0.0,0.0,,0.0,0.0,0.0,0.012321283249234042,0.0,0.0,0.0,0.25400013716000003,2023-06-05
06-06,6,6,0.0,0.0,0.0,0.0,0.12700006858000001,0.0,0.0,0.0,0.0,0.0,0.0,0.0,0.0,0.0,0.0,0.0,0.11940006447600002,0.0,0.0,0.0,0.0,0.0,0.0,0.0,0.0,0.0,0.0,0.0,0.0,0.0,0.0,0.0,0.20070010837799998,0.0,0.0,0.0,0.0,0.0,0.0,0.0,0.0,0.0,0.0,0.0,0.0,0.0,0.0,,0.0,0.0,0.0,0.009512771094340426,0.0,0.0,0.0,0.20070010837799998,2023-06-06
06-07,6,7,0.0,0.0,0.0,0.0,0.09650005211,0.0,0.0,0.0,0.0,0.0,0.0,0.0,0.0,0.0,0.0,0.0,0.104100056214,0.0,0.0,0.0,0.0,0.0,0.0,0.0,0.0,0.0,0.0,0.0,0.0,0.0,0.0,0.0,0.16260008780399998,0.0,0.0,0.0,0.0,0.0,0.0,0.0,0.0,0.0,0.0,0.0,0.0,0.0,0.0,,0.0,0.0,0.0,0.007727663747404255,0.0,0.0,0.0,0.16260008780399998,2023-06-07
06-08,6,8,0.0,0.0,0.0,0.0,0.027900015065999997,0.0,0.0,0.0,0.0,0.0,0.0,0.0,0.0,0.0,0.005100002754000001,0.0,0.09650005211,0.0,0.0,0.0,0.0,0.0,0.0,0.0,0.0,0.0,0.007600004103999999,0.0,0.00250000135,0.0,0.0,0.0,0.12700006858000001,0.0,0.0,0.0,0.0,0.0,0.0,0.0,0.0,0.0,0.0,0.0,0.0,0.0,0.0,,0.0,0.0,0.0,0.005672343488595744,0.0,0.0,0.0035400019115999965,0.12700006858000001,2023-06-08
06-09,6,9,0.0,0.0,0.0,0.0,0.0,0.0,0.0,0.0,0.0,0.0,0.0,0.0,0.0,0.0,0.0,0.0,0.109200058968,0.0,0.0,0.0,0.0,0.0,0.0,0.0,0.0,0.0,0.0,0.0,0.0,0.0,0.0,0.0,0.09910005351399999,0.0,0.0,0.0,0.0,0.0,0.0,0.0,0.0,0.005100002754000001,0.0,0.0,0.0,0.0,0.0,,0.0,0.0,0.0,0.00454042798374468,0.0,0.0,0.0,0.109200058968,2023-06-09
06-10,6,10,0.0,0.0,0.0,0.0,0.0,0.0,0.0,0.0,0.0,0.0,0.0,0.0,0.0,0.0,0.0,0.0,0.114300061722,0.0,0.0,0.0,0.0,0.0,0.0,0.0,0.0,0.0,0.0,0.0,0.0,0.0,0.0,0.0,0.073700039798,0.0,0.0,0.0,0.0,0.0,0.0,0.0,0.0,0.00250000135,0.0,0.0,0.0,0.0,0.0,,0.0,0.0,0.0,0.004053193678085106,0.0,0.0,0.0,0.114300061722,2023-06-10
06-11,6,11,0.0,0.0,0.0,0.0,0.0,0.0,0.0,0.0,0.0,0.0,0.0,0.0,0.0,0.0,0.0,0.0,0.09400005076,0.0,0.0,0.0,0.0,0.0,0.0,0.0,0.0,0.0,0.0,0.0,0.0,0.0,0.0,0.0,0.03300001782,0.0,0.0,0.0,0.0,0.0,0.0,0.0,0.0,0.0,0.0,0.0,0.0,0.0,0.0,,0.0,0.0,0.0,0.002702129118723404,0.0,0.0,0.0,0.09400005076,2023-06-11
06-12,6,12,0.0,0.0,0.0,0.0,0.0,0.0,0.0,0.0,0.0,0.0,0.0,0.0,0.0,0.0,0.0,0.0,0.050800027432,0.0,0.0,0.0,0.0,0.0,0.0,0.0,0.0,0.0,0.0,0.0,0.0,0.0,0.0,0.012700006858,0.010200005508000001,0.0,0.0,0.0,0.0,0.0,0.0,0.0,0.0,0.0,0.0,0.0,0.0,0.0,0.0,,0.0,0.0,0.0,0.0015680859531489364,0.0,0.0,0.0,0.050800027432,2023-06-12
06-13,6,13,0.0,0.0,0.0,0.0,0.0,0.0,0.0,0.0,0.0,0.0,0.0,0.0,0.0,0.0,0.0,0.0,0.012700006858,0.0,0.0,0.0,0.0,0.0,0.0,0.0,0.0,0.0,0.0,0.0,0.0,0.0,0.0,0.005100002754000001,0.005100002754000001,0.0,0.0,0.0,0.0,0.0,0.0,0.0,0.0,0.0,0.0,0.0,0.0,0.0,0.0,,0.0,0.0,0.0,0.0004872343056595745,0.0,0.0,0.0,0.012700006858,2023-06-13
06-14,6,14,0.0,0.0,0.0,0.0,0.0,0.0,0.0,0.0,0.0,0.0,0.0,0.0,0.0,0.0,0.0,0.0,0.0,0.0,0.0,0.0,0.0,0.0,0.0,0.0,0.0,0.0,0.0,0.0,0.0,0.0,0.0,0.00250000135,0.0,0.0,0.0,0.0,0.0,0.0,0.0,0.0,0.0,0.0,0.0,0.0,0.0,0.0,0.0,,0.0,0.0,0.0,5.319151808510638e-05,0.0,0.0,0.0,0.00250000135,2023-06-14
06-15,6,15,0.0,0.0,0.0,0.0,0.0,0.0,0.0,0.0,0.0,0.0,0.0,0.0,0.0,0.0,0.0,0.0,0.0,0.0,0.0,0.0,0.0,0.0,0.0,0.0,0.0,0.0,0.0,0.0,0.0,0.0,0.0,0.0,0.0,0.0,0.0,0.0,0.0,0.0,0.0,0.0,0.0,0.0,0.0,0.0,0.0,0.0,0.0,,0.0,0.0,0.0,0.0,0.0,0.0,0.0,0.0,2023-06-15
06-16,6,16,0.0,0.0,0.0,0.0,0.0,0.0,0.0,0.0,0.0,0.0,0.0,0.0,0.0,0.0,0.0,0.0,0.0,0.0,0.0,0.0,0.0,0.0,0.0,0.0,0.0,0.0,0.0,0.0,0.0,0.0,0.0,0.0,0.0,0.0,0.0,0.0,0.0,0.0,0.0,0.0,0.0,0.0,0.0,0.0,0.0,0.0,0.0,,0.0,0.0,0.0,0.0,0.0,0.0,0.0,0.0,2023-06-16
06-17,6,17,0.0,0.0,0.0,0.0,0.0,0.0,0.0,0.0,0.0,0.0,0.0,0.0,0.0,0.0,0.0,0.0,0.0,0.0,0.0,0.005100002754000001,0.0,0.0,0.0,0.0,0.0,0.0,0.0,0.0,0.0,0.0,0.0,0.0,0.0,0.0,0.0,0.0,0.0,0.0,0.0,0.0,0.0,0.0,0.0,0.0,0.0,0.0,0.0,,0.0,0.0,0.0,0.00010851069689361704,0.0,0.0,0.0,0.005100002754000001,2023-06-17
06-18,6,18,0.0,0.0,0.0,0.0,0.0,0.0,0.0,0.0,0.0,0.0,0.0,0.0,0.0,0.0,0.0,0.0,0.0,0.0,0.0,0.03300001782,0.0,0.0,0.0,0.0,0.0,0.0,0.0,0.0,0.0,0.0,0.0,0.0,0.0,0.0,0.0,0.010200005508000001,0.0,0.0,0.0,0.0,0.0,0.0,0.0,0.0,0.0,0.0,0.0,,0.0,0.0,0.0,0.0009191494325106383,0.0,0.0,0.0,0.03300001782,2023-06-18
06-19,6,19,0.0,0.0,0.0,0.0,0.0,0.0,0.0,0.0,0.0,0.0,0.0,0.0,0.0,0.0,0.0,0.0,0.0,0.0,0.0,0.017800009611999998,0.0,0.0,0.0,0.0,0.0,0.0,0.0,0.0,0.0,0.0,0.0,0.0,0.0,0.0,0.0,0.0,0.0,0.0,0.0,0.0,0.0,0.0,0.0,0.0,0.0,0.0,0.0,,0.0,0.0,0.0,0.0003787236087659574,0.0,0.0,0.0,0.017800009611999998,2023-06-19
06-20,6,20,0.0,0.0,0.0,0.0,0.0,0.0,0.0,0.0,0.0,0.0,0.0,0.0,0.0,0.0,0.0,0.0,0.0,0.0,0.0,0.0,0.0,0.0,0.0,0.0,0.0,0.0,0.0,0.0,0.0,0.0,0.0,0.0,0.0,0.0,0.0,0.0,0.0,0.0,0.0,0.0,0.0,0.0,0.0,0.0,0.0,0.0,0.0,,0.0,0.0,0.0,0.0,0.0,0.0,0.0,0.0,2023-06-20
06-21,6,21,0.0,0.0,0.0,0.0,0.0,0.0,0.0,0.0,0.0,0.0,0.0,0.0,0.0,0.0,0.0,0.0,0.0,0.0,0.0,0.0,0.0,0.0,0.0,0.0,0.0,0.0,0.0,0.0,0.0,0.0,0.0,0.0,0.0,0.0,0.0,0.0,0.0,0.0,0.0,0.0,0.0,0.0,0.0,0.0,0.0,0.0,0.0,,0.0,0.0,0.0,0.0,0.0,0.0,0.0,0.0,2023-06-21
06-22,6,22,0.0,0.0,0.0,0.0,0.0,0.0,0.0,0.0,0.0,0.0,0.0,0.0,0.0,0.0,0.0,0.0,0.0,0.0,0.0,0.0,0.0,0.0,0.0,0.0,0.0,0.0,0.0,0.0,0.0,0.0,0.0,0.0,0.0,0.0,0.0,0.0,0.0,0.0,0.0,0.0,0.0,0.0,0.0,0.0,0.0,0.0,0.0,,0.0,0.0,0.0,0.0,0.0,0.0,0.0,0.0,2023-06-22
06-23,6,23,0.0,0.0,0.0,0.0,0.0,0.0,0.0,0.0,0.0,0.0,0.0,0.0,0.0,0.0,0.0,0.0,0.0,0.0,0.0,0.0,0.0,0.0,0.0,0.0,0.0,0.0,0.0,0.0,0.0,0.0,0.0,0.0,0.0,0.0,0.0,0.0,0.0,0.0,0.0,0.0,0.0,0.0,0.0,0.0,0.0,0.0,0.0,,0.0,0.0,0.0,0.0,0.0,0.0,0.0,0.0,2023-06-23
06-24,6,24,0.0,0.0,0.0,0.0,0.0,0.0,0.0,0.0,0.0,0.0,0.0,0.0,0.0,0.0,0.0,0.0,0.0,0.0,0.0,0.0,0.0,0.0,0.0,0.0,0.0,0.0,0.0,0.0,0.0,0.0,0.0,0.0,0.0,0.0,0.0,0.0,0.0,0.0,0.0,0.0,0.0,0.0,0.0,0.0,0.0,0.0,0.0,,0.0,0.0,0.0,0.0,0.0,0.0,0.0,0.0,2023-06-24
06-25,6,25,0.0,0.0,0.0,0.0,0.0,0.0,0.0,0.0,0.0,0.0,0.0,0.0,0.0,0.0,0.0,0.0,0.0,0.0,0.0,0.0,0.0,0.0,0.0,0.0,0.0,0.0,0.0,0.0,0.0,0.0,0.0,0.0,0.0,0.0,0.0,0.0,0.0,0.0,0.0,0.0,0.0,0.0,0.0,0.0,0.0,0.0,0.0,,0.0,0.0,0.0,0.0,0.0,0.0,0.0,0.0,2023-06-25
06-26,6,26,0.0,0.0,0.0,0.0,0.0,0.0,0.0,0.0,0.0,0.0,0.0,0.0,0.0,0.0,0.0,0.0,0.0,0.0,0.0,0.0,0.0,0.0,0.0,0.0,0.0,0.0,0.0,0.0,0.0,0.0,0.0,0.0,0.0,0.0,0.0,0.0,0.0,0.0,0.0,0.0,0.0,0.0,0.0,0.0,0.0,0.0,0.0,,0.0,0.0,0.0,0.0,0.0,0.0,0.0,0.0,2023-06-26
06-27,6,27,0.0,0.0,0.0,0.0,0.0,0.0,0.0,0.0,0.0,0.0,0.0,0.0,0.0,0.0,0.0,0.0,0.0,0.0,0.0,0.0,0.0,0.0,0.0,0.0,0.0,0.0,0.0,0.0,0.0,0.0,0.0,0.0,0.0,0.0,0.0,0.0,0.0,0.0,0.0,0.0,0.0,0.0,0.0,0.0,0.0,0.0,0.0,,0.0,0.0,0.0,0.0,0.0,0.0,0.0,0.0,2023-06-27
06-28,6,28,0.0,0.0,0.0,0.0,0.0,0.0,0.0,0.0,0.0,0.0,0.0,0.0,0.0,0.0,0.0,0.0,0.0,0.0,0.0,0.0,0.0,0.0,0.0,0.0,0.0,0.0,0.0,0.0,0.0,0.0,0.0,0.0,0.0,0.0,0.0,0.0,0.0,0.0,0.0,0.0,0.0,0.0,0.0,0.0,0.0,0.0,0.0,,0.0,0.0,0.0,0.0,0.0,0.0,0.0,0.0,2023-06-28
06-29,6,29,0.0,0.0,0.0,0.0,0.0,0.0,0.0,0.0,0.0,0.0,0.0,0.0,0.0,0.0,0.0,0.0,0.0,0.0,0.0,0.0,0.0,0.0,0.0,0.0,0.0,0.0,0.0,0.0,0.0,0.0,0.0,0.0,0.0,0.0,0.0,0.0,0.0,0.0,0.0,0.0,0.0,0.0,0.0,0.0,0.0,0.0,0.0,,0.0,0.0,0.0,0.0,0.0,0.0,0.0,0.0,2023-06-29
06-30,6,30,0.0,0.0,0.0,0.0,0.0,0.0,0.0,0.0,0.0,0.0,0.0,0.0,0.0,0.0,0.0,0.0,0.0,0.0,0.0,0.0,0.0,0.0,0.0,0.0,0.0,0.0,0.0,0.0,0.0,0.0,0.0,0.0,0.0,0.0,0.0,0.0,0.0,0.0,0.0,0.0,0.0,0.0,0.0,0.0,0.0,0.0,0.0,,0.0,0.0,0.0,0.0,0.0,0.0,0.0,0.0,2023-06-30
07-01,7,1,0.0,0.0,0.0,0.0,0.0,0.0,0.0,0.0,0.0,0.0,0.0,0.0,0.0,0.0,0.0,0.0,0.0,0.0,0.0,0.0,0.0,0.0,0.0,0.0,0.0,0.0,0.0,0.0,0.0,0.0,0.0,0.0,0.0,0.0,0.0,0.0,0.0,0.0,0.0,0.0,0.0,0.0,0.0,0.0,0.0,0.0,0.0,,0.0,0.0,0.0,0.0,0.0,0.0,0.0,0.0,2023-07-01
07-02,7,2,0.0,0.0,0.0,0.0,0.0,0.0,0.0,0.0,0.0,0.0,0.0,0.0,0.0,0.0,0.0,0.0,0.0,0.0,0.0,0.0,0.0,0.0,0.0,0.0,0.0,0.0,0.0,0.0,0.0,0.0,0.0,0.0,0.0,0.0,0.0,0.0,0.0,0.0,0.0,0.0,0.0,0.0,0.0,0.0,0.0,0.0,0.0,,0.0,0.0,0.0,0.0,0.0,0.0,0.0,0.0,2023-07-02
07-03,7,3,0.0,0.0,0.0,0.0,0.0,0.0,0.0,0.0,0.0,0.0,0.0,0.0,0.0,0.0,0.0,0.0,0.0,0.0,0.0,0.0,0.0,0.0,0.0,0.0,0.0,0.0,0.0,0.0,0.0,0.0,0.0,0.0,0.0,0.0,0.0,0.0,0.0,0.0,0.0,0.0,0.0,0.0,0.0,0.0,0.0,0.0,0.0,,0.0,0.0,0.0,0.0,0.0,0.0,0.0,0.0,2023-07-03
07-04,7,4,0.0,0.0,0.0,0.0,0.0,0.0,0.0,0.0,0.0,0.0,0.0,0.0,0.0,0.0,0.0,0.0,0.0,0.0,0.0,0.0,0.0,0.0,0.0,0.0,0.0,0.0,0.0,0.0,0.0,0.0,0.0,0.0,0.0,0.0,0.0,0.0,0.0,0.0,0.0,0.0,0.0,0.0,0.0,0.0,0.0,0.0,0.0,,0.0,0.0,0.0,0.0,0.0,0.0,0.0,0.0,2023-07-04
07-05,7,5,0.0,0.0,0.0,0.0,0.0,0.0,0.0,0.0,0.0,0.0,0.0,0.0,0.0,0.0,0.0,0.0,0.0,0.0,0.0,0.0,0.0,0.0,0.0,0.0,0.0,0.0,0.0,0.0,0.0,0.0,0.0,0.0,0.0,0.0,0.0,0.0,0.0,0.0,0.0,0.0,0.0,0.0,0.0,0.0,0.0,0.0,0.0,,0.0,0.0,0.0,0.0,0.0,0.0,0.0,0.0,2023-07-05
07-06,7,6,0.0,0.0,0.0,0.0,0.0,0.0,0.0,0.0,0.0,0.0,0.0,0.0,0.0,0.0,0.0,0.0,0.0,0.0,0.0,0.0,0.0,0.0,0.0,0.0,0.0,0.0,0.0,0.0,0.0,0.0,0.0,0.0,0.0,0.0,0.0,0.0,0.0,0.0,0.0,0.0,0.0,0.0,0.0,0.0,0.0,0.0,0.0,,0.0,0.0,0.0,0.0,0.0,0.0,0.0,0.0,2023-07-06
07-07,7,7,0.0,0.0,0.0,0.0,0.0,0.0,0.0,0.0,0.0,0.0,0.0,0.0,0.0,0.0,0.0,0.0,0.0,0.0,0.0,0.0,0.0,0.0,0.0,0.0,0.0,0.0,0.0,0.0,0.0,0.0,0.0,0.0,0.0,0.0,0.0,0.0,0.0,0.0,0.0,0.0,0.0,0.0,0.0,0.0,0.0,0.0,0.0,,0.0,0.0,0.0,0.0,0.0,0.0,0.0,0.0,2023-07-07
07-08,7,8,0.0,0.0,0.0,0.0,0.0,0.0,0.0,0.0,0.0,0.0,0.0,0.0,0.0,0.0,0.0,0.0,0.0,0.0,0.0,0.0,0.0,0.0,0.0,0.0,0.0,0.0,0.0,0.0,0.0,0.0,0.0,0.0,0.0,0.0,0.0,0.0,0.0,0.0,0.0,0.0,0.0,0.0,0.0,0.0,0.0,0.0,0.0,,0.0,0.0,0.0,0.0,0.0,0.0,0.0,0.0,2023-07-08
07-09,7,9,0.0,0.0,0.0,0.0,0.0,0.0,0.0,0.0,0.0,0.0,0.0,0.0,0.0,0.0,0.0,0.0,0.0,0.0,0.0,0.0,0.0,0.0,0.0,0.0,0.0,0.0,0.0,0.0,0.0,0.0,0.0,0.0,0.0,0.0,0.0,0.0,0.0,0.0,0.0,0.0,0.0,0.0,0.0,0.0,0.0,0.0,0.0,,0.0,0.0,0.0,0.0,0.0,0.0,0.0,0.0,2023-07-09
07-10,7,10,0.0,0.0,0.0,0.0,0.0,0.0,0.0,0.0,0.0,0.0,0.0,0.0,0.0,0.0,0.0,0.0,0.0,0.0,0.0,0.0,0.0,0.0,0.0,0.0,0.0,0.0,0.0,0.0,0.0,0.0,0.0,0.0,0.0,0.0,0.0,0.0,0.0,0.0,0.0,0.0,0.0,0.0,0.0,0.0,0.0,0.0,0.0,,0.0,0.0,0.0,0.0,0.0,0.0,0.0,0.0,2023-07-10
07-11,7,11,0.0,0.0,0.0,0.0,0.0,0.0,0.0,0.0,0.0,0.0,0.0,0.0,0.0,0.0,0.0,0.0,0.0,0.0,0.0,0.0,0.0,0.0,0.0,0.0,0.0,0.0,0.0,0.0,0.0,0.0,0.0,0.0,0.0,0.0,0.0,0.0,0.0,0.0,0.0,0.0,0.0,0.0,0.0,0.0,0.0,0.0,0.0,,0.0,0.0,0.0,0.0,0.0,0.0,0.0,0.0,2023-07-11
07-12,7,12,0.0,0.0,0.0,0.0,0.0,0.0,0.0,0.0,0.0,0.0,0.0,0.0,0.0,0.0,0.0,0.0,0.0,0.0,0.0,0.0,0.0,0.0,0.0,0.0,0.0,0.0,0.0,0.0,0.0,0.0,0.0,0.0,0.0,0.0,0.0,0.0,0.0,0.0,0.0,0.0,0.0,0.0,0.0,0.0,0.0,0.0,0.0,,0.0,0.0,0.0,0.0,0.0,0.0,0.0,0.0,2023-07-12
07-13,7,13,0.0,0.0,0.0,0.0,0.0,0.0,0.0,0.0,0.0,0.0,0.0,0.0,0.0,0.0,0.0,0.0,0.0,0.0,0.0,0.0,0.0,0.0,0.0,0.0,0.0,0.0,0.0,0.0,0.0,0.0,0.0,0.0,0.0,0.0,0.0,0.0,0.0,0.0,0.0,0.0,0.0,0.0,0.0,0.0,0.0,0.0,0.0,,0.0,0.0,0.0,0.0,0.0,0.0,0.0,0.0,2023-07-13
07-14,7,14,0.0,0.0,0.0,0.0,0.0,0.0,0.0,0.0,0.0,0.0,0.0,0.0,0.0,0.0,0.0,0.0,0.0,0.0,0.0,0.0,0.0,0.0,0.0,0.0,0.0,0.0,0.0,0.0,0.0,0.0,0.0,0.0,0.0,0.0,0.0,0.0,0.0,0.0,0.0,0.0,0.0,0.0,0.0,0.0,0.0,0.0,0.0,,0.0,0.0,0.0,0.0,0.0,0.0,0.0,0.0,2023-07-14
07-15,7,15,0.0,0.0,0.0,0.0,0.0,0.0,0.0,0.0,0.0,0.0,0.0,0.0,0.0,0.0,0.0,0.0,0.0,0.0,0.0,0.0,0.0,0.0,0.0,0.0,0.0,0.0,0.0,0.0,0.0,0.0,0.0,0.0,0.0,0.0,0.0,0.0,0.0,0.0,0.0,0.0,0.0,0.0,0.0,0.0,0.0,0.0,0.0,,0.0,0.0,0.0,0.0,0.0,0.0,0.0,0.0,2023-07-15
07-16,7,16,0.0,0.0,0.0,0.0,0.0,0.0,0.0,0.0,0.0,0.0,0.0,0.0,0.0,0.0,0.0,0.0,0.0,0.0,0.0,0.0,0.0,0.0,0.0,0.0,0.0,0.0,0.0,0.0,0.0,0.0,0.0,0.0,0.0,0.0,0.0,0.0,0.0,0.0,0.0,0.0,0.0,0.0,0.0,0.0,0.0,0.0,0.0,,0.0,0.0,0.0,0.0,0.0,0.0,0.0,0.0,2023-07-16
07-17,7,17,0.0,0.0,0.0,0.0,0.0,0.0,0.0,0.0,0.0,0.0,0.0,0.0,0.0,0.0,0.0,0.0,0.0,0.0,0.0,0.0,0.0,0.0,0.0,0.0,0.0,0.0,0.0,0.0,0.0,0.0,0.0,0.0,0.0,0.0,0.0,0.0,0.0,0.0,0.0,0.0,0.0,0.0,0.0,0.0,0.0,0.0,0.0,,0.0,0.0,0.0,0.0,0.0,0.0,0.0,0.0,2023-07-17
07-18,7,18,0.0,0.0,0.0,0.0,0.0,0.0,0.0,0.0,0.0,0.0,0.0,0.0,0.0,0.0,0.0,0.0,0.0,0.0,0.0,0.0,0.0,0.0,0.0,0.0,0.0,0.0,0.0,0.0,0.0,0.0,0.0,0.0,0.0,0.0,0.0,0.0,0.0,0.0,0.0,0.0,0.0,0.0,0.0,0.0,0.0,0.0,0.0,,0.0,0.0,0.0,0.0,0.0,0.0,0.0,0.0,2023-07-18
07-19,7,19,0.0,0.0,0.0,0.0,0.0,0.0,0.0,0.0,0.0,0.0,0.0,0.0,0.0,0.0,0.0,0.0,0.0,0.0,0.0,0.0,0.0,0.0,0.0,0.0,0.0,0.0,0.0,0.0,0.0,0.0,0.0,0.0,0.0,0.0,0.0,0.0,0.0,0.0,0.0,0.0,0.0,0.0,0.0,0.0,0.0,0.0,0.0,,0.0,0.0,0.0,0.0,0.0,0.0,0.0,0.0,2023-07-19
07-20,7,20,0.0,0.0,0.0,0.0,0.0,0.0,0.0,0.0,0.0,0.0,0.0,0.0,0.0,0.0,0.0,0.0,0.0,0.0,0.0,0.0,0.0,0.0,0.0,0.0,0.0,0.0,0.0,0.0,0.0,0.0,0.0,0.0,0.0,0.0,0.0,0.0,0.0,0.0,0.0,0.0,0.0,0.0,0.0,0.0,0.0,0.0,0.0,,0.0,0.0,0.0,0.0,0.0,0.0,0.0,0.0,2023-07-20
07-21,7,21,0.0,0.0,0.0,0.0,0.0,0.0,0.0,0.0,0.0,0.0,0.0,0.0,0.0,0.0,0.0,0.0,0.0,0.0,0.0,0.0,0.0,0.0,0.0,0.0,0.0,0.0,0.0,0.0,0.0,0.0,0.0,0.0,0.0,0.0,0.0,0.0,0.0,0.0,0.0,0.0,0.0,0.0,0.0,0.0,0.0,0.0,0.0,,0.0,0.0,0.0,0.0,0.0,0.0,0.0,0.0,2023-07-21
07-22,7,22,0.0,0.0,0.0,0.0,0.0,0.0,0.0,0.0,0.0,0.0,0.0,0.0,0.0,0.0,0.0,0.0,0.0,0.0,0.0,0.0,0.0,0.0,0.0,0.0,0.0,0.0,0.0,0.0,0.0,0.0,0.0,0.0,0.0,0.0,0.0,0.0,0.0,0.0,0.0,0.0,0.0,0.0,0.0,0.0,0.0,0.0,0.0,,0.0,0.0,0.0,0.0,0.0,0.0,0.0,0.0,2023-07-22
07-23,7,23,0.0,0.0,0.0,0.0,0.0,0.0,0.0,0.0,0.0,0.0,0.0,0.0,0.0,0.0,0.0,0.0,0.0,0.0,0.0,0.0,0.0,0.0,0.0,0.0,0.0,0.0,0.0,0.0,0.0,0.0,0.0,0.0,0.0,0.0,0.0,0.0,0.0,0.0,0.0,0.0,0.0,0.0,0.0,0.0,0.0,0.0,0.0,,0.0,0.0,0.0,0.0,0.0,0.0,0.0,0.0,2023-07-23
07-24,7,24,0.0,0.0,0.0,0.0,0.0,0.0,0.0,0.0,0.0,0.0,0.0,0.0,0.0,0.0,0.0,0.0,0.0,0.0,0.0,0.0,0.0,0.0,0.0,0.0,0.0,0.0,0.0,0.0,0.0,0.0,0.0,0.0,0.0,0.0,0.0,0.0,0.0,0.0,0.0,0.0,0.0,0.0,0.0,0.0,0.0,0.0,0.0,,0.0,0.0,0.0,0.0,0.0,0.0,0.0,0.0,2023-07-24
07-25,7,25,0.0,0.0,0.0,0.0,0.0,0.0,0.0,0.0,0.0,0.0,0.0,0.0,0.0,0.0,0.0,0.0,0.0,0.0,0.0,0.0,0.0,0.0,0.0,0.0,0.0,0.0,0.0,0.0,0.0,0.0,0.0,0.0,0.0,0.0,0.0,0.0,0.0,0.0,0.0,0.0,0.0,0.0,0.0,0.0,0.0,0.0,0.0,,0.0,0.0,0.0,0.0,0.0,0.0,0.0,0.0,2023-07-25
07-26,7,26,0.0,0.0,0.0,0.0,0.0,0.0,0.0,0.0,0.0,0.0,0.0,0.0,0.0,0.0,0.0,0.0,0.0,0.0,0.0,0.0,0.0,0.0,0.0,0.0,0.0,0.0,0.0,0.0,0.0,0.0,0.0,0.0,0.0,0.0,0.0,0.0,0.0,0.0,0.0,0.0,0.0,0.0,0.0,0.0,0.0,0.0,0.0,,0.0,0.0,0.0,0.0,0.0,0.0,0.0,0.0,2023-07-26
07-27,7,27,0.0,0.0,0.0,0.0,0.0,0.0,0.0,0.0,0.0,0.0,0.0,0.0,0.0,0.0,0.0,0.0,0.0,0.0,0.0,0.0,0.0,0.0,0.0,0.0,0.0,0.0,0.0,0.0,0.0,0.0,0.0,0.0,0.0,0.0,0.0,0.0,0.0,0.0,0.0,0.0,0.0,0.0,0.0,0.0,0.0,0.0,0.0,,0.0,0.0,0.0,0.0,0.0,0.0,0.0,0.0,2023-07-27
07-28,7,28,0.0,0.0,0.0,0.0,0.0,0.0,0.0,0.0,0.0,0.0,0.0,0.0,0.0,0.0,0.0,0.0,0.0,0.0,0.0,0.0,0.0,0.0,0.0,0.0,0.0,0.0,0.0,0.0,0.0,0.0,0.0,0.0,0.0,0.0,0.0,0.0,0.0,0.0,0.0,0.0,0.0,0.0,0.0,0.0,0.0,0.0,0.0,,0.0,0.0,0.0,0.0,0.0,0.0,0.0,0.0,2023-07-28
07-29,7,29,0.0,0.0,0.0,0.0,0.0,0.0,0.0,0.0,0.0,0.0,0.0,0.0,0.0,0.0,0.0,0.0,0.0,0.0,0.0,0.0,0.0,0.0,0.0,0.0,0.0,0.0,0.0,0.0,0.0,0.0,0.0,0.0,0.0,0.0,0.0,0.0,0.0,0.0,0.0,0.0,0.0,0.0,0.0,0.0,0.0,0.0,0.0,,0.0,0.0,0.0,0.0,0.0,0.0,0.0,0.0,2023-07-29
07-30,7,30,0.0,0.0,0.0,0.0,0.0,0.0,0.0,0.0,0.0,0.0,0.0,0.0,0.0,0.0,0.0,0.0,0.0,0.0,0.0,0.0,0.0,0.0,0.0,0.0,0.0,0.0,0.0,0.0,0.0,0.0,0.0,0.0,0.0,0.0,0.0,0.0,0.0,0.0,0.0,0.0,0.0,0.0,0.0,0.0,0.0,0.0,0.0,,0.0,0.0,0.0,0.0,0.0,0.0,0.0,0.0,2023-07-30
07-31,7,31,0.0,0.0,0.0,0.0,0.0,0.0,0.0,0.0,0.0,0.0,0.0,0.0,0.0,0.0,0.0,0.0,0.0,0.0,0.0,0.0,0.0,0.0,0.0,0.0,0.0,0.0,0.0,0.0,0.0,0.0,0.0,0.0,0.0,0.0,0.0,0.0,0.0,0.0,0.0,0.0,0.0,0.0,0.0,0.0,0.0,0.0,0.0,,0.0,0.0,0.0,0.0,0.0,0.0,0.0,0.0,2023-07-31
