M-D,M,D,1979_SWE_in,1980_SWE_in,1981_SWE_in,1982_SWE_in,1983_SWE_in,1984_SWE_in,1985_SWE_in,1986_SWE_in,1987_SWE_in,1988_SWE_in,1989_SWE_in,1990_SWE_in,1991_SWE_in,1992_SWE_in,1993_SWE_in,1994_SWE_in,1995_SWE_in,1996_SWE_in,1997_SWE_in,1998_SWE_in,1999_SWE_in,2000_SWE_in,2001_SWE_in,2002_SWE_in,2003_SWE_in,2004_SWE_in,2005_SWE_in,2006_SWE_in,2007_SWE_in,2008_SWE_in,2009_SWE_in,2010_SWE_in,2011_SWE_in,2012_SWE_in,2013_SWE_in,2014_SWE_in,2015_SWE_in,2016_SWE_in,2017_SWE_in,2018_SWE_in,2019_SWE_in,2020_SWE_in,2021_SWE_in,2022_SWE_in,2023_SWE_in,2024_SWE_in,2025_SWE_in,2026_SWE_in,min,Q10,Q25,mean,median,Q75,Q90,max,date
10-01,10,1,0.0,0.0,0.0,0.0,0.0,0.012700006858,0.010200005508000001,0.0,0.03300001782,0.0,0.0,0.0,0.0,0.0,0.0,0.0,0.0,0.0,0.0,0.0,0.0,0.0,0.0,0.0,0.007600004103999999,0.0,0.0,0.0,0.0,0.0,0.0,0.00250000135,0.0,0.0,0.0,0.0,0.0,0.0,0.0,0.017800009611999998,0.0,0.0,0.0,0.0,0.0,0.0,0.0,0.0,0.0,0.0,0.0,0.0017458342760833332,0.0,0.0,0.004030002176200021,0.03300001782,2023-10-01
10-02,10,2,0.0,0.0,0.0,0.0,0.0,0.027900015065999997,0.017800009611999998,0.0,0.043200023328,0.0,0.0,0.0,0.0,0.0,0.0,0.0,0.0,0.0,0.0,0.0,0.0,0.0,0.0,0.0,0.017800009611999998,0.0,0.0,0.0,0.0,0.0,0.0,0.025400013716,0.0,0.0,0.0,0.0,0.0,0.0,0.0,0.010200005508000001,0.0,0.0,0.0,0.0,0.0,0.0,0.0,0.00250000135,0.0,0.0,0.0,0.0030166682956666666,0.0,0.0,0.012480006739200033,0.043200023328,2023-10-02
10-03,10,3,0.0,0.0,0.0,0.0,0.0,0.03300001782,0.017800009611999998,0.0,0.053300028782,0.0,0.0,0.0,0.0,0.0,0.0,0.0,0.005100002754000001,0.0,0.0,0.0,0.0,0.0,0.0,0.0,0.025400013716,0.0,0.0,0.0,0.0,0.0,0.0,0.025400013716,0.0,0.0,0.0,0.0,0.0,0.0,0.007600004103999999,0.007600004103999999,0.0,0.0,0.0,0.0,0.0,0.0,0.0,0.00250000135,0.0,0.0,0.0,0.003702085332458333,0.0,0.0,0.010660005756400042,0.053300028782,2023-10-03
10-04,10,4,0.0,0.0,0.0,0.0,0.0,0.03300001782,0.015200008207999998,0.0,0.053300028782,0.0,0.0,0.0,0.0,0.0,0.0,0.0,0.038100020574,0.0,0.0,0.0,0.0,0.0,0.0,0.0,0.03050001647,0.0,0.0,0.0,0.0,0.0,0.0,0.0,0.0,0.0,0.0,0.0,0.0,0.0,0.005100002754000001,0.012700006858,0.0,0.0,0.0,0.0,0.0,0.0,0.0,0.00250000135,0.0,0.0,0.0,0.003966668808666667,0.0,0.0,0.01345000726300001,0.053300028782,2023-10-04
10-05,10,5,0.0,0.0,0.0,0.0,0.025400013716,0.050800027432,0.0,0.0,0.053300028782,0.0,0.0,0.0,0.0,0.0,0.0,0.0,0.040600021923999995,0.00250000135,0.0,0.0,0.00250000135,0.0,0.0,0.0,0.027900015065999997,0.0,0.0,0.0,0.0,0.0,0.0,0.017800009611999998,0.0,0.0,0.0,0.0,0.0,0.0,0.005100002754000001,0.005100002754000001,0.0,0.0,0.0,0.0,0.0,0.0,0.0,0.00250000135,0.0,0.0,0.0,0.004864585960208333,0.0,0.0,0.020080010843200033,0.053300028782,2023-10-05
10-06,10,6,0.0,0.0,0.0,0.0,0.025400013716,0.027900015065999997,0.0,0.0,0.053300028782,0.0,0.0,0.0,0.0,0.0,0.0,0.0,0.048300026082,0.00250000135,0.0,0.0,0.00250000135,0.0,0.0,0.0,0.027900015065999997,0.0,0.0,0.0,0.0,0.010200005508000001,0.0,0.017800009611999998,0.0,0.048300026082,0.0,0.0,0.0,0.0,0.005100002754000001,0.00250000135,0.0,0.0,0.0,0.0,0.0,0.0,0.0,0.0,0.0,0.0,0.0,0.005660419723291667,0.0,0.0006250003375,0.02615001412100001,0.053300028782,2023-10-06
10-07,10,7,0.0,0.0,0.0,0.010200005508000001,0.025400013716,0.012700006858,0.0,0.0,0.053300028782,0.0,0.0,0.0,0.0,0.0,0.0,0.0,0.048300026082,0.0,0.0,0.0,0.0,0.0,0.0,0.0,0.025400013716,0.0,0.0,0.0,0.0,0.012700006858,0.0,0.017800009611999998,0.0,0.06350003429000001,0.0,0.0,0.0,0.0,0.005100002754000001,0.0,0.0,0.0,0.0,0.0,0.0,0.0,0.0,0.0,0.0,0.0,0.0,0.005716669753666667,0.0,0.0,0.020080010843200033,0.06350003429000001,2023-10-07
10-08,10,8,0.0,0.0,0.0,0.005100002754000001,0.025400013716,0.010200005508000001,0.0,0.017800009611999998,0.053300028782,0.0,0.0,0.0,0.0,0.0,0.0,0.0,0.048300026082,0.0,0.0,0.020300010961999997,0.0,0.0,0.0,0.0,0.015200008207999998,0.0,0.0,0.0,0.0,0.010200005508000001,0.0,0.017800009611999998,0.0,0.06600003564,0.0,0.0,0.0,0.0,0.00250000135,0.0,0.0,0.0,0.0,0.0,0.0,0.0,0.0,0.00250000135,0.0,0.0,0.0,0.00613750331425,0.0,0.00250000135,0.018550010017000008,0.06600003564,2023-10-08
10-09,10,9,0.0,0.0,0.0,0.005100002754000001,0.025400013716,0.010200005508000001,0.0,0.017800009611999998,0.050800027432,0.0,0.0,0.0,0.0,0.0,0.0,0.010200005508000001,0.048300026082,0.0,0.0,0.017800009611999998,0.0,0.0,0.0,0.007600004103999999,0.010200005508000001,0.0,0.0,0.0,0.0,0.005100002754000001,0.0,0.015200008207999998,0.0,0.06600003564,0.0,0.0,0.0,0.0,0.0,0.0,0.005100002754000001,0.0,0.0,0.0,0.0,0.0,0.0,0.00250000135,0.0,0.0,0.0,0.006193753344625001,0.0,0.005100002754000001,0.017800009611999998,0.06600003564,2023-10-09
10-10,10,10,0.0,0.0,0.0,0.020300010961999997,0.025400013716,0.010200005508000001,0.0,0.017800009611999998,0.050800027432,0.0,0.0,0.0,0.0,0.0,0.0,0.010200005508000001,0.043200023328,0.0,0.0,0.010200005508000001,0.0,0.0,0.0,0.007600004103999999,0.005100002754000001,0.0,0.0,0.0,0.005100002754000001,0.0,0.0,0.012700006858,0.0,0.06100003294,0.0,0.0,0.0,0.0,0.0,0.0,0.010200005508000001,0.0,0.0,0.0,0.0,0.0,0.0,0.005100002754000001,0.0,0.0,0.0,0.006143753317625,0.0,0.0057250030915000005,0.018550010017000008,0.06100003294,2023-10-10
10-11,10,11,0.0,0.0,0.0,0.020300010961999997,0.025400013716,0.010200005508000001,0.0,0.017800009611999998,0.048300026082,0.0,0.0,0.0,0.0,0.0,0.0,0.015200008207999998,0.038100020574,0.0,0.0,0.010200005508000001,0.0,0.0,0.03300001782,0.007600004103999999,0.0,0.0,0.0,0.0,0.0,0.0,0.0,0.010200005508000001,0.0,0.06350003429000001,0.0,0.020300010961999997,0.0,0.0,0.0,0.0,0.012700006858,0.0,0.0,0.0,0.0,0.0,0.0,0.005100002754000001,0.0,0.0,0.0,0.007039587134708332,0.0,0.010200005508000001,0.02183001178820002,0.06350003429000001,2023-10-11
10-12,10,12,0.0,0.0,0.0,0.017800009611999998,0.025400013716,0.010200005508000001,0.012700006858,0.017800009611999998,0.048300026082,0.0,0.0,0.0,0.0,0.0,0.0,0.015200008207999998,0.035600019223999996,0.0,0.0,0.007600004103999999,0.0,0.0,0.050800027432,0.007600004103999999,0.0,0.0,0.0,0.0,0.0,0.0,0.005100002754000001,0.015200008207999998,0.0,0.058400031536,0.0,0.020300010961999997,0.0,0.0,0.0,0.0,0.012700006858,0.0,0.0,0.0,0.0,0.0,0.0,0.005100002754000001,0.0,0.0,0.0,0.007620837448583333,0.0,0.010825005845500002,0.02183001178820002,0.058400031536,2023-10-12
10-13,10,13,0.0,0.0,0.0,0.015200008207999998,0.025400013716,0.010200005508000001,0.007600004103999999,0.017800009611999998,0.048300026082,0.0,0.0,0.0,0.0,0.0,0.0,0.015200008207999998,0.03050001647,0.0,0.0,0.027900015065999997,0.0,0.0,0.048300026082,0.007600004103999999,0.0,0.0,0.0,0.0,0.0,0.0,0.005100002754000001,0.015200008207999998,0.0,0.050800027432,0.012700006858,0.022900012366000002,0.0,0.0,0.0,0.0,0.010200005508000001,0.0,0.0,0.017800009611999998,0.0,0.0,0.0,0.00250000135,0.0,0.0,0.0,0.008150004401000001,0.0,0.0133250071955,0.02615001412100001,0.050800027432,2023-10-13
10-14,10,14,0.0,0.0,0.0,0.012700006858,0.025400013716,0.010200005508000001,0.007600004103999999,0.020300010961999997,0.048300026082,0.0,0.0,0.0,0.0,0.0,0.0,0.015200008207999998,0.022900012366000002,0.0,0.0,0.043200023328,0.0,0.0,0.048300026082,0.00250000135,0.0,0.0,0.0,0.0,0.0,0.0,0.005100002754000001,0.020300010961999997,0.0,0.045700024677999995,0.005100002754000001,0.027900015065999997,0.0,0.0,0.0,0.0,0.007600004103999999,0.0,0.0,0.015200008207999998,0.0,0.0,0.0,0.007600004103999999,0.0,0.0,0.0,0.008147921066541665,0.0,0.010825005845500002,0.02615001412100001,0.048300026082,2023-10-14
10-15,10,15,0.0,0.0,0.0,0.012700006858,0.025400013716,0.010200005508000001,0.012700006858,0.020300010961999997,0.048300026082,0.0,0.0,0.0,0.0,0.0,0.0,0.015200008207999998,0.035600019223999996,0.0,0.0,0.040600021923999995,0.0,0.0,0.048300026082,0.0,0.0,0.0,0.0,0.0,0.0,0.0,0.0,0.017800009611999998,0.0,0.040600021923999995,0.0,0.027900015065999997,0.0,0.0,0.0,0.0,0.005100002754000001,0.0,0.0,0.012700006858,0.0,0.0,0.0,0.012700006858,0.0,0.0,0.0,0.008043754343625,0.0,0.012700006858,0.03021001631340003,0.048300026082,2023-10-15
10-16,10,16,0.0,0.0,0.015200008207999998,0.035600019223999996,0.025400013716,0.012700006858,0.015200008207999998,0.020300010961999997,0.048300026082,0.0,0.0,0.0,0.0,0.0,0.0,0.015200008207999998,0.058400031536,0.0,0.0,0.025400013716,0.0,0.0,0.048300026082,0.0,0.0,0.0,0.0,0.0,0.0,0.0,0.0,0.012700006858,0.0,0.03050001647,0.0,0.03300001782,0.0,0.0,0.0,0.0,0.005100002754000001,0.0,0.0,0.012700006858,0.0,0.0,0.0,0.010200005508000001,0.0,0.0,0.0,0.008837504772249998,0.0,0.0133250071955,0.03125001687500001,0.058400031536,2023-10-16
10-17,10,17,0.0,0.0,0.020300010961999997,0.050800027432,0.025400013716,0.010200005508000001,0.020300010961999997,0.015200008207999998,0.048300026082,0.0,0.0,0.0,0.0,0.0,0.0,0.015200008207999998,0.06350003429000001,0.0,0.0,0.015200008207999998,0.007600004103999999,0.0,0.050800027432,0.0,0.0,0.0,0.0,0.0,0.0,0.00250000135,0.0,0.012700006858,0.0,0.03050001647,0.0,0.03300001782,0.0,0.0,0.0,0.0,0.005100002754000001,0.0,0.0,0.007600004103999999,0.0,0.0,0.0,0.020300010961999997,0.0,0.0,0.0,0.009468755113125,0.0,0.015200008207999998,0.03125001687500001,0.06350003429000001,2023-10-17
10-18,10,18,0.0,0.0,0.020300010961999997,0.050800027432,0.025400013716,0.010200005508000001,0.027900015065999997,0.0,0.06100003294,0.0,0.0,0.0,0.0,0.0,0.0,0.017800009611999998,0.06350003429000001,0.0,0.0,0.0,0.012700006858,0.0,0.050800027432,0.0,0.0,0.0,0.0,0.0,0.012700006858,0.00250000135,0.0,0.010200005508000001,0.0,0.020300010961999997,0.0,0.03300001782,0.0,0.0,0.0,0.0,0.012700006858,0.0,0.0,0.0,0.0,0.0,0.015200008207999998,0.015200008207999998,0.0,0.0,0.0,0.009629171866416666,0.0,0.0133250071955,0.02943001589220002,0.06350003429000001,2023-10-18
10-19,10,19,0.0,0.010200005508000001,0.020300010961999997,0.053300028782,0.025400013716,0.012700006858,0.027900015065999997,0.0,0.06600003564,0.0,0.0,0.0,0.0,0.0,0.0,0.022900012366000002,0.06350003429000001,0.0,0.0,0.0,0.020300010961999997,0.0,0.050800027432,0.0,0.0,0.0,0.007600004103999999,0.0,0.010200005508000001,0.0,0.0,0.005100002754000001,0.0,0.015200008207999998,0.0,0.03300001782,0.0,0.0,0.0,0.0,0.012700006858,0.0,0.0,0.015200008207999998,0.0,0.0,0.027900015065999997,0.015200008207999998,0.0,0.0,0.0,0.01073750579825,0.0,0.015200008207999998,0.02943001589220002,0.06600003564,2023-10-19
10-20,10,20,0.0,0.010200005508000001,0.020300010961999997,0.053300028782,0.025400013716,0.012700006858,0.027900015065999997,0.0,0.08130004390199999,0.0,0.0,0.0,0.010200005508000001,0.0,0.0,0.022900012366000002,0.06350003429000001,0.0,0.010200005508000001,0.0,0.020300010961999997,0.0,0.050800027432,0.0,0.0,0.0,0.038100020574,0.0,0.010200005508000001,0.0,0.0,0.0,0.0,0.012700006858,0.0,0.03300001782,0.0,0.0,0.0,0.0,0.012700006858,0.00250000135,0.0,0.027900015065999997,0.0,0.0,0.022900012366000002,0.007600004103999999,0.0,0.0,0.0,0.012012506486749999,0.0,0.020300010961999997,0.03453001864620002,0.08130004390199999,2023-10-20
10-21,10,21,0.007600004103999999,0.035600019223999996,0.020300010961999997,0.050800027432,0.025400013716,0.012700006858,0.027900015065999997,0.0,0.086400046656,0.0,0.0,0.0,0.010200005508000001,0.0,0.0,0.022900012366000002,0.06350003429000001,0.0,0.020300010961999997,0.0,0.020300010961999997,0.0,0.050800027432,0.0,0.0,0.0,0.104100056214,0.0,0.010200005508000001,0.0,0.0,0.0,0.0,0.0,0.0,0.027900015065999997,0.0,0.0,0.0,0.0,0.005100002754000001,0.005100002754000001,0.0,0.03050001647,0.0,0.0,0.022900012366000002,0.00250000135,0.0,0.0,0.0,0.01381250745875,0.0,0.020950011313,0.040160021686400066,0.104100056214,2023-10-21
10-22,10,22,0.007600004103999999,0.035600019223999996,0.022900012366000002,0.050800027432,0.025400013716,0.012700006858,0.027900015065999997,0.0,0.09140004935599999,0.0,0.0,0.0,0.010200005508000001,0.0,0.0,0.022900012366000002,0.06350003429000001,0.0,0.020300010961999997,0.0,0.022900012366000002,0.0,0.050800027432,0.0,0.0,0.0,0.11940006447600002,0.0,0.010200005508000001,0.00250000135,0.0,0.0,0.0,0.0,0.0,0.03050001647,0.0,0.0,0.0,0.0,0.0,0.007600004103999999,0.0,0.03050001647,0.0,0.0,0.015200008207999998,0.00250000135,0.0,0.0,0.0,0.014235424353791668,0.0,0.022900012366000002,0.040160021686400066,0.11940006447600002,2023-10-22
10-23,10,23,0.007600004103999999,0.035600019223999996,0.025400013716,0.050800027432,0.025400013716,0.012700006858,0.027900015065999997,0.0,0.09140004935599999,0.0,0.0,0.0,0.010200005508000001,0.0,0.0,0.025400013716,0.06350003429000001,0.007600004103999999,0.020300010961999997,0.0,0.022900012366000002,0.0,0.055900030186,0.0,0.015200008207999998,0.0,0.12190006582599998,0.0,0.010200005508000001,0.0,0.0,0.0,0.0,0.0,0.00250000135,0.03050001647,0.0,0.0,0.0,0.0,0.010200005508000001,0.010200005508000001,0.0,0.03050001647,0.010200005508000001,0.0,0.010200005508000001,0.005100002754000001,0.0,0.0,0.0,0.015402091650458333,0.006350003429,0.023525012703500003,0.040160021686400066,0.12190006582599998,2023-10-23
10-24,10,24,0.00250000135,0.035600019223999996,0.027900015065999997,0.050800027432,0.025400013716,0.010200005508000001,0.027900015065999997,0.0,0.09140004935599999,0.0,0.0,0.0,0.010200005508000001,0.0,0.0,0.027900015065999997,0.06350003429000001,0.007600004103999999,0.020300010961999997,0.005100002754000001,0.022900012366000002,0.0,0.055900030186,0.0,0.020300010961999997,0.0,0.12450006723,0.0,0.007600004103999999,0.0,0.0,0.0,0.0,0.0,0.005100002754000001,0.027900015065999997,0.0,0.0,0.0,0.0,0.005100002754000001,0.010200005508000001,0.0,0.035600019223999996,0.010200005508000001,0.0,0.0,0.005100002754000001,0.0,0.0,0.0,0.015347924954541667,0.005100002754000001,0.023525012703500003,0.040160021686400066,0.12450006723,2023-10-24
10-25,10,25,0.00250000135,0.035600019223999996,0.027900015065999997,0.050800027432,0.025400013716,0.012700006858,0.027900015065999997,0.0,0.09140004935599999,0.0,0.0,0.0,0.010200005508000001,0.0,0.0,0.027900015065999997,0.06350003429000001,0.007600004103999999,0.025400013716,0.010200005508000001,0.022900012366000002,0.0,0.055900030186,0.0,0.020300010961999997,0.0,0.12700006858000001,0.0,0.005100002754000001,0.0,0.0,0.0,0.020300010961999997,0.0,0.005100002754000001,0.025400013716,0.0,0.0,0.0,0.0,0.0,0.012700006858,0.0,0.038100020574,0.010200005508000001,0.0,0.0,0.00250000135,0.0,0.0,0.0,0.01592709193395833,0.003800002052,0.025400013716,0.041910022631400055,0.12700006858000001,2023-10-25
10-26,10,26,0.0,0.035600019223999996,0.027900015065999997,0.055900030186,0.025400013716,0.012700006858,0.027900015065999997,0.0,0.09140004935599999,0.0,0.0,0.015200008207999998,0.010200005508000001,0.0,0.0,0.03050001647,0.06350003429000001,0.007600004103999999,0.03050001647,0.010200005508000001,0.03300001782,0.0,0.055900030186,0.0,0.022900012366000002,0.0,0.147300079542,0.0,0.017800009611999998,0.0,0.0,0.0,0.022900012366000002,0.0,0.007600004103999999,0.025400013716,0.0,0.0,0.0,0.0,0.0,0.012700006858,0.0,0.038100020574,0.010200005508000001,0.0,0.0,0.005100002754000001,0.0,0.0,0.0,0.017570842821583332,0.007600004103999999,0.026025014053500002,0.04344002345760008,0.147300079542,2023-10-26
10-27,10,27,0.0,0.035600019223999996,0.027900015065999997,0.055900030186,0.045700024677999995,0.012700006858,0.03300001782,0.0,0.09140004935599999,0.0,0.0,0.027900015065999997,0.010200005508000001,0.010200005508000001,0.0,0.03050001647,0.06350003429000001,0.007600004103999999,0.035600019223999996,0.010200005508000001,0.040600021923999995,0.0,0.055900030186,0.0,0.022900012366000002,0.0,0.147300079542,0.0,0.017800009611999998,0.0,0.0,0.0,0.025400013716,0.0,0.012700006858,0.022900012366000002,0.0,0.0,0.0,0.0,0.0,0.010200005508000001,0.0,0.038100020574,0.010200005508000001,0.0,0.0,0.007600004103999999,0.0,0.0,0.0,0.018947926898541665,0.010200005508000001,0.028550015417,0.04876002633040004,0.147300079542,2023-10-27
10-28,10,28,0.00250000135,0.035600019223999996,0.03300001782,0.055900030186,0.050800027432,0.0,0.038100020574,0.0,0.09140004935599999,0.0,0.0,0.027900015065999997,0.010200005508000001,0.03050001647,0.0,0.03050001647,0.06350003429000001,0.007600004103999999,0.035600019223999996,0.010200005508000001,0.045700024677999995,0.0,0.07110003839399999,0.0,0.022900012366000002,0.0,0.165100089154,0.0,0.017800009611999998,0.0,0.0,0.0,0.025400013716,0.015200008207999998,0.012700006858,0.025400013716,0.0,0.0,0.0,0.0,0.0,0.010200005508000001,0.0,0.035600019223999996,0.010200005508000001,0.0,0.0,0.00250000135,0.0,0.0,0.0,0.020481261059874998,0.010200005508000001,0.0311250168075,0.052330028258200025,0.165100089154,2023-10-28
10-29,10,29,0.0,0.035600019223999996,0.03300001782,0.055900030186,0.050800027432,0.0,0.038100020574,0.00250000135,0.09140004935599999,0.0,0.0,0.03050001647,0.010200005508000001,0.03050001647,0.010200005508000001,0.03050001647,0.06350003429000001,0.007600004103999999,0.043200023328,0.010200005508000001,0.045700024677999995,0.00250000135,0.076200041148,0.0,0.022900012366000002,0.0,0.177800096012,0.017800009611999998,0.020300010961999997,0.0,0.0,0.005100002754000001,0.025400013716,0.015200008207999998,0.010200005508000001,0.035600019223999996,0.0,0.005100002754000001,0.0,0.0,0.0,0.012700006858,0.0,0.03300001782,0.015200008207999998,0.012700006858,0.0,0.005100002754000001,0.0,0.0,0.0,0.022545845508083334,0.011450006183000001,0.03300001782,0.052330028258200025,0.177800096012,2023-10-29
10-30,10,30,0.00250000135,0.035600019223999996,0.035600019223999996,0.06100003294,0.050800027432,0.0,0.038100020574,0.00250000135,0.09140004935599999,0.0,0.0,0.03050001647,0.010200005508000001,0.03050001647,0.015200008207999998,0.03050001647,0.06350003429000001,0.007600004103999999,0.043200023328,0.010200005508000001,0.055900030186,0.00250000135,0.078700042498,0.0,0.038100020574,0.0,0.177800096012,0.017800009611999998,0.022900012366000002,0.0,0.0,0.005100002754000001,0.027900015065999997,0.015200008207999998,0.010200005508000001,0.038100020574,0.0,0.007600004103999999,0.0,0.0,0.0,0.012700006858,0.0,0.03300001782,0.015200008207999998,0.007600004103999999,0.020300010961999997,0.007600004103999999,0.0,0.0,0.0018750010125,0.024022929639041665,0.013950007532999999,0.035600019223999996,0.057430031012200025,0.177800096012,2023-10-30
10-31,10,31,0.0,0.035600019223999996,0.035600019223999996,0.06600003564,0.058400031536,0.0,0.038100020574,0.00250000135,0.09140004935599999,0.0,0.0,0.03050001647,0.012700006858,0.03050001647,0.027900015065999997,0.03050001647,0.06350003429000001,0.007600004103999999,0.045700024677999995,0.010200005508000001,0.06350003429000001,0.0,0.101600054864,0.012700006858,0.038100020574,0.00250000135,0.177800096012,0.017800009611999998,0.022900012366000002,0.0,0.0,0.007600004103999999,0.03050001647,0.015200008207999998,0.010200005508000001,0.038100020574,0.0,0.007600004103999999,0.0,0.0,0.0,0.017800009611999998,0.0,0.03300001782,0.015200008207999998,0.007600004103999999,0.015200008207999998,0.007600004103999999,0.0,0.0,0.0018750010125,0.02560834716183333,0.015200008207999998,0.035600019223999996,0.06350003429000001,0.177800096012,2023-10-31
11-01,11,1,0.0,0.035600019223999996,0.035600019223999996,0.06600003564,0.058400031536,0.0,0.040600021923999995,0.00250000135,0.09140004935599999,0.0,0.0,0.03050001647,0.0,0.03050001647,0.027900015065999997,0.03050001647,0.06350003429000001,0.007600004103999999,0.050800027432,0.022900012366000002,0.06350003429000001,0.0,0.116800063072,0.012700006858,0.038100020574,0.015200008207999998,0.177800096012,0.020300010961999997,0.022900012366000002,0.0,0.0,0.007600004103999999,0.027900015065999997,0.022900012366000002,0.010200005508000001,0.038100020574,0.0,0.007600004103999999,0.0,0.0,0.0,0.022900012366000002,0.0,0.03300001782,0.015200008207999998,0.005100002754000001,0.017800009611999998,0.010200005508000001,0.0,0.0,0.0,0.026668764401124995,0.019050010287,0.035600019223999996,0.06350003429000001,0.177800096012,2023-11-01
11-02,11,2,0.0,0.035600019223999996,0.035600019223999996,0.06600003564,0.058400031536,0.0,0.040600021923999995,0.00250000135,0.09400005076,0.0,0.0,0.03050001647,0.015200008207999998,0.03300001782,0.03300001782,0.03050001647,0.06350003429000001,0.012700006858,0.050800027432,0.022900012366000002,0.06350003429000001,0.0,0.116800063072,0.012700006858,0.038100020574,0.017800009611999998,0.177800096012,0.020300010961999997,0.03050001647,0.0,0.0,0.007600004103999999,0.03050001647,0.03050001647,0.010200005508000001,0.038100020574,0.010200005508000001,0.007600004103999999,0.0,0.0,0.010200005508000001,0.022900012366000002,0.0,0.03300001782,0.015200008207999998,0.0,0.017800009611999998,0.0,0.0,0.0,0.0018750010125,0.027835431697791665,0.019050010287,0.035600019223999996,0.06350003429000001,0.177800096012,2023-11-02
11-03,11,3,0.0,0.035600019223999996,0.035600019223999996,0.06600003564,0.058400031536,0.005100002754000001,0.040600021923999995,0.00250000135,0.09400005076,0.015200008207999998,0.0,0.03050001647,0.027900015065999997,0.03300001782,0.040600021923999995,0.03050001647,0.07110003839399999,0.015200008207999998,0.050800027432,0.022900012366000002,0.07110003839399999,0.0,0.116800063072,0.012700006858,0.038100020574,0.020300010961999997,0.175300094662,0.020300010961999997,0.03300001782,0.005100002754000001,0.010200005508000001,0.007600004103999999,0.027900015065999997,0.03050001647,0.007600004103999999,0.038100020574,0.010200005508000001,0.007600004103999999,0.0,0.0,0.010200005508000001,0.027900015065999997,0.0,0.03050001647,0.027900015065999997,0.0,0.022900012366000002,0.0,0.0,0.0,0.007600004103999999,0.029735432723791668,0.025400013716,0.036225019561499996,0.06753003646620001,0.175300094662,2023-11-03
11-04,11,4,0.0,0.035600019223999996,0.035600019223999996,0.06600003564,0.058400031536,0.005100002754000001,0.045700024677999995,0.00250000135,0.09400005076,0.025400013716,0.00250000135,0.03050001647,0.03050001647,0.035600019223999996,0.040600021923999995,0.03050001647,0.08130004390199999,0.015200008207999998,0.050800027432,0.022900012366000002,0.07110003839399999,0.0,0.116800063072,0.015200008207999998,0.038100020574,0.025400013716,0.17270009325799998,0.020300010961999997,0.03300001782,0.005100002754000001,0.015200008207999998,0.007600004103999999,0.020300010961999997,0.03050001647,0.010200005508000001,0.038100020574,0.010200005508000001,0.007600004103999999,0.0,0.0,0.010200005508000001,0.03300001782,0.0,0.03050001647,0.027900015065999997,0.0,0.022900012366000002,0.0,0.0,0.0,0.007600004103999999,0.03063751654425,0.025400013716,0.036225019561499996,0.06753003646620001,0.17270009325799998,2023-11-04
11-05,11,5,0.005100002754000001,0.035600019223999996,0.035600019223999996,0.06600003564,0.058400031536,0.005100002754000001,0.045700024677999995,0.00250000135,0.09400005076,0.025400013716,0.005100002754000001,0.03050001647,0.03050001647,0.035600019223999996,0.040600021923999995,0.03050001647,0.08130004390199999,0.020300010961999997,0.050800027432,0.022900012366000002,0.07110003839399999,0.0,0.116800063072,0.015200008207999998,0.040600021923999995,0.025400013716,0.17270009325799998,0.022900012366000002,0.03300001782,0.005100002754000001,0.022900012366000002,0.007600004103999999,0.012700006858,0.040600021923999995,0.012700006858,0.038100020574,0.010200005508000001,0.007600004103999999,0.0,0.00250000135,0.012700006858,0.03300001782,0.0,0.03050001647,0.03050001647,0.0,0.022900012366000002,0.0,0.0,0.0017500009450000004,0.007600004103999999,0.03143335030733333,0.025400013716,0.0387250209115,0.06753003646620001,0.17270009325799998,2023-11-05
11-06,11,6,0.010200005508000001,0.035600019223999996,0.035600019223999996,0.06600003564,0.058400031536,0.005100002754000001,0.045700024677999995,0.00250000135,0.09400005076,0.03300001782,0.022900012366000002,0.03050001647,0.03300001782,0.035600019223999996,0.040600021923999995,0.03050001647,0.08130004390199999,0.020300010961999997,0.050800027432,0.022900012366000002,0.076200041148,0.0,0.116800063072,0.015200008207999998,0.040600021923999995,0.027900015065999997,0.170200091908,0.022900012366000002,0.03300001782,0.005100002754000001,0.022900012366000002,0.007600004103999999,0.012700006858,0.045700024677999995,0.012700006858,0.043200023328,0.010200005508000001,0.007600004103999999,0.0,0.007600004103999999,0.012700006858,0.03300001782,0.0,0.03050001647,0.03300001782,0.0,0.022900012366000002,0.0,0.0,0.0017500009450000004,0.010200005508000001,0.03259793426954166,0.029200015768,0.040600021923999995,0.06906003729240004,0.170200091908,2023-11-06
11-07,11,7,0.020300010961999997,0.040600021923999995,0.035600019223999996,0.06600003564,0.058400031536,0.005100002754000001,0.045700024677999995,0.00250000135,0.09910005351399999,0.045700024677999995,0.025400013716,0.03050001647,0.040600021923999995,0.038100020574,0.040600021923999995,0.03050001647,0.08130004390199999,0.03050001647,0.050800027432,0.022900012366000002,0.076200041148,0.0,0.116800063072,0.015200008207999998,0.06600003564,0.027900015065999997,0.170200091908,0.022900012366000002,0.03300001782,0.005100002754000001,0.022900012366000002,0.007600004103999999,0.012700006858,0.050800027432,0.012700006858,0.050800027432,0.010200005508000001,0.020300010961999997,0.0,0.007600004103999999,0.012700006858,0.03300001782,0.005100002754000001,0.03050001647,0.038100020574,0.0,0.022900012366000002,0.0,0.0,0.004320002332800001,0.012700006858,0.03502918558241667,0.03050001647,0.045700024677999995,0.06906003729240004,0.170200091908,2023-11-07
11-08,11,8,0.03050001647,0.040600021923999995,0.035600019223999996,0.06600003564,0.058400031536,0.005100002754000001,0.050800027432,0.00250000135,0.101600054864,0.045700024677999995,0.025400013716,0.03050001647,0.043200023328,0.038100020574,0.043200023328,0.03050001647,0.08130004390199999,0.03050001647,0.050800027432,0.022900012366000002,0.08130004390199999,0.0,0.116800063072,0.015200008207999998,0.06600003564,0.027900015065999997,0.16760009050400002,0.022900012366000002,0.03300001782,0.005100002754000001,0.022900012366000002,0.007600004103999999,0.012700006858,0.055900030186,0.012700006858,0.050800027432,0.010200005508000001,0.020300010961999997,0.0,0.007600004103999999,0.020300010961999997,0.03300001782,0.035600019223999996,0.03050001647,0.038100020574,0.0,0.027900015065999997,0.0,0.0,0.004320002332800001,0.0145750078705,0.03656460307820834,0.03050001647,0.0469750253665,0.07059003811860005,0.16760009050400002,2023-11-08
11-09,11,9,0.027900015065999997,0.040600021923999995,0.035600019223999996,0.06600003564,0.06350003429000001,0.012700006858,0.06600003564,0.012700006858,0.104100056214,0.048300026082,0.025400013716,0.03050001647,0.043200023328,0.038100020574,0.045700024677999995,0.03050001647,0.08130004390199999,0.03300001782,0.050800027432,0.035600019223999996,0.086400046656,0.0,0.11940006447600002,0.015200008207999998,0.073700039798,0.03050001647,0.18030009736199998,0.027900015065999997,0.03300001782,0.005100002754000001,0.022900012366000002,0.010200005508000001,0.027900015065999997,0.055900030186,0.012700006858,0.050800027432,0.012700006858,0.020300010961999997,0.0,0.007600004103999999,0.027900015065999997,0.03300001782,0.038100020574,0.03050001647,0.038100020574,0.0,0.027900015065999997,0.0,0.0,0.006850003699,0.0190250102735,0.039156271144375,0.031750017145,0.0489250264195,0.07598004102920003,0.18030009736199998,2023-11-09
11-10,11,10,0.027900015065999997,0.040600021923999995,0.035600019223999996,0.06600003564,0.068600037044,0.012700006858,0.07110003839399999,0.027900015065999997,0.104100056214,0.053300028782,0.03050001647,0.03050001647,0.043200023328,0.038100020574,0.045700024677999995,0.03050001647,0.08130004390199999,0.038100020574,0.050800027432,0.035600019223999996,0.086400046656,0.0,0.13460007268399998,0.015200008207999998,0.073700039798,0.035600019223999996,0.19300010422,0.027900015065999997,0.038100020574,0.00250000135,0.03050001647,0.010200005508000001,0.027900015065999997,0.055900030186,0.06350003429000001,0.050800027432,0.012700006858,0.03300001782,0.0,0.010200005508000001,0.03300001782,0.03300001782,0.038100020574,0.035600019223999996,0.040600021923999995,0.0,0.027900015065999997,0.0,0.0,0.007890004260600002,0.027900015065999997,0.042541689639166665,0.035600019223999996,0.051425027769500004,0.07598004102920003,0.19300010422,2023-11-10
11-11,11,11,0.048300026082,0.040600021923999995,0.035600019223999996,0.06600003564,0.078700042498,0.012700006858,0.07110003839399999,0.03300001782,0.104100056214,0.058400031536,0.053300028782,0.03050001647,0.043200023328,0.038100020574,0.045700024677999995,0.03050001647,0.08130004390199999,0.038100020574,0.050800027432,0.045700024677999995,0.086400046656,0.0,0.13460007268399998,0.017800009611999998,0.073700039798,0.038100020574,0.195600105624,0.027900015065999997,0.040600021923999995,0.00250000135,0.03050001647,0.010200005508000001,0.027900015065999997,0.055900030186,0.06350003429000001,0.050800027432,0.012700006858,0.038100020574,0.0,0.010200005508000001,0.03300001782,0.03300001782,0.038100020574,0.035600019223999996,0.040600021923999995,0.0,0.027900015065999997,0.0,0.0,0.007890004260600002,0.027900015065999997,0.044393773972625,0.038100020574,0.053950029132999996,0.07948004291920001,0.195600105624,2023-11-11
11-12,11,12,0.048300026082,0.043200023328,0.035600019223999996,0.06600003564,0.078700042498,0.012700006858,0.07110003839399999,0.076200041148,0.104100056214,0.06100003294,0.053300028782,0.03050001647,0.043200023328,0.038100020574,0.045700024677999995,0.03300001782,0.08130004390199999,0.040600021923999995,0.050800027432,0.050800027432,0.086400046656,0.0,0.13460007268399998,0.020300010961999997,0.073700039798,0.038100020574,0.208300112482,0.03300001782,0.045700024677999995,0.005100002754000001,0.03050001647,0.015200008207999998,0.027900015065999997,0.058400031536,0.06350003429000001,0.050800027432,0.012700006858,0.038100020574,0.0,0.010200005508000001,0.035600019223999996,0.03300001782,0.043200023328,0.035600019223999996,0.040600021923999995,0.0,0.027900015065999997,0.0,0.0,0.008670004681800002,0.029850016118999997,0.04651252511674999,0.040600021923999995,0.059050031887,0.07948004291920001,0.208300112482,2023-11-12
11-13,11,13,0.08130004390199999,0.043200023328,0.035600019223999996,0.06600003564,0.078700042498,0.022900012366000002,0.07110003839399999,0.09910005351399999,0.104100056214,0.06100003294,0.053300028782,0.03050001647,0.043200023328,0.038100020574,0.045700024677999995,0.035600019223999996,0.086400046656,0.040600021923999995,0.050800027432,0.050800027432,0.086400046656,0.0,0.13460007268399998,0.020300010961999997,0.076200041148,0.038100020574,0.215900116586,0.03300001782,0.045700024677999995,0.005100002754000001,0.03050001647,0.020300010961999997,0.03050001647,0.076200041148,0.06350003429000001,0.050800027432,0.012700006858,0.038100020574,0.0,0.010200005508000001,0.040600021923999995,0.03300001782,0.048300026082,0.035600019223999996,0.040600021923999995,0.0,0.027900015065999997,0.0,0.0,0.008670004681800002,0.03050001647,0.04900210979445833,0.040600021923999995,0.06412503462750001,0.086400046656,0.215900116586,2023-11-13
11-14,11,14,0.08130004390199999,0.043200023328,0.045700024677999995,0.068600037044,0.078700042498,0.03300001782,0.073700039798,0.09910005351399999,0.104100056214,0.06100003294,0.053300028782,0.03050001647,0.043200023328,0.038100020574,0.045700024677999995,0.035600019223999996,0.086400046656,0.040600021923999995,0.050800027432,0.050800027432,0.086400046656,0.0,0.13460007268399998,0.020300010961999997,0.076200041148,0.055900030186,0.215900116586,0.038100020574,0.055900030186,0.007600004103999999,0.03050001647,0.022900012366000002,0.03300001782,0.076200041148,0.06100003294,0.050800027432,0.03300001782,0.038100020574,0.0,0.010200005508000001,0.045700024677999995,0.03300001782,0.058400031536,0.035600019223999996,0.040600021923999995,0.0,0.03300001782,0.0,0.0,0.009420005086800002,0.03300001782,0.051172944300041656,0.044450024002999994,0.062900033966,0.086400046656,0.215900116586,2023-11-14
11-15,11,15,0.08130004390199999,0.043200023328,0.050800027432,0.068600037044,0.078700042498,0.038100020574,0.073700039798,0.09910005351399999,0.104100056214,0.06100003294,0.06600003564,0.03050001647,0.053300028782,0.068600037044,0.048300026082,0.038100020574,0.088900048006,0.040600021923999995,0.050800027432,0.055900030186,0.086400046656,0.0,0.13460007268399998,0.020300010961999997,0.076200041148,0.055900030186,0.215900116586,0.045700024677999995,0.078700042498,0.007600004103999999,0.03050001647,0.022900012366000002,0.040600021923999995,0.073700039798,0.06100003294,0.050800027432,0.03300001782,0.038100020574,0.0,0.010200005508000001,0.048300026082,0.03300001782,0.058400031536,0.035600019223999996,0.040600021923999995,0.0,0.03300001782,0.0,0.0,0.009420005086800002,0.03300001782,0.05355419558591667,0.049550026757,0.0698750377325,0.087150047061,0.215900116586,2023-11-15
11-16,11,16,0.08130004390199999,0.043200023328,0.055900030186,0.073700039798,0.078700042498,0.038100020574,0.073700039798,0.101600054864,0.104100056214,0.06100003294,0.06600003564,0.03050001647,0.053300028782,0.07110003839399999,0.048300026082,0.045700024677999995,0.09910005351399999,0.045700024677999995,0.055900030186,0.055900030186,0.086400046656,0.0,0.13460007268399998,0.020300010961999997,0.076200041148,0.055900030186,0.215900116586,0.043200023328,0.078700042498,0.007600004103999999,0.03050001647,0.022900012366000002,0.045700024677999995,0.07110003839399999,0.06100003294,0.050800027432,0.03300001782,0.050800027432,0.0,0.010200005508000001,0.048300026082,0.03300001782,0.06100003294,0.035600019223999996,0.040600021923999995,0.0,0.03300001782,0.0,0.0,0.009420005086800002,0.03300001782,0.054772946244041665,0.050800027432,0.071750038745,0.09021004871340005,0.215900116586,2023-11-16
11-17,11,17,0.08130004390199999,0.043200023328,0.055900030186,0.073700039798,0.078700042498,0.038100020574,0.073700039798,0.101600054864,0.104100056214,0.06100003294,0.06600003564,0.03050001647,0.053300028782,0.07110003839399999,0.048300026082,0.045700024677999995,0.114300061722,0.050800027432,0.055900030186,0.055900030186,0.086400046656,0.0,0.13460007268399998,0.020300010961999997,0.076200041148,0.06350003429000001,0.215900116586,0.043200023328,0.078700042498,0.007600004103999999,0.03050001647,0.022900012366000002,0.045700024677999995,0.068600037044,0.06600003564,0.06350003429000001,0.040600021923999995,0.050800027432,0.0,0.022900012366000002,0.048300026082,0.03300001782,0.06100003294,0.035600019223999996,0.045700024677999995,0.012700006858,0.038100020574,0.017800009611999998,0.0,0.019550010556999998,0.0374750202365,0.05694169741516667,0.052050028107000004,0.071750038745,0.09096004911840007,0.215900116586,2023-11-17
11-18,11,18,0.08130004390199999,0.043200023328,0.058400031536,0.073700039798,0.078700042498,0.038100020574,0.073700039798,0.101600054864,0.104100056214,0.068600037044,0.073700039798,0.03050001647,0.053300028782,0.073700039798,0.048300026082,0.045700024677999995,0.114300061722,0.055900030186,0.078700042498,0.055900030186,0.086400046656,0.00250000135,0.13460007268399998,0.020300010961999997,0.076200041148,0.068600037044,0.215900116586,0.043200023328,0.078700042498,0.007600004103999999,0.03050001647,0.022900012366000002,0.045700024677999995,0.068600037044,0.076200041148,0.06350003429000001,0.040600021923999995,0.050800027432,0.007600004103999999,0.038100020574,0.048300026082,0.03300001782,0.06100003294,0.035600019223999996,0.045700024677999995,0.012700006858,0.038100020574,0.017800009611999998,0.00250000135,0.019550010556999998,0.038100020574,0.058793781748625006,0.054600029484,0.0743250401355,0.09096004911840007,0.215900116586,2023-11-18
11-19,11,19,0.08130004390199999,0.043200023328,0.058400031536,0.078700042498,0.078700042498,0.045700024677999995,0.073700039798,0.101600054864,0.104100056214,0.068600037044,0.073700039798,0.03050001647,0.053300028782,0.073700039798,0.048300026082,0.045700024677999995,0.12190006582599998,0.058400031536,0.08130004390199999,0.055900030186,0.086400046656,0.00250000135,0.13460007268399998,0.022900012366000002,0.076200041148,0.068600037044,0.215900116586,0.043200023328,0.078700042498,0.007600004103999999,0.03050001647,0.022900012366000002,0.048300026082,0.08130004390199999,0.076200041148,0.06350003429000001,0.040600021923999995,0.050800027432,0.007600004103999999,0.038100020574,0.050800027432,0.03300001782,0.06100003294,0.035600019223999996,0.045700024677999995,0.020300010961999997,0.038100020574,0.025400013716,0.00250000135,0.022900012366000002,0.038100020574,0.06006253243375,0.054600029484,0.0768250414855,0.09096004911840007,0.215900116586,2023-11-19
11-20,11,20,0.08130004390199999,0.043200023328,0.058400031536,0.08130004390199999,0.086400046656,0.045700024677999995,0.073700039798,0.101600054864,0.109200058968,0.068600037044,0.073700039798,0.03050001647,0.053300028782,0.073700039798,0.048300026082,0.045700024677999995,0.12190006582599998,0.06100003294,0.08130004390199999,0.055900030186,0.086400046656,0.005100002754000001,0.13460007268399998,0.022900012366000002,0.076200041148,0.068600037044,0.215900116586,0.043200023328,0.078700042498,0.007600004103999999,0.03050001647,0.022900012366000002,0.050800027432,0.08130004390199999,0.076200041148,0.07110003839399999,0.053300028782,0.050800027432,0.005100002754000001,0.038100020574,0.053300028782,0.03300001782,0.06100003294,0.038100020574,0.045700024677999995,0.020300010961999997,0.038100020574,0.03300001782,0.005100002754000001,0.022900012366000002,0.038100020574,0.06117711636895834,0.054600029484,0.0768250414855,0.09096004911840007,0.215900116586,2023-11-20
11-21,11,21,0.08130004390199999,0.043200023328,0.058400031536,0.08130004390199999,0.086400046656,0.053300028782,0.073700039798,0.101600054864,0.109200058968,0.068600037044,0.073700039798,0.03300001782,0.07110003839399999,0.073700039798,0.048300026082,0.045700024677999995,0.12190006582599998,0.06350003429000001,0.08130004390199999,0.06100003294,0.086400046656,0.005100002754000001,0.13460007268399998,0.022900012366000002,0.076200041148,0.068600037044,0.215900116586,0.043200023328,0.078700042498,0.007600004103999999,0.03050001647,0.022900012366000002,0.08130004390199999,0.086400046656,0.076200041148,0.078700042498,0.053300028782,0.050800027432,0.005100002754000001,0.038100020574,0.055900030186,0.050800027432,0.06100003294,0.038100020574,0.050800027432,0.020300010961999997,0.043200023328,0.03300001782,0.005100002754000001,0.022900012366000002,0.043200023328,0.06345420093191667,0.06100003294,0.07935004284899999,0.09096004911840007,0.215900116586,2023-11-21
11-22,11,22,0.08130004390199999,0.043200023328,0.058400031536,0.08130004390199999,0.088900048006,0.06100003294,0.073700039798,0.101600054864,0.109200058968,0.068600037044,0.073700039798,0.035600019223999996,0.08130004390199999,0.073700039798,0.055900030186,0.045700024677999995,0.12190006582599998,0.068600037044,0.086400046656,0.06100003294,0.086400046656,0.017800009611999998,0.13460007268399998,0.022900012366000002,0.076200041148,0.068600037044,0.215900116586,0.043200023328,0.078700042498,0.007600004103999999,0.03050001647,0.022900012366000002,0.088900048006,0.09140004935599999,0.076200041148,0.086400046656,0.053300028782,0.050800027432,0.007600004103999999,0.038100020574,0.058400031536,0.055900030186,0.06100003294,0.038100020574,0.050800027432,0.020300010961999997,0.045700024677999995,0.03300001782,0.007600004103999999,0.022900012366000002,0.043200023328,0.06525420190391666,0.06100003294,0.08130004390199999,0.09446005100840003,0.215900116586,2023-11-22
11-23,11,23,0.08130004390199999,0.058400031536,0.058400031536,0.08380004525200001,0.09140004935599999,0.06100003294,0.073700039798,0.101600054864,0.109200058968,0.07110003839399999,0.073700039798,0.035600019223999996,0.08130004390199999,0.076200041148,0.055900030186,0.053300028782,0.12190006582599998,0.068600037044,0.104100056214,0.07110003839399999,0.086400046656,0.017800009611999998,0.13460007268399998,0.03300001782,0.076200041148,0.07110003839399999,0.215900116586,0.043200023328,0.078700042498,0.012700006858,0.03050001647,0.03300001782,0.09400005076,0.09140004935599999,0.07110003839399999,0.086400046656,0.06600003564,0.050800027432,0.007600004103999999,0.038100020574,0.06600003564,0.055900030186,0.06100003294,0.038100020574,0.050800027432,0.020300010961999997,0.045700024677999995,0.03300001782,0.007600004103999999,0.032250017415,0.045075024340499995,0.067518786460125,0.06730003634199999,0.08192504423949999,0.10235005526900001,0.215900116586,2023-11-23
11-24,11,24,0.08130004390199999,0.058400031536,0.058400031536,0.08380004525200001,0.09140004935599999,0.06100003294,0.073700039798,0.101600054864,0.109200058968,0.07110003839399999,0.076200041148,0.035600019223999996,0.08130004390199999,0.076200041148,0.055900030186,0.053300028782,0.12190006582599998,0.07110003839399999,0.104100056214,0.07110003839399999,0.086400046656,0.017800009611999998,0.13460007268399998,0.03300001782,0.076200041148,0.07110003839399999,0.215900116586,0.045700024677999995,0.078700042498,0.012700006858,0.03050001647,0.035600019223999996,0.111800060372,0.09140004935599999,0.07110003839399999,0.086400046656,0.06600003564,0.055900030186,0.017800009611999998,0.038100020574,0.08130004390199999,0.055900030186,0.06100003294,0.038100020574,0.058400031536,0.025400013716,0.045700024677999995,0.03300001782,0.012700006858,0.032250017415,0.045700024677999995,0.06900212059445833,0.07110003839399999,0.08192504423949999,0.10563005704020002,0.215900116586,2023-11-24
11-25,11,25,0.078700042498,0.058400031536,0.058400031536,0.08380004525200001,0.09140004935599999,0.06350003429000001,0.08130004390199999,0.12450006723,0.109200058968,0.07110003839399999,0.088900048006,0.038100020574,0.08130004390199999,0.076200041148,0.06100003294,0.058400031536,0.12190006582599998,0.07110003839399999,0.104100056214,0.07110003839399999,0.086400046656,0.025400013716,0.13460007268399998,0.048300026082,0.078700042498,0.073700039798,0.215900116586,0.045700024677999995,0.078700042498,0.012700006858,0.03300001782,0.035600019223999996,0.111800060372,0.09140004935599999,0.06600003564,0.088900048006,0.068600037044,0.055900030186,0.017800009611999998,0.038100020574,0.08380004525200001,0.055900030186,0.06100003294,0.038100020574,0.058400031536,0.027900015065999997,0.050800027432,0.03300001782,0.012700006858,0.03300001782,0.0501750270945,0.07101045501229167,0.069850037719,0.08445004560300001,0.10998005938920001,0.215900116586,2023-11-25
11-26,11,26,0.08130004390199999,0.06600003564,0.058400031536,0.086400046656,0.09140004935599999,0.07110003839399999,0.08380004525200001,0.13210007133399998,0.114300061722,0.07110003839399999,0.09140004935599999,0.040600021923999995,0.08130004390199999,0.08130004390199999,0.06100003294,0.06350003429000001,0.12190006582599998,0.07110003839399999,0.104100056214,0.07110003839399999,0.086400046656,0.025400013716,0.13460007268399998,0.055900030186,0.078700042498,0.073700039798,0.215900116586,0.045700024677999995,0.078700042498,0.012700006858,0.03300001782,0.035600019223999996,0.111800060372,0.09140004935599999,0.06350003429000001,0.088900048006,0.07110003839399999,0.055900030186,0.017800009611999998,0.038100020574,0.08380004525200001,0.058400031536,0.06100003294,0.045700024677999995,0.058400031536,0.027900015065999997,0.050800027432,0.03300001782,0.012700006858,0.03300001782,0.054625029497500005,0.07243753911624999,0.07110003839399999,0.086400046656,0.11255006077700001,0.215900116586,2023-11-26
11-27,11,27,0.08380004525200001,0.08130004390199999,0.058400031536,0.09140004935599999,0.09140004935599999,0.07110003839399999,0.086400046656,0.13210007133399998,0.114300061722,0.073700039798,0.09400005076,0.068600037044,0.086400046656,0.086400046656,0.06100003294,0.06600003564,0.12190006582599998,0.073700039798,0.104100056214,0.086400046656,0.086400046656,0.025400013716,0.13460007268399998,0.055900030186,0.078700042498,0.073700039798,0.215900116586,0.048300026082,0.078700042498,0.012700006858,0.03300001782,0.035600019223999996,0.111800060372,0.09140004935599999,0.06600003564,0.088900048006,0.07110003839399999,0.06100003294,0.025400013716,0.038100020574,0.08380004525200001,0.06100003294,0.06100003294,0.048300026082,0.06350003429000001,0.027900015065999997,0.058400031536,0.035600019223999996,0.012700006858,0.034820018802799994,0.058400031536,0.075093790550625,0.073700039798,0.0870250469935,0.11255006077700001,0.215900116586,2023-11-27
11-28,11,28,0.08380004525200001,0.08130004390199999,0.058400031536,0.09140004935599999,0.09140004935599999,0.07110003839399999,0.086400046656,0.13210007133399998,0.114300061722,0.073700039798,0.09400005076,0.076200041148,0.086400046656,0.086400046656,0.06100003294,0.06600003564,0.12190006582599998,0.073700039798,0.104100056214,0.11940006447600002,0.086400046656,0.025400013716,0.13460007268399998,0.055900030186,0.078700042498,0.073700039798,0.215900116586,0.048300026082,0.09650005211,0.012700006858,0.03300001782,0.035600019223999996,0.111800060372,0.09140004935599999,0.068600037044,0.088900048006,0.07110003839399999,0.06600003564,0.03050001647,0.038100020574,0.09140004935599999,0.08130004390199999,0.06100003294,0.048300026082,0.06350003429000001,0.03050001647,0.058400031536,0.035600019223999996,0.012700006858,0.034820018802799994,0.058400031536,0.07721045836029165,0.074950040473,0.09140004935599999,0.11583006254820002,0.215900116586,2023-11-28
11-29,11,29,0.08380004525200001,0.086400046656,0.058400031536,0.09650005211,0.09400005076,0.07110003839399999,0.088900048006,0.13210007133399998,0.114300061722,0.073700039798,0.09910005351399999,0.076200041148,0.086400046656,0.086400046656,0.06100003294,0.06600003564,0.12190006582599998,0.076200041148,0.104100056214,0.11940006447600002,0.086400046656,0.025400013716,0.13460007268399998,0.055900030186,0.078700042498,0.076200041148,0.215900116586,0.050800027432,0.09650005211,0.012700006858,0.035600019223999996,0.035600019223999996,0.114300061722,0.09140004935599999,0.073700039798,0.088900048006,0.07110003839399999,0.06600003564,0.040600021923999995,0.038100020574,0.09400005076,0.104100056214,0.06100003294,0.048300026082,0.06350003429000001,0.03050001647,0.058400031536,0.035600019223999996,0.012700006858,0.035600019223999996,0.058400031536,0.07874379252162499,0.076200041148,0.0946250510975,0.11583006254820002,0.215900116586,2023-11-29
11-30,11,30,0.08380004525200001,0.086400046656,0.058400031536,0.09650005211,0.101600054864,0.073700039798,0.09140004935599999,0.14480007819200003,0.116800063072,0.073700039798,0.09910005351399999,0.076200041148,0.086400046656,0.086400046656,0.06100003294,0.06600003564,0.12190006582599998,0.076200041148,0.104100056214,0.11940006447600002,0.086400046656,0.025400013716,0.13460007268399998,0.058400031536,0.08130004390199999,0.076200041148,0.215900116586,0.055900030186,0.09650005211,0.015200008207999998,0.040600021923999995,0.035600019223999996,0.114300061722,0.09140004935599999,0.076200041148,0.088900048006,0.07110003839399999,0.06600003564,0.040600021923999995,0.038100020574,0.116800063072,0.137200074088,0.06100003294,0.048300026082,0.06350003429000001,0.03300001782,0.058400031536,0.035600019223999996,0.015200008207999998,0.037350020169,0.058400031536,0.08096254371975,0.076200041148,0.097150052461,0.12015006488100001,0.215900116586,2023-11-30
12-01,12,1,0.08380004525200001,0.086400046656,0.08380004525200001,0.09650005211,0.137200074088,0.076200041148,0.09140004935599999,0.14480007819200003,0.11940006447600002,0.073700039798,0.09910005351399999,0.08130004390199999,0.086400046656,0.086400046656,0.06100003294,0.06600003564,0.12190006582599998,0.076200041148,0.104100056214,0.11940006447600002,0.086400046656,0.025400013716,0.13460007268399998,0.058400031536,0.08130004390199999,0.076200041148,0.215900116586,0.055900030186,0.09650005211,0.027900015065999997,0.043200023328,0.035600019223999996,0.116800063072,0.09400005076,0.078700042498,0.088900048006,0.07110003839399999,0.06600003564,0.040600021923999995,0.038100020574,0.116800063072,0.137200074088,0.06100003294,0.048300026082,0.068600037044,0.03300001782,0.058400031536,0.040600021923999995,0.025400013716,0.039850021518999995,0.060350032589,0.08313337822533333,0.08130004390199999,0.097150052461,0.12571006788340003,0.215900116586,2023-12-01
12-02,12,2,0.08380004525200001,0.086400046656,0.08380004525200001,0.09650005211,0.147300079542,0.08130004390199999,0.09400005076,0.147300079542,0.11940006447600002,0.073700039798,0.09910005351399999,0.08130004390199999,0.086400046656,0.086400046656,0.06350003429000001,0.068600037044,0.12190006582599998,0.076200041148,0.109200058968,0.11940006447600002,0.086400046656,0.025400013716,0.13460007268399998,0.06600003564,0.08130004390199999,0.076200041148,0.215900116586,0.07110003839399999,0.09650005211,0.035600019223999996,0.043200023328,0.035600019223999996,0.116800063072,0.09400005076,0.078700042498,0.088900048006,0.07110003839399999,0.06600003564,0.048300026082,0.038100020574,0.116800063072,0.137200074088,0.06100003294,0.048300026082,0.08130004390199999,0.040600021923999995,0.058400031536,0.048300026082,0.025400013716,0.0424200229068,0.0653750353025,0.08514796264654168,0.08130004390199999,0.097150052461,0.12571006788340003,0.215900116586,2023-12-02
12-03,12,3,0.08380004525200001,0.086400046656,0.08380004525200001,0.09650005211,0.149900080946,0.08130004390199999,0.09400005076,0.149900080946,0.11940006447600002,0.073700039798,0.09910005351399999,0.08130004390199999,0.086400046656,0.088900048006,0.06350003429000001,0.068600037044,0.12190006582599998,0.076200041148,0.109200058968,0.12450006723,0.086400046656,0.025400013716,0.13460007268399998,0.07110003839399999,0.08130004390199999,0.076200041148,0.215900116586,0.086400046656,0.09650005211,0.038100020574,0.045700024677999995,0.035600019223999996,0.11940006447600002,0.09650005211,0.088900048006,0.09650005211,0.076200041148,0.07110003839399999,0.048300026082,0.038100020574,0.116800063072,0.13970007543799998,0.06100003294,0.048300026082,0.08130004390199999,0.053300028782,0.06100003294,0.050800027432,0.025400013716,0.0475200256608,0.0673250363555,0.087056297010375,0.08380004525200001,0.097150052461,0.12753006886620002,0.215900116586,2023-12-03
12-04,12,4,0.08380004525200001,0.086400046656,0.08380004525200001,0.09650005211,0.149900080946,0.101600054864,0.09400005076,0.154900083646,0.11940006447600002,0.073700039798,0.09910005351399999,0.08130004390199999,0.09400005076,0.09140004935599999,0.06350003429000001,0.073700039798,0.12190006582599998,0.076200041148,0.109200058968,0.12450006723,0.086400046656,0.025400013716,0.13460007268399998,0.076200041148,0.08130004390199999,0.076200041148,0.215900116586,0.086400046656,0.09650005211,0.038100020574,0.045700024677999995,0.035600019223999996,0.11940006447600002,0.09650005211,0.088900048006,0.104100056214,0.076200041148,0.073700039798,0.055900030186,0.045700024677999995,0.116800063072,0.13970007543799998,0.06100003294,0.048300026082,0.088900048006,0.06100003294,0.06100003294,0.050800027432,0.025400013716,0.0475200256608,0.071150038421,0.08885421464791667,0.086400046656,0.1022250552015,0.12753006886620002,0.215900116586,2023-12-04
12-05,12,5,0.08380004525200001,0.086400046656,0.08380004525200001,0.09650005211,0.152400082296,0.104100056214,0.09400005076,0.15750008505,0.11940006447600002,0.073700039798,0.09910005351399999,0.08130004390199999,0.09400005076,0.09140004935599999,0.06600003564,0.073700039798,0.12190006582599998,0.08380004525200001,0.111800060372,0.12450006723,0.086400046656,0.025400013716,0.13460007268399998,0.08130004390199999,0.08130004390199999,0.076200041148,0.215900116586,0.086400046656,0.09650005211,0.040600021923999995,0.048300026082,0.035600019223999996,0.11940006447600002,0.09650005211,0.088900048006,0.104100056214,0.076200041148,0.073700039798,0.055900030186,0.045700024677999995,0.116800063072,0.147300079542,0.06100003294,0.048300026082,0.088900048006,0.06100003294,0.06100003294,0.055900030186,0.025400013716,0.048300026082,0.0717750387585,0.08975421513391667,0.086400046656,0.104100056214,0.12753006886620002,0.215900116586,2023-12-05
12-06,12,6,0.08380004525200001,0.086400046656,0.08380004525200001,0.09650005211,0.152400082296,0.104100056214,0.09650005211,0.15750008505,0.11940006447600002,0.073700039798,0.09910005351399999,0.08130004390199999,0.09400005076,0.09140004935599999,0.073700039798,0.073700039798,0.12950006993,0.09400005076,0.12950006993,0.13210007133399998,0.086400046656,0.025400013716,0.13460007268399998,0.09140004935599999,0.08130004390199999,0.076200041148,0.215900116586,0.086400046656,0.09650005211,0.040600021923999995,0.050800027432,0.038100020574,0.11940006447600002,0.101600054864,0.088900048006,0.104100056214,0.08130004390199999,0.073700039798,0.055900030186,0.045700024677999995,0.12450006723,0.149900080946,0.06100003294,0.048300026082,0.088900048006,0.06100003294,0.06100003294,0.06350003429000001,0.025400013716,0.050050027027,0.073700039798,0.09176463288620833,0.087650047331,0.104100056214,0.132850071739,0.215900116586,2023-12-06
12-07,12,7,0.08380004525200001,0.086400046656,0.08380004525200001,0.09650005211,0.154900083646,0.106700057618,0.09650005211,0.15750008505,0.12450006723,0.073700039798,0.09910005351399999,0.08130004390199999,0.09400005076,0.09140004935599999,0.073700039798,0.073700039798,0.13460007268399998,0.09400005076,0.13210007133399998,0.13210007133399998,0.086400046656,0.025400013716,0.13460007268399998,0.101600054864,0.08130004390199999,0.08130004390199999,0.215900116586,0.086400046656,0.09650005211,0.048300026082,0.050800027432,0.040600021923999995,0.12450006723,0.101600054864,0.088900048006,0.104100056214,0.08130004390199999,0.073700039798,0.055900030186,0.045700024677999995,0.12450006723,0.149900080946,0.06100003294,0.048300026082,0.088900048006,0.06100003294,0.06100003294,0.06600003564,0.025400013716,0.050050027027,0.073700039798,0.09282713345995834,0.087650047331,0.104750056565,0.13460007268399998,0.215900116586,2023-12-07
12-08,12,8,0.08380004525200001,0.086400046656,0.08380004525200001,0.09650005211,0.15750008505,0.109200058968,0.09650005211,0.15750008505,0.12450006723,0.078700042498,0.09910005351399999,0.086400046656,0.09400005076,0.09140004935599999,0.078700042498,0.073700039798,0.14480007819200003,0.09400005076,0.13460007268399998,0.13210007133399998,0.086400046656,0.025400013716,0.13460007268399998,0.101600054864,0.08130004390199999,0.086400046656,0.215900116586,0.086400046656,0.09650005211,0.06100003294,0.053300028782,0.050800027432,0.12450006723,0.101600054864,0.088900048006,0.114300061722,0.08130004390199999,0.076200041148,0.055900030186,0.045700024677999995,0.12450006723,0.149900080946,0.06100003294,0.048300026082,0.09650005211,0.06100003294,0.06350003429000001,0.06600003564,0.025400013716,0.0551200297648,0.0755750408105,0.09462296776304165,0.087650047331,0.11047505965650001,0.13766007433640004,0.215900116586,2023-12-08
12-09,12,9,0.08380004525200001,0.086400046656,0.08380004525200001,0.09650005211,0.15750008505,0.111800060372,0.09650005211,0.170200091908,0.12700006858000001,0.08130004390199999,0.09910005351399999,0.086400046656,0.09400005076,0.09140004935599999,0.08130004390199999,0.078700042498,0.14480007819200003,0.09400005076,0.13460007268399998,0.14480007819200003,0.086400046656,0.03300001782,0.13460007268399998,0.101600054864,0.08130004390199999,0.086400046656,0.228600123444,0.088900048006,0.09650005211,0.068600037044,0.053300028782,0.050800027432,0.12450006723,0.101600054864,0.09140004935599999,0.114300061722,0.08130004390199999,0.076200041148,0.076200041148,0.045700024677999995,0.12450006723,0.152400082296,0.06100003294,0.055900030186,0.09650005211,0.06350003429000001,0.06350003429000001,0.06600003564,0.03300001782,0.0594700321138,0.0780750421605,0.09684171896116667,0.09015004868099999,0.11242506070950001,0.14480007819200003,0.228600123444,2023-12-09
12-10,12,10,0.08380004525200001,0.086400046656,0.088900048006,0.09650005211,0.15750008505,0.111800060372,0.09650005211,0.175300094662,0.12700006858000001,0.08130004390199999,0.09910005351399999,0.086400046656,0.09400005076,0.09140004935599999,0.09140004935599999,0.078700042498,0.14480007819200003,0.09650005211,0.147300079542,0.14480007819200003,0.086400046656,0.03300001782,0.13460007268399998,0.101600054864,0.08130004390199999,0.086400046656,0.231100124794,0.09140004935599999,0.09650005211,0.068600037044,0.053300028782,0.050800027432,0.12450006723,0.101600054864,0.09140004935599999,0.114300061722,0.08130004390199999,0.078700042498,0.08130004390199999,0.045700024677999995,0.12450006723,0.152400082296,0.06350003429000001,0.06600003564,0.09650005211,0.06350003429000001,0.06350003429000001,0.06600003564,0.03300001782,0.06350003429000001,0.080650043551,0.098106302977375,0.09140004935599999,0.11242506070950001,0.14555007859700003,0.231100124794,2023-12-10
12-11,12,11,0.08380004525200001,0.086400046656,0.088900048006,0.09910005351399999,0.15750008505,0.111800060372,0.09650005211,0.175300094662,0.12700006858000001,0.086400046656,0.09910005351399999,0.09400005076,0.09400005076,0.101600054864,0.09140004935599999,0.078700042498,0.14480007819200003,0.09650005211,0.16260008780399998,0.149900080946,0.088900048006,0.03300001782,0.14220007678799998,0.101600054864,0.08130004390199999,0.086400046656,0.231100124794,0.09140004935599999,0.09910005351399999,0.068600037044,0.055900030186,0.050800027432,0.13210007133399998,0.101600054864,0.09400005076,0.114300061722,0.08130004390199999,0.078700042498,0.101600054864,0.045700024677999995,0.12190006582599998,0.152400082296,0.06350003429000001,0.06600003564,0.09910005351399999,0.07110003839399999,0.06350003429000001,0.06600003564,0.03300001782,0.06350003429000001,0.080650043551,0.1001750540945,0.09400005076,0.11242506070950001,0.150650081351,0.231100124794,2023-12-11
12-12,12,12,0.088900048006,0.086400046656,0.088900048006,0.09910005351399999,0.15750008505,0.111800060372,0.109200058968,0.175300094662,0.12700006858000001,0.09140004935599999,0.09910005351399999,0.09400005076,0.09400005076,0.101600054864,0.09650005211,0.086400046656,0.14480007819200003,0.09650005211,0.177800096012,0.149900080946,0.088900048006,0.03300001782,0.14220007678799998,0.101600054864,0.08130004390199999,0.086400046656,0.23370012619799999,0.09140004935599999,0.09910005351399999,0.068600037044,0.055900030186,0.058400031536,0.13210007133399998,0.101600054864,0.09400005076,0.114300061722,0.088900048006,0.078700042498,0.101600054864,0.045700024677999995,0.11940006447600002,0.152400082296,0.06350003429000001,0.06600003564,0.109200058968,0.07110003839399999,0.06350003429000001,0.06600003564,0.03300001782,0.06350003429000001,0.0851250459675,0.10176255495175,0.095250051435,0.11242506070950001,0.150650081351,0.23370012619799999,2023-12-12
12-13,12,13,0.09910005351399999,0.101600054864,0.088900048006,0.09910005351399999,0.1600000864,0.111800060372,0.111800060372,0.175300094662,0.12700006858000001,0.09140004935599999,0.09910005351399999,0.09400005076,0.09400005076,0.101600054864,0.09650005211,0.086400046656,0.147300079542,0.11940006447600002,0.195600105624,0.149900080946,0.09140004935599999,0.03300001782,0.14220007678799998,0.101600054864,0.08130004390199999,0.086400046656,0.23370012619799999,0.09140004935599999,0.09910005351399999,0.068600037044,0.058400031536,0.068600037044,0.13210007133399998,0.111800060372,0.09400005076,0.114300061722,0.088900048006,0.078700042498,0.101600054864,0.045700024677999995,0.11940006447600002,0.16260008780399998,0.06350003429000001,0.07110003839399999,0.111800060372,0.07110003839399999,0.068600037044,0.06100003294,0.03300001782,0.0670700362178,0.0851250459675,0.10420213960245832,0.09910005351399999,0.1155750624105,0.15293008258220003,0.23370012619799999,2023-12-13
12-14,12,14,0.101600054864,0.101600054864,0.088900048006,0.09910005351399999,0.16260008780399998,0.116800063072,0.114300061722,0.175300094662,0.12700006858000001,0.09400005076,0.09910005351399999,0.09400005076,0.11940006447600002,0.101600054864,0.09650005211,0.086400046656,0.154900083646,0.11940006447600002,0.198100106974,0.149900080946,0.09140004935599999,0.045700024677999995,0.14220007678799998,0.104100056214,0.08130004390199999,0.088900048006,0.23370012619799999,0.088900048006,0.101600054864,0.068600037044,0.06600003564,0.088900048006,0.13210007133399998,0.111800060372,0.09650005211,0.12190006582599998,0.09650005211,0.08130004390199999,0.101600054864,0.050800027432,0.11940006447600002,0.16760009050400002,0.073700039798,0.073700039798,0.111800060372,0.07110003839399999,0.068600037044,0.06100003294,0.045700024677999995,0.068600037044,0.0882750476685,0.10710839117183334,0.100350054189,0.11940006447600002,0.15721008489340002,0.23370012619799999,2023-12-14
12-15,12,15,0.106700057618,0.101600054864,0.088900048006,0.104100056214,0.16260008780399998,0.12190006582599998,0.114300061722,0.175300094662,0.12700006858000001,0.09400005076,0.09910005351399999,0.09400005076,0.12450006723,0.101600054864,0.09650005211,0.09140004935599999,0.154900083646,0.11940006447600002,0.198100106974,0.149900080946,0.09140004935599999,0.045700024677999995,0.149900080946,0.106700057618,0.08130004390199999,0.09400005076,0.23370012619799999,0.088900048006,0.101600054864,0.068600037044,0.06600003564,0.088900048006,0.13210007133399998,0.111800060372,0.104100056214,0.12190006582599998,0.09650005211,0.088900048006,0.106700057618,0.050800027432,0.11940006447600002,0.16760009050400002,0.073700039798,0.101600054864,0.111800060372,0.07110003839399999,0.073700039798,0.06100003294,0.045700024677999995,0.070350037989,0.088900048006,0.10906672556266665,0.101600054864,0.12190006582599998,0.15721008489340002,0.23370012619799999,2023-12-15
12-16,12,16,0.111800060372,0.101600054864,0.088900048006,0.104100056214,0.165100089154,0.12450006723,0.12190006582599998,0.175300094662,0.12700006858000001,0.09400005076,0.101600054864,0.09400005076,0.12450006723,0.101600054864,0.09650005211,0.09140004935599999,0.15750008505,0.11940006447600002,0.198100106974,0.154900083646,0.09140004935599999,0.045700024677999995,0.154900083646,0.106700057618,0.09400005076,0.09400005076,0.23370012619799999,0.088900048006,0.101600054864,0.068600037044,0.073700039798,0.088900048006,0.137200074088,0.114300061722,0.104100056214,0.12190006582599998,0.101600054864,0.088900048006,0.116800063072,0.050800027432,0.11940006447600002,0.170200091908,0.073700039798,0.101600054864,0.111800060372,0.07110003839399999,0.073700039798,0.06100003294,0.045700024677999995,0.0729200393768,0.09077504901849999,0.11070630978137498,0.101600054864,0.12255006617699998,0.15978008628120002,0.23370012619799999,2023-12-16
12-17,12,17,0.116800063072,0.101600054864,0.088900048006,0.114300061722,0.16760009050400002,0.12450006723,0.13460007268399998,0.175300094662,0.12700006858000001,0.09910005351399999,0.101600054864,0.09650005211,0.12450006723,0.101600054864,0.09650005211,0.09140004935599999,0.15750008505,0.11940006447600002,0.198100106974,0.154900083646,0.09400005076,0.045700024677999995,0.154900083646,0.109200058968,0.101600054864,0.09400005076,0.23370012619799999,0.088900048006,0.106700057618,0.068600037044,0.073700039798,0.088900048006,0.137200074088,0.116800063072,0.106700057618,0.12190006582599998,0.101600054864,0.09140004935599999,0.13460007268399998,0.050800027432,0.11940006447600002,0.170200091908,0.073700039798,0.106700057618,0.111800060372,0.07110003839399999,0.08130004390199999,0.06600003564,0.045700024677999995,0.0729200393768,0.09140004935599999,0.11276672756066668,0.106700057618,0.1251250675675,0.16053008668620003,0.23370012619799999,2023-12-17
12-18,12,18,0.12190006582599998,0.101600054864,0.088900048006,0.114300061722,0.170200091908,0.12950006993,0.13460007268399998,0.175300094662,0.12950006993,0.09910005351399999,0.101600054864,0.09650005211,0.12700006858000001,0.104100056214,0.106700057618,0.09910005351399999,0.15750008505,0.11940006447600002,0.198100106974,0.154900083646,0.09400005076,0.045700024677999995,0.154900083646,0.109200058968,0.101600054864,0.09400005076,0.23370012619799999,0.09140004935599999,0.109200058968,0.07110003839399999,0.08130004390199999,0.088900048006,0.137200074088,0.116800063072,0.12190006582599998,0.12190006582599998,0.101600054864,0.09140004935599999,0.13460007268399998,0.050800027432,0.12190006582599998,0.170200091908,0.073700039798,0.106700057618,0.111800060372,0.07110003839399999,0.08130004390199999,0.07110003839399999,0.045700024677999995,0.0729200393768,0.09335005040899999,0.11435006174899999,0.107950058293,0.12950006993,0.16131008710740005,0.23370012619799999,2023-12-18
12-19,12,19,0.12190006582599998,0.101600054864,0.088900048006,0.114300061722,0.170200091908,0.13210007133399998,0.13460007268399998,0.175300094662,0.12950006993,0.09910005351399999,0.101600054864,0.09650005211,0.137200074088,0.104100056214,0.106700057618,0.104100056214,0.1600000864,0.11940006447600002,0.198100106974,0.154900083646,0.09400005076,0.045700024677999995,0.154900083646,0.109200058968,0.101600054864,0.09400005076,0.23370012619799999,0.09650005211,0.109200058968,0.073700039798,0.09140004935599999,0.088900048006,0.14480007819200003,0.116800063072,0.12700006858000001,0.12190006582599998,0.101600054864,0.09140004935599999,0.13460007268399998,0.050800027432,0.12190006582599998,0.170200091908,0.073700039798,0.109200058968,0.111800060372,0.07110003839399999,0.08130004390199999,0.07110003839399999,0.045700024677999995,0.073700039798,0.09400005076,0.11546047901529166,0.109200058968,0.1327250716715,0.16306008805240005,0.23370012619799999,2023-12-19
12-20,12,20,0.14220007678799998,0.101600054864,0.088900048006,0.114300061722,0.17270009325799998,0.137200074088,0.14480007819200003,0.175300094662,0.12950006993,0.09910005351399999,0.101600054864,0.09650005211,0.147300079542,0.104100056214,0.109200058968,0.104100056214,0.1600000864,0.11940006447600002,0.198100106974,0.154900083646,0.09910005351399999,0.045700024677999995,0.154900083646,0.109200058968,0.101600054864,0.09400005076,0.23370012619799999,0.09650005211,0.111800060372,0.073700039798,0.09400005076,0.088900048006,0.18540010011600003,0.116800063072,0.12700006858000001,0.13210007133399998,0.104100056214,0.09400005076,0.137200074088,0.050800027432,0.12450006723,0.16760009050400002,0.076200041148,0.109200058968,0.111800060372,0.073700039798,0.08130004390199999,0.08130004390199999,0.045700024677999995,0.07977004307579999,0.0958750517725,0.118268813865125,0.109200058968,0.138450074763,0.16913009133020002,0.23370012619799999,2023-12-20
12-21,12,21,0.14220007678799998,0.104100056214,0.088900048006,0.116800063072,0.17270009325799998,0.13970007543799998,0.147300079542,0.175300094662,0.12950006993,0.101600054864,0.106700057618,0.09650005211,0.15750008505,0.104100056214,0.111800060372,0.106700057618,0.1600000864,0.11940006447600002,0.198100106974,0.154900083646,0.09910005351399999,0.045700024677999995,0.154900083646,0.109200058968,0.101600054864,0.09400005076,0.23370012619799999,0.09650005211,0.111800060372,0.09400005076,0.09400005076,0.088900048006,0.21080011383199998,0.12190006582599998,0.12700006858000001,0.13210007133399998,0.109200058968,0.09650005211,0.137200074088,0.055900030186,0.12450006723,0.16760009050400002,0.08130004390199999,0.109200058968,0.111800060372,0.073700039798,0.08130004390199999,0.086400046656,0.045700024677999995,0.0848700458298,0.09650005211,0.12049173173216665,0.11050005967000001,0.14032507577549996,0.16913009133020002,0.23370012619799999,2023-12-21
12-22,12,22,0.14220007678799998,0.104100056214,0.088900048006,0.116800063072,0.177800096012,0.13970007543799998,0.149900080946,0.175300094662,0.12950006993,0.101600054864,0.116800063072,0.09650005211,0.15750008505,0.109200058968,0.114300061722,0.109200058968,0.1600000864,0.11940006447600002,0.208300112482,0.154900083646,0.09910005351399999,0.048300026082,0.154900083646,0.109200058968,0.101600054864,0.101600054864,0.23370012619799999,0.09910005351399999,0.111800060372,0.09400005076,0.106700057618,0.088900048006,0.226100122094,0.12190006582599998,0.12700006858000001,0.13460007268399998,0.12450006723,0.114300061722,0.137200074088,0.055900030186,0.12700006858000001,0.170200091908,0.08130004390199999,0.109200058968,0.12190006582599998,0.073700039798,0.08130004390199999,0.086400046656,0.048300026082,0.0848700458298,0.1009750545265,0.12319381652462498,0.115550062397,0.14032507577549996,0.17173009273420003,0.23370012619799999,2023-12-22
12-23,12,23,0.14220007678799998,0.104100056214,0.088900048006,0.116800063072,0.198100106974,0.14480007819200003,0.149900080946,0.175300094662,0.12950006993,0.111800060372,0.11940006447600002,0.09650005211,0.15750008505,0.111800060372,0.116800063072,0.109200058968,0.16260008780399998,0.11940006447600002,0.226100122094,0.15750008505,0.09910005351399999,0.048300026082,0.154900083646,0.109200058968,0.101600054864,0.101600054864,0.23370012619799999,0.09910005351399999,0.114300061722,0.09910005351399999,0.111800060372,0.09650005211,0.24380013165199996,0.12190006582599998,0.12950006993,0.13460007268399998,0.13210007133399998,0.12190006582599998,0.137200074088,0.06100003294,0.12700006858000001,0.170200091908,0.08380004525200001,0.109200058968,0.12190006582599998,0.073700039798,0.08130004390199999,0.086400046656,0.048300026082,0.0856200462348,0.1009750545265,0.125893817982625,0.11810006377400001,0.142850077139,0.17173009273420003,0.24380013165199996,2023-12-23
12-24,12,24,0.14220007678799998,0.109200058968,0.088900048006,0.116800063072,0.198100106974,0.152400082296,0.149900080946,0.175300094662,0.12950006993,0.11940006447600002,0.11940006447600002,0.09650005211,0.15750008505,0.111800060372,0.11940006447600002,0.109200058968,0.16260008780399998,0.11940006447600002,0.231100124794,0.16260008780399998,0.09910005351399999,0.048300026082,0.154900083646,0.109200058968,0.101600054864,0.101600054864,0.23370012619799999,0.09910005351399999,0.114300061722,0.09910005351399999,0.111800060372,0.09650005211,0.24380013165199996,0.12190006582599998,0.13210007133399998,0.13460007268399998,0.13460007268399998,0.12190006582599998,0.14220007678799998,0.06350003429000001,0.12700006858000001,0.175300094662,0.086400046656,0.12950006993,0.12700006858000001,0.073700039798,0.08130004390199999,0.086400046656,0.048300026082,0.086400046656,0.1009750545265,0.12753340220133333,0.11940006447600002,0.14412507782749998,0.175300094662,0.24380013165199996,2023-12-24
12-25,12,25,0.14220007678799998,0.114300061722,0.088900048006,0.116800063072,0.20070010837799998,0.1600000864,0.149900080946,0.175300094662,0.12950006993,0.11940006447600002,0.12450006723,0.09650005211,0.15750008505,0.111800060372,0.11940006447600002,0.109200058968,0.165100089154,0.11940006447600002,0.23370012619799999,0.16260008780399998,0.109200058968,0.048300026082,0.154900083646,0.109200058968,0.101600054864,0.104100056214,0.23370012619799999,0.09910005351399999,0.114300061722,0.101600054864,0.116800063072,0.09650005211,0.24380013165199996,0.12190006582599998,0.13210007133399998,0.13460007268399998,0.13970007543799998,0.12450006723,0.17270009325799998,0.068600037044,0.12700006858000001,0.18540010011600003,0.086400046656,0.14480007819200003,0.12700006858000001,0.073700039798,0.08380004525200001,0.09650005211,0.048300026082,0.088150047601,0.1034750558765,0.13017715362895832,0.12065006515099999,0.151150081621,0.17833009629820004,0.24380013165199996,2023-12-25
12-26,12,26,0.14220007678799998,0.114300061722,0.088900048006,0.116800063072,0.20070010837799998,0.165100089154,0.149900080946,0.175300094662,0.12950006993,0.11940006447600002,0.13210007133399998,0.09650005211,0.15750008505,0.111800060372,0.11940006447600002,0.109200058968,0.165100089154,0.11940006447600002,0.23880012895200003,0.16260008780399998,0.111800060372,0.048300026082,0.154900083646,0.109200058968,0.101600054864,0.12950006993,0.23370012619799999,0.09910005351399999,0.114300061722,0.101600054864,0.147300079542,0.09650005211,0.24380013165199996,0.12190006582599998,0.13210007133399998,0.13460007268399998,0.13970007543799998,0.12190006582599998,0.18030009736199998,0.068600037044,0.137200074088,0.18800010152,0.086400046656,0.15750008505,0.12700006858000001,0.073700039798,0.086400046656,0.111800060372,0.048300026082,0.088150047601,0.109200058968,0.1327750716985,0.124450067203,0.155550083997,0.1826100986094,0.24380013165199996,2023-12-26
12-27,12,27,0.14220007678799998,0.114300061722,0.088900048006,0.116800063072,0.20070010837799998,0.16760009050400002,0.149900080946,0.175300094662,0.12950006993,0.11940006447600002,0.13210007133399998,0.09650005211,0.15750008505,0.111800060372,0.11940006447600002,0.109200058968,0.165100089154,0.11940006447600002,0.246400133056,0.16260008780399998,0.114300061722,0.048300026082,0.15750008505,0.109200058968,0.104100056214,0.147300079542,0.23370012619799999,0.09910005351399999,0.114300061722,0.101600054864,0.147300079542,0.09650005211,0.24380013165199996,0.12190006582599998,0.13460007268399998,0.13460007268399998,0.13970007543799998,0.11940006447600002,0.18030009736199998,0.068600037044,0.137200074088,0.18800010152,0.086400046656,0.16760009050400002,0.12700006858000001,0.073700039798,0.088900048006,0.12450006723,0.048300026082,0.088900048006,0.109200058968,0.13404173904916666,0.125750067905,0.15750008505,0.1826100986094,0.246400133056,2023-12-27
12-28,12,28,0.14220007678799998,0.114300061722,0.088900048006,0.116800063072,0.20070010837799998,0.170200091908,0.16760009050400002,0.175300094662,0.12950006993,0.11940006447600002,0.13210007133399998,0.09650005211,0.15750008505,0.111800060372,0.12190006582599998,0.109200058968,0.165100089154,0.11940006447600002,0.26420014266799996,0.16760009050400002,0.114300061722,0.048300026082,0.15750008505,0.109200058968,0.104100056214,0.147300079542,0.23370012619799999,0.09910005351399999,0.12190006582599998,0.101600054864,0.147300079542,0.09650005211,0.24380013165199996,0.12190006582599998,0.13460007268399998,0.13460007268399998,0.13970007543799998,0.116800063072,0.18290009876600002,0.068600037044,0.137200074088,0.18800010152,0.086400046656,0.18540010011600003,0.137200074088,0.073700039798,0.09910005351399999,0.12450006723,0.048300026082,0.0942200508788,0.109200058968,0.13594590674408333,0.12700006858,0.15940008607599998,0.18618010053720002,0.26420014266799996,2023-12-28
12-29,12,29,0.14220007678799998,0.114300061722,0.088900048006,0.116800063072,0.20070010837799998,0.170200091908,0.16760009050400002,0.175300094662,0.12950006993,0.12190006582599998,0.13210007133399998,0.09650005211,0.15750008505,0.111800060372,0.137200074088,0.109200058968,0.165100089154,0.12450006723,0.26670014401799996,0.17270009325799998,0.114300061722,0.048300026082,0.15750008505,0.109200058968,0.104100056214,0.147300079542,0.236200127548,0.101600054864,0.12190006582599998,0.101600054864,0.147300079542,0.09650005211,0.24380013165199996,0.12950006993,0.13460007268399998,0.13460007268399998,0.13970007543799998,0.12450006723,0.18290009876600002,0.068600037044,0.137200074088,0.18800010152,0.09140004935599999,0.18800010152,0.137200074088,0.073700039798,0.104100056214,0.12450006723,0.048300026082,0.0949700512838,0.109200058968,0.13726674079066667,0.130800070632,0.15940008607599998,0.18800010152,0.26670014401799996,2023-12-29
12-30,12,30,0.14220007678799998,0.114300061722,0.088900048006,0.12450006723,0.20570011107800001,0.170200091908,0.170200091908,0.175300094662,0.13210007133399998,0.12190006582599998,0.13460007268399998,0.09650005211,0.15750008505,0.111800060372,0.154900083646,0.109200058968,0.165100089154,0.12450006723,0.271800146772,0.177800096012,0.114300061722,0.048300026082,0.15750008505,0.109200058968,0.106700057618,0.154900083646,0.26420014266799996,0.104100056214,0.12190006582599998,0.101600054864,0.147300079542,0.09650005211,0.259100139914,0.13210007133399998,0.13460007268399998,0.13460007268399998,0.13970007543799998,0.12190006582599998,0.18290009876600002,0.068600037044,0.137200074088,0.18800010152,0.09140004935599999,0.18800010152,0.137200074088,0.073700039798,0.109200058968,0.12450006723,0.048300026082,0.0949700512838,0.109200058968,0.13954590868808334,0.13335007200899998,0.15940008607599998,0.18800010152,0.271800146772,2023-12-30
12-31,12,31,0.14220007678799998,0.114300061722,0.088900048006,0.12450006723,0.208300112482,0.170200091908,0.170200091908,0.19050010287,0.13210007133399998,0.12190006582599998,0.13460007268399998,0.09650005211,0.16260008780399998,0.111800060372,0.16260008780399998,0.109200058968,0.165100089154,0.13460007268399998,0.276900149526,0.177800096012,0.114300061722,0.048300026082,0.15750008505,0.109200058968,0.106700057618,0.15750008505,0.271800146772,0.111800060372,0.12190006582599998,0.101600054864,0.147300079542,0.104100056214,0.259100139914,0.13210007133399998,0.13460007268399998,0.137200074088,0.13970007543799998,0.11940006447600002,0.18290009876600002,0.068600037044,0.137200074088,0.18800010152,0.09140004935599999,0.203200109728,0.14480007819200003,0.07110003839399999,0.109200058968,0.12450006723,0.048300026082,0.0949700512838,0.111150060021,0.14145424305191664,0.13460007268399998,0.1632250881415,0.19431010492740006,0.276900149526,2023-12-31
01-01,1,1,0.14220007678799998,0.114300061722,0.088900048006,0.137200074088,0.208300112482,0.177800096012,0.170200091908,0.19050010287,0.13210007133399998,0.12190006582599998,0.13460007268399998,0.09650005211,0.16260008780399998,0.111800060372,0.16260008780399998,0.109200058968,0.165100089154,0.14220007678799998,0.27940015087599995,0.18030009736199998,0.114300061722,0.048300026082,0.15750008505,0.109200058968,0.111800060372,0.1600000864,0.299700161838,0.137200074088,0.12190006582599998,0.101600054864,0.147300079542,0.104100056214,0.259100139914,0.13210007133399998,0.13460007268399998,0.13970007543799998,0.13970007543799998,0.11940006447600002,0.18290009876600002,0.068600037044,0.137200074088,0.19300010422,0.09140004935599999,0.20570011107800001,0.16260008780399998,0.068600037044,0.109200058968,0.12450006723,0.048300026082,0.0949700512838,0.111800060372,0.14393549439179165,0.137200074088,0.1632250881415,0.19681010627740006,0.299700161838,2023-01-01
01-02,1,2,0.14220007678799998,0.114300061722,0.088900048006,0.137200074088,0.208300112482,0.177800096012,0.17270009325799998,0.195600105624,0.13970007543799998,0.12190006582599998,0.13460007268399998,0.09650005211,0.16260008780399998,0.111800060372,0.165100089154,0.114300061722,0.165100089154,0.14480007819200003,0.28190015222599996,0.18030009736199998,0.114300061722,0.048300026082,0.15750008505,0.109200058968,0.111800060372,0.170200091908,0.302300163242,0.137200074088,0.12190006582599998,0.101600054864,0.147300079542,0.104100056214,0.259100139914,0.13210007133399998,0.13460007268399998,0.13970007543799998,0.13970007543799998,0.11940006447600002,0.18540010011600003,0.068600037044,0.137200074088,0.198100106974,0.09140004935599999,0.20570011107800001,0.198100106974,0.068600037044,0.114300061722,0.13210007133399998,0.048300026082,0.0949700512838,0.114300061722,0.14594591214408334,0.137200074088,0.1708250922455,0.20038010820520002,0.302300163242,2023-01-02
01-03,1,3,0.14220007678799998,0.114300061722,0.088900048006,0.137200074088,0.208300112482,0.177800096012,0.17270009325799998,0.198100106974,0.14220007678799998,0.12190006582599998,0.13460007268399998,0.101600054864,0.16260008780399998,0.111800060372,0.18800010152,0.114300061722,0.165100089154,0.14480007819200003,0.292100157734,0.18540010011600003,0.114300061722,0.048300026082,0.15750008505,0.109200058968,0.116800063072,0.17270009325799998,0.304800164592,0.154900083646,0.12190006582599998,0.101600054864,0.149900080946,0.104100056214,0.259100139914,0.13210007133399998,0.13460007268399998,0.13970007543799998,0.14480007819200003,0.12450006723,0.198100106974,0.068600037044,0.137200074088,0.198100106974,0.09140004935599999,0.20570011107800001,0.213400115236,0.068600037044,0.114300061722,0.13210007133399998,0.048300026082,0.0985400532116,0.114300061722,0.14837924679141665,0.13845007476299998,0.1739750939465,0.20648011149920004,0.304800164592,2023-01-03
01-04,1,4,0.14220007678799998,0.114300061722,0.088900048006,0.15750008505,0.208300112482,0.177800096012,0.17270009325799998,0.21080011383199998,0.14220007678799998,0.12190006582599998,0.137200074088,0.101600054864,0.175300094662,0.114300061722,0.18800010152,0.11940006447600002,0.17270009325799998,0.152400082296,0.302300163242,0.19050010287,0.114300061722,0.048300026082,0.15750008505,0.109200058968,0.116800063072,0.17270009325799998,0.312400168696,0.154900083646,0.12190006582599998,0.104100056214,0.152400082296,0.104100056214,0.259100139914,0.13210007133399998,0.13460007268399998,0.13970007543799998,0.14480007819200003,0.13210007133399998,0.20070010837799998,0.06600003564,0.137200074088,0.198100106974,0.09140004935599999,0.20570011107800001,0.213400115236,0.068600037044,0.12190006582599998,0.13460007268399998,0.048300026082,0.0985400532116,0.1161750627345,0.15081049810429167,0.14095007611299998,0.1759250949995,0.209050112887,0.312400168696,2023-01-04
01-05,1,5,0.14220007678799998,0.114300061722,0.088900048006,0.1600000864,0.208300112482,0.18030009736199998,0.17270009325799998,0.21080011383199998,0.14480007819200003,0.12190006582599998,0.147300079542,0.101600054864,0.175300094662,0.114300061722,0.18800010152,0.11940006447600002,0.18800010152,0.152400082296,0.302300163242,0.203200109728,0.114300061722,0.050800027432,0.15750008505,0.109200058968,0.116800063072,0.17270009325799998,0.32510017555399995,0.154900083646,0.13460007268399998,0.111800060372,0.152400082296,0.106700057618,0.259100139914,0.13210007133399998,0.13460007268399998,0.13970007543799998,0.14480007819200003,0.13460007268399998,0.228600123444,0.06350003429000001,0.137200074088,0.198100106974,0.09650005211,0.20570011107800001,0.213400115236,0.068600037044,0.12190006582599998,0.13970007543799998,0.050800027432,0.1000700540378,0.1161750627345,0.15335216614345834,0.14350007749,0.18222509840149997,0.2115801142532,0.32510017555399995,2023-01-05
01-06,1,6,0.14480007819200003,0.114300061722,0.09400005076,0.175300094662,0.208300112482,0.18030009736199998,0.17270009325799998,0.21080011383199998,0.1600000864,0.12450006723,0.154900083646,0.101600054864,0.175300094662,0.114300061722,0.18800010152,0.12450006723,0.19300010422,0.152400082296,0.304800164592,0.20570011107800001,0.114300061722,0.050800027432,0.15750008505,0.109200058968,0.11940006447600002,0.17270009325799998,0.32770017695799997,0.154900083646,0.13460007268399998,0.14480007819200003,0.1600000864,0.106700057618,0.259100139914,0.13210007133399998,0.13460007268399998,0.13970007543799998,0.14480007819200003,0.137200074088,0.228600123444,0.06100003294,0.14480007819200003,0.198100106974,0.09650005211,0.22100011934000002,0.215900116586,0.068600037044,0.12190006582599998,0.13970007543799998,0.050800027432,0.1000700540378,0.12127506548849999,0.15616050099329165,0.14480007819200003,0.18222509840149997,0.21743011741220003,0.32770017695799997,2023-01-06
01-07,1,7,0.149900080946,0.11940006447600002,0.09400005076,0.177800096012,0.208300112482,0.19300010422,0.17270009325799998,0.218400117936,0.1600000864,0.12450006723,0.154900083646,0.101600054864,0.175300094662,0.12190006582599998,0.195600105624,0.12450006723,0.19300010422,0.152400082296,0.304800164592,0.20570011107800001,0.114300061722,0.050800027432,0.15750008505,0.111800060372,0.11940006447600002,0.175300094662,0.330200178308,0.154900083646,0.13460007268399998,0.1600000864,0.1600000864,0.106700057618,0.259100139914,0.13210007133399998,0.13460007268399998,0.14220007678799998,0.14480007819200003,0.13970007543799998,0.228600123444,0.06600003564,0.152400082296,0.198100106974,0.09650005211,0.22100011934000002,0.215900116586,0.07110003839399999,0.12190006582599998,0.13970007543799998,0.050800027432,0.1000700540378,0.12190006582599998,0.15806050201929167,0.152400082296,0.19300010422,0.21918011835720003,0.330200178308,2023-01-07
01-08,1,8,0.149900080946,0.11940006447600002,0.09400005076,0.18800010152,0.208300112482,0.19300010422,0.17270009325799998,0.218400117936,0.165100089154,0.12450006723,0.15750008505,0.101600054864,0.18540010011600003,0.12190006582599998,0.20070010837799998,0.12450006723,0.19300010422,0.152400082296,0.309900167346,0.20570011107800001,0.11940006447600002,0.050800027432,0.15750008505,0.111800060372,0.11940006447600002,0.177800096012,0.335300181062,0.154900083646,0.13460007268399998,0.1600000864,0.1600000864,0.106700057618,0.259100139914,0.13210007133399998,0.13460007268399998,0.14220007678799998,0.14480007819200003,0.13970007543799998,0.23370012619799999,0.06600003564,0.16260008780399998,0.198100106974,0.09650005211,0.218400117936,0.215900116586,0.07110003839399999,0.12190006582599998,0.14220007678799998,0.050800027432,0.1000700540378,0.12190006582599998,0.15943758609625,0.153650082971,0.19300010422,0.218400117936,0.335300181062,2023-01-08
01-09,1,9,0.149900080946,0.11940006447600002,0.09400005076,0.18800010152,0.208300112482,0.19300010422,0.17270009325799998,0.218400117936,0.165100089154,0.12450006723,0.15750008505,0.101600054864,0.18540010011600003,0.12190006582599998,0.203200109728,0.12950006993,0.19300010422,0.152400082296,0.309900167346,0.20570011107800001,0.11940006447600002,0.055900030186,0.15750008505,0.111800060372,0.11940006447600002,0.177800096012,0.37080020023200005,0.154900083646,0.13460007268399998,0.16760009050400002,0.1600000864,0.106700057618,0.259100139914,0.13210007133399998,0.13460007268399998,0.14220007678799998,0.14480007819200003,0.13460007268399998,0.248900134406,0.07110003839399999,0.16260008780399998,0.198100106974,0.09650005211,0.218400117936,0.215900116586,0.07110003839399999,0.12190006582599998,0.14220007678799998,0.055900030186,0.1000700540378,0.12190006582599998,0.16091467022720832,0.153650082971,0.19300010422,0.218400117936,0.37080020023200005,2023-01-09
01-10,1,10,0.149900080946,0.12700006858000001,0.09400005076,0.18800010152,0.208300112482,0.19300010422,0.18030009736199998,0.218400117936,0.165100089154,0.12450006723,0.1600000864,0.101600054864,0.18540010011600003,0.12190006582599998,0.213400115236,0.12950006993,0.19300010422,0.152400082296,0.309900167346,0.20570011107800001,0.11940006447600002,0.06100003294,0.15750008505,0.111800060372,0.11940006447600002,0.177800096012,0.396200213948,0.154900083646,0.13460007268399998,0.170200091908,0.165100089154,0.106700057618,0.259100139914,0.13210007133399998,0.137200074088,0.147300079542,0.14480007819200003,0.13210007133399998,0.274300148122,0.078700042498,0.16260008780399998,0.198100106974,0.09650005211,0.215900116586,0.22350012068999997,0.08130004390199999,0.12190006582599998,0.14220007678799998,0.06100003294,0.1000700540378,0.12385006687899999,0.163406338239375,0.153650082971,0.19300010422,0.2199301187622,0.396200213948,2023-01-10
01-11,1,11,0.149900080946,0.152400082296,0.09400005076,0.18800010152,0.208300112482,0.19300010422,0.18030009736199998,0.218400117936,0.165100089154,0.12450006723,0.1600000864,0.101600054864,0.18540010011600003,0.12190006582599998,0.231100124794,0.13210007133399998,0.19300010422,0.152400082296,0.312400168696,0.21080011383199998,0.12450006723,0.076200041148,0.15750008505,0.111800060372,0.12190006582599998,0.177800096012,0.41910022631399996,0.154900083646,0.13460007268399998,0.17270009325799998,0.165100089154,0.106700057618,0.259100139914,0.13210007133399998,0.13970007543799998,0.149900080946,0.147300079542,0.12950006993,0.292100157734,0.078700042498,0.16260008780399998,0.198100106974,0.09650005211,0.213400115236,0.246400133056,0.086400046656,0.11940006447600002,0.14220007678799998,0.076200041148,0.1000700540378,0.12450006723,0.16647508989649998,0.153650082971,0.19300010422,0.23569012727260005,0.41910022631399996,2023-01-11
01-12,1,12,0.149900080946,0.177800096012,0.09400005076,0.19300010422,0.208300112482,0.19300010422,0.18290009876600002,0.218400117936,0.165100089154,0.13460007268399998,0.1600000864,0.101600054864,0.18540010011600003,0.12190006582599998,0.23880012895200003,0.13210007133399998,0.20070010837799998,0.152400082296,0.31750017145000003,0.218400117936,0.12450006723,0.08130004390199999,0.17270009325799998,0.111800060372,0.12190006582599998,0.177800096012,0.439400237276,0.15750008505,0.13460007268399998,0.18030009736199998,0.165100089154,0.106700057618,0.259100139914,0.13210007133399998,0.13970007543799998,0.149900080946,0.147300079542,0.12950006993,0.30730016594200005,0.08130004390199999,0.16260008780399998,0.198100106974,0.09650005211,0.213400115236,0.246400133056,0.086400046656,0.114300061722,0.14220007678799998,0.08130004390199999,0.1000700540378,0.128250069255,0.169281341411875,0.158750085725,0.1942751049085,0.24108013018320007,0.439400237276,2023-01-12
01-13,1,13,0.149900080946,0.18540010011600003,0.09400005076,0.19300010422,0.208300112482,0.19300010422,0.18290009876600002,0.218400117936,0.165100089154,0.13460007268399998,0.1600000864,0.101600054864,0.18800010152,0.12190006582599998,0.241300130302,0.13210007133399998,0.20070010837799998,0.152400082296,0.330200178308,0.22350012068999997,0.12700006858000001,0.08130004390199999,0.18540010011600003,0.111800060372,0.12190006582599998,0.177800096012,0.439400237276,0.15750008505,0.14220007678799998,0.18030009736199998,0.165100089154,0.106700057618,0.259100139914,0.12950006993,0.13970007543799998,0.154900083646,0.147300079542,0.13210007133399998,0.309900167346,0.08130004390199999,0.16260008780399998,0.20070010837799998,0.101600054864,0.213400115236,0.246400133056,0.09910005351399999,0.111800060372,0.14220007678799998,0.08130004390199999,0.101600054864,0.1288750695925,0.17092300896504165,0.158750085725,0.1949251052595,0.24283013112820004,0.439400237276,2023-01-13
01-14,1,14,0.149900080946,0.0,0.09400005076,0.19300010422,0.208300112482,0.19300010422,0.18290009876600002,0.218400117936,0.165100089154,0.13460007268399998,0.16260008780399998,0.101600054864,0.19050010287,0.12190006582599998,0.24380013165199996,0.13210007133399998,0.20570011107800001,0.152400082296,0.34540018651599996,0.231100124794,0.12700006858000001,0.08130004390199999,0.18540010011600003,0.111800060372,0.12190006582599998,0.177800096012,0.439400237276,0.15750008505,0.14220007678799998,0.18030009736199998,0.165100089154,0.106700057618,0.259100139914,0.12950006993,0.13970007543799998,0.154900083646,0.149900080946,0.13210007133399998,0.309900167346,0.08130004390199999,0.16260008780399998,0.208300112482,0.101600054864,0.213400115236,0.248900134406,0.104100056214,0.111800060372,0.14220007678799998,0.0,0.101600054864,0.1257250678915,0.16816675747666665,0.15620008434799998,0.1961751059345,0.24533013247819999,0.439400237276,2023-01-14
01-15,1,15,0.149900080946,0.23370012619799999,0.09400005076,0.19300010422,0.208300112482,0.20070010837799998,0.18290009876600002,0.218400117936,0.16760009050400002,0.13460007268399998,0.16260008780399998,0.116800063072,0.19050010287,0.12190006582599998,0.248900134406,0.13210007133399998,0.21080011383199998,0.152400082296,0.35310019067400006,0.23370012619799999,0.12700006858000001,0.08130004390199999,0.18540010011600003,0.111800060372,0.12190006582599998,0.177800096012,0.439400237276,0.15750008505,0.14220007678799998,0.18030009736199998,0.165100089154,0.106700057618,0.259100139914,0.12950006993,0.14220007678799998,0.154900083646,0.152400082296,0.12950006993,0.309900167346,0.08130004390199999,0.16260008780399998,0.208300112482,0.101600054864,0.213400115236,0.25400013716000003,0.104100056214,0.114300061722,0.14220007678799998,0.08130004390199999,0.1059200571968,0.1288750695925,0.174200094068,0.16005008642699997,0.208300112482,0.25043013523220004,0.439400237276,2023-01-15
01-16,1,16,0.18030009736199998,0.23370012619799999,0.09400005076,0.195600105624,0.208300112482,0.20070010837799998,0.18290009876600002,0.218400117936,0.16760009050400002,0.137200074088,0.16260008780399998,0.11940006447600002,0.19050010287,0.12450006723,0.248900134406,0.14220007678799998,0.23880012895200003,0.152400082296,0.355600192024,0.241300130302,0.12700006858000001,0.08380004525200001,0.19050010287,0.111800060372,0.12190006582599998,0.177800096012,0.439400237276,0.15750008505,0.14220007678799998,0.18030009736199998,0.165100089154,0.106700057618,0.259100139914,0.12950006993,0.147300079542,0.152400082296,0.154900083646,0.13460007268399998,0.309900167346,0.08130004390199999,0.170200091908,0.208300112482,0.101600054864,0.213400115236,0.259100139914,0.104100056214,0.114300061722,0.14220007678799998,0.08130004390199999,0.1059200571968,0.1288750695925,0.17668967874570832,0.163850088479,0.208300112482,0.25196013605840006,0.439400237276,2023-01-16
01-17,1,17,0.18030009736199998,0.23370012619799999,0.09400005076,0.195600105624,0.208300112482,0.20070010837799998,0.18290009876600002,0.218400117936,0.170200091908,0.14220007678799998,0.165100089154,0.12700006858000001,0.19050010287,0.12450006723,0.25400013716000003,0.14220007678799998,0.241300130302,0.165100089154,0.355600192024,0.24380013165199996,0.13210007133399998,0.08380004525200001,0.19050010287,0.111800060372,0.12190006582599998,0.177800096012,0.439400237276,0.15750008505,0.14220007678799998,0.18030009736199998,0.165100089154,0.106700057618,0.259100139914,0.12950006993,0.147300079542,0.152400082296,0.15750008505,0.13970007543799998,0.309900167346,0.08130004390199999,0.17270009325799998,0.21080011383199998,0.101600054864,0.213400115236,0.26420014266799996,0.104100056214,0.114300061722,0.14220007678799998,0.08130004390199999,0.1059200571968,0.131450070983,0.17801051279229166,0.165100089154,0.2089251128195,0.25553013798620006,0.439400237276,2023-01-17
01-18,1,18,0.18030009736199998,0.23370012619799999,0.09400005076,0.195600105624,0.208300112482,0.20070010837799998,0.18290009876600002,0.218400117936,0.170200091908,0.14480007819200003,0.165100089154,0.12950006993,0.19050010287,0.12450006723,0.25650013851000003,0.14220007678799998,0.24380013165199996,0.170200091908,0.358100193374,0.25650013851000003,0.13460007268399998,0.086400046656,0.19050010287,0.111800060372,0.12190006582599998,0.177800096012,0.44200023868000005,0.15750008505,0.14220007678799998,0.18030009736199998,0.165100089154,0.106700057618,0.26670014401799996,0.12950006993,0.147300079542,0.149900080946,0.15750008505,0.13970007543799998,0.309900167346,0.08130004390199999,0.195600105624,0.213400115236,0.101600054864,0.213400115236,0.26420014266799996,0.111800060372,0.114300061722,0.14220007678799998,0.08130004390199999,0.1102700595458,0.13332507199549998,0.17960218031845834,0.167650090531,0.2095751131705,0.2588101397574,0.44200023868000005,2023-01-18
01-19,1,19,0.18030009736199998,0.23370012619799999,0.09400005076,0.195600105624,0.208300112482,0.203200109728,0.18290009876600002,0.218400117936,0.170200091908,0.152400082296,0.165100089154,0.13210007133399998,0.19050010287,0.12700006858000001,0.261600141264,0.14220007678799998,0.246400133056,0.177800096012,0.358100193374,0.25650013851000003,0.14480007819200003,0.106700057618,0.19050010287,0.111800060372,0.12190006582599998,0.177800096012,0.44200023868000005,0.16260008780399998,0.14220007678799998,0.18030009736199998,0.165100089154,0.11940006447600002,0.26670014401799996,0.137200074088,0.147300079542,0.147300079542,0.15750008505,0.14220007678799998,0.309900167346,0.08130004390199999,0.195600105624,0.215900116586,0.101600054864,0.213400115236,0.26420014266799996,0.111800060372,0.114300061722,0.14220007678799998,0.08130004390199999,0.111800060372,0.14095007611299998,0.1814542646519167,0.167650090531,0.2095751131705,0.2623801416852,0.44200023868000005,2023-01-19
01-20,1,20,0.18030009736199998,0.23370012619799999,0.09400005076,0.195600105624,0.208300112482,0.208300112482,0.18290009876600002,0.218400117936,0.175300094662,0.154900083646,0.165100089154,0.13210007133399998,0.19050010287,0.12700006858000001,0.261600141264,0.14220007678799998,0.248900134406,0.18540010011600003,0.358100193374,0.276900149526,0.149900080946,0.109200058968,0.19050010287,0.111800060372,0.12190006582599998,0.177800096012,0.44200023868000005,0.16260008780399998,0.14220007678799998,0.18030009736199998,0.165100089154,0.13210007133399998,0.26920014536799997,0.137200074088,0.147300079542,0.147300079542,0.15750008505,0.147300079542,0.309900167346,0.086400046656,0.195600105624,0.215900116586,0.101600054864,0.213400115236,0.26420014266799996,0.111800060372,0.114300061722,0.14220007678799998,0.086400046656,0.111800060372,0.14095007611299998,0.18304176550916665,0.170200091908,0.2095751131705,0.265700143478,0.44200023868000005,2023-01-20
01-21,1,21,0.18030009736199998,0.248900134406,0.09400005076,0.195600105624,0.208300112482,0.208300112482,0.18290009876600002,0.22100011934000002,0.175300094662,0.154900083646,0.165100089154,0.13210007133399998,0.19050010287,0.12700006858000001,0.261600141264,0.14220007678799998,0.248900134406,0.18540010011600003,0.36070019477799997,0.276900149526,0.16260008780399998,0.109200058968,0.19050010287,0.111800060372,0.12190006582599998,0.18290009876600002,0.44200023868000005,0.16260008780399998,0.14220007678799998,0.18030009736199998,0.165100089154,0.13970007543799998,0.26920014536799997,0.13970007543799998,0.147300079542,0.14480007819200003,0.15750008505,0.147300079542,0.312400168696,0.09140004935599999,0.195600105624,0.22350012068999997,0.101600054864,0.213400115236,0.26420014266799996,0.114300061722,0.114300061722,0.14220007678799998,0.09140004935599999,0.113550061317,0.1415750764505,0.18436259955575,0.170200091908,0.2095751131705,0.265700143478,0.44200023868000005,2023-01-21
01-22,1,22,0.18800010152,0.26420014266799996,0.09400005076,0.198100106974,0.208300112482,0.208300112482,0.198100106974,0.22350012068999997,0.175300094662,0.154900083646,0.165100089154,0.13210007133399998,0.19050010287,0.12700006858000001,0.261600141264,0.14220007678799998,0.248900134406,0.19050010287,0.36320019612800003,0.276900149526,0.16260008780399998,0.111800060372,0.19050010287,0.114300061722,0.12190006582599998,0.18290009876600002,0.44200023868000005,0.16260008780399998,0.14220007678799998,0.18030009736199998,0.16760009050400002,0.16260008780399998,0.26920014536799997,0.15750008505,0.147300079542,0.14220007678799998,0.15750008505,0.147300079542,0.3200001728,0.09140004935599999,0.203200109728,0.226100122094,0.101600054864,0.213400115236,0.26420014266799996,0.11940006447600002,0.114300061722,0.14220007678799998,0.09140004935599999,0.114300061722,0.14220007678799998,0.186850100899,0.171450092583,0.2095751131705,0.265700143478,0.44200023868000005,2023-01-22
01-23,1,23,0.18800010152,0.26420014266799996,0.09400005076,0.203200109728,0.208300112482,0.208300112482,0.20070010837799998,0.22350012068999997,0.175300094662,0.154900083646,0.165100089154,0.13210007133399998,0.19050010287,0.12950006993,0.261600141264,0.14220007678799998,0.248900134406,0.19050010287,0.373400201636,0.28190015222599996,0.16260008780399998,0.111800060372,0.19050010287,0.114300061722,0.12190006582599998,0.18290009876600002,0.44200023868000005,0.16260008780399998,0.14220007678799998,0.18030009736199998,0.170200091908,0.17270009325799998,0.271800146772,0.15750008505,0.147300079542,0.14220007678799998,0.15750008505,0.149900080946,0.32510017555399995,0.09140004935599999,0.203200109728,0.226100122094,0.111800060372,0.213400115236,0.26420014266799996,0.11940006447600002,0.114300061722,0.13460007268399998,0.09140004935599999,0.114300061722,0.14220007678799998,0.18791260147275,0.17400009396,0.2095751131705,0.2664801438992,0.44200023868000005,2023-01-23
01-24,1,24,0.18800010152,0.26420014266799996,0.09400005076,0.208300112482,0.208300112482,0.208300112482,0.20070010837799998,0.226100122094,0.175300094662,0.154900083646,0.165100089154,0.13460007268399998,0.19050010287,0.12950006993,0.261600141264,0.14220007678799998,0.248900134406,0.19050010287,0.38100020574,0.28190015222599996,0.165100089154,0.111800060372,0.19050010287,0.114300061722,0.12190006582599998,0.18290009876600002,0.44200023868000005,0.16260008780399998,0.14220007678799998,0.18030009736199998,0.170200091908,0.17270009325799998,0.271800146772,0.1600000864,0.147300079542,0.14220007678799998,0.15750008505,0.154900083646,0.3480001879199999,0.09140004935599999,0.20570011107800001,0.226100122094,0.111800060372,0.213400115236,0.26420014266799996,0.11940006447600002,0.114300061722,0.13460007268399998,0.09140004935599999,0.114300061722,0.14220007678799998,0.18902093540458334,0.17400009396,0.2095751131705,0.2664801438992,0.44200023868000005,2023-01-24
01-25,1,25,0.18800010152,0.26420014266799996,0.101600054864,0.213400115236,0.208300112482,0.21080011383199998,0.20070010837799998,0.226100122094,0.175300094662,0.154900083646,0.165100089154,0.13460007268399998,0.19050010287,0.12950006993,0.261600141264,0.14220007678799998,0.25150013581,0.208300112482,0.38100020574,0.28450015363,0.177800096012,0.114300061722,0.19300010422,0.114300061722,0.12190006582599998,0.18290009876600002,0.44200023868000005,0.16260008780399998,0.14220007678799998,0.18800010152,0.18030009736199998,0.17270009325799998,0.271800146772,0.1600000864,0.147300079542,0.14220007678799998,0.15750008505,0.149900080946,0.3480001879199999,0.09400005076,0.20570011107800001,0.226100122094,0.111800060372,0.213400115236,0.26420014266799996,0.11940006447600002,0.114300061722,0.13460007268399998,0.09400005076,0.114300061722,0.14220007678799998,0.19050635287337503,0.179050096687,0.213400115236,0.2664801438992,0.44200023868000005,2023-01-25
01-26,1,26,0.19300010422,0.26420014266799996,0.101600054864,0.231100124794,0.208300112482,0.21080011383199998,0.20070010837799998,0.226100122094,0.175300094662,0.154900083646,0.165100089154,0.137200074088,0.19050010287,0.12950006993,0.26420014266799996,0.14220007678799998,0.25400013716000003,0.215900116586,0.41150022221,0.28700015498,0.177800096012,0.116800063072,0.195600105624,0.116800063072,0.12190006582599998,0.18290009876600002,0.44200023868000005,0.16760009050400002,0.14220007678799998,0.18800010152,0.18540010011600003,0.17270009325799998,0.271800146772,0.1600000864,0.147300079542,0.14220007678799998,0.15750008505,0.149900080946,0.3480001879199999,0.09400005076,0.20570011107800001,0.226100122094,0.111800060372,0.213400115236,0.26670014401799996,0.12450006723,0.116800063072,0.13460007268399998,0.09400005076,0.116800063072,0.14220007678799998,0.1925646873182083,0.180350097389,0.218450117963,0.2682301448442,0.44200023868000005,2023-01-26
01-27,1,27,0.19300010422,0.26420014266799996,0.101600054864,0.231100124794,0.208300112482,0.21080011383199998,0.20070010837799998,0.226100122094,0.175300094662,0.154900083646,0.165100089154,0.137200074088,0.19050010287,0.12950006993,0.26670014401799996,0.14220007678799998,0.25400013716000003,0.215900116586,0.416600224964,0.28700015498,0.18030009736199998,0.116800063072,0.198100106974,0.116800063072,0.12190006582599998,0.18290009876600002,0.44200023868000005,0.17270009325799998,0.14220007678799998,0.18800010152,0.18540010011600003,0.175300094662,0.271800146772,0.1600000864,0.147300079542,0.14220007678799998,0.15750008505,0.149900080946,0.3480001879199999,0.09400005076,0.20570011107800001,0.226100122094,0.111800060372,0.213400115236,0.26670014401799996,0.12450006723,0.116800063072,0.13460007268399998,0.09400005076,0.116800063072,0.14220007678799998,0.19298760421324998,0.18160009806400002,0.218450117963,0.2682301448442,0.44200023868000005,2023-01-27
01-28,1,28,0.19300010422,0.26420014266799996,0.104100056214,0.231100124794,0.208300112482,0.21080011383199998,0.203200109728,0.226100122094,0.175300094662,0.154900083646,0.165100089154,0.13970007543799998,0.18800010152,0.13210007133399998,0.26920014536799997,0.14220007678799998,0.25650013851000003,0.228600123444,0.41910022631399996,0.28700015498,0.18030009736199998,0.116800063072,0.203200109728,0.12190006582599998,0.12450006723,0.18290009876600002,0.44700024137999994,0.17270009325799998,0.14220007678799998,0.20070010837799998,0.18540010011600003,0.18030009736199998,0.271800146772,0.1600000864,0.1600000864,0.14220007678799998,0.15750008505,0.149900080946,0.3480001879199999,0.09400005076,0.20570011107800001,0.226100122094,0.12450006723,0.21080011383199998,0.26670014401799996,0.12450006723,0.116800063072,0.13460007268399998,0.09400005076,0.12372006680879999,0.14220007678799998,0.19478135518187498,0.18160009806400002,0.226100122094,0.2699801457892,0.44700024137999994,2023-01-28
01-29,1,29,0.19300010422,0.26420014266799996,0.104100056214,0.231100124794,0.208300112482,0.21080011383199998,0.203200109728,0.226100122094,0.19050010287,0.154900083646,0.165100089154,0.13970007543799998,0.18290009876600002,0.13460007268399998,0.271800146772,0.152400082296,0.259100139914,0.23880012895200003,0.41910022631399996,0.28700015498,0.18030009736199998,0.116800063072,0.203200109728,0.13210007133399998,0.12450006723,0.18290009876600002,0.44700024137999994,0.177800096012,0.14220007678799998,0.213400115236,0.18540010011600003,0.18030009736199998,0.271800146772,0.1600000864,0.1600000864,0.14480007819200003,0.15750008505,0.152400082296,0.35050018927,0.09400005076,0.20570011107800001,0.226100122094,0.12950006993,0.21080011383199998,0.26670014401799996,0.12450006723,0.116800063072,0.137200074088,0.09400005076,0.12450006723,0.144150077841,0.19647718943095835,0.18290009876600002,0.226100122094,0.271800146772,0.44700024137999994,2023-01-29
01-30,1,30,0.19300010422,0.26420014266799996,0.106700057618,0.241300130302,0.208300112482,0.21080011383199998,0.203200109728,0.226100122094,0.19050010287,0.154900083646,0.165100089154,0.14480007819200003,0.18290009876600002,0.13460007268399998,0.271800146772,0.152400082296,0.261600141264,0.23880012895200003,0.41910022631399996,0.28700015498,0.18030009736199998,0.116800063072,0.203200109728,0.13210007133399998,0.12450006723,0.18290009876600002,0.44700024137999994,0.177800096012,0.14220007678799998,0.218400117936,0.18540010011600003,0.18030009736199998,0.271800146772,0.1600000864,0.1600000864,0.154900083646,0.15750008505,0.154900083646,0.35050018927,0.09650005211,0.20570011107800001,0.226100122094,0.13210007133399998,0.208300112482,0.26920014536799997,0.12450006723,0.116800063072,0.137200074088,0.09650005211,0.12450006723,0.15050008127,0.19737510658250002,0.18290009876600002,0.226100122094,0.271800146772,0.44700024137999994,2023-01-30
01-31,1,31,0.195600105624,0.26420014266799996,0.106700057618,0.241300130302,0.208300112482,0.21080011383199998,0.203200109728,0.231100124794,0.19050010287,0.15750008505,0.165100089154,0.152400082296,0.18290009876600002,0.13460007268399998,0.274300148122,0.152400082296,0.26420014266799996,0.24380013165199996,0.42160022766399996,0.292100157734,0.18030009736199998,0.116800063072,0.203200109728,0.13210007133399998,0.12450006723,0.18290009876600002,0.44700024137999994,0.177800096012,0.14220007678799998,0.218400117936,0.18540010011600003,0.18030009736199998,0.271800146772,0.1600000864,0.1600000864,0.154900083646,0.16260008780399998,0.15750008505,0.35050018927,0.09650005211,0.20570011107800001,0.226100122094,0.13210007133399998,0.208300112482,0.26920014536799997,0.12450006723,0.116800063072,0.13970007543799998,0.09650005211,0.12450006723,0.152400082296,0.1983271904299583,0.18290009876600002,0.227350122769,0.272550147177,0.44700024137999994,2023-01-31
02-01,2,1,0.19300010422,0.31750017145000003,0.111800060372,0.241300130302,0.208300112482,0.21080011383199998,0.203200109728,0.236200127548,0.19050010287,0.1600000864,0.165100089154,0.154900083646,0.18030009736199998,0.13460007268399998,0.276900149526,0.152400082296,0.26670014401799996,0.24380013165199996,0.42420022906800003,0.292100157734,0.18290009876600002,0.11940006447600002,0.203200109728,0.13210007133399998,0.12450006723,0.18290009876600002,0.44700024137999994,0.18030009736199998,0.14220007678799998,0.228600123444,0.18540010011600003,0.18290009876600002,0.271800146772,0.1600000864,0.1600000864,0.154900083646,0.16260008780399998,0.165100089154,0.35050018927,0.09650005211,0.20570011107800001,0.228600123444,0.13210007133399998,0.208300112482,0.26920014536799997,0.12450006723,0.12190006582599998,0.13970007543799998,0.09650005211,0.12450006723,0.15427508330849998,0.200550108297,0.18290009876600002,0.23050012446999998,0.2814601519884001,0.44700024137999994,2023-02-01
02-02,2,2,0.195600105624,0.3200001728,0.111800060372,0.241300130302,0.208300112482,0.21080011383199998,0.203200109728,0.23880012895200003,0.19050010287,0.1600000864,0.198100106974,0.15750008505,0.18030009736199998,0.13460007268399998,0.28190015222599996,0.170200091908,0.26670014401799996,0.24380013165199996,0.42420022906800003,0.294600159084,0.18290009876600002,0.11940006447600002,0.203200109728,0.13210007133399998,0.12450006723,0.18540010011600003,0.44700024137999994,0.18290009876600002,0.14220007678799998,0.228600123444,0.18540010011600003,0.18290009876600002,0.271800146772,0.16260008780399998,0.1600000864,0.154900083646,0.16260008780399998,0.16760009050400002,0.35050018927,0.09650005211,0.208300112482,0.228600123444,0.13970007543799998,0.208300112482,0.26920014536799997,0.13460007268399998,0.12450006723,0.13970007543799998,0.09650005211,0.1298200701028,0.156850084699,0.202668859441125,0.18540010011600003,0.231150124821,0.2857101542834,0.44700024137999994,2023-02-02
02-03,2,3,0.20070010837799998,0.3200001728,0.111800060372,0.24380013165199996,0.208300112482,0.21080011383199998,0.20570011107800001,0.23880012895200003,0.19050010287,0.1600000864,0.215900116586,0.15750008505,0.18030009736199998,0.13460007268399998,0.28190015222599996,0.170200091908,0.26670014401799996,0.24380013165199996,0.43690023592599997,0.297200160488,0.18290009876600002,0.12190006582599998,0.203200109728,0.13210007133399998,0.12950006993,0.18800010152,0.44700024137999994,0.18540010011600003,0.14220007678799998,0.231100124794,0.18540010011600003,0.18290009876600002,0.271800146772,0.16260008780399998,0.1600000864,0.154900083646,0.165100089154,0.16760009050400002,0.35050018927,0.09650005211,0.215900116586,0.228600123444,0.13970007543799998,0.208300112482,0.26920014536799997,0.149900080946,0.12450006723,0.13970007543799998,0.09650005211,0.13132007091279999,0.156850084699,0.20441261038275002,0.186700100818,0.2330251258335,0.28649015470460004,0.44700024137999994,2023-02-03
02-04,2,4,0.20070010837799998,0.3200001728,0.13970007543799998,0.246400133056,0.208300112482,0.21080011383199998,0.21080011383199998,0.241300130302,0.19050010287,0.1600000864,0.226100122094,0.15750008505,0.177800096012,0.13210007133399998,0.28190015222599996,0.170200091908,0.26920014536799997,0.24380013165199996,0.43690023592599997,0.299700161838,0.18290009876600002,0.12190006582599998,0.203200109728,0.13210007133399998,0.12950006993,0.195600105624,0.44700024137999994,0.18540010011600003,0.14220007678799998,0.24380013165199996,0.18540010011600003,0.18290009876600002,0.271800146772,0.16260008780399998,0.1600000864,0.154900083646,0.165100089154,0.16760009050400002,0.355600192024,0.09650005211,0.23370012619799999,0.228600123444,0.14480007819200003,0.208300112482,0.26920014536799997,0.149900080946,0.12450006723,0.13970007543799998,0.09650005211,0.13210007133399998,0.156850084699,0.20642511146950002,0.187950101493,0.2419251306395,0.28724015510960005,0.44700024137999994,2023-02-04
02-05,2,5,0.20070010837799998,0.3200001728,0.13970007543799998,0.248900134406,0.208300112482,0.21080011383199998,0.213400115236,0.241300130302,0.19050010287,0.1600000864,0.226100122094,0.1600000864,0.177800096012,0.13460007268399998,0.28450015363,0.170200091908,0.271800146772,0.24380013165199996,0.43690023592599997,0.302300163242,0.18290009876600002,0.12190006582599998,0.203200109728,0.13210007133399998,0.12950006993,0.195600105624,0.44700024137999994,0.19050010287,0.14220007678799998,0.24380013165199996,0.18540010011600003,0.18290009876600002,0.271800146772,0.16260008780399998,0.1600000864,0.154900083646,0.1600000864,0.17270009325799998,0.355600192024,0.09650005211,0.248900134406,0.228600123444,0.14480007819200003,0.208300112482,0.26920014536799997,0.149900080946,0.12700006858000001,0.13970007543799998,0.09650005211,0.13385007227899998,0.15872508571149999,0.20727302859404165,0.19050010287,0.24380013165199996,0.28984015651360007,0.44700024137999994,2023-02-05
02-06,2,6,0.203200109728,0.3200001728,0.13970007543799998,0.25150013581,0.208300112482,0.21080011383199998,0.213400115236,0.241300130302,0.19050010287,0.1600000864,0.226100122094,0.16260008780399998,0.177800096012,0.13460007268399998,0.28450015363,0.170200091908,0.271800146772,0.24380013165199996,0.44200023868000005,0.302300163242,0.18540010011600003,0.12190006582599998,0.203200109728,0.13210007133399998,0.12950006993,0.195600105624,0.44700024137999994,0.19050010287,0.14220007678799998,0.24380013165199996,0.18540010011600003,0.18540010011600003,0.274300148122,0.16260008780399998,0.1600000864,0.154900083646,0.1600000864,0.17270009325799998,0.358100193374,0.101600054864,0.259100139914,0.231100124794,0.152400082296,0.208300112482,0.26920014536799997,0.18290009876600002,0.13460007268399998,0.13970007543799998,0.101600054864,0.13460007268399998,0.1600000864,0.20912302959304166,0.19050010287,0.24380013165199996,0.28984015651360007,0.44700024137999994,2023-02-06
02-07,2,7,0.203200109728,0.3200001728,0.13970007543799998,0.25400013716000003,0.208300112482,0.21080011383199998,0.213400115236,0.24380013165199996,0.19050010287,0.1600000864,0.226100122094,0.165100089154,0.177800096012,0.13460007268399998,0.28700015498,0.170200091908,0.271800146772,0.24380013165199996,0.44200023868000005,0.309900167346,0.18540010011600003,0.12190006582599998,0.208300112482,0.13210007133399998,0.13460007268399998,0.195600105624,0.452100244134,0.19050010287,0.14220007678799998,0.24380013165199996,0.18800010152,0.18540010011600003,0.274300148122,0.16260008780399998,0.1600000864,0.15750008505,0.1600000864,0.17270009325799998,0.36320019612800003,0.101600054864,0.259100139914,0.246400133056,0.152400082296,0.208300112482,0.26920014536799997,0.20570011107800001,0.137200074088,0.13970007543799998,0.101600054864,0.1364200736668,0.1600000864,0.21087094720358332,0.19305010424699998,0.24445013200299998,0.2938701586898001,0.452100244134,2023-02-07
02-08,2,8,0.203200109728,0.3200001728,0.13970007543799998,0.259100139914,0.208300112482,0.21080011383199998,0.213400115236,0.24380013165199996,0.19050010287,0.1600000864,0.226100122094,0.177800096012,0.177800096012,0.13460007268399998,0.28960015638400005,0.19050010287,0.271800146772,0.24380013165199996,0.44200023868000005,0.31750017145000003,0.203200109728,0.12190006582599998,0.228600123444,0.13210007133399998,0.13460007268399998,0.198100106974,0.457200246888,0.19050010287,0.14220007678799998,0.25400013716000003,0.18800010152,0.18540010011600003,0.27940015087599995,0.16260008780399998,0.1600000864,0.165100089154,0.1600000864,0.17270009325799998,0.38100020574,0.101600054864,0.259100139914,0.246400133056,0.152400082296,0.208300112482,0.26920014536799997,0.218400117936,0.13970007543799998,0.13970007543799998,0.101600054864,0.13817007461179998,0.1600000864,0.213993865556625,0.200650108351,0.24830013408200002,0.2979701609038002,0.457200246888,2023-02-08
02-09,2,9,0.203200109728,0.3200001728,0.13970007543799998,0.26420014266799996,0.208300112482,0.21080011383199998,0.22350012068999997,0.24380013165199996,0.19050010287,0.16760009050400002,0.226100122094,0.18030009736199998,0.177800096012,0.13460007268399998,0.297200160488,0.19050010287,0.271800146772,0.24380013165199996,0.44200023868000005,0.322600174204,0.21080011383199998,0.12190006582599998,0.228600123444,0.13210007133399998,0.137200074088,0.198100106974,0.457200246888,0.18800010152,0.14220007678799998,0.25400013716000003,0.20070010837799998,0.18540010011600003,0.27940015087599995,0.165100089154,0.165100089154,0.19050010287,0.1600000864,0.17270009325799998,0.38100020574,0.101600054864,0.259100139914,0.246400133056,0.149900080946,0.208300112482,0.26920014536799997,0.22100011934000002,0.13970007543799998,0.13970007543799998,0.101600054864,0.138950075033,0.165100089154,0.21590011658599997,0.20195010905299998,0.24830013408200002,0.3040401641816001,0.457200246888,2023-02-09
02-10,2,10,0.208300112482,0.3200001728,0.13970007543799998,0.26420014266799996,0.208300112482,0.215900116586,0.22350012068999997,0.24380013165199996,0.19050010287,0.16760009050400002,0.231100124794,0.18290009876600002,0.177800096012,0.13460007268399998,0.312400168696,0.19050010287,0.271800146772,0.24380013165199996,0.44450024003,0.322600174204,0.23370012619799999,0.12190006582599998,0.231100124794,0.13210007133399998,0.137200074088,0.198100106974,0.457200246888,0.18800010152,0.14220007678799998,0.25400013716000003,0.208300112482,0.18540010011600003,0.27940015087599995,0.165100089154,0.165100089154,0.19050010287,0.16260008780399998,0.17270009325799998,0.38100020574,0.101600054864,0.261600141264,0.246400133056,0.149900080946,0.208300112482,0.26920014536799997,0.22100011934000002,0.13970007543799998,0.13970007543799998,0.101600054864,0.138950075033,0.165100089154,0.21743345074733333,0.208300112482,0.24830013408200002,0.31468016992720005,0.457200246888,2023-02-10
02-11,2,11,0.208300112482,0.322600174204,0.147300079542,0.26420014266799996,0.208300112482,0.218400117936,0.22350012068999997,0.246400133056,0.19050010287,0.170200091908,0.231100124794,0.18540010011600003,0.177800096012,0.137200074088,0.312400168696,0.213400115236,0.271800146772,0.24380013165199996,0.44450024003,0.322600174204,0.25400013716000003,0.13210007133399998,0.23370012619799999,0.13210007133399998,0.137200074088,0.198100106974,0.457200246888,0.18800010152,0.14480007819200003,0.25400013716000003,0.208300112482,0.18800010152,0.27940015087599995,0.165100089154,0.165100089154,0.19050010287,0.16260008780399998,0.17270009325799998,0.38100020574,0.101600054864,0.26920014536799997,0.246400133056,0.149900080946,0.208300112482,0.26920014536799997,0.22100011934000002,0.13970007543799998,0.14220007678799998,0.101600054864,0.138950075033,0.165100089154,0.21939803514154166,0.208300112482,0.25400013716000003,0.31546017034840007,0.457200246888,2023-02-11
02-12,2,12,0.208300112482,0.322600174204,0.147300079542,0.26420014266799996,0.208300112482,0.218400117936,0.22350012068999997,0.25150013581,0.19050010287,0.170200091908,0.231100124794,0.18800010152,0.177800096012,0.14480007819200003,0.3150001701,0.218400117936,0.28190015222599996,0.24380013165199996,0.44450024003,0.322600174204,0.25400013716000003,0.13460007268399998,0.236200127548,0.13210007133399998,0.137200074088,0.198100106974,0.46740025239599997,0.18800010152,0.154900083646,0.25400013716000003,0.208300112482,0.19050010287,0.27940015087599995,0.165100089154,0.165100089154,0.19050010287,0.16260008780399998,0.17270009325799998,0.38350020709000004,0.101600054864,0.274300148122,0.248900134406,0.149900080946,0.208300112482,0.26920014536799997,0.22100011934000002,0.13970007543799998,0.149900080946,0.101600054864,0.14327007736580002,0.165100089154,0.22103553602579165,0.208300112482,0.25400013716000003,0.3172801713312,0.46740025239599997,2023-02-12
02-13,2,13,0.208300112482,0.322600174204,0.147300079542,0.26420014266799996,0.208300112482,0.218400117936,0.22350012068999997,0.259100139914,0.19300010422,0.170200091908,0.231100124794,0.198100106974,0.18030009736199998,0.147300079542,0.31750017145000003,0.218400117936,0.28960015638400005,0.24380013165199996,0.44450024003,0.32510017555399995,0.25650013851000003,0.147300079542,0.24380013165199996,0.13210007133399998,0.13970007543799998,0.20070010837799998,0.469900253746,0.18800010152,0.154900083646,0.25400013716000003,0.21080011383199998,0.195600105624,0.27940015087599995,0.17270009325799998,0.16760009050400002,0.19300010422,0.16260008780399998,0.17270009325799998,0.38350020709000004,0.101600054864,0.27940015087599995,0.248900134406,0.149900080946,0.208300112482,0.26920014536799997,0.22100011934000002,0.13970007543799998,0.154900083646,0.101600054864,0.147300079542,0.16955009155700002,0.22308970380170834,0.208300112482,0.257150138861,0.31903017227620006,0.469900253746,2023-02-13
02-14,2,14,0.208300112482,0.322600174204,0.147300079542,0.26420014266799996,0.208300112482,0.228600123444,0.22350012068999997,0.271800146772,0.20070010837799998,0.17270009325799998,0.231100124794,0.203200109728,0.18290009876600002,0.152400082296,0.3200001728,0.22100011934000002,0.304800164592,0.24380013165199996,0.44450024003,0.32510017555399995,0.25650013851000003,0.149900080946,0.248900134406,0.13210007133399998,0.147300079542,0.20070010837799998,0.469900253746,0.18800010152,0.154900083646,0.259100139914,0.218400117936,0.195600105624,0.27940015087599995,0.17270009325799998,0.16760009050400002,0.198100106974,0.16260008780399998,0.17270009325799998,0.38350020709000004,0.101600054864,0.28960015638400005,0.248900134406,0.154900083646,0.208300112482,0.26920014536799997,0.22100011934000002,0.154900083646,0.154900083646,0.101600054864,0.151650081891,0.1714250925695,0.22579178859416668,0.208300112482,0.2603751406025,0.3207801732212,0.469900253746,2023-02-14
02-15,2,15,0.22350012068999997,0.322600174204,0.147300079542,0.26420014266799996,0.208300112482,0.228600123444,0.22350012068999997,0.276900149526,0.20570011107800001,0.17270009325799998,0.231100124794,0.20570011107800001,0.18290009876600002,0.154900083646,0.3200001728,0.22100011934000002,0.332700179658,0.24380013165199996,0.44700024137999994,0.330200178308,0.25650013851000003,0.165100089154,0.248900134406,0.13210007133399998,0.147300079542,0.20070010837799998,0.47750025784999994,0.18800010152,0.15750008505,0.261600141264,0.218400117936,0.195600105624,0.27940015087599995,0.17270009325799998,0.16760009050400002,0.198100106974,0.165100089154,0.17270009325799998,0.38350020709000004,0.104100056214,0.309900167346,0.25150013581,0.154900083646,0.208300112482,0.26920014536799997,0.226100122094,0.15750008505,0.154900083646,0.104100056214,0.154900083646,0.1714250925695,0.22848554004879165,0.213350115209,0.262250141615,0.32488017543520004,0.47750025784999994,2023-02-15
02-16,2,16,0.23370012619799999,0.335300181062,0.147300079542,0.26420014266799996,0.246400133056,0.228600123444,0.22350012068999997,0.302300163242,0.20570011107800001,0.17270009325799998,0.23370012619799999,0.20570011107800001,0.18540010011600003,0.154900083646,0.32510017555399995,0.22100011934000002,0.332700179658,0.24380013165199996,0.44700024137999994,0.337800182412,0.25650013851000003,0.165100089154,0.248900134406,0.13210007133399998,0.147300079542,0.20070010837799998,0.47750025784999994,0.195600105624,0.15750008505,0.261600141264,0.218400117936,0.195600105624,0.27940015087599995,0.177800096012,0.16760009050400002,0.198100106974,0.165100089154,0.175300094662,0.38350020709000004,0.104100056214,0.312400168696,0.25150013581,0.165100089154,0.208300112482,0.26920014536799997,0.226100122094,0.15750008505,0.154900083646,0.104100056214,0.154900083646,0.1714250925695,0.23123970820270834,0.219700118638,0.262250141615,0.3334801800792,0.47750025784999994,2023-02-16
02-17,2,17,0.23370012619799999,0.335300181062,0.147300079542,0.26420014266799996,0.246400133056,0.228600123444,0.22350012068999997,0.32510017555399995,0.20570011107800001,0.175300094662,0.23370012619799999,0.208300112482,0.18800010152,0.154900083646,0.32770017695799997,0.22100011934000002,0.332700179658,0.24380013165199996,0.44700024137999994,0.340400183816,0.259100139914,0.175300094662,0.248900134406,0.13210007133399998,0.15750008505,0.20070010837799998,0.47750025784999994,0.195600105624,0.15750008505,0.261600141264,0.231100124794,0.195600105624,0.28700015498,0.177800096012,0.16760009050400002,0.198100106974,0.165100089154,0.175300094662,0.38350020709000004,0.104100056214,0.312400168696,0.25150013581,0.165100089154,0.208300112482,0.26920014536799997,0.228600123444,0.16260008780399998,0.1600000864,0.104100056214,0.15750008505,0.175300094662,0.23315220923545835,0.222250120015,0.262250141615,0.3334801800792,0.47750025784999994,2023-02-17
02-18,2,18,0.23370012619799999,0.34540018651599996,0.147300079542,0.26420014266799996,0.246400133056,0.228600123444,0.22350012068999997,0.36320019612800003,0.20570011107800001,0.175300094662,0.236200127548,0.215900116586,0.18800010152,0.154900083646,0.330200178308,0.23370012619799999,0.335300181062,0.24380013165199996,0.44700024137999994,0.340400183816,0.271800146772,0.18030009736199998,0.248900134406,0.137200074088,0.15750008505,0.20070010837799998,0.480100259254,0.195600105624,0.15750008505,0.261600141264,0.231100124794,0.195600105624,0.28700015498,0.177800096012,0.16760009050400002,0.198100106974,0.165100089154,0.175300094662,0.388600209844,0.104100056214,0.312400168696,0.25150013581,0.165100089154,0.208300112482,0.26920014536799997,0.228600123444,0.16260008780399998,0.18540010011600003,0.104100056214,0.15750008505,0.17717509567450002,0.23590221072045833,0.22605012206699998,0.265450143343,0.341900184626,0.480100259254,2023-02-18
02-19,2,19,0.23370012619799999,0.368300198882,0.149900080946,0.26420014266799996,0.246400133056,0.228600123444,0.22350012068999997,0.40130021670199995,0.21080011383199998,0.175300094662,0.23880012895200003,0.226100122094,0.18800010152,0.154900083646,0.337800182412,0.241300130302,0.335300181062,0.24380013165199996,0.44700024137999994,0.340400183816,0.27940015087599995,0.18030009736199998,0.25150013581,0.14220007678799998,0.15750008505,0.20070010837799998,0.48770026335800004,0.198100106974,0.15750008505,0.261600141264,0.231100124794,0.195600105624,0.28700015498,0.177800096012,0.16760009050400002,0.198100106974,0.165100089154,0.18540010011600003,0.40390021810599996,0.104100056214,0.312400168696,0.25150013581,0.165100089154,0.208300112482,0.26920014536799997,0.23370012619799999,0.16260008780399998,0.20570011107800001,0.104100056214,0.15750008505,0.1796750970245,0.23950221266445834,0.227350122769,0.265450143343,0.34877018833580015,0.48770026335800004,2023-02-19
02-20,2,20,0.23370012619799999,0.368300198882,0.152400082296,0.26420014266799996,0.246400133056,0.228600123444,0.22350012068999997,0.42160022766399996,0.21080011383199998,0.175300094662,0.241300130302,0.228600123444,0.18800010152,0.154900083646,0.36070019477799997,0.241300130302,0.337800182412,0.246400133056,0.44960024278399996,0.340400183816,0.27940015087599995,0.18030009736199998,0.25400013716000003,0.14220007678799998,0.15750008505,0.20070010837799998,0.492800266112,0.198100106974,0.165100089154,0.261600141264,0.231100124794,0.20070010837799998,0.302300163242,0.18030009736199998,0.16760009050400002,0.198100106974,0.165100089154,0.18540010011600003,0.40890022080599997,0.106700057618,0.312400168696,0.25150013581,0.170200091908,0.208300112482,0.26920014536799997,0.23880012895200003,0.16260008780399998,0.208300112482,0.106700057618,0.16107008697779998,0.18030009736199998,0.24193763064624998,0.228600123444,0.265450143343,0.3629801960092,0.492800266112,2023-02-20
02-21,2,21,0.23370012619799999,0.393700212598,0.16260008780399998,0.26420014266799996,0.246400133056,0.228600123444,0.22350012068999997,0.42160022766399996,0.213400115236,0.175300094662,0.24380013165199996,0.228600123444,0.18800010152,0.154900083646,0.373400201636,0.24380013165199996,0.337800182412,0.271800146772,0.44960024278399996,0.340400183816,0.27940015087599995,0.18290009876600002,0.25650013851000003,0.152400082296,0.15750008505,0.20070010837799998,0.497800268812,0.198100106974,0.165100089154,0.261600141264,0.231100124794,0.20570011107800001,0.304800164592,0.18540010011600003,0.16760009050400002,0.20070010837799998,0.165100089154,0.18540010011600003,0.41400022355999994,0.106700057618,0.3150001701,0.25150013581,0.170200091908,0.208300112482,0.26920014536799997,0.25150013581,0.170200091908,0.208300112482,0.106700057618,0.164350088749,0.18477509977850004,0.24495429894191667,0.228600123444,0.26985014571899996,0.3794902049246001,0.497800268812,2023-02-21
02-22,2,22,0.23370012619799999,0.393700212598,0.16260008780399998,0.26420014266799996,0.246400133056,0.228600123444,0.22350012068999997,0.42160022766399996,0.213400115236,0.175300094662,0.24380013165199996,0.228600123444,0.18800010152,0.154900083646,0.37850020439,0.246400133056,0.340400183816,0.28700015498,0.44960024278399996,0.340400183816,0.28700015498,0.195600105624,0.25650013851000003,0.152400082296,0.1600000864,0.20570011107800001,0.500400270216,0.198100106974,0.165100089154,0.261600141264,0.231100124794,0.20570011107800001,0.304800164592,0.18800010152,0.17270009325799998,0.20070010837799998,0.165100089154,0.18540010011600003,0.42420022906800003,0.106700057618,0.330200178308,0.25150013581,0.170200091908,0.208300112482,0.28190015222599996,0.25400013716000003,0.170200091908,0.208300112482,0.106700057618,0.164350088749,0.187350101169,0.24712513344749998,0.228600123444,0.28317515291449996,0.38306020685240005,0.500400270216,2023-02-22
02-23,2,23,0.24380013165199996,0.393700212598,0.16260008780399998,0.26420014266799996,0.246400133056,0.228600123444,0.22350012068999997,0.42160022766399996,0.213400115236,0.175300094662,0.24380013165199996,0.228600123444,0.18800010152,0.154900083646,0.38350020709000004,0.246400133056,0.340400183816,0.297200160488,0.452100244134,0.35310019067400006,0.28700015498,0.203200109728,0.261600141264,0.152400082296,0.165100089154,0.208300112482,0.5029002715659999,0.198100106974,0.165100089154,0.26670014401799996,0.23370012619799999,0.20570011107800001,0.30730016594200005,0.19050010287,0.17270009325799998,0.20070010837799998,0.165100089154,0.18540010011600003,0.431800233172,0.106700057618,0.330200178308,0.25150013581,0.170200091908,0.213400115236,0.294600159084,0.25400013716000003,0.170200091908,0.208300112482,0.106700057618,0.165100089154,0.187350101169,0.2492397179227083,0.228600123444,0.288900156006,0.38656020874240005,0.5029002715659999,2023-02-23
02-24,2,24,0.24380013165199996,0.393700212598,0.16260008780399998,0.26420014266799996,0.246400133056,0.228600123444,0.22350012068999997,0.42160022766399996,0.23370012619799999,0.175300094662,0.24380013165199996,0.228600123444,0.18800010152,0.154900083646,0.398800215352,0.25150013581,0.340400183816,0.297200160488,0.454700245538,0.368300198882,0.28700015498,0.213400115236,0.26420014266799996,0.152400082296,0.16760009050400002,0.21080011383199998,0.5029002715659999,0.198100106974,0.170200091908,0.26670014401799996,0.23370012619799999,0.20570011107800001,0.30730016594200005,0.19050010287,0.18030009736199998,0.20070010837799998,0.165100089154,0.18540010011600003,0.431800233172,0.109200058968,0.330200178308,0.25150013581,0.170200091908,0.215900116586,0.299700161838,0.25400013716000003,0.170200091908,0.208300112482,0.109200058968,0.166850090099,0.187350101169,0.25130430237091667,0.231150124821,0.289550156357,0.3952302134242,0.5029002715659999,2023-02-24
02-25,2,25,0.241300130302,0.393700212598,0.16260008780399998,0.26420014266799996,0.246400133056,0.228600123444,0.22350012068999997,0.42160022766399996,0.261600141264,0.175300094662,0.24380013165199996,0.228600123444,0.18800010152,0.154900083646,0.40130021670199995,0.25650013851000003,0.340400183816,0.297200160488,0.454700245538,0.391200211248,0.28700015498,0.23370012619799999,0.26420014266799996,0.152400082296,0.17270009325799998,0.213400115236,0.5029002715659999,0.198100106974,0.170200091908,0.294600159084,0.23370012619799999,0.208300112482,0.312400168696,0.19050010287,0.18030009736199998,0.20070010837799998,0.1600000864,0.18540010011600003,0.431800233172,0.109200058968,0.332700179658,0.25150013581,0.170200091908,0.215900116586,0.302300163242,0.25650013851000003,0.170200091908,0.213400115236,0.109200058968,0.1679200906768,0.187350101169,0.25395013713299996,0.23370012619799999,0.295250159435,0.3959802138292,0.5029002715659999,2023-02-25
02-26,2,26,0.241300130302,0.393700212598,0.16260008780399998,0.26420014266799996,0.246400133056,0.228600123444,0.22350012068999997,0.426700230418,0.26670014401799996,0.175300094662,0.24380013165199996,0.228600123444,0.18800010152,0.154900083646,0.40390021810599996,0.259100139914,0.34290018516599996,0.302300163242,0.454700245538,0.391200211248,0.28700015498,0.23370012619799999,0.26420014266799996,0.152400082296,0.177800096012,0.213400115236,0.5029002715659999,0.198100106974,0.175300094662,0.294600159084,0.23370012619799999,0.208300112482,0.330200178308,0.19050010287,0.18030009736199998,0.20070010837799998,0.15750008505,0.18540010011600003,0.434300234522,0.111800060372,0.332700179658,0.25150013581,0.170200091908,0.215900116586,0.304800164592,0.259100139914,0.170200091908,0.213400115236,0.111800060372,0.1679200906768,0.187350101169,0.2551730544600417,0.23370012619799999,0.2965251601235,0.39676021425040003,0.5029002715659999,2023-02-26
02-27,2,27,0.241300130302,0.393700212598,0.16260008780399998,0.26420014266799996,0.25400013716000003,0.228600123444,0.22350012068999997,0.426700230418,0.26670014401799996,0.175300094662,0.24380013165199996,0.228600123444,0.18800010152,0.154900083646,0.406400219456,0.261600141264,0.34290018516599996,0.309900167346,0.454700245538,0.391200211248,0.28700015498,0.236200127548,0.26420014266799996,0.152400082296,0.18030009736199998,0.248900134406,0.5029002715659999,0.198100106974,0.18030009736199998,0.294600159084,0.23370012619799999,0.208300112482,0.340400183816,0.19050010287,0.18030009736199998,0.20070010837799998,0.15750008505,0.18540010011600003,0.434300234522,0.111800060372,0.332700179658,0.25150013581,0.170200091908,0.215900116586,0.304800164592,0.26920014536799997,0.170200091908,0.213400115236,0.111800060372,0.1679200906768,0.187350101169,0.25696472209420834,0.238750128925,0.297150160461,0.39751021465540004,0.5029002715659999,2023-02-27
02-28,2,28,0.241300130302,0.393700212598,0.16260008780399998,0.26420014266799996,0.26920014536799997,0.228600123444,0.22350012068999997,0.426700230418,0.26670014401799996,0.175300094662,0.24380013165199996,0.228600123444,0.18800010152,0.15750008505,0.40890022080599997,0.26420014266799996,0.34290018516599996,0.309900167346,0.46480025099199995,0.391200211248,0.28700015498,0.236200127548,0.26670014401799996,0.152400082296,0.18030009736199998,0.26420014266799996,0.5029002715659999,0.198100106974,0.19050010287,0.294600159084,0.23370012619799999,0.21080011383199998,0.340400183816,0.20070010837799998,0.18030009736199998,0.20570011107800001,0.165100089154,0.18800010152,0.43690023592599997,0.111800060372,0.332700179658,0.25150013581,0.170200091908,0.215900116586,0.3200001728,0.26920014536799997,0.170200091908,0.213400115236,0.111800060372,0.1686700910818,0.1898751025325,0.25918763996125,0.238750128925,0.2984251611495,0.39826021506040005,0.5029002715659999,2023-02-28
03-01,3,1,0.241300130302,0.393700212598,0.16260008780399998,0.26420014266799996,0.271800146772,0.228600123444,0.22350012068999997,0.426700230418,0.271800146772,0.175300094662,0.24380013165199996,0.228600123444,0.19300010422,0.154900083646,0.41150022221,0.26420014266799996,0.34290018516599996,0.309900167346,0.469900253746,0.391200211248,0.28700015498,0.23880012895200003,0.26920014536799997,0.152400082296,0.18290009876600002,0.27940015087599995,0.5029002715659999,0.22100011934000002,0.19050010287,0.294600159084,0.23370012619799999,0.21080011383199998,0.340400183816,0.20070010837799998,0.18290009876600002,0.215900116586,0.17270009325799998,0.18800010152,0.43690023592599997,0.111800060372,0.332700179658,0.25150013581,0.170200091908,0.215900116586,0.322600174204,0.26920014536799997,0.170200091908,0.215900116586,0.111800060372,0.170200091908,0.1923751038825,0.26104389096362496,0.240050129627,0.2984251611495,0.39904021548160007,0.5029002715659999,2023-03-01
03-02,3,2,0.241300130302,0.40130021670199995,0.16260008780399998,0.26420014266799996,0.28700015498,0.228600123444,0.22350012068999997,0.426700230418,0.271800146772,0.175300094662,0.24380013165199996,0.228600123444,0.213400115236,0.15750008505,0.41400022355999994,0.26420014266799996,0.3480001879199999,0.309900167346,0.469900253746,0.393700212598,0.28700015498,0.241300130302,0.26920014536799997,0.152400082296,0.19050010287,0.27940015087599995,0.5029002715659999,0.22100011934000002,0.19050010287,0.294600159084,0.23370012619799999,0.21080011383199998,0.340400183816,0.21080011383199998,0.18290009876600002,0.218400117936,0.177800096012,0.18800010152,0.43690023592599997,0.11940006447600002,0.335300181062,0.25400013716000003,0.170200091908,0.215900116586,0.32770017695799997,0.26920014536799997,0.170200091908,0.215900116586,0.11940006447600002,0.170200091908,0.2057251110915,0.26315847543883336,0.241300130302,0.2984251611495,0.4051102187594,0.5029002715659999,2023-03-02
03-03,3,3,0.241300130302,0.40390021810599996,0.16760009050400002,0.26670014401799996,0.297200160488,0.228600123444,0.22350012068999997,0.426700230418,0.271800146772,0.175300094662,0.261600141264,0.228600123444,0.213400115236,0.16260008780399998,0.41400022355999994,0.26420014266799996,0.35050018927,0.309900167346,0.47750025784999994,0.396200213948,0.28700015498,0.248900134406,0.26920014536799997,0.152400082296,0.19050010287,0.27940015087599995,0.5029002715659999,0.22100011934000002,0.19050010287,0.294600159084,0.23370012619799999,0.21080011383199998,0.340400183816,0.21080011383199998,0.18290009876600002,0.218400117936,0.19050010287,0.18290009876600002,0.43690023592599997,0.11940006447600002,0.340400183816,0.25400013716000003,0.170200091908,0.215900116586,0.330200178308,0.271800146772,0.170200091908,0.218400117936,0.11940006447600002,0.170200091908,0.2057251110915,0.26490222638045835,0.24510013235400002,0.30037516220250005,0.4069302197422,0.5029002715659999,2023-03-03
03-04,3,4,0.241300130302,0.40390021810599996,0.16760009050400002,0.271800146772,0.299700161838,0.228600123444,0.22350012068999997,0.426700230418,0.271800146772,0.175300094662,0.261600141264,0.236200127548,0.22350012068999997,0.16260008780399998,0.41400022355999994,0.26420014266799996,0.355600192024,0.309900167346,0.459700248238,0.40390021810599996,0.28700015498,0.248900134406,0.271800146772,0.152400082296,0.19050010287,0.27940015087599995,0.5029002715659999,0.22100011934000002,0.19050010287,0.294600159084,0.23370012619799999,0.215900116586,0.34290018516599996,0.21080011383199998,0.18290009876600002,0.22100011934000002,0.19050010287,0.18540010011600003,0.43690023592599997,0.11940006447600002,0.340400183816,0.25400013716000003,0.170200091908,0.215900116586,0.330200178308,0.28450015363,0.17270009325799998,0.218400117936,0.11940006447600002,0.171950092853,0.2057251110915,0.26596056028529164,0.24510013235400002,0.30225016321500003,0.4069302197422,0.5029002715659999,2023-03-04
03-05,3,5,0.241300130302,0.416600224964,0.17270009325799998,0.274300148122,0.299700161838,0.228600123444,0.22350012068999997,0.426700230418,0.271800146772,0.175300094662,0.261600141264,0.241300130302,0.246400133056,0.165100089154,0.416600224964,0.26420014266799996,0.358100193374,0.309900167346,0.459700248238,0.40390021810599996,0.28700015498,0.248900134406,0.271800146772,0.152400082296,0.19050010287,0.27940015087599995,0.5029002715659999,0.22100011934000002,0.19050010287,0.294600159084,0.23370012619799999,0.22350012068999997,0.34290018516599996,0.21080011383199998,0.18290009876600002,0.22100011934000002,0.19050010287,0.18540010011600003,0.43690023592599997,0.11940006447600002,0.340400183816,0.25400013716000003,0.170200091908,0.22350012068999997,0.337800182412,0.28700015498,0.17270009325799998,0.218400117936,0.11940006447600002,0.17270009325799998,0.2057251110915,0.26765222786545834,0.247650133731,0.30225016321500003,0.416600224964,0.5029002715659999,2023-03-05
03-06,3,6,0.241300130302,0.429300231822,0.175300094662,0.276900149526,0.299700161838,0.228600123444,0.22350012068999997,0.426700230418,0.271800146772,0.175300094662,0.26670014401799996,0.25400013716000003,0.25650013851000003,0.165100089154,0.42160022766399996,0.26420014266799996,0.36580019753200005,0.309900167346,0.46740025239599997,0.41150022221,0.28700015498,0.25150013581,0.271800146772,0.152400082296,0.19050010287,0.27940015087599995,0.5029002715659999,0.22100011934000002,0.19050010287,0.294600159084,0.236200127548,0.22350012068999997,0.34290018516599996,0.21080011383199998,0.18290009876600002,0.22100011934000002,0.19050010287,0.18540010011600003,0.439400237276,0.11940006447600002,0.35050018927,0.25400013716000003,0.17270009325799998,0.23880012895200003,0.3480001879199999,0.28960015638400005,0.18800010152,0.218400117936,0.11940006447600002,0.175300094662,0.2057251110915,0.2705147294112083,0.25400013716000003,0.30225016321500003,0.4231302284902,0.5029002715659999,2023-03-06
03-07,3,7,0.24380013165199996,0.429300231822,0.175300094662,0.27940015087599995,0.299700161838,0.228600123444,0.22350012068999997,0.426700230418,0.271800146772,0.175300094662,0.26670014401799996,0.25400013716000003,0.25650013851000003,0.165100089154,0.42420022906800003,0.26420014266799996,0.36580019753200005,0.322600174204,0.469900253746,0.42420022906800003,0.28700015498,0.25650013851000003,0.271800146772,0.152400082296,0.195600105624,0.27940015087599995,0.5029002715659999,0.22100011934000002,0.19050010287,0.294600159084,0.23880012895200003,0.22350012068999997,0.3480001879199999,0.21080011383199998,0.18540010011600003,0.22100011934000002,0.19050010287,0.18540010011600003,0.44700024137999994,0.11940006447600002,0.36320019612800003,0.25400013716000003,0.17270009325799998,0.23880012895200003,0.355600192024,0.28960015638400005,0.208300112482,0.218400117936,0.11940006447600002,0.175300094662,0.2101751134945,0.272681397247875,0.25525013783500006,0.3054251649295,0.42495022947300004,0.5029002715659999,2023-03-07
03-08,3,8,0.24380013165199996,0.439400237276,0.175300094662,0.27940015087599995,0.299700161838,0.228600123444,0.226100122094,0.426700230418,0.271800146772,0.18290009876600002,0.274300148122,0.25400013716000003,0.25650013851000003,0.165100089154,0.429300231822,0.26420014266799996,0.36580019753200005,0.322600174204,0.4750002565,0.42420022906800003,0.28700015498,0.26920014536799997,0.274300148122,0.16260008780399998,0.195600105624,0.27940015087599995,0.5029002715659999,0.226100122094,0.19050010287,0.294600159084,0.23880012895200003,0.231100124794,0.36070019477799997,0.213400115236,0.18540010011600003,0.22100011934000002,0.19050010287,0.20070010837799998,0.44700024137999994,0.11940006447600002,0.37080020023200005,0.25400013716000003,0.17270009325799998,0.23880012895200003,0.355600192024,0.28960015638400005,0.213400115236,0.218400117936,0.11940006447600002,0.18062009753480002,0.213400115236,0.27517098192558337,0.25525013783500006,0.3054251649295,0.4274802308392,0.5029002715659999,2023-03-08
03-09,3,9,0.24380013165199996,0.44200023868000005,0.175300094662,0.28190015222599996,0.299700161838,0.228600123444,0.226100122094,0.426700230418,0.27940015087599995,0.18540010011600003,0.274300148122,0.25400013716000003,0.25650013851000003,0.165100089154,0.429300231822,0.26420014266799996,0.36580019753200005,0.32510017555399995,0.47750025784999994,0.42420022906800003,0.28700015498,0.271800146772,0.274300148122,0.165100089154,0.195600105624,0.27940015087599995,0.5029002715659999,0.22350012068999997,0.19300010422,0.294600159084,0.23880012895200003,0.231100124794,0.36070019477799997,0.215900116586,0.19050010287,0.22100011934000002,0.19050010287,0.195600105624,0.44700024137999994,0.12190006582599998,0.38350020709000004,0.259100139914,0.175300094662,0.23880012895200003,0.36320019612800003,0.28960015638400005,0.215900116586,0.218400117936,0.12190006582599998,0.1823700984798,0.215900116586,0.27643556594179164,0.257800139212,0.306050165267,0.4274802308392,0.5029002715659999,2023-03-09
03-10,3,10,0.24380013165199996,0.44200023868000005,0.175300094662,0.28190015222599996,0.299700161838,0.228600123444,0.231100124794,0.426700230418,0.27940015087599995,0.18540010011600003,0.26920014536799997,0.25400013716000003,0.25650013851000003,0.170200091908,0.429300231822,0.26420014266799996,0.36580019753200005,0.32510017555399995,0.47750025784999994,0.42420022906800003,0.28960015638400005,0.276900149526,0.27940015087599995,0.165100089154,0.195600105624,0.27940015087599995,0.50550027297,0.22350012068999997,0.19300010422,0.294600159084,0.246400133056,0.231100124794,0.36070019477799997,0.215900116586,0.19050010287,0.22100011934000002,0.19050010287,0.195600105624,0.44700024137999994,0.12190006582599998,0.38350020709000004,0.259100139914,0.175300094662,0.23880012895200003,0.36320019612800003,0.28960015638400005,0.215900116586,0.218400117936,0.12190006582599998,0.1823700984798,0.215900116586,0.277018899590125,0.257800139212,0.306050165267,0.4274802308392,0.50550027297,2023-03-10
03-11,3,11,0.241300130302,0.44200023868000005,0.177800096012,0.28190015222599996,0.299700161838,0.231100124794,0.23880012895200003,0.431800233172,0.27940015087599995,0.19050010287,0.26920014536799997,0.25400013716000003,0.259100139914,0.170200091908,0.429300231822,0.26420014266799996,0.373400201636,0.32770017695799997,0.482600260604,0.42420022906800003,0.28960015638400005,0.28450015363,0.299700161838,0.165100089154,0.195600105624,0.27940015087599995,0.5080002743200001,0.228600123444,0.195600105624,0.294600159084,0.246400133056,0.231100124794,0.36070019477799997,0.215900116586,0.19050010287,0.22100011934000002,0.19050010287,0.198100106974,0.44700024137999994,0.12190006582599998,0.391200211248,0.261600141264,0.18030009736199998,0.23880012895200003,0.391200211248,0.28960015638400005,0.215900116586,0.218400117936,0.12190006582599998,0.1874401012176,0.215900116586,0.27956265096374994,0.26035014058899997,0.306700165618,0.430050232227,0.5080002743200001,2023-03-11
03-12,3,12,0.246400133056,0.462300249642,0.177800096012,0.28190015222599996,0.304800164592,0.231100124794,0.248900134406,0.434300234522,0.27940015087599995,0.19300010422,0.26670014401799996,0.271800146772,0.261600141264,0.170200091908,0.429300231822,0.26420014266799996,0.43690023592599997,0.330200178308,0.482600260604,0.42420022906800003,0.28960015638400005,0.28450015363,0.299700161838,0.165100089154,0.195600105624,0.27940015087599995,0.513100277074,0.231100124794,0.195600105624,0.294600159084,0.246400133056,0.23370012619799999,0.36070019477799997,0.215900116586,0.19050010287,0.22100011934000002,0.19300010422,0.203200109728,0.44700024137999994,0.12190006582599998,0.391200211248,0.261600141264,0.18030009736199998,0.23880012895200003,0.396200213948,0.28960015638400005,0.215900116586,0.218400117936,0.12190006582599998,0.1874401012176,0.215900116586,0.28273348600933335,0.262900141966,0.311150168021,0.43508023494320003,0.513100277074,2023-03-12
03-13,3,13,0.248900134406,0.462300249642,0.18030009736199998,0.30730016594200005,0.309900167346,0.231100124794,0.25150013581,0.44450024003,0.27940015087599995,0.20070010837799998,0.25650013851000003,0.28190015222599996,0.261600141264,0.170200091908,0.429300231822,0.26420014266799996,0.43690023592599997,0.330200178308,0.482600260604,0.42420022906800003,0.28960015638400005,0.28450015363,0.302300163242,0.16760009050400002,0.195600105624,0.27940015087599995,0.513100277074,0.231100124794,0.195600105624,0.294600159084,0.246400133056,0.236200127548,0.36580019753200005,0.215900116586,0.19050010287,0.22100011934000002,0.19300010422,0.203200109728,0.44700024137999994,0.12190006582599998,0.391200211248,0.261600141264,0.20070010837799998,0.23880012895200003,0.396200213948,0.292100157734,0.218400117936,0.218400117936,0.12190006582599998,0.192250103815,0.2177751175985,0.28469182040016666,0.261600141264,0.3149751700865,0.4391802371572,0.513100277074,2023-03-13
03-14,3,14,0.248900134406,0.462300249642,0.18030009736199998,0.30730016594200005,0.322600174204,0.231100124794,0.25150013581,0.44700024137999994,0.27940015087599995,0.20070010837799998,0.259100139914,0.28190015222599996,0.26420014266799996,0.170200091908,0.429300231822,0.26420014266799996,0.43690023592599997,0.330200178308,0.482600260604,0.426700230418,0.28960015638400005,0.28450015363,0.302300163242,0.17270009325799998,0.195600105624,0.27940015087599995,0.518200279828,0.231100124794,0.195600105624,0.294600159084,0.246400133056,0.23880012895200003,0.36580019753200005,0.215900116586,0.18800010152,0.22100011934000002,0.19300010422,0.203200109728,0.44450024003,0.12190006582599998,0.391200211248,0.261600141264,0.208300112482,0.23880012895200003,0.396200213948,0.297200160488,0.23880012895200003,0.218400117936,0.12190006582599998,0.19150010340999998,0.2177751175985,0.28602098778458335,0.262900141966,0.32450017523,0.4391802371572,0.518200279828,2023-03-14
03-15,3,15,0.241300130302,0.462300249642,0.18030009736199998,0.30730016594200005,0.32510017555399995,0.231100124794,0.25150013581,0.452100244134,0.27940015087599995,0.20070010837799998,0.259100139914,0.28190015222599996,0.274300148122,0.170200091908,0.439400237276,0.261600141264,0.439400237276,0.368300198882,0.482600260604,0.429300231822,0.28960015638400005,0.28450015363,0.302300163242,0.17270009325799998,0.195600105624,0.27940015087599995,0.518200279828,0.23370012619799999,0.195600105624,0.299700161838,0.246400133056,0.23880012895200003,0.36580019753200005,0.215900116586,0.18800010152,0.22100011934000002,0.19050010287,0.203200109728,0.44200023868000005,0.149900080946,0.393700212598,0.271800146772,0.21080011383199998,0.23880012895200003,0.406400219456,0.297200160488,0.23880012895200003,0.22100011934000002,0.149900080946,0.189750102465,0.21972511865150002,0.28851057246229167,0.266700144018,0.33527518104849996,0.44018023769720005,0.518200279828,2023-03-15
03-16,3,16,0.241300130302,0.462300249642,0.18030009736199998,0.322600174204,0.32510017555399995,0.231100124794,0.25150013581,0.452100244134,0.292100157734,0.203200109728,0.259100139914,0.28190015222599996,0.28450015363,0.170200091908,0.439400237276,0.261600141264,0.44450024003,0.368300198882,0.482600260604,0.431800233172,0.28960015638400005,0.28450015363,0.302300163242,0.17270009325799998,0.20570011107800001,0.27940015087599995,0.518200279828,0.23370012619799999,0.195600105624,0.299700161838,0.246400133056,0.23880012895200003,0.368300198882,0.215900116586,0.18800010152,0.22350012068999997,0.18800010152,0.20570011107800001,0.439400237276,0.154900083646,0.393700212598,0.28450015363,0.215900116586,0.23880012895200003,0.416600224964,0.302300163242,0.23880012895200003,0.22100011934000002,0.154900083646,0.18800010152,0.21972511865150002,0.29057099024158334,0.27050014606999995,0.335900181386,0.44093023810220006,0.518200279828,2023-03-16
03-17,3,17,0.24380013165199996,0.462300249642,0.18030009736199998,0.322600174204,0.337800182412,0.231100124794,0.25150013581,0.469900253746,0.294600159084,0.20570011107800001,0.259100139914,0.28190015222599996,0.28450015363,0.170200091908,0.44200023868000005,0.259100139914,0.44450024003,0.368300198882,0.482600260604,0.431800233172,0.297200160488,0.28450015363,0.30730016594200005,0.177800096012,0.22100011934000002,0.27940015087599995,0.518200279828,0.236200127548,0.195600105624,0.304800164592,0.246400133056,0.23880012895200003,0.375900202986,0.213400115236,0.18540010011600003,0.22350012068999997,0.18540010011600003,0.20570011107800001,0.434300234522,0.15750008505,0.393700212598,0.28960015638400005,0.218400117936,0.23880012895200003,0.416600224964,0.302300163242,0.241300130302,0.215900116586,0.15750008505,0.18540010011600003,0.22035011898900003,0.29226057448729165,0.269250145395,0.3454251865295,0.44275023908500005,0.518200279828,2023-03-17
03-18,3,18,0.24380013165199996,0.462300249642,0.18030009736199998,0.322600174204,0.3480001879199999,0.231100124794,0.25150013581,0.469900253746,0.294600159084,0.208300112482,0.259100139914,0.28450015363,0.28450015363,0.170200091908,0.452100244134,0.259100139914,0.44700024137999994,0.368300198882,0.482600260604,0.431800233172,0.302300163242,0.28450015363,0.30730016594200005,0.18290009876600002,0.236200127548,0.27940015087599995,0.518200279828,0.241300130302,0.19050010287,0.30730016594200005,0.246400133056,0.23880012895200003,0.375900202986,0.208300112482,0.18800010152,0.22350012068999997,0.18290009876600002,0.20570011107800001,0.434300234522,0.16760009050400002,0.393700212598,0.28960015638400005,0.22350012068999997,0.23880012895200003,0.416600224964,0.302300163242,0.241300130302,0.208300112482,0.16760009050400002,0.1864701006938,0.22350012068999997,0.2934793251454167,0.269250145395,0.35307519066049997,0.44853024220619997,0.518200279828,2023-03-18
03-19,3,19,0.24380013165199996,0.462300249642,0.195600105624,0.322600174204,0.35050018927,0.231100124794,0.25150013581,0.469900253746,0.309900167346,0.208300112482,0.26420014266799996,0.28700015498,0.28450015363,0.17270009325799998,0.452100244134,0.259100139914,0.44960024278399996,0.373400201636,0.482600260604,0.431800233172,0.302300163242,0.28450015363,0.30730016594200005,0.18290009876600002,0.236200127548,0.27940015087599995,0.518200279828,0.25150013581,0.18540010011600003,0.30730016594200005,0.246400133056,0.23880012895200003,0.375900202986,0.208300112482,0.19050010287,0.22350012068999997,0.175300094662,0.20570011107800001,0.431800233172,0.16760009050400002,0.393700212598,0.292100157734,0.22350012068999997,0.23880012895200003,0.416600224964,0.302300163242,0.241300130302,0.20570011107800001,0.16760009050400002,0.1889701020438,0.22350012068999997,0.29448557568879163,0.27180014677199993,0.35622519236149996,0.45035024318899997,0.518200279828,2023-03-19
03-20,3,20,0.24380013165199996,0.46480025099199995,0.195600105624,0.36320019612800003,0.35050018927,0.231100124794,0.25150013581,0.472400255096,0.312400168696,0.208300112482,0.26670014401799996,0.28700015498,0.28960015638400005,0.17270009325799998,0.452100244134,0.259100139914,0.452100244134,0.37080020023200005,0.482600260604,0.431800233172,0.30730016594200005,0.28450015363,0.30730016594200005,0.18540010011600003,0.236200127548,0.27940015087599995,0.518200279828,0.276900149526,0.18030009736199998,0.30730016594200005,0.246400133056,0.23880012895200003,0.375900202986,0.241300130302,0.19050010287,0.22350012068999997,0.17270009325799998,0.20570011107800001,0.429300231822,0.16760009050400002,0.393700212598,0.299700161838,0.226100122094,0.24380013165199996,0.42160022766399996,0.302300163242,0.241300130302,0.18800010152,0.16760009050400002,0.1872201010988,0.229850124119,0.296856410302375,0.278150150201,0.36510019715400005,0.452100244134,0.518200279828,2023-03-20
03-21,3,21,0.24380013165199996,0.46480025099199995,0.195600105624,0.36320019612800003,0.355600192024,0.231100124794,0.25150013581,0.472400255096,0.3150001701,0.208300112482,0.26670014401799996,0.28700015498,0.28960015638400005,0.17270009325799998,0.452100244134,0.259100139914,0.452100244134,0.37080020023200005,0.457200246888,0.429300231822,0.30730016594200005,0.292100157734,0.30730016594200005,0.18540010011600003,0.236200127548,0.27940015087599995,0.528300285282,0.27940015087599995,0.177800096012,0.30730016594200005,0.24380013165199996,0.23880012895200003,0.37850020439,0.248900134406,0.19300010422,0.22350012068999997,0.17270009325799998,0.20570011107800001,0.426700230418,0.17270009325799998,0.393700212598,0.30730016594200005,0.226100122094,0.24380013165199996,0.426700230418,0.302300163242,0.241300130302,0.177800096012,0.17270009325799998,0.18312009888480002,0.229850124119,0.297118910444125,0.27940015087599995,0.36510019715400005,0.452100244134,0.528300285282,2023-03-21
03-22,3,22,0.24380013165199996,0.46480025099199995,0.195600105624,0.36320019612800003,0.358100193374,0.231100124794,0.25150013581,0.472400255096,0.3150001701,0.208300112482,0.26670014401799996,0.28700015498,0.297200160488,0.17270009325799998,0.452100244134,0.259100139914,0.457200246888,0.37080020023200005,0.454700245538,0.41910022631399996,0.30730016594200005,0.292100157734,0.30730016594200005,0.18540010011600003,0.236200127548,0.27940015087599995,0.528300285282,0.28960015638400005,0.19050010287,0.30730016594200005,0.241300130302,0.23880012895200003,0.38350020709000004,0.248900134406,0.19300010422,0.22350012068999997,0.170200091908,0.20570011107800001,0.42160022766399996,0.175300094662,0.40390021810599996,0.312400168696,0.226100122094,0.24380013165199996,0.434300234522,0.302300163242,0.241300130302,0.17270009325799998,0.170200091908,0.1889701020438,0.229850124119,0.29796682756866666,0.28320015292799994,0.36510019715400005,0.45288024455520004,0.528300285282,2023-03-22
03-23,3,23,0.248900134406,0.46480025099199995,0.198100106974,0.36320019612800003,0.36070019477799997,0.231100124794,0.25400013716000003,0.472400255096,0.3150001701,0.208300112482,0.26670014401799996,0.28700015498,0.297200160488,0.17270009325799998,0.454700245538,0.26670014401799996,0.457200246888,0.368300198882,0.452100244134,0.416600224964,0.309900167346,0.292100157734,0.30730016594200005,0.18540010011600003,0.236200127548,0.27940015087599995,0.53850029079,0.28960015638400005,0.19300010422,0.30730016594200005,0.241300130302,0.23880012895200003,0.38350020709000004,0.248900134406,0.19300010422,0.22350012068999997,0.165100089154,0.20570011107800001,0.434300234522,0.208300112482,0.416600224964,0.3150001701,0.228600123444,0.24380013165199996,0.44200023868000005,0.302300163242,0.241300130302,0.165100089154,0.165100089154,0.19300010422,0.23047512445649998,0.2998230785710417,0.28320015292799994,0.36447519681650004,0.45288024455520004,0.53850029079,2023-03-23
03-24,3,24,0.248900134406,0.46480025099199995,0.198100106974,0.36320019612800003,0.37080020023200005,0.231100124794,0.25650013851000003,0.482600260604,0.3150001701,0.208300112482,0.26670014401799996,0.28700015498,0.297200160488,0.18290009876600002,0.459700248238,0.26670014401799996,0.469900253746,0.36320019612800003,0.43690023592599997,0.41400022355999994,0.309900167346,0.299700161838,0.312400168696,0.18540010011600003,0.236200127548,0.276900149526,0.5588003017519999,0.28960015638400005,0.195600105624,0.30730016594200005,0.241300130302,0.23880012895200003,0.38350020709000004,0.248900134406,0.19300010422,0.22100011934000002,0.175300094662,0.208300112482,0.439400237276,0.208300112482,0.416600224964,0.3150001701,0.228600123444,0.24380013165199996,0.44960024278399996,0.302300163242,0.241300130302,0.16260008780399998,0.16260008780399998,0.1948201052028,0.23047512445649998,0.301518912820125,0.281950152253,0.36510019715400005,0.4526302444202,0.5588003017519999,2023-03-24
03-25,3,25,0.248900134406,0.46740025239599997,0.198100106974,0.373400201636,0.38100020574,0.231100124794,0.25650013851000003,0.482600260604,0.3150001701,0.208300112482,0.276900149526,0.28700015498,0.297200160488,0.18800010152,0.459700248238,0.26670014401799996,0.472400255096,0.373400201636,0.439400237276,0.416600224964,0.309900167346,0.299700161838,0.312400168696,0.19050010287,0.236200127548,0.274300148122,0.566400305856,0.28960015638400005,0.198100106974,0.30730016594200005,0.241300130302,0.23880012895200003,0.38350020709000004,0.248900134406,0.19300010422,0.22100011934000002,0.17270009325799998,0.20570011107800001,0.44700024137999994,0.21080011383199998,0.429300231822,0.31750017145000003,0.228600123444,0.241300130302,0.44960024278399996,0.312400168696,0.241300130302,0.14480007819200003,0.14480007819200003,0.1965701061478,0.23047512445649998,0.303156413704375,0.281950152253,0.37530020266200004,0.4526302444202,0.566400305856,2023-03-25
03-26,3,26,0.248900134406,0.469900253746,0.20070010837799998,0.373400201636,0.38100020574,0.23370012619799999,0.261600141264,0.490200264708,0.31750017145000003,0.208300112482,0.276900149526,0.28700015498,0.3150001701,0.18800010152,0.459700248238,0.26670014401799996,0.4750002565,0.375900202986,0.439400237276,0.416600224964,0.309900167346,0.299700161838,0.312400168696,0.19050010287,0.236200127548,0.271800146772,0.57150030861,0.28960015638400005,0.198100106974,0.30730016594200005,0.25650013851000003,0.23880012895200003,0.398800215352,0.248900134406,0.19300010422,0.22100011934000002,0.16760009050400002,0.20570011107800001,0.452100244134,0.21080011383199998,0.429300231822,0.322600174204,0.236200127548,0.23880012895200003,0.44960024278399996,0.312400168696,0.23880012895200003,0.12450006723,0.12450006723,0.1965701061478,0.2355751272105,0.30453766445025,0.281950152253,0.3771752036745,0.45438024536520005,0.57150030861,2023-03-26
03-27,3,27,0.248900134406,0.48510026195399997,0.20070010837799998,0.373400201636,0.38350020709000004,0.23370012619799999,0.27940015087599995,0.490200264708,0.31750017145000003,0.208300112482,0.276900149526,0.28700015498,0.3150001701,0.18800010152,0.46740025239599997,0.26670014401799996,0.4750002565,0.375900202986,0.431800233172,0.41910022631399996,0.309900167346,0.299700161838,0.312400168696,0.19300010422,0.24380013165199996,0.26920014536799997,0.57150030861,0.28960015638400005,0.195600105624,0.31750017145000003,0.25650013851000003,0.23880012895200003,0.398800215352,0.248900134406,0.19300010422,0.22100011934000002,0.16260008780399998,0.203200109728,0.454700245538,0.21080011383199998,0.429300231822,0.32510017555399995,0.236200127548,0.236200127548,0.44960024278399996,0.312400168696,0.231100124794,0.111800060372,0.111800060372,0.1948201052028,0.233050125847,0.305118914764125,0.28320015292799994,0.37780020401200004,0.45851024759540004,0.57150030861,2023-03-27
03-28,3,28,0.259100139914,0.48510026195399997,0.20070010837799998,0.37850020439,0.393700212598,0.23370012619799999,0.302300163242,0.495300267462,0.31750017145000003,0.208300112482,0.271800146772,0.28700015498,0.3150001701,0.19300010422,0.46740025239599997,0.26670014401799996,0.480100259254,0.375900202986,0.426700230418,0.42160022766399996,0.309900167346,0.299700161838,0.312400168696,0.19300010422,0.24380013165199996,0.274300148122,0.57150030861,0.292100157734,0.20570011107800001,0.31750017145000003,0.25650013851000003,0.23880012895200003,0.398800215352,0.261600141264,0.195600105624,0.22350012068999997,0.154900083646,0.203200109728,0.472400255096,0.21080011383199998,0.429300231822,0.32510017555399995,0.236200127548,0.236200127548,0.452100244134,0.312400168696,0.226100122094,0.109200058968,0.109200058968,0.19917010755179998,0.231800125172,0.3071251658475,0.289550156357,0.38230020644199997,0.468900253206,0.57150030861,2023-03-28
03-29,3,29,0.27940015087599995,0.48510026195399997,0.20070010837799998,0.38100020574,0.398800215352,0.23880012895200003,0.302300163242,0.495300267462,0.32510017555399995,0.208300112482,0.26920014536799997,0.299700161838,0.3150001701,0.195600105624,0.480100259254,0.26670014401799996,0.482600260604,0.375900202986,0.416600224964,0.44700024137999994,0.309900167346,0.304800164592,0.312400168696,0.198100106974,0.24380013165199996,0.274300148122,0.5817003141179999,0.309900167346,0.215900116586,0.32510017555399995,0.25650013851000003,0.23880012895200003,0.406400219456,0.261600141264,0.195600105624,0.22350012068999997,0.14220007678799998,0.20570011107800001,0.480100259254,0.21080011383199998,0.429300231822,0.32510017555399995,0.236200127548,0.241300130302,0.457200246888,0.312400168696,0.226100122094,0.09650005211,0.09650005211,0.1999201079568,0.23367512618449998,0.31009183411616664,0.30100016254,0.385450208143,0.480100259254,0.5817003141179999,2023-03-29
03-30,3,30,0.28700015498,0.48510026195399997,0.22350012068999997,0.386100208494,0.398800215352,0.23880012895200003,0.304800164592,0.495300267462,0.32510017555399995,0.208300112482,0.26920014536799997,0.302300163242,0.3150001701,0.195600105624,0.480100259254,0.26670014401799996,0.48510026195399997,0.375900202986,0.416600224964,0.44960024278399996,0.309900167346,0.304800164592,0.312400168696,0.198100106974,0.24380013165199996,0.28190015222599996,0.5817003141179999,0.330200178308,0.215900116586,0.309900167346,0.261600141264,0.241300130302,0.406400219456,0.259100139914,0.19300010422,0.22350012068999997,0.13210007133399998,0.218400117936,0.480100259254,0.21080011383199998,0.429300231822,0.32510017555399995,0.236200127548,0.25150013581,0.457200246888,0.3150001701,0.236200127548,0.08130004390199999,0.08130004390199999,0.2052401108296,0.236200127548,0.31157516825049997,0.30355016391699996,0.3892752102085,0.480100259254,0.5817003141179999,2023-03-30
03-31,3,31,0.28700015498,0.48510026195399997,0.228600123444,0.391200211248,0.398800215352,0.23880012895200003,0.30730016594200005,0.495300267462,0.322600174204,0.208300112482,0.26920014536799997,0.302300163242,0.31750017145000003,0.195600105624,0.480100259254,0.274300148122,0.48770026335800004,0.38100020574,0.40890022080599997,0.44960024278399996,0.309900167346,0.304800164592,0.312400168696,0.198100106974,0.24380013165199996,0.28190015222599996,0.5817003141179999,0.330200178308,0.218400117936,0.30730016594200005,0.26420014266799996,0.241300130302,0.406400219456,0.259100139914,0.19050010287,0.228600123444,0.11940006447600002,0.236200127548,0.500400270216,0.21080011383199998,0.431800233172,0.335300181062,0.236200127548,0.25150013581,0.457200246888,0.32510017555399995,0.236200127548,0.068600037044,0.068600037044,0.2052401108296,0.236200127548,0.31284391893562497,0.30355016391699996,0.393100212274,0.48160026006400003,0.5817003141179999,2023-03-31
04-01,4,1,0.28700015498,0.492800266112,0.23880012895200003,0.40130021670199995,0.40390021810599996,0.23880012895200003,0.312400168696,0.497800268812,0.322600174204,0.208300112482,0.26920014536799997,0.302300163242,0.322600174204,0.19300010422,0.480100259254,0.26670014401799996,0.492800266112,0.38100020574,0.41150022221,0.44960024278399996,0.309900167346,0.304800164592,0.312400168696,0.19300010422,0.24380013165199996,0.27940015087599995,0.5817003141179999,0.335300181062,0.22100011934000002,0.3200001728,0.271800146772,0.246400133056,0.406400219456,0.259100139914,0.18540010011600003,0.23880012895200003,0.106700057618,0.23880012895200003,0.50550027297,0.21080011383199998,0.431800233172,0.335300181062,0.236200127548,0.25150013581,0.457200246888,0.337800182412,0.246400133056,0.06600003564,0.06600003564,0.2037101100034,0.23880012895200003,0.3147022532724583,0.30355016391699996,0.40195021705299994,0.4839102613114001,0.5817003141179999,2023-04-01
04-02,4,2,0.28960015638400005,0.492800266112,0.23880012895200003,0.40130021670199995,0.406400219456,0.23880012895200003,0.3150001701,0.5105002756699999,0.322600174204,0.208300112482,0.26920014536799997,0.302300163242,0.32510017555399995,0.20070010837799998,0.48770026335800004,0.261600141264,0.500400270216,0.386100208494,0.416600224964,0.44960024278399996,0.309900167346,0.304800164592,0.312400168696,0.18800010152,0.24380013165199996,0.26920014536799997,0.584200315468,0.340400183816,0.218400117936,0.3200001728,0.271800146772,0.246400133056,0.40390021810599996,0.246400133056,0.20570011107800001,0.24380013165199996,0.09650005211,0.241300130302,0.50550027297,0.21080011383199998,0.431800233172,0.335300181062,0.236200127548,0.25150013581,0.457200246888,0.3480001879199999,0.246400133056,0.076200041148,0.076200041148,0.2075201120608,0.24317513131449997,0.31602517065349994,0.30355016391699996,0.40195021705299994,0.48923026418420007,0.584200315468,2023-04-02
04-03,4,3,0.28960015638400005,0.492800266112,0.23880012895200003,0.40130021670199995,0.42160022766399996,0.25150013581,0.3150001701,0.535900289386,0.322600174204,0.20570011107800001,0.276900149526,0.302300163242,0.3200001728,0.198100106974,0.490200264708,0.25650013851000003,0.500400270216,0.391200211248,0.42160022766399996,0.44960024278399996,0.309900167346,0.299700161838,0.32510017555399995,0.18290009876600002,0.24380013165199996,0.27940015087599995,0.584200315468,0.340400183816,0.218400117936,0.3200001728,0.292100157734,0.25400013716000003,0.37850020439,0.23880012895200003,0.20570011107800001,0.24380013165199996,0.09400005076,0.24380013165199996,0.50550027297,0.21080011383199998,0.439400237276,0.335300181062,0.23370012619799999,0.25150013581,0.457200246888,0.3480001879199999,0.246400133056,0.088900048006,0.088900048006,0.20570011107800001,0.24380013165199996,0.31776683826066665,0.30100016254,0.39372521261149995,0.4909802651292,0.584200315468,2023-04-03
04-04,4,4,0.28960015638400005,0.492800266112,0.23880012895200003,0.40130021670199995,0.42160022766399996,0.25150013581,0.3150001701,0.535900289386,0.322600174204,0.203200109728,0.28190015222599996,0.302300163242,0.312400168696,0.195600105624,0.495300267462,0.261600141264,0.5105002756699999,0.391200211248,0.426700230418,0.44960024278399996,0.309900167346,0.292100157734,0.330200178308,0.175300094662,0.246400133056,0.276900149526,0.584200315468,0.340400183816,0.213400115236,0.322600174204,0.292100157734,0.261600141264,0.388600209844,0.23880012895200003,0.20570011107800001,0.24380013165199996,0.09140004935599999,0.24380013165199996,0.513100277074,0.21080011383199998,0.44200023868000005,0.337800182412,0.228600123444,0.25150013581,0.4750002565,0.3480001879199999,0.25150013581,0.088900048006,0.088900048006,0.204950110673,0.24380013165199996,0.3188293388344166,0.297200160488,0.39372521261149995,0.493550266517,0.584200315468,2023-04-04
04-05,4,5,0.28960015638400005,0.492800266112,0.241300130302,0.43690023592599997,0.42160022766399996,0.25150013581,0.3150001701,0.54100029214,0.322600174204,0.198100106974,0.28190015222599996,0.302300163242,0.30730016594200005,0.18800010152,0.50550027297,0.261600141264,0.513100277074,0.386100208494,0.426700230418,0.457200246888,0.309900167346,0.292100157734,0.340400183816,0.16760009050400002,0.246400133056,0.276900149526,0.586700316818,0.337800182412,0.208300112482,0.322600174204,0.292100157734,0.276900149526,0.386100208494,0.226100122094,0.203200109728,0.248900134406,0.086400046656,0.24380013165199996,0.513100277074,0.21080011383199998,0.439400237276,0.337800182412,0.215900116586,0.25150013581,0.47750025784999994,0.3480001879199999,0.25400013716000003,0.088900048006,0.086400046656,0.2016701089018,0.24575013270499999,0.31935850578683334,0.297200160488,0.3949752132865,0.49661026816940007,0.586700316818,2023-04-05
04-06,4,6,0.292100157734,0.492800266112,0.246400133056,0.439400237276,0.42160022766399996,0.25150013581,0.3150001701,0.54100029214,0.330200178308,0.19300010422,0.276900149526,0.302300163242,0.292100157734,0.18540010011600003,0.5105002756699999,0.261600141264,0.5080002743200001,0.386100208494,0.429300231822,0.457200246888,0.3150001701,0.292100157734,0.35050018927,0.16260008780399998,0.248900134406,0.271800146772,0.586700316818,0.36070019477799997,0.198100106974,0.322600174204,0.292100157734,0.28700015498,0.38350020709000004,0.215900116586,0.203200109728,0.25150013581,0.08130004390199999,0.24380013165199996,0.513100277074,0.208300112482,0.439400237276,0.337800182412,0.213400115236,0.25400013716000003,0.47750025784999994,0.3480001879199999,0.25400013716000003,0.08380004525200001,0.08130004390199999,0.1965701061478,0.2482751340685,0.31935433911791666,0.292100157734,0.3949752132865,0.4973602685744001,0.586700316818,2023-04-06
04-07,4,7,0.292100157734,0.492800266112,0.25150013581,0.44200023868000005,0.42160022766399996,0.25150013581,0.3150001701,0.546100294894,0.35050018927,0.19050010287,0.276900149526,0.302300163242,0.28450015363,0.18030009736199998,0.513100277074,0.261600141264,0.497800268812,0.373400201636,0.429300231822,0.46480025099199995,0.3150001701,0.292100157734,0.355600192024,0.15750008505,0.248900134406,0.26670014401799996,0.586700316818,0.373400201636,0.18540010011600003,0.32510017555399995,0.292100157734,0.28700015498,0.38100020574,0.208300112482,0.203200109728,0.25650013851000003,0.07110003839399999,0.24380013165199996,0.513100277074,0.203200109728,0.439400237276,0.34540018651599996,0.208300112482,0.25400013716000003,0.47750025784999994,0.35050018927,0.25400013716000003,0.076200041148,0.07110003839399999,0.1889701020438,0.25085013545900003,0.3189293388884167,0.292100157734,0.39115021122099997,0.494300266922,0.586700316818,2023-04-07
04-08,4,8,0.292100157734,0.492800266112,0.259100139914,0.44200023868000005,0.426700230418,0.25150013581,0.3150001701,0.548600296244,0.35310019067400006,0.18800010152,0.276900149526,0.302300163242,0.28450015363,0.18030009736199998,0.513100277074,0.261600141264,0.48770026335800004,0.368300198882,0.429300231822,0.46740025239599997,0.3200001728,0.28450015363,0.393700212598,0.149900080946,0.248900134406,0.274300148122,0.586700316818,0.375900202986,0.175300094662,0.32510017555399995,0.292100157734,0.28700015498,0.41150022221,0.203200109728,0.208300112482,0.25400013716000003,0.06600003564,0.23880012895200003,0.513100277074,0.215900116586,0.439400237276,0.3480001879199999,0.208300112482,0.24380013165199996,0.482600260604,0.35050018927,0.25400013716000003,0.058400031536,0.058400031536,0.1856901002726,0.2476251337175,0.319781422681875,0.292100157734,0.415300224262,0.48923026418420007,0.586700316818,2023-04-08
04-09,4,9,0.292100157734,0.492800266112,0.25650013851000003,0.44450024003,0.426700230418,0.25150013581,0.30730016594200005,0.548600296244,0.35310019067400006,0.18540010011600003,0.26670014401799996,0.30730016594200005,0.28450015363,0.18030009736199998,0.5156002784239999,0.261600141264,0.4750002565,0.36320019612800003,0.439400237276,0.46740025239599997,0.3200001728,0.28190015222599996,0.398800215352,0.14220007678799998,0.248900134406,0.274300148122,0.599400323676,0.375900202986,0.16260008780399998,0.32510017555399995,0.292100157734,0.28960015638400005,0.431800233172,0.198100106974,0.25650013851000003,0.25150013581,0.06600003564,0.226100122094,0.523200282528,0.215900116586,0.434300234522,0.3480001879199999,0.20570011107800001,0.228600123444,0.482600260604,0.35050018927,0.248900134406,0.03300001782,0.03300001782,0.18387009928980003,0.248900134406,0.3193960058070833,0.292100157734,0.4279752311065,0.4856602622564001,0.599400323676,2023-04-09
04-10,4,10,0.292100157734,0.492800266112,0.25650013851000003,0.452100244134,0.426700230418,0.25150013581,0.294600159084,0.553700298998,0.35310019067400006,0.17270009325799998,0.25650013851000003,0.30730016594200005,0.28450015363,0.18030009736199998,0.520700281178,0.274300148122,0.4750002565,0.3480001879199999,0.454700245538,0.46740025239599997,0.3200001728,0.26670014401799996,0.398800215352,0.13210007133399998,0.248900134406,0.28190015222599996,0.599400323676,0.375900202986,0.1600000864,0.32510017555399995,0.292100157734,0.28960015638400005,0.439400237276,0.18800010152,0.274300148122,0.25150013581,0.06600003564,0.22350012068999997,0.523200282528,0.215900116586,0.431800233172,0.3480001879199999,0.20070010837799998,0.218400117936,0.482600260604,0.3480001879199999,0.24380013165199996,0.022900012366000002,0.022900012366000002,0.17802009613079997,0.2476251337175,0.31839600526708334,0.292100157734,0.4279752311065,0.4856602622564001,0.599400323676,2023-04-10
04-11,4,11,0.297200160488,0.492800266112,0.25400013716000003,0.452100244134,0.434300234522,0.25150013581,0.26920014536799997,0.553700298998,0.35310019067400006,0.170200091908,0.25150013581,0.309900167346,0.28450015363,0.17270009325799998,0.5334002880359999,0.27940015087599995,0.4750002565,0.34290018516599996,0.462300249642,0.46740025239599997,0.3200001728,0.25400013716000003,0.41150022221,0.13210007133399998,0.248900134406,0.28700015498,0.60450032643,0.373400201636,0.1600000864,0.340400183816,0.292100157734,0.28450015363,0.439400237276,0.17270009325799998,0.27940015087599995,0.246400133056,0.06350003429000001,0.22350012068999997,0.523200282528,0.215900116586,0.439400237276,0.3480001879199999,0.195600105624,0.218400117936,0.482600260604,0.340400183816,0.23370012619799999,0.0,0.0,0.171950092853,0.2432251313415,0.31745017142299997,0.289550156357,0.4355752352105,0.4856602622564001,0.60450032643,2023-04-11
04-12,4,12,0.297200160488,0.492800266112,0.25150013581,0.44700024137999994,0.439400237276,0.261600141264,0.25150013581,0.5588003017519999,0.35310019067400006,0.1600000864,0.25150013581,0.309900167346,0.28450015363,0.16260008780399998,0.535900289386,0.27940015087599995,0.4750002565,0.340400183816,0.462300249642,0.469900253746,0.3200001728,0.25150013581,0.41400022355999994,0.12700006858000001,0.241300130302,0.294600159084,0.60450032643,0.373400201636,0.1600000864,0.340400183816,0.299700161838,0.276900149526,0.439400237276,0.15750008505,0.27940015087599995,0.231100124794,0.06100003294,0.22350012068999997,0.523200282528,0.215900116586,0.44700024137999994,0.3480001879199999,0.18540010011600003,0.22350012068999997,0.482600260604,0.330200178308,0.208300112482,0.0,0.0,0.1600000864,0.22920012376799997,0.3154918370321667,0.29590015978600004,0.439400237276,0.4856602622564001,0.60450032643,2023-04-12
04-13,4,13,0.297200160488,0.492800266112,0.246400133056,0.44450024003,0.459700248238,0.261600141264,0.246400133056,0.5613003031020001,0.35310019067400006,0.14480007819200003,0.23370012619799999,0.309900167346,0.28960015638400005,0.152400082296,0.535900289386,0.27940015087599995,0.4750002565,0.340400183816,0.462300249642,0.472400255096,0.32510017555399995,0.23880012895200003,0.42160022766399996,0.12950006993,0.23370012619799999,0.28700015498,0.607100327834,0.373400201636,0.16260008780399998,0.34540018651599996,0.30730016594200005,0.276900149526,0.439400237276,0.14480007819200003,0.27940015087599995,0.226100122094,0.055900030186,0.226100122094,0.520700281178,0.215900116586,0.44700024137999994,0.3480001879199999,0.18030009736199998,0.22350012068999997,0.482600260604,0.322600174204,0.20070010837799998,0.0,0.0,0.15012008106480002,0.226100122094,0.31417100298558337,0.29340015843600004,0.44067523796450003,0.4856602622564001,0.607100327834,2023-04-13
04-14,4,14,0.297200160488,0.492800266112,0.24380013165199996,0.439400237276,0.459700248238,0.271800146772,0.236200127548,0.57400030996,0.34540018651599996,0.12950006993,0.22100011934000002,0.309900167346,0.28960015638400005,0.14220007678799998,0.53850029079,0.27940015087599995,0.4750002565,0.340400183816,0.46480025099199995,0.47750025784999994,0.32510017555399995,0.215900116586,0.42160022766399996,0.114300061722,0.215900116586,0.28700015498,0.60450032643,0.373400201636,0.165100089154,0.34540018651599996,0.297200160488,0.28450015363,0.44450024003,0.14480007819200003,0.28960015638400005,0.226100122094,0.055900030186,0.22350012068999997,0.48770026335800004,0.215900116586,0.44700024137999994,0.3480001879199999,0.18290009876600002,0.226100122094,0.482600260604,0.312400168696,0.198100106974,0.0,0.0,0.1440200777708,0.21972511865150002,0.311731418334875,0.29340015843600004,0.44067523796450003,0.48413026143020005,0.60450032643,2023-04-14
04-15,4,15,0.294600159084,0.492800266112,0.24380013165199996,0.431800233172,0.46480025099199995,0.271800146772,0.226100122094,0.57400030996,0.330200178308,0.114300061722,0.21080011383199998,0.309900167346,0.28960015638400005,0.13460007268399998,0.54100029214,0.27940015087599995,0.472400255096,0.340400183816,0.46480025099199995,0.480100259254,0.32510017555399995,0.20570011107800001,0.42420022906800003,0.09910005351399999,0.213400115236,0.26920014536799997,0.594400320976,0.373400201636,0.147300079542,0.34540018651599996,0.322600174204,0.28450015363,0.44450024003,0.16260008780399998,0.297200160488,0.22350012068999997,0.053300028782,0.213400115236,0.46740025239599997,0.215900116586,0.43690023592599997,0.3480001879199999,0.195600105624,0.226100122094,0.482600260604,0.302300163242,0.19300010422,0.0,0.0,0.1434900774846,0.213400115236,0.30903766688025,0.29590015978600004,0.4330752338605,0.480850259659,0.594400320976,2023-04-15
04-16,4,16,0.294600159084,0.48770026335800004,0.231100124794,0.426700230418,0.46480025099199995,0.271800146772,0.21080011383199998,0.5791003127139999,0.322600174204,0.12450006723,0.19300010422,0.309900167346,0.28960015638400005,0.12700006858000001,0.546100294894,0.27940015087599995,0.490200264708,0.340400183816,0.46480025099199995,0.482600260604,0.32770017695799997,0.215900116586,0.41910022631399996,0.101600054864,0.215900116586,0.274300148122,0.586700316818,0.373400201636,0.137200074088,0.332700179658,0.332700179658,0.28450015363,0.44200023868000005,0.177800096012,0.322600174204,0.22350012068999997,0.055900030186,0.22100011934000002,0.452100244134,0.215900116586,0.44450024003,0.34540018651599996,0.195600105624,0.22350012068999997,0.482600260604,0.292100157734,0.18800010152,,0.055900030186,0.16156008724240004,0.215900116586,0.31533846815502126,0.294600159084,0.434350234549,0.48464026170560004,0.586700316818,2023-04-16
04-17,4,17,0.294600159084,0.482600260604,0.231100124794,0.42160022766399996,0.469900253746,0.274300148122,0.203200109728,0.584200315468,0.322600174204,0.12190006582599998,0.18800010152,0.294600159084,0.28960015638400005,0.14480007819200003,0.553700298998,0.26670014401799996,0.500400270216,0.332700179658,0.482600260604,0.482600260604,0.309900167346,0.226100122094,0.41400022355999994,0.101600054864,0.215900116586,0.271800146772,0.56900030726,0.373400201636,0.13970007543799998,0.32510017555399995,0.340400183816,0.26670014401799996,0.439400237276,0.177800096012,0.34540018651599996,0.218400117936,0.055900030186,0.22100011934000002,0.439400237276,0.203200109728,0.44960024278399996,0.34540018651599996,0.203200109728,0.22100011934000002,0.482600260604,0.297200160488,0.18800010152,,0.055900030186,0.16460008888400002,0.217150117261,0.31452782941940427,0.294600159084,0.43050023247,0.482600260604,0.584200315468,2023-04-17
04-18,4,18,0.28190015222599996,0.47750025784999994,0.226100122094,0.416600224964,0.472400255096,0.274300148122,0.20070010837799998,0.586700316818,0.299700161838,0.114300061722,0.170200091908,0.28960015638400005,0.28960015638400005,0.147300079542,0.553700298998,0.246400133056,0.5156002784239999,0.332700179658,0.500400270216,0.482600260604,0.271800146772,0.22100011934000002,0.40390021810599996,0.104100056214,0.215900116586,0.26420014266799996,0.5512002976479999,0.375900202986,0.13460007268399998,0.32510017555399995,0.340400183816,0.246400133056,0.429300231822,0.175300094662,0.34540018651599996,0.21080011383199998,0.055900030186,0.22100011934000002,0.429300231822,0.198100106974,0.452100244134,0.3480001879199999,0.203200109728,0.22100011934000002,0.482600260604,0.292100157734,0.19300010422,,0.055900030186,0.16104008696160002,0.213350115209,0.31042357188395747,0.28960015638400005,0.422950228393,0.48972026444879996,0.586700316818,2023-04-18
04-19,4,19,0.28190015222599996,0.47750025784999994,0.226100122094,0.40890022080599997,0.472400255096,0.274300148122,0.20070010837799998,0.586700316818,0.28450015363,0.101600054864,0.14480007819200003,0.28700015498,0.28700015498,0.149900080946,0.5588003017519999,0.236200127548,0.5334002880359999,0.34540018651599996,0.500400270216,0.482600260604,0.25150013581,0.218400117936,0.393700212598,0.109200058968,0.218400117936,0.259100139914,0.546100294894,0.388600209844,0.13970007543799998,0.32510017555399995,0.340400183816,0.231100124794,0.429300231822,0.177800096012,0.34540018651599996,0.20070010837799998,0.055900030186,0.22350012068999997,0.429300231822,0.213400115236,0.44700024137999994,0.35050018927,0.203200109728,0.203200109728,0.482600260604,0.28190015222599996,0.203200109728,,0.055900030186,0.1478600798444,0.208300112482,0.3086874007336596,0.28190015222599996,0.419100226314,0.48972026444879996,0.586700316818,2023-04-19
04-20,4,20,0.28450015363,0.47750025784999994,0.226100122094,0.40390021810599996,0.472400255096,0.274300148122,0.203200109728,0.591800319572,0.28450015363,0.101600054864,0.12950006993,0.28450015363,0.28190015222599996,0.149900080946,0.5512002976479999,0.23370012619799999,0.556300300402,0.36070019477799997,0.44700024137999994,0.482600260604,0.226100122094,0.22350012068999997,0.396200213948,0.114300061722,0.22350012068999997,0.259100139914,0.54100029214,0.393700212598,0.13970007543799998,0.309900167346,0.340400183816,0.22100011934000002,0.429300231822,0.18540010011600003,0.35050018927,0.195600105624,0.055900030186,0.22350012068999997,0.42420022906800003,0.21080011383199998,0.431800233172,0.35050018927,0.203200109728,0.18540010011600003,0.482600260604,0.271800146772,0.21080011383199998,,0.055900030186,0.14582007874279998,0.21080011383199998,0.3063150590270638,0.28190015222599996,0.414050223587,0.482600260604,0.591800319572,2023-04-20
04-21,4,21,0.28960015638400005,0.47750025784999994,0.226100122094,0.40130021670199995,0.472400255096,0.27940015087599995,0.203200109728,0.591800319572,0.28450015363,0.101600054864,0.114300061722,0.27940015087599995,0.27940015087599995,0.15750008505,0.53850029079,0.22350012068999997,0.566400305856,0.36070019477799997,0.391200211248,0.482600260604,0.228600123444,0.226100122094,0.40130021670199995,0.11940006447600002,0.226100122094,0.26420014266799996,0.543600293544,0.391200211248,0.14220007678799998,0.304800164592,0.304800164592,0.20570011107800001,0.452100244134,0.177800096012,0.35050018927,0.18540010011600003,0.053300028782,0.23370012619799999,0.434300234522,0.22100011934000002,0.42160022766399996,0.35050018927,0.203200109728,0.16760009050400002,0.482600260604,0.26670014401799996,0.21080011383199998,,0.053300028782,0.15138008174519998,0.208250112455,0.30404271737446803,0.27940015087599995,0.40130021670199995,0.482600260604,0.591800319572,2023-04-21
04-22,4,22,0.28960015638400005,0.46740025239599997,0.226100122094,0.40130021670199995,0.47750025784999994,0.27940015087599995,0.203200109728,0.5791003127139999,0.26920014536799997,0.116800063072,0.09910005351399999,0.28450015363,0.27940015087599995,0.152400082296,0.492800266112,0.20570011107800001,0.56900030726,0.36580019753200005,0.373400201636,0.482600260604,0.236200127548,0.22100011934000002,0.41150022221,0.12700006858000001,0.22100011934000002,0.26420014266799996,0.543600293544,0.38100020574,0.14220007678799998,0.299700161838,0.271800146772,0.226100122094,0.459700248238,0.165100089154,0.35050018927,0.170200091908,0.053300028782,0.228600123444,0.434300234522,0.213400115236,0.42420022906800003,0.34540018651599996,0.213400115236,0.14480007819200003,0.48770026335800004,0.25650013851000003,0.213400115236,,0.053300028782,0.1437600776304,0.213400115236,0.3004278218054042,0.271800146772,0.40640021945599997,0.48464026170560004,0.5791003127139999,2023-04-22
04-23,4,23,0.28700015498,0.454700245538,0.226100122094,0.398800215352,0.482600260604,0.28960015638400005,0.20570011107800001,0.57400030996,0.23880012895200003,0.14480007819200003,0.078700042498,0.297200160488,0.28190015222599996,0.147300079542,0.454700245538,0.19050010287,0.5817003141179999,0.36580019753200005,0.36070019477799997,0.48770026335800004,0.25150013581,0.213400115236,0.416600224964,0.114300061722,0.25150013581,0.26420014266799996,0.543600293544,0.36320019612800003,0.15750008505,0.294600159084,0.25150013581,0.23370012619799999,0.459700248238,0.13210007133399998,0.35050018927,0.16260008780399998,0.055900030186,0.21080011383199998,0.429300231822,0.19050010287,0.431800233172,0.340400183816,0.20570011107800001,0.152400082296,0.48770026335800004,0.23880012895200003,0.21080011383199998,,0.055900030186,0.146300079002,0.20570011107800001,0.29708313914821277,0.26420014266799996,0.407700220158,0.48464026170560004,0.5817003141179999,2023-04-23
04-24,4,24,0.28450015363,0.452100244134,0.213400115236,0.396200213948,0.490200264708,0.28960015638400005,0.20570011107800001,0.566400305856,0.231100124794,0.14480007819200003,0.06600003564,0.312400168696,0.28450015363,0.147300079542,0.44450024003,0.18800010152,0.584200315468,0.36580019753200005,0.36320019612800003,0.497800268812,0.274300148122,0.213400115236,0.416600224964,0.09140004935599999,0.25150013581,0.26920014536799997,0.54100029214,0.355600192024,0.16760009050400002,0.28450015363,0.231100124794,0.236200127548,0.469900253746,0.109200058968,0.35050018927,0.1600000864,0.055900030186,0.195600105624,0.42160022766399996,0.177800096012,0.42160022766399996,0.32770017695799997,0.20070010837799998,0.152400082296,0.48770026335800004,0.218400117936,0.20570011107800001,,0.055900030186,0.146300079002,0.198150107001,0.2939320736168511,0.274300148122,0.406400219456,0.48870026389800003,0.584200315468,2023-04-24
04-25,4,25,0.276900149526,0.452100244134,0.198100106974,0.388600209844,0.490200264708,0.28960015638400005,0.20570011107800001,0.57150030861,0.228600123444,0.149900080946,0.055900030186,0.31750017145000003,0.28450015363,0.147300079542,0.44450024003,0.18540010011600003,0.584200315468,0.368300198882,0.37080020023200005,0.492800266112,0.292100157734,0.213400115236,0.41400022355999994,0.076200041148,0.248900134406,0.28190015222599996,0.5639003045059999,0.36070019477799997,0.165100089154,0.27940015087599995,0.215900116586,0.228600123444,0.469900253746,0.088900048006,0.35050018927,0.149900080946,0.06100003294,0.195600105624,0.431800233172,0.177800096012,0.40130021670199995,0.31750017145000003,0.195600105624,0.152400082296,0.492800266112,0.20570011107800001,0.20070010837799998,,0.055900030186,0.1488600803844,0.195600105624,0.29221079609161704,0.27940015087599995,0.39495021327299995,0.4912402652696,0.584200315468,2023-04-25
04-26,4,26,0.276900149526,0.452100244134,0.19300010422,0.38100020574,0.490200264708,0.294600159084,0.208300112482,0.57400030996,0.228600123444,0.152400082296,0.053300028782,0.31750017145000003,0.302300163242,0.14480007819200003,0.41400022355999994,0.18800010152,0.586700316818,0.37080020023200005,0.37080020023200005,0.500400270216,0.302300163242,0.213400115236,0.40390021810599996,0.06350003429000001,0.248900134406,0.259100139914,0.5639003045059999,0.36070019477799997,0.15750008505,0.276900149526,0.228600123444,0.22350012068999997,0.4750002565,0.08130004390199999,0.34540018651599996,0.13970007543799998,0.07110003839399999,0.18030009736199998,0.434300234522,0.16760009050400002,0.375900202986,0.30730016594200005,0.19300010422,0.149900080946,0.497800268812,0.19050010287,0.18800010152,,0.053300028782,0.1427600770904,0.18800010152,0.2893405817757447,0.276900149526,0.37845020436300003,0.4932402663496,0.586700316818,2023-04-26
04-27,4,27,0.274300148122,0.452100244134,0.18800010152,0.373400201636,0.490200264708,0.299700161838,0.208300112482,0.57400030996,0.228600123444,0.15750008505,0.076200041148,0.3200001728,0.302300163242,0.13460007268399998,0.41910022631399996,0.208300112482,0.594400320976,0.368300198882,0.368300198882,0.5080002743200001,0.309900167346,0.20570011107800001,0.393700212598,0.053300028782,0.236200127548,0.248900134406,0.56900030726,0.34540018651599996,0.152400082296,0.271800146772,0.228600123444,0.20570011107800001,0.480100259254,0.078700042498,0.337800182412,0.17270009325799998,0.078700042498,0.20570011107800001,0.44450024003,0.147300079542,0.37850020439,0.297200160488,0.203200109728,0.13210007133399998,0.48510026195399997,0.19300010422,0.170200091908,,0.053300028782,0.133600072144,0.19050010287,0.28874483677319146,0.271800146772,0.375950203013,0.4871402630556,0.594400320976,2023-04-27
04-28,4,28,0.271800146772,0.452100244134,0.154900083646,0.37080020023200005,0.490200264708,0.299700161838,0.208300112482,0.57150030861,0.228600123444,0.15750008505,0.07110003839399999,0.32770017695799997,0.304800164592,0.109200058968,0.40390021810599996,0.215900116586,0.594400320976,0.35310019067400006,0.332700179658,0.5029002715659999,0.32510017555399995,0.18800010152,0.37850020439,0.06100003294,0.22100011934000002,0.231100124794,0.5512002976479999,0.32770017695799997,0.12700006858000001,0.26920014536799997,0.228600123444,0.195600105624,0.482600260604,0.078700042498,0.332700179658,0.17270009325799998,0.076200041148,0.208300112482,0.462300249642,0.12190006582599998,0.368300198882,0.28700015498,0.218400117936,0.109200058968,0.457200246888,0.20570011107800001,0.170200091908,,0.06100003294,0.109200058968,0.18035009738899999,0.282478875942766,0.26920014536799997,0.369550199557,0.4856402622456,0.594400320976,2023-04-28
04-29,4,29,0.271800146772,0.439400237276,0.12950006993,0.37080020023200005,0.5029002715659999,0.309900167346,0.208300112482,0.57400030996,0.22350012068999997,0.15750008505,0.07110003839399999,0.335300181062,0.30730016594200005,0.08130004390199999,0.40390021810599996,0.228600123444,0.596900322326,0.3480001879199999,0.3150001701,0.5029002715659999,0.34540018651599996,0.16760009050400002,0.368300198882,0.06350003429000001,0.213400115236,0.20570011107800001,0.543600293544,0.312400168696,0.09910005351399999,0.259100139914,0.228600123444,0.19300010422,0.459700248238,0.073700039798,0.312400168696,0.175300094662,0.058400031536,0.218400117936,0.482600260604,0.106700057618,0.355600192024,0.28190015222599996,0.218400117936,0.088900048006,0.43690023592599997,0.20570011107800001,0.16760009050400002,,0.058400031536,0.0858600463644,0.171450092583,0.27701717086578725,0.259100139914,0.361950195453,0.49072026498879995,0.596900322326,2023-04-29
04-30,4,30,0.26670014401799996,0.42160022766399996,0.12190006582599998,0.355600192024,0.5080002743200001,0.309900167346,0.19050010287,0.57400030996,0.208300112482,0.15750008505,0.07110003839399999,0.34290018516599996,0.30730016594200005,0.055900030186,0.40130021670199995,0.236200127548,0.60450032643,0.3480001879199999,0.322600174204,0.48770026335800004,0.37850020439,0.147300079542,0.355600192024,0.040600021923999995,0.213400115236,0.195600105624,0.543600293544,0.28700015498,0.073700039798,0.246400133056,0.20570011107800001,0.19050010287,0.46740025239599997,0.07110003839399999,0.28960015638400005,0.175300094662,0.055900030186,0.228600123444,0.482600260604,0.09910005351399999,0.36580019753200005,0.26420014266799996,0.198100106974,0.076200041148,0.42160022766399996,0.20570011107800001,0.16760009050400002,,0.040600021923999995,0.07266003923639999,0.171450092583,0.27102567826868085,0.246400133056,0.360700194778,0.48464026170560004,0.60450032643,2023-04-30
05-01,5,1,0.26670014401799996,0.41400022355999994,0.109200058968,0.35310019067400006,0.5105002756699999,0.3200001728,0.175300094662,0.548600296244,0.18540010011600003,0.14220007678799998,0.068600037044,0.34290018516599996,0.30730016594200005,0.027900015065999997,0.40130021670199995,0.236200127548,0.60450032643,0.337800182412,0.3200001728,0.4750002565,0.388600209844,0.147300079542,0.34290018516599996,0.020300010961999997,0.218400117936,0.21080011383199998,0.54100029214,0.26420014266799996,0.043200023328,0.228600123444,0.18290009876600002,0.19050010287,0.472400255096,0.06600003564,0.28700015498,0.175300094662,0.055900030186,0.231100124794,0.482600260604,0.09140004935599999,0.38100020574,0.24380013165199996,0.16260008780399998,0.048300026082,0.40130021670199995,0.21080011383199998,0.15750008505,,0.020300010961999997,0.0619600334584,0.16005008642699997,0.26366397216570214,0.236200127548,0.367050198207,0.4780402581416,0.60450032643,2023-05-01
05-02,5,2,0.274300148122,0.406400219456,0.088900048006,0.35050018927,0.528300285282,0.32510017555399995,0.16260008780399998,0.54100029214,0.18540010011600003,0.12700006858000001,0.068600037044,0.34290018516599996,0.30730016594200005,0.007600004103999999,0.40130021670199995,0.24380013165199996,0.6121003305339999,0.32510017555399995,0.32770017695799997,0.462300249642,0.393700212598,0.12950006993,0.322600174204,0.017800009611999998,0.218400117936,0.215900116586,0.556300300402,0.246400133056,0.022900012366000002,0.22100011934000002,0.165100089154,0.18800010152,0.472400255096,0.06600003564,0.28450015363,0.16760009050400002,0.055900030186,0.23370012619799999,0.462300249642,0.09140004935599999,0.386100208494,0.228600123444,0.14480007819200003,0.043200023328,0.386100208494,0.21080011383199998,0.14220007678799998,,0.007600004103999999,0.0619600334584,0.14350007749,0.2587533312160851,0.23370012619799999,0.368300198882,0.4663402518236,0.6121003305339999,2023-05-02
05-03,5,3,0.28190015222599996,0.406400219456,0.076200041148,0.30730016594200005,0.528300285282,0.335300181062,0.13970007543799998,0.523200282528,0.18290009876600002,0.14480007819200003,0.053300028782,0.34290018516599996,0.309900167346,0.00250000135,0.40130021670199995,0.241300130302,0.622300336042,0.31750017145000003,0.32510017555399995,0.44700024137999994,0.398800215352,0.106700057618,0.322600174204,0.012700006858,0.218400117936,0.20570011107800001,0.5588003017519999,0.22350012068999997,0.020300010961999997,0.218400117936,0.177800096012,0.18800010152,0.48510026195399997,0.058400031536,0.27940015087599995,0.15750008505,0.053300028782,0.236200127548,0.44960024278399996,0.111800060372,0.386100208494,0.213400115236,0.13210007133399998,0.035600019223999996,0.37850020439,0.21080011383199998,0.11940006447600002,,0.00250000135,0.053300028782,0.13590007338599996,0.25421290323234047,0.22350012068999997,0.36070019477799997,0.4638002504519999,0.622300336042,2023-05-03
05-04,5,4,0.28450015363,0.40390021810599996,0.06600003564,0.28960015638400005,0.54100029214,0.335300181062,0.12950006993,0.497800268812,0.18290009876600002,0.14220007678799998,0.03300001782,0.332700179658,0.3200001728,0.0,0.393700212598,0.23880012895200003,0.624800337392,0.312400168696,0.312400168696,0.439400237276,0.406400219456,0.086400046656,0.32770017695799997,0.0,0.226100122094,0.177800096012,0.5613003031020001,0.22350012068999997,0.012700006858,0.213400115236,0.17270009325799998,0.17270009325799998,0.46480025099199995,0.048300026082,0.26920014536799997,0.137200074088,0.050800027432,0.231100124794,0.429300231822,0.109200058968,0.386100208494,0.203200109728,0.12950006993,0.03050001647,0.36320019612800003,0.20570011107800001,0.101600054864,,0.0,0.04218002277720001,0.12950006993,0.2472405590417447,0.226100122094,0.349250188595,0.4495602427624,0.624800337392,2023-05-04
05-05,5,5,0.28190015222599996,0.40390021810599996,0.055900030186,0.261600141264,0.546100294894,0.337800182412,0.109200058968,0.497800268812,0.1600000864,0.13460007268399998,0.015200008207999998,0.3200001728,0.3200001728,0.0,0.41150022221,0.228600123444,0.629900340146,0.30730016594200005,0.28960015638400005,0.431800233172,0.40890022080599997,0.058400031536,0.330200178308,0.0,0.231100124794,0.154900083646,0.5613003031020001,0.23880012895200003,0.020300010961999997,0.203200109728,0.15750008505,0.16760009050400002,0.472400255096,0.043200023328,0.25400013716000003,0.111800060372,0.050800027432,0.22350012068999997,0.398800215352,0.09650005211,0.38100020574,0.208300112482,0.12700006858000001,0.03050001647,0.368300198882,0.20570011107800001,0.086400046656,,0.0,0.038120020584800005,0.11050005967000001,0.24112991744412768,0.228600123444,0.353050190647,0.4480402419415999,0.629900340146,2023-05-05
05-06,5,6,0.276900149526,0.40390021810599996,0.053300028782,0.25650013851000003,0.553700298998,0.34540018651599996,0.09400005076,0.497800268812,0.14480007819200003,0.13210007133399998,0.015200008207999998,0.297200160488,0.294600159084,0.0,0.431800233172,0.215900116586,0.645200348408,0.28960015638400005,0.276900149526,0.429300231822,0.40890022080599997,0.03050001647,0.3150001701,0.0,0.23370012619799999,0.12950006993,0.566400305856,0.24380013165199996,0.012700006858,0.18800010152,0.137200074088,0.152400082296,0.44960024278399996,0.03300001782,0.241300130302,0.086400046656,0.050800027432,0.21080011383199998,0.37080020023200005,0.076200041148,0.37080020023200005,0.195600105624,0.111800060372,0.025400013716,0.373400201636,0.19050010287,0.09910005351399999,,0.0,0.028460015368400003,0.09655005213699999,0.23314267908846809,0.215900116586,0.358100193374,0.43892023701679994,0.645200348408,2023-05-06
05-07,5,7,0.26920014536799997,0.396200213948,0.03300001782,0.218400117936,0.5588003017519999,0.3480001879199999,0.08380004525200001,0.520700281178,0.12190006582599998,0.111800060372,0.0,0.261600141264,0.294600159084,0.0,0.44450024003,0.203200109728,0.6553003538619999,0.259100139914,0.26420014266799996,0.44200023868000005,0.40890022080599997,0.007600004103999999,0.297200160488,0.0,0.236200127548,0.106700057618,0.57150030861,0.24380013165199996,0.012700006858,0.170200091908,0.104100056214,0.13970007543799998,0.426700230418,0.020300010961999997,0.24380013165199996,0.076200041148,0.055900030186,0.198100106974,0.3480001879199999,0.050800027432,0.36580019753200005,0.18030009736199998,0.08130004390199999,0.017800009611999998,0.38100020574,0.203200109728,0.09400005076,,0.0,0.015760008510400002,0.08255004457699999,0.22400224862072343,0.203200109728,0.3480001879199999,0.44300023922000004,0.6553003538619999,2023-05-07
05-08,5,8,0.26420014266799996,0.396200213948,0.03300001782,0.215900116586,0.5588003017519999,0.358100193374,0.068600037044,0.54100029214,0.09910005351399999,0.11940006447600002,0.0,0.248900134406,0.294600159084,0.0,0.44450024003,0.18290009876600002,0.6553003538619999,0.231100124794,0.248900134406,0.439400237276,0.406400219456,0.0,0.276900149526,0.0,0.236200127548,0.078700042498,0.57400030996,0.228600123444,0.010200005508000001,0.152400082296,0.068600037044,0.12190006582599998,0.393700212598,0.020300010961999997,0.24380013165199996,0.073700039798,0.058400031536,0.198100106974,0.3150001701,0.022900012366000002,0.36580019753200005,0.165100089154,0.050800027432,0.007600004103999999,0.38100020574,0.203200109728,0.073700039798,,0.0,0.009160004946400001,0.068600037044,0.2154660737984255,0.203200109728,0.336550181737,0.4414402383776,0.6553003538619999,2023-05-08
05-09,5,9,0.26420014266799996,0.388600209844,0.03300001782,0.198100106974,0.5588003017519999,0.36070019477799997,0.045700024677999995,0.54100029214,0.08380004525200001,0.109200058968,0.0,0.23880012895200003,0.27940015087599995,0.0,0.44200023868000005,0.16760009050400002,0.6528003525120001,0.228600123444,0.23370012619799999,0.431800233172,0.396200213948,0.007600004103999999,0.25400013716000003,0.0,0.248900134406,0.050800027432,0.56900030726,0.21080011383199998,0.007600004103999999,0.14220007678799998,0.048300026082,0.104100056214,0.375900202986,0.015200008207999998,0.246400133056,0.06350003429000001,0.053300028782,0.203200109728,0.30730016594200005,0.0,0.368300198882,0.147300079542,0.022900012366000002,0.0,0.38100020574,0.213400115236,0.050800027432,,0.0,0.004560002462400004,0.049550026757,0.20735755878153192,0.203200109728,0.33400018036,0.4358802353752,0.6528003525120001,2023-05-09
05-10,5,10,0.271800146772,0.38350020709000004,0.053300028782,0.198100106974,0.5588003017519999,0.32510017555399995,0.045700024677999995,0.546100294894,0.068600037044,0.106700057618,0.0,0.22100011934000002,0.26670014401799996,0.0,0.43690023592599997,0.149900080946,0.6350003429000001,0.21080011383199998,0.215900116586,0.429300231822,0.398800215352,0.017800009611999998,0.236200127548,0.0,0.26420014266799996,0.017800009611999998,0.5639003045059999,0.20070010837799998,0.00250000135,0.137200074088,0.043200023328,0.088900048006,0.40390021810599996,0.010200005508000001,0.228600123444,0.06350003429000001,0.068600037044,0.213400115236,0.294600159084,0.0,0.373400201636,0.13210007133399998,0.012700006858,0.0,0.38100020574,0.21080011383199998,0.03050001647,,0.0,0.0015000008100000013,0.044450024002999994,0.2025043646714468,0.20070010837799998,0.30985016731899995,0.43234023346359995,0.6350003429000001,2023-05-10
05-11,5,11,0.274300148122,0.38350020709000004,0.038100020574,0.19300010422,0.5613003031020001,0.28960015638400005,0.06600003564,0.546100294894,0.053300028782,0.09140004935599999,0.0,0.195600105624,0.259100139914,0.0,0.42420022906800003,0.13460007268399998,0.6325003415499999,0.22350012068999997,0.198100106974,0.426700230418,0.406400219456,0.0,0.213400115236,0.0,0.274300148122,0.00250000135,0.5791003127139999,0.18800010152,0.0,0.12450006723,0.035600019223999996,0.076200041148,0.41400022355999994,0.005100002754000001,0.20570011107800001,0.06350003429000001,0.068600037044,0.215900116586,0.297200160488,0.0,0.38100020574,0.111800060372,0.010200005508000001,0.0,0.37080020023200005,0.21080011383199998,0.0,,0.0,0.0,0.036850019899,0.19671287218234043,0.19300010422,0.29340015843600004,0.425200229608,0.6325003415499999,2023-05-11
05-12,5,12,0.28700015498,0.393700212598,0.03300001782,0.20070010837799998,0.5613003031020001,0.25150013581,0.06600003564,0.546100294894,0.035600019223999996,0.055900030186,0.0,0.19300010422,0.246400133056,0.0,0.40390021810599996,0.109200058968,0.6325003415499999,0.20070010837799998,0.18290009876600002,0.41910022631399996,0.406400219456,0.0,0.19300010422,0.0,0.271800146772,0.0,0.594400320976,0.165100089154,0.0,0.104100056214,0.027900015065999997,0.09400005076,0.41400022355999994,0.00250000135,0.18540010011600003,0.058400031536,0.06100003294,0.215900116586,0.274300148122,0.015200008207999998,0.375900202986,0.09650005211,0.0,0.0,0.35050018927,0.203200109728,0.0,,0.0,0.0,0.030450016442999998,0.18995754938553192,0.18290009876600002,0.280650151551,0.41604022466159996,0.6325003415499999,2023-05-12
05-13,5,13,0.28190015222599996,0.41400022355999994,0.03300001782,0.208300112482,0.5613003031020001,0.22350012068999997,0.068600037044,0.54100029214,0.020300010961999997,0.038100020574,0.0,0.19300010422,0.236200127548,0.0,0.388600209844,0.09650005211,0.627400338796,0.17270009325799998,0.165100089154,0.41400022355999994,0.40130021670199995,0.0,0.16760009050400002,0.0,0.271800146772,0.0,0.596900322326,0.137200074088,0.0,0.076200041148,0.017800009611999998,0.09400005076,0.41150022221,0.0,0.154900083646,0.055900030186,0.048300026082,0.215900116586,0.22350012068999997,0.0,0.355600192024,0.076200041148,0.0,0.0,0.340400183816,0.18290009876600002,0.0,,0.0,0.0,0.019050010287,0.1810937148118298,0.154900083646,0.276850149499,0.41400022355999994,0.627400338796,2023-05-13
05-14,5,14,0.274300148122,0.42160022766399996,0.010200005508000001,0.208300112482,0.5613003031020001,0.208300112482,0.058400031536,0.54100029214,0.010200005508000001,0.012700006858,0.012700006858,0.18290009876600002,0.218400117936,0.0,0.37850020439,0.06600003564,0.619800334692,0.13970007543799998,0.149900080946,0.426700230418,0.40890022080599997,0.0,0.152400082296,0.0,0.26420014266799996,0.005100002754000001,0.596900322326,0.116800063072,0.0,0.076200041148,0.010200005508000001,0.09650005211,0.406400219456,0.0,0.12950006993,0.045700024677999995,0.043200023328,0.195600105624,0.23880012895200003,0.0,0.34290018516599996,0.055900030186,0.0,0.0,0.32770017695799997,0.152400082296,0.0,,0.0,0.0,0.010200005508000001,0.1737490299946383,0.12950006993,0.269250145395,0.4236402287656,0.619800334692,2023-05-14
05-15,5,15,0.259100139914,0.42160022766399996,0.0,0.208300112482,0.5613003031020001,0.19050010287,0.022900012366000002,0.535900289386,0.005100002754000001,0.0,0.022900012366000002,0.18540010011600003,0.21080011383199998,0.0,0.36070019477799997,0.025400013716,0.619800334692,0.106700057618,0.13210007133399998,0.42420022906800003,0.41910022631399996,0.0,0.12700006858000001,0.0,0.248900134406,0.0,0.589300318222,0.09140004935599999,0.0,0.06600003564,0.005100002754000001,0.106700057618,0.393700212598,0.0,0.104100056214,0.035600019223999996,0.055900030186,0.165100089154,0.203200109728,0.0,0.322600174204,0.045700024677999995,0.0,0.0,0.322600174204,0.12450006723,0.0,,0.0,0.0,0.0025500013770000003,0.16423838656102127,0.106700057618,0.25400013716000003,0.4226402282256,0.619800334692,2023-05-15
05-16,5,16,0.25400013716000003,0.426700230418,0.0,0.208300112482,0.5613003031020001,0.18290009876600002,0.0,0.528300285282,0.0,0.0,0.022900012366000002,0.18540010011600003,0.20070010837799998,0.0,0.3480001879199999,0.00250000135,0.591800319572,0.08130004390199999,0.114300061722,0.42160022766399996,0.42160022766399996,0.0,0.09650005211,0.0,0.241300130302,0.0,0.5588003017519999,0.06350003429000001,0.0,0.050800027432,0.0,0.106700057618,0.375900202986,0.0,0.086400046656,0.025400013716,0.06600003564,0.147300079542,0.18540010011600003,0.0,0.304800164592,0.03050001647,0.0,0.0,0.299700161838,0.109200058968,0.0,,0.0,0.0,0.0,0.15531497748706383,0.086400046656,0.24765013373100003,0.4236402287656,0.591800319572,2023-05-16
05-17,5,17,0.228600123444,0.429300231822,0.0,0.208300112482,0.5613003031020001,0.177800096012,0.0,0.528300285282,0.0,0.0,0.015200008207999998,0.17270009325799998,0.18800010152,0.0,0.335300181062,0.0,0.56900030726,0.050800027432,0.101600054864,0.41400022355999994,0.431800233172,0.0,0.06600003564,0.0,0.218400117936,0.0,0.54100029214,0.03050001647,0.0,0.038100020574,0.0,0.09910005351399999,0.36580019753200005,0.0,0.068600037044,0.020300010961999997,0.073700039798,0.13970007543799998,0.177800096012,0.0,0.292100157734,0.020300010961999997,0.0,0.0,0.276900149526,0.09400005076,0.0,,0.0,0.0,0.0,0.14753837754302127,0.068600037044,0.22350012069,0.430300232362,0.56900030726,2023-05-17
05-18,5,18,0.215900116586,0.429300231822,0.0,0.19050010287,0.5613003031020001,0.165100089154,0.0,0.523200282528,0.0,0.0,0.010200005508000001,0.14480007819200003,0.170200091908,0.0,0.312400168696,0.0,0.556300300402,0.022900012366000002,0.088900048006,0.398800215352,0.426700230418,0.0,0.053300028782,0.0,0.203200109728,0.0,0.5334002880359999,0.010200005508000001,0.0,0.027900015065999997,0.0,0.078700042498,0.368300198882,0.0,0.050800027432,0.012700006858,0.07110003839399999,0.147300079542,0.18540010011600003,0.0,0.28960015638400005,0.015200008207999998,0.0,0.0,0.259100139914,0.06100003294,0.0,,0.0,0.0,0.0,0.14007879904676596,0.053300028782,0.209550113157,0.4277402309796,0.5613003031020001,2023-05-18
05-19,5,19,0.19050010287,0.434300234522,0.0,0.175300094662,0.5613003031020001,0.14480007819200003,0.0,0.497800268812,0.00250000135,0.0,0.0,0.137200074088,0.154900083646,0.0,0.302300163242,0.0,0.523200282528,0.015200008207999998,0.076200041148,0.375900202986,0.398800215352,0.0,0.048300026082,0.0,0.18540010011600003,0.0,0.513100277074,0.0,0.0,0.020300010961999997,0.0,0.076200041148,0.398800215352,0.0,0.03050001647,0.0,0.07110003839399999,0.147300079542,0.18540010011600003,0.0,0.27940015087599995,0.0,0.0,0.0,0.23880012895200003,0.038100020574,0.0,,0.0,0.0,0.0,0.1324021991567234,0.038100020574,0.187950101493,0.41300022301999995,0.5613003031020001,2023-05-19
05-20,5,20,0.17270009325799998,0.431800233172,0.0,0.175300094662,0.599400323676,0.13210007133399998,0.0,0.46480025099199995,0.005100002754000001,0.0,0.0,0.12190006582599998,0.12700006858000001,0.0,0.28700015498,0.0,0.495300267462,0.005100002754000001,0.06100003294,0.358100193374,0.38100020574,0.0,0.012700006858,0.0,0.165100089154,0.0,0.47750025784999994,0.0,0.0,0.015200008207999998,0.0,0.06350003429000001,0.41150022221,0.0,0.0,0.0,0.088900048006,0.147300079542,0.19050010287,0.0,0.309900167346,0.0,0.0,0.0,0.22350012068999997,0.010200005508000001,0.0,,0.0,0.0,0.0,0.12624262136246808,0.012700006858,0.182900098766,0.41962022659479997,0.599400323676,2023-05-20
05-21,5,21,0.152400082296,0.431800233172,0.0,0.175300094662,0.60450032643,0.109200058968,0.0,0.439400237276,0.00250000135,0.0,0.0,0.106700057618,0.09650005211,0.0,0.27940015087599995,0.0,0.472400255096,0.00250000135,0.055900030186,0.3480001879199999,0.358100193374,0.0,0.0,0.0,0.13460007268399998,0.0,0.44450024003,0.0,0.0,0.010200005508000001,0.0,0.06350003429000001,0.41400022355999994,0.0,0.0,0.0,0.101600054864,0.13210007133399998,0.19050010287,0.0,0.312400168696,0.0,0.0,0.0,0.195600105624,0.0,0.0,,0.0,0.0,0.0,0.11986389451370211,0.00250000135,0.182900098766,0.42112022740479993,0.60450032643,2023-05-21
05-22,5,22,0.13210007133399998,0.42420022906800003,0.0,0.17270009325799998,0.596900322326,0.076200041148,0.0,0.42160022766399996,0.0,0.0,0.0,0.09140004935599999,0.068600037044,0.0,0.246400133056,0.0,0.457200246888,0.0,0.038100020574,0.3480001879199999,0.340400183816,0.0,0.0,0.0,0.104100056214,0.0,0.41910022631399996,0.0,0.0,0.00250000135,0.0,0.058400031536,0.41150022221,0.0,0.0,0.0,0.09400005076,0.12190006582599998,0.19050010287,0.0,0.32510017555399995,0.0,0.017800009611999998,0.0,0.16760009050400002,0.0,0.0,,0.0,0.0,0.0,0.11332559311068086,0.00250000135,0.170150091881,0.41454022385159994,0.596900322326,2023-05-22
05-23,5,23,0.09910005351399999,0.406400219456,0.0,0.16760009050400002,0.586700316818,0.050800027432,0.0,0.41400022355999994,0.0,0.0,0.0,0.06600003564,0.050800027432,0.0,0.241300130302,0.0,0.44960024278399996,0.0,0.017800009611999998,0.34540018651599996,0.3200001728,0.0,0.0,0.0,0.07110003839399999,0.0,0.388600209844,0.0,0.0,0.012700006858,0.0,0.050800027432,0.40390021810599996,0.0,0.0,0.0,0.101600054864,0.12700006858000001,0.170200091908,0.0,0.34540018651599996,0.0,0.017800009611999998,0.0,0.15750008505,0.0,0.0,,0.0,0.0,0.0,0.1077043134794468,0.012700006858,0.162550087777,0.39472021314879996,0.586700316818,2023-05-23
05-24,5,24,0.073700039798,0.396200213948,0.0,0.16260008780399998,0.57400030996,0.017800009611999998,0.0,0.386100208494,0.0,0.0,0.0,0.040600021923999995,0.043200023328,0.0,0.213400115236,0.0,0.46740025239599997,0.0,0.0,0.337800182412,0.27940015087599995,0.0,0.0,0.0,0.035600019223999996,0.0,0.358100193374,0.0,0.0,0.025400013716,0.0,0.053300028782,0.41910022631399996,0.0,0.0,0.0,0.101600054864,0.13210007133399998,0.137200074088,0.0,0.386100208494,0.0,0.020300010961999997,0.0,0.14480007819200003,0.0,0.0,,0.0,0.0,0.0,0.10225111904536172,0.0,0.14100007614,0.386100208494,0.57400030996,2023-05-24
05-25,5,25,0.06350003429000001,0.37080020023200005,0.0,0.1600000864,0.553700298998,0.0,0.0,0.36070019477799997,0.0,0.0,0.0,0.027900015065999997,0.027900015065999997,0.0,0.195600105624,0.0,0.497800268812,0.007600004103999999,0.010200005508000001,0.335300181062,0.246400133056,0.0,0.0,0.0,0.015200008207999998,0.0,0.335300181062,0.0,0.0,0.040600021923999995,0.0,0.045700024677999995,0.416600224964,0.0,0.0,0.0,0.09650005211,0.13210007133399998,0.09140004935599999,0.0,0.388600209844,0.0,0.0,0.0,0.13210007133399998,0.0,0.0,,0.0,0.0,0.0,0.0968404778257447,0.0,0.13210007133399998,0.36474019695959997,0.553700298998,2023-05-25
05-26,5,26,0.043200023328,0.36320019612800003,0.0,0.147300079542,0.535900289386,0.0,0.0,0.35310019067400006,0.005100002754000001,0.0,0.0,0.007600004103999999,0.017800009611999998,0.0,0.16260008780399998,0.0,0.5156002784239999,0.005100002754000001,0.010200005508000001,0.3150001701,0.226100122094,0.0,0.0,0.0,0.010200005508000001,0.0,0.322600174204,0.0,0.0,0.040600021923999995,0.0,0.025400013716,0.40390021810599996,0.0,0.0,0.0,0.09140004935599999,0.12190006582599998,0.078700042498,0.0,0.391200211248,0.0,0.0,0.0,0.114300061722,0.0,0.0,,0.0,0.0,0.0,0.09165962396425532,0.005100002754000001,0.11810006377399998,0.35714019285560006,0.535900289386,2023-05-26
05-27,5,27,0.015200008207999998,0.36320019612800003,0.0,0.111800060372,0.490200264708,0.0,0.0,0.34540018651599996,0.035600019223999996,0.0,0.0,0.0,0.025400013716,0.0,0.137200074088,0.0,0.523200282528,0.022900012366000002,0.03050001647,0.304800164592,0.19300010422,0.0,0.0,0.0,0.00250000135,0.0,0.294600159084,0.0,0.0,0.040600021923999995,0.0,0.012700006858,0.393700212598,0.0,0.0,0.0,0.09400005076,0.111800060372,0.06350003429000001,0.0,0.388600209844,0.0,0.0,0.0,0.114300061722,0.0,0.0,,0.0,0.0,0.0,0.0875468557859149,0.0,0.111800060372,0.35252019036079996,0.523200282528,2023-05-27
05-28,5,28,0.0,0.36070019477799997,0.0,0.086400046656,0.459700248238,0.0,0.0,0.309900167346,0.035600019223999996,0.0,0.0,0.0,0.012700006858,0.0,0.12700006858000001,0.0,0.5258002839320001,0.012700006858,0.012700006858,0.28960015638400005,0.17270009325799998,0.0,0.0,0.0,0.0,0.0,0.25400013716000003,0.0,0.0,0.050800027432,0.0,0.0,0.38350020709000004,0.0,0.0,0.0,0.078700042498,0.09910005351399999,0.03300001782,0.0,0.40890022080599997,0.0,0.0,0.0,0.101600054864,0.0,0.0,,0.0,0.0,0.0,0.08117238425859576,0.0,0.092750050085,0.3302201783187999,0.5258002839320001,2023-05-28
05-29,5,29,0.0,0.355600192024,0.0,0.076200041148,0.434300234522,0.0,0.0,0.26670014401799996,0.035600019223999996,0.0,0.0,0.0,0.012700006858,0.0,0.111800060372,0.0,0.5309002866860001,0.010200005508000001,0.0,0.26420014266799996,0.154900083646,0.0,0.0,0.0,0.0,0.0,0.213400115236,0.0,0.0,0.043200023328,0.0,0.0,0.386100208494,0.0,0.0,0.0,0.055900030186,0.086400046656,0.010200005508000001,0.0,0.41150022221,0.0,0.0,0.0,0.086400046656,0.0,0.0,,0.0,0.0,0.0,0.0754511045733617,0.0,0.08130004390199999,0.30226016322039984,0.5309002866860001,2023-05-29
05-30,5,30,0.0,0.340400183816,0.0,0.076200041148,0.396200213948,0.0,0.0,0.208300112482,0.035600019223999996,0.0,0.0,0.005100002754000001,0.0,0.0,0.08380004525200001,0.0,0.5334002880359999,0.010200005508000001,0.0,0.246400133056,0.14480007819200003,0.0,0.0,0.0,0.0,0.0,0.19300010422,0.0,0.0,0.03050001647,0.0,0.0,0.393700212598,0.0,0.0,0.0,0.050800027432,0.07110003839399999,0.0,0.0,0.40890022080599997,0.0,0.0,0.0,0.055900030186,0.0,0.0,,0.0,0.0,0.0,0.06987876113876595,0.0,0.06350003429,0.2840001533599999,0.5334002880359999,2023-05-30
05-31,5,31,0.0,0.32770017695799997,0.0,0.035600019223999996,0.36320019612800003,0.0,0.0,0.149900080946,0.017800009611999998,0.0,0.0,0.012700006858,0.012700006858,0.0,0.055900030186,0.0,0.513100277074,0.0,0.0,0.215900116586,0.116800063072,0.0,0.0,0.0,0.0,0.0,0.18290009876600002,0.0,0.0,0.020300010961999997,0.0,0.0,0.398800215352,0.0,0.0,0.0,0.025400013716,0.055900030186,0.0,0.0,0.416600224964,0.0,0.0,0.0,0.027900015065999997,0.0,0.0,,0.0,0.0,0.0,0.06274684239391488,0.0,0.031750017145,0.26062014073479983,0.513100277074,2023-05-31
06-01,6,1,0.0,0.31750017145000003,0.0,0.0,0.36320019612800003,0.0,0.0,0.086400046656,0.0,0.0,0.0,0.015200008207999998,0.027900015065999997,0.0,0.020300010961999997,0.0,0.48770026335800004,0.0,0.0,0.19050010287,0.09910005351399999,0.0,0.0,0.0,0.0,0.0,0.15750008505,0.0,0.0,0.00250000135,0.0,0.0,0.388600209844,0.0,0.0,0.0,0.0,0.035600019223999996,0.0,0.0,0.41150022221,0.0,0.0,0.0,0.005100002754000001,0.0,0.0,,0.0,0.0,0.0,0.05550215763072341,0.0,0.017750009584999997,0.24130013030199982,0.48770026335800004,2023-06-01
06-02,6,2,0.0,0.3150001701,0.0,0.0,0.36320019612800003,0.0,0.0,0.015200008207999998,0.0,0.0,0.0,0.022900012366000002,0.03050001647,0.0,0.0,0.0,0.469900253746,0.0,0.0,0.15750008505,0.076200041148,0.0,0.0,0.0,0.0,0.0,0.12950006993,0.0,0.0,0.0,0.0,0.0,0.36070019477799997,0.0,0.0,0.0,0.0,0.022900012366000002,0.0,0.0,0.398800215352,0.0,0.0,0.0,0.0,0.0,0.0,,0.0,0.0,0.0,0.05026172926897873,0.0,0.007600004103999999,0.22050011906999978,0.469900253746,2023-06-02
06-03,6,3,0.0,0.304800164592,0.0,0.0,0.36320019612800003,0.0,0.0,0.0,0.0,0.0,0.0,0.007600004103999999,0.025400013716,0.0,0.0,0.0,0.469900253746,0.0,0.0,0.12190006582599998,0.104100056214,0.0,0.0,0.0,0.0,0.0,0.104100056214,0.0,0.0,0.0,0.0,0.0,0.34290018516599996,0.0,0.0,0.0,0.0,0.012700006858,0.0,0.0,0.375900202986,0.0,0.0,0.0,0.0,0.0,0.0,,0.0,0.0,0.0,0.04750002564999999,0.0,0.0,0.1950601053323997,0.469900253746,2023-06-03
06-04,6,4,0.0,0.28450015363,0.0,0.0,0.36320019612800003,0.0,0.0,0.0,0.0,0.0,0.0,0.0,0.010200005508000001,0.0,0.0,0.0,0.48510026195399997,0.0,0.0,0.09650005211,0.101600054864,0.0,0.0,0.0,0.0,0.0,0.09400005076,0.0,0.0,0.0,0.0,0.0,0.32510017555399995,0.0,0.0,0.0,0.0,0.007600004103999999,0.0,0.0,0.358100193374,0.0,0.0,0.0,0.0,0.0,0.0,,0.0,0.0,0.0,0.045231939318851055,0.0,0.0,0.17476009437039974,0.48510026195399997,2023-06-04
06-05,6,5,0.0,0.276900149526,0.0,0.0,0.35310019067400006,0.0,0.0,0.0,0.0,0.0,0.0,0.0,0.0,0.0,0.0,0.0,0.472400255096,0.0,0.0,0.078700042498,0.106700057618,0.0,0.0,0.0,0.0,0.0,0.08380004525200001,0.0,0.0,0.0,0.0,0.0,0.297200160488,0.0,0.0,0.0,0.0,0.0,0.0,0.0,0.34540018651599996,0.0,0.0,0.0,0.0,0.0,0.0,,0.0,0.0,0.0,0.04285534229080851,0.0,0.0,0.17478009438119976,0.472400255096,2023-06-05
06-06,6,6,0.0,0.261600141264,0.0,0.0,0.337800182412,0.0,0.0,0.0,0.0,0.0,0.0,0.0,0.0,0.0,0.0,0.0,0.44960024278399996,0.0,0.0,0.068600037044,0.111800060372,0.0,0.0,0.0,0.0,0.0,0.058400031536,0.0,0.0,0.0,0.0,0.0,0.25650013851000003,0.0,0.0,0.0,0.0,0.0,0.0,0.0,0.322600174204,0.0,0.0,0.0,0.0,0.0,0.0,,0.0,0.0,0.0,0.03972129804523404,0.0,0.0,0.1696800916271998,0.44960024278399996,2023-06-06
06-07,6,7,0.0,0.241300130302,0.0,0.0,0.3200001728,0.0,0.0,0.0,0.0,0.0,0.0,0.0,0.0,0.0,0.0,0.0,0.429300231822,0.0,0.0,0.053300028782,0.104100056214,0.0,0.0,0.0,0.0,0.0,0.035600019223999996,0.0,0.0,0.0,0.0,0.0,0.226100122094,0.0,0.0,0.0,0.0,0.0,0.0,0.0,0.302300163242,0.0,0.0,0.0,0.0,0.0,0.0,,0.0,0.0,0.0,0.036425551584680846,0.0,0.0,0.15290008256599982,0.429300231822,2023-06-07
06-08,6,8,0.0,0.226100122094,0.0,0.0,0.302300163242,0.0,0.0,0.0,0.0,0.0,0.0,0.0,0.0,0.0,0.0,0.0,0.434300234522,0.0,0.0,0.035600019223999996,0.086400046656,0.0,0.0,0.0,0.0,0.0,0.010200005508000001,0.0,0.0,0.0,0.0,0.0,0.195600105624,0.0,0.0,0.0,0.0,0.0,0.0,0.0,0.27940015087599995,0.017800009611999998,0.0,0.0,0.0,0.0,0.0,,0.0,0.0,0.0,0.03378086930548936,0.0,0.0,0.13008007024319984,0.434300234522,2023-06-08
06-09,6,9,0.0,0.20070010837799998,0.0,0.0,0.299700161838,0.0,0.0,0.0,0.0,0.0,0.0,0.0,0.0,0.0,0.0,0.0,0.462300249642,0.0,0.0,0.022900012366000002,0.050800027432,0.0,0.0,0.0,0.0,0.0,0.007600004103999999,0.0,0.0,0.0,0.0,0.0,0.175300094662,0.0,0.0,0.0,0.0,0.0,0.0,0.0,0.26670014401799996,0.020300010961999997,0.0,0.0,0.0,0.0,0.0,,0.0,0.0,0.0,0.032048953476638296,0.0,0.0,0.10060005432399982,0.462300249642,2023-06-09
06-10,6,10,0.0,0.175300094662,0.0,0.0,0.274300148122,0.0,0.0,0.0,0.0,0.0,0.0,0.0,0.0,0.0,0.0,0.0,0.469900253746,0.0,0.0,0.022900012366000002,0.03050001647,0.0,0.0,0.0,0.0,0.0,0.0,0.0,0.0,0.0,0.0,0.0,0.15750008505,0.0,0.0,0.0,0.0,0.0,0.0,0.0,0.25150013581,0.03050001647,0.0,0.0,0.0,0.0,0.0,,0.0,0.0,0.0,0.030051080057361703,0.0,0.0,0.08130004390199981,0.469900253746,2023-06-10
06-11,6,11,0.0,0.15750008505,0.0,0.0,0.25650013851000003,0.0,0.0,0.0,0.0,0.0,0.0,0.0,0.0,0.0,0.0,0.0,0.46480025099199995,0.0,0.0,0.025400013716,0.020300010961999997,0.0,0.0,0.0,0.0,0.0,0.0,0.0,0.0,0.0,0.0,0.0,0.12950006993,0.0,0.0,0.0,0.0,0.0,0.0,0.0,0.22350012068999997,0.012700006858,0.0,0.0,0.0,0.0,0.0,,0.0,0.0,0.0,0.027451078653361702,0.0,0.0,0.06704003620159985,0.46480025099199995,2023-06-11
06-12,6,12,0.0,0.104100056214,0.0,0.0,0.24380013165199996,0.0,0.0,0.0,0.0,0.0,0.0,0.0,0.0,0.0,0.0,0.0,0.434300234522,0.0,0.0,0.0,0.0,0.0,0.0,0.0,0.0,0.0,0.0,0.0,0.0,0.0,0.020300010961999997,0.0,0.09910005351399999,0.0,0.0,0.0,0.0,0.0,0.0,0.0,0.18800010152,0.0,0.0,0.0,0.0,0.0,0.0,,0.0,0.0,0.0,0.023182991242212767,0.0,0.0,0.051820027982799874,0.434300234522,2023-06-12
06-13,6,13,0.0,0.068600037044,0.0,0.0,0.228600123444,0.0,0.0,0.0,0.0,0.0,0.0,0.0,0.0,0.0,0.0,0.0,0.396200213948,0.0,0.0,0.0,0.0,0.0,0.0,0.0,0.0,0.0,0.0,0.0,0.0,0.0,0.0,0.0,0.073700039798,0.0,0.0,0.0,0.0,0.0,0.0,0.0,0.152400082296,0.0,0.0,0.0,0.0,0.0,0.0,,0.0,0.0,0.0,0.019563840351702128,0.0,0.0,0.027440014817599903,0.396200213948,2023-06-13
06-14,6,14,0.0,0.025400013716,0.0,0.0,0.213400115236,0.0,0.0,0.0,0.0,0.0,0.0,0.0,0.0,0.0,0.0,0.0,0.358100193374,0.0,0.0,0.0,0.0,0.0,0.0,0.0,0.0,0.0,0.0,0.0,0.0,0.0,0.0,0.0,0.050800027432,0.0,0.0,0.0,0.0,0.0,0.0,0.0,0.12700006858000001,0.0,0.0,0.0,0.0,0.0,0.0,,0.0,0.0,0.0,0.016482987624212766,0.0,0.0,0.010160005486399965,0.358100193374,2023-06-14
06-15,6,15,0.0,0.0,0.0,0.0,0.1600000864,0.0,0.0,0.0,0.0,0.0,0.0,0.0,0.0,0.0,0.0,0.0,0.32510017555399995,0.0,0.0,0.0,0.0,0.0,0.0,0.0,0.0,0.0,0.0,0.0,0.0,0.0,0.0,0.0,0.012700006858,0.0,0.0,0.0,0.0,0.0,0.0,0.0,0.106700057618,0.0,0.0,0.0,0.0,0.0,0.0,,0.0,0.0,0.0,0.012861709072978723,0.0,0.0,0.0,0.32510017555399995,2023-06-15
06-16,6,16,0.0,0.0,0.0,0.0,0.12190006582599998,0.0,0.0,0.0,0.0,0.0,0.0,0.0,0.0,0.0,0.0,0.0,0.299700161838,0.0,0.0,0.0,0.0,0.0,0.0,0.0,0.0,0.0,0.0,0.0,0.0,0.0,0.0,0.0,0.0,0.0,0.0,0.0,0.0,0.0,0.0,0.0,0.08130004390199999,0.0,0.0,0.0,0.0,0.0,0.0,,0.0,0.0,0.0,0.010700005778000002,0.0,0.0,0.0,0.299700161838,2023-06-16
06-17,6,17,0.0,0.0,0.0,0.0,0.076200041148,0.0,0.0,0.0,0.0,0.0,0.0,0.0,0.0,0.0,0.0,0.0,0.299700161838,0.0,0.0,0.012700006858,0.0,0.0,0.0,0.0,0.0,0.0,0.0,0.0,0.0,0.0,0.0,0.0,0.0,0.0,0.0,0.0,0.0,0.0,0.0,0.0,0.058400031536,0.0,0.0,0.0,0.0,0.0,0.0,,0.0,0.0,0.0,0.009510643433617022,0.0,0.0,0.0,0.299700161838,2023-06-17
06-18,6,18,0.0,0.0,0.0,0.0,0.027900015065999997,0.0,0.0,0.0,0.0,0.0,0.0,0.0,0.0,0.0,0.0,0.0,0.32510017555399995,0.0,0.0,0.017800009611999998,0.0,0.0,0.0,0.0,0.0,0.0,0.0,0.0,0.0,0.0,0.0,0.0,0.0,0.0,0.0,0.0,0.0,0.0,0.0,0.0,0.043200023328,0.0,0.0,0.0,0.0,0.0,0.0,,0.0,0.0,0.0,0.008808515394893615,0.0,0.0,0.0,0.32510017555399995,2023-06-18
06-19,6,19,0.0,0.0,0.0,0.0,0.0,0.0,0.0,0.0,0.0,0.0,0.0,0.0,0.0,0.0,0.0,0.0,0.312400168696,0.0,0.0,0.00250000135,0.0,0.0,0.0,0.0,0.0,0.0,0.0,0.0,0.0,0.0,0.0,0.0,0.0,0.0,0.0,0.0,0.0,0.0,0.0,0.0,0.027900015065999997,0.0,0.0,0.0,0.0,0.0,0.0,,0.0,0.0,0.0,0.0072936209598297875,0.0,0.0,0.0,0.312400168696,2023-06-19
06-20,6,20,0.0,0.0,0.0,0.0,0.0,0.0,0.0,0.0,0.0,0.0,0.0,0.0,0.0,0.0,0.0,0.0,0.28700015498,0.0,0.0,0.0,0.0,0.0,0.0,0.0,0.0,0.0,0.0,0.0,0.0,0.0,0.0,0.0,0.0,0.0,0.0,0.0,0.0,0.0,0.0,0.0,0.0,0.0,0.0,0.0,0.0,0.0,0.0,,0.0,0.0,0.0,0.006106386276170213,0.0,0.0,0.0,0.28700015498,2023-06-20
06-21,6,21,0.0,0.0,0.0,0.0,0.0,0.0,0.0,0.0,0.0,0.0,0.0,0.0,0.0,0.0,0.0,0.0,0.24380013165199996,0.0,0.0,0.0,0.0,0.0,0.0,0.0,0.0,0.0,0.0,0.0,0.0,0.0,0.0,0.0,0.0,0.0,0.0,0.0,0.0,0.0,0.0,0.0,0.0,0.0,0.0,0.0,0.0,0.0,0.0,,0.0,0.0,0.0,0.005187236843659573,0.0,0.0,0.0,0.24380013165199996,2023-06-21
06-22,6,22,0.0,0.0,0.0,0.0,0.0,0.0,0.0,0.0,0.0,0.0,0.0,0.0,0.0,0.0,0.0,0.0,0.215900116586,0.0,0.0,0.0,0.0,0.0,0.0,0.0,0.0,0.0,0.0,0.0,0.0,0.0,0.0,0.0,0.0,0.0,0.0,0.0,0.0,0.0,0.0,0.0,0.0,0.0,0.0,0.0,0.0,0.0,0.0,,0.0,0.0,0.0,0.004593619501829787,0.0,0.0,0.0,0.215900116586,2023-06-22
06-23,6,23,0.0,0.0,0.0,0.0,0.0,0.0,0.0,0.0,0.0,0.0,0.0,0.0,0.0,0.0,0.0,0.0,0.19050010287,0.0,0.0,0.0,0.0,0.0,0.0,0.0,0.0,0.0,0.0,0.0,0.0,0.0,0.0,0.0,0.0,0.0,0.0,0.0,0.0,0.0,0.0,0.0,0.0,0.0,0.0,0.0,0.0,0.0,0.0,,0.0,0.0,0.0,0.004053193678085106,0.0,0.0,0.0,0.19050010287,2023-06-23
06-24,6,24,0.0,0.0,0.0,0.0,0.0,0.0,0.0,0.0,0.0,0.0,0.0,0.0,0.0,0.0,0.0,0.0,0.16260008780399998,0.0,0.0,0.0,0.0,0.0,0.0,0.0,0.00250000135,0.0,0.0,0.0,0.0,0.0,0.0,0.0,0.0,0.0,0.0,0.0,0.0,0.0,0.0,0.0,0.0,0.0,0.0,0.0,0.0,0.0,0.0,,0.0,0.0,0.0,0.003512767854340425,0.0,0.0,0.0,0.16260008780399998,2023-06-24
06-25,6,25,0.0,0.0,0.0,0.0,0.0,0.0,0.0,0.0,0.0,0.0,0.0,0.0,0.0,0.0,0.0,0.0,0.12950006993,0.0,0.0,0.0,0.0,0.0,0.0,0.0,0.0,0.0,0.0,0.0,0.0,0.0,0.0,0.0,0.0,0.0,0.0,0.0,0.0,0.0,0.0,0.0,0.0,0.0,0.0,0.0,0.0,0.0,0.0,,0.0,0.0,0.0,0.0027553206368085103,0.0,0.0,0.0,0.12950006993,2023-06-25
06-26,6,26,0.0,0.0,0.0,0.0,0.0,0.0,0.0,0.0,0.0,0.0,0.0,0.0,0.0,0.0,0.0,0.0,0.088900048006,0.0,0.0,0.0,0.0,0.0,0.0,0.0,0.0,0.0,0.0,0.0,0.0,0.0,0.0,0.0,0.0,0.0,0.0,0.0,0.0,0.0,0.0,0.0,0.0,0.0,0.0,0.0,0.0,0.0,0.0,,0.0,0.0,0.0,0.001891490383106383,0.0,0.0,0.0,0.088900048006,2023-06-26
06-27,6,27,0.0,0.0,0.0,0.0,0.0,0.0,0.0,0.0,0.0,0.0,0.0,0.0,0.0,0.0,0.0,0.0,0.045700024677999995,0.0,0.0,0.0,0.0,0.0,0.0,0.0,0.0,0.0,0.0,0.0,0.0,0.0,0.0,0.0,0.0,0.0,0.0,0.0,0.0,0.0,0.0,0.0,0.0,0.0,0.0,0.0,0.0,0.0,0.0,,0.0,0.0,0.0,0.0009723409505957446,0.0,0.0,0.0,0.045700024677999995,2023-06-27
06-28,6,28,0.0,0.0,0.0,0.0,0.0,0.0,0.0,0.0,0.0,0.0,0.0,0.0,0.0,0.0,0.0,0.0,0.0,0.0,0.0,0.0,0.0,0.0,0.0,0.0,0.0,0.0,0.0,0.0,0.0,0.0,0.0,0.0,0.0,0.0,0.0,0.0,0.0,0.0,0.0,0.0,0.0,0.0,0.0,0.0,0.0,0.0,0.0,,0.0,0.0,0.0,0.0,0.0,0.0,0.0,0.0,2023-06-28
06-29,6,29,0.0,0.0,0.0,0.0,0.0,0.0,0.0,0.0,0.0,0.0,0.0,0.0,0.0,0.0,0.0,0.0,0.0,0.0,0.0,0.0,0.0,0.0,0.0,0.0,0.0,0.0,0.0,0.0,0.0,0.0,0.0,0.0,0.0,0.0,0.0,0.0,0.0,0.0,0.0,0.0,0.0,0.0,0.0,0.0,0.0,0.0,0.0,,0.0,0.0,0.0,0.0,0.0,0.0,0.0,0.0,2023-06-29
06-30,6,30,0.0,0.0,0.0,0.0,0.0,0.0,0.0,0.0,0.0,0.0,0.0,0.0,0.0,0.0,0.0,0.0,0.0,0.0,0.0,0.0,0.0,0.0,0.0,0.0,0.0,0.0,0.0,0.0,0.0,0.0,0.0,0.0,0.0,0.0,0.0,0.0,0.0,0.0,0.0,0.0,0.0,0.0,0.0,0.0,0.0,0.0,0.0,,0.0,0.0,0.0,0.0,0.0,0.0,0.0,0.0,2023-06-30
07-01,7,1,0.0,0.0,0.0,0.0,0.0,0.0,0.0,0.0,0.0,0.0,0.0,0.0,0.0,0.0,0.0,0.0,0.0,0.0,0.0,0.0,0.0,0.0,0.0,0.0,0.0,0.0,0.0,0.0,0.0,0.0,0.0,0.0,0.0,0.0,0.0,0.0,0.0,0.0,0.0,0.0,0.0,0.0,0.0,0.0,0.0,0.0,0.0,,0.0,0.0,0.0,0.0,0.0,0.0,0.0,0.0,2023-07-01
07-02,7,2,0.0,0.0,0.0,0.0,0.0,0.0,0.0,0.0,0.0,0.0,0.0,0.0,0.0,0.0,0.0,0.0,0.0,0.0,0.0,0.0,0.0,0.0,0.0,0.0,0.0,0.0,0.0,0.0,0.0,0.0,0.0,0.0,0.0,0.0,0.0,0.0,0.0,0.0,0.0,0.0,0.0,0.0,0.0,0.0,0.0,0.0,0.0,,0.0,0.0,0.0,0.0,0.0,0.0,0.0,0.0,2023-07-02
07-03,7,3,0.0,0.0,0.0,0.0,0.0,0.0,0.0,0.0,0.0,0.0,0.0,0.0,0.0,0.0,0.0,0.0,0.0,0.0,0.0,0.0,0.0,0.0,0.0,0.0,0.0,0.0,0.0,0.0,0.0,0.0,0.0,0.0,0.0,0.0,0.0,0.0,0.0,0.0,0.0,0.0,0.0,0.0,0.0,0.0,0.0,0.0,0.0,,0.0,0.0,0.0,0.0,0.0,0.0,0.0,0.0,2023-07-03
07-04,7,4,0.0,0.0,0.0,0.0,0.0,0.0,0.0,0.0,0.0,0.0,0.0,0.0,0.0,0.0,0.0,0.0,0.0,0.0,0.0,0.0,0.0,0.0,0.0,0.0,0.0,0.0,0.0,0.0,0.0,0.0,0.0,0.0,0.0,0.0,0.0,0.0,0.0,0.0,0.0,0.0,0.0,0.0,0.0,0.0,0.0,0.0,0.0,,0.0,0.0,0.0,0.0,0.0,0.0,0.0,0.0,2023-07-04
07-05,7,5,0.0,0.0,0.0,0.0,0.0,0.0,0.0,0.0,0.0,0.0,0.0,0.0,0.0,0.0,0.0,0.0,0.0,0.0,0.0,0.0,0.0,0.0,0.0,0.0,0.0,0.0,0.0,0.0,0.0,0.0,0.0,0.0,0.0,0.0,0.0,0.0,0.0,0.0,0.0,0.0,0.0,0.0,0.0,0.0,0.0,0.0,0.0,,0.0,0.0,0.0,0.0,0.0,0.0,0.0,0.0,2023-07-05
07-06,7,6,0.0,0.0,0.0,0.0,0.0,0.0,0.0,0.0,0.0,0.0,0.0,0.0,0.0,0.0,0.0,0.0,0.0,0.0,0.0,0.0,0.0,0.0,0.0,0.0,0.0,0.0,0.0,0.0,0.0,0.0,0.0,0.0,0.0,0.0,0.0,0.0,0.0,0.0,0.0,0.0,0.0,0.0,0.0,0.0,0.0,0.0,0.0,,0.0,0.0,0.0,0.0,0.0,0.0,0.0,0.0,2023-07-06
07-07,7,7,0.0,0.0,0.0,0.0,0.0,0.0,0.0,0.0,0.0,0.0,0.0,0.0,0.0,0.0,0.0,0.0,0.0,0.0,0.0,0.0,0.0,0.0,0.0,0.0,0.0,0.0,0.0,0.0,0.0,0.0,0.0,0.0,0.0,0.0,0.0,0.0,0.0,0.0,0.0,0.0,0.0,0.0,0.0,0.0,0.0,0.0,0.0,,0.0,0.0,0.0,0.0,0.0,0.0,0.0,0.0,2023-07-07
07-08,7,8,0.0,0.0,0.0,0.0,0.0,0.0,0.0,0.0,0.0,0.0,0.0,0.0,0.0,0.0,0.0,0.0,0.0,0.0,0.0,0.0,0.0,0.0,0.0,0.0,0.0,0.0,0.0,0.0,0.0,0.0,0.0,0.0,0.0,0.0,0.0,0.0,0.0,0.0,0.0,0.0,0.0,0.0,0.0,0.0,0.0,0.0,0.0,,0.0,0.0,0.0,0.0,0.0,0.0,0.0,0.0,2023-07-08
07-09,7,9,0.0,0.0,0.0,0.0,0.0,0.0,0.0,0.0,0.0,0.0,0.0,0.0,0.0,0.0,0.0,0.0,0.0,0.0,0.0,0.0,0.0,0.0,0.0,0.0,0.0,0.0,0.0,0.0,0.0,0.0,0.0,0.0,0.0,0.0,0.0,0.0,0.0,0.0,0.0,0.0,0.0,0.0,0.0,0.0,0.0,0.0,0.0,,0.0,0.0,0.0,0.0,0.0,0.0,0.0,0.0,2023-07-09
07-10,7,10,0.0,0.0,0.0,0.0,0.0,0.0,0.0,0.0,0.0,0.0,0.0,0.0,0.0,0.0,0.0,0.0,0.0,0.0,0.0,0.0,0.0,0.0,0.0,0.0,0.0,0.0,0.0,0.0,0.0,0.0,0.0,0.0,0.0,0.0,0.0,0.0,0.0,0.0,0.0,0.0,0.0,0.0,0.0,0.0,0.0,0.0,0.0,,0.0,0.0,0.0,0.0,0.0,0.0,0.0,0.0,2023-07-10
07-11,7,11,0.0,0.0,0.0,0.0,0.0,0.0,0.0,0.0,0.0,0.0,0.0,0.0,0.0,0.0,0.0,0.0,0.0,0.0,0.0,0.0,0.0,0.0,0.0,0.0,0.0,0.0,0.0,0.0,0.0,0.0,0.0,0.0,0.0,0.0,0.0,0.0,0.0,0.0,0.0,0.0,0.0,0.0,0.0,0.0,0.0,0.0,0.0,,0.0,0.0,0.0,0.0,0.0,0.0,0.0,0.0,2023-07-11
07-12,7,12,0.0,0.0,0.0,0.0,0.0,0.0,0.0,0.0,0.0,0.0,0.0,0.0,0.0,0.0,0.0,0.0,0.0,0.0,0.0,0.0,0.0,0.0,0.0,0.0,0.0,0.0,0.0,0.0,0.0,0.0,0.0,0.0,0.0,0.0,0.0,0.0,0.0,0.0,0.0,0.0,0.0,0.0,0.0,0.0,0.0,0.0,0.0,,0.0,0.0,0.0,0.0,0.0,0.0,0.0,0.0,2023-07-12
07-13,7,13,0.0,0.0,0.0,0.0,0.0,0.0,0.0,0.0,0.0,0.0,0.0,0.0,0.0,0.0,0.0,0.0,0.0,0.0,0.0,0.0,0.0,0.0,0.0,0.0,0.0,0.0,0.0,0.0,0.0,0.0,0.0,0.0,0.0,0.0,0.0,0.0,0.0,0.0,0.0,0.0,0.0,0.0,0.0,0.0,0.0,0.0,0.0,,0.0,0.0,0.0,0.0,0.0,0.0,0.0,0.0,2023-07-13
07-14,7,14,0.0,0.0,0.0,0.0,0.0,0.0,0.0,0.0,0.0,0.0,0.0,0.0,0.0,0.0,0.0,0.0,0.0,0.0,0.0,0.0,0.0,0.0,0.0,0.0,0.0,0.0,0.0,0.0,0.0,0.0,0.0,0.0,0.0,0.0,0.0,0.0,0.0,0.0,0.0,0.0,0.0,0.0,0.0,0.0,0.0,0.0,0.0,,0.0,0.0,0.0,0.0,0.0,0.0,0.0,0.0,2023-07-14
07-15,7,15,0.0,0.0,0.0,0.0,0.0,0.0,0.0,0.0,0.0,0.0,0.0,0.0,0.0,0.0,0.0,0.0,0.0,0.0,0.0,0.0,0.0,0.0,0.0,0.0,0.0,0.0,0.0,0.0,0.0,0.0,0.0,0.0,0.0,0.0,0.0,0.0,0.0,0.0,0.0,0.0,0.0,0.0,0.0,0.0,0.0,0.0,0.0,,0.0,0.0,0.0,0.0,0.0,0.0,0.0,0.0,2023-07-15
07-16,7,16,0.0,0.0,0.0,0.0,0.0,0.0,0.0,0.0,0.0,0.0,0.0,0.0,0.0,0.0,0.0,0.0,0.0,0.0,0.0,0.0,0.0,0.0,0.0,0.0,0.0,0.0,0.0,0.0,0.0,0.0,0.0,0.0,0.0,0.0,0.0,0.0,0.0,0.0,0.0,0.0,0.0,0.0,0.0,0.0,0.0,0.0,0.0,,0.0,0.0,0.0,0.0,0.0,0.0,0.0,0.0,2023-07-16
07-17,7,17,0.0,0.0,0.0,0.0,0.0,0.0,0.0,0.0,0.0,0.0,0.0,0.0,0.0,0.0,0.0,0.0,0.0,0.0,0.0,0.0,0.0,0.0,0.0,0.0,0.0,0.0,0.0,0.0,0.0,0.0,0.0,0.0,0.0,0.0,0.0,0.0,0.0,0.0,0.0,0.0,0.0,0.0,0.0,0.0,0.0,0.0,0.0,,0.0,0.0,0.0,0.0,0.0,0.0,0.0,0.0,2023-07-17
07-18,7,18,0.0,0.0,0.0,0.0,0.0,0.0,0.0,0.0,0.0,0.0,0.0,0.0,0.0,0.0,0.0,0.0,0.0,0.0,0.0,0.0,0.0,0.0,0.0,0.0,0.0,0.0,0.0,0.0,0.0,0.0,0.0,0.0,0.0,0.0,0.0,0.0,0.0,0.0,0.0,0.0,0.0,0.0,0.0,0.0,0.0,0.0,0.0,,0.0,0.0,0.0,0.0,0.0,0.0,0.0,0.0,2023-07-18
07-19,7,19,0.0,0.0,0.0,0.0,0.0,0.0,0.0,0.0,0.0,0.0,0.0,0.0,0.0,0.0,0.0,0.0,0.0,0.0,0.0,0.0,0.0,0.0,0.0,0.0,0.0,0.0,0.0,0.0,0.0,0.0,0.0,0.0,0.0,0.0,0.0,0.0,0.0,0.0,0.0,0.0,0.0,0.0,0.0,0.0,0.0,0.0,0.0,,0.0,0.0,0.0,0.0,0.0,0.0,0.0,0.0,2023-07-19
07-20,7,20,0.0,0.0,0.0,0.0,0.0,0.0,0.0,0.0,0.0,0.0,0.0,0.0,0.0,0.0,0.0,0.0,0.0,0.0,0.0,0.0,0.0,0.0,0.0,0.0,0.0,0.0,0.0,0.0,0.0,0.0,0.0,0.0,0.0,0.0,0.0,0.0,0.0,0.0,0.0,0.0,0.0,0.0,0.0,0.0,0.0,0.0,0.0,,0.0,0.0,0.0,0.0,0.0,0.0,0.0,0.0,2023-07-20
07-21,7,21,0.0,0.0,0.0,0.0,0.0,0.0,0.0,0.0,0.0,0.0,0.0,0.0,0.0,0.0,0.0,0.0,0.0,0.0,0.0,0.0,0.0,0.0,0.0,0.0,0.0,0.0,0.0,0.0,0.0,0.0,0.0,0.0,0.0,0.0,0.0,0.0,0.0,0.0,0.0,0.0,0.0,0.0,0.0,0.0,0.0,0.0,0.0,,0.0,0.0,0.0,0.0,0.0,0.0,0.0,0.0,2023-07-21
07-22,7,22,0.0,0.0,0.0,0.0,0.0,0.0,0.0,0.0,0.0,0.0,0.0,0.0,0.0,0.0,0.0,0.0,0.0,0.0,0.0,0.0,0.0,0.0,0.0,0.0,0.0,0.0,0.0,0.0,0.0,0.0,0.0,0.0,0.0,0.0,0.0,0.0,0.0,0.0,0.0,0.0,0.0,0.0,0.0,0.0,0.0,0.0,0.0,,0.0,0.0,0.0,0.0,0.0,0.0,0.0,0.0,2023-07-22
07-23,7,23,0.0,0.0,0.0,0.0,0.0,0.0,0.0,0.0,0.0,0.0,0.0,0.0,0.0,0.0,0.0,0.0,0.0,0.0,0.0,0.0,0.0,0.0,0.0,0.0,0.0,0.0,0.0,0.0,0.0,0.0,0.0,0.0,0.0,0.0,0.0,0.0,0.0,0.0,0.0,0.0,0.0,0.0,0.0,0.0,0.0,0.0,0.0,,0.0,0.0,0.0,0.0,0.0,0.0,0.0,0.0,2023-07-23
07-24,7,24,0.0,0.0,0.0,0.0,0.0,0.0,0.0,0.0,0.0,0.0,0.0,0.0,0.0,0.0,0.0,0.0,0.0,0.0,0.0,0.0,0.0,0.0,0.0,0.0,0.0,0.0,0.0,0.0,0.0,0.0,0.0,0.0,0.0,0.0,0.0,0.0,0.0,0.0,0.0,0.0,0.0,0.0,0.0,0.0,0.0,0.0,0.0,,0.0,0.0,0.0,0.0,0.0,0.0,0.0,0.0,2023-07-24
07-25,7,25,0.0,0.0,0.0,0.0,0.0,0.0,0.0,0.0,0.0,0.0,0.0,0.0,0.0,0.0,0.0,0.0,0.0,0.0,0.0,0.0,0.0,0.0,0.0,0.0,0.0,0.0,0.0,0.0,0.0,0.0,0.0,0.0,0.0,0.0,0.0,0.0,0.0,0.0,0.0,0.0,0.0,0.0,0.0,0.0,0.0,0.0,0.0,,0.0,0.0,0.0,0.0,0.0,0.0,0.0,0.0,2023-07-25
07-26,7,26,0.0,0.0,0.0,0.0,0.0,0.0,0.0,0.0,0.0,0.0,0.0,0.0,0.0,0.0,0.0,0.0,0.0,0.0,0.0,0.0,0.0,0.0,0.0,0.0,0.0,0.0,0.0,0.0,0.0,0.0,0.0,0.0,0.0,0.0,0.0,0.0,0.0,0.0,0.0,0.0,0.0,0.0,0.0,0.0,0.0,0.0,0.0,,0.0,0.0,0.0,0.0,0.0,0.0,0.0,0.0,2023-07-26
07-27,7,27,0.0,0.0,0.0,0.0,0.0,0.0,0.0,0.0,0.0,0.0,0.0,0.0,0.0,0.0,0.0,0.0,0.0,0.0,0.0,0.0,0.0,0.0,0.0,0.0,0.0,0.0,0.0,0.0,0.0,0.0,0.0,0.0,0.0,0.0,0.0,0.0,0.0,0.0,0.0,0.0,0.0,0.0,0.0,0.0,0.0,0.0,0.0,,0.0,0.0,0.0,0.0,0.0,0.0,0.0,0.0,2023-07-27
07-28,7,28,0.0,0.0,0.0,0.0,0.0,0.0,0.0,0.0,0.0,0.0,0.0,0.0,0.0,0.0,0.0,0.0,0.0,0.0,0.0,0.0,0.0,0.0,0.0,0.0,0.0,0.0,0.0,0.0,0.0,0.0,0.0,0.0,0.0,0.0,0.0,0.0,0.0,0.0,0.0,0.0,0.0,0.0,0.0,0.0,0.0,0.0,0.0,,0.0,0.0,0.0,0.0,0.0,0.0,0.0,0.0,2023-07-28
07-29,7,29,0.0,0.0,0.0,0.0,0.0,0.0,0.0,0.0,0.0,0.0,0.0,0.0,0.0,0.0,0.0,0.0,0.0,0.0,0.0,0.0,0.0,0.0,0.0,0.0,0.0,0.0,0.0,0.0,0.0,0.0,0.0,0.0,0.0,0.0,0.0,0.0,0.0,0.0,0.0,0.0,0.0,0.0,0.0,0.0,0.0,0.0,0.0,,0.0,0.0,0.0,0.0,0.0,0.0,0.0,0.0,2023-07-29
07-30,7,30,0.0,0.0,0.0,0.0,0.0,0.0,0.0,0.0,0.0,0.0,0.0,0.0,0.0,0.0,0.0,0.0,0.0,0.0,0.0,0.0,0.0,0.0,0.0,0.0,0.0,0.0,0.0,0.0,0.0,0.0,0.0,0.0,0.0,0.0,0.0,0.0,0.0,0.0,0.0,0.0,0.0,0.0,0.0,0.0,0.0,0.0,0.0,,0.0,0.0,0.0,0.0,0.0,0.0,0.0,0.0,2023-07-30
07-31,7,31,0.0,0.0,0.0,0.0,0.0,0.0,0.0,0.0,0.0,0.0,0.0,0.0,0.0,0.0,0.0,0.0,0.0,0.0,0.0,0.0,0.0,0.0,0.0,0.0,0.0,0.0,0.0,0.0,0.0,0.0,0.0,0.0,0.0,0.0,0.0,0.0,0.0,0.0,0.0,0.0,0.0,0.0,0.0,0.0,0.0,0.0,0.0,,0.0,0.0,0.0,0.0,0.0,0.0,0.0,0.0,2023-07-31
