M-D,M,D,1981_SWE_in,1982_SWE_in,1983_SWE_in,1984_SWE_in,1985_SWE_in,1986_SWE_in,1987_SWE_in,1988_SWE_in,1989_SWE_in,1990_SWE_in,1991_SWE_in,1992_SWE_in,1993_SWE_in,1994_SWE_in,1995_SWE_in,1996_SWE_in,1997_SWE_in,1998_SWE_in,1999_SWE_in,2000_SWE_in,2001_SWE_in,2002_SWE_in,2003_SWE_in,2004_SWE_in,2005_SWE_in,2006_SWE_in,2007_SWE_in,2008_SWE_in,2009_SWE_in,2010_SWE_in,2011_SWE_in,2012_SWE_in,2013_SWE_in,2014_SWE_in,2015_SWE_in,2016_SWE_in,2017_SWE_in,2018_SWE_in,2019_SWE_in,2020_SWE_in,2021_SWE_in,2022_SWE_in,2023_SWE_in,2024_SWE_in,2025_SWE_in,2026_SWE_in,min,Q10,Q25,mean,median,Q75,Q90,max,date
10-01,10,1,0.0,0.0,0.045700024677999995,0.0,0.0,0.005100002754000001,0.00250000135,0.0,0.0,0.0,0.0,0.0,0.0,0.0,0.0,0.0,0.0,0.0,0.0,0.0,0.0,0.0,0.012700006858,0.0,0.0,0.0,0.0,0.0,0.0,0.005100002754000001,0.0,0.0,0.0,0.0,0.0,0.0,0.0,0.0,0.0,0.0,0.0,0.0,0.0,0.0,0.0,0.0,0.0,0.0,0.0,0.0015456530085652175,0.0,0.0,0.001250000675,0.045700024677999995,2023-10-01
10-02,10,2,0.0,0.0,0.043200023328,0.0,0.0,0.005100002754000001,0.00250000135,0.0,0.0,0.0,0.0,0.0,0.0,0.0,0.0,0.0,0.0,0.0,0.0,0.0,0.0,0.0,0.03050001647,0.0,0.0,0.0,0.0,0.0,0.0,0.00250000135,0.0,0.0,0.0,0.0,0.0,0.0,0.0,0.0,0.0,0.0,0.0,0.0,0.0,0.0,0.0,0.0,0.0,0.0,0.0,0.0018217401141739128,0.0,0.0,0.001250000675,0.043200023328,2023-10-02
10-03,10,3,0.0,0.010200005508000001,0.040600021923999995,0.0,0.0,0.005100002754000001,0.00250000135,0.0,0.0,0.0,0.0,0.0,0.0,0.0,0.0,0.0,0.0,0.0,0.0,0.0,0.0,0.0,0.027900015065999997,0.0,0.0,0.0,0.0,0.0,0.0,0.0,0.0,0.0,0.0,0.0,0.0,0.0,0.0,0.0,0.0,0.0,0.0,0.0,0.0,0.0,0.0,0.0,0.0,0.0,0.0,0.0018760879696086957,0.0,0.0,0.001250000675,0.040600021923999995,2023-10-03
10-04,10,4,0.0,0.015200008207999998,0.038100020574,0.0,0.0,0.0,0.00250000135,0.0,0.0,0.0,0.0,0.0,0.0,0.0,0.010200005508000001,0.010200005508000001,0.0,0.0,0.015200008207999998,0.0,0.0,0.0,0.025400013716,0.0,0.0,0.0,0.0,0.0,0.0,0.0,0.0,0.0,0.0,0.0,0.0,0.0,0.0,0.0,0.0,0.0,0.0,0.0,0.0,0.0,0.0,0.0,0.0,0.0,0.0,0.0025391318059130434,0.0,0.0,0.010200005508000001,0.038100020574,2023-10-04
10-05,10,5,0.0,0.015200008207999998,0.038100020574,0.0,0.0,0.0,0.00250000135,0.0,0.0,0.0,0.0,0.0,0.0,0.0,0.007600004103999999,0.020300010961999997,0.0,0.0,0.022900012366000002,0.0,0.0,0.0,0.020300010961999997,0.0,0.0,0.0,0.0,0.0,0.0,0.007600004103999999,0.0,0.0,0.0,0.0,0.0,0.0,0.0,0.0,0.0,0.0,0.0,0.0,0.0,0.0,0.0,0.0,0.0,0.0,0.0,0.0029239146223913044,0.0,0.0,0.011400006155999998,0.038100020574,2023-10-05
10-06,10,6,0.0,0.015200008207999998,0.038100020574,0.0,0.0,0.0,0.00250000135,0.0,0.0,0.0,0.0,0.0,0.0,0.0,0.007600004103999999,0.020300010961999997,0.0,0.0,0.020300010961999997,0.0,0.0,0.0,0.012700006858,0.0,0.0,0.0,0.0,0.0,0.0,0.005100002754000001,0.0,0.0,0.0,0.0,0.0,0.0,0.0,0.0,0.0,0.0,0.0,0.0,0.0,0.0,0.0,0.0,0.0,0.0,0.0,0.0026478275167826086,0.0,0.0,0.010150005481,0.038100020574,2023-10-06
10-07,10,7,0.0,0.015200008207999998,0.038100020574,0.0,0.0,0.007600004103999999,0.00250000135,0.0,0.0,0.0,0.0,0.0,0.0,0.0,0.007600004103999999,0.020300010961999997,0.0,0.0,0.017800009611999998,0.0,0.0,0.0,0.00250000135,0.0,0.0,0.0,0.0,0.007600004103999999,0.0,0.005100002754000001,0.0,0.005100002754000001,0.0,0.0,0.0,0.0,0.0,0.0,0.0,0.0,0.0,0.0,0.0,0.0,0.0,0.0,0.0,0.0,0.0,0.002813044997304348,0.0,0.0,0.007600004103999999,0.038100020574,2023-10-07
10-08,10,8,0.0,0.015200008207999998,0.038100020574,0.0,0.0,0.017800009611999998,0.00250000135,0.0,0.0,0.0,0.0,0.0,0.0,0.0,0.007600004103999999,0.012700006858,0.0,0.007600004103999999,0.005100002754000001,0.0,0.0,0.0,0.0,0.0,0.0,0.0,0.0,0.00250000135,0.0,0.005100002754000001,0.0,0.012700006858,0.0,0.0,0.0,0.0,0.0,0.0,0.0,0.0,0.0,0.0,0.0,0.0,0.0,0.0,0.0,0.0,0.0,0.002758697141869565,0.0,0.0,0.010150005481,0.038100020574,2023-10-08
10-09,10,9,0.0,0.015200008207999998,0.038100020574,0.0,0.0,0.017800009611999998,0.00250000135,0.0,0.0,0.0,0.0,0.0,0.0,0.010200005508000001,0.0,0.0,0.0,0.0,0.0,0.0,0.0,0.005100002754000001,0.0,0.0,0.0,0.0,0.0,0.0,0.0,0.005100002754000001,0.0,0.022900012366000002,0.0,0.0,0.0,0.0,0.0,0.0,0.0,0.0,0.0,0.0,0.0,0.0,0.0,0.0,0.0,0.0,0.0,0.0025413057201304347,0.0,0.0,0.007650004131000001,0.038100020574,2023-10-09
10-10,10,10,0.0,0.022900012366000002,0.038100020574,0.0,0.0,0.017800009611999998,0.00250000135,0.0,0.0,0.0,0.0,0.0,0.0,0.010200005508000001,0.0,0.0,0.0,0.0,0.0,0.0,0.0,0.005100002754000001,0.0,0.0,0.0,0.0,0.0,0.0,0.0,0.005100002754000001,0.0,0.017800009611999998,0.0,0.0,0.0,0.0,0.0,0.0,0.0,0.0,0.0,0.0,0.0,0.0,0.0,0.0,0.0,0.0,0.0,0.0025978274897826086,0.0,0.0,0.007650004131000001,0.038100020574,2023-10-10
10-11,10,11,0.0,0.022900012366000002,0.038100020574,0.0,0.0,0.017800009611999998,0.005100002754000001,0.0,0.0,0.0,0.0,0.0,0.0,0.010200005508000001,0.0,0.0,0.0,0.0,0.0,0.0,0.00250000135,0.005100002754000001,0.0,0.0,0.0,0.0,0.0,0.0,0.0,0.00250000135,0.0,0.020300010961999997,0.0,0.0,0.0,0.0,0.0,0.0,0.00250000135,0.0,0.0,0.0,0.0,0.0,0.0,0.0,0.0,0.0,0.0,0.002760871056086957,0.0,0.0,0.007650004131000001,0.038100020574,2023-10-11
10-12,10,12,0.0,0.022900012366000002,0.040600021923999995,0.0,0.00250000135,0.015200008207999998,0.005100002754000001,0.0,0.0,0.0,0.0,0.0,0.0,0.012700006858,0.0,0.0,0.0,0.012700006858,0.0,0.0,0.015200008207999998,0.007600004103999999,0.0,0.0,0.0,0.0,0.0,0.0,0.012700006858,0.00250000135,0.0,0.012700006858,0.0,0.0,0.0,0.0,0.0,0.0,0.0,0.0,0.0,0.0,0.0,0.0,0.0,0.0,0.0,0.0,0.0,0.0035304366890434786,0.0,0.0018750010125,0.012700006858,0.040600021923999995,2023-10-12
10-13,10,13,0.0,0.022900012366000002,0.040600021923999995,0.0,0.0,0.017800009611999998,0.005100002754000001,0.0,0.0,0.0,0.0,0.0,0.0,0.012700006858,0.0,0.0,0.0,0.015200008207999998,0.0,0.0,0.012700006858,0.007600004103999999,0.0,0.0,0.0,0.0,0.0,0.0,0.012700006858,0.0,0.0,0.007600004103999999,0.0,0.0,0.0,0.0,0.0,0.0,0.0,0.0,0.0,0.0,0.0,0.010200005508000001,0.0,0.0,0.0,0.0,0.0,0.003589132372913043,0.0,0.0,0.012700006858,0.040600021923999995,2023-10-13
10-14,10,14,0.0,0.022900012366000002,0.040600021923999995,0.0,0.00250000135,0.015200008207999998,0.005100002754000001,0.0,0.0,0.0,0.0,0.0,0.0,0.012700006858,0.0,0.0,0.0,0.015200008207999998,0.0,0.0,0.012700006858,0.005100002754000001,0.0,0.0,0.0,0.0,0.0,0.0,0.012700006858,0.0,0.0,0.0,0.0,0.010200005508000001,0.0,0.0,0.0,0.0,0.0,0.0,0.0,0.0,0.0,0.0,0.0,0.0,0.0,0.0,0.0,0.0033673931227391303,0.0,0.0,0.012700006858,0.040600021923999995,2023-10-14
10-15,10,15,0.0,0.022900012366000002,0.03300001782,0.0,0.005100002754000001,0.015200008207999998,0.005100002754000001,0.0,0.0,0.0,0.0,0.0,0.0,0.015200008207999998,0.00250000135,0.0,0.0,0.007600004103999999,0.0,0.0,0.012700006858,0.0,0.0,0.0,0.0,0.0,0.0,0.0,0.012700006858,0.0,0.0,0.0,0.0,0.017800009611999998,0.0,0.0,0.0,0.0,0.0,0.0,0.0,0.00250000135,0.0,0.0,0.0,0.0,0.0,0.0,0.0,0.003310871353086956,0.0,0.0018750010125,0.013950007532999999,0.03300001782,2023-10-15
10-16,10,16,0.0,0.027900015065999997,0.03300001782,0.0,0.007600004103999999,0.015200008207999998,0.005100002754000001,0.0,0.0,0.0,0.0,0.0,0.0,0.020300010961999997,0.007600004103999999,0.0,0.0,0.0,0.017800009611999998,0.0,0.007600004103999999,0.0,0.0,0.0,0.0,0.0,0.0,0.0,0.007600004103999999,0.0,0.0,0.0,0.0,0.017800009611999998,0.0,0.0,0.0,0.0,0.0,0.0,0.0,0.0,0.0,0.0,0.0,0.0,0.0,0.0,0.0,0.0036413063141304343,0.0,0.0,0.01650000891,0.03300001782,2023-10-16
10-17,10,17,0.0,0.040600021923999995,0.020300010961999997,0.0,0.015200008207999998,0.015200008207999998,0.005100002754000001,0.0,0.0,0.0,0.010200005508000001,0.0,0.0,0.020300010961999997,0.010200005508000001,0.0,0.0,0.0,0.03050001647,0.0,0.007600004103999999,0.0,0.0,0.0,0.0,0.0,0.010200005508000001,0.0,0.0,0.0,0.0,0.0,0.0,0.017800009611999998,0.0,0.0,0.0,0.0,0.0,0.0,0.0,0.0,0.0,0.0,0.0,0.015200008207999998,0.0,0.0,0.0,0.0047478286507826074,0.0,0.006975003766499999,0.01650000891,0.040600021923999995,2023-10-17
10-18,10,18,0.0,0.038100020574,0.015200008207999998,0.0,0.027900015065999997,0.012700006858,0.005100002754000001,0.0,0.0,0.0,0.010200005508000001,0.0,0.0,0.03050001647,0.027900015065999997,0.0,0.0,0.0,0.03050001647,0.0,0.007600004103999999,0.0,0.0,0.0,0.0,0.0,0.015200008207999998,0.007600004103999999,0.0,0.0,0.0,0.0,0.0,0.017800009611999998,0.0,0.0,0.00250000135,0.0,0.0,0.0,0.0,0.0,0.0,0.0,0.005100002754000001,0.012700006858,0.0,0.0,0.0,0.0057956553035652175,0.0,0.007600004103999999,0.022850012338999998,0.038100020574,2023-10-18
10-19,10,19,0.0,0.038100020574,0.010200005508000001,0.0,0.03300001782,0.007600004103999999,0.015200008207999998,0.0,0.0,0.0,0.010200005508000001,0.0,0.0,0.03050001647,0.03300001782,0.0,0.0,0.0,0.03050001647,0.0,0.007600004103999999,0.0,0.0,0.0,0.007600004103999999,0.0,0.015200008207999998,0.0,0.0,0.0,0.0,0.0,0.0,0.017800009611999998,0.0,0.0,0.005100002754000001,0.0,0.0,0.0,0.0,0.010200005508000001,0.0,0.0,0.012700006858,0.0,0.0,0.0,0.0,0.00618478594847826,0.0,0.009550005157,0.024150013041,0.038100020574,2023-10-19
10-20,10,20,0.0,0.038100020574,0.005100002754000001,0.0,0.03300001782,0.007600004103999999,0.022900012366000002,0.0,0.0,0.0,0.020300010961999997,0.0,0.0,0.03050001647,0.03300001782,0.0,0.007600004103999999,0.0,0.03050001647,0.0,0.007600004103999999,0.0,0.0,0.0,0.010200005508000001,0.0,0.015200008207999998,0.0,0.0,0.0,0.0,0.0,0.0,0.015200008207999998,0.0,0.0,0.005100002754000001,0.0,0.0,0.012700006858,0.0,0.015200008207999998,0.0,0.0,0.005100002754000001,0.0,0.0,0.0,0.0,0.006845655870565218,0.0,0.009550005157,0.026700014418,0.038100020574,2023-10-20
10-21,10,21,0.0,0.038100020574,0.0,0.0,0.03300001782,0.007600004103999999,0.022900012366000002,0.0,0.0,0.0,0.020300010961999997,0.0,0.0,0.03050001647,0.03300001782,0.0,0.017800009611999998,0.0,0.03050001647,0.0,0.007600004103999999,0.0,0.0,0.0,0.015200008207999998,0.0,0.020300010961999997,0.012700006858,0.0,0.0,0.0,0.0,0.0,0.010200005508000001,0.0,0.0,0.0,0.0,0.0,0.012700006858,0.0,0.007600004103999999,0.0,0.0,0.005100002754000001,0.0,0.0,0.0,0.0,0.00706739512073913,0.0,0.0120750065205,0.026700014418,0.038100020574,2023-10-21
10-22,10,22,0.0,0.038100020574,0.0,0.0,0.038100020574,0.010200005508000001,0.022900012366000002,0.0,0.0,0.0,0.020300010961999997,0.0,0.0,0.03050001647,0.03300001782,0.012700006858,0.017800009611999998,0.0,0.03050001647,0.0,0.012700006858,0.0,0.0,0.0,0.027900015065999997,0.0,0.020300010961999997,0.012700006858,0.0,0.0,0.0,0.0,0.0,0.010200005508000001,0.0,0.0,0.0,0.0,0.0,0.020300010961999997,0.0,0.0,0.0,0.0,0.0,0.0,0.0,0.0,0.0,0.0077869607266956515,0.0,0.012700006858,0.029200015768,0.038100020574,2023-10-22
10-23,10,23,0.0,0.027900015065999997,0.0,0.0,0.038100020574,0.012700006858,0.027900015065999997,0.0,0.0,0.0,0.020300010961999997,0.0,0.0,0.03300001782,0.03300001782,0.027900015065999997,0.017800009611999998,0.0,0.03050001647,0.0,0.012700006858,0.0,0.012700006858,0.0,0.035600019223999996,0.0,0.020300010961999997,0.012700006858,0.0,0.0,0.0,0.0,0.0,0.005100002754000001,0.0,0.0,0.0,0.0,0.0,0.020300010961999997,0.0,0.0,0.015200008207999998,0.0,0.0,0.0,0.0,0.0,0.0,0.008776091695608695,0.0,0.017150009260999997,0.029200015768,0.038100020574,2023-10-23
10-24,10,24,0.0,0.027900015065999997,0.0,0.0,0.038100020574,0.012700006858,0.025400013716,0.0,0.0,0.0,0.020300010961999997,0.015200008207999998,0.0,0.025400013716,0.03300001782,0.027900015065999997,0.020300010961999997,0.005100002754000001,0.03050001647,0.0,0.012700006858,0.00250000135,0.020300010961999997,0.0,0.038100020574,0.0,0.017800009611999998,0.00250000135,0.0,0.0,0.0,0.0,0.00250000135,0.0,0.0,0.0,0.0,0.0,0.0,0.020300010961999997,0.0,0.0,0.017800009611999998,0.0,0.0,0.0,0.0,0.0,0.0,0.009050004887,0.0,0.019675010624499997,0.027900015065999997,0.038100020574,2023-10-24
10-25,10,25,0.0,0.027900015065999997,0.0,0.0,0.038100020574,0.012700006858,0.025400013716,0.0,0.0,0.0,0.020300010961999997,0.015200008207999998,0.0,0.020300010961999997,0.03300001782,0.027900015065999997,0.020300010961999997,0.020300010961999997,0.03050001647,0.0,0.010200005508000001,0.0,0.022900012366000002,0.0,0.040600021923999995,0.0,0.007600004103999999,0.0,0.0,0.0,0.0,0.0,0.00250000135,0.0,0.0,0.0,0.0,0.0,0.0,0.017800009611999998,0.00250000135,0.0,0.017800009611999998,0.0,0.0,0.0,0.0,0.0,0.0,0.008995657031565218,0.0,0.019675010624499997,0.027900015065999997,0.040600021923999995,2023-10-25
10-26,10,26,0.0,0.027900015065999997,0.0,0.0,0.038100020574,0.012700006858,0.025400013716,0.0,0.0,0.00250000135,0.017800009611999998,0.015200008207999998,0.0,0.012700006858,0.03300001782,0.027900015065999997,0.03050001647,0.020300010961999997,0.03050001647,0.0,0.010200005508000001,0.0,0.022900012366000002,0.0,0.045700024677999995,0.0,0.020300010961999997,0.0,0.0,0.0,0.012700006858,0.0,0.010200005508000001,0.0,0.0,0.0,0.0,0.0,0.0,0.015200008207999998,0.010200005508000001,0.022900012366000002,0.017800009611999998,0.0,0.0,0.0,0.0,0.0,0.0,0.010491310013130434,0.001250000675,0.019675010624499997,0.029200015768,0.045700024677999995,2023-10-26
10-27,10,27,0.0,0.027900015065999997,0.020300010961999997,0.0,0.058400031536,0.012700006858,0.020300010961999997,0.0,0.0,0.015200008207999998,0.015200008207999998,0.017800009611999998,0.0,0.012700006858,0.040600021923999995,0.027900015065999997,0.03300001782,0.020300010961999997,0.03050001647,0.0,0.010200005508000001,0.0,0.022900012366000002,0.0,0.045700024677999995,0.0,0.022900012366000002,0.0,0.0,0.0,0.025400013716,0.0,0.007600004103999999,0.0,0.0,0.0,0.0,0.0,0.0,0.005100002754000001,0.010200005508000001,0.025400013716,0.022900012366000002,0.010200005508000001,0.0,0.00250000135,0.0,0.0,0.0,0.012256528357652174,0.008900004806,0.022250012015,0.029200015768,0.058400031536,2023-10-27
10-28,10,28,0.0,0.027900015065999997,0.022900012366000002,0.0,0.058400031536,0.010200005508000001,0.020300010961999997,0.0,0.0,0.020300010961999997,0.012700006858,0.038100020574,0.0,0.012700006858,0.040600021923999995,0.027900015065999997,0.03300001782,0.020300010961999997,0.03050001647,0.0,0.015200008207999998,0.0,0.022900012366000002,0.0,0.053300028782,0.0,0.022900012366000002,0.0,0.0,0.010200005508000001,0.027900015065999997,0.0,0.005100002754000001,0.0,0.0,0.0,0.0,0.0,0.0,0.007600004103999999,0.0,0.025400013716,0.020300010961999997,0.010200005508000001,0.0,0.00250000135,0.0,0.0,0.0,0.013028267904826085,0.008900004806,0.022900012366000002,0.031750017145,0.058400031536,2023-10-28
10-29,10,29,0.0,0.040600021923999995,0.025400013716,0.0,0.058400031536,0.010200005508000001,0.020300010961999997,0.0,0.0,0.025400013716,0.010200005508000001,0.045700024677999995,0.0,0.012700006858,0.038100020574,0.027900015065999997,0.040600021923999995,0.020300010961999997,0.03050001647,0.005100002754000001,0.012700006858,0.0,0.025400013716,0.0,0.06100003294,0.0,0.020300010961999997,0.0,0.0,0.012700006858,0.025400013716,0.0,0.005100002754000001,0.015200008207999998,0.0,0.0,0.0,0.0,0.0,0.012700006858,0.0,0.015200008207999998,0.010200005508000001,0.015200008207999998,0.0,0.0,0.0,0.0,0.0,0.013967398846739133,0.010200005508000001,0.0241250130275,0.039350021249,0.06100003294,2023-10-29
10-30,10,30,0.0,0.050800027432,0.025400013716,0.0,0.058400031536,0.007600004103999999,0.022900012366000002,0.0,0.0,0.027900015065999997,0.010200005508000001,0.045700024677999995,0.0,0.017800009611999998,0.0,0.027900015065999997,0.043200023328,0.020300010961999997,0.03050001647,0.0,0.012700006858,0.0,0.025400013716,0.0,0.06350003429000001,0.0,0.015200008207999998,0.0,0.0,0.015200008207999998,0.025400013716,0.0,0.00250000135,0.015200008207999998,0.0,0.0,0.0,0.0,0.0,0.017800009611999998,0.0,0.0,0.010200005508000001,0.010200005508000001,0.027900015065999997,0.0,0.0,0.0,0.0,0.013691311741130438,0.008900004806,0.0247750133785,0.036850019899,0.06350003429000001,2023-10-30
10-31,10,31,0.0,0.050800027432,0.027900015065999997,0.0,0.058400031536,0.007600004103999999,0.035600019223999996,0.0,0.0,0.027900015065999997,0.010200005508000001,0.045700024677999995,0.010200005508000001,0.017800009611999998,0.0,0.015200008207999998,0.043200023328,0.020300010961999997,0.038100020574,0.0,0.015200008207999998,0.0,0.025400013716,0.007600004103999999,0.06350003429000001,0.0,0.015200008207999998,0.0,0.0,0.017800009611999998,0.03050001647,0.0,0.0,0.017800009611999998,0.0,0.0,0.0,0.0,0.0,0.017800009611999998,0.0,0.0,0.010200005508000001,0.010200005508000001,0.025400013716,0.0,0.0,0.0,0.0,0.01446739911673913,0.010200005508000001,0.0241250130275,0.040650021950999995,0.06350003429000001,2023-10-31
11-01,11,1,0.0,0.050800027432,0.03300001782,0.0,0.06350003429000001,0.007600004103999999,0.038100020574,0.0,0.0,0.027900015065999997,0.010200005508000001,0.045700024677999995,0.015200008207999998,0.017800009611999998,0.0,0.017800009611999998,0.045700024677999995,0.025400013716,0.038100020574,0.0,0.017800009611999998,0.00250000135,0.025400013716,0.017800009611999998,0.068600037044,0.0,0.015200008207999998,0.0,0.0,0.017800009611999998,0.03050001647,0.0,0.0,0.020300010961999997,0.0,0.0,0.0,0.0,0.0,0.015200008207999998,0.0,0.0,0.010200005508000001,0.010200005508000001,0.025400013716,0.0,0.0,0.0,0.0,0.01551522576952174,0.010200005508000001,0.025400013716,0.041900022626,0.068600037044,2023-11-01
11-02,11,2,0.0,0.050800027432,0.040600021923999995,0.0,0.06350003429000001,0.007600004103999999,0.038100020574,0.0,0.0,0.027900015065999997,0.015200008207999998,0.053300028782,0.020300010961999997,0.017800009611999998,0.0,0.017800009611999998,0.045700024677999995,0.025400013716,0.038100020574,0.0,0.017800009611999998,0.0,0.025400013716,0.022900012366000002,0.068600037044,0.0,0.017800009611999998,0.0,0.0,0.017800009611999998,0.03050001647,0.007600004103999999,0.0,0.017800009611999998,0.0,0.0,0.0,0.0,0.0,0.015200008207999998,0.0,0.0,0.010200005508000001,0.007600004103999999,0.022900012366000002,0.0,0.0,0.0,0.0,0.01617826960582609,0.012700006858,0.0247750133785,0.043150023301,0.068600037044,2023-11-02
11-03,11,3,0.0,0.050800027432,0.043200023328,0.0,0.06350003429000001,0.007600004103999999,0.038100020574,0.0,0.0,0.027900015065999997,0.020300010961999997,0.055900030186,0.03300001782,0.017800009611999998,0.015200008207999998,0.017800009611999998,0.045700024677999995,0.025400013716,0.038100020574,0.0,0.020300010961999997,0.0,0.025400013716,0.022900012366000002,0.068600037044,0.0,0.020300010961999997,0.0,0.0,0.017800009611999998,0.03050001647,0.007600004103999999,0.0,0.015200008207999998,0.0,0.0,0.0,0.0,0.0,0.015200008207999998,0.0,0.0,0.027900015065999997,0.007600004103999999,0.020300010961999997,0.0,0.0,0.0,0.0,0.017389139824913045,0.015200008207999998,0.027275014728499997,0.044450024002999994,0.068600037044,2023-11-03
11-04,11,4,0.0,0.050800027432,0.043200023328,0.0,0.06600003564,0.007600004103999999,0.03300001782,0.0,0.0,0.027900015065999997,0.020300010961999997,0.055900030186,0.035600019223999996,0.017800009611999998,0.020300010961999997,0.017800009611999998,0.048300026082,0.025400013716,0.038100020574,0.0,0.020300010961999997,0.0,0.025400013716,0.03050001647,0.068600037044,0.0,0.020300010961999997,0.0,0.0,0.017800009611999998,0.027900015065999997,0.007600004103999999,0.0,0.022900012366000002,0.0,0.0,0.0,0.0,0.0,0.015200008207999998,0.0,0.0,0.027900015065999997,0.007600004103999999,0.025400013716,0.0,0.0,0.0,0.0,0.017943487950347826,0.017800009611999998,0.027900015065999997,0.045750024705,0.068600037044,2023-11-04
11-05,11,5,0.0,0.050800027432,0.043200023328,0.0,0.06600003564,0.007600004103999999,0.022900012366000002,0.0,0.00250000135,0.027900015065999997,0.020300010961999997,0.055900030186,0.035600019223999996,0.017800009611999998,0.020300010961999997,0.017800009611999998,0.06350003429000001,0.025400013716,0.038100020574,0.0,0.020300010961999997,0.0,0.025400013716,0.03050001647,0.068600037044,0.015200008207999998,0.025400013716,0.0,0.007600004103999999,0.017800009611999998,0.025400013716,0.007600004103999999,0.0,0.022900012366000002,0.0,0.007600004103999999,0.0,0.00250000135,0.0,0.015200008207999998,0.0,0.0,0.03050001647,0.005100002754000001,0.025400013716,0.0,0.0,0.0,0.0,0.01888261889226087,0.017800009611999998,0.025400013716,0.047000025380000005,0.068600037044,2023-11-05
11-06,11,6,0.0,0.050800027432,0.043200023328,0.0,0.06600003564,0.007600004103999999,0.022900012366000002,0.0,0.0,0.027900015065999997,0.03300001782,0.055900030186,0.035600019223999996,0.025400013716,0.020300010961999997,0.017800009611999998,0.08380004525200001,0.025400013716,0.050800027432,0.0,0.025400013716,0.0,0.025400013716,0.03050001647,0.068600037044,0.022900012366000002,0.025400013716,0.0,0.010200005508000001,0.017800009611999998,0.022900012366000002,0.010200005508000001,0.0,0.022900012366000002,0.0,0.007600004103999999,0.0,0.005100002754000001,0.0,0.015200008207999998,0.0,0.0,0.048300026082,0.00250000135,0.03050001647,0.0,0.0,0.0,0.0,0.020821750374173914,0.019050010287,0.029850016118999997,0.050800027432,0.08380004525200001,2023-11-06
11-07,11,7,0.0,0.050800027432,0.043200023328,0.0,0.06600003564,0.007600004103999999,0.025400013716,0.0,0.0,0.027900015065999997,0.03300001782,0.055900030186,0.035600019223999996,0.025400013716,0.020300010961999997,0.017800009611999998,0.08380004525200001,0.025400013716,0.050800027432,0.0,0.027900015065999997,0.0,0.025400013716,0.03050001647,0.068600037044,0.022900012366000002,0.025400013716,0.0,0.010200005508000001,0.017800009611999998,0.020300010961999997,0.010200005508000001,0.0,0.022900012366000002,0.0,0.007600004103999999,0.0,0.012700006858,0.0,0.015200008207999998,0.0,0.0,0.048300026082,0.005100002754000001,0.03300001782,0.0,0.0,0.0,0.0,0.021150011421000002,0.019050010287,0.029850016118999997,0.050800027432,0.08380004525200001,2023-11-07
11-08,11,8,0.0,0.050800027432,0.043200023328,0.007600004103999999,0.06600003564,0.007600004103999999,0.03050001647,0.005100002754000001,0.0,0.027900015065999997,0.03300001782,0.055900030186,0.038100020574,0.025400013716,0.020300010961999997,0.017800009611999998,0.08380004525200001,0.025400013716,0.050800027432,0.0,0.03300001782,0.007600004103999999,0.025400013716,0.03050001647,0.06600003564,0.022900012366000002,0.025400013716,0.0,0.010200005508000001,0.017800009611999998,0.017800009611999998,0.010200005508000001,0.0,0.022900012366000002,0.0,0.005100002754000001,0.0,0.012700006858,0.0,0.015200008207999998,0.010200005508000001,0.0,0.048300026082,0.017800009611999998,0.03300001782,0.0,0.0,0.0,0.0057250030915000005,0.022200011988,0.017800009611999998,0.0323750174825,0.050800027432,0.08380004525200001,2023-11-08
11-09,11,9,0.0,0.050800027432,0.048300026082,0.007600004103999999,0.076200041148,0.012700006858,0.040600021923999995,0.00250000135,0.0,0.027900015065999997,0.03300001782,0.055900030186,0.043200023328,0.025400013716,0.027900015065999997,0.017800009611999998,0.08380004525200001,0.038100020574,0.058400031536,0.0,0.03300001782,0.0,0.038100020574,0.03050001647,0.06600003564,0.022900012366000002,0.025400013716,0.0,0.010200005508000001,0.017800009611999998,0.027900015065999997,0.007600004103999999,0.0,0.022900012366000002,0.0,0.005100002754000001,0.0,0.012700006858,0.0,0.015200008207999998,0.017800009611999998,0.0,0.050800027432,0.015200008207999998,0.03300001782,0.0,0.0,0.0,0.003150001701,0.023960882504086952,0.020350010989,0.0368250198855,0.053350028809,0.08380004525200001,2023-11-09
11-10,11,10,0.0,0.050800027432,0.048300026082,0.010200005508000001,0.076200041148,0.017800009611999998,0.043200023328,0.00250000135,0.0,0.027900015065999997,0.03300001782,0.06100003294,0.045700024677999995,0.025400013716,0.027900015065999997,0.055900030186,0.08380004525200001,0.038100020574,0.06100003294,0.0,0.045700024677999995,0.0,0.045700024677999995,0.03050001647,0.088900048006,0.022900012366000002,0.03050001647,0.0,0.010200005508000001,0.017800009611999998,0.03050001647,0.007600004103999999,0.035600019223999996,0.022900012366000002,0.0,0.007600004103999999,0.0,0.010200005508000001,0.0,0.015200008207999998,0.017800009611999998,0.010200005508000001,0.058400031536,0.012700006858,0.03050001647,0.0,0.0,0.0,0.008250004455,0.027393493053347828,0.024150013041,0.045075024340499995,0.059700032237999995,0.088900048006,2023-11-10
11-11,11,11,0.0,0.050800027432,0.048300026082,0.010200005508000001,0.088900048006,0.017800009611999998,0.043200023328,0.00250000135,0.0,0.027900015065999997,0.03300001782,0.06600003564,0.045700024677999995,0.025400013716,0.027900015065999997,0.06100003294,0.08380004525200001,0.038100020574,0.06100003294,0.0,0.050800027432,0.0,0.053300028782,0.03050001647,0.088900048006,0.022900012366000002,0.03050001647,0.0,0.027900015065999997,0.017800009611999998,0.03050001647,0.007600004103999999,0.043200023328,0.022900012366000002,0.005100002754000001,0.017800009611999998,0.0,0.010200005508000001,0.0,0.015200008207999998,0.020300010961999997,0.010200005508000001,0.058400031536,0.010200005508000001,0.03050001647,0.0,0.0,0.0,0.010200005508000001,0.02904784177278261,0.026650014391,0.045075024340499995,0.06100003294,0.088900048006,2023-11-11
11-12,11,12,0.0,0.050800027432,0.048300026082,0.015200008207999998,0.09140004935599999,0.045700024677999995,0.043200023328,0.00250000135,0.00250000135,0.027900015065999997,0.03300001782,0.050800027432,0.043200023328,0.025400013716,0.027900015065999997,0.06100003294,0.08380004525200001,0.038100020574,0.06100003294,0.0,0.050800027432,0.0,0.055900030186,0.03050001647,0.088900048006,0.022900012366000002,0.03300001782,0.0,0.027900015065999997,0.017800009611999998,0.03050001647,0.007600004103999999,0.043200023328,0.022900012366000002,0.005100002754000001,0.017800009611999998,0.0,0.010200005508000001,0.0,0.015200008207999998,0.025400013716,0.010200005508000001,0.058400031536,0.010200005508000001,0.03050001647,0.0,0.0,0.0,0.010200005508000001,0.02970871169486957,0.027900015065999997,0.045075024340499995,0.059700032237999995,0.09140004935599999,2023-11-12
11-13,11,13,0.0,0.053300028782,0.050800027432,0.022900012366000002,0.09140004935599999,0.055900030186,0.043200023328,0.00250000135,0.00250000135,0.027900015065999997,0.03300001782,0.038100020574,0.043200023328,0.025400013716,0.038100020574,0.073700039798,0.08380004525200001,0.038100020574,0.06100003294,0.0,0.053300028782,0.0,0.058400031536,0.03050001647,0.09140004935599999,0.025400013716,0.03300001782,0.0,0.03050001647,0.03050001647,0.03300001782,0.025400013716,0.043200023328,0.022900012366000002,0.005100002754000001,0.017800009611999998,0.0,0.010200005508000001,0.0,0.015200008207999998,0.025400013716,0.0,0.058400031536,0.010200005508000001,0.043200023328,0.0,0.0,0.0,0.010200005508000001,0.03147393003939131,0.03050001647,0.043200023328,0.059700032237999995,0.09140004935599999,2023-11-13
11-14,11,14,0.0,0.053300028782,0.055900030186,0.040600021923999995,0.106700057618,0.058400031536,0.043200023328,0.00250000135,0.00250000135,0.027900015065999997,0.03300001782,0.038100020574,0.043200023328,0.025400013716,0.045700024677999995,0.073700039798,0.08380004525200001,0.038100020574,0.06100003294,0.0,0.053300028782,0.00250000135,0.058400031536,0.038100020574,0.09140004935599999,0.03050001647,0.040600021923999995,0.0,0.03300001782,0.03050001647,0.03300001782,0.03050001647,0.040600021923999995,0.022900012366000002,0.012700006858,0.017800009611999998,0.0,0.007600004103999999,0.0,0.015200008207999998,0.03300001782,0.0,0.058400031536,0.007600004103999999,0.043200023328,0.0,0.0,0.0,0.0088750047925,0.033343496266347826,0.03300001782,0.045075024340499995,0.059700032237999995,0.106700057618,2023-11-14
11-15,11,15,0.0,0.058400031536,0.055900030186,0.040600021923999995,0.116800063072,0.058400031536,0.043200023328,0.012700006858,0.012700006858,0.027900015065999997,0.03300001782,0.055900030186,0.043200023328,0.025400013716,0.045700024677999995,0.073700039798,0.086400046656,0.038100020574,0.06100003294,0.0,0.053300028782,0.00250000135,0.058400031536,0.038100020574,0.09140004935599999,0.048300026082,0.068600037044,0.0,0.03300001782,0.040600021923999995,0.038100020574,0.03050001647,0.040600021923999995,0.022900012366000002,0.015200008207999998,0.015200008207999998,0.0,0.007600004103999999,0.0,0.015200008207999998,0.06100003294,0.0,0.058400031536,0.007600004103999999,0.043200023328,0.0,0.0,0.0,0.0133250071955,0.036493497967347834,0.038100020574,0.055900030186,0.064800034992,0.116800063072,2023-11-15
11-16,11,16,0.0,0.06100003294,0.055900030186,0.040600021923999995,0.116800063072,0.058400031536,0.043200023328,0.015200008207999998,0.015200008207999998,0.027900015065999997,0.03300001782,0.058400031536,0.040600021923999995,0.025400013716,0.045700024677999995,0.073700039798,0.086400046656,0.038100020574,0.06100003294,0.0,0.055900030186,0.00250000135,0.058400031536,0.038100020574,0.09140004935599999,0.048300026082,0.068600037044,0.0,0.03300001782,0.040600021923999995,0.048300026082,0.027900015065999997,0.040600021923999995,0.027900015065999997,0.017800009611999998,0.015200008207999998,0.0,0.007600004103999999,0.0,0.015200008207999998,0.06100003294,0.0,0.058400031536,0.007600004103999999,0.043200023328,0.0,0.0,0.0,0.015200008207999998,0.03704349826434782,0.039350021249,0.0577750311985,0.064800034992,0.116800063072,2023-11-16
11-17,11,17,0.0,0.06100003294,0.055900030186,0.040600021923999995,0.116800063072,0.058400031536,0.043200023328,0.020300010961999997,0.015200008207999998,0.027900015065999997,0.03050001647,0.06350003429000001,0.040600021923999995,0.025400013716,0.053300028782,0.073700039798,0.088900048006,0.038100020574,0.06100003294,0.0,0.058400031536,0.00250000135,0.058400031536,0.038100020574,0.09140004935599999,0.048300026082,0.068600037044,0.0,0.03300001782,0.040600021923999995,0.06350003429000001,0.027900015065999997,0.040600021923999995,0.043200023328,0.017800009611999998,0.025400013716,0.0,0.017800009611999998,0.0,0.015200008207999998,0.06100003294,0.0,0.058400031536,0.017800009611999998,0.048300026082,0.0,0.0,0.0,0.017800009611999998,0.038923934062391294,0.040600021923999995,0.058400031536,0.066050035667,0.116800063072,2023-11-17
11-18,11,18,0.0,0.076200041148,0.055900030186,0.053300028782,0.116800063072,0.06100003294,0.043200023328,0.025400013716,0.017800009611999998,0.027900015065999997,0.03050001647,0.06600003564,0.040600021923999995,0.025400013716,0.055900030186,0.073700039798,0.088900048006,0.038100020574,0.068600037044,0.00250000135,0.058400031536,0.00250000135,0.058400031536,0.050800027432,0.09140004935599999,0.048300026082,0.068600037044,0.0,0.03300001782,0.040600021923999995,0.06350003429000001,0.027900015065999997,0.048300026082,0.043200023328,0.017800009611999998,0.025400013716,0.007600004103999999,0.050800027432,0.010200005508000001,0.015200008207999998,0.06100003294,0.0,0.058400031536,0.017800009611999998,0.048300026082,0.0,0.0,0.00250000135,0.019700010637999997,0.04163263117726086,0.043200023328,0.058400031536,0.071150038421,0.116800063072,2023-11-18
11-19,11,19,0.0,0.078700042498,0.06100003294,0.058400031536,0.116800063072,0.06600003564,0.043200023328,0.025400013716,0.025400013716,0.027900015065999997,0.03050001647,0.078700042498,0.040600021923999995,0.035600019223999996,0.06100003294,0.073700039798,0.09650005211,0.038100020574,0.07110003839399999,0.00250000135,0.058400031536,0.005100002754000001,0.058400031536,0.050800027432,0.09140004935599999,0.038100020574,0.068600037044,0.0,0.03300001782,0.040600021923999995,0.06100003294,0.043200023328,0.048300026082,0.043200023328,0.017800009611999998,0.027900015065999997,0.007600004103999999,0.050800027432,0.010200005508000001,0.015200008207999998,0.06350003429000001,0.0,0.058400031536,0.025400013716,0.048300026082,0.0,0.0,0.003800002052,0.025400013716,0.043397849521782605,0.043200023328,0.06100003294,0.076200041148,0.116800063072,2023-11-19
11-20,11,20,0.0,0.078700042498,0.07110003839399999,0.06100003294,0.116800063072,0.06600003564,0.050800027432,0.025400013716,0.025400013716,0.027900015065999997,0.03050001647,0.08130004390199999,0.040600021923999995,0.035600019223999996,0.06100003294,0.073700039798,0.09650005211,0.048300026082,0.07110003839399999,0.00250000135,0.058400031536,0.005100002754000001,0.058400031536,0.050800027432,0.09140004935599999,0.038100020574,0.068600037044,0.0,0.03300001782,0.040600021923999995,0.06100003294,0.043200023328,0.048300026082,0.045700024677999995,0.020300010961999997,0.03300001782,0.005100002754000001,0.050800027432,0.012700006858,0.015200008207999998,0.06350003429000001,0.0,0.058400031536,0.03050001647,0.048300026082,0.0,0.0,0.003800002052,0.026025014053500002,0.04444785008878261,0.04700002538,0.06100003294,0.076200041148,0.116800063072,2023-11-20
11-21,11,21,0.0,0.078700042498,0.07110003839399999,0.073700039798,0.116800063072,0.068600037044,0.050800027432,0.025400013716,0.025400013716,0.027900015065999997,0.040600021923999995,0.086400046656,0.045700024677999995,0.035600019223999996,0.06100003294,0.073700039798,0.09910005351399999,0.055900030186,0.07110003839399999,0.00250000135,0.058400031536,0.005100002754000001,0.058400031536,0.050800027432,0.09140004935599999,0.038100020574,0.068600037044,0.0,0.03300001782,0.040600021923999995,0.08130004390199999,0.045700024677999995,0.048300026082,0.045700024677999995,0.022900012366000002,0.035600019223999996,0.005100002754000001,0.050800027432,0.012700006858,0.017800009611999998,0.06350003429000001,0.007600004103999999,0.058400031536,0.03050001647,0.053300028782,0.0,0.0,0.005100002754000001,0.026025014053500002,0.04638263374226087,0.04700002538,0.0673250363555,0.0800000432,0.116800063072,2023-11-21
11-22,11,22,0.0,0.078700042498,0.07110003839399999,0.073700039798,0.116800063072,0.07110003839399999,0.055900030186,0.025400013716,0.025400013716,0.027900015065999997,0.040600021923999995,0.106700057618,0.045700024677999995,0.035600019223999996,0.06600003564,0.073700039798,0.09910005351399999,0.06100003294,0.07110003839399999,0.012700006858,0.058400031536,0.005100002754000001,0.06100003294,0.058400031536,0.09140004935599999,0.038100020574,0.068600037044,0.005100002754000001,0.03300001782,0.040600021923999995,0.09400005076,0.048300026082,0.048300026082,0.053300028782,0.025400013716,0.035600019223999996,0.015200008207999998,0.050800027432,0.017800009611999998,0.017800009611999998,0.06600003564,0.007600004103999999,0.058400031536,0.03050001647,0.053300028782,0.0,0.0,0.010150005481,0.026025014053500002,0.04870002629799999,0.049550026757,0.067950036693,0.085050045927,0.116800063072,2023-11-22
11-23,11,23,0.0,0.086400046656,0.076200041148,0.073700039798,0.116800063072,0.07110003839399999,0.058400031536,0.025400013716,0.025400013716,0.027900015065999997,0.040600021923999995,0.114300061722,0.050800027432,0.043200023328,0.06600003564,0.073700039798,0.109200058968,0.06100003294,0.08130004390199999,0.015200008207999998,0.058400031536,0.03300001782,0.06100003294,0.06100003294,0.09140004935599999,0.038100020574,0.068600037044,0.005100002754000001,0.03300001782,0.050800027432,0.09650005211,0.048300026082,0.048300026082,0.053300028782,0.040600021923999995,0.035600019223999996,0.015200008207999998,0.050800027432,0.022900012366000002,0.017800009611999998,0.06600003564,0.007600004103999999,0.058400031536,0.03050001647,0.053300028782,0.0,0.0,0.015200008207999998,0.0311250168075,0.05135002772899999,0.050800027432,0.067950036693,0.08890004800599999,0.116800063072,2023-11-23
11-24,11,24,0.0,0.088900048006,0.076200041148,0.08380004525200001,0.116800063072,0.076200041148,0.058400031536,0.025400013716,0.035600019223999996,0.027900015065999997,0.040600021923999995,0.114300061722,0.058400031536,0.055900030186,0.06600003564,0.073700039798,0.114300061722,0.06100003294,0.08130004390199999,0.015200008207999998,0.058400031536,0.038100020574,0.06350003429000001,0.06100003294,0.09140004935599999,0.038100020574,0.068600037044,0.005100002754000001,0.03300001782,0.050800027432,0.101600054864,0.048300026082,0.048300026082,0.053300028782,0.048300026082,0.035600019223999996,0.025400013716,0.048300026082,0.03300001782,0.017800009611999998,0.06600003564,0.007600004103999999,0.07110003839399999,0.03050001647,0.053300028782,0.0,0.0,0.01650000891,0.033650018170999996,0.053615246343521744,0.053300028782,0.07047503805649999,0.09015004868099999,0.116800063072,2023-11-24
11-25,11,25,0.0,0.09400005076,0.076200041148,0.08380004525200001,0.11940006447600002,0.078700042498,0.058400031536,0.025400013716,0.043200023328,0.03300001782,0.040600021923999995,0.116800063072,0.058400031536,0.055900030186,0.06600003564,0.073700039798,0.114300061722,0.06100003294,0.08130004390199999,0.015200008207999998,0.06100003294,0.038100020574,0.07110003839399999,0.06100003294,0.09140004935599999,0.040600021923999995,0.068600037044,0.005100002754000001,0.035600019223999996,0.050800027432,0.101600054864,0.048300026082,0.048300026082,0.053300028782,0.050800027432,0.038100020574,0.025400013716,0.045700024677999995,0.055900030186,0.017800009611999998,0.068600037044,0.012700006858,0.07110003839399999,0.03300001782,0.06100003294,0.0,0.0,0.01650000891,0.038100020574,0.05543916037191304,0.055900030186,0.07110003839399999,0.092700050058,0.11940006447600002,2023-11-25
11-26,11,26,0.0,0.09910005351399999,0.076200041148,0.12450006723,0.12700006858000001,0.08380004525200001,0.06100003294,0.03300001782,0.043200023328,0.035600019223999996,0.040600021923999995,0.11940006447600002,0.058400031536,0.058400031536,0.076200041148,0.073700039798,0.114300061722,0.06100003294,0.08130004390199999,0.015200008207999998,0.06100003294,0.058400031536,0.07110003839399999,0.06350003429000001,0.09910005351399999,0.043200023328,0.068600037044,0.005100002754000001,0.035600019223999996,0.050800027432,0.101600054864,0.048300026082,0.048300026082,0.053300028782,0.050800027432,0.048300026082,0.025400013716,0.045700024677999995,0.055900030186,0.035600019223999996,0.068600037044,0.012700006858,0.07110003839399999,0.03300001782,0.06100003294,0.0,0.0,0.020300010962,0.04125002227499999,0.058650031671000004,0.058400031536,0.07305003944699999,0.100350054189,0.12700006858000001,2023-11-26
11-27,11,27,0.0,0.09910005351399999,0.076200041148,0.12450006723,0.12700006858000001,0.086400046656,0.06100003294,0.03300001782,0.048300026082,0.058400031536,0.043200023328,0.12190006582599998,0.058400031536,0.058400031536,0.086400046656,0.09400005076,0.114300061722,0.06350003429000001,0.08130004390199999,0.017800009611999998,0.06100003294,0.058400031536,0.07110003839399999,0.06600003564,0.09910005351399999,0.055900030186,0.07110003839399999,0.005100002754000001,0.035600019223999996,0.050800027432,0.101600054864,0.048300026082,0.048300026082,0.053300028782,0.050800027432,0.048300026082,0.025400013716,0.040600021923999995,0.055900030186,0.035600019223999996,0.068600037044,0.012700006858,0.07110003839399999,0.03300001782,0.07110003839399999,0.0,0.0,0.021600011664,0.0444750240165,0.06069133712113044,0.058400031536,0.07492504045949999,0.100350054189,0.12700006858000001,2023-11-27
11-28,11,28,0.0,0.101600054864,0.076200041148,0.12700006858000001,0.12700006858000001,0.086400046656,0.06100003294,0.03300001782,0.050800027432,0.058400031536,0.045700024677999995,0.12950006993,0.058400031536,0.058400031536,0.086400046656,0.09650005211,0.114300061722,0.09400005076,0.08130004390199999,0.017800009611999998,0.06100003294,0.058400031536,0.07110003839399999,0.06600003564,0.09910005351399999,0.06100003294,0.08130004390199999,0.017800009611999998,0.035600019223999996,0.050800027432,0.101600054864,0.050800027432,0.048300026082,0.053300028782,0.050800027432,0.048300026082,0.03050001647,0.045700024677999995,0.055900030186,0.035600019223999996,0.068600037044,0.012700006858,0.07110003839399999,0.035600019223999996,0.07110003839399999,0.0,0.0,0.024150013041,0.046350025029,0.06273264257126086,0.058400031536,0.08130004390199999,0.101600054864,0.12950006993,2023-11-28
11-29,11,29,0.0,0.101600054864,0.078700042498,0.13210007133399998,0.149900080946,0.09400005076,0.06100003294,0.03300001782,0.058400031536,0.06100003294,0.045700024677999995,0.137200074088,0.06100003294,0.058400031536,0.088900048006,0.09650005211,0.114300061722,0.09400005076,0.08130004390199999,0.017800009611999998,0.06600003564,0.058400031536,0.07110003839399999,0.06600003564,0.106700057618,0.06100003294,0.08380004525200001,0.017800009611999998,0.043200023328,0.050800027432,0.106700057618,0.050800027432,0.048300026082,0.053300028782,0.050800027432,0.053300028782,0.040600021923999995,0.045700024677999995,0.06100003294,0.048300026082,0.068600037044,0.012700006858,0.078700042498,0.035600019223999996,0.07110003839399999,0.0,0.0,0.025400013715999998,0.048300026082,0.06554568756856521,0.06100003294,0.08317504491450001,0.106700057618,0.149900080946,2023-11-29
11-30,11,30,0.0,0.101600054864,0.08130004390199999,0.13460007268399998,0.15750008505,0.104100056214,0.073700039798,0.03300001782,0.06100003294,0.06100003294,0.045700024677999995,0.137200074088,0.06350003429000001,0.058400031536,0.088900048006,0.09650005211,0.11940006447600002,0.09400005076,0.08130004390199999,0.017800009611999998,0.07110003839399999,0.058400031536,0.07110003839399999,0.06600003564,0.106700057618,0.076200041148,0.08380004525200001,0.017800009611999998,0.050800027432,0.050800027432,0.106700057618,0.050800027432,0.048300026082,0.053300028782,0.050800027432,0.053300028782,0.040600021923999995,0.045700024677999995,0.06100003294,0.06600003564,0.068600037044,0.012700006858,0.078700042498,0.035600019223999996,0.07110003839399999,0.0,0.0,0.025400013715999998,0.050800027432,0.06753047124904347,0.06475003496500001,0.08317504491450001,0.106700057618,0.15750008505,2023-11-30
12-01,12,1,0.0,0.104100056214,0.09140004935599999,0.13460007268399998,0.165100089154,0.106700057618,0.076200041148,0.03300001782,0.06100003294,0.06100003294,0.045700024677999995,0.137200074088,0.06350003429000001,0.058400031536,0.088900048006,0.09650005211,0.12190006582599998,0.09400005076,0.08130004390199999,0.017800009611999998,0.07110003839399999,0.058400031536,0.07110003839399999,0.068600037044,0.106700057618,0.078700042498,0.088900048006,0.020300010961999997,0.050800027432,0.050800027432,0.109200058968,0.055900030186,0.048300026082,0.053300028782,0.050800027432,0.053300028782,0.040600021923999995,0.045700024677999995,0.078700042498,0.06600003564,0.068600037044,0.012700006858,0.08130004390199999,0.035600019223999996,0.07110003839399999,0.010200005508000001,0.0,0.026650014390999996,0.050800027432,0.06923916782391304,0.06730003634199999,0.088900048006,0.107950058293,0.165100089154,2023-12-01
12-02,12,2,0.0,0.106700057618,0.09650005211,0.13970007543799998,0.16760009050400002,0.106700057618,0.076200041148,0.03300001782,0.06100003294,0.06100003294,0.050800027432,0.137200074088,0.06350003429000001,0.058400031536,0.088900048006,0.09650005211,0.13210007133399998,0.09400005076,0.08130004390199999,0.020300010961999997,0.07110003839399999,0.06350003429000001,0.07110003839399999,0.068600037044,0.106700057618,0.08380004525200001,0.09140004935599999,0.027900015065999997,0.053300028782,0.050800027432,0.109200058968,0.055900030186,0.048300026082,0.053300028782,0.050800027432,0.055900030186,0.040600021923999995,0.045700024677999995,0.078700042498,0.06600003564,0.068600037044,0.012700006858,0.08130004390199999,0.035600019223999996,0.07110003839399999,0.010200005508000001,0.0,0.030450016442999998,0.050800027432,0.07051090764108695,0.06730003634199999,0.09077504901849999,0.107950058293,0.16760009050400002,2023-12-02
12-03,12,3,0.0,0.106700057618,0.09650005211,0.14220007678799998,0.16760009050400002,0.116800063072,0.076200041148,0.03300001782,0.06100003294,0.06100003294,0.050800027432,0.137200074088,0.06350003429000001,0.06600003564,0.088900048006,0.09910005351399999,0.137200074088,0.09400005076,0.08130004390199999,0.022900012366000002,0.07110003839399999,0.06350003429000001,0.07110003839399999,0.068600037044,0.106700057618,0.09910005351399999,0.09140004935599999,0.027900015065999997,0.055900030186,0.050800027432,0.111800060372,0.055900030186,0.06100003294,0.06100003294,0.050800027432,0.06100003294,0.040600021923999995,0.045700024677999995,0.08130004390199999,0.06600003564,0.068600037044,0.012700006858,0.086400046656,0.043200023328,0.07110003839399999,0.012700006858,0.0,0.030450016442999998,0.0520750281205,0.07256090874808696,0.06730003634199999,0.09335005040899999,0.114300061722,0.16760009050400002,2023-12-03
12-04,12,4,0.0,0.106700057618,0.09650005211,0.152400082296,0.16760009050400002,0.12450006723,0.076200041148,0.03300001782,0.06100003294,0.06100003294,0.050800027432,0.137200074088,0.068600037044,0.06600003564,0.088900048006,0.09910005351399999,0.13970007543799998,0.09400005076,0.08130004390199999,0.025400013716,0.07110003839399999,0.068600037044,0.07110003839399999,0.068600037044,0.106700057618,0.106700057618,0.09650005211,0.027900015065999997,0.055900030186,0.050800027432,0.114300061722,0.055900030186,0.06100003294,0.073700039798,0.050800027432,0.06100003294,0.040600021923999995,0.055900030186,0.08130004390199999,0.06600003564,0.068600037044,0.012700006858,0.09140004935599999,0.053300028782,0.07110003839399999,0.012700006858,0.0,0.030450016442999998,0.055900030186,0.07443699671769564,0.068600037044,0.0958750517725,0.11940006447599999,0.16760009050400002,2023-12-04
12-05,12,5,0.0,0.106700057618,0.09650005211,0.1600000864,0.16760009050400002,0.12450006723,0.076200041148,0.03300001782,0.06350003429000001,0.06100003294,0.050800027432,0.137200074088,0.068600037044,0.078700042498,0.088900048006,0.111800060372,0.13970007543799998,0.09400005076,0.086400046656,0.025400013716,0.07110003839399999,0.078700042498,0.07110003839399999,0.068600037044,0.106700057618,0.111800060372,0.09650005211,0.027900015065999997,0.06100003294,0.050800027432,0.116800063072,0.055900030186,0.06100003294,0.073700039798,0.050800027432,0.06100003294,0.045700024677999995,0.055900030186,0.086400046656,0.06600003564,0.068600037044,0.012700006858,0.09650005211,0.053300028782,0.07110003839399999,0.015200008207999998,0.0,0.030450016442999998,0.055900030186,0.07620221506221739,0.07110003839399999,0.09650005211,0.12065006515099999,0.16760009050400002,2023-12-05
12-06,12,6,0.0,0.106700057618,0.09650005211,0.1600000864,0.16760009050400002,0.12450006723,0.076200041148,0.03300001782,0.06350003429000001,0.06100003294,0.050800027432,0.137200074088,0.068600037044,0.078700042498,0.088900048006,0.12190006582599998,0.154900083646,0.09400005076,0.086400046656,0.025400013716,0.07110003839399999,0.08380004525200001,0.073700039798,0.068600037044,0.106700057618,0.111800060372,0.09400005076,0.03050001647,0.06100003294,0.053300028782,0.116800063072,0.055900030186,0.06100003294,0.073700039798,0.050800027432,0.06100003294,0.045700024677999995,0.055900030186,0.086400046656,0.06600003564,0.068600037044,0.012700006858,0.101600054864,0.053300028782,0.07110003839399999,0.020300010961999997,0.0,0.031750017145,0.055900030186,0.0771978677737826,0.07110003839399999,0.0958750517725,0.12320006652799999,0.16760009050400002,2023-12-06
12-07,12,7,0.0,0.106700057618,0.09650005211,0.16260008780399998,0.16760009050400002,0.12450006723,0.08130004390199999,0.03300001782,0.06600003564,0.06100003294,0.050800027432,0.137200074088,0.068600037044,0.078700042498,0.09400005076,0.12190006582599998,0.1600000864,0.09400005076,0.086400046656,0.038100020574,0.07110003839399999,0.111800060372,0.07110003839399999,0.068600037044,0.106700057618,0.11940006447600002,0.09400005076,0.03300001782,0.06100003294,0.058400031536,0.13210007133399998,0.055900030186,0.06600003564,0.073700039798,0.050800027432,0.06100003294,0.045700024677999995,0.055900030186,0.086400046656,0.06600003564,0.068600037044,0.012700006858,0.101600054864,0.053300028782,0.07110003839399999,0.035600019223999996,0.0,0.036850019899,0.056525030523500004,0.0795739560133913,0.07110003839399999,0.1003250541755,0.128300069282,0.16760009050400002,2023-12-07
12-08,12,8,0.0,0.109200058968,0.09650005211,0.170200091908,0.16760009050400002,0.12700006858000001,0.08130004390199999,0.043200023328,0.073700039798,0.06100003294,0.050800027432,0.137200074088,0.068600037044,0.078700042498,0.104100056214,0.12450006723,0.1600000864,0.09650005211,0.086400046656,0.038100020574,0.07110003839399999,0.114300061722,0.07110003839399999,0.073700039798,0.106700057618,0.11940006447600002,0.09400005076,0.035600019223999996,0.06100003294,0.06100003294,0.13210007133399998,0.055900030186,0.06600003564,0.078700042498,0.050800027432,0.06100003294,0.045700024677999995,0.055900030186,0.086400046656,0.06600003564,0.068600037044,0.012700006858,0.109200058968,0.06350003429000001,0.07110003839399999,0.035600019223999996,0.0,0.040650021950999995,0.06100003294,0.08134134827213044,0.07240003909599999,0.106050057267,0.129550069957,0.170200091908,2023-12-08
12-09,12,9,0.0,0.109200058968,0.09650005211,0.177800096012,0.16760009050400002,0.13460007268399998,0.086400046656,0.043200023328,0.073700039798,0.06100003294,0.050800027432,0.13970007543799998,0.068600037044,0.078700042498,0.104100056214,0.12450006723,0.1600000864,0.101600054864,0.088900048006,0.040600021923999995,0.07110003839399999,0.114300061722,0.07110003839399999,0.088900048006,0.114300061722,0.11940006447600002,0.09400005076,0.038100020574,0.06600003564,0.06350003429000001,0.13210007133399998,0.055900030186,0.076200041148,0.078700042498,0.050800027432,0.06100003294,0.055900030186,0.055900030186,0.086400046656,0.073700039798,0.068600037044,0.017800009611999998,0.109200058968,0.076200041148,0.07110003839399999,0.035600019223999996,0.0,0.041900022626,0.06100003294,0.08376743653873912,0.076200041148,0.1079250582795,0.13335007200899998,0.177800096012,2023-12-09
12-10,12,10,0.0,0.109200058968,0.09910005351399999,0.18540010011600003,0.16760009050400002,0.137200074088,0.086400046656,0.043200023328,0.073700039798,0.06600003564,0.050800027432,0.13970007543799998,0.078700042498,0.078700042498,0.104100056214,0.12450006723,0.1600000864,0.109200058968,0.09140004935599999,0.043200023328,0.07110003839399999,0.114300061722,0.07110003839399999,0.088900048006,0.114300061722,0.11940006447600002,0.09650005211,0.038100020574,0.068600037044,0.06350003429000001,0.13210007133399998,0.055900030186,0.078700042498,0.078700042498,0.050800027432,0.06100003294,0.055900030186,0.055900030186,0.086400046656,0.073700039798,0.068600037044,0.035600019223999996,0.109200058968,0.076200041148,0.07110003839399999,0.035600019223999996,0.0,0.043200023328,0.0616250332775,0.08520221992221737,0.078700042498,0.109200058968,0.134650072711,0.18540010011600003,2023-12-10
12-11,12,11,0.0,0.109200058968,0.09910005351399999,0.18540010011600003,0.17270009325799998,0.13970007543799998,0.086400046656,0.055900030186,0.073700039798,0.07110003839399999,0.050800027432,0.13970007543799998,0.078700042498,0.078700042498,0.104100056214,0.12450006723,0.16760009050400002,0.109200058968,0.09140004935599999,0.043200023328,0.088900048006,0.114300061722,0.07110003839399999,0.088900048006,0.116800063072,0.11940006447600002,0.09910005351399999,0.038100020574,0.07110003839399999,0.06350003429000001,0.15750008505,0.055900030186,0.078700042498,0.078700042498,0.050800027432,0.06600003564,0.078700042498,0.055900030186,0.086400046656,0.073700039798,0.068600037044,0.035600019223999996,0.109200058968,0.076200041148,0.07110003839399999,0.035600019223999996,0.0,0.047000025380000005,0.066650035991,0.08762830818882607,0.078700042498,0.109200058968,0.13970007543799998,0.18540010011600003,2023-12-11
12-12,12,12,0.0,0.109200058968,0.09910005351399999,0.18540010011600003,0.19300010422,0.13970007543799998,0.086400046656,0.058400031536,0.073700039798,0.07110003839399999,0.050800027432,0.13970007543799998,0.088900048006,0.078700042498,0.104100056214,0.12450006723,0.18290009876600002,0.109200058968,0.09140004935599999,0.043200023328,0.088900048006,0.114300061722,0.073700039798,0.09140004935599999,0.116800063072,0.11940006447600002,0.101600054864,0.038100020574,0.07110003839399999,0.06350003429000001,0.15750008505,0.055900030186,0.078700042498,0.078700042498,0.050800027432,0.06100003294,0.08380004525200001,0.055900030186,0.086400046656,0.073700039798,0.07110003839399999,0.035600019223999996,0.109200058968,0.076200041148,0.073700039798,0.035600019223999996,0.0,0.047000025380000005,0.065400035316,0.08895656977565217,0.08125004387500001,0.109200058968,0.13970007543799998,0.19300010422,2023-12-12
12-13,12,13,0.0,0.109200058968,0.09910005351399999,0.19050010287,0.20070010837799998,0.13970007543799998,0.086400046656,0.06100003294,0.073700039798,0.07110003839399999,0.055900030186,0.13970007543799998,0.104100056214,0.086400046656,0.104100056214,0.12700006858000001,0.19050010287,0.109200058968,0.09140004935599999,0.048300026082,0.09140004935599999,0.114300061722,0.073700039798,0.09400005076,0.116800063072,0.11940006447600002,0.101600054864,0.038100020574,0.07110003839399999,0.073700039798,0.15750008505,0.055900030186,0.078700042498,0.078700042498,0.050800027432,0.06100003294,0.08380004525200001,0.055900030186,0.09400005076,0.09140004935599999,0.078700042498,0.035600019223999996,0.114300061722,0.076200041148,0.073700039798,0.035600019223999996,0.0,0.049550026757,0.07110003839399999,0.09138917978491302,0.086400046656,0.109200058968,0.13970007543799998,0.20070010837799998,2023-12-13
12-14,12,14,0.0,0.114300061722,0.106700057618,0.19050010287,0.203200109728,0.13970007543799998,0.086400046656,0.06350003429000001,0.073700039798,0.07110003839399999,0.06600003564,0.13970007543799998,0.106700057618,0.086400046656,0.106700057618,0.13460007268399998,0.198100106974,0.109200058968,0.09140004935599999,0.055900030186,0.09140004935599999,0.114300061722,0.073700039798,0.09400005076,0.116800063072,0.11940006447600002,0.106700057618,0.038100020574,0.08130004390199999,0.104100056214,0.15750008505,0.055900030186,0.08130004390199999,0.08130004390199999,0.055900030186,0.06350003429000001,0.08380004525200001,0.06100003294,0.09400005076,0.09910005351399999,0.078700042498,0.035600019223999996,0.11940006447600002,0.076200041148,0.073700039798,0.035600019223999996,0.0,0.055900030186,0.071750038745,0.09426309438030434,0.08890004800599999,0.11302506103349999,0.13970007543799998,0.203200109728,2023-12-14
12-15,12,15,0.0,0.116800063072,0.106700057618,0.195600105624,0.203200109728,0.13970007543799998,0.086400046656,0.06350003429000001,0.076200041148,0.07110003839399999,0.068600037044,0.13970007543799998,0.106700057618,0.086400046656,0.109200058968,0.13460007268399998,0.20570011107800001,0.109200058968,0.09400005076,0.055900030186,0.09650005211,0.114300061722,0.076200041148,0.104100056214,0.116800063072,0.11940006447600002,0.106700057618,0.038100020574,0.08380004525200001,0.109200058968,0.15750008505,0.058400031536,0.08380004525200001,0.08130004390199999,0.058400031536,0.07110003839399999,0.09400005076,0.06100003294,0.09400005076,0.114300061722,0.08380004525200001,0.043200023328,0.11940006447600002,0.076200041148,0.076200041148,0.035600019223999996,0.0,0.057150030861,0.0723750390825,0.09657613910760866,0.09400005076,0.114300061722,0.13970007543799998,0.20570011107800001,2023-12-15
12-16,12,16,0.0,0.12700006858000001,0.106700057618,0.208300112482,0.20570011107800001,0.13970007543799998,0.086400046656,0.06350003429000001,0.076200041148,0.08130004390199999,0.068600037044,0.13970007543799998,0.114300061722,0.086400046656,0.109200058968,0.13460007268399998,0.208300112482,0.111800060372,0.09400005076,0.055900030186,0.116800063072,0.11940006447600002,0.086400046656,0.109200058968,0.116800063072,0.11940006447600002,0.114300061722,0.038100020574,0.08380004525200001,0.109200058968,0.165100089154,0.058400031536,0.086400046656,0.08130004390199999,0.06100003294,0.073700039798,0.09400005076,0.06100003294,0.09400005076,0.116800063072,0.08380004525200001,0.048300026082,0.11940006447600002,0.076200041148,0.076200041148,0.035600019223999996,0.0,0.057150030861,0.076200041148,0.09917831442582607,0.09400005076,0.116800063072,0.13970007543799998,0.208300112482,2023-12-16
12-17,12,17,0.0,0.12950006993,0.106700057618,0.213400115236,0.218400117936,0.13970007543799998,0.086400046656,0.06350003429000001,0.076200041148,0.086400046656,0.07110003839399999,0.13970007543799998,0.114300061722,0.09140004935599999,0.109200058968,0.137200074088,0.218400117936,0.111800060372,0.09400005076,0.058400031536,0.116800063072,0.11940006447600002,0.088900048006,0.109200058968,0.116800063072,0.11940006447600002,0.12190006582599998,0.040600021923999995,0.08380004525200001,0.109200058968,0.165100089154,0.058400031536,0.086400046656,0.08130004390199999,0.06100003294,0.076200041148,0.111800060372,0.06600003564,0.09400005076,0.116800063072,0.08380004525200001,0.048300026082,0.11940006447600002,0.076200041148,0.076200041148,0.035600019223999996,0.0,0.058400031536,0.076200041148,0.10104788065278258,0.09400005076,0.11875006412500001,0.13970007543799998,0.218400117936,2023-12-17
12-18,12,18,0.0,0.12950006993,0.109200058968,0.215900116586,0.218400117936,0.13970007543799998,0.086400046656,0.06350003429000001,0.076200041148,0.09400005076,0.07110003839399999,0.13970007543799998,0.114300061722,0.09140004935599999,0.109200058968,0.13970007543799998,0.22100011934000002,0.114300061722,0.09400005076,0.058400031536,0.12950006993,0.12190006582599998,0.106700057618,0.109200058968,0.116800063072,0.12190006582599998,0.12450006723,0.040600021923999995,0.088900048006,0.109200058968,0.165100089154,0.058400031536,0.106700057618,0.08130004390199999,0.06100003294,0.078700042498,0.111800060372,0.06600003564,0.09400005076,0.11940006447600002,0.088900048006,0.048300026082,0.12190006582599998,0.076200041148,0.08130004390199999,0.050800027432,0.0,0.058400031536,0.0768250414855,0.10358483854447824,0.106700057618,0.12190006582599998,0.13970007543799998,0.22100011934000002,2023-12-18
12-19,12,19,0.0,0.12950006993,0.109200058968,0.215900116586,0.218400117936,0.13970007543799998,0.086400046656,0.06350003429000001,0.076200041148,0.09650005211,0.076200041148,0.13970007543799998,0.116800063072,0.09140004935599999,0.111800060372,0.13970007543799998,0.22100011934000002,0.114300061722,0.09650005211,0.06350003429000001,0.12950006993,0.12190006582599998,0.106700057618,0.109200058968,0.114300061722,0.12450006723,0.12450006723,0.040600021923999995,0.09140004935599999,0.109200058968,0.170200091908,0.058400031536,0.114300061722,0.08130004390199999,0.06100003294,0.078700042498,0.111800060372,0.06600003564,0.09400005076,0.11940006447600002,0.088900048006,0.048300026082,0.12190006582599998,0.076200041148,0.08130004390199999,0.050800027432,0.0,0.059700032237999995,0.0768250414855,0.10435875200586957,0.107950058293,0.12190006582599998,0.13970007543799998,0.22100011934000002,2023-12-19
12-20,12,20,0.0,0.12950006993,0.109200058968,0.23880012895200003,0.218400117936,0.13970007543799998,0.086400046656,0.06350003429000001,0.08380004525200001,0.09650005211,0.08380004525200001,0.13970007543799998,0.116800063072,0.09400005076,0.114300061722,0.13970007543799998,0.22100011934000002,0.116800063072,0.101600054864,0.06600003564,0.12950006993,0.12190006582599998,0.106700057618,0.109200058968,0.116800063072,0.12950006993,0.12450006723,0.043200023328,0.09400005076,0.109200058968,0.198100106974,0.058400031536,0.114300061722,0.09140004935599999,0.06100003294,0.078700042498,0.116800063072,0.06600003564,0.09910005351399999,0.11940006447600002,0.088900048006,0.048300026082,0.12190006582599998,0.076200041148,0.08130004390199999,0.06350003429000001,0.0,0.062250033615000006,0.08192504423949999,0.10711527523352171,0.107950058293,0.12190006582599998,0.13970007543799998,0.23880012895200003,2023-12-20
12-21,12,21,0.0,0.14480007819200003,0.109200058968,0.23880012895200003,0.218400117936,0.13970007543799998,0.088900048006,0.06350003429000001,0.08380004525200001,0.09650005211,0.088900048006,0.13970007543799998,0.116800063072,0.09400005076,0.114300061722,0.13970007543799998,0.22100011934000002,0.116800063072,0.101600054864,0.068600037044,0.13210007133399998,0.12190006582599998,0.106700057618,0.109200058968,0.116800063072,0.13210007133399998,0.12450006723,0.050800027432,0.09650005211,0.109200058968,0.228600123444,0.058400031536,0.114300061722,0.09140004935599999,0.06100003294,0.08130004390199999,0.116800063072,0.076200041148,0.101600054864,0.11940006447600002,0.088900048006,0.048300026082,0.12190006582599998,0.076200041148,0.08130004390199999,0.07110003839399999,0.0,0.062250033615000006,0.08192504423949999,0.10916310242630435,0.107950058293,0.12190006582599998,0.14225007681500001,0.23880012895200003,2023-12-21
12-22,12,22,0.0,0.15750008505,0.109200058968,0.241300130302,0.218400117936,0.13970007543799998,0.088900048006,0.06600003564,0.09650005211,0.09650005211,0.088900048006,0.13970007543799998,0.116800063072,0.09650005211,0.114300061722,0.13970007543799998,0.22100011934000002,0.116800063072,0.101600054864,0.07110003839399999,0.13460007268399998,0.12190006582599998,0.106700057618,0.12190006582599998,0.11940006447600002,0.13210007133399998,0.12450006723,0.055900030186,0.09910005351399999,0.109200058968,0.241300130302,0.068600037044,0.114300061722,0.09910005351399999,0.09140004935599999,0.09650005211,0.116800063072,0.076200041148,0.106700057618,0.11940006447600002,0.088900048006,0.048300026082,0.154900083646,0.076200041148,0.08130004390199999,0.07110003839399999,0.0,0.069850037719,0.088900048006,0.1129718001351739,0.107950058293,0.12385006687899999,0.15620008434799998,0.241300130302,2023-12-22
12-23,12,23,0.0,0.1600000864,0.109200058968,0.241300130302,0.218400117936,0.13970007543799998,0.088900048006,0.076200041148,0.09650005211,0.09650005211,0.088900048006,0.13970007543799998,0.11940006447600002,0.101600054864,0.114300061722,0.13970007543799998,0.22100011934000002,0.116800063072,0.101600054864,0.073700039798,0.13460007268399998,0.12190006582599998,0.109200058968,0.12450006723,0.11940006447600002,0.137200074088,0.12950006993,0.055900030186,0.101600054864,0.109200058968,0.24380013165199996,0.073700039798,0.114300061722,0.104100056214,0.09650005211,0.114300061722,0.116800063072,0.076200041148,0.106700057618,0.111800060372,0.09650005211,0.048300026082,0.154900083646,0.076200041148,0.08130004390199999,0.07110003839399999,0.0,0.073700039798,0.09080004903200001,0.11462832276882608,0.109200058968,0.128250069255,0.157450085023,0.24380013165199996,2023-12-23
12-24,12,24,0.0,0.1600000864,0.12190006582599998,0.246400133056,0.218400117936,0.13970007543799998,0.088900048006,0.086400046656,0.101600054864,0.09910005351399999,0.088900048006,0.13970007543799998,0.11940006447600002,0.106700057618,0.114300061722,0.13970007543799998,0.22350012068999997,0.116800063072,0.101600054864,0.073700039798,0.13460007268399998,0.12190006582599998,0.109200058968,0.12450006723,0.12190006582599998,0.13970007543799998,0.13210007133399998,0.06100003294,0.106700057618,0.111800060372,0.24380013165199996,0.073700039798,0.114300061722,0.109200058968,0.09910005351399999,0.12190006582599998,0.116800063072,0.109200058968,0.106700057618,0.109200058968,0.09650005211,0.058400031536,0.154900083646,0.08130004390199999,0.08130004390199999,0.07110003839399999,0.0,0.073700039798,0.097150052461,0.11733701988369565,0.11050005967000001,0.130200070308,0.157450085023,0.246400133056,2023-12-24
12-25,12,25,0.0,0.16260008780399998,0.12450006723,0.246400133056,0.218400117936,0.13970007543799998,0.09140004935599999,0.086400046656,0.101600054864,0.09910005351399999,0.088900048006,0.13970007543799998,0.11940006447600002,0.106700057618,0.114300061722,0.13970007543799998,0.22350012068999997,0.11940006447600002,0.101600054864,0.073700039798,0.147300079542,0.12190006582599998,0.109200058968,0.12450006723,0.12450006723,0.13970007543799998,0.13460007268399998,0.068600037044,0.111800060372,0.111800060372,0.24380013165199996,0.073700039798,0.116800063072,0.109200058968,0.09910005351399999,0.12190006582599998,0.12190006582599998,0.116800063072,0.109200058968,0.111800060372,0.09650005211,0.073700039798,0.1600000864,0.08130004390199999,0.08380004525200001,0.068600037044,0.0,0.073700039798,0.097150052461,0.11910875997086955,0.113050061047,0.13207507132049998,0.161300087102,0.246400133056,2023-12-25
12-26,12,26,0.0,0.170200091908,0.12450006723,0.246400133056,0.218400117936,0.13970007543799998,0.09140004935599999,0.086400046656,0.109200058968,0.09910005351399999,0.09140004935599999,0.13970007543799998,0.11940006447600002,0.106700057618,0.114300061722,0.13970007543799998,0.22350012068999997,0.11940006447600002,0.101600054864,0.073700039798,0.149900080946,0.12190006582599998,0.109200058968,0.12950006993,0.12450006723,0.13970007543799998,0.13460007268399998,0.07110003839399999,0.12950006993,0.111800060372,0.24380013165199996,0.073700039798,0.116800063072,0.109200058968,0.101600054864,0.12450006723,0.12700006858000001,0.12190006582599998,0.109200058968,0.116800063072,0.101600054864,0.076200041148,0.1600000864,0.08130004390199999,0.09140004935599999,0.06600003564,0.0,0.074950040473,0.09972505385149999,0.12081310871730436,0.116800063072,0.13332507199549998,0.16510008915399998,0.246400133056,2023-12-26
12-27,12,27,0.0,0.18800010152,0.12450006723,0.26670014401799996,0.218400117936,0.13970007543799998,0.09140004935599999,0.086400046656,0.111800060372,0.09910005351399999,0.09140004935599999,0.13970007543799998,0.11940006447600002,0.106700057618,0.114300061722,0.13970007543799998,0.226100122094,0.11940006447600002,0.106700057618,0.073700039798,0.149900080946,0.12190006582599998,0.109200058968,0.13460007268399998,0.12450006723,0.14480007819200003,0.13460007268399998,0.07110003839399999,0.12950006993,0.111800060372,0.24380013165199996,0.073700039798,0.11940006447600002,0.109200058968,0.104100056214,0.12190006582599998,0.12700006858000001,0.12190006582599998,0.114300061722,0.116800063072,0.104100056214,0.09650005211,0.1600000864,0.08130004390199999,0.09650005211,0.073700039798,0.0,0.07750004184999999,0.10035005418899999,0.1230261533906087,0.11810006377400001,0.13460007268399998,0.17400009396,0.26670014401799996,2023-12-27
12-28,12,28,0.0,0.19300010422,0.12950006993,0.274300148122,0.22350012068999997,0.13970007543799998,0.09140004935599999,0.086400046656,0.111800060372,0.104100056214,0.09140004935599999,0.13970007543799998,0.11940006447600002,0.106700057618,0.114300061722,0.13970007543799998,0.236200127548,0.11940006447600002,0.106700057618,0.073700039798,0.149900080946,0.12190006582599998,0.109200058968,0.137200074088,0.12450006723,0.14480007819200003,0.137200074088,0.07110003839399999,0.13460007268399998,0.111800060372,0.24380013165199996,0.073700039798,0.12190006582599998,0.109200058968,0.106700057618,0.12450006723,0.13210007133399998,0.12190006582599998,0.114300061722,0.116800063072,0.104100056214,0.106700057618,0.170200091908,0.08130004390199999,0.101600054864,0.08380004525200001,0.0,0.08255004457699999,0.104750056565,0.1251239806103913,0.11810006377400001,0.137200074088,0.18160009806400002,0.274300148122,2023-12-28
12-29,12,29,0.0,0.19300010422,0.12950006993,0.276900149526,0.228600123444,0.13970007543799998,0.09400005076,0.086400046656,0.111800060372,0.104100056214,0.09400005076,0.13970007543799998,0.12190006582599998,0.109200058968,0.114300061722,0.13970007543799998,0.24380013165199996,0.11940006447600002,0.111800060372,0.073700039798,0.149900080946,0.12450006723,0.109200058968,0.13970007543799998,0.12700006858000001,0.149900080946,0.14220007678799998,0.07110003839399999,0.13460007268399998,0.111800060372,0.24380013165199996,0.078700042498,0.12190006582599998,0.109200058968,0.109200058968,0.12700006858000001,0.13210007133399998,0.12190006582599998,0.114300061722,0.11940006447600002,0.109200058968,0.109200058968,0.18030009736199998,0.08130004390199999,0.104100056214,0.08380004525200001,0.0,0.08255004457699999,0.109200058968,0.12688702504069563,0.11940006447600002,0.13970007543799998,0.18665010079099997,0.276900149526,2023-12-29
12-30,12,30,0.0,0.198100106974,0.12950006993,0.276900149526,0.236200127548,0.13970007543799998,0.09400005076,0.086400046656,0.111800060372,0.104100056214,0.09650005211,0.13970007543799998,0.13970007543799998,0.109200058968,0.114300061722,0.14220007678799998,0.246400133056,0.12190006582599998,0.114300061722,0.073700039798,0.149900080946,0.12450006723,0.114300061722,0.14220007678799998,0.13970007543799998,0.154900083646,0.14220007678799998,0.073700039798,0.13460007268399998,0.116800063072,0.248900134406,0.08130004390199999,0.12190006582599998,0.109200058968,0.111800060372,0.12950006993,0.13210007133399998,0.12190006582599998,0.116800063072,0.12190006582599998,0.111800060372,0.114300061722,0.18030009736199998,0.08130004390199999,0.116800063072,0.08380004525200001,0.0,0.08255004457699999,0.109850059319,0.1293696350769565,0.12190006582599998,0.13970007543799998,0.18920010216799998,0.276900149526,2023-12-30
12-31,12,31,0.0,0.213400115236,0.12950006993,0.28960015638400005,0.236200127548,0.14480007819200003,0.09400005076,0.086400046656,0.116800063072,0.104100056214,0.09650005211,0.13970007543799998,0.149900080946,0.109200058968,0.116800063072,0.147300079542,0.248900134406,0.12190006582599998,0.114300061722,0.073700039798,0.149900080946,0.12700006858000001,0.114300061722,0.14220007678799998,0.14480007819200003,0.15750008505,0.14220007678799998,0.086400046656,0.13460007268399998,0.12190006582599998,0.25400013716000003,0.08380004525200001,0.12190006582599998,0.109200058968,0.111800060372,0.12700006858000001,0.13210007133399998,0.12190006582599998,0.12190006582599998,0.12190006582599998,0.111800060372,0.13460007268399998,0.18290009876600002,0.08130004390199999,0.12700006858000001,0.08380004525200001,0.0,0.085100045954,0.109850059319,0.13218920181691304,0.12190006582599998,0.144150077841,0.198150107001,0.28960015638400005,2023-12-31
01-01,1,1,0.0,0.215900116586,0.12950006993,0.28960015638400005,0.23880012895200003,0.14480007819200003,0.09400005076,0.086400046656,0.116800063072,0.104100056214,0.09650005211,0.14220007678799998,0.149900080946,0.111800060372,0.116800063072,0.15750008505,0.25400013716000003,0.12190006582599998,0.11940006447600002,0.073700039798,0.149900080946,0.12950006993,0.12190006582599998,0.14220007678799998,0.15750008505,0.17270009325799998,0.14220007678799998,0.088900048006,0.13460007268399998,0.12190006582599998,0.25400013716000003,0.08380004525200001,0.12450006723,0.114300061722,0.111800060372,0.13210007133399998,0.13210007133399998,0.12190006582599998,0.12190006582599998,0.12190006582599998,0.116800063072,0.13970007543799998,0.195600105624,0.08130004390199999,0.12700006858000001,0.08380004525200001,0.0,0.085100045954,0.11242506070950001,0.13450876828686956,0.12320006652799999,0.144150077841,0.205750111105,0.28960015638400005,2023-01-01
01-02,1,2,0.0,0.236200127548,0.12950006993,0.28960015638400005,0.23880012895200003,0.14480007819200003,0.109200058968,0.086400046656,0.116800063072,0.104100056214,0.09650005211,0.14220007678799998,0.149900080946,0.114300061722,0.116800063072,0.165100089154,0.25400013716000003,0.12190006582599998,0.12190006582599998,0.073700039798,0.149900080946,0.13460007268399998,0.12450006723,0.14480007819200003,0.16260008780399998,0.175300094662,0.14220007678799998,0.088900048006,0.13460007268399998,0.12190006582599998,0.25400013716000003,0.08380004525200001,0.12450006723,0.114300061722,0.111800060372,0.13210007133399998,0.13460007268399998,0.12190006582599998,0.12190006582599998,0.13210007133399998,0.116800063072,0.13970007543799998,0.20570011107800001,0.08130004390199999,0.137200074088,0.088900048006,0.0,0.087650047331,0.114300061722,0.1367739869013913,0.12700006858,0.14480007819200003,0.22095011931300002,0.28960015638400005,2023-01-02
01-03,1,3,0.0,0.241300130302,0.12950006993,0.299700161838,0.23880012895200003,0.14480007819200003,0.109200058968,0.086400046656,0.116800063072,0.111800060372,0.09910005351399999,0.14220007678799998,0.1600000864,0.114300061722,0.116800063072,0.16760009050400002,0.271800146772,0.12700006858000001,0.12190006582599998,0.078700042498,0.149900080946,0.13460007268399998,0.12450006723,0.152400082296,0.16260008780399998,0.18030009736199998,0.14220007678799998,0.09140004935599999,0.14480007819200003,0.12190006582599998,0.25400013716000003,0.08380004525200001,0.12450006723,0.114300061722,0.114300061722,0.13210007133399998,0.14480007819200003,0.12190006582599998,0.12190006582599998,0.13460007268399998,0.116800063072,0.13970007543799998,0.213400115236,0.08130004390199999,0.14220007678799998,0.088900048006,0.0,0.087650047331,0.114300061722,0.13936529264852174,0.128250069255,0.1486250802575,0.22610012209400002,0.299700161838,2023-01-03
01-04,1,4,0.0,0.241300130302,0.12950006993,0.299700161838,0.23880012895200003,0.152400082296,0.109200058968,0.086400046656,0.116800063072,0.111800060372,0.09910005351399999,0.14220007678799998,0.16260008780399998,0.114300061722,0.116800063072,0.16760009050400002,0.292100157734,0.13210007133399998,0.12190006582599998,0.08130004390199999,0.149900080946,0.13460007268399998,0.12450006723,0.154900083646,0.16260008780399998,0.18800010152,0.14220007678799998,0.09140004935599999,0.14480007819200003,0.12190006582599998,0.25400013716000003,0.08380004525200001,0.12450006723,0.114300061722,0.116800063072,0.13210007133399998,0.149900080946,0.12190006582599998,0.12450006723,0.13460007268399998,0.11940006447600002,0.13970007543799998,0.215900116586,0.08130004390199999,0.14220007678799998,0.088900048006,0.0,0.087650047331,0.1149250620595,0.140750076005,0.130800070632,0.15177508195849998,0.22735012276900002,0.299700161838,2023-01-04
01-05,1,5,0.0,0.246400133056,0.12950006993,0.299700161838,0.23880012895200003,0.152400082296,0.111800060372,0.086400046656,0.116800063072,0.111800060372,0.09910005351399999,0.14220007678799998,0.16260008780399998,0.114300061722,0.116800063072,0.18290009876600002,0.292100157734,0.13460007268399998,0.12190006582599998,0.086400046656,0.149900080946,0.13460007268399998,0.12450006723,0.154900083646,0.16260008780399998,0.19050010287,0.16260008780399998,0.09650005211,0.14480007819200003,0.12190006582599998,0.25400013716000003,0.08380004525200001,0.12450006723,0.11940006447600002,0.11940006447600002,0.12950006993,0.177800096012,0.12190006582599998,0.12450006723,0.13460007268399998,0.11940006447600002,0.13970007543799998,0.215900116586,0.08380004525200001,0.14220007678799998,0.088900048006,0.0,0.087650047331,0.116800063072,0.14279572928356518,0.12950006993,0.16067508676449999,0.22735012276900002,0.299700161838,2023-01-05
01-06,1,6,0.0,0.25400013716000003,0.12950006993,0.302300163242,0.23880012895200003,0.154900083646,0.11940006447600002,0.088900048006,0.116800063072,0.111800060372,0.09910005351399999,0.14220007678799998,0.16260008780399998,0.12450006723,0.11940006447600002,0.18800010152,0.292100157734,0.13970007543799998,0.12190006582599998,0.088900048006,0.149900080946,0.13460007268399998,0.13460007268399998,0.154900083646,0.16760009050400002,0.19050010287,0.16260008780399998,0.12450006723,0.149900080946,0.12190006582599998,0.25400013716000003,0.08380004525200001,0.12450006723,0.11940006447600002,0.11940006447600002,0.12950006993,0.177800096012,0.12190006582599998,0.12450006723,0.13460007268399998,0.12950006993,0.16260008780399998,0.215900116586,0.088900048006,0.14480007819200003,0.09910005351399999,0.0,0.09400005076,0.11940006447600002,0.14600007884,0.13205007130699997,0.16260008780399998,0.22735012276900002,0.302300163242,2023-01-06
01-07,1,7,0.0,0.25400013716000003,0.13210007133399998,0.304800164592,0.23880012895200003,0.17270009325799998,0.12190006582599998,0.09650005211,0.12190006582599998,0.111800060372,0.09910005351399999,0.14480007819200003,0.16260008780399998,0.12700006858000001,0.12190006582599998,0.18800010152,0.294600159084,0.13970007543799998,0.12190006582599998,0.088900048006,0.149900080946,0.13970007543799998,0.13460007268399998,0.154900083646,0.170200091908,0.19050010287,0.165100089154,0.137200074088,0.152400082296,0.12190006582599998,0.25400013716000003,0.08380004525200001,0.12450006723,0.11940006447600002,0.116800063072,0.12950006993,0.18290009876600002,0.12700006858000001,0.12950006993,0.137200074088,0.12950006993,0.165100089154,0.22350012068999997,0.088900048006,0.14480007819200003,0.09910005351399999,0.0,0.097800052812,0.12190006582599998,0.148150080001,0.135900073386,0.165100089154,0.231150124821,0.304800164592,2023-01-07
01-08,1,8,0.0,0.25400013716000003,0.13970007543799998,0.304800164592,0.23880012895200003,0.170200091908,0.12190006582599998,0.09650005211,0.12450006723,0.111800060372,0.101600054864,0.152400082296,0.165100089154,0.12700006858000001,0.12450006723,0.18800010152,0.297200160488,0.13970007543799998,0.12190006582599998,0.088900048006,0.149900080946,0.14220007678799998,0.13460007268399998,0.154900083646,0.17270009325799998,0.195600105624,0.165100089154,0.137200074088,0.152400082296,0.12190006582599998,0.25400013716000003,0.088900048006,0.12450006723,0.12450006723,0.116800063072,0.137200074088,0.18540010011600003,0.12700006858000001,0.137200074088,0.137200074088,0.12950006993,0.165100089154,0.22350012068999997,0.09140004935599999,0.14480007819200003,0.101600054864,0.0,0.099050053487,0.12255006617699998,0.14964355906834784,0.137200074088,0.165100089154,0.231150124821,0.304800164592,2023-01-08
01-09,1,9,0.0,0.25400013716000003,0.147300079542,0.304800164592,0.23880012895200003,0.17270009325799998,0.12190006582599998,0.09910005351399999,0.12450006723,0.116800063072,0.106700057618,0.152400082296,0.16760009050400002,0.12700006858000001,0.12450006723,0.18800010152,0.299700161838,0.14220007678799998,0.12190006582599998,0.09140004935599999,0.149900080946,0.14220007678799998,0.13460007268399998,0.154900083646,0.18800010152,0.20070010837799998,0.16760009050400002,0.13970007543799998,0.165100089154,0.12190006582599998,0.25400013716000003,0.088900048006,0.12450006723,0.12700006858000001,0.116800063072,0.13970007543799998,0.19050010287,0.12700006858000001,0.137200074088,0.14220007678799998,0.12950006993,0.16760009050400002,0.22350012068999997,0.09140004935599999,0.147300079542,0.104100056214,0.0,0.10160005486399999,0.12255006617699998,0.15167616886160867,0.14095007611299998,0.16760009050400002,0.231150124821,0.304800164592,2023-01-09
01-10,1,10,0.0,0.25400013716000003,0.147300079542,0.304800164592,0.24380013165199996,0.17270009325799998,0.12190006582599998,0.101600054864,0.12450006723,0.116800063072,0.106700057618,0.152400082296,0.170200091908,0.13210007133399998,0.12450006723,0.18800010152,0.299700161838,0.14220007678799998,0.12190006582599998,0.09400005076,0.149900080946,0.14220007678799998,0.13460007268399998,0.154900083646,0.20570011107800001,0.20070010837799998,0.16760009050400002,0.147300079542,0.170200091908,0.12190006582599998,0.259100139914,0.088900048006,0.12700006858000001,0.13460007268399998,0.116800063072,0.137200074088,0.218400117936,0.12700006858000001,0.137200074088,0.14220007678799998,0.12950006993,0.16760009050400002,0.22350012068999997,0.101600054864,0.147300079542,0.104100056214,0.0,0.10285005553900001,0.12255006617699998,0.15382834393682607,0.14220007678799998,0.170200091908,0.23365012617099995,0.304800164592,2023-01-10
01-11,1,11,0.0,0.25400013716000003,0.147300079542,0.304800164592,0.24380013165199996,0.17270009325799998,0.12190006582599998,0.101600054864,0.137200074088,0.116800063072,0.106700057618,0.152400082296,0.175300094662,0.13460007268399998,0.12450006723,0.19300010422,0.299700161838,0.14480007819200003,0.12190006582599998,0.111800060372,0.152400082296,0.14220007678799998,0.137200074088,0.154900083646,0.226100122094,0.20070010837799998,0.16760009050400002,0.147300079542,0.170200091908,0.12190006582599998,0.259100139914,0.088900048006,0.13460007268399998,0.14480007819200003,0.11940006447600002,0.137200074088,0.236200127548,0.13210007133399998,0.137200074088,0.14480007819200003,0.12950006993,0.16760009050400002,0.231100124794,0.111800060372,0.149900080946,0.104100056214,0.0,0.10925005899500001,0.12255006617699998,0.1568174759857391,0.14480007819200003,0.1720750929205,0.24000012959999997,0.304800164592,2023-01-11
01-12,1,12,0.0,0.25650013851000003,0.147300079542,0.312400168696,0.24380013165199996,0.17270009325799998,0.12190006582599998,0.116800063072,0.137200074088,0.116800063072,0.106700057618,0.15750008505,0.18540010011600003,0.13460007268399998,0.13210007133399998,0.19300010422,0.309900167346,0.1600000864,0.12190006582599998,0.12450006723,0.152400082296,0.14220007678799998,0.137200074088,0.154900083646,0.24380013165199996,0.208300112482,0.177800096012,0.1600000864,0.170200091908,0.12190006582599998,0.259100139914,0.088900048006,0.13460007268399998,0.15750008505,0.12190006582599998,0.137200074088,0.259100139914,0.137200074088,0.137200074088,0.149900080946,0.12950006993,0.16760009050400002,0.236200127548,0.114300061722,0.154900083646,0.104100056214,0.0,0.115550062397,0.12575006790499998,0.16106313045230433,0.148600080244,0.1765250953235,0.250150135081,0.312400168696,2023-01-12
01-13,1,13,0.0,0.25650013851000003,0.147300079542,0.312400168696,0.24380013165199996,0.17270009325799998,0.12190006582599998,0.116800063072,0.137200074088,0.116800063072,0.106700057618,0.16260008780399998,0.18540010011600003,0.13460007268399998,0.13210007133399998,0.19300010422,0.3150001701,0.165100089154,0.12190006582599998,0.12450006723,0.1600000864,0.14220007678799998,0.137200074088,0.154900083646,0.246400133056,0.208300112482,0.177800096012,0.1600000864,0.170200091908,0.12190006582599998,0.259100139914,0.088900048006,0.13460007268399998,0.170200091908,0.12450006723,0.137200074088,0.259100139914,0.137200074088,0.137200074088,0.152400082296,0.13210007133399998,0.16760009050400002,0.241300130302,0.149900080946,0.154900083646,0.104100056214,0.0,0.116800063072,0.13210007133399998,0.16294574016456523,0.151150081621,0.1765250953235,0.251450135783,0.3150001701,2023-01-13
01-14,1,14,0.0,0.259100139914,0.147300079542,0.312400168696,0.24380013165199996,0.17270009325799998,0.12190006582599998,0.116800063072,0.137200074088,0.12450006723,0.111800060372,0.165100089154,0.18540010011600003,0.13460007268399998,0.13210007133399998,0.19300010422,0.3200001728,0.177800096012,0.12190006582599998,0.12450006723,0.16260008780399998,0.14480007819200003,0.137200074088,0.154900083646,0.246400133056,0.208300112482,0.177800096012,0.165100089154,0.170200091908,0.12190006582599998,0.259100139914,0.088900048006,0.13460007268399998,0.17270009325799998,0.12450006723,0.137200074088,0.259100139914,0.137200074088,0.137200074088,0.1600000864,0.13210007133399998,0.16760009050400002,0.241300130302,0.15750008505,0.15750008505,0.104100056214,0.0,0.11935006444899998,0.13210007133399998,0.16438487137647825,0.15620008434799998,0.177800096012,0.252750136485,0.3200001728,2023-01-14
01-15,1,15,0.0,0.261600141264,0.147300079542,0.312400168696,0.24380013165199996,0.17270009325799998,0.12190006582599998,0.116800063072,0.13970007543799998,0.12950006993,0.116800063072,0.16760009050400002,0.18540010011600003,0.13460007268399998,0.13210007133399998,0.19300010422,0.3200001728,0.177800096012,0.12190006582599998,0.12450006723,0.16260008780399998,0.14480007819200003,0.13970007543799998,0.154900083646,0.246400133056,0.21080011383199998,0.177800096012,0.165100089154,0.170200091908,0.12190006582599998,0.259100139914,0.088900048006,0.13460007268399998,0.17270009325799998,0.12450006723,0.13970007543799998,0.259100139914,0.137200074088,0.137200074088,0.16260008780399998,0.13210007133399998,0.16760009050400002,0.241300130302,0.16760009050400002,0.15750008505,0.104100056214,0.0,0.11935006444899998,0.13210007133399998,0.16520443703643478,0.15620008434799998,0.177800096012,0.252750136485,0.3200001728,2023-01-15
01-16,1,16,0.0,0.26420014266799996,0.147300079542,0.312400168696,0.24380013165199996,0.17270009325799998,0.12190006582599998,0.12190006582599998,0.13970007543799998,0.12950006993,0.13460007268399998,0.16760009050400002,0.18800010152,0.13460007268399998,0.165100089154,0.19300010422,0.3200001728,0.18540010011600003,0.12950006993,0.12450006723,0.16260008780399998,0.14480007819200003,0.13970007543799998,0.154900083646,0.248900134406,0.218400117936,0.177800096012,0.16760009050400002,0.170200091908,0.12190006582599998,0.259100139914,0.088900048006,0.13460007268399998,0.17270009325799998,0.12700006858000001,0.14220007678799998,0.259100139914,0.137200074088,0.137200074088,0.165100089154,0.13210007133399998,0.16760009050400002,0.24380013165199996,0.170200091908,0.15750008505,0.104100056214,0.0,0.12190006582599998,0.13460007268399998,0.16741095996708696,0.16005008642699997,0.18350009909000004,0.25400013716000003,0.3200001728,2023-01-16
01-17,1,17,0.0,0.26420014266799996,0.147300079542,0.312400168696,0.24380013165199996,0.17270009325799998,0.12190006582599998,0.12700006858000001,0.13970007543799998,0.13210007133399998,0.13460007268399998,0.16760009050400002,0.20070010837799998,0.13460007268399998,0.17270009325799998,0.20570011107800001,0.3200001728,0.18540010011600003,0.13970007543799998,0.12450006723,0.16260008780399998,0.14480007819200003,0.13970007543799998,0.154900083646,0.248900134406,0.218400117936,0.177800096012,0.16760009050400002,0.170200091908,0.12190006582599998,0.26420014266799996,0.09650005211,0.13460007268399998,0.17270009325799998,0.13210007133399998,0.147300079542,0.259100139914,0.137200074088,0.137200074088,0.165100089154,0.13460007268399998,0.16760009050400002,0.24380013165199996,0.17270009325799998,0.15750008505,0.104100056214,0.0,0.12320006652799999,0.13460007268399998,0.1691240043703913,0.16005008642699997,0.18350009909000004,0.25400013716000003,0.3200001728,2023-01-17
01-18,1,18,0.0,0.26420014266799996,0.147300079542,0.312400168696,0.24380013165199996,0.177800096012,0.12190006582599998,0.12700006858000001,0.13970007543799998,0.13210007133399998,0.137200074088,0.16760009050400002,0.20070010837799998,0.13460007268399998,0.18030009736199998,0.218400117936,0.3200001728,0.195600105624,0.14220007678799998,0.12450006723,0.16260008780399998,0.14480007819200003,0.13970007543799998,0.154900083646,0.25150013581,0.22350012068999997,0.177800096012,0.170200091908,0.170200091908,0.12190006582599998,0.27940015087599995,0.09650005211,0.13460007268399998,0.17270009325799998,0.13210007133399998,0.152400082296,0.259100139914,0.137200074088,0.16260008780399998,0.165100089154,0.13460007268399998,0.16760009050400002,0.246400133056,0.18800010152,0.1600000864,0.104100056214,0.0,0.12320006652799999,0.13525007303499997,0.17166965791895653,0.16260008780399998,0.193700104598,0.255300137862,0.3200001728,2023-01-18
01-19,1,19,0.0,0.271800146772,0.147300079542,0.312400168696,0.24380013165199996,0.18290009876600002,0.12450006723,0.12700006858000001,0.13970007543799998,0.13210007133399998,0.14220007678799998,0.16760009050400002,0.20570011107800001,0.13460007268399998,0.18030009736199998,0.22350012068999997,0.3200001728,0.195600105624,0.16260008780399998,0.13460007268399998,0.16260008780399998,0.147300079542,0.13970007543799998,0.154900083646,0.25150013581,0.231100124794,0.177800096012,0.175300094662,0.170200091908,0.12450006723,0.27940015087599995,0.101600054864,0.13460007268399998,0.17270009325799998,0.13210007133399998,0.154900083646,0.259100139914,0.137200074088,0.16260008780399998,0.165100089154,0.13460007268399998,0.16760009050400002,0.246400133056,0.19050010287,0.16260008780399998,0.109200058968,0.0,0.125750067905,0.13525007303499997,0.17376748513873913,0.16260008780399998,0.19432510493549998,0.255300137862,0.3200001728,2023-01-19
01-20,1,20,0.0,0.27940015087599995,0.147300079542,0.31750017145000003,0.246400133056,0.18290009876600002,0.12700006858000001,0.12700006858000001,0.13970007543799998,0.13210007133399998,0.14220007678799998,0.16760009050400002,0.20570011107800001,0.13460007268399998,0.18030009736199998,0.23880012895200003,0.3200001728,0.203200109728,0.16760009050400002,0.137200074088,0.16260008780399998,0.149900080946,0.13970007543799998,0.154900083646,0.25400013716000003,0.23370012619799999,0.177800096012,0.175300094662,0.170200091908,0.12700006858000001,0.292100157734,0.106700057618,0.13460007268399998,0.17270009325799998,0.13210007133399998,0.15750008505,0.26670014401799996,0.147300079542,0.165100089154,0.165100089154,0.13460007268399998,0.16760009050400002,0.248900134406,0.19050010287,0.165100089154,0.109200058968,0.0,0.12700006858000001,0.1378250744255,0.17603052983904346,0.165100089154,0.2000251080135,0.26035014058899997,0.3200001728,2023-01-20
01-21,1,21,0.0,0.28960015638400005,0.147300079542,0.31750017145000003,0.248900134406,0.19300010422,0.12700006858000001,0.12700006858000001,0.13970007543799998,0.13210007133399998,0.14220007678799998,0.16760009050400002,0.20570011107800001,0.13460007268399998,0.18030009736199998,0.23880012895200003,0.3200001728,0.20570011107800001,0.17270009325799998,0.137200074088,0.165100089154,0.149900080946,0.13970007543799998,0.154900083646,0.25400013716000003,0.236200127548,0.18290009876600002,0.175300094662,0.170200091908,0.12700006858000001,0.292100157734,0.106700057618,0.13460007268399998,0.17270009325799998,0.13210007133399998,0.165100089154,0.26670014401799996,0.165100089154,0.165100089154,0.165100089154,0.13460007268399998,0.170200091908,0.248900134406,0.19050010287,0.165100089154,0.109200058968,0.0,0.12700006858000001,0.1378250744255,0.17751966107795653,0.165100089154,0.20252510936350002,0.26035014058899997,0.3200001728,2023-01-21
01-22,1,22,0.0,0.28960015638400005,0.149900080946,0.31750017145000003,0.25150013581,0.19300010422,0.12700006858000001,0.12700006858000001,0.13970007543799998,0.13210007133399998,0.14220007678799998,0.16760009050400002,0.20570011107800001,0.13460007268399998,0.18290009876600002,0.248900134406,0.3200001728,0.20570011107800001,0.18540010011600003,0.147300079542,0.165100089154,0.149900080946,0.13970007543799998,0.154900083646,0.25650013851000003,0.23880012895200003,0.18540010011600003,0.177800096012,0.170200091908,0.12950006993,0.292100157734,0.12450006723,0.13460007268399998,0.17270009325799998,0.13210007133399998,0.16760009050400002,0.26920014536799997,0.16760009050400002,0.18030009736199998,0.165100089154,0.13460007268399998,0.170200091908,0.248900134406,0.19300010422,0.165100089154,0.109200058968,0.0,0.128250069255,0.13970007543799998,0.17961314046930435,0.16760009050400002,0.20252510936350002,0.262850141939,0.3200001728,2023-01-22
01-23,1,23,0.0,0.28960015638400005,0.149900080946,0.31750017145000003,0.25400013716000003,0.19300010422,0.12700006858000001,0.12700006858000001,0.13970007543799998,0.13210007133399998,0.14220007678799998,0.170200091908,0.218400117936,0.13460007268399998,0.18290009876600002,0.25400013716000003,0.3200001728,0.208300112482,0.18540010011600003,0.152400082296,0.165100089154,0.154900083646,0.13970007543799998,0.154900083646,0.25650013851000003,0.23880012895200003,0.18540010011600003,0.177800096012,0.175300094662,0.137200074088,0.297200160488,0.12450006723,0.13460007268399998,0.17270009325799998,0.13210007133399998,0.16760009050400002,0.26920014536799997,0.170200091908,0.18540010011600003,0.170200091908,0.13460007268399998,0.170200091908,0.25150013581,0.19300010422,0.165100089154,0.109200058968,0.0,0.129550069957,0.13970007543799998,0.18111096736508694,0.170200091908,0.20447511041650002,0.262850141939,0.3200001728,2023-01-23
01-24,1,24,0.0,0.28960015638400005,0.149900080946,0.31750017145000003,0.25400013716000003,0.198100106974,0.12950006993,0.12700006858000001,0.13970007543799998,0.13970007543799998,0.14480007819200003,0.170200091908,0.22100011934000002,0.13460007268399998,0.18290009876600002,0.25400013716000003,0.322600174204,0.208300112482,0.19300010422,0.152400082296,0.165100089154,0.154900083646,0.14220007678799998,0.154900083646,0.25650013851000003,0.23880012895200003,0.18540010011600003,0.177800096012,0.18290009876600002,0.14220007678799998,0.297200160488,0.12950006993,0.13460007268399998,0.17270009325799998,0.13210007133399998,0.17270009325799998,0.271800146772,0.170200091908,0.18800010152,0.170200091908,0.13460007268399998,0.170200091908,0.25150013581,0.19300010422,0.165100089154,0.111800060372,0.0,0.130800070632,0.14220007678799998,0.18249357680734785,0.170200091908,0.205750111105,0.264150142641,0.322600174204,2023-01-24
01-25,1,25,0.0,0.292100157734,0.152400082296,0.31750017145000003,0.25650013851000003,0.198100106974,0.12950006993,0.12700006858000001,0.13970007543799998,0.13970007543799998,0.14480007819200003,0.170200091908,0.22350012068999997,0.13460007268399998,0.18290009876600002,0.26920014536799997,0.32510017555399995,0.208300112482,0.20070010837799998,0.152400082296,0.165100089154,0.154900083646,0.14480007819200003,0.154900083646,0.25650013851000003,0.23880012895200003,0.18540010011600003,0.18030009736199998,0.198100106974,0.14220007678799998,0.297200160488,0.12700006858000001,0.13460007268399998,0.17270009325799998,0.137200074088,0.18540010011600003,0.271800146772,0.170200091908,0.18800010152,0.175300094662,0.137200074088,0.177800096012,0.25400013716000003,0.19300010422,0.165100089154,0.111800060372,0.0,0.13205007130699997,0.142850077139,0.18442401263239128,0.17400009396,0.206400111456,0.27050014606999995,0.32510017555399995,2023-01-25
01-26,1,26,0.0,0.292100157734,0.152400082296,0.3200001728,0.25650013851000003,0.198100106974,0.13210007133399998,0.12950006993,0.13970007543799998,0.13970007543799998,0.14480007819200003,0.170200091908,0.22350012068999997,0.13460007268399998,0.18290009876600002,0.27940015087599995,0.330200178308,0.21080011383199998,0.203200109728,0.15750008505,0.170200091908,0.154900083646,0.14480007819200003,0.15750008505,0.25650013851000003,0.23880012895200003,0.18540010011600003,0.18030009736199998,0.21080011383199998,0.14220007678799998,0.304800164592,0.12700006858000001,0.137200074088,0.17270009325799998,0.137200074088,0.18540010011600003,0.274300148122,0.17270009325799998,0.18800010152,0.175300094662,0.137200074088,0.177800096012,0.25400013716000003,0.203200109728,0.16760009050400002,0.111800060372,0.0,0.13335007200899998,0.142850077139,0.1861914048911304,0.17400009396,0.21080011383199998,0.276850149499,0.330200178308,2023-01-26
01-27,1,27,0.0,0.292100157734,0.152400082296,0.322600174204,0.25650013851000003,0.198100106974,0.13210007133399998,0.12950006993,0.13970007543799998,0.147300079542,0.14480007819200003,0.170200091908,0.22350012068999997,0.14220007678799998,0.18290009876600002,0.28450015363,0.332700179658,0.21080011383199998,0.203200109728,0.1600000864,0.170200091908,0.154900083646,0.14480007819200003,0.15750008505,0.25650013851000003,0.241300130302,0.18540010011600003,0.18030009736199998,0.21080011383199998,0.14480007819200003,0.30730016594200005,0.13210007133399998,0.137200074088,0.17270009325799998,0.137200074088,0.18540010011600003,0.274300148122,0.17270009325799998,0.18800010152,0.177800096012,0.137200074088,0.177800096012,0.259100139914,0.203200109728,0.16760009050400002,0.114300061722,0.0,0.134650072711,0.14480007819200003,0.18729357939934776,0.175250094635,0.21080011383199998,0.279400150876,0.332700179658,2023-01-27
01-28,1,28,0.0,0.304800164592,0.152400082296,0.322600174204,0.25650013851000003,0.198100106974,0.13210007133399998,0.12950006993,0.13970007543799998,0.147300079542,0.14480007819200003,0.170200091908,0.22350012068999997,0.147300079542,0.18800010152,0.28700015498,0.340400183816,0.21080011383199998,0.203200109728,0.1600000864,0.170200091908,0.154900083646,0.149900080946,0.15750008505,0.25650013851000003,0.241300130302,0.18540010011600003,0.19050010287,0.213400115236,0.14480007819200003,0.309900167346,0.13210007133399998,0.147300079542,0.17270009325799998,0.137200074088,0.18540010011600003,0.274300148122,0.17270009325799998,0.18800010152,0.18030009736199998,0.137200074088,0.177800096012,0.26420014266799996,0.203200109728,0.16760009050400002,0.114300061722,0.0,0.134650072711,0.147300079542,0.18884358023634779,0.175250094635,0.212750114885,0.280650151551,0.340400183816,2023-01-28
01-29,1,29,0.0,0.304800164592,0.154900083646,0.322600174204,0.25650013851000003,0.198100106974,0.147300079542,0.12950006993,0.13970007543799998,0.149900080946,0.147300079542,0.170200091908,0.22350012068999997,0.149900080946,0.19050010287,0.297200160488,0.340400183816,0.21080011383199998,0.203200109728,0.1600000864,0.17270009325799998,0.165100089154,0.16260008780399998,0.15750008505,0.25650013851000003,0.248900134406,0.18540010011600003,0.21080011383199998,0.218400117936,0.14480007819200003,0.312400168696,0.13210007133399998,0.147300079542,0.17270009325799998,0.137200074088,0.19050010287,0.274300148122,0.17270009325799998,0.18800010152,0.18030009736199998,0.13970007543799998,0.177800096012,0.26920014536799997,0.203200109728,0.16760009050400002,0.114300061722,0.0,0.13845007476299998,0.149900080946,0.19126749458873912,0.175250094635,0.21650011690999998,0.285750154305,0.340400183816,2023-01-29
01-30,1,30,0.0,0.304800164592,0.154900083646,0.322600174204,0.25650013851000003,0.198100106974,0.147300079542,0.137200074088,0.14220007678799998,0.15750008505,0.147300079542,0.170200091908,0.22350012068999997,0.152400082296,0.19050010287,0.299700161838,0.34540018651599996,0.21080011383199998,0.203200109728,0.1600000864,0.175300094662,0.165100089154,0.16260008780399998,0.15750008505,0.261600141264,0.25150013581,0.18540010011600003,0.213400115236,0.218400117936,0.14480007819200003,0.3150001701,0.13210007133399998,0.149900080946,0.19300010422,0.137200074088,0.195600105624,0.274300148122,0.17270009325799998,0.18800010152,0.18290009876600002,0.14220007678799998,0.177800096012,0.276900149526,0.203200109728,0.16760009050400002,0.114300061722,0.0,0.139700075438,0.1530250826335,0.1930957564455652,0.180350097389,0.217150117261,0.288300155682,0.34540018651599996,2023-01-30
01-31,1,31,0.0,0.30730016594200005,0.154900083646,0.322600174204,0.25650013851000003,0.198100106974,0.147300079542,0.149900080946,0.14220007678799998,0.1600000864,0.147300079542,0.170200091908,0.22350012068999997,0.15750008505,0.19050010287,0.309900167346,0.34540018651599996,0.22100011934000002,0.203200109728,0.1600000864,0.177800096012,0.165100089154,0.16260008780399998,0.16260008780399998,0.26670014401799996,0.25400013716000003,0.18540010011600003,0.22350012068999997,0.218400117936,0.147300079542,0.3150001701,0.13210007133399998,0.1600000864,0.19300010422,0.13970007543799998,0.213400115236,0.274300148122,0.17270009325799998,0.18800010152,0.18290009876600002,0.14220007678799998,0.177800096012,0.276900149526,0.203200109728,0.16760009050400002,0.114300061722,0.0,0.14220007678799998,0.15812508538749998,0.19530010546199997,0.180350097389,0.22287512035249998,0.292100157734,0.34540018651599996,2023-01-31
02-01,2,1,0.0,0.31750017145000003,0.154900083646,0.322600174204,0.25650013851000003,0.198100106974,0.147300079542,0.152400082296,0.14220007678799998,0.16260008780399998,0.147300079542,0.170200091908,0.22350012068999997,0.15750008505,0.19050010287,0.31750017145000003,0.34540018651599996,0.22100011934000002,0.208300112482,0.16260008780399998,0.177800096012,0.165100089154,0.165100089154,0.165100089154,0.26920014536799997,0.26420014266799996,0.19050010287,0.231100124794,0.218400117936,0.149900080946,0.3200001728,0.13210007133399998,0.1600000864,0.19300010422,0.13970007543799998,0.213400115236,0.274300148122,0.17270009325799998,0.18800010152,0.18290009876600002,0.14220007678799998,0.177800096012,0.276900149526,0.203200109728,0.16760009050400002,0.114300061722,0.0,0.14220007678799998,0.15812508538749998,0.1967914106151304,0.180350097389,0.22287512035249998,0.297200160488,0.34540018651599996,2023-02-01
02-02,2,2,0.0,0.31750017145000003,0.154900083646,0.322600174204,0.25650013851000003,0.20070010837799998,0.147300079542,0.152400082296,0.16260008780399998,0.16760009050400002,0.147300079542,0.170200091908,0.236200127548,0.15750008505,0.19050010287,0.3200001728,0.34540018651599996,0.22100011934000002,0.208300112482,0.16260008780399998,0.177800096012,0.165100089154,0.16760009050400002,0.165100089154,0.26920014536799997,0.271800146772,0.195600105624,0.23880012895200003,0.218400117936,0.149900080946,0.3200001728,0.137200074088,0.1600000864,0.19300010422,0.13970007543799998,0.22100011934000002,0.274300148122,0.17270009325799998,0.18800010152,0.18290009876600002,0.14220007678799998,0.177800096012,0.276900149526,0.203200109728,0.170200091908,0.114300061722,0.0,0.144750078165,0.16065008675099998,0.19856097678808698,0.180350097389,0.232400125496,0.297200160488,0.34540018651599996,2023-02-02
02-03,2,3,0.0,0.32770017695799997,0.154900083646,0.322600174204,0.25650013851000003,0.203200109728,0.147300079542,0.152400082296,0.17270009325799998,0.170200091908,0.147300079542,0.170200091908,0.24380013165199996,0.15750008505,0.19050010287,0.3200001728,0.37850020439,0.22350012068999997,0.21080011383199998,0.16260008780399998,0.177800096012,0.165100089154,0.18540010011600003,0.165100089154,0.26920014536799997,0.27940015087599995,0.195600105624,0.23880012895200003,0.218400117936,0.149900080946,0.3200001728,0.137200074088,0.1600000864,0.19300010422,0.14220007678799998,0.22350012068999997,0.274300148122,0.17270009325799998,0.19050010287,0.18290009876600002,0.14220007678799998,0.177800096012,0.276900149526,0.218400117936,0.17270009325799998,0.114300061722,0.0,0.144750078165,0.16065008675099998,0.20120663039065215,0.18415009944100003,0.23497512688650002,0.29970016183799997,0.37850020439,2023-02-03
02-04,2,4,0.0,0.332700179658,0.154900083646,0.322600174204,0.25650013851000003,0.208300112482,0.147300079542,0.152400082296,0.18800010152,0.175300094662,0.149900080946,0.170200091908,0.24380013165199996,0.1600000864,0.19050010287,0.3200001728,0.37850020439,0.22350012068999997,0.208300112482,0.16260008780399998,0.18290009876600002,0.165100089154,0.18800010152,0.165100089154,0.26920014536799997,0.27940015087599995,0.195600105624,0.24380013165199996,0.218400117936,0.149900080946,0.32770017695799997,0.137200074088,0.1600000864,0.19300010422,0.14480007819200003,0.22350012068999997,0.276900149526,0.17270009325799998,0.203200109728,0.18800010152,0.147300079542,0.177800096012,0.276900149526,0.22100011934000002,0.17270009325799998,0.114300061722,0.0,0.147300079542,0.16065008675099998,0.2030370661616956,0.18800010152,0.23872512891149997,0.29970016183799997,0.37850020439,2023-02-04
02-05,2,5,0.0,0.332700179658,0.154900083646,0.322600174204,0.25650013851000003,0.213400115236,0.149900080946,0.152400082296,0.18800010152,0.175300094662,0.149900080946,0.170200091908,0.24380013165199996,0.1600000864,0.19050010287,0.3200001728,0.38100020574,0.22350012068999997,0.208300112482,0.16260008780399998,0.18290009876600002,0.165100089154,0.19050010287,0.17270009325799998,0.26920014536799997,0.28700015498,0.195600105624,0.248900134406,0.218400117936,0.149900080946,0.32770017695799997,0.137200074088,0.1600000864,0.195600105624,0.149900080946,0.231100124794,0.276900149526,0.17270009325799998,0.203200109728,0.18800010152,0.147300079542,0.177800096012,0.276900149526,0.22100011934000002,0.17270009325799998,0.114300061722,0.0,0.149900080946,0.16065008675099998,0.2040870667286956,0.189250102195,0.24062512993749996,0.30350016389,0.38100020574,2023-02-05
02-06,2,6,0.0,0.332700179658,0.154900083646,0.322600174204,0.25650013851000003,0.213400115236,0.149900080946,0.152400082296,0.19050010287,0.175300094662,0.149900080946,0.170200091908,0.24380013165199996,0.1600000864,0.19050010287,0.3200001728,0.38100020574,0.226100122094,0.213400115236,0.16260008780399998,0.18540010011600003,0.165100089154,0.19050010287,0.177800096012,0.26920014536799997,0.28960015638400005,0.195600105624,0.248900134406,0.218400117936,0.149900080946,0.330200178308,0.137200074088,0.1600000864,0.195600105624,0.149900080946,0.231100124794,0.27940015087599995,0.177800096012,0.21080011383199998,0.18800010152,0.149900080946,0.177800096012,0.27940015087599995,0.22350012068999997,0.177800096012,0.114300061722,0.0,0.149900080946,0.16065008675099998,0.20519141515113046,0.19050010287,0.24062512993749996,0.304800164592,0.38100020574,2023-02-06
02-07,2,7,0.0,0.332700179658,0.154900083646,0.322600174204,0.25650013851000003,0.213400115236,0.149900080946,0.152400082296,0.19300010422,0.175300094662,0.149900080946,0.170200091908,0.24380013165199996,0.1600000864,0.19050010287,0.3200001728,0.38100020574,0.226100122094,0.213400115236,0.165100089154,0.18800010152,0.165100089154,0.19050010287,0.177800096012,0.276900149526,0.28960015638400005,0.195600105624,0.25400013716000003,0.218400117936,0.149900080946,0.330200178308,0.137200074088,0.1600000864,0.195600105624,0.149900080946,0.231100124794,0.28450015363,0.177800096012,0.213400115236,0.21080011383199998,0.149900080946,0.177800096012,0.28450015363,0.22350012068999997,0.18030009736199998,0.111800060372,0.0,0.149900080946,0.1612750870885,0.20640880711286957,0.191750103545,0.24062512993749996,0.304800164592,0.38100020574,2023-02-07
02-08,2,8,0.0,0.340400183816,0.1600000864,0.32510017555399995,0.25650013851000003,0.213400115236,0.152400082296,0.152400082296,0.198100106974,0.175300094662,0.149900080946,0.170200091908,0.24380013165199996,0.16260008780399998,0.19050010287,0.3200001728,0.38100020574,0.228600123444,0.22100011934000002,0.165100089154,0.19050010287,0.165100089154,0.19050010287,0.18030009736199998,0.28960015638400005,0.28960015638400005,0.198100106974,0.26920014536799997,0.218400117936,0.149900080946,0.355600192024,0.137200074088,0.1600000864,0.203200109728,0.149900080946,0.231100124794,0.299700161838,0.177800096012,0.213400115236,0.218400117936,0.149900080946,0.177800096012,0.28450015363,0.23880012895200003,0.19050010287,0.111800060372,0.0,0.149900080946,0.1632250881415,0.20971967846595657,0.194300104922,0.24255013097699998,0.309850167319,0.38100020574,2023-02-08
02-09,2,9,0.0,0.340400183816,0.165100089154,0.32510017555399995,0.28190015222599996,0.215900116586,0.152400082296,0.152400082296,0.198100106974,0.175300094662,0.149900080946,0.175300094662,0.24380013165199996,0.19300010422,0.19050010287,0.3200001728,0.38100020574,0.23370012619799999,0.231100124794,0.165100089154,0.19050010287,0.170200091908,0.19050010287,0.18540010011600003,0.28960015638400005,0.28960015638400005,0.198100106974,0.271800146772,0.22350012068999997,0.149900080946,0.355600192024,0.14480007819200003,0.1600000864,0.218400117936,0.149900080946,0.231100124794,0.302300163242,0.177800096012,0.213400115236,0.218400117936,0.149900080946,0.177800096012,0.28960015638400005,0.241300130302,0.19300010422,0.111800060372,0.0,0.149900080946,0.16637508984250002,0.21270011485799997,0.19555010559699998,0.24317513131449997,0.311150168021,0.38100020574,2023-02-09
02-10,2,10,0.0,0.34540018651599996,0.170200091908,0.32510017555399995,0.28190015222599996,0.215900116586,0.152400082296,0.16760009050400002,0.198100106974,0.175300094662,0.149900080946,0.175300094662,0.248900134406,0.19300010422,0.19300010422,0.3200001728,0.38100020574,0.23370012619799999,0.23880012895200003,0.165100089154,0.19050010287,0.170200091908,0.19050010287,0.18540010011600003,0.28960015638400005,0.28960015638400005,0.20070010837799998,0.274300148122,0.23370012619799999,0.149900080946,0.355600192024,0.14480007819200003,0.17270009325799998,0.226100122094,0.1600000864,0.231100124794,0.304800164592,0.177800096012,0.213400115236,0.218400117936,0.152400082296,0.177800096012,0.28960015638400005,0.24380013165199996,0.19300010422,0.111800060372,0.0,0.151150081621,0.1708250922455,0.21474142030813037,0.19555010559699998,0.2476251337175,0.31240016869599996,0.38100020574,2023-02-10
02-11,2,11,0.0,0.34540018651599996,0.170200091908,0.32510017555399995,0.28700015498,0.218400117936,0.152400082296,0.16760009050400002,0.203200109728,0.175300094662,0.149900080946,0.175300094662,0.25400013716000003,0.21080011383199998,0.20070010837799998,0.3200001728,0.38100020574,0.236200127548,0.25150013581,0.165100089154,0.19050010287,0.170200091908,0.19050010287,0.18540010011600003,0.28960015638400005,0.28960015638400005,0.20070010837799998,0.274300148122,0.241300130302,0.154900083646,0.355600192024,0.147300079542,0.17270009325799998,0.226100122094,0.16260008780399998,0.231100124794,0.304800164592,0.177800096012,0.22100011934000002,0.218400117936,0.152400082296,0.177800096012,0.28960015638400005,0.24380013165199996,0.19300010422,0.111800060372,0.0,0.152400082296,0.1708250922455,0.2165631604223043,0.20195010905299998,0.2533751368225,0.31240016869599996,0.38100020574,2023-02-11
02-12,2,12,0.0,0.34540018651599996,0.170200091908,0.32510017555399995,0.28700015498,0.218400117936,0.152400082296,0.16760009050400002,0.20570011107800001,0.175300094662,0.149900080946,0.175300094662,0.25650013851000003,0.22350012068999997,0.213400115236,0.3200001728,0.38100020574,0.241300130302,0.25150013581,0.170200091908,0.19050010287,0.170200091908,0.19050010287,0.18540010011600003,0.28960015638400005,0.28960015638400005,0.21080011383199998,0.274300148122,0.241300130302,0.1600000864,0.355600192024,0.147300079542,0.17270009325799998,0.226100122094,0.16260008780399998,0.231100124794,0.31750017145000003,0.177800096012,0.22100011934000002,0.22100011934000002,0.152400082296,0.177800096012,0.28960015638400005,0.24380013165199996,0.203200109728,0.12190006582599998,0.0,0.152400082296,0.1708250922455,0.218550118017,0.212100114534,0.25525013783500006,0.318750172125,0.38100020574,2023-02-12
02-13,2,13,0.0,0.355600192024,0.17270009325799998,0.32510017555399995,0.28700015498,0.22350012068999997,0.15750008505,0.170200091908,0.20570011107800001,0.19300010422,0.149900080946,0.175300094662,0.259100139914,0.22350012068999997,0.22100011934000002,0.3200001728,0.38350020709000004,0.241300130302,0.25150013581,0.175300094662,0.19300010422,0.170200091908,0.19050010287,0.18540010011600003,0.28960015638400005,0.28960015638400005,0.21080011383199998,0.274300148122,0.24380013165199996,0.16260008780399998,0.355600192024,0.1600000864,0.17270009325799998,0.231100124794,0.16260008780399998,0.231100124794,0.31750017145000003,0.177800096012,0.22100011934000002,0.22350012068999997,0.152400082296,0.177800096012,0.28960015638400005,0.24380013165199996,0.203200109728,0.12450006723,0.0,0.158750085725,0.173350093609,0.2205370756116956,0.215900116586,0.257200138888,0.318750172125,0.38350020709000004,2023-02-13
02-14,2,14,0.0,0.355600192024,0.175300094662,0.32510017555399995,0.28700015498,0.23370012619799999,0.170200091908,0.175300094662,0.20570011107800001,0.20070010837799998,0.154900083646,0.18800010152,0.26920014536799997,0.22350012068999997,0.23370012619799999,0.3200001728,0.38350020709000004,0.241300130302,0.25150013581,0.177800096012,0.19300010422,0.170200091908,0.19300010422,0.18540010011600003,0.28960015638400005,0.28960015638400005,0.213400115236,0.28450015363,0.246400133056,0.16260008780399998,0.355600192024,0.15750008505,0.17270009325799998,0.23880012895200003,0.16260008780399998,0.231100124794,0.31750017145000003,0.177800096012,0.22350012068999997,0.22350012068999997,0.1600000864,0.177800096012,0.28960015638400005,0.24380013165199996,0.203200109728,0.12450006723,0.0,0.161300087102,0.1759250949995,0.22302620739060874,0.21845011796299998,0.26477514297849997,0.318750172125,0.38350020709000004,2023-02-14
02-15,2,15,0.0,0.355600192024,0.175300094662,0.34540018651599996,0.28700015498,0.23880012895200003,0.177800096012,0.175300094662,0.20570011107800001,0.208300112482,0.154900083646,0.18800010152,0.26920014536799997,0.22350012068999997,0.26920014536799997,0.3200001728,0.38350020709000004,0.241300130302,0.25150013581,0.18800010152,0.19300010422,0.175300094662,0.198100106974,0.18540010011600003,0.304800164592,0.28960015638400005,0.213400115236,0.28450015363,0.248900134406,0.165100089154,0.355600192024,0.15750008505,0.175300094662,0.23880012895200003,0.16260008780399998,0.23880012895200003,0.31750017145000003,0.18030009736199998,0.226100122094,0.22350012068999997,0.16260008780399998,0.18030009736199998,0.28960015638400005,0.246400133056,0.218400117936,0.12450006723,0.0,0.16260008780399998,0.1784250963495,0.22639577442756517,0.220950119313,0.26920014536799997,0.318750172125,0.38350020709000004,2023-02-15
02-16,2,16,0.0,0.36580019753200005,0.175300094662,0.3480001879199999,0.28700015498,0.246400133056,0.18030009736199998,0.18290009876600002,0.20570011107800001,0.208300112482,0.154900083646,0.18800010152,0.26920014536799997,0.22350012068999997,0.26920014536799997,0.3200001728,0.38350020709000004,0.248900134406,0.25150013581,0.19050010287,0.19300010422,0.175300094662,0.20070010837799998,0.18540010011600003,0.31750017145000003,0.294600159084,0.218400117936,0.28450015363,0.25150013581,0.17270009325799998,0.355600192024,0.154900083646,0.175300094662,0.23880012895200003,0.16260008780399998,0.23880012895200003,0.31750017145000003,0.18540010011600003,0.236200127548,0.22350012068999997,0.177800096012,0.18290009876600002,0.28960015638400005,0.248900134406,0.218400117936,0.12450006723,0.0,0.167650090531,0.18290009876600002,0.22876534092452172,0.220950119313,0.26920014536799997,0.318750172125,0.38350020709000004,2023-02-16
02-17,2,17,0.0,0.375900202986,0.175300094662,0.3480001879199999,0.28700015498,0.26420014266799996,0.18800010152,0.18540010011600003,0.20570011107800001,0.21080011383199998,0.165100089154,0.19050010287,0.26920014536799997,0.22350012068999997,0.26920014536799997,0.3200001728,0.38350020709000004,0.25150013581,0.25150013581,0.19050010287,0.19300010422,0.175300094662,0.20570011107800001,0.18540010011600003,0.3200001728,0.294600159084,0.22100011934000002,0.28450015363,0.25150013581,0.17270009325799998,0.36580019753200005,0.154900083646,0.175300094662,0.246400133056,0.16260008780399998,0.23880012895200003,0.31750017145000003,0.18540010011600003,0.236200127548,0.236200127548,0.18290009876600002,0.18800010152,0.28960015638400005,0.25150013581,0.228600123444,0.12450006723,0.0,0.168900091206,0.18540010011600003,0.23136316841430432,0.22605012206699998,0.26920014536799997,0.3200001728,0.38350020709000004,2023-02-17
02-18,2,18,0.0,0.386100208494,0.175300094662,0.3480001879199999,0.28700015498,0.28960015638400005,0.19050010287,0.19050010287,0.20570011107800001,0.215900116586,0.170200091908,0.195600105624,0.26920014536799997,0.22350012068999997,0.26920014536799997,0.3200001728,0.38350020709000004,0.25150013581,0.26670014401799996,0.198100106974,0.19300010422,0.175300094662,0.20570011107800001,0.18800010152,0.3200001728,0.294600159084,0.22100011934000002,0.28700015498,0.25650013851000003,0.17270009325799998,0.36580019753200005,0.154900083646,0.175300094662,0.246400133056,0.16260008780399998,0.23880012895200003,0.31750017145000003,0.18540010011600003,0.236200127548,0.236200127548,0.19300010422,0.18800010152,0.28960015638400005,0.25150013581,0.23880012895200003,0.13970007543799998,0.0,0.17145009258299998,0.18862510185749998,0.2341218655561739,0.22985012411899997,0.282550152577,0.3200001728,0.386100208494,2023-02-18
02-19,2,19,0.0,0.386100208494,0.175300094662,0.3480001879199999,0.28960015638400005,0.304800164592,0.19300010422,0.19050010287,0.20570011107800001,0.218400117936,0.17270009325799998,0.195600105624,0.26920014536799997,0.241300130302,0.26920014536799997,0.322600174204,0.386100208494,0.25650013851000003,0.26920014536799997,0.198100106974,0.19300010422,0.18540010011600003,0.208300112482,0.18800010152,0.3200001728,0.294600159084,0.22100011934000002,0.28700015498,0.25650013851000003,0.17270009325799998,0.36580019753200005,0.15750008505,0.175300094662,0.246400133056,0.16260008780399998,0.248900134406,0.31750017145000003,0.198100106974,0.236200127548,0.236200127548,0.19300010422,0.18800010152,0.28960015638400005,0.25400013716000003,0.23880012895200003,0.149900080946,0.0,0.17270009325799998,0.19112510320749998,0.23643925811191305,0.236200127548,0.282550152577,0.321300173502,0.386100208494,2023-02-19
02-20,2,20,0.0,0.386100208494,0.175300094662,0.3480001879199999,0.28960015638400005,0.32770017695799997,0.19300010422,0.19050010287,0.215900116586,0.22100011934000002,0.17270009325799998,0.195600105624,0.274300148122,0.246400133056,0.26920014536799997,0.32510017555399995,0.386100208494,0.25650013851000003,0.276900149526,0.198100106974,0.19300010422,0.18540010011600003,0.208300112482,0.203200109728,0.32510017555399995,0.294600159084,0.226100122094,0.28700015498,0.25650013851000003,0.17270009325799998,0.375900202986,0.165100089154,0.175300094662,0.25650013851000003,0.16260008780399998,0.248900134406,0.3200001728,0.203200109728,0.236200127548,0.236200127548,0.195600105624,0.19050010287,0.28960015638400005,0.259100139914,0.23880012895200003,0.152400082296,0.0,0.17270009325799998,0.19300010422,0.2392566509376522,0.236200127548,0.2844751536165,0.32640017625599993,0.386100208494,2023-02-20
02-21,2,21,0.0,0.386100208494,0.175300094662,0.3480001879199999,0.304800164592,0.330200178308,0.19300010422,0.19050010287,0.218400117936,0.22100011934000002,0.17270009325799998,0.203200109728,0.292100157734,0.246400133056,0.26920014536799997,0.34540018651599996,0.393700212598,0.25650013851000003,0.276900149526,0.198100106974,0.20070010837799998,0.195600105624,0.208300112482,0.20570011107800001,0.330200178308,0.294600159084,0.226100122094,0.292100157734,0.25650013851000003,0.175300094662,0.37850020439,0.16760009050400002,0.18290009876600002,0.25650013851000003,0.165100089154,0.248900134406,0.31750017145000003,0.203200109728,0.236200127548,0.236200127548,0.20070010837799998,0.19050010287,0.28960015638400005,0.26920014536799997,0.248900134406,0.154900083646,0.0,0.17400009396,0.1962251059615,0.24245665266565217,0.236200127548,0.2914751573965,0.337800182412,0.393700212598,2023-02-21
02-22,2,22,0.0,0.386100208494,0.175300094662,0.3480001879199999,0.30730016594200005,0.332700179658,0.19300010422,0.19050010287,0.226100122094,0.22100011934000002,0.17270009325799998,0.20570011107800001,0.297200160488,0.246400133056,0.26920014536799997,0.3480001879199999,0.398800215352,0.25650013851000003,0.28450015363,0.20070010837799998,0.20070010837799998,0.195600105624,0.208300112482,0.20570011107800001,0.330200178308,0.294600159084,0.226100122094,0.294600159084,0.25650013851000003,0.175300094662,0.37850020439,0.17270009325799998,0.18290009876600002,0.25650013851000003,0.170200091908,0.248900134406,0.330200178308,0.203200109728,0.23880012895200003,0.236200127548,0.20070010837799998,0.195600105624,0.294600159084,0.271800146772,0.248900134406,0.154900083646,0.0,0.17400009396,0.1968751063125,0.24417187098317386,0.23750012825,0.294600159084,0.34035018378899995,0.398800215352,2023-02-22
02-23,2,23,0.0,0.396200213948,0.175300094662,0.3480001879199999,0.312400168696,0.332700179658,0.19300010422,0.19050010287,0.226100122094,0.22100011934000002,0.17270009325799998,0.215900116586,0.304800164592,0.248900134406,0.26920014536799997,0.36070019477799997,0.40130021670199995,0.26670014401799996,0.28700015498,0.20070010837799998,0.203200109728,0.198100106974,0.218400117936,0.20570011107800001,0.332700179658,0.294600159084,0.226100122094,0.294600159084,0.25650013851000003,0.175300094662,0.37850020439,0.18800010152,0.18540010011600003,0.261600141264,0.170200091908,0.259100139914,0.337800182412,0.203200109728,0.23880012895200003,0.236200127548,0.20070010837799998,0.195600105624,0.299700161838,0.271800146772,0.248900134406,0.154900083646,0.0,0.175300094662,0.19875010732499998,0.24692839421082607,0.23750012825,0.294600159084,0.34290018516599996,0.40130021670199995,2023-02-23
02-24,2,24,0.0,0.396200213948,0.175300094662,0.3480001879199999,0.312400168696,0.335300181062,0.195600105624,0.19050010287,0.226100122094,0.22100011934000002,0.175300094662,0.215900116586,0.312400168696,0.248900134406,0.26920014536799997,0.36320019612800003,0.40130021670199995,0.26920014536799997,0.28700015498,0.20070010837799998,0.208300112482,0.20070010837799998,0.22100011934000002,0.20570011107800001,0.332700179658,0.294600159084,0.23880012895200003,0.294600159084,0.259100139914,0.177800096012,0.37850020439,0.19050010287,0.19300010422,0.261600141264,0.170200091908,0.259100139914,0.340400183816,0.203200109728,0.23880012895200003,0.236200127548,0.20070010837799998,0.195600105624,0.299700161838,0.271800146772,0.248900134406,0.154900083646,0.0,0.176550095337,0.20070010837799998,0.24825882971186955,0.23880012895200003,0.294600159084,0.34420018586799994,0.40130021670199995,2023-02-24
02-25,2,25,0.0,0.396200213948,0.175300094662,0.3480001879199999,0.312400168696,0.335300181062,0.203200109728,0.19050010287,0.226100122094,0.22100011934000002,0.175300094662,0.218400117936,0.3200001728,0.248900134406,0.26920014536799997,0.36320019612800003,0.40130021670199995,0.28190015222599996,0.28700015498,0.20570011107800001,0.21080011383199998,0.208300112482,0.22350012068999997,0.208300112482,0.332700179658,0.294600159084,0.23880012895200003,0.312400168696,0.259100139914,0.18540010011600003,0.396200213948,0.19300010422,0.19300010422,0.261600141264,0.170200091908,0.259100139914,0.340400183816,0.20570011107800001,0.23880012895200003,0.241300130302,0.20570011107800001,0.198100106974,0.302300163242,0.271800146772,0.248900134406,0.1600000864,0.0,0.180350097389,0.20570011107800001,0.25084578763056525,0.240050129627,0.3003751622025,0.34420018586799994,0.40130021670199995,2023-02-25
02-26,2,26,0.0,0.396200213948,0.175300094662,0.3480001879199999,0.312400168696,0.335300181062,0.20570011107800001,0.19050010287,0.226100122094,0.22100011934000002,0.175300094662,0.218400117936,0.322600174204,0.248900134406,0.271800146772,0.36580019753200005,0.40130021670199995,0.28700015498,0.294600159084,0.208300112482,0.21080011383199998,0.208300112482,0.228600123444,0.21080011383199998,0.335300181062,0.294600159084,0.241300130302,0.3150001701,0.26920014536799997,0.18540010011600003,0.406400219456,0.198100106974,0.198100106974,0.261600141264,0.170200091908,0.259100139914,0.34290018516599996,0.20570011107800001,0.23880012895200003,0.246400133056,0.20570011107800001,0.198100106974,0.302300163242,0.271800146772,0.248900134406,0.165100089154,0.0,0.180350097389,0.20570011107800001,0.2526740494873913,0.243850131679,0.3003751622025,0.34545018654299997,0.406400219456,2023-02-26
02-27,2,27,0.0,0.396200213948,0.175300094662,0.3480001879199999,0.312400168696,0.335300181062,0.20570011107800001,0.19050010287,0.226100122094,0.22100011934000002,0.175300094662,0.218400117936,0.322600174204,0.25400013716000003,0.271800146772,0.38100020574,0.40130021670199995,0.294600159084,0.294600159084,0.208300112482,0.21080011383199998,0.208300112482,0.228600123444,0.22350012068999997,0.335300181062,0.294600159084,0.246400133056,0.3150001701,0.26920014536799997,0.18800010152,0.42160022766399996,0.20070010837799998,0.198100106974,0.261600141264,0.177800096012,0.259100139914,0.34290018516599996,0.20570011107800001,0.23880012895200003,0.246400133056,0.213400115236,0.198100106974,0.302300163242,0.28190015222599996,0.248900134406,0.16760009050400002,0.0,0.182900098766,0.206350111429,0.25471752885173904,0.246400133056,0.3003751622025,0.34545018654299997,0.42160022766399996,2023-02-27
02-28,2,28,0.0,0.396200213948,0.177800096012,0.3480001879199999,0.312400168696,0.335300181062,0.20570011107800001,0.19050010287,0.226100122094,0.22100011934000002,0.175300094662,0.218400117936,0.322600174204,0.25400013716000003,0.274300148122,0.38100020574,0.40130021670199995,0.294600159084,0.294600159084,0.208300112482,0.21080011383199998,0.208300112482,0.228600123444,0.226100122094,0.337800182412,0.294600159084,0.25650013851000003,0.3150001701,0.26920014536799997,0.18800010152,0.42160022766399996,0.20570011107800001,0.198100106974,0.276900149526,0.177800096012,0.259100139914,0.36070019477799997,0.20570011107800001,0.241300130302,0.246400133056,0.213400115236,0.198100106974,0.304800164592,0.292100157734,0.248900134406,0.16760009050400002,0.0,0.182900098766,0.206350111429,0.25631535580152176,0.247650133731,0.302250163215,0.3543501913489999,0.42160022766399996,2023-02-28
03-01,3,1,0.0,0.398800215352,0.177800096012,0.35310019067400006,0.312400168696,0.335300181062,0.20570011107800001,0.19050010287,0.226100122094,0.22100011934000002,0.18290009876600002,0.22350012068999997,0.322600174204,0.25400013716000003,0.274300148122,0.38100020574,0.41150022221,0.294600159084,0.294600159084,0.21080011383199998,0.21080011383199998,0.208300112482,0.228600123444,0.231100124794,0.340400183816,0.30730016594200005,0.259100139914,0.3150001701,0.26920014536799997,0.18800010152,0.42160022766399996,0.208300112482,0.20570011107800001,0.28450015363,0.18290009876600002,0.259100139914,0.36070019477799997,0.20570011107800001,0.24380013165199996,0.246400133056,0.213400115236,0.198100106974,0.3150001701,0.292100157734,0.248900134406,0.16760009050400002,0.0,0.185450100143,0.208300112482,0.2583066612246521,0.247650133731,0.3111251680075,0.35690019272600004,0.42160022766399996,2023-03-01
03-02,3,2,0.0,0.398800215352,0.177800096012,0.355600192024,0.312400168696,0.335300181062,0.20570011107800001,0.19050010287,0.228600123444,0.22100011934000002,0.19050010287,0.22350012068999997,0.322600174204,0.25400013716000003,0.274300148122,0.38100020574,0.41150022221,0.297200160488,0.297200160488,0.21080011383199998,0.21080011383199998,0.208300112482,0.231100124794,0.23370012619799999,0.34540018651599996,0.309900167346,0.26670014401799996,0.3150001701,0.26920014536799997,0.18800010152,0.42160022766399996,0.22100011934000002,0.20570011107800001,0.28960015638400005,0.18290009876600002,0.261600141264,0.36070019477799997,0.203200109728,0.248900134406,0.246400133056,0.213400115236,0.20070010837799998,0.31750017145000003,0.292100157734,0.248900134406,0.16760009050400002,0.0,0.189250102195,0.2089251128195,0.2597436185223478,0.248900134406,0.3117751683585,0.35815019340099996,0.42160022766399996,2023-03-02
03-03,3,3,0.0,0.398800215352,0.177800096012,0.355600192024,0.3200001728,0.335300181062,0.20570011107800001,0.195600105624,0.25400013716000003,0.22100011934000002,0.195600105624,0.22350012068999997,0.322600174204,0.25400013716000003,0.27940015087599995,0.38100020574,0.41910022631399996,0.297200160488,0.297200160488,0.215900116586,0.21080011383199998,0.208300112482,0.231100124794,0.23370012619799999,0.34540018651599996,0.309900167346,0.271800146772,0.32510017555399995,0.274300148122,0.18800010152,0.42160022766399996,0.22100011934000002,0.20570011107800001,0.28960015638400005,0.195600105624,0.261600141264,0.36070019477799997,0.19050010287,0.259100139914,0.25150013581,0.213400115236,0.20070010837799998,0.31750017145000003,0.292100157734,0.248900134406,0.175300094662,0.0,0.19305010424699998,0.2089251128195,0.26201101105108693,0.25400013716000003,0.315600170424,0.35815019340099996,0.42160022766399996,2023-03-03
03-04,3,4,0.0,0.41400022355999994,0.18030009736199998,0.358100193374,0.322600174204,0.335300181062,0.20570011107800001,0.20070010837799998,0.261600141264,0.22100011934000002,0.198100106974,0.22350012068999997,0.322600174204,0.25400013716000003,0.27940015087599995,0.38100020574,0.42420022906800003,0.309900167346,0.297200160488,0.215900116586,0.21080011383199998,0.208300112482,0.231100124794,0.23370012619799999,0.34540018651599996,0.312400168696,0.271800146772,0.32770017695799997,0.271800146772,0.18800010152,0.434300234522,0.228600123444,0.213400115236,0.28960015638400005,0.195600105624,0.26670014401799996,0.36070019477799997,0.177800096012,0.259100139914,0.25150013581,0.213400115236,0.20070010837799998,0.3200001728,0.302300163242,0.261600141264,0.18800010152,0.0,0.191800103572,0.21145011418299997,0.2645523167712174,0.26035014058899997,0.31810017177399996,0.359400194076,0.434300234522,2023-03-04
03-05,3,5,0.0,0.41910022631399996,0.18540010011600003,0.36580019753200005,0.322600174204,0.335300181062,0.20570011107800001,0.20070010837799998,0.261600141264,0.22350012068999997,0.20070010837799998,0.22350012068999997,0.322600174204,0.25400013716000003,0.292100157734,0.38100020574,0.42420022906800003,0.309900167346,0.304800164592,0.215900116586,0.21080011383199998,0.208300112482,0.23880012895200003,0.236200127548,0.34540018651599996,0.31750017145000003,0.271800146772,0.32770017695799997,0.26670014401799996,0.198100106974,0.434300234522,0.228600123444,0.213400115236,0.297200160488,0.195600105624,0.26670014401799996,0.36070019477799997,0.18290009876600002,0.259100139914,0.25150013581,0.218400117936,0.203200109728,0.32510017555399995,0.304800164592,0.26420014266799996,0.18800010152,0.0,0.196850106299,0.21145011418299997,0.2665957961355652,0.26035014058899997,0.3213251735155,0.363250196155,0.434300234522,2023-03-05
03-06,3,6,0.0,0.41910022631399996,0.18800010152,0.36580019753200005,0.322600174204,0.335300181062,0.20570011107800001,0.20070010837799998,0.261600141264,0.25150013581,0.218400117936,0.23880012895200003,0.322600174204,0.25400013716000003,0.297200160488,0.38100020574,0.426700230418,0.312400168696,0.304800164592,0.215900116586,0.21080011383199998,0.208300112482,0.23880012895200003,0.241300130302,0.34540018651599996,0.31750017145000003,0.274300148122,0.332700179658,0.26920014536799997,0.213400115236,0.434300234522,0.228600123444,0.213400115236,0.297200160488,0.195600105624,0.26670014401799996,0.36320019612800003,0.18290009876600002,0.259100139914,0.25150013581,0.218400117936,0.21080011383199998,0.335300181062,0.30730016594200005,0.26670014401799996,0.19300010422,0.0,0.198150107001,0.2140251155735,0.2695175368437391,0.26035014058899997,0.3213251735155,0.36450019683,0.434300234522,2023-03-06
03-07,3,7,0.0,0.41910022631399996,0.18800010152,0.36580019753200005,0.32510017555399995,0.337800182412,0.20570011107800001,0.20070010837799998,0.261600141264,0.25150013581,0.218400117936,0.248900134406,0.32510017555399995,0.25400013716000003,0.297200160488,0.40130021670199995,0.426700230418,0.31750017145000003,0.304800164592,0.218400117936,0.21080011383199998,0.208300112482,0.248900134406,0.246400133056,0.34540018651599996,0.31750017145000003,0.274300148122,0.332700179658,0.271800146772,0.213400115236,0.44200023868000005,0.231100124794,0.213400115236,0.302300163242,0.195600105624,0.26670014401799996,0.368300198882,0.18290009876600002,0.26420014266799996,0.25150013581,0.218400117936,0.215900116586,0.340400183816,0.30730016594200005,0.274300148122,0.203200109728,0.0,0.20195010905299998,0.21652511692350002,0.27205666864965217,0.262900141966,0.323200174528,0.367050198207,0.44200023868000005,2023-03-07
03-08,3,8,0.0,0.41910022631399996,0.18800010152,0.36580019753200005,0.32510017555399995,0.337800182412,0.20570011107800001,0.203200109728,0.261600141264,0.25150013581,0.218400117936,0.248900134406,0.32770017695799997,0.25400013716000003,0.297200160488,0.40890022080599997,0.426700230418,0.31750017145000003,0.312400168696,0.218400117936,0.21080011383199998,0.218400117936,0.248900134406,0.25400013716000003,0.34540018651599996,0.32510017555399995,0.274300148122,0.332700179658,0.271800146772,0.213400115236,0.452100244134,0.231100124794,0.213400115236,0.304800164592,0.195600105624,0.26920014536799997,0.368300198882,0.18290009876600002,0.26920014536799997,0.25150013581,0.218400117936,0.218400117936,0.340400183816,0.30730016594200005,0.27940015087599995,0.203200109728,0.0,0.203200109728,0.218400117936,0.27365014777099994,0.265400143316,0.32510017555399995,0.367050198207,0.452100244134,2023-03-08
03-09,3,9,0.0,0.41910022631399996,0.19050010287,0.36580019753200005,0.32510017555399995,0.337800182412,0.20570011107800001,0.208300112482,0.261600141264,0.25150013581,0.218400117936,0.248900134406,0.32770017695799997,0.25400013716000003,0.297200160488,0.40890022080599997,0.429300231822,0.31750017145000003,0.312400168696,0.218400117936,0.21080011383199998,0.22100011934000002,0.248900134406,0.25400013716000003,0.34540018651599996,0.330200178308,0.276900149526,0.332700179658,0.276900149526,0.213400115236,0.452100244134,0.231100124794,0.215900116586,0.304800164592,0.195600105624,0.26920014536799997,0.368300198882,0.18290009876600002,0.276900149526,0.25150013581,0.218400117936,0.22350012068999997,0.34290018516599996,0.312400168696,0.27940015087599995,0.203200109728,0.0,0.204450110403,0.218400117936,0.2747044961664348,0.265400143316,0.327050176607,0.367050198207,0.452100244134,2023-03-09
03-10,3,10,0.0,0.41910022631399996,0.19050010287,0.36580019753200005,0.32510017555399995,0.337800182412,0.20570011107800001,0.21080011383199998,0.259100139914,0.25150013581,0.218400117936,0.25150013581,0.32770017695799997,0.25400013716000003,0.297200160488,0.40890022080599997,0.429300231822,0.31750017145000003,0.32510017555399995,0.218400117936,0.21080011383199998,0.22100011934000002,0.248900134406,0.25400013716000003,0.35050018927,0.335300181062,0.276900149526,0.340400183816,0.28960015638400005,0.215900116586,0.452100244134,0.231100124794,0.226100122094,0.304800164592,0.195600105624,0.26920014536799997,0.368300198882,0.18290009876600002,0.276900149526,0.26420014266799996,0.22350012068999997,0.231100124794,0.34540018651599996,0.312400168696,0.27940015087599995,0.203200109728,0.0,0.204450110403,0.2216251196775,0.27658493196447825,0.26670014401799996,0.327050176607,0.367050198207,0.452100244134,2023-03-10
03-11,3,11,0.0,0.41910022631399996,0.19050010287,0.36580019753200005,0.340400183816,0.337800182412,0.20570011107800001,0.218400117936,0.25400013716000003,0.25150013581,0.218400117936,0.25400013716000003,0.32770017695799997,0.25400013716000003,0.297200160488,0.40890022080599997,0.431800233172,0.31750017145000003,0.32510017555399995,0.22100011934000002,0.215900116586,0.22350012068999997,0.248900134406,0.25400013716000003,0.355600192024,0.335300181062,0.28190015222599996,0.340400183816,0.28960015638400005,0.215900116586,0.457200246888,0.231100124794,0.226100122094,0.312400168696,0.195600105624,0.271800146772,0.368300198882,0.18290009876600002,0.27940015087599995,0.26420014266799996,0.226100122094,0.231100124794,0.35310019067400006,0.312400168696,0.27940015087599995,0.203200109728,0.0,0.204450110403,0.22415012104099996,0.27813275888726086,0.26800014472,0.33340018003599997,0.367050198207,0.457200246888,2023-03-11
03-12,3,12,0.0,0.431800233172,0.19050010287,0.368300198882,0.340400183816,0.340400183816,0.215900116586,0.228600123444,0.24380013165199996,0.261600141264,0.231100124794,0.25400013716000003,0.32770017695799997,0.26420014266799996,0.312400168696,0.40890022080599997,0.43690023592599997,0.31750017145000003,0.330200178308,0.22350012068999997,0.226100122094,0.22350012068999997,0.248900134406,0.25400013716000003,0.355600192024,0.335300181062,0.28190015222599996,0.340400183816,0.28960015638400005,0.215900116586,0.457200246888,0.231100124794,0.226100122094,0.31750017145000003,0.195600105624,0.27940015087599995,0.368300198882,0.18290009876600002,0.27940015087599995,0.26670014401799996,0.23370012619799999,0.231100124794,0.35310019067400006,0.312400168696,0.27940015087599995,0.203200109728,0.0,0.209550113157,0.2292251237815,0.2807827603182609,0.27305014744699996,0.3340251803735,0.368300198882,0.457200246888,2023-03-12
03-13,3,13,0.0,0.431800233172,0.19050010287,0.368300198882,0.340400183816,0.340400183816,0.215900116586,0.23370012619799999,0.24380013165199996,0.26920014536799997,0.231100124794,0.25150013581,0.32770017695799997,0.26670014401799996,0.31750017145000003,0.40890022080599997,0.44700024137999994,0.31750017145000003,0.330200178308,0.22350012068999997,0.226100122094,0.231100124794,0.248900134406,0.25400013716000003,0.355600192024,0.340400183816,0.28700015498,0.340400183816,0.28960015638400005,0.218400117936,0.482600260604,0.231100124794,0.226100122094,0.31750017145000003,0.20070010837799998,0.27940015087599995,0.368300198882,0.18290009876600002,0.27940015087599995,0.26670014401799996,0.23370012619799999,0.231100124794,0.355600192024,0.312400168696,0.27940015087599995,0.203200109728,0.0,0.209550113157,0.231100124794,0.2825479786627826,0.274300148122,0.337850182439,0.368300198882,0.482600260604,2023-03-13
03-14,3,14,0.0,0.431800233172,0.19050010287,0.368300198882,0.340400183816,0.340400183816,0.218400117936,0.236200127548,0.25150013581,0.276900149526,0.231100124794,0.25150013581,0.32770017695799997,0.26670014401799996,0.31750017145000003,0.41400022355999994,0.44700024137999994,0.31750017145000003,0.330200178308,0.231100124794,0.226100122094,0.248900134406,0.248900134406,0.25400013716000003,0.355600192024,0.34540018651599996,0.28960015638400005,0.340400183816,0.28960015638400005,0.22350012068999997,0.48510026195399997,0.231100124794,0.226100122094,0.31750017145000003,0.20070010837799998,0.27940015087599995,0.36580019753200005,0.18290009876600002,0.294600159084,0.26670014401799996,0.241300130302,0.24380013165199996,0.355600192024,0.32510017555399995,0.28700015498,0.203200109728,0.0,0.210800113832,0.2323751254825,0.28514363223834777,0.278150150201,0.337850182439,0.367050198207,0.48510026195399997,2023-03-14
03-15,3,15,0.0,0.431800233172,0.19050010287,0.375900202986,0.340400183816,0.34290018516599996,0.22100011934000002,0.24380013165199996,0.25650013851000003,0.28190015222599996,0.231100124794,0.248900134406,0.330200178308,0.26670014401799996,0.312400168696,0.416600224964,0.44700024137999994,0.31750017145000003,0.330200178308,0.231100124794,0.226100122094,0.25400013716000003,0.248900134406,0.25400013716000003,0.355600192024,0.34540018651599996,0.28960015638400005,0.35310019067400006,0.28960015638400005,0.22350012068999997,0.48510026195399997,0.231100124794,0.226100122094,0.3200001728,0.20070010837799998,0.27940015087599995,0.36580019753200005,0.19300010422,0.294600159084,0.26920014536799997,0.25150013581,0.24380013165199996,0.355600192024,0.32510017555399995,0.28960015638400005,0.203200109728,0.0,0.21210011453400002,0.2342751265085,0.286739285273913,0.2806501515509999,0.337850182439,0.37085020025900006,0.48510026195399997,2023-03-15
03-16,3,16,0.0,0.431800233172,0.19300010422,0.391200211248,0.340400183816,0.34290018516599996,0.226100122094,0.24380013165199996,0.259100139914,0.28960015638400005,0.236200127548,0.246400133056,0.332700179658,0.26670014401799996,0.309900167346,0.41910022631399996,0.44700024137999994,0.31750017145000003,0.330200178308,0.231100124794,0.226100122094,0.25400013716000003,0.248900134406,0.25400013716000003,0.355600192024,0.3480001879199999,0.28960015638400005,0.355600192024,0.28960015638400005,0.22350012068999997,0.48510026195399997,0.228600123444,0.22350012068999997,0.3200001728,0.198100106974,0.292100157734,0.35310019067400006,0.195600105624,0.297200160488,0.26920014536799997,0.261600141264,0.24380013165199996,0.37080020023200005,0.32770017695799997,0.28960015638400005,0.20070010837799998,0.0,0.21210011453399996,0.23810012857399998,0.2881805904000435,0.28960015638400005,0.3384751827765,0.38100020574000004,0.48510026195399997,2023-03-16
03-17,3,17,0.0,0.431800233172,0.195600105624,0.396200213948,0.340400183816,0.34290018516599996,0.241300130302,0.26420014266799996,0.26920014536799997,0.28960015638400005,0.236200127548,0.246400133056,0.335300181062,0.26670014401799996,0.309900167346,0.41910022631399996,0.44700024137999994,0.31750017145000003,0.332700179658,0.241300130302,0.231100124794,0.25650013851000003,0.25400013716000003,0.25400013716000003,0.355600192024,0.3480001879199999,0.28190015222599996,0.36320019612800003,0.28960015638400005,0.22350012068999997,0.50550027297,0.226100122094,0.22100011934000002,0.3200001728,0.195600105624,0.294600159084,0.34540018651599996,0.195600105624,0.297200160488,0.26920014536799997,0.261600141264,0.24380013165199996,0.37080020023200005,0.32770017695799997,0.28960015638400005,0.198100106974,0.0,0.209550113157,0.2419251306395,0.2900545044554348,0.285750154305,0.3391251831275,0.38350020709,0.50550027297,2023-03-17
03-18,3,18,0.0,0.44700024137999994,0.198100106974,0.396200213948,0.340400183816,0.35050018927,0.24380013165199996,0.26670014401799996,0.271800146772,0.28960015638400005,0.236200127548,0.241300130302,0.34290018516599996,0.26670014401799996,0.312400168696,0.42160022766399996,0.46740025239599997,0.330200178308,0.330200178308,0.241300130302,0.231100124794,0.26420014266799996,0.271800146772,0.248900134406,0.368300198882,0.3480001879199999,0.276900149526,0.36580019753200005,0.28960015638400005,0.228600123444,0.50550027297,0.215900116586,0.231100124794,0.330200178308,0.19300010422,0.294600159084,0.32770017695799997,0.208300112482,0.297200160488,0.26920014536799997,0.261600141264,0.24380013165199996,0.37080020023200005,0.32770017695799997,0.28960015638400005,0.19050010287,0.0,0.21210011453400002,0.2419251306395,0.2922653752145218,0.283250152955,0.337850182439,0.38350020709,0.50550027297,2023-03-18
03-19,3,19,0.0,0.44700024137999994,0.198100106974,0.406400219456,0.340400183816,0.35050018927,0.25150013581,0.26670014401799996,0.271800146772,0.28960015638400005,0.236200127548,0.241300130302,0.34290018516599996,0.26670014401799996,0.31750017145000003,0.42420022906800003,0.48510026195399997,0.335300181062,0.330200178308,0.246400133056,0.23370012619799999,0.26420014266799996,0.27940015087599995,0.241300130302,0.368300198882,0.35310019067400006,0.271800146772,0.36580019753200005,0.28960015638400005,0.236200127548,0.50550027297,0.218400117936,0.23370012619799999,0.330200178308,0.19050010287,0.294600159084,0.302300163242,0.213400115236,0.297200160488,0.26920014536799997,0.261600141264,0.24380013165199996,0.37080020023200005,0.32770017695799997,0.302300163242,0.175300094662,0.0,0.215900116586,0.2419251306395,0.29321102789908693,0.28450015363000003,0.3391251831275,0.388600209844,0.50550027297,2023-03-19
03-20,3,20,0.0,0.44700024137999994,0.20070010837799998,0.406400219456,0.340400183816,0.35050018927,0.261600141264,0.26670014401799996,0.28190015222599996,0.28960015638400005,0.236200127548,0.241300130302,0.34290018516599996,0.27940015087599995,0.3200001728,0.431800233172,0.46480025099199995,0.337800182412,0.330200178308,0.246400133056,0.23880012895200003,0.26420014266799996,0.27940015087599995,0.231100124794,0.368300198882,0.355600192024,0.261600141264,0.36580019753200005,0.28960015638400005,0.236200127548,0.50550027297,0.231100124794,0.23370012619799999,0.330200178308,0.18800010152,0.294600159084,0.292100157734,0.213400115236,0.297200160488,0.271800146772,0.261600141264,0.24380013165199996,0.37080020023200005,0.32770017695799997,0.302300163242,0.16260008780399998,0.0,0.222250120015,0.2419251306395,0.29331754969573914,0.285750154305,0.339750183465,0.388600209844,0.50550027297,2023-03-20
03-21,3,21,0.0,0.44700024137999994,0.20070010837799998,0.406400219456,0.340400183816,0.35050018927,0.26920014536799997,0.26670014401799996,0.28450015363,0.28960015638400005,0.23880012895200003,0.241300130302,0.34290018516599996,0.28190015222599996,0.322600174204,0.431800233172,0.439400237276,0.330200178308,0.322600174204,0.259100139914,0.23880012895200003,0.26420014266799996,0.28190015222599996,0.226100122094,0.38100020574,0.36580019753200005,0.259100139914,0.36580019753200005,0.28700015498,0.236200127548,0.5080002743200001,0.236200127548,0.23880012895200003,0.330200178308,0.18540010011600003,0.294600159084,0.28700015498,0.215900116586,0.299700161838,0.274300148122,0.26920014536799997,0.246400133056,0.373400201636,0.32770017695799997,0.302300163242,0.1600000864,0.0,0.22100011934,0.24257513099050002,0.2939262456766087,0.28575015430499995,0.337850182439,0.39370021259800003,0.5080002743200001,2023-03-21
03-22,3,22,0.0,0.44700024137999994,0.203200109728,0.406400219456,0.340400183816,0.35050018927,0.26920014536799997,0.26670014401799996,0.28700015498,0.28960015638400005,0.241300130302,0.241300130302,0.34290018516599996,0.28190015222599996,0.330200178308,0.426700230418,0.439400237276,0.32770017695799997,0.32770017695799997,0.26420014266799996,0.23880012895200003,0.26420014266799996,0.28190015222599996,0.22350012068999997,0.38100020574,0.36580019753200005,0.26420014266799996,0.373400201636,0.27940015087599995,0.23880012895200003,0.5156002784239999,0.236200127548,0.246400133056,0.330200178308,0.18290009876600002,0.294600159084,0.276900149526,0.215900116586,0.299700161838,0.28190015222599996,0.274300148122,0.246400133056,0.375900202986,0.32770017695799997,0.302300163242,0.149900080946,0.0,0.21970011863799999,0.246400133056,0.294589289512913,0.28190015222599996,0.337850182439,0.39370021259800003,0.5156002784239999,2023-03-22
03-23,3,23,0.0,0.44700024137999994,0.203200109728,0.406400219456,0.340400183816,0.35050018927,0.26920014536799997,0.26670014401799996,0.28700015498,0.28960015638400005,0.246400133056,0.241300130302,0.337800182412,0.294600159084,0.337800182412,0.416600224964,0.43690023592599997,0.32510017555399995,0.32770017695799997,0.26420014266799996,0.236200127548,0.26420014266799996,0.28190015222599996,0.218400117936,0.38100020574,0.36580019753200005,0.25150013581,0.373400201636,0.28700015498,0.241300130302,0.520700281178,0.236200127548,0.25150013581,0.332700179658,0.18030009736199998,0.294600159084,0.276900149526,0.215900116586,0.309900167346,0.28450015363,0.274300148122,0.246400133056,0.37850020439,0.32770017695799997,0.309900167346,0.13970007543799998,0.0,0.217150117261,0.2476751337445,0.2949740723293913,0.28700015498,0.337800182412,0.39370021259800003,0.520700281178,2023-03-23
03-24,3,24,0.0,0.44700024137999994,0.20570011107800001,0.406400219456,0.340400183816,0.35050018927,0.271800146772,0.26670014401799996,0.292100157734,0.28960015638400005,0.246400133056,0.23880012895200003,0.332700179658,0.297200160488,0.3480001879199999,0.434300234522,0.41910022631399996,0.32770017695799997,0.32770017695799997,0.26420014266799996,0.236200127548,0.26420014266799996,0.28190015222599996,0.21080011383199998,0.386100208494,0.36580019753200005,0.246400133056,0.373400201636,0.302300163242,0.246400133056,0.520700281178,0.23370012619799999,0.259100139914,0.332700179658,0.18540010011600003,0.309900167346,0.28960015638400005,0.228600123444,0.309900167346,0.28450015363,0.274300148122,0.246400133056,0.386100208494,0.32770017695799997,0.309900167346,0.13460007268399998,0.0,0.21970011863799999,0.246400133056,0.2968023341862174,0.290850157059,0.3384751827765,0.39625021397500004,0.520700281178,2023-03-24
03-25,3,25,0.0,0.46480025099199995,0.213400115236,0.40890022080599997,0.340400183816,0.35310019067400006,0.271800146772,0.271800146772,0.292100157734,0.294600159084,0.246400133056,0.23880012895200003,0.32510017555399995,0.297200160488,0.36070019477799997,0.457200246888,0.42420022906800003,0.32770017695799997,0.31750017145000003,0.26420014266799996,0.23370012619799999,0.26670014401799996,0.28960015638400005,0.20070010837799998,0.393700212598,0.36580019753200005,0.24380013165199996,0.373400201636,0.30730016594200005,0.246400133056,0.520700281178,0.226100122094,0.259100139914,0.332700179658,0.19300010422,0.312400168696,0.28960015638400005,0.228600123444,0.309900167346,0.28450015363,0.274300148122,0.236200127548,0.386100208494,0.332700179658,0.309900167346,0.111800060372,0.0,0.219750118665,0.246400133056,0.29779581298356517,0.29335015840900003,0.3384751827765,0.401300216702,0.520700281178,2023-03-25
03-26,3,26,0.0,0.47750025784999994,0.218400117936,0.40890022080599997,0.340400183816,0.35310019067400006,0.271800146772,0.271800146772,0.294600159084,0.294600159084,0.248900134406,0.23880012895200003,0.32510017555399995,0.299700161838,0.36070019477799997,0.462300249642,0.42420022906800003,0.335300181062,0.309900167346,0.26420014266799996,0.23370012619799999,0.26920014536799997,0.28960015638400005,0.19300010422,0.406400219456,0.375900202986,0.241300130302,0.373400201636,0.32770017695799997,0.246400133056,0.520700281178,0.22100011934000002,0.259100139914,0.32770017695799997,0.19050010287,0.312400168696,0.299700161838,0.228600123444,0.309900167346,0.28700015498,0.274300148122,0.236200127548,0.386100208494,0.337800182412,0.30730016594200005,0.086400046656,0.0,0.219700118638,0.24702513339350002,0.2987284221828261,0.297150160461,0.339750183465,0.407650220131,0.520700281178,2023-03-26
03-27,3,27,0.0,0.47750025784999994,0.218400117936,0.40890022080599997,0.3480001879199999,0.35310019067400006,0.28700015498,0.271800146772,0.299700161838,0.294600159084,0.25400013716000003,0.23880012895200003,0.330200178308,0.299700161838,0.36580019753200005,0.462300249642,0.42420022906800003,0.335300181062,0.304800164592,0.26420014266799996,0.231100124794,0.26920014536799997,0.294600159084,0.18030009736199998,0.406400219456,0.38100020574,0.23880012895200003,0.373400201636,0.330200178308,0.25400013716000003,0.5258002839320001,0.215900116586,0.261600141264,0.335300181062,0.19050010287,0.3150001701,0.299700161838,0.231100124794,0.30730016594200005,0.297200160488,0.276900149526,0.23370012619799999,0.386100208494,0.340400183816,0.292100157734,0.073700039798,0.0,0.217150117261,0.25400013716000003,0.2995566834996522,0.29845016116300005,0.34610018689399996,0.407650220131,0.5258002839320001,2023-03-27
03-28,3,28,0.0,0.47750025784999994,0.22100011934000002,0.41400022355999994,0.36070019477799997,0.35310019067400006,0.292100157734,0.271800146772,0.299700161838,0.294600159084,0.25650013851000003,0.23880012895200003,0.337800182412,0.299700161838,0.37080020023200005,0.462300249642,0.42420022906800003,0.35310019067400006,0.312400168696,0.26420014266799996,0.228600123444,0.26920014536799997,0.299700161838,0.19300010422,0.406400219456,0.386100208494,0.248900134406,0.373400201636,0.330200178308,0.25400013716000003,0.535900289386,0.22100011934000002,0.261600141264,0.34290018516599996,0.18540010011600003,0.31750017145000003,0.332700179658,0.236200127548,0.302300163242,0.30730016594200005,0.276900149526,0.22350012068999997,0.393700212598,0.34540018651599996,0.28190015222599996,0.06350003429000001,0.0,0.22100011934000002,0.25462513749750004,0.3026414677741305,0.299700161838,0.35310019067400006,0.41020022150799995,0.535900289386,2023-03-28
03-29,3,29,0.0,0.482600260604,0.22100011934000002,0.42160022766399996,0.37080020023200005,0.35310019067400006,0.297200160488,0.271800146772,0.299700161838,0.294600159084,0.259100139914,0.241300130302,0.34540018651599996,0.299700161838,0.37850020439,0.462300249642,0.429300231822,0.36580019753200005,0.3150001701,0.26420014266799996,0.228600123444,0.26920014536799997,0.299700161838,0.198100106974,0.42420022906800003,0.386100208494,0.25400013716000003,0.373400201636,0.330200178308,0.25400013716000003,0.543600293544,0.22100011934000002,0.261600141264,0.34290018516599996,0.17270009325799998,0.3200001728,0.337800182412,0.241300130302,0.302300163242,0.30730016594200005,0.276900149526,0.226100122094,0.393700212598,0.34540018651599996,0.28190015222599996,0.048300026082,0.0,0.22100011934000002,0.25527513784850003,0.3046371210256956,0.299700161838,0.3626251958175001,0.422900228366,0.543600293544,2023-03-29
03-30,3,30,0.0,0.48510026195399997,0.22350012068999997,0.42160022766399996,0.37850020439,0.35310019067400006,0.299700161838,0.271800146772,0.302300163242,0.297200160488,0.261600141264,0.246400133056,0.35050018927,0.302300163242,0.37850020439,0.462300249642,0.429300231822,0.37080020023200005,0.302300163242,0.26420014266799996,0.236200127548,0.26670014401799996,0.299700161838,0.198100106974,0.429300231822,0.393700212598,0.25400013716000003,0.373400201636,0.34290018516599996,0.25400013716000003,0.543600293544,0.22100011934000002,0.259100139914,0.34290018516599996,0.16260008780399998,0.322600174204,0.337800182412,0.241300130302,0.31750017145000003,0.30730016594200005,0.276900149526,0.241300130302,0.393700212598,0.3480001879199999,0.28960015638400005,0.03050001647,0.0,0.222250120015,0.25527513784850003,0.30618929577691306,0.302300163242,0.36637519784250006,0.42545022974299995,0.543600293544,2023-03-30
03-31,3,31,0.0,0.48510026195399997,0.22350012068999997,0.42160022766399996,0.38100020574,0.355600192024,0.299700161838,0.271800146772,0.30730016594200005,0.297200160488,0.261600141264,0.25400013716000003,0.36070019477799997,0.297200160488,0.37850020439,0.46480025099199995,0.429300231822,0.375900202986,0.302300163242,0.26670014401799996,0.236200127548,0.259100139914,0.304800164592,0.198100106974,0.431800233172,0.393700212598,0.25650013851000003,0.375900202986,0.34540018651599996,0.259100139914,0.548600296244,0.22100011934000002,0.259100139914,0.35310019067400006,0.149900080946,0.32770017695799997,0.355600192024,0.241300130302,0.31750017145000003,0.312400168696,0.276900149526,0.241300130302,0.396200213948,0.35050018927,0.28960015638400005,0.010200005508000001,0.0,0.222250120015,0.259100139914,0.30750668779265217,0.30355016391699996,0.372100200934,0.42545022974299995,0.548600296244,2023-03-31
04-01,4,1,0.0,0.490200264708,0.228600123444,0.42160022766399996,0.386100208494,0.355600192024,0.297200160488,0.276900149526,0.312400168696,0.297200160488,0.261600141264,0.25650013851000003,0.36070019477799997,0.28450015363,0.37850020439,0.46740025239599997,0.431800233172,0.375900202986,0.299700161838,0.276900149526,0.23370012619799999,0.24380013165199996,0.304800164592,0.19300010422,0.431800233172,0.393700212598,0.259100139914,0.388600209844,0.35310019067400006,0.26420014266799996,0.548600296244,0.213400115236,0.25650013851000003,0.35310019067400006,0.13460007268399998,0.32770017695799997,0.355600192024,0.241300130302,0.31750017145000003,0.312400168696,0.276900149526,0.241300130302,0.40130021670199995,0.355600192024,0.302300163242,0.0,0.0,0.22100011934,0.257150138861,0.3078958184375652,0.30355016391699996,0.372100200934,0.426700230418,0.548600296244,2023-04-01
04-02,4,2,0.0,0.495300267462,0.228600123444,0.42160022766399996,0.388600209844,0.37850020439,0.297200160488,0.276900149526,0.322600174204,0.297200160488,0.25650013851000003,0.25650013851000003,0.36320019612800003,0.28450015363,0.37850020439,0.46740025239599997,0.43690023592599997,0.375900202986,0.312400168696,0.276900149526,0.236200127548,0.24380013165199996,0.304800164592,0.177800096012,0.431800233172,0.393700212598,0.259100139914,0.393700212598,0.355600192024,0.28450015363,0.5588003017519999,0.19300010422,0.292100157734,0.358100193374,0.13210007133399998,0.34540018651599996,0.35310019067400006,0.241300130302,0.31750017145000003,0.312400168696,0.276900149526,0.23880012895200003,0.40130021670199995,0.36320019612800003,0.309900167346,0.007600004103999999,0.0,0.21080011383199998,0.257150138861,0.3108197330599566,0.31115016802100004,0.377850204039,0.426700230418,0.5588003017519999,2023-04-02
04-03,4,3,0.0,0.497800268812,0.23370012619799999,0.44450024003,0.398800215352,0.396200213948,0.28960015638400005,0.276900149526,0.335300181062,0.297200160488,0.25400013716000003,0.25650013851000003,0.391200211248,0.28450015363,0.37850020439,0.4750002565,0.43690023592599997,0.375900202986,0.312400168696,0.276900149526,0.248900134406,0.241300130302,0.304800164592,0.16760009050400002,0.431800233172,0.393700212598,0.259100139914,0.393700212598,0.37080020023200005,0.28700015498,0.576600311364,0.20070010837799998,0.302300163242,0.358100193374,0.14220007678799998,0.34540018651599996,0.36070019477799997,0.23880012895200003,0.31750017145000003,0.31750017145000003,0.274300148122,0.236200127548,0.40130021670199995,0.36320019612800003,0.31750017145000003,0.03300001782,0.0,0.21720011728799998,0.257150138861,0.3151262571246087,0.314950170073,0.38802520953349995,0.434350234549,0.576600311364,2023-04-03
04-04,4,4,0.0,0.497800268812,0.23370012619799999,0.44700024137999994,0.37080020023200005,0.396200213948,0.28450015363,0.276900149526,0.340400183816,0.292100157734,0.25150013581,0.25400013716000003,0.391200211248,0.292100157734,0.375900202986,0.480100259254,0.43690023592599997,0.375900202986,0.312400168696,0.276900149526,0.248900134406,0.23880012895200003,0.30730016594200005,0.147300079542,0.42420022906800003,0.37080020023200005,0.25150013581,0.40130021670199995,0.391200211248,0.297200160488,0.5817003141179999,0.203200109728,0.297200160488,0.358100193374,0.13970007543799998,0.34540018651599996,0.36070019477799997,0.23880012895200003,0.31750017145000003,0.3200001728,0.23880012895200003,0.236200127548,0.41400022355999994,0.36320019612800003,0.31750017145000003,0.035600019223999996,0.0,0.218450117963,0.25150013581,0.31374799551078264,0.314950170073,0.375900202986,0.430550232497,0.5817003141179999,2023-04-04
04-05,4,5,0.0,0.50550027297,0.24380013165199996,0.452100244134,0.36320019612800003,0.396200213948,0.28450015363,0.276900149526,0.34290018516599996,0.28960015638400005,0.241300130302,0.246400133056,0.391200211248,0.299700161838,0.355600192024,0.482600260604,0.439400237276,0.38100020574,0.312400168696,0.27940015087599995,0.25650013851000003,0.236200127548,0.30730016594200005,0.14220007678799998,0.429300231822,0.35310019067400006,0.24380013165199996,0.40130021670199995,0.396200213948,0.30730016594200005,0.57400030996,0.203200109728,0.294600159084,0.36070019477799997,0.137200074088,0.34540018651599996,0.358100193374,0.23880012895200003,0.31750017145000003,0.3200001728,0.231100124794,0.23370012619799999,0.41910022631399996,0.36320019612800003,0.31750017145000003,0.03300001782,0.0,0.217150117261,0.24445013200299998,0.3131306038730435,0.314950170073,0.376550203337,0.434350234549,0.57400030996,2023-04-05
04-06,4,6,0.0,0.5105002756699999,0.24380013165199996,0.452100244134,0.355600192024,0.396200213948,0.28700015498,0.276900149526,0.337800182412,0.28450015363,0.218400117936,0.23880012895200003,0.40390021810599996,0.304800164592,0.35050018927,0.480100259254,0.44960024278399996,0.38350020709000004,0.312400168696,0.259100139914,0.26920014536799997,0.23370012619799999,0.31750017145000003,0.12950006993,0.43690023592599997,0.368300198882,0.231100124794,0.40130021670199995,0.396200213948,0.322600174204,0.584200315468,0.19300010422,0.299700161838,0.36580019753200005,0.13460007268399998,0.340400183816,0.358100193374,0.23370012619799999,0.3150001701,0.3200001728,0.226100122094,0.25150013581,0.426700230418,0.36320019612800003,0.31750017145000003,0.027900015065999997,0.0,0.20570011107800001,0.24572513269149998,0.3132436474123478,0.31750017145000003,0.37970020503800006,0.44325023935499996,0.584200315468,2023-04-06
04-07,4,7,0.0,0.518200279828,0.246400133056,0.452100244134,0.35050018927,0.396200213948,0.28960015638400005,0.271800146772,0.332700179658,0.276900149526,0.20570011107800001,0.23370012619799999,0.40890022080599997,0.30730016594200005,0.335300181062,0.480100259254,0.452100244134,0.391200211248,0.312400168696,0.25400013716000003,0.271800146772,0.23370012619799999,0.3200001728,0.114300061722,0.42160022766399996,0.388600209844,0.213400115236,0.406400219456,0.40130021670199995,0.32510017555399995,0.5791003127139999,0.18290009876600002,0.299700161838,0.368300198882,0.12700006858000001,0.332700179658,0.355600192024,0.23370012619799999,0.309900167346,0.3200001728,0.236200127548,0.248900134406,0.426700230418,0.368300198882,0.31750017145000003,0.010200005508000001,0.0,0.194300104922,0.24702513339350002,0.3114784290678261,0.318750172125,0.390550210897,0.43940023727599997,0.5791003127139999,2023-04-07
04-08,4,8,0.0,0.518200279828,0.246400133056,0.459700248238,0.337800182412,0.396200213948,0.28700015498,0.259100139914,0.32770017695799997,0.276900149526,0.203200109728,0.228600123444,0.41150022221,0.312400168696,0.32770017695799997,0.46740025239599997,0.454700245538,0.391200211248,0.312400168696,0.248900134406,0.28190015222599996,0.22350012068999997,0.32510017555399995,0.09910005351399999,0.40130021670199995,0.386100208494,0.198100106974,0.40890022080599997,0.40890022080599997,0.32510017555399995,0.5791003127139999,0.18540010011600003,0.297200160488,0.368300198882,0.12450006723,0.32770017695799997,0.34540018651599996,0.23880012895200003,0.30730016594200005,0.3200001728,0.236200127548,0.248900134406,0.426700230418,0.373400201636,0.31750017145000003,0.0,0.0,0.191750103545,0.24702513339350002,0.309161036512087,0.318750172125,0.38992521055949997,0.44070023797799995,0.5791003127139999,2023-04-08
04-09,4,9,0.0,0.518200279828,0.246400133056,0.459700248238,0.337800182412,0.396200213948,0.276900149526,0.246400133056,0.3200001728,0.276900149526,0.20070010837799998,0.22100011934000002,0.416600224964,0.312400168696,0.32770017695799997,0.457200246888,0.459700248238,0.391200211248,0.312400168696,0.246400133056,0.292100157734,0.22100011934000002,0.32770017695799997,0.09650005211,0.40890022080599997,0.375900202986,0.195600105624,0.41400022355999994,0.40890022080599997,0.32510017555399995,0.599400323676,0.18540010011600003,0.3200001728,0.368300198882,0.11940006447600002,0.312400168696,0.355600192024,0.23880012895200003,0.302300163242,0.3200001728,0.236200127548,0.241300130302,0.426700230418,0.373400201636,0.31750017145000003,0.0,0.0,0.19050010287000002,0.24257513099050002,0.30883060155104347,0.318750172125,0.3873752091825,0.441950238653,0.599400323676,2023-04-09
04-10,4,10,0.0,0.518200279828,0.246400133056,0.459700248238,0.32770017695799997,0.398800215352,0.26670014401799996,0.241300130302,0.312400168696,0.276900149526,0.195600105624,0.208300112482,0.42160022766399996,0.3200001728,0.330200178308,0.454700245538,0.469900253746,0.388600209844,0.3200001728,0.23370012619799999,0.292100157734,0.218400117936,0.332700179658,0.09650005211,0.40890022080599997,0.36320019612800003,0.20070010837799998,0.41910022631399996,0.40890022080599997,0.32510017555399995,0.617200333288,0.16760009050400002,0.3200001728,0.368300198882,0.116800063072,0.294600159084,0.358100193374,0.23880012895200003,0.335300181062,0.3200001728,0.23370012619799999,0.241300130302,0.426700230418,0.373400201636,0.30730016594200005,0.0,0.0,0.18160009806400002,0.23942512928950002,0.30816103597208694,0.3200001728,0.384800207792,0.44070023797799995,0.617200333288,2023-04-10
04-11,4,11,0.0,0.528300285282,0.246400133056,0.459700248238,0.32510017555399995,0.398800215352,0.26420014266799996,0.23880012895200003,0.304800164592,0.26420014266799996,0.22350012068999997,0.195600105624,0.42420022906800003,0.322600174204,0.332700179658,0.434300234522,0.482600260604,0.37850020439,0.332700179658,0.226100122094,0.292100157734,0.215900116586,0.297200160488,0.106700057618,0.406400219456,0.37080020023200005,0.203200109728,0.426700230418,0.40890022080599997,0.32510017555399995,0.617200333288,0.14480007819200003,0.3200001728,0.358100193374,0.114300061722,0.27940015087599995,0.358100193374,0.231100124794,0.36580019753200005,0.31750017145000003,0.231100124794,0.236200127548,0.426700230418,0.373400201636,0.28450015363,0.0,0.0,0.170200091908,0.2323751254825,0.30639799154178265,0.318750172125,0.3772252037015,0.43050023247,0.617200333288,2023-04-11
04-12,4,12,0.0,0.54100029214,0.25400013716000003,0.495300267462,0.3150001701,0.40390021810599996,0.26420014266799996,0.236200127548,0.294600159084,0.25650013851000003,0.236200127548,0.19050010287,0.429300231822,0.322600174204,0.335300181062,0.42160022766399996,0.48770026335800004,0.375900202986,0.332700179658,0.22350012068999997,0.292100157734,0.208300112482,0.276900149526,0.106700057618,0.406400219456,0.37080020023200005,0.203200109728,0.431800233172,0.42420022906800003,0.322600174204,0.617200333288,0.13210007133399998,0.3200001728,0.337800182412,0.111800060372,0.276900149526,0.358100193374,0.218400117936,0.36580019753200005,0.309900167346,0.231100124794,0.248900134406,0.426700230418,0.37080020023200005,0.25150013581,0.0,0.0,0.161300087102,0.236200127548,0.3051305995530435,0.312450168723,0.3746252022975,0.430550232497,0.617200333288,2023-04-12
04-13,4,13,0.0,0.556300300402,0.25400013716000003,0.495300267462,0.30730016594200005,0.406400219456,0.26420014266799996,0.226100122094,0.28450015363,0.25150013581,0.24380013165199996,0.170200091908,0.429300231822,0.3200001728,0.332700179658,0.42420022906800003,0.492800266112,0.386100208494,0.330200178308,0.213400115236,0.297200160488,0.203200109728,0.25400013716000003,0.104100056214,0.388600209844,0.35310019067400006,0.203200109728,0.434300234522,0.42420022906800003,0.322600174204,0.617200333288,0.116800063072,0.31750017145000003,0.335300181062,0.109200058968,0.271800146772,0.340400183816,0.236200127548,0.36580019753200005,0.3150001701,0.231100124794,0.26420014266799996,0.426700230418,0.36070019477799997,0.23880012895200003,0.0,0.0,0.14350007749,0.236850127899,0.3025979894897826,0.31115016802100004,0.3810252057535,0.431800233172,0.617200333288,2023-04-13
04-14,4,14,0.0,0.556300300402,0.25400013716000003,0.5029002715659999,0.302300163242,0.406400219456,0.259100139914,0.20070010837799998,0.274300148122,0.241300130302,0.25150013581,0.15750008505,0.429300231822,0.3200001728,0.3200001728,0.42420022906800003,0.500400270216,0.391200211248,0.32510017555399995,0.195600105624,0.297200160488,0.18800010152,0.228600123444,0.08380004525200001,0.37850020439,0.340400183816,0.203200109728,0.434300234522,0.42420022906800003,0.330200178308,0.627400338796,0.116800063072,0.32510017555399995,0.35310019067400006,0.09650005211,0.25650013851000003,0.31750017145000003,0.236200127548,0.36580019753200005,0.3150001701,0.231100124794,0.271800146772,0.426700230418,0.340400183816,0.23880012895200003,0.0,0.0,0.137150074061,0.2323751254825,0.2986784221558261,0.308650166671,0.3753252026755,0.431800233172,0.627400338796,2023-04-14
04-15,4,15,0.0,0.566400305856,0.25400013716000003,0.5029002715659999,0.28190015222599996,0.42160022766399996,0.259100139914,0.19050010287,0.26420014266799996,0.22350012068999997,0.25150013581,0.147300079542,0.429300231822,0.322600174204,0.322600174204,0.42420022906800003,0.513100277074,0.396200213948,0.32510017555399995,0.177800096012,0.302300163242,0.16760009050400002,0.20070010837799998,0.06100003294,0.375900202986,0.332700179658,0.19050010287,0.439400237276,0.43690023592599997,0.330200178308,0.627400338796,0.114300061722,0.32510017555399995,0.35310019067400006,0.086400046656,0.248900134406,0.312400168696,0.236200127548,0.368300198882,0.31750017145000003,0.231100124794,0.276900149526,0.426700230418,0.322600174204,0.231100124794,0.0,0.0,0.130800070632,0.225400121716,0.2954132030013043,0.307350165969,0.37400020196,0.438150236601,0.627400338796,2023-04-15
04-16,4,16,0.0,0.57150030861,0.25400013716000003,0.5029002715659999,0.26420014266799996,0.42160022766399996,0.25150013581,0.177800096012,0.25150013581,0.20570011107800001,0.248900134406,0.12950006993,0.43690023592599997,0.322600174204,0.322600174204,0.42420022906800003,0.5156002784239999,0.40390021810599996,0.32510017555399995,0.195600105624,0.292100157734,0.165100089154,0.195600105624,0.043200023328,0.37080020023200005,0.332700179658,0.18030009736199998,0.429300231822,0.44450024003,0.32770017695799997,0.624800337392,0.12190006582599998,0.330200178308,0.35310019067400006,0.09400005076,0.25150013581,0.309900167346,0.236200127548,0.37080020023200005,0.31750017145000003,0.23880012895200003,0.292100157734,0.426700230418,0.3150001701,0.213400115236,,0.0,0.1437400776196,0.213400115236,0.3000623842558222,0.309900167346,0.37080020023200005,0.4414602383884,0.624800337392,2023-04-16
04-17,4,17,0.0,0.56900030726,0.25400013716000003,0.47750025784999994,0.241300130302,0.44450024003,0.23880012895200003,0.170200091908,0.241300130302,0.203200109728,0.241300130302,0.12450006723,0.43690023592599997,0.30730016594200005,0.322600174204,0.41400022355999994,0.462300249642,0.40890022080599997,0.3200001728,0.198100106974,0.28450015363,0.16260008780399998,0.18290009876600002,0.040600021923999995,0.35310019067400006,0.31750017145000003,0.17270009325799998,0.426700230418,0.44450024003,0.3150001701,0.622300336042,0.12700006858000001,0.330200178308,0.35310019067400006,0.101600054864,0.25400013716000003,0.299700161838,0.228600123444,0.38100020574,0.322600174204,0.23880012895200003,0.304800164592,0.426700230418,0.32510017555399995,0.20070010837799998,,0.0,0.1412400762696,0.203200109728,0.2953779372817778,0.304800164592,0.38100020574,0.44450024003,0.622300336042,2023-04-17
04-18,4,18,0.0,0.5613003031020001,0.25400013716000003,0.452100244134,0.215900116586,0.46480025099199995,0.215900116586,0.1600000864,0.228600123444,0.19300010422,0.236200127548,0.116800063072,0.44700024137999994,0.28700015498,0.330200178308,0.40390021810599996,0.44200023868000005,0.41150022221,0.312400168696,0.195600105624,0.27940015087599995,0.165100089154,0.177800096012,0.038100020574,0.335300181062,0.32510017555399995,0.154900083646,0.426700230418,0.44450024003,0.294600159084,0.629900340146,0.12190006582599998,0.335300181062,0.32770017695799997,0.09400005076,0.25400013716000003,0.28960015638400005,0.23880012895200003,0.38100020574,0.330200178308,0.24380013165199996,0.304800164592,0.426700230418,0.322600174204,0.215900116586,,0.0,0.135100072954,0.215900116586,0.29079793480857774,0.28960015638400005,0.38100020574,0.44600024083999995,0.629900340146,2023-04-18
04-19,4,19,0.0,0.5613003031020001,0.25400013716000003,0.452100244134,0.203200109728,0.472400255096,0.195600105624,0.147300079542,0.208300112482,0.18540010011600003,0.236200127548,0.111800060372,0.46740025239599997,0.26920014536799997,0.330200178308,0.429300231822,0.42160022766399996,0.41150022221,0.299700161838,0.18540010011600003,0.26920014536799997,0.17270009325799998,0.18800010152,0.027900015065999997,0.332700179658,0.32510017555399995,0.1600000864,0.42420022906800003,0.44450024003,0.28450015363,0.640100345654,0.12450006723,0.335300181062,0.30730016594200005,0.088900048006,0.248900134406,0.292100157734,0.24380013165199996,0.375900202986,0.330200178308,0.24380013165199996,0.271800146772,0.426700230418,0.322600174204,0.215900116586,,0.0,0.1336200721548,0.195600105624,0.2875223774842222,0.271800146772,0.375900202986,0.4490602424924,0.640100345654,2023-04-19
04-20,4,20,0.0,0.548600296244,0.25400013716000003,0.44700024137999994,0.20570011107800001,0.472400255096,0.198100106974,0.137200074088,0.18800010152,0.17270009325799998,0.231100124794,0.111800060372,0.469900253746,0.25400013716000003,0.35310019067400006,0.44960024278399996,0.398800215352,0.41150022221,0.28450015363,0.18800010152,0.25400013716000003,0.177800096012,0.19050010287,0.035600019223999996,0.330200178308,0.32510017555399995,0.1600000864,0.41910022631399996,0.42420022906800003,0.259100139914,0.642600347004,0.12450006723,0.337800182412,0.292100157734,0.078700042498,0.248900134406,0.292100157734,0.241300130302,0.36580019753200005,0.330200178308,0.25400013716000003,0.26670014401799996,0.434300234522,0.3200001728,0.215900116586,,0.0,0.1295800699732,0.19050010287,0.2843668202246667,0.259100139914,0.36580019753200005,0.44856024222239993,0.642600347004,2023-04-20
04-21,4,21,0.0,0.54100029214,0.25400013716000003,0.44700024137999994,0.208300112482,0.469900253746,0.195600105624,0.12190006582599998,0.165100089154,0.154900083646,0.231100124794,0.111800060372,0.469900253746,0.226100122094,0.355600192024,0.44960024278399996,0.388600209844,0.398800215352,0.28700015498,0.195600105624,0.25650013851000003,0.18540010011600003,0.18800010152,0.035600019223999996,0.32770017695799997,0.31750017145000003,0.1600000864,0.406400219456,0.406400219456,0.23880012895200003,0.6502003511079999,0.12700006858000001,0.340400183816,0.27940015087599995,0.06350003429000001,0.261600141264,0.299700161838,0.236200127548,0.35310019067400006,0.32770017695799997,0.25400013716000003,0.26420014266799996,0.44450024003,0.31750017145000003,0.215900116586,,0.0,0.1239400669276,0.195600105624,0.28064459599244446,0.261600141264,0.355600192024,0.44856024222239993,0.6502003511079999,2023-04-21
04-22,4,22,0.0,0.528300285282,0.261600141264,0.452100244134,0.208300112482,0.459700248238,0.18540010011600003,0.12190006582599998,0.13970007543799998,0.14220007678799998,0.236200127548,0.109200058968,0.469900253746,0.20570011107800001,0.355600192024,0.452100244134,0.406400219456,0.393700212598,0.297200160488,0.18030009736199998,0.25650013851000003,0.18290009876600002,0.175300094662,0.043200023328,0.32770017695799997,0.304800164592,0.15750008505,0.406400219456,0.38350020709000004,0.228600123444,0.657900355266,0.11940006447600002,0.340400183816,0.26420014266799996,0.045700024677999995,0.25400013716000003,0.299700161838,0.231100124794,0.35050018927,0.32510017555399995,0.25400013716000003,0.241300130302,0.44450024003,0.312400168696,0.21080011383199998,,0.0,0.12040006501600001,0.18290009876600002,0.2760645935192445,0.25650013851000003,0.355600192024,0.452100244134,0.657900355266,2023-04-22
04-23,4,23,0.0,0.528300285282,0.261600141264,0.452100244134,0.208300112482,0.44700024137999994,0.15750008505,0.12700006858000001,0.114300061722,0.13460007268399998,0.23880012895200003,0.104100056214,0.46740025239599997,0.170200091908,0.37080020023200005,0.454700245538,0.426700230418,0.37850020439,0.302300163242,0.170200091908,0.26420014266799996,0.175300094662,0.18290009876600002,0.053300028782,0.31750017145000003,0.28190015222599996,0.15750008505,0.406400219456,0.355600192024,0.226100122094,0.6528003525120001,0.08380004525200001,0.34290018516599996,0.25650013851000003,0.03300001782,0.246400133056,0.294600159084,0.208300112482,0.3480001879199999,0.3150001701,0.25400013716000003,0.25400013716000003,0.44450024003,0.28960015638400005,0.19050010287,,0.0,0.10818005841719999,0.170200091908,0.2699779235657778,0.25650013851000003,0.355600192024,0.4500602430324,0.6528003525120001,2023-04-23
04-24,4,24,0.0,0.528300285282,0.261600141264,0.452100244134,0.208300112482,0.439400237276,0.13210007133399998,0.13970007543799998,0.09140004935599999,0.12950006993,0.23880012895200003,0.101600054864,0.46740025239599997,0.1600000864,0.375900202986,0.452100244134,0.43690023592599997,0.36580019753200005,0.309900167346,0.170200091908,0.26670014401799996,0.16260008780399998,0.18030009736199998,0.050800027432,0.297200160488,0.26670014401799996,0.1600000864,0.40390021810599996,0.32510017555399995,0.25650013851000003,0.657900355266,0.055900030186,0.34290018516599996,0.259100139914,0.017800009611999998,0.22100011934000002,0.28960015638400005,0.195600105624,0.340400183816,0.30730016594200005,0.246400133056,0.261600141264,0.44450024003,0.25150013581,0.18800010152,,0.0,0.0954800515592,0.16260008780399998,0.2646734762569333,0.259100139914,0.34290018516599996,0.4490602424924,0.657900355266,2023-04-24
04-25,4,25,0.0,0.5105002756699999,0.26420014266799996,0.452100244134,0.208300112482,0.452100244134,0.104100056214,0.13970007543799998,0.076200041148,0.12700006858000001,0.23880012895200003,0.101600054864,0.46740025239599997,0.15750008505,0.375900202986,0.431800233172,0.44200023868000005,0.37080020023200005,0.309900167346,0.170200091908,0.246400133056,0.14480007819200003,0.16760009050400002,0.03050001647,0.297200160488,0.26670014401799996,0.15750008505,0.40130021670199995,0.3200001728,0.25150013581,0.657900355266,0.03300001782,0.34290018516599996,0.25400013716000003,0.007600004103999999,0.22100011934000002,0.299700161838,0.18030009736199998,0.337800182412,0.309900167346,0.23880012895200003,0.261600141264,0.44450024003,0.23370012619799999,0.18540010011600003,,0.0,0.08636004663440001,0.15750008505,0.2598156958559556,0.25150013581,0.34290018516599996,0.4490602424924,0.657900355266,2023-04-25
04-26,4,26,0.0,0.50550027297,0.26920014536799997,0.457200246888,0.208300112482,0.46480025099199995,0.088900048006,0.13970007543799998,0.07110003839399999,0.12700006858000001,0.25150013581,0.08130004390199999,0.46480025099199995,0.15750008505,0.375900202986,0.42420022906800003,0.41910022631399996,0.375900202986,0.322600174204,0.17270009325799998,0.226100122094,0.12950006993,0.13970007543799998,0.03050001647,0.28450015363,0.26670014401799996,0.14220007678799998,0.406400219456,0.335300181062,0.24380013165199996,0.6731003634739999,0.0,0.34290018516599996,0.248900134406,0.0,0.22100011934000002,0.304800164592,0.1600000864,0.30730016594200005,0.302300163242,0.218400117936,0.261600141264,0.44700024137999994,0.215900116586,0.175300094662,,0.0,0.07518004059719999,0.14220007678799998,0.25467569308035554,0.248900134406,0.34290018516599996,0.4531202446848,0.6731003634739999,2023-04-26
04-27,4,27,0.0,0.495300267462,0.26920014536799997,0.459700248238,0.208300112482,0.472400255096,0.07110003839399999,0.15750008505,0.07110003839399999,0.12950006993,0.25400013716000003,0.06100003294,0.46480025099199995,0.165100089154,0.375900202986,0.41910022631399996,0.406400219456,0.36070019477799997,0.3150001701,0.152400082296,0.208300112482,0.109200058968,0.12190006582599998,0.017800009611999998,0.26420014266799996,0.246400133056,0.13210007133399998,0.406400219456,0.337800182412,0.23880012895200003,0.675600364824,0.0,0.340400183816,0.26420014266799996,0.0,0.231100124794,0.304800164592,0.137200074088,0.297200160488,0.28700015498,0.22350012068999997,0.236200127548,0.429300231822,0.208300112482,0.15750008505,,0.0,0.0650400351216,0.137200074088,0.24852680087106663,0.23880012895200003,0.340400183816,0.44754024167160006,0.675600364824,2023-04-27
04-28,4,28,0.0,0.490200264708,0.271800146772,0.46480025099199995,0.19300010422,0.469900253746,0.055900030186,0.149900080946,0.073700039798,0.137200074088,0.26670014401799996,0.03050001647,0.459700248238,0.18290009876600002,0.34290018516599996,0.40890022080599997,0.38100020574,0.358100193374,0.330200178308,0.12700006858000001,0.18800010152,0.106700057618,0.104100056214,0.00250000135,0.25400013716000003,0.22350012068999997,0.106700057618,0.406400219456,0.337800182412,0.228600123444,0.670600362124,0.0,0.32770017695799997,0.26670014401799996,0.0,0.25650013851000003,0.31750017145000003,0.111800060372,0.27940015087599995,0.274300148122,0.226100122094,0.22100011934000002,0.396200213948,0.215900116586,0.15750008505,,0.0,0.040660021956400005,0.12700006858000001,0.24164013048559999,0.228600123444,0.337800182412,0.43938023726520004,0.670600362124,2023-04-28
04-29,4,29,0.0,0.457200246888,0.271800146772,0.46480025099199995,0.165100089154,0.469900253746,0.038100020574,0.137200074088,0.073700039798,0.137200074088,0.26670014401799996,0.010200005508000001,0.44700024137999994,0.19300010422,0.34540018651599996,0.406400219456,0.368300198882,0.34540018651599996,0.332700179658,0.09400005076,0.15750008505,0.09650005211,0.088900048006,0.0,0.259100139914,0.203200109728,0.08380004525200001,0.40390021810599996,0.330200178308,0.241300130302,0.688300371682,0.00250000135,0.312400168696,0.271800146772,0.0,0.261600141264,0.330200178308,0.08380004525200001,0.26920014536799997,0.25400013716000003,0.22100011934000002,0.195600105624,0.36070019477799997,0.215900116586,0.149900080946,,0.0,0.02136001153440001,0.09650005211,0.23345345939813336,0.241300130302,0.332700179658,0.43076023261040003,0.688300371682,2023-04-29
04-30,4,30,0.0,0.439400237276,0.274300148122,0.46480025099199995,0.09910005351399999,0.469900253746,0.022900012366000002,0.13210007133399998,0.073700039798,0.137200074088,0.276900149526,0.0,0.439400237276,0.195600105624,0.35050018927,0.41400022355999994,0.393700212598,0.32510017555399995,0.34290018516599996,0.06350003429000001,0.137200074088,0.06600003564,0.073700039798,0.0,0.261600141264,0.177800096012,0.053300028782,0.38350020709000004,0.322600174204,0.248900134406,0.70100037854,0.00250000135,0.297200160488,0.274300148122,0.0,0.26670014401799996,0.330200178308,0.06350003429000001,0.259100139914,0.236200127548,0.195600105624,0.20570011107800001,0.3150001701,0.22100011934000002,0.137200074088,,0.0,0.010660005756400007,0.073700039798,0.22544012173759995,0.236200127548,0.32510017555399995,0.4292402317896,0.70100037854,2023-04-30
05-01,5,1,0.0,0.43690023592599997,0.274300148122,0.46480025099199995,0.027900015065999997,0.452100244134,0.015200008207999998,0.114300061722,0.073700039798,0.137200074088,0.276900149526,0.0,0.44700024137999994,0.195600105624,0.36320019612800003,0.393700212598,0.40890022080599997,0.309900167346,0.340400183816,0.058400031536,0.106700057618,0.03300001782,0.08380004525200001,0.007600004103999999,0.26670014401799996,0.16260008780399998,0.020300010961999997,0.36320019612800003,0.302300163242,0.26670014401799996,0.70100037854,0.0,0.28960015638400005,0.274300148122,0.0,0.26420014266799996,0.330200178308,0.06350003429000001,0.26670014401799996,0.21080011383199998,0.16760009050400002,0.18800010152,0.28700015498,0.218400117936,0.13460007268399998,,0.0,0.010640005745600001,0.073700039798,0.21776011759039998,0.218400117936,0.309900167346,0.425700229878,0.70100037854,2023-05-01
05-02,5,2,0.0,0.434300234522,0.276900149526,0.472400255096,0.0,0.44450024003,0.015200008207999998,0.104100056214,0.06100003294,0.12700006858000001,0.276900149526,0.0,0.44960024278399996,0.20070010837799998,0.375900202986,0.37850020439,0.41910022631399996,0.294600159084,0.32770017695799997,0.027900015065999997,0.08130004390199999,0.03300001782,0.073700039798,0.0,0.261600141264,0.13460007268399998,0.0,0.358100193374,0.297200160488,0.274300148122,0.6985003771899999,0.0,0.28190015222599996,0.26670014401799996,0.0,0.26670014401799996,0.32770017695799997,0.06600003564,0.26920014536799997,0.18290009876600002,0.13970007543799998,0.18540010011600003,0.27940015087599995,0.22100011934000002,0.11940006447600002,,0.0,0.0,0.06600003564,0.21121344738853337,0.22100011934000002,0.297200160488,0.4282202312388,0.6985003771899999,2023-05-02
05-03,5,3,0.0,0.434300234522,0.276900149526,0.472400255096,0.0,0.42160022766399996,0.020300010961999997,0.11940006447600002,0.048300026082,0.114300061722,0.27940015087599995,0.0,0.43690023592599997,0.195600105624,0.391200211248,0.36580019753200005,0.42160022766399996,0.271800146772,0.332700179658,0.015200008207999998,0.078700042498,0.025400013716,0.058400031536,0.0,0.26670014401799996,0.106700057618,0.0,0.358100193374,0.297200160488,0.27940015087599995,0.693400374436,0.0,0.28190015222599996,0.248900134406,0.0,0.26420014266799996,0.32510017555399995,0.073700039798,0.274300148122,0.16760009050400002,0.12700006858000001,0.16260008780399998,0.261600141264,0.218400117936,0.09910005351399999,,0.0,0.0,0.058400031536,0.20635788921097772,0.218400117936,0.297200160488,0.42160022766399996,0.693400374436,2023-05-03
05-04,5,4,0.0,0.40890022080599997,0.276900149526,0.48510026195399997,0.0,0.375900202986,0.007600004103999999,0.13210007133399998,0.038100020574,0.101600054864,0.28450015363,0.0,0.41910022631399996,0.195600105624,0.391200211248,0.340400183816,0.406400219456,0.248900134406,0.35050018927,0.0,0.09400005076,0.015200008207999998,0.045700024677999995,0.0,0.25650013851000003,0.09650005211,0.005100002754000001,0.36320019612800003,0.274300148122,0.27940015087599995,0.693400374436,0.0,0.271800146772,0.218400117936,0.0,0.25650013851000003,0.3150001701,0.07110003839399999,0.259100139914,0.154900083646,0.111800060372,0.16260008780399998,0.246400133056,0.208300112482,0.076200041148,,0.0,0.0,0.045700024677999995,0.19862677392506667,0.208300112482,0.28450015363,0.4003202161728,0.693400374436,2023-05-04
05-05,5,5,0.0,0.393700212598,0.276900149526,0.497800268812,0.0,0.373400201636,0.0,0.13210007133399998,0.03050001647,0.08380004525200001,0.28700015498,0.0,0.431800233172,0.18800010152,0.375900202986,0.32510017555399995,0.393700212598,0.24380013165199996,0.358100193374,0.0,0.08380004525200001,0.00250000135,0.06100003294,0.0,0.24380013165199996,0.109200058968,0.022900012366000002,0.35310019067400006,0.261600141264,0.28190015222599996,0.6985003771899999,0.0,0.26670014401799996,0.18540010011600003,0.0,0.24380013165199996,0.294600159084,0.055900030186,0.228600123444,0.149900080946,0.101600054864,0.18290009876600002,0.236200127548,0.213400115236,0.050800027432,,0.0,0.0,0.050800027432,0.19377121574751116,0.18800010152,0.28700015498,0.38658020875320004,0.6985003771899999,2023-05-05
05-06,5,6,0.0,0.38100020574,0.276900149526,0.497800268812,0.0,0.37850020439,0.0,0.12190006582599998,0.017800009611999998,0.058400031536,0.292100157734,0.0,0.44700024137999994,0.175300094662,0.386100208494,0.3200001728,0.355600192024,0.23370012619799999,0.36070019477799997,0.0,0.073700039798,0.0,0.06350003429000001,0.0,0.22350012068999997,0.109200058968,0.043200023328,0.34290018516599996,0.241300130302,0.27940015087599995,0.6960003758399999,0.0,0.25150013581,0.16260008780399998,0.0,0.22100011934000002,0.259100139914,0.03300001782,0.203200109728,0.14220007678799998,0.08380004525200001,0.13970007543799998,0.236200127548,0.195600105624,0.048300026082,,0.0,0.0,0.043200023328,0.18559343355373337,0.175300094662,0.27940015087599995,0.3800002052,0.6960003758399999,2023-05-06
05-07,5,7,0.0,0.373400201636,0.276900149526,0.5029002715659999,0.0,0.391200211248,0.0,0.104100056214,0.0,0.025400013716,0.292100157734,0.0,0.457200246888,0.14220007678799998,0.38350020709000004,0.294600159084,0.32510017555399995,0.241300130302,0.34290018516599996,0.0,0.050800027432,0.0,0.06350003429000001,0.0,0.218400117936,0.09140004935599999,0.045700024677999995,0.32510017555399995,0.208300112482,0.274300148122,0.6807003675779999,0.0,0.24380013165199996,0.14220007678799998,0.0,0.19300010422,0.22350012068999997,0.0,0.198100106974,0.12450006723,0.050800027432,0.104100056214,0.23880012895200003,0.213400115236,0.025400013716,,0.0,0.0,0.025400013716,0.1748578722009778,0.14220007678799998,0.276900149526,0.37946020490840005,0.6807003675779999,2023-05-07
05-08,5,8,0.0,0.36580019753200005,0.276900149526,0.5029002715659999,0.0,0.40890022080599997,0.0,0.104100056214,0.0,0.020300010961999997,0.28700015498,0.0,0.46480025099199995,0.11940006447600002,0.38350020709000004,0.274300148122,0.30730016594200005,0.22350012068999997,0.330200178308,0.0,0.035600019223999996,0.0,0.068600037044,0.0,0.226100122094,0.07110003839399999,0.038100020574,0.297200160488,0.175300094662,0.271800146772,0.6502003511079999,0.0,0.23370012619799999,0.14480007819200003,0.0,0.18540010011600003,0.19050010287,0.0,0.20070010837799998,0.09910005351399999,0.015200008207999998,0.076200041148,0.236200127548,0.215900116586,0.005100002754000001,,0.0,0.0,0.005100002754000001,0.1667934234017333,0.14480007819200003,0.274300148122,0.3764202032668001,0.6502003511079999,2023-05-08
05-09,5,9,0.0,0.35050018927,0.276900149526,0.5029002715659999,0.0,0.431800233172,0.0,0.106700057618,0.0,0.020300010961999997,0.25150013581,0.0,0.472400255096,0.088900048006,0.38350020709000004,0.259100139914,0.28190015222599996,0.22350012068999997,0.312400168696,0.0,0.017800009611999998,0.0,0.068600037044,0.0,0.218400117936,0.06600003564,0.020300010961999997,0.28190015222599996,0.15750008505,0.259100139914,0.629900340146,0.0,0.22100011934000002,0.149900080946,0.0,0.18800010152,0.17270009325799998,0.0,0.195600105624,0.088900048006,0.0,0.06350003429000001,0.22350012068999997,0.231100124794,0.0,,0.0,0.0,0.0,0.16035564214755554,0.149900080946,0.259100139914,0.3703001999620001,0.629900340146,2023-05-09
05-10,5,10,0.0,0.3480001879199999,0.276900149526,0.5029002715659999,0.0,0.434300234522,0.0,0.106700057618,0.0,0.0,0.246400133056,0.0,0.472400255096,0.045700024677999995,0.358100193374,0.259100139914,0.236200127548,0.18030009736199998,0.32510017555399995,0.0,0.0,0.0,0.088900048006,0.0,0.20070010837799998,0.03050001647,0.0,0.28700015498,0.13210007133399998,0.25650013851000003,0.640100345654,0.0,0.208300112482,0.15750008505,0.0,0.218400117936,0.149900080946,0.0,0.20570011107800001,0.06600003564,0.0,0.068600037044,0.203200109728,0.231100124794,0.0,,0.0,0.0,0.0,0.15414674990586663,0.13210007133399998,0.246400133056,0.3540601911924,0.640100345654,2023-05-10
05-11,5,11,0.0,0.34540018651599996,0.276900149526,0.5029002715659999,0.010200005508000001,0.434300234522,0.0,0.09910005351399999,0.0,0.0,0.246400133056,0.005100002754000001,0.469900253746,0.017800009611999998,0.35050018927,0.248900134406,0.198100106974,0.175300094662,0.332700179658,0.0,0.0,0.0,0.09400005076,0.0,0.241300130302,0.012700006858,0.0,0.276900149526,0.106700057618,0.25400013716000003,0.6502003511079999,0.0,0.18290009876600002,0.16260008780399998,0.0,0.215900116586,0.12190006582599998,0.0,0.20070010837799998,0.055900030186,0.0,0.050800027432,0.18800010152,0.23370012619799999,0.0,,0.0,0.0,0.0,0.15026008114040001,0.106700057618,0.246400133056,0.34846018816839996,0.6502003511079999,2023-05-11
05-12,5,12,0.0,0.34540018651599996,0.276900149526,0.48510026195399997,0.015200008207999998,0.434300234522,0.0,0.06100003294,0.0,0.0,0.248900134406,0.0,0.454700245538,0.0,0.358100193374,0.22350012068999997,0.16760009050400002,0.175300094662,0.3150001701,0.007600004103999999,0.0,0.00250000135,0.09140004935599999,0.0,0.24380013165199996,0.005100002754000001,0.0,0.25650013851000003,0.06100003294,0.28700015498,0.6502003511079999,0.0,0.16260008780399998,0.16760009050400002,0.0,0.21080011383199998,0.09140004935599999,0.0,0.18800010152,0.020300010961999997,0.0,0.015200008207999998,0.17270009325799998,0.23880012895200003,0.0,,0.0,0.0,0.0,0.14296674386866665,0.09140004935599999,0.24380013165199996,0.35302019063080003,0.6502003511079999,2023-05-12
05-13,5,13,0.0,0.335300181062,0.276900149526,0.457200246888,0.012700006858,0.426700230418,0.0,0.035600019223999996,0.005100002754000001,0.0,0.246400133056,0.0,0.426700230418,0.0,0.36580019753200005,0.195600105624,0.11940006447600002,0.175300094662,0.309900167346,0.007600004103999999,0.0,0.0,0.08130004390199999,0.0,0.24380013165199996,0.0,0.0,0.228600123444,0.03050001647,0.28700015498,0.6325003415499999,0.0,0.12950006993,0.177800096012,0.0,0.20570011107800001,0.043200023328,0.0,0.16760009050400002,0.007600004103999999,0.0,0.025400013716,0.152400082296,0.231100124794,0.0,,0.0,0.0,0.0,0.13422673914906666,0.043200023328,0.231100124794,0.3536001909440001,0.6325003415499999,2023-05-13
05-14,5,14,0.0,0.3200001728,0.276900149526,0.396200213948,0.005100002754000001,0.42160022766399996,0.0,0.0,0.00250000135,0.0,0.215900116586,0.0,0.40390021810599996,0.0,0.375900202986,0.154900083646,0.08380004525200001,0.19300010422,0.332700179658,0.0,0.0,0.0,0.048300026082,0.0,0.228600123444,0.0,0.0,0.241300130302,0.010200005508000001,0.292100157734,0.609600329184,0.0,0.09650005211,0.1600000864,0.0,0.18540010011600003,0.007600004103999999,0.0,0.147300079542,0.0,0.0,0.005100002754000001,0.13210007133399998,0.22100011934000002,0.0,,0.0,0.0,0.0,0.12372228903222224,0.010200005508000001,0.22100011934000002,0.3586201936548001,0.609600329184,2023-05-14
05-15,5,15,0.0,0.304800164592,0.276900149526,0.35310019067400006,0.0,0.41400022355999994,0.0,0.0,0.00250000135,0.0,0.198100106974,0.0,0.36070019477799997,0.0,0.330200178308,0.116800063072,0.027900015065999997,0.18290009876600002,0.332700179658,0.0,0.0,0.0,0.038100020574,0.0,0.22100011934000002,0.0,0.0,0.23880012895200003,0.0,0.297200160488,0.596900322326,0.0,0.06600003564,0.149900080946,0.0,0.152400082296,0.0,0.0,0.12450006723,0.0,0.0,0.005100002754000001,0.106700057618,0.203200109728,0.0,,0.0,0.0,0.0,0.11334228342702221,0.005100002754000001,0.203200109728,0.331700179118,0.596900322326,2023-05-15
05-16,5,16,0.0,0.297200160488,0.276900149526,0.312400168696,0.0,0.40130021670199995,0.0,0.0,0.0,0.0,0.198100106974,0.0,0.337800182412,0.0,0.31750017145000003,0.08130004390199999,0.017800009611999998,0.18290009876600002,0.34290018516599996,0.0,0.0,0.0,0.017800009611999998,0.0,0.18800010152,0.0,0.0,0.236200127548,0.0,0.28700015498,0.5588003017519999,0.0,0.03300001782,0.12190006582599998,0.0,0.12450006723,0.0,0.0,0.09140004935599999,0.0,0.0,0.0,0.078700042498,0.18540010011600003,0.0,,0.0,0.0,0.0,0.10419561182115557,0.0,0.18800010152,0.3154601703484,0.5588003017519999,2023-05-16
05-17,5,17,0.0,0.27940015087599995,0.302300163242,0.292100157734,0.0,0.393700212598,0.0,0.0,0.0,0.0,0.19050010287,0.0,0.322600174204,0.0,0.322600174204,0.03050001647,0.007600004103999999,0.16260008780399998,0.34290018516599996,0.0,0.0,0.0,0.0,0.0,0.152400082296,0.0,0.0,0.213400115236,0.0,0.276900149526,0.553700298998,0.0,0.00250000135,0.09910005351399999,0.012700006858,0.114300061722,0.0,0.0,0.055900030186,0.0,0.0,0.0,0.055900030186,0.170200091908,0.0,,0.0,0.0,0.0,0.0967511633567111,0.0,0.170200091908,0.3144801698192,0.553700298998,2023-05-17
05-18,5,18,0.0,0.261600141264,0.302300163242,0.261600141264,0.0,0.388600209844,0.0,0.0,0.0,0.0,0.1600000864,0.0,0.297200160488,0.0,0.30730016594200005,0.0,0.0,0.13460007268399998,0.31750017145000003,0.0,0.0,0.0,0.0,0.0,0.154900083646,0.0,0.0,0.170200091908,0.0,0.25650013851000003,0.5613003031020001,0.0,0.0,0.06350003429000001,0.0,0.12190006582599998,0.0,0.0,0.043200023328,0.0,0.0,0.0,0.027900015065999997,0.147300079542,0.0,,0.0,0.0,0.0,0.08838671439546666,0.0,0.154900083646,0.3002601621404,0.5613003031020001,2023-05-18
05-19,5,19,0.0,0.259100139914,0.31750017145000003,0.23880012895200003,0.0,0.36320019612800003,0.0,0.0,0.0,0.0,0.14220007678799998,0.0,0.25400013716000003,0.0,0.299700161838,0.0,0.0,0.104100056214,0.28700015498,0.0,0.0,0.0,0.0,0.0,0.111800060372,0.0,0.0,0.13460007268399998,0.0,0.25150013581,0.576600311364,0.0,0.0,0.025400013716,0.0,0.111800060372,0.0,0.0,0.03300001782,0.0,0.0,0.0,0.0,0.12190006582599998,0.0,,0.0,0.0,0.0,0.08071559914195554,0.0,0.12190006582599998,0.27584014895360004,0.576600311364,2023-05-19
05-20,5,20,0.0,0.25650013851000003,0.322600174204,0.203200109728,0.0,0.335300181062,0.0,0.0,0.0,0.0,0.109200058968,0.0,0.22100011934000002,0.0,0.28190015222599996,0.0,0.0,0.07110003839399999,0.274300148122,0.0,0.0,0.0,0.0,0.0,0.06100003294,0.0,0.0,0.09140004935599999,0.0,0.25150013581,0.6020003250799999,0.0,0.00250000135,0.0,0.0,0.08130004390199999,0.0,0.0,0.017800009611999998,0.0,0.0,0.0,0.0,0.09650005211,0.0,,0.0,0.0,0.0,0.0728689282380889,0.0,0.09140004935599999,0.26718014427720005,0.6020003250799999,2023-05-20
05-21,5,21,0.0,0.215900116586,0.322600174204,0.16260008780399998,0.0,0.297200160488,0.0,0.0,0.0,0.0,0.06600003564,0.0,0.198100106974,0.0,0.26420014266799996,0.0,0.0,0.040600021923999995,0.24380013165199996,0.0,0.0,0.0,0.0,0.0,0.015200008207999998,0.0,0.0,0.038100020574,0.0,0.228600123444,0.614700331938,0.0,0.0,0.0,0.0,0.053300028782,0.0,0.0,0.010200005508000001,0.0,0.0,0.0,0.0,0.073700039798,0.0,,0.0,0.0,0.0,0.06321781191537779,0.0,0.053300028782,0.2377201283688,0.614700331938,2023-05-21
05-22,5,22,0.0,0.18800010152,0.34540018651599996,0.12190006582599998,0.0,0.25650013851000003,0.0,0.0,0.0,0.0,0.03050001647,0.0,0.152400082296,0.0,0.23370012619799999,0.0,0.0,0.0,0.231100124794,0.0,0.0,0.0,0.0,0.0,0.0,0.0,0.0,0.025400013716,0.0,0.21080011383199998,0.609600329184,0.0,0.0,0.0,0.0,0.012700006858,0.0,0.0,0.010200005508000001,0.0,0.0,0.0,0.0,0.078700042498,0.0,,0.0,0.0,0.0,0.05570891897168888,0.0,0.025400013716,0.2229801204092,0.609600329184,2023-05-22
05-23,5,23,0.0,0.177800096012,0.35050018927,0.08380004525200001,0.0,0.25400013716000003,0.0,0.0,0.0,0.0,0.0,0.0,0.13970007543799998,0.0,0.218400117936,0.0,0.0,0.0,0.208300112482,0.0,0.0,0.0,0.0,0.0,0.0,0.0,0.0,0.050800027432,0.0,0.203200109728,0.599400323676,0.0,0.0,0.0,0.0,0.0,0.0,0.0,0.015200008207999998,0.0,0.0,0.0,0.0,0.078700042498,0.0,,0.0,0.0,0.0,0.05288447300204445,0.0,0.015200008207999998,0.2062601113804,0.599400323676,2023-05-23
05-24,5,24,0.0,0.14220007678799998,0.35050018927,0.03300001782,0.0,0.228600123444,0.0,0.0,0.0,0.0,0.0,0.0,0.09140004935599999,0.0,0.23880012895200003,0.0,0.0,0.0,0.165100089154,0.0,0.0,0.0,0.0,0.0,0.0,0.0,0.0,0.058400031536,0.0,0.19050010287,0.596900322326,0.0,0.0,0.0,0.0,0.0,0.0,0.0,0.03300001782,0.0,0.0,0.0,0.0,0.045700024677999995,0.0,,0.0,0.0,0.0,0.048313359422533335,0.0,0.03300001782,0.18034009738360005,0.596900322326,2023-05-24
05-25,5,25,0.0,0.09910005351399999,0.3480001879199999,0.0,0.0,0.195600105624,0.0,0.0,0.0,0.0,0.0,0.0,0.06100003294,0.0,0.236200127548,0.0,0.005100002754000001,0.0,0.12450006723,0.0,0.0,0.0,0.0,0.0,0.0,0.0,0.0,0.058400031536,0.0,0.195600105624,0.594400320976,0.0,0.0,0.0,0.0,0.0,0.0,0.0,0.03300001782,0.0,0.0,0.0,0.0,0.0,0.0,,0.0,0.0,0.0,0.043353356744133334,0.0,0.0,0.1671600902664001,0.594400320976,2023-05-25
05-26,5,26,0.0,0.06350003429000001,0.34540018651599996,0.0,0.0,0.154900083646,0.0,0.0,0.0,0.0,0.0,0.0,0.015200008207999998,0.0,0.23370012619799999,0.0,0.007600004103999999,0.0,0.08380004525200001,0.0,0.0,0.0,0.0,0.0,0.0,0.0,0.0,0.053300028782,0.0,0.175300094662,0.576600311364,0.0,0.0,0.0,0.0,0.0,0.0,0.0,0.022900012366000002,0.0,0.0,0.0,0.0,0.005100002754000001,0.0,,0.0,0.0,0.0,0.03860668751426667,0.0,0.005100002754000001,0.12646006828840012,0.576600311364,2023-05-26
05-27,5,27,0.0,0.038100020574,0.34290018516599996,0.0,0.0,0.109200058968,0.0,0.0,0.0,0.0,0.0,0.0,0.0,0.0,0.23880012895200003,0.0,0.005100002754000001,0.0,0.07110003839399999,0.0,0.0,0.0,0.0,0.0,0.0,0.0,0.0,0.040600021923999995,0.0,0.147300079542,0.5588003017519999,0.0,0.0,0.0,0.0,0.0,0.0,0.0,0.0,0.0,0.0,0.0,0.0,0.010200005508000001,0.0,,0.0,0.0,0.0,0.034713352078533335,0.0,0.0,0.09396005073840005,0.5588003017519999,2023-05-27
05-28,5,28,0.0,0.0,0.340400183816,0.0,0.0,0.058400031536,0.0,0.0,0.0,0.0,0.0,0.0,0.0,0.0,0.25150013581,0.0,0.0,0.0,0.038100020574,0.0,0.0,0.0,0.0,0.0,0.0,0.0,0.0,0.027900015065999997,0.0,0.106700057618,0.543600293544,0.0,0.0,0.0,0.0,0.0,0.0,0.0,0.0,0.0,0.0,0.0,0.0,0.00250000135,0.0,,0.0,0.0,0.0,0.030424460873644445,0.0,0.0,0.05028002715120003,0.543600293544,2023-05-28
05-29,5,29,0.0,0.0,0.330200178308,0.0,0.0,0.027900015065999997,0.0,0.0,0.0,0.0,0.0,0.0,0.0,0.0,0.23370012619799999,0.0,0.0,0.0,0.0,0.0,0.0,0.0,0.0,0.0,0.0,0.0,0.0,0.0,0.0,0.06600003564,0.543600293544,0.0,0.0,0.0,0.0,0.0,0.0,0.0,0.0,0.0,0.0,0.0,0.0,0.0,0.0,,0.0,0.0,0.0,0.026697792194577775,0.0,0.0,0.01674000903960004,0.543600293544,2023-05-29
05-30,5,30,0.0,0.0,0.31750017145000003,0.0,0.0,0.005100002754000001,0.0,0.0,0.0,0.0,0.0,0.0,0.0,0.0,0.22100011934000002,0.0,0.0,0.0,0.0,0.0,0.0,0.0,0.0,0.0,0.0,0.0,0.0,0.0,0.0,0.050800027432,0.553700298998,0.0,0.0,0.0,0.0,0.0,0.0,0.0,0.0,0.0,0.0,0.015200008207999998,0.0,0.0,0.0,,0.0,0.0,0.0,0.02585112507071111,0.0,0.0,0.011160006026400014,0.553700298998,2023-05-30
05-31,5,31,0.0,0.0,0.25400013716000003,0.0,0.0,0.0,0.0,0.0,0.0,0.0,0.0,0.0,0.0,0.0,0.208300112482,0.0,0.0,0.0,0.0,0.0,0.0,0.0,0.0,0.0,0.0,0.0,0.0,0.0,0.0,0.00250000135,0.5588003017519999,0.0,0.0,0.0,0.0,0.0,0.0,0.0,0.0,0.0,0.0,0.005100002754000001,0.0,0.0,0.0,,0.0,0.0,0.0,0.0228600123444,0.0,0.0,0.0015000008100000035,0.5588003017519999,2023-05-31
06-01,6,1,0.0,0.0,0.231100124794,0.0,0.0,0.0,0.0,0.0,0.0,0.0,0.0,0.0,0.0,0.0,0.18800010152,0.0,0.0,0.0,0.0,0.0,0.0,0.0,0.0,0.0,0.0,0.0,0.0,0.0,0.0,0.0,0.5512002976479999,0.0,0.0,0.0,0.0,0.0,0.0,0.0,0.0,0.0,0.0,0.0,0.0,0.0,0.0,,0.0,0.0,0.0,0.02156223386582222,0.0,0.0,0.0,0.5512002976479999,2023-06-01
06-02,6,2,0.0,0.0,0.231100124794,0.0,0.0,0.0,0.0,0.0,0.0,0.0,0.0,0.0,0.0,0.0,0.165100089154,0.0,0.0,0.0,0.0,0.0,0.0,0.0,0.0,0.0,0.0,0.0,0.0,0.0,0.0,0.0,0.5309002866860001,0.0,0.0,0.0,0.0,0.0,0.0,0.0,0.0,0.0,0.0,0.0,0.0,0.0,0.0,,0.0,0.0,0.0,0.020602233347422224,0.0,0.0,0.0,0.5309002866860001,2023-06-02
06-03,6,3,0.0,0.0,0.228600123444,0.0,0.0,0.0,0.0,0.0,0.0,0.0,0.0,0.0,0.0,0.0,0.14480007819200003,0.0,0.0,0.0,0.0,0.0,0.0,0.0,0.0,0.0,0.0,0.0,0.0,0.0,0.0,0.0,0.497800268812,0.0,0.0,0.0,0.0,0.0,0.0,0.0,0.0,0.0,0.0,0.0,0.0,0.0,0.0,,0.0,0.0,0.0,0.0193600104544,0.0,0.0,0.0,0.497800268812,2023-06-03
06-04,6,4,0.0,0.0,0.208300112482,0.0,0.0,0.0,0.0,0.0,0.0,0.0,0.0,0.0,0.0,0.0,0.12950006993,0.0,0.0,0.0,0.0,0.0,0.0,0.0,0.0,0.0,0.0,0.0,0.0,0.0,0.0,0.0,0.462300249642,0.0,0.0,0.0,0.0,0.0,0.0,0.0,0.0,0.0,0.0,0.0,0.0,0.0,0.0,,0.0,0.0,0.0,0.0177800096012,0.0,0.0,0.0,0.462300249642,2023-06-04
06-05,6,5,0.0,0.0,0.19050010287,0.0,0.0,0.0,0.0,0.0,0.0,0.0,0.0,0.0,0.0,0.0,0.114300061722,0.0,0.0,0.0,0.0,0.0,0.0,0.0,0.0,0.0,0.0,0.0,0.0,0.0,0.0,0.0,0.431800233172,0.0,0.0,0.0,0.0,0.0,0.0,0.0,0.0,0.0,0.0,0.0,0.0,0.0,0.0,,0.0,0.0,0.0,0.016368897728088888,0.0,0.0,0.0,0.431800233172,2023-06-05
06-06,6,6,0.0,0.0,0.16760009050400002,0.0,0.0,0.0,0.0,0.0,0.0,0.0,0.0,0.0,0.0,0.0,0.06350003429000001,0.0,0.0,0.0,0.0,0.0,0.0,0.0,0.0,0.0,0.0,0.0,0.0,0.0,0.0,0.0,0.41150022221,0.0,0.0,0.0,0.0,0.0,0.0,0.0,0.0,0.0,0.0,0.0,0.0,0.0,0.0,,0.0,0.0,0.0,0.0142800077112,0.0,0.0,0.0,0.41150022221,2023-06-06
06-07,6,7,0.0,0.0,0.152400082296,0.0,0.0,0.0,0.0,0.0,0.0,0.0,0.0,0.0,0.0,0.0,0.06350003429000001,0.0,0.0,0.0,0.0,0.0,0.0,0.0,0.0,0.0,0.0,0.0,0.0,0.0,0.0,0.0,0.406400219456,0.0,0.0,0.0,0.0,0.0,0.0,0.0,0.0,0.0,0.0,0.0,0.0,0.0,0.0,,0.0,0.0,0.0,0.01382889635648889,0.0,0.0,0.0,0.406400219456,2023-06-07
06-08,6,8,0.0,0.0,0.12700006858000001,0.0,0.0,0.0,0.0,0.0,0.0,0.0,0.0,0.0,0.0,0.0,0.038100020574,0.0,0.0,0.0,0.0,0.0,0.0,0.0,0.0,0.0,0.0,0.0,0.0,0.0,0.0,0.0,0.355600192024,0.0,0.0,0.0,0.0,0.0,0.0,0.0,0.0,0.0,0.0,0.0,0.0,0.0,0.0,,0.0,0.0,0.0,0.011571117359511112,0.0,0.0,0.0,0.355600192024,2023-06-08
06-09,6,9,0.0,0.0,0.106700057618,0.0,0.0,0.0,0.0,0.0,0.0,0.0,0.0,0.0,0.0,0.0,0.048300026082,0.0,0.0,0.0,0.0,0.0,0.0,0.0,0.0,0.0,0.0,0.0,0.0,0.0,0.0,0.0,0.322600174204,0.0,0.0,0.0,0.0,0.0,0.0,0.0,0.0,0.010200005508000001,0.0,0.0,0.0,0.0,0.0,,0.0,0.0,0.0,0.0108400058536,0.0,0.0,0.0,0.322600174204,2023-06-09
06-10,6,10,0.0,0.0,0.073700039798,0.0,0.0,0.0,0.0,0.0,0.0,0.0,0.0,0.0,0.0,0.0,0.050800027432,0.0,0.0,0.0,0.0,0.0,0.0,0.0,0.0,0.0,0.0,0.0,0.0,0.0,0.0,0.0,0.299700161838,0.0,0.0,0.0,0.0,0.0,0.0,0.0,0.0,0.007600004103999999,0.0,0.0,0.0,0.0,0.0,,0.0,0.0,0.0,0.009595560737155557,0.0,0.0,0.0,0.299700161838,2023-06-10
06-11,6,11,0.0,0.0,0.040600021923999995,0.0,0.0,0.0,0.0,0.0,0.0,0.0,0.0,0.0,0.0,0.0,0.03050001647,0.0,0.0,0.0,0.0,0.0,0.0,0.0,0.0,0.0,0.0,0.0,0.0,0.0,0.0,0.0,0.26670014401799996,0.0,0.0,0.0,0.0,0.0,0.0,0.0,0.0,0.0,0.0,0.0,0.0,0.0,0.0,,0.0,0.0,0.0,0.007506670720266665,0.0,0.0,0.0,0.26670014401799996,2023-06-11
06-12,6,12,0.0,0.0,0.027900015065999997,0.0,0.0,0.0,0.0,0.0,0.0,0.0,0.0,0.0,0.0,0.0,0.010200005508000001,0.0,0.0,0.0,0.0,0.0,0.0,0.0,0.0,0.0,0.0,0.0,0.0,0.0,0.0,0.0,0.198100106974,0.0,0.0,0.0,0.0,0.0,0.0,0.0,0.0,0.0,0.0,0.0,0.0,0.0,0.0,,0.0,0.0,0.0,0.005248891723288888,0.0,0.0,0.0,0.198100106974,2023-06-12
06-13,6,13,0.0,0.0,0.0,0.0,0.0,0.0,0.0,0.0,0.0,0.0,0.0,0.0,0.0,0.0,0.0,0.0,0.0,0.0,0.0,0.0,0.0,0.0,0.0,0.0,0.0,0.0,0.0,0.0,0.0,0.0,0.1600000864,0.0,0.0,0.0,0.0,0.0,0.0,0.0,0.0,0.0,0.0,0.0,0.0,0.0,0.0,,0.0,0.0,0.0,0.0035555574755555554,0.0,0.0,0.0,0.1600000864,2023-06-13
06-14,6,14,0.0,0.0,0.0,0.0,0.0,0.0,0.0,0.0,0.0,0.0,0.0,0.0,0.0,0.0,0.0,0.0,0.0,0.0,0.0,0.0,0.0,0.0,0.0,0.0,0.0,0.0,0.0,0.0,0.0,0.0,0.058400031536,0.0,0.0,0.0,0.0,0.0,0.0,0.0,0.0,0.0,0.0,0.0,0.0,0.0,0.0,,0.0,0.0,0.0,0.0012977784785777778,0.0,0.0,0.0,0.058400031536,2023-06-14
06-15,6,15,0.0,0.0,0.0,0.0,0.0,0.0,0.0,0.0,0.0,0.0,0.0,0.0,0.0,0.0,0.0,0.0,0.0,0.0,0.0,0.0,0.0,0.0,0.0,0.0,0.0,0.0,0.0,0.0,0.0,0.0,0.012700006858,0.0,0.0,0.0,0.0,0.0,0.0,0.0,0.0,0.0,0.0,0.0,0.0,0.0,0.0,,0.0,0.0,0.0,0.00028222237462222224,0.0,0.0,0.0,0.012700006858,2023-06-15
06-16,6,16,0.0,0.0,0.0,0.0,0.0,0.0,0.0,0.0,0.0,0.0,0.0,0.0,0.0,0.0,0.0,0.0,0.0,0.0,0.0,0.0,0.0,0.0,0.0,0.0,0.0,0.0,0.0,0.0,0.0,0.0,0.0,0.0,0.0,0.0,0.0,0.0,0.0,0.0,0.0,0.0,0.0,0.0,0.0,0.0,0.0,,0.0,0.0,0.0,0.0,0.0,0.0,0.0,0.0,2023-06-16
06-17,6,17,0.0,0.0,0.0,0.0,0.0,0.0,0.0,0.0,0.0,0.0,0.0,0.0,0.0,0.0,0.0,0.0,0.0,0.012700006858,0.0,0.0,0.0,0.0,0.0,0.0,0.0,0.0,0.0,0.0,0.0,0.0,0.0,0.0,0.0,0.0,0.0,0.0,0.0,0.0,0.0,0.0,0.0,0.0,0.0,0.0,0.0,,0.0,0.0,0.0,0.00028222237462222224,0.0,0.0,0.0,0.012700006858,2023-06-17
06-18,6,18,0.0,0.0,0.0,0.0,0.0,0.0,0.0,0.0,0.0,0.0,0.0,0.0,0.0,0.0,0.0,0.0,0.0,0.045700024677999995,0.0,0.0,0.0,0.0,0.0,0.0,0.0,0.0,0.0,0.0,0.0,0.0,0.0,0.0,0.0,0.0,0.0,0.0,0.0,0.0,0.0,0.0,0.0,0.0,0.0,0.0,0.0,,0.0,0.0,0.0,0.0010155561039555555,0.0,0.0,0.0,0.045700024677999995,2023-06-18
06-19,6,19,0.0,0.0,0.0,0.0,0.0,0.0,0.0,0.0,0.0,0.0,0.0,0.0,0.0,0.0,0.0,0.0,0.0,0.027900015065999997,0.0,0.0,0.0,0.0,0.0,0.0,0.0,0.0,0.0,0.0,0.0,0.0,0.0,0.0,0.0,0.0,0.0,0.0,0.0,0.0,0.0,0.0,0.0,0.0,0.0,0.0,0.0,,0.0,0.0,0.0,0.0006200003347999999,0.0,0.0,0.0,0.027900015065999997,2023-06-19
06-20,6,20,0.0,0.0,0.0,0.0,0.0,0.0,0.0,0.0,0.0,0.0,0.0,0.0,0.0,0.0,0.0,0.0,0.0,0.0,0.0,0.0,0.0,0.0,0.0,0.0,0.0,0.0,0.0,0.0,0.0,0.0,0.0,0.0,0.0,0.0,0.0,0.0,0.0,0.0,0.0,0.0,0.0,0.0,0.0,0.0,0.0,,0.0,0.0,0.0,0.0,0.0,0.0,0.0,0.0,2023-06-20
06-21,6,21,0.0,0.0,0.0,0.0,0.0,0.0,0.0,0.0,0.0,0.0,0.0,0.0,0.0,0.0,0.0,0.0,0.0,0.0,0.0,0.0,0.0,0.0,0.0,0.0,0.0,0.0,0.0,0.0,0.0,0.0,0.0,0.0,0.0,0.0,0.0,0.0,0.0,0.0,0.0,0.0,0.0,0.0,0.0,0.0,0.0,,0.0,0.0,0.0,0.0,0.0,0.0,0.0,0.0,2023-06-21
06-22,6,22,0.0,0.0,0.0,0.0,0.0,0.0,0.0,0.0,0.0,0.0,0.0,0.0,0.0,0.0,0.0,0.0,0.0,0.0,0.0,0.0,0.0,0.0,0.0,0.0,0.0,0.0,0.0,0.0,0.0,0.0,0.0,0.0,0.0,0.0,0.0,0.0,0.0,0.0,0.0,0.0,0.0,0.0,0.0,0.0,0.0,,0.0,0.0,0.0,0.0,0.0,0.0,0.0,0.0,2023-06-22
06-23,6,23,0.0,0.0,0.0,0.0,0.0,0.0,0.0,0.0,0.0,0.0,0.0,0.0,0.0,0.0,0.0,0.0,0.0,0.0,0.0,0.0,0.0,0.0,0.0,0.0,0.0,0.0,0.0,0.0,0.0,0.0,0.0,0.0,0.0,0.0,0.0,0.0,0.0,0.0,0.0,0.0,0.0,0.0,0.0,0.0,0.0,,0.0,0.0,0.0,0.0,0.0,0.0,0.0,0.0,2023-06-23
06-24,6,24,0.0,0.0,0.0,0.0,0.0,0.0,0.0,0.0,0.0,0.0,0.0,0.0,0.0,0.0,0.0,0.0,0.0,0.0,0.0,0.0,0.0,0.0,0.0,0.0,0.0,0.0,0.0,0.0,0.0,0.0,0.0,0.0,0.0,0.0,0.0,0.0,0.0,0.0,0.0,0.0,0.0,0.0,0.0,0.0,0.0,,0.0,0.0,0.0,0.0,0.0,0.0,0.0,0.0,2023-06-24
06-25,6,25,0.0,0.0,0.0,0.0,0.0,0.0,0.0,0.0,0.0,0.0,0.0,0.0,0.0,0.0,0.0,0.0,0.0,0.0,0.0,0.0,0.0,0.0,0.012700006858,0.0,0.0,0.0,0.0,0.0,0.0,0.0,0.0,0.0,0.0,0.0,0.0,0.0,0.0,0.0,0.0,0.0,0.0,0.0,0.0,0.0,0.0,,0.0,0.0,0.0,0.00028222237462222224,0.0,0.0,0.0,0.012700006858,2023-06-25
06-26,6,26,0.0,0.0,0.0,0.0,0.0,0.0,0.0,0.0,0.0,0.0,0.0,0.0,0.0,0.0,0.0,0.0,0.0,0.0,0.0,0.0,0.0,0.0,0.0,0.0,0.0,0.0,0.0,0.0,0.0,0.0,0.0,0.0,0.0,0.0,0.0,0.0,0.0,0.0,0.0,0.0,0.0,0.0,0.0,0.0,0.0,,0.0,0.0,0.0,0.0,0.0,0.0,0.0,0.0,2023-06-26
06-27,6,27,0.0,0.0,0.0,0.0,0.0,0.0,0.0,0.0,0.0,0.0,0.0,0.0,0.0,0.0,0.0,0.0,0.0,0.0,0.0,0.0,0.0,0.0,0.0,0.0,0.0,0.0,0.0,0.0,0.0,0.0,0.0,0.0,0.0,0.0,0.0,0.0,0.0,0.0,0.0,0.0,0.0,0.0,0.0,0.0,0.0,,0.0,0.0,0.0,0.0,0.0,0.0,0.0,0.0,2023-06-27
06-28,6,28,0.0,0.0,0.0,0.0,0.0,0.0,0.0,0.0,0.0,0.0,0.0,0.0,0.0,0.0,0.0,0.0,0.0,0.0,0.0,0.0,0.0,0.0,0.0,0.0,0.0,0.0,0.0,0.0,0.0,0.0,0.0,0.0,0.0,0.0,0.0,0.0,0.0,0.0,0.0,0.0,0.0,0.0,0.0,0.0,0.0,,0.0,0.0,0.0,0.0,0.0,0.0,0.0,0.0,2023-06-28
06-29,6,29,0.0,0.0,0.0,0.0,0.0,0.0,0.0,0.0,0.0,0.0,0.0,0.0,0.0,0.0,0.0,0.0,0.0,0.0,0.0,0.0,0.0,0.0,0.0,0.0,0.0,0.0,0.0,0.0,0.0,0.0,0.0,0.0,0.0,0.0,0.0,0.0,0.0,0.0,0.0,0.0,0.0,0.0,0.0,0.0,0.0,,0.0,0.0,0.0,0.0,0.0,0.0,0.0,0.0,2023-06-29
06-30,6,30,0.0,0.0,0.0,0.0,0.0,0.0,0.0,0.0,0.0,0.0,0.0,0.0,0.0,0.0,0.0,0.0,0.0,0.0,0.0,0.0,0.0,0.0,0.0,0.0,0.0,0.0,0.0,0.0,0.0,0.0,0.0,0.0,0.0,0.0,0.0,0.0,0.0,0.0,0.0,0.0,0.0,0.0,0.0,0.0,0.0,,0.0,0.0,0.0,0.0,0.0,0.0,0.0,0.0,2023-06-30
07-01,7,1,0.0,0.0,0.0,0.0,0.0,0.0,0.0,0.0,0.0,0.0,0.0,0.0,0.0,0.0,0.0,0.0,0.0,0.0,0.0,0.0,0.0,0.0,0.0,0.0,0.0,0.0,0.0,0.0,0.0,0.0,0.0,0.0,0.0,0.0,0.0,0.0,0.0,0.0,0.0,0.0,0.0,0.0,0.0,0.0,0.0,,0.0,0.0,0.0,0.0,0.0,0.0,0.0,0.0,2023-07-01
07-02,7,2,0.0,0.0,0.0,0.0,0.0,0.0,0.0,0.0,0.0,0.0,0.0,0.0,0.0,0.0,0.0,0.0,0.0,0.0,0.0,0.0,0.0,0.0,0.0,0.0,0.0,0.0,0.0,0.0,0.0,0.0,0.0,0.0,0.0,0.0,0.0,0.0,0.0,0.0,0.0,0.0,0.0,0.0,0.0,0.0,0.0,,0.0,0.0,0.0,0.0,0.0,0.0,0.0,0.0,2023-07-02
07-03,7,3,0.0,0.0,0.0,0.0,0.0,0.0,0.0,0.0,0.0,0.0,0.0,0.0,0.0,0.0,0.0,0.0,0.0,0.0,0.0,0.0,0.0,0.0,0.0,0.0,0.0,0.0,0.0,0.0,0.0,0.0,0.0,0.0,0.0,0.0,0.0,0.0,0.0,0.0,0.0,0.0,0.0,0.0,0.0,0.0,0.0,,0.0,0.0,0.0,0.0,0.0,0.0,0.0,0.0,2023-07-03
07-04,7,4,0.0,0.0,0.0,0.0,0.0,0.0,0.0,0.0,0.0,0.0,0.0,0.0,0.0,0.0,0.0,0.0,0.0,0.0,0.0,0.0,0.0,0.0,0.0,0.0,0.0,0.0,0.0,0.0,0.0,0.0,0.0,0.0,0.0,0.0,0.0,0.0,0.0,0.0,0.0,0.0,0.0,0.0,0.0,0.0,0.0,,0.0,0.0,0.0,0.0,0.0,0.0,0.0,0.0,2023-07-04
07-05,7,5,0.0,0.0,0.0,0.0,0.0,0.0,0.0,0.0,0.0,0.0,0.0,0.0,0.0,0.0,0.0,0.0,0.0,0.0,0.0,0.0,0.0,0.0,0.0,0.0,0.0,0.0,0.0,0.0,0.0,0.0,0.0,0.0,0.0,0.0,0.0,0.0,0.0,0.0,0.0,0.0,0.0,0.0,0.0,0.0,0.0,,0.0,0.0,0.0,0.0,0.0,0.0,0.0,0.0,2023-07-05
07-06,7,6,0.0,0.0,0.0,0.0,0.0,0.0,0.0,0.0,0.0,0.0,0.0,0.0,0.0,0.0,0.0,0.0,0.0,0.0,0.0,0.0,0.0,0.0,0.0,0.0,0.0,0.0,0.0,0.0,0.0,0.0,0.0,0.0,0.0,0.0,0.0,0.0,0.0,0.0,0.0,0.0,0.0,0.0,0.0,0.0,0.0,,0.0,0.0,0.0,0.0,0.0,0.0,0.0,0.0,2023-07-06
07-07,7,7,0.0,0.0,0.0,0.0,0.0,0.0,0.0,0.0,0.0,0.0,0.0,0.0,0.0,0.0,0.0,0.0,0.0,0.0,0.0,0.0,0.0,0.0,0.0,0.0,0.0,0.0,0.0,0.0,0.0,0.0,0.0,0.0,0.0,0.0,0.0,0.0,0.0,0.0,0.0,0.0,0.0,0.0,0.0,0.0,0.0,,0.0,0.0,0.0,0.0,0.0,0.0,0.0,0.0,2023-07-07
07-08,7,8,0.0,0.0,0.0,0.0,0.0,0.0,0.0,0.0,0.0,0.0,0.0,0.0,0.0,0.0,0.0,0.0,0.0,0.0,0.0,0.0,0.0,0.0,0.0,0.0,0.0,0.0,0.0,0.0,0.0,0.0,0.0,0.0,0.0,0.0,0.0,0.0,0.0,0.0,0.0,0.0,0.0,0.0,0.0,0.0,0.0,,0.0,0.0,0.0,0.0,0.0,0.0,0.0,0.0,2023-07-08
07-09,7,9,0.0,0.0,0.0,0.0,0.0,0.0,0.0,0.0,0.0,0.0,0.0,0.0,0.0,0.0,0.0,0.0,0.0,0.0,0.0,0.0,0.0,0.0,0.0,0.0,0.0,0.0,0.0,0.0,0.0,0.0,0.0,0.0,0.0,0.0,0.0,0.0,0.0,0.0,0.0,0.0,0.0,0.0,0.0,0.0,0.0,,0.0,0.0,0.0,0.0,0.0,0.0,0.0,0.0,2023-07-09
07-10,7,10,0.0,0.0,0.0,0.0,0.0,0.0,0.0,0.0,0.0,0.0,0.0,0.0,0.0,0.0,0.0,0.0,0.0,0.0,0.0,0.0,0.0,0.0,0.0,0.0,0.0,0.0,0.0,0.0,0.0,0.0,0.0,0.0,0.0,0.0,0.0,0.0,0.0,0.0,0.0,0.0,0.0,0.0,0.0,0.0,0.0,,0.0,0.0,0.0,0.0,0.0,0.0,0.0,0.0,2023-07-10
07-11,7,11,0.0,0.0,0.0,0.0,0.0,0.0,0.0,0.0,0.0,0.0,0.0,0.0,0.0,0.0,0.0,0.0,0.0,0.0,0.0,0.0,0.0,0.0,0.0,0.0,0.0,0.0,0.0,0.0,0.0,0.0,0.0,0.0,0.0,0.0,0.0,0.0,0.0,0.0,0.0,0.0,0.0,0.0,0.0,0.0,0.0,,0.0,0.0,0.0,0.0,0.0,0.0,0.0,0.0,2023-07-11
07-12,7,12,0.0,0.0,0.0,0.0,0.0,0.0,0.0,0.0,0.0,0.0,0.0,0.0,0.0,0.0,0.0,0.0,0.0,0.0,0.0,0.0,0.0,0.0,0.0,0.0,0.0,0.0,0.0,0.0,0.0,0.0,0.0,0.0,0.0,0.0,0.0,0.0,0.0,0.0,0.0,0.0,0.0,0.0,0.0,0.0,0.0,,0.0,0.0,0.0,0.0,0.0,0.0,0.0,0.0,2023-07-12
07-13,7,13,0.0,0.0,0.0,0.0,0.0,0.0,0.0,0.0,0.0,0.0,0.0,0.0,0.0,0.0,0.0,0.0,0.0,0.0,0.0,0.0,0.0,0.0,0.0,0.0,0.0,0.0,0.0,0.0,0.0,0.0,0.0,0.0,0.0,0.0,0.0,0.0,0.0,0.0,0.0,0.0,0.0,0.0,0.0,0.0,0.0,,0.0,0.0,0.0,0.0,0.0,0.0,0.0,0.0,2023-07-13
07-14,7,14,0.0,0.0,0.0,0.0,0.0,0.0,0.0,0.0,0.0,0.0,0.0,0.0,0.0,0.0,0.0,0.0,0.0,0.0,0.0,0.0,0.0,0.0,0.0,0.0,0.0,0.0,0.0,0.0,0.0,0.0,0.0,0.0,0.0,0.0,0.0,0.0,0.0,0.0,0.0,0.0,0.0,0.0,0.0,0.0,0.0,,0.0,0.0,0.0,0.0,0.0,0.0,0.0,0.0,2023-07-14
07-15,7,15,0.0,0.0,0.0,0.0,0.0,0.0,0.0,0.0,0.0,0.0,0.0,0.0,0.0,0.0,0.0,0.0,0.0,0.0,0.0,0.0,0.0,0.0,0.0,0.0,0.0,0.0,0.0,0.0,0.0,0.0,0.0,0.0,0.0,0.0,0.0,0.0,0.0,0.0,0.0,0.0,0.0,0.0,0.0,0.0,0.0,,0.0,0.0,0.0,0.0,0.0,0.0,0.0,0.0,2023-07-15
07-16,7,16,0.0,0.0,0.0,0.0,0.0,0.0,0.0,0.0,0.0,0.0,0.0,0.0,0.0,0.0,0.0,0.0,0.0,0.0,0.0,0.0,0.0,0.0,0.0,0.0,0.0,0.0,0.0,0.0,0.0,0.0,0.0,0.0,0.0,0.0,0.0,0.0,0.0,0.0,0.0,0.0,0.0,0.0,0.0,0.0,0.0,,0.0,0.0,0.0,0.0,0.0,0.0,0.0,0.0,2023-07-16
07-17,7,17,0.0,0.0,0.0,0.0,0.0,0.0,0.0,0.0,0.0,0.0,0.0,0.0,0.0,0.0,0.0,0.0,0.0,0.0,0.0,0.0,0.0,0.0,0.0,0.0,0.0,0.0,0.0,0.0,0.0,0.0,0.0,0.0,0.0,0.0,0.0,0.0,0.0,0.0,0.0,0.0,0.0,0.0,0.0,0.0,0.0,,0.0,0.0,0.0,0.0,0.0,0.0,0.0,0.0,2023-07-17
07-18,7,18,0.0,0.0,0.0,0.0,0.0,0.0,0.0,0.0,0.0,0.0,0.0,0.0,0.0,0.0,0.0,0.0,0.0,0.0,0.0,0.0,0.0,0.0,0.0,0.0,0.0,0.0,0.0,0.0,0.0,0.0,0.0,0.0,0.0,0.0,0.0,0.0,0.0,0.0,0.0,0.0,0.0,0.0,0.0,0.0,0.0,,0.0,0.0,0.0,0.0,0.0,0.0,0.0,0.0,2023-07-18
07-19,7,19,0.0,0.0,0.0,0.0,0.0,0.0,0.0,0.0,0.0,0.0,0.0,0.0,0.0,0.0,0.0,0.0,0.0,0.0,0.0,0.0,0.0,0.0,0.0,0.0,0.0,0.0,0.0,0.0,0.0,0.0,0.0,0.0,0.0,0.0,0.0,0.0,0.0,0.0,0.0,0.0,0.0,0.0,0.0,0.0,0.0,,0.0,0.0,0.0,0.0,0.0,0.0,0.0,0.0,2023-07-19
07-20,7,20,0.0,0.0,0.0,0.0,0.0,0.0,0.0,0.0,0.0,0.0,0.0,0.0,0.0,0.0,0.0,0.0,0.0,0.0,0.0,0.0,0.0,0.0,0.0,0.0,0.0,0.0,0.0,0.0,0.0,0.0,0.0,0.0,0.0,0.0,0.0,0.0,0.0,0.0,0.0,0.0,0.0,0.0,0.0,0.0,0.0,,0.0,0.0,0.0,0.0,0.0,0.0,0.0,0.0,2023-07-20
07-21,7,21,0.0,0.0,0.0,0.0,0.0,0.0,0.0,0.0,0.0,0.0,0.0,0.0,0.0,0.0,0.0,0.0,0.0,0.0,0.0,0.0,0.0,0.0,0.0,0.0,0.0,0.0,0.0,0.0,0.0,0.0,0.0,0.0,0.0,0.0,0.0,0.0,0.0,0.0,0.0,0.0,0.0,0.0,0.0,0.0,0.0,,0.0,0.0,0.0,0.0,0.0,0.0,0.0,0.0,2023-07-21
07-22,7,22,0.0,0.0,0.0,0.0,0.0,0.0,0.0,0.0,0.0,0.0,0.0,0.0,0.0,0.0,0.0,0.0,0.0,0.0,0.0,0.0,0.0,0.0,0.0,0.0,0.0,0.0,0.0,0.0,0.0,0.0,0.0,0.0,0.0,0.0,0.0,0.0,0.0,0.0,0.0,0.0,0.0,0.0,0.0,0.0,0.0,,0.0,0.0,0.0,0.0,0.0,0.0,0.0,0.0,2023-07-22
07-23,7,23,0.0,0.0,0.0,0.0,0.0,0.0,0.0,0.0,0.0,0.0,0.0,0.0,0.0,0.0,0.0,0.0,0.0,0.0,0.0,0.0,0.0,0.0,0.0,0.0,0.0,0.0,0.0,0.0,0.0,0.0,0.0,0.0,0.0,0.0,0.0,0.0,0.0,0.0,0.0,0.0,0.0,0.0,0.0,0.0,0.0,,0.0,0.0,0.0,0.0,0.0,0.0,0.0,0.0,2023-07-23
07-24,7,24,0.0,0.0,0.0,0.0,0.0,0.0,0.0,0.0,0.0,0.0,0.0,0.0,0.0,0.0,0.0,0.0,0.0,0.0,0.0,0.0,0.0,0.0,0.0,0.0,0.0,0.0,0.0,0.0,0.0,0.0,0.0,0.0,0.0,0.0,0.0,0.0,0.0,0.0,0.0,0.0,0.0,0.0,0.0,0.0,0.0,,0.0,0.0,0.0,0.0,0.0,0.0,0.0,0.0,2023-07-24
07-25,7,25,0.0,0.0,0.0,0.0,0.0,0.0,0.0,0.0,0.0,0.0,0.0,0.0,0.0,0.0,0.0,0.0,0.0,0.0,0.0,0.0,0.0,0.0,0.0,0.0,0.0,0.0,0.0,0.0,0.0,0.0,0.0,0.0,0.0,0.0,0.0,0.0,0.0,0.0,0.0,0.0,0.0,0.0,0.0,0.0,0.0,,0.0,0.0,0.0,0.0,0.0,0.0,0.0,0.0,2023-07-25
07-26,7,26,0.0,0.0,0.0,0.0,0.0,0.0,0.0,0.0,0.0,0.0,0.0,0.0,0.0,0.0,0.0,0.0,0.0,0.0,0.0,0.0,0.0,0.0,0.0,0.0,0.0,0.0,0.0,0.0,0.0,0.0,0.0,0.0,0.0,0.0,0.0,0.0,0.0,0.0,0.0,0.0,0.0,0.0,0.0,0.0,0.0,,0.0,0.0,0.0,0.0,0.0,0.0,0.0,0.0,2023-07-26
07-27,7,27,0.0,0.0,0.0,0.0,0.0,0.0,0.0,0.0,0.0,0.0,0.0,0.0,0.0,0.0,0.0,0.0,0.0,0.0,0.0,0.0,0.0,0.0,0.0,0.0,0.0,0.0,0.0,0.0,0.0,0.0,0.0,0.0,0.0,0.0,0.0,0.0,0.0,0.0,0.0,0.0,0.0,0.0,0.0,0.0,0.0,,0.0,0.0,0.0,0.0,0.0,0.0,0.0,0.0,2023-07-27
07-28,7,28,0.0,0.0,0.0,0.0,0.0,0.0,0.0,0.0,0.0,0.0,0.0,0.0,0.0,0.0,0.0,0.0,0.0,0.0,0.0,0.0,0.0,0.0,0.0,0.0,0.0,0.0,0.0,0.0,0.0,0.0,0.0,0.0,0.0,0.0,0.0,0.0,0.0,0.0,0.0,0.0,0.0,0.0,0.0,0.0,0.0,,0.0,0.0,0.0,0.0,0.0,0.0,0.0,0.0,2023-07-28
07-29,7,29,0.0,0.0,0.0,0.0,0.0,0.0,0.0,0.0,0.0,0.0,0.0,0.0,0.0,0.0,0.0,0.0,0.0,0.0,0.0,0.0,0.0,0.0,0.0,0.0,0.0,0.0,0.0,0.0,0.0,0.0,0.0,0.0,0.0,0.0,0.0,0.0,0.0,0.0,0.0,0.0,0.0,0.0,0.0,0.0,0.0,,0.0,0.0,0.0,0.0,0.0,0.0,0.0,0.0,2023-07-29
07-30,7,30,0.0,0.0,0.0,0.0,0.0,0.0,0.0,0.0,0.0,0.0,0.0,0.0,0.0,0.0,0.0,0.0,0.0,0.0,0.0,0.0,0.0,0.0,0.0,0.0,0.0,0.0,0.0,0.0,0.0,0.0,0.0,0.0,0.0,0.0,0.0,0.0,0.0,0.0,0.0,0.0,0.0,0.0,0.0,0.0,0.0,,0.0,0.0,0.0,0.0,0.0,0.0,0.0,0.0,2023-07-30
07-31,7,31,0.0,0.0,0.0,0.0,0.0,0.0,0.0,0.0,0.0,0.0,0.0,0.0,0.0,0.0,0.0,0.0,0.0,0.0,0.0,0.0,0.0,0.0,0.0,0.0,0.0,0.0,0.0,0.0,0.0,0.0,0.0,0.0,0.0,0.0,0.0,0.0,0.0,0.0,0.0,0.0,0.0,0.0,0.0,0.0,0.0,,0.0,0.0,0.0,0.0,0.0,0.0,0.0,0.0,2023-07-31
