M-D,M,D,1979_SWE_in,1980_SWE_in,1981_SWE_in,1982_SWE_in,1983_SWE_in,1984_SWE_in,1985_SWE_in,1986_SWE_in,1987_SWE_in,1988_SWE_in,1989_SWE_in,1990_SWE_in,1991_SWE_in,1992_SWE_in,1993_SWE_in,1994_SWE_in,1995_SWE_in,1996_SWE_in,1997_SWE_in,1998_SWE_in,1999_SWE_in,2000_SWE_in,2001_SWE_in,2002_SWE_in,2003_SWE_in,2004_SWE_in,2005_SWE_in,2006_SWE_in,2007_SWE_in,2008_SWE_in,2009_SWE_in,2010_SWE_in,2011_SWE_in,2012_SWE_in,2013_SWE_in,2014_SWE_in,2015_SWE_in,2016_SWE_in,2017_SWE_in,2018_SWE_in,2019_SWE_in,2020_SWE_in,2021_SWE_in,2022_SWE_in,2023_SWE_in,2024_SWE_in,2025_SWE_in,2026_SWE_in,min,Q10,Q25,mean,median,Q75,Q90,max,date
10-01,10,1,0.0,0.0,0.0,0.0,0.020300010961999997,0.0,0.0,0.0,0.03050001647,0.0,0.0,0.0,0.0,0.0,0.0,0.0,0.0,0.0,0.0,0.0,0.0,0.0,0.0,0.0,0.0,0.0,0.0,0.0,0.0,0.0,0.0,0.0,0.0,0.0,0.0,0.0,0.0,0.0,0.0,0.0,0.0,0.0,0.0,0.0,0.0,0.0,0.0,0.0,0.0,0.0,0.0,0.0010583339048333333,0.0,0.0,0.0,0.03050001647,2023-10-01
10-02,10,2,0.0,0.0,0.0,0.0,0.020300010961999997,0.0,0.0,0.0,0.03050001647,0.0,0.0,0.0,0.0,0.0,0.0,0.0,0.0,0.0,0.0,0.0,0.0,0.0,0.0,0.0,0.010200005508000001,0.0,0.0,0.0,0.0,0.0,0.0,0.0,0.0,0.0,0.0,0.0,0.0,0.0,0.0,0.0,0.0,0.0,0.0,0.0,0.0,0.0,0.0,0.0,0.0,0.0,0.0,0.0012708340195833334,0.0,0.0,0.0,0.03050001647,2023-10-02
10-03,10,3,0.0,0.0,0.0,0.0,0.0,0.0,0.0,0.0,0.03050001647,0.0,0.0,0.0,0.0,0.0,0.0,0.0,0.0,0.0,0.0,0.0,0.0,0.0,0.0,0.0,0.0,0.0,0.0,0.0,0.0,0.0,0.0,0.0,0.0,0.0,0.0,0.0,0.0,0.0,0.0,0.00250000135,0.0,0.0,0.0,0.0,0.0,0.0,0.0,0.0,0.0,0.0,0.0,0.00068750037125,0.0,0.0,0.0,0.03050001647,2023-10-03
10-04,10,4,0.0,0.0,0.0,0.0,0.00250000135,0.0,0.0,0.0,0.03050001647,0.0,0.0,0.0,0.0,0.0,0.0,0.0,0.0,0.00250000135,0.0,0.0,0.0,0.0,0.0,0.0,0.0,0.0,0.0,0.0,0.0,0.0,0.0,0.0,0.0,0.0,0.0,0.0,0.0,0.0,0.0,0.0,0.0,0.0,0.0,0.0,0.0,0.0,0.0,0.0,0.0,0.0,0.0,0.0007395837327083334,0.0,0.0,0.0,0.03050001647,2023-10-04
10-05,10,5,0.0,0.0,0.0,0.0,0.0,0.0,0.0,0.0,0.027900015065999997,0.0,0.0,0.0,0.0,0.0,0.0,0.0,0.0,0.00250000135,0.0,0.0,0.017800009611999998,0.0,0.0,0.0,0.0,0.0,0.0,0.0,0.0,0.0,0.0,0.0,0.0,0.0,0.0,0.0,0.0,0.0,0.0,0.0,0.0,0.0,0.0,0.0,0.0,0.0,0.0,0.0,0.0,0.0,0.0,0.0010041672089166666,0.0,0.0,0.0,0.027900015065999997,2023-10-05
10-06,10,6,0.0,0.0,0.0,0.0,0.0,0.0,0.0,0.0,0.015200008207999998,0.0,0.0,0.0,0.0,0.0,0.0,0.0,0.0,0.0,0.0,0.0,0.010200005508000001,0.0,0.0,0.0,0.0,0.0,0.0,0.0,0.0,0.00250000135,0.0,0.005100002754000001,0.0,0.0,0.0,0.0,0.0,0.0,0.0,0.0,0.0,0.0,0.0,0.0,0.0,0.0,0.0,0.0,0.0,0.0,0.0,0.00068750037125,0.0,0.0,0.0,0.015200008207999998,2023-10-06
10-07,10,7,0.0,0.0,0.0,0.0,0.0,0.0,0.0,0.0,0.005100002754000001,0.0,0.0,0.0,0.0,0.0,0.0,0.0,0.0,0.0,0.0,0.0,0.007600004103999999,0.0,0.0,0.0,0.0,0.0,0.0,0.0,0.0,0.012700006858,0.0,0.00250000135,0.0,0.005100002754000001,0.0,0.0,0.0,0.0,0.0,0.0,0.0,0.0,0.0,0.0,0.0,0.0,0.0,0.0,0.0,0.0,0.0,0.0006875003712500001,0.0,0.0,0.0007500004050000106,0.012700006858,2023-10-07
10-08,10,8,0.0,0.0,0.0,0.0,0.0,0.0,0.0,0.010200005508000001,0.00250000135,0.0,0.0,0.0,0.0,0.0,0.0,0.0,0.0,0.0,0.0,0.0,0.00250000135,0.0,0.0,0.0,0.0,0.0,0.0,0.0,0.0,0.010200005508000001,0.0,0.0,0.0,0.007600004103999999,0.0,0.0,0.0,0.0,0.0,0.0,0.0,0.0,0.0,0.0,0.0,0.0,0.0,0.0,0.0,0.0,0.0,0.0006875003712500001,0.0,0.0,0.0007500004050000106,0.010200005508000001,2023-10-08
10-09,10,9,0.0,0.0,0.0,0.0,0.0,0.0,0.0,0.010200005508000001,0.00250000135,0.0,0.0,0.0,0.0,0.0,0.0,0.0,0.0,0.0,0.0,0.0,0.0,0.0,0.0,0.0,0.0,0.0,0.0,0.0,0.0,0.0,0.0,0.0,0.0,0.010200005508000001,0.0,0.0,0.0,0.0,0.0,0.0,0.0,0.0,0.0,0.0,0.0,0.0,0.0,0.0,0.0,0.0,0.0,0.0004770835909583334,0.0,0.0,0.0,0.010200005508000001,2023-10-09
10-10,10,10,0.0,0.0,0.0,0.0,0.0,0.0,0.0,0.010200005508000001,0.0,0.0,0.0,0.0,0.0,0.0,0.0,0.0,0.0,0.0,0.0,0.0,0.0,0.0,0.0,0.0,0.0,0.0,0.0,0.0,0.0,0.0,0.0,0.0,0.0,0.005100002754000001,0.0,0.0,0.0,0.0,0.0,0.0,0.0,0.0,0.0,0.0,0.0,0.0,0.0,0.0,0.0,0.0,0.0,0.00031875017212500004,0.0,0.0,0.0,0.010200005508000001,2023-10-10
10-11,10,11,0.0,0.0,0.0,0.007600004103999999,0.0,0.0,0.0,0.00250000135,0.0,0.0,0.0,0.0,0.0,0.0,0.0,0.0,0.0,0.0,0.0,0.0,0.0,0.0,0.0,0.0,0.0,0.0,0.0,0.0,0.0,0.0,0.0,0.0,0.0,0.0,0.0,0.0,0.0,0.0,0.0,0.0,0.010200005508000001,0.0,0.0,0.0,0.0,0.0,0.0,0.0,0.0,0.0,0.0,0.00042291689504166666,0.0,0.0,0.0,0.010200005508000001,2023-10-11
10-12,10,12,0.0,0.0,0.0,0.007600004103999999,0.0,0.0,0.00250000135,0.005100002754000001,0.0,0.0,0.0,0.0,0.0,0.0,0.0,0.0,0.0,0.0,0.0,0.007600004103999999,0.0,0.0,0.0,0.0,0.0,0.0,0.0,0.0,0.0,0.0,0.005100002754000001,0.0,0.0,0.0,0.0,0.0,0.0,0.0,0.0,0.0,0.007600004103999999,0.0,0.0,0.010200005508000001,0.0,0.0,0.0,0.0,0.0,0.0,0.0,0.0009520838474583333,0.0,0.0,0.005100002754000001,0.010200005508000001,2023-10-12
10-13,10,13,0.0,0.0,0.0,0.005100002754000001,0.0,0.0,0.0,0.005100002754000001,0.0,0.0,0.0,0.0,0.0,0.0,0.0,0.0,0.0,0.0,0.0,0.005100002754000001,0.0,0.0,0.0,0.0,0.0,0.0,0.0,0.0,0.0,0.0,0.005100002754000001,0.0,0.0,0.0,0.0,0.0,0.0,0.0,0.0,0.0,0.005100002754000001,0.0,0.0,0.010200005508000001,0.0,0.0,0.0,0.0,0.0,0.0,0.0,0.0007437504016250001,0.0,0.0,0.005100002754000001,0.010200005508000001,2023-10-13
10-14,10,14,0.0,0.0,0.0,0.005100002754000001,0.0,0.0,0.0,0.005100002754000001,0.0,0.0,0.0,0.0,0.0,0.0,0.0,0.0,0.0,0.0,0.0,0.005100002754000001,0.0,0.0,0.0,0.0,0.0,0.0,0.0,0.0,0.0,0.0,0.00250000135,0.0,0.0,0.0,0.0,0.0,0.0,0.0,0.0,0.0,0.0,0.0,0.0,0.010200005508000001,0.0,0.0,0.0,0.0,0.0,0.0,0.0,0.0005833336483333334,0.0,0.0,0.0007500004050000106,0.010200005508000001,2023-10-14
10-15,10,15,0.0,0.0,0.0,0.005100002754000001,0.0,0.0,0.0,0.005100002754000001,0.0,0.0,0.0,0.0,0.0,0.0,0.0,0.0,0.00250000135,0.0,0.0,0.00250000135,0.0,0.0,0.0,0.0,0.0,0.0,0.0,0.0,0.0,0.0,0.0,0.0,0.0,0.0,0.0,0.0,0.0,0.0,0.0,0.0,0.0,0.0,0.0,0.010200005508000001,0.0,0.0,0.0,0.0,0.0,0.0,0.0,0.0005291669524166667,0.0,0.0,0.0007500004050000106,0.010200005508000001,2023-10-15
10-16,10,16,0.0,0.0,0.005100002754000001,0.012700006858,0.0,0.0,0.0,0.005100002754000001,0.0,0.0,0.0,0.0,0.0,0.0,0.0,0.0,0.010200005508000001,0.0,0.0,0.0,0.0,0.0,0.0,0.0,0.0,0.0,0.0,0.0,0.0,0.0,0.0,0.0,0.0,0.0,0.0,0.0,0.0,0.0,0.0,0.0,0.0,0.0,0.0,0.010200005508000001,0.0,0.0,0.0,0.0,0.0,0.0,0.0,0.0009020838204583334,0.0,0.0,0.001530000826200022,0.012700006858,2023-10-16
10-17,10,17,0.0,0.0,0.022900012366000002,0.022900012366000002,0.0,0.0,0.005100002754000001,0.005100002754000001,0.0,0.0,0.0,0.0,0.0,0.0,0.0,0.0,0.007600004103999999,0.0,0.0,0.0,0.00250000135,0.0,0.0,0.0,0.0,0.0,0.0,0.0,0.0,0.0,0.0,0.0,0.0,0.0,0.0,0.0,0.0,0.0,0.0,0.0,0.0,0.0,0.0,0.010200005508000001,0.0,0.0,0.0,0.0,0.0,0.0,0.0,0.0015895841917083337,0.0,0.0,0.005100002754000001,0.022900012366000002,2023-10-17
10-18,10,18,0.0,0.0,0.025400013716,0.022900012366000002,0.0,0.0,0.022900012366000002,0.005100002754000001,0.0,0.0,0.0,0.0,0.0,0.0,0.0,0.0,0.025400013716,0.0,0.0,0.0,0.0,0.0,0.0,0.0,0.0,0.0,0.0,0.0,0.010200005508000001,0.015200008207999998,0.0,0.0,0.0,0.0,0.0,0.0,0.0,0.0,0.0,0.0,0.0,0.0,0.0,0.005100002754000001,0.0,0.0,0.0,0.0,0.0,0.0,0.0,0.002754168153916667,0.0,0.0,0.011700006318000021,0.025400013716,2023-10-18
10-19,10,19,0.0,0.0,0.027900015065999997,0.017800009611999998,0.0,0.0,0.022900012366000002,0.005100002754000001,0.0,0.0,0.0,0.0,0.0,0.0,0.0,0.0,0.03050001647,0.0,0.0,0.0,0.0,0.0,0.0,0.0,0.0,0.0,0.0,0.0,0.007600004103999999,0.012700006858,0.0,0.0,0.0,0.0,0.0,0.0,0.0,0.0,0.0,0.0,0.0,0.0,0.0,0.012700006858,0.0,0.0,0.0,0.0,0.0,0.0,0.0,0.0028583348768333335,0.0,0.0,0.012700006858,0.03050001647,2023-10-19
10-20,10,20,0.0,0.012700006858,0.03300001782,0.005100002754000001,0.0,0.0,0.022900012366000002,0.005100002754000001,0.0,0.0,0.0,0.0,0.005100002754000001,0.0,0.0,0.0,0.03050001647,0.0,0.005100002754000001,0.0,0.0,0.0,0.0,0.0,0.0,0.0,0.0,0.0,0.007600004103999999,0.0,0.0,0.0,0.0,0.0,0.0,0.0,0.0,0.0,0.0,0.0,0.0,0.010200005508000001,0.0,0.017800009611999998,0.0,0.0,0.0,0.0,0.0,0.0,0.0,0.003231251744875,0.0,0.0,0.010950005913000011,0.03300001782,2023-10-20
10-21,10,21,0.0,0.025400013716,0.027900015065999997,0.005100002754000001,0.0,0.0,0.025400013716,0.005100002754000001,0.0,0.0,0.0,0.0,0.0,0.0,0.0,0.0,0.025400013716,0.0,0.00250000135,0.0,0.0,0.0,0.0,0.0,0.0,0.0,0.007600004103999999,0.0,0.005100002754000001,0.010200005508000001,0.0,0.0,0.0,0.0,0.0,0.0,0.0,0.0,0.0,0.0,0.0,0.010200005508000001,0.0,0.017800009611999998,0.0,0.0,0.0,0.0,0.0,0.0,0.0,0.003493751886625,0.0,0.0006250003375,0.012480006739200033,0.027900015065999997,2023-10-21
10-22,10,22,0.0,0.022900012366000002,0.022900012366000002,0.005100002754000001,0.0,0.0,0.025400013716,0.010200005508000001,0.0,0.00250000135,0.0,0.0,0.0,0.0,0.0,0.0,0.020300010961999997,0.00250000135,0.00250000135,0.0,0.0,0.0,0.0,0.0,0.0,0.0,0.007600004103999999,0.0,0.00250000135,0.010200005508000001,0.0,0.0,0.0,0.0,0.0,0.0,0.0,0.0,0.0,0.0,0.0,0.012700006858,0.0,0.015200008207999998,0.0,0.0,0.0,0.0,0.0,0.0,0.0,0.003385418494791667,0.0,0.00250000135,0.01345000726300001,0.025400013716,2023-10-22
10-23,10,23,0.0,0.020300010961999997,0.020300010961999997,0.005100002754000001,0.0,0.0,0.025400013716,0.010200005508000001,0.0,0.0,0.0,0.0,0.0,0.0,0.0,0.0,0.015200008207999998,0.015200008207999998,0.00250000135,0.0,0.0,0.0,0.0,0.0,0.005100002754000001,0.0,0.007600004103999999,0.0,0.0,0.010200005508000001,0.0,0.0,0.0,0.0,0.00250000135,0.0,0.0,0.0,0.0,0.0,0.0,0.012700006858,0.0,0.010200005508000001,0.005100002754000001,0.0,0.0,0.0,0.0,0.0,0.0,0.0034916685521666664,0.0,0.005100002754000001,0.01345000726300001,0.025400013716,2023-10-23
10-24,10,24,0.0,0.020300010961999997,0.020300010961999997,0.005100002754000001,0.0,0.0,0.025400013716,0.005100002754000001,0.0,0.0,0.0,0.0,0.0,0.005100002754000001,0.0,0.0,0.012700006858,0.012700006858,0.00250000135,0.012700006858,0.0,0.0,0.0,0.0,0.005100002754000001,0.0,0.020300010961999997,0.0,0.0,0.010200005508000001,0.0,0.0,0.0,0.0,0.00250000135,0.0,0.0,0.0,0.0,0.0,0.0,0.012700006858,0.0,0.005100002754000001,0.007600004103999999,0.0,0.0,0.0,0.0,0.0,0.0,0.00386250208575,0.0,0.005100002754000001,0.012700006858,0.025400013716,2023-10-24
10-25,10,25,0.0,0.015200008207999998,0.022900012366000002,0.0,0.0,0.0,0.025400013716,0.005100002754000001,0.0,0.0,0.0,0.0,0.0,0.005100002754000001,0.0,0.0,0.012700006858,0.012700006858,0.015200008207999998,0.015200008207999998,0.0,0.0,0.0,0.0,0.007600004103999999,0.0,0.025400013716,0.0,0.0,0.010200005508000001,0.0,0.0,0.0,0.0,0.005100002754000001,0.0,0.0,0.0,0.0,0.0,0.0,0.012700006858,0.0,0.0,0.005100002754000001,0.0,0.0,0.0,0.0,0.0,0.0,0.004075002200500001,0.0,0.005100002754000001,0.015200008207999998,0.025400013716,2023-10-25
10-26,10,26,0.0,0.005100002754000001,0.027900015065999997,0.0,0.0,0.0,0.025400013716,0.005100002754000001,0.0,0.0,0.0,0.0,0.0,0.005100002754000001,0.0,0.0,0.010200005508000001,0.012700006858,0.03050001647,0.015200008207999998,0.0,0.0,0.0,0.0,0.010200005508000001,0.0,0.035600019223999996,0.0,0.017800009611999998,0.005100002754000001,0.0,0.0,0.010200005508000001,0.0,0.005100002754000001,0.0,0.0,0.0,0.0,0.0,0.0,0.012700006858,0.0,0.010200005508000001,0.005100002754000001,0.0,0.0,0.0,0.0,0.0,0.0,0.005191669470166667,0.0,0.006375003442500001,0.01598000862920001,0.035600019223999996,2023-10-26
10-27,10,27,0.0,0.0,0.027900015065999997,0.0,0.017800009611999998,0.0,0.03300001782,0.005100002754000001,0.0,0.0,0.0,0.007600004103999999,0.0,0.010200005508000001,0.0,0.0,0.005100002754000001,0.007600004103999999,0.03300001782,0.015200008207999998,0.0,0.0,0.0,0.0,0.007600004103999999,0.0,0.03300001782,0.0,0.017800009611999998,0.0,0.0,0.0,0.017800009611999998,0.0,0.007600004103999999,0.0,0.0,0.0,0.0,0.0,0.0,0.012700006858,0.0,0.012700006858,0.010200005508000001,0.0,0.0,0.0,0.0,0.0,0.0,0.0058729198380416655,0.0,0.008250004455,0.017800009611999998,0.03300001782,2023-10-27
10-28,10,28,0.0,0.0,0.027900015065999997,0.0,0.020300010961999997,0.0,0.03300001782,0.005100002754000001,0.0,0.0,0.0,0.017800009611999998,0.0,0.027900015065999997,0.0,0.0,0.00250000135,0.005100002754000001,0.03300001782,0.015200008207999998,0.0,0.0,0.0,0.0,0.005100002754000001,0.0,0.03300001782,0.0,0.017800009611999998,0.0,0.0,0.005100002754000001,0.017800009611999998,0.0,0.007600004103999999,0.0,0.0,0.0,0.0,0.0,0.0,0.012700006858,0.0,0.010200005508000001,0.010200005508000001,0.0,0.0,0.0,0.0,0.0,0.0,0.006402086790458332,0.0,0.010200005508000001,0.02258001219320003,0.03300001782,2023-10-28
10-29,10,29,0.0,0.0,0.027900015065999997,0.012700006858,0.022900012366000002,0.0,0.03300001782,0.005100002754000001,0.0,0.0,0.0,0.025400013716,0.0,0.027900015065999997,0.0,0.0,0.0,0.0,0.040600021923999995,0.015200008207999998,0.0,0.0,0.0,0.0,0.005100002754000001,0.0,0.038100020574,0.0,0.017800009611999998,0.0,0.0,0.005100002754000001,0.017800009611999998,0.0,0.005100002754000001,0.010200005508000001,0.0,0.0,0.0,0.0,0.0,0.012700006858,0.0,0.0,0.010200005508000001,0.0,0.0,0.0,0.0,0.0,0.0,0.006933337077333333,0.0,0.010825005845500002,0.02615001412100001,0.040600021923999995,2023-10-29
10-30,10,30,0.0,0.0,0.027900015065999997,0.017800009611999998,0.022900012366000002,0.0,0.03300001782,0.005100002754000001,0.00250000135,0.0,0.0,0.025400013716,0.0,0.027900015065999997,0.0,0.0,0.0,0.0,0.040600021923999995,0.015200008207999998,0.0,0.0,0.0,0.0,0.005100002754000001,0.0,0.038100020574,0.0,0.017800009611999998,0.0,0.0,0.005100002754000001,0.017800009611999998,0.0,0.0,0.010200005508000001,0.0,0.0,0.0,0.0,0.0,0.012700006858,0.0,0.0,0.010200005508000001,0.0,0.017800009611999998,0.0,0.0,0.0,0.0,0.007356253972375,0.0,0.0133250071955,0.02615001412100001,0.040600021923999995,2023-10-30
10-31,10,31,0.0,0.0,0.03300001782,0.017800009611999998,0.022900012366000002,0.0,0.03300001782,0.005100002754000001,0.007600004103999999,0.0,0.0,0.025400013716,0.0,0.027900015065999997,0.007600004103999999,0.0,0.0,0.0,0.040600021923999995,0.015200008207999998,0.0,0.0,0.005100002754000001,0.0,0.005100002754000001,0.005100002754000001,0.040600021923999995,0.0,0.017800009611999998,0.0,0.0,0.005100002754000001,0.020300010961999997,0.0,0.0,0.015200008207999998,0.0,0.0,0.0,0.0,0.0,0.012700006858,0.0,0.0,0.010200005508000001,0.0,0.012700006858,0.0,0.0,0.0,0.0,0.008041671009166666,0.0,0.0133250071955,0.02615001412100001,0.040600021923999995,2023-10-31
11-01,11,1,0.0,0.0,0.03300001782,0.015200008207999998,0.022900012366000002,0.0,0.045700024677999995,0.005100002754000001,0.007600004103999999,0.0,0.0,0.025400013716,0.0,0.03050001647,0.010200005508000001,0.0,0.0,0.0,0.040600021923999995,0.010200005508000001,0.0,0.0,0.005100002754000001,0.0,0.005100002754000001,0.010200005508000001,0.043200023328,0.0,0.017800009611999998,0.0,0.0,0.00250000135,0.017800009611999998,0.0,0.0,0.015200008207999998,0.0,0.0,0.0,0.0,0.0,0.012700006858,0.0,0.0,0.010200005508000001,0.0,0.012700006858,0.0,0.0,0.0,0.0,0.008310421154291666,0.0,0.012700006858,0.026930014542200023,0.045700024677999995,2023-11-01
11-02,11,2,0.0,0.0,0.027900015065999997,0.015200008207999998,0.022900012366000002,0.0,0.045700024677999995,0.005100002754000001,0.0,0.0,0.0,0.025400013716,0.0,0.035600019223999996,0.015200008207999998,0.0,0.0,0.0,0.040600021923999995,0.0,0.0,0.0,0.005100002754000001,0.0,0.005100002754000001,0.015200008207999998,0.043200023328,0.0,0.017800009611999998,0.0,0.0,0.0,0.015200008207999998,0.0,0.0,0.012700006858,0.0,0.0,0.0,0.0,0.0,0.012700006858,0.0,0.0,0.010200005508000001,0.0,0.012700006858,0.0,0.0,0.0,0.0,0.007989587647708333,0.0,0.0133250071955,0.02615001412100001,0.045700024677999995,2023-11-02
11-03,11,3,0.00250000135,0.0,0.027900015065999997,0.015200008207999998,0.022900012366000002,0.0,0.048300026082,0.005100002754000001,0.0,0.0,0.0,0.025400013716,0.0,0.035600019223999996,0.022900012366000002,0.0,0.005100002754000001,0.0,0.040600021923999995,0.0,0.0,0.0,0.005100002754000001,0.0,0.007600004103999999,0.017800009611999998,0.043200023328,0.0,0.017800009611999998,0.0,0.0,0.0,0.017800009611999998,0.0,0.0,0.012700006858,0.0,0.0,0.0,0.0,0.0,0.012700006858,0.0,0.0,0.027900015065999997,0.0,0.012700006858,0.0,0.0,0.0,0.0,0.008891671468166667,0.0,0.015850008558999998,0.027900015065999997,0.048300026082,2023-11-03
11-04,11,4,0.010200005508000001,0.0,0.027900015065999997,0.012700006858,0.022900012366000002,0.0,0.050800027432,0.005100002754000001,0.00250000135,0.00250000135,0.0,0.025400013716,0.0,0.035600019223999996,0.022900012366000002,0.0,0.005100002754000001,0.0,0.040600021923999995,0.0,0.0,0.0,0.005100002754000001,0.0,0.007600004103999999,0.022900012366000002,0.043200023328,0.0,0.022900012366000002,0.0,0.0,0.0,0.015200008207999998,0.0,0.0,0.015200008207999998,0.0,0.0,0.0,0.0,0.0,0.017800009611999998,0.0,0.0,0.027900015065999997,0.0,0.015200008207999998,0.0,0.0,0.0,0.0,0.0095250051435,0.0,0.015850008558999998,0.027900015065999997,0.050800027432,2023-11-04
11-05,11,5,0.010200005508000001,0.005100002754000001,0.027900015065999997,0.012700006858,0.022900012366000002,0.0,0.053300028782,0.005100002754000001,0.005100002754000001,0.00250000135,0.0,0.025400013716,0.0,0.038100020574,0.022900012366000002,0.0,0.005100002754000001,0.0,0.055900030186,0.0,0.0,0.0,0.012700006858,0.0,0.007600004103999999,0.025400013716,0.043200023328,0.005100002754000001,0.022900012366000002,0.0,0.012700006858,0.0,0.015200008207999998,0.007600004103999999,0.0,0.017800009611999998,0.0,0.0,0.0,0.0,0.0,0.017800009611999998,0.0,0.0,0.027900015065999997,0.0,0.015200008207999998,0.0,0.0,0.0,0.0,0.010902089220458334,0.005100002754000001,0.017800009611999998,0.027900015065999997,0.055900030186,2023-11-05
11-06,11,6,0.012700006858,0.005100002754000001,0.022900012366000002,0.012700006858,0.022900012366000002,0.0,0.055900030186,0.005100002754000001,0.007600004103999999,0.00250000135,0.0,0.025400013716,0.017800009611999998,0.038100020574,0.025400013716,0.0,0.010200005508000001,0.0,0.06350003429000001,0.0,0.012700006858,0.0,0.012700006858,0.0,0.007600004103999999,0.025400013716,0.040600021923999995,0.010200005508000001,0.022900012366000002,0.0,0.012700006858,0.0,0.012700006858,0.007600004103999999,0.0,0.017800009611999998,0.0,0.0,0.0,0.0,0.0,0.017800009611999998,0.0,0.0,0.045700024677999995,0.0,0.020300010961999997,0.0,0.0,0.0,0.0,0.012385423354791668,0.007600004103999999,0.0184250099495,0.029210015773400055,0.06350003429000001,2023-11-06
11-07,11,7,0.020300010961999997,0.005100002754000001,0.017800009611999998,0.012700006858,0.022900012366000002,0.00250000135,0.055900030186,0.005100002754000001,0.015200008207999998,0.010200005508000001,0.0,0.025400013716,0.017800009611999998,0.035600019223999996,0.025400013716,0.0,0.010200005508000001,0.0,0.06350003429000001,0.0,0.015200008207999998,0.0,0.015200008207999998,0.0,0.007600004103999999,0.025400013716,0.040600021923999995,0.010200005508000001,0.022900012366000002,0.0,0.012700006858,0.0,0.005100002754000001,0.007600004103999999,0.0,0.020300010961999997,0.0,0.0,0.0,0.007600004103999999,0.0,0.017800009611999998,0.00250000135,0.0,0.045700024677999995,0.0,0.020300010961999997,0.0,0.0,0.0,0.0,0.012964590334208333,0.008900004806,0.020300010961999997,0.028460015368400045,0.06350003429000001,2023-11-07
11-08,11,8,0.025400013716,0.005100002754000001,0.0,0.012700006858,0.027900015065999997,0.007600004103999999,0.055900030186,0.007600004103999999,0.03050001647,0.015200008207999998,0.0,0.020300010961999997,0.020300010961999997,0.035600019223999996,0.027900015065999997,0.0,0.005100002754000001,0.0,0.06350003429000001,0.0,0.022900012366000002,0.0,0.015200008207999998,0.0,0.007600004103999999,0.027900015065999997,0.040600021923999995,0.00250000135,0.017800009611999998,0.0,0.015200008207999998,0.0,0.0,0.007600004103999999,0.0,0.020300010961999997,0.0,0.0,0.0,0.007600004103999999,0.0,0.017800009611999998,0.005100002754000001,0.0,0.045700024677999995,0.007600004103999999,0.020300010961999997,0.0,0.0,0.0,0.0,0.013381257225875,0.007600004103999999,0.020300010961999997,0.03203001729620002,0.06350003429000001,2023-11-08
11-09,11,9,0.025400013716,0.005100002754000001,0.0,0.010200005508000001,0.043200023328,0.007600004103999999,0.086400046656,0.017800009611999998,0.048300026082,0.015200008207999998,0.0,0.020300010961999997,0.022900012366000002,0.035600019223999996,0.027900015065999997,0.0,0.005100002754000001,0.0,0.06350003429000001,0.0,0.022900012366000002,0.0,0.025400013716,0.0,0.017800009611999998,0.027900015065999997,0.038100020574,0.0,0.015200008207999998,0.0,0.015200008207999998,0.0,0.005100002754000001,0.007600004103999999,0.00250000135,0.020300010961999997,0.0,0.0,0.0,0.007600004103999999,0.0,0.017800009611999998,0.007600004103999999,0.0,0.045700024677999995,0.007600004103999999,0.020300010961999997,0.0,0.0,0.0,0.0,0.015397924981541666,0.007600004103999999,0.022900012366000002,0.03963002140020002,0.086400046656,2023-11-09
11-10,11,10,0.03050001647,0.005100002754000001,0.0,0.010200005508000001,0.055900030186,0.012700006858,0.09140004935599999,0.025400013716,0.048300026082,0.017800009611999998,0.00250000135,0.020300010961999997,0.022900012366000002,0.03300001782,0.027900015065999997,0.0,0.0,0.035600019223999996,0.06350003429000001,0.0,0.025400013716,0.0,0.03300001782,0.0,0.020300010961999997,0.027900015065999997,0.053300028782,0.0,0.020300010961999997,0.0,0.015200008207999998,0.0,0.005100002754000001,0.007600004103999999,0.022900012366000002,0.020300010961999997,0.0,0.0,0.0,0.007600004103999999,0.0,0.017800009611999998,0.007600004103999999,0.007600004103999999,0.050800027432,0.007600004103999999,0.020300010961999997,0.0,0.0,0.0,0.0,0.018200009827999998,0.013950007532999999,0.026025014053500002,0.04905002648700001,0.09140004935599999,2023-11-10
11-11,11,11,0.048300026082,0.005100002754000001,0.0,0.010200005508000001,0.06350003429000001,0.012700006858,0.09400005076,0.027900015065999997,0.048300026082,0.017800009611999998,0.00250000135,0.017800009611999998,0.022900012366000002,0.025400013716,0.027900015065999997,0.0,0.0,0.038100020574,0.06350003429000001,0.0,0.03050001647,0.0,0.03300001782,0.0,0.022900012366000002,0.027900015065999997,0.053300028782,0.0,0.020300010961999997,0.0,0.035600019223999996,0.0,0.005100002754000001,0.007600004103999999,0.03050001647,0.020300010961999997,0.0,0.007600004103999999,0.0,0.005100002754000001,0.0,0.017800009611999998,0.007600004103999999,0.005100002754000001,0.050800027432,0.007600004103999999,0.020300010961999997,0.0,0.0,0.0,0.0,0.0194750105165,0.015250008235,0.028550015417,0.04905002648700001,0.09400005076,2023-11-11
11-12,11,12,0.053300028782,0.005100002754000001,0.0,0.010200005508000001,0.06350003429000001,0.012700006858,0.09400005076,0.06100003294,0.048300026082,0.020300010961999997,0.007600004103999999,0.017800009611999998,0.022900012366000002,0.015200008207999998,0.03050001647,0.0,0.0,0.040600021923999995,0.06350003429000001,0.005100002754000001,0.03050001647,0.0,0.03300001782,0.0,0.022900012366000002,0.027900015065999997,0.045700024677999995,0.0,0.025400013716,0.0,0.035600019223999996,0.0,0.005100002754000001,0.012700006858,0.03050001647,0.020300010961999997,0.0,0.007600004103999999,0.0,0.005100002754000001,0.0,0.017800009611999998,0.012700006858,0.005100002754000001,0.050800027432,0.005100002754000001,0.020300010961999997,0.0,0.0,0.0,0.0038250020655000005,0.020535427755791667,0.013950007532999999,0.03050001647,0.05155002783700001,0.09400005076,2023-11-12
11-13,11,13,0.06600003564,0.005100002754000001,0.0,0.007600004103999999,0.06600003564,0.020300010961999997,0.09400005076,0.078700042498,0.048300026082,0.020300010961999997,0.012700006858,0.017800009611999998,0.022900012366000002,0.015200008207999998,0.03050001647,0.0,0.017800009611999998,0.043200023328,0.06350003429000001,0.005100002754000001,0.03050001647,0.0,0.035600019223999996,0.0,0.025400013716,0.027900015065999997,0.048300026082,0.0,0.025400013716,0.0,0.035600019223999996,0.005100002754000001,0.005100002754000001,0.017800009611999998,0.03050001647,0.017800009611999998,0.0,0.007600004103999999,0.0,0.00250000135,0.0,0.017800009611999998,0.012700006858,0.0,0.050800027432,0.00250000135,0.027900015065999997,0.0,0.0,0.0,0.00250000135,0.022120845278583334,0.017800009611999998,0.03050001647,0.05461002948940006,0.09400005076,2023-11-13
11-14,11,14,0.06600003564,0.005100002754000001,0.0,0.007600004103999999,0.06600003564,0.027900015065999997,0.114300061722,0.078700042498,0.048300026082,0.022900012366000002,0.012700006858,0.017800009611999998,0.022900012366000002,0.03050001647,0.03050001647,0.0,0.022900012366000002,0.043200023328,0.06350003429000001,0.00250000135,0.03050001647,0.0,0.035600019223999996,0.0,0.025400013716,0.038100020574,0.048300026082,0.007600004103999999,0.035600019223999996,0.0,0.03300001782,0.007600004103999999,0.005100002754000001,0.025400013716,0.03050001647,0.017800009611999998,0.0,0.010200005508000001,0.0,0.0,0.0,0.017800009611999998,0.03300001782,0.0,0.050800027432,0.00250000135,0.027900015065999997,0.0,0.0,0.0,0.00250000135,0.02429167978416667,0.022900012366000002,0.033650018170999996,0.05461002948940006,0.114300061722,2023-11-14
11-15,11,15,0.06600003564,0.005100002754000001,0.005100002754000001,0.007600004103999999,0.068600037044,0.027900015065999997,0.12190006582599998,0.078700042498,0.048300026082,0.027900015065999997,0.017800009611999998,0.017800009611999998,0.022900012366000002,0.035600019223999996,0.03050001647,0.0,0.022900012366000002,0.040600021923999995,0.06350003429000001,0.0,0.03050001647,0.0,0.040600021923999995,0.0,0.027900015065999997,0.038100020574,0.048300026082,0.020300010961999997,0.06350003429000001,0.0,0.03300001782,0.012700006858,0.010200005508000001,0.025400013716,0.03050001647,0.017800009611999998,0.010200005508000001,0.010200005508000001,0.0,0.0,0.0,0.017800009611999998,0.038100020574,0.0,0.050800027432,0.00250000135,0.027900015065999997,0.0,0.0,0.0,0.005100002754000001,0.026354180897916666,0.022900012366000002,0.038100020574,0.06350003429000001,0.12190006582599998,2023-11-15
11-16,11,16,0.06600003564,0.005100002754000001,0.005100002754000001,0.005100002754000001,0.068600037044,0.027900015065999997,0.12450006723,0.078700042498,0.048300026082,0.03050001647,0.017800009611999998,0.017800009611999998,0.022900012366000002,0.035600019223999996,0.03050001647,0.0,0.022900012366000002,0.038100020574,0.06600003564,0.0,0.03050001647,0.0,0.045700024677999995,0.0,0.027900015065999997,0.038100020574,0.048300026082,0.020300010961999997,0.06350003429000001,0.0,0.03300001782,0.012700006858,0.027900015065999997,0.025400013716,0.03050001647,0.022900012366000002,0.010200005508000001,0.012700006858,0.0,0.0,0.0,0.017800009611999998,0.038100020574,0.0,0.050800027432,0.00250000135,0.03300001782,0.0,0.0,0.0,0.005100002754000001,0.027150014660999994,0.024150013041,0.038100020574,0.06425003469500001,0.12450006723,2023-11-16
11-17,11,17,0.06600003564,0.007600004103999999,0.005100002754000001,0.0,0.068600037044,0.027900015065999997,0.12450006723,0.078700042498,0.045700024677999995,0.040600021923999995,0.017800009611999998,0.017800009611999998,0.022900012366000002,0.035600019223999996,0.03050001647,0.0,0.043200023328,0.038100020574,0.07110003839399999,0.0,0.035600019223999996,0.0,0.045700024677999995,0.0,0.027900015065999997,0.040600021923999995,0.048300026082,0.020300010961999997,0.06350003429000001,0.0,0.03300001782,0.012700006858,0.03050001647,0.022900012366000002,0.03300001782,0.035600019223999996,0.010200005508000001,0.015200008207999998,0.0,0.0,0.0,0.017800009611999998,0.038100020574,0.0,0.050800027432,0.015200008207999998,0.040600021923999995,0.0,0.0,0.0,0.006975003766499999,0.028733348849333335,0.027900015065999997,0.040600021923999995,0.06425003469500001,0.12450006723,2023-11-17
11-18,11,18,0.068600037044,0.015200008207999998,0.005100002754000001,0.00250000135,0.07110003839399999,0.043200023328,0.12450006723,0.086400046656,0.045700024677999995,0.043200023328,0.038100020574,0.017800009611999998,0.022900012366000002,0.048300026082,0.03050001647,0.0,0.048300026082,0.03050001647,0.078700042498,0.022900012366000002,0.038100020574,0.00250000135,0.045700024677999995,0.0,0.027900015065999997,0.048300026082,0.048300026082,0.020300010961999997,0.06350003429000001,0.0,0.03300001782,0.012700006858,0.03050001647,0.022900012366000002,0.040600021923999995,0.035600019223999996,0.010200005508000001,0.015200008207999998,0.005100002754000001,0.017800009611999998,0.00250000135,0.017800009611999998,0.038100020574,0.0,0.050800027432,0.015200008207999998,0.040600021923999995,0.0,0.0,0.0017500009450000004,0.0145750078705,0.031806267175375,0.03050001647,0.045700024677999995,0.06503003511620002,0.12450006723,2023-11-18
11-19,11,19,0.068600037044,0.020300010961999997,0.005100002754000001,0.010200005508000001,0.076200041148,0.045700024677999995,0.12450006723,0.09400005076,0.048300026082,0.043200023328,0.038100020574,0.020300010961999997,0.022900012366000002,0.053300028782,0.03300001782,0.0,0.053300028782,0.03050001647,0.078700042498,0.022900012366000002,0.038100020574,0.005100002754000001,0.045700024677999995,0.007600004103999999,0.027900015065999997,0.048300026082,0.048300026082,0.022900012366000002,0.06350003429000001,0.0,0.03300001782,0.012700006858,0.03300001782,0.038100020574,0.043200023328,0.035600019223999996,0.012700006858,0.015200008207999998,0.005100002754000001,0.017800009611999998,0.00250000135,0.017800009611999998,0.038100020574,0.0,0.050800027432,0.017800009611999998,0.040600021923999995,0.0,0.0,0.004320002332800001,0.0145750078705,0.03355210145145833,0.03300001782,0.046350025029,0.06503003511620002,0.12450006723,2023-11-19
11-20,11,20,0.068600037044,0.025400013716,0.005100002754000001,0.010200005508000001,0.088900048006,0.050800027432,0.12450006723,0.09400005076,0.055900030186,0.043200023328,0.038100020574,0.022900012366000002,0.022900012366000002,0.055900030186,0.035600019223999996,0.0,0.053300028782,0.03050001647,0.073700039798,0.03300001782,0.038100020574,0.015200008207999998,0.045700024677999995,0.007600004103999999,0.027900015065999997,0.048300026082,0.048300026082,0.022900012366000002,0.06350003429000001,0.0,0.03300001782,0.012700006858,0.03050001647,0.038100020574,0.043200023328,0.040600021923999995,0.015200008207999998,0.020300010961999997,0.005100002754000001,0.017800009611999998,0.00250000135,0.022900012366000002,0.038100020574,0.0,0.050800027432,0.022900012366000002,0.040600021923999995,0.0,0.0,0.004320002332800001,0.017150009260999997,0.03508960228170833,0.03300001782,0.048300026082,0.06503003511620002,0.12450006723,2023-11-20
11-21,11,21,0.068600037044,0.025400013716,0.005100002754000001,0.010200005508000001,0.088900048006,0.06100003294,0.12450006723,0.09650005211,0.055900030186,0.043200023328,0.040600021923999995,0.025400013716,0.035600019223999996,0.06600003564,0.040600021923999995,0.0,0.055900030186,0.03050001647,0.073700039798,0.035600019223999996,0.040600021923999995,0.015200008207999998,0.048300026082,0.007600004103999999,0.027900015065999997,0.050800027432,0.048300026082,0.022900012366000002,0.06350003429000001,0.0,0.03300001782,0.012700006858,0.06600003564,0.043200023328,0.043200023328,0.043200023328,0.015200008207999998,0.025400013716,0.005100002754000001,0.017800009611999998,0.00250000135,0.027900015065999997,0.038100020574,0.010200005508000001,0.050800027432,0.022900012366000002,0.043200023328,0.0,0.0,0.005100002754000001,0.017150009260999997,0.037681270347875,0.036850019899,0.050800027432,0.0667800360612,0.12450006723,2023-11-21
11-22,11,22,0.068600037044,0.025400013716,0.007600004103999999,0.010200005508000001,0.09400005076,0.06600003564,0.12450006723,0.09910005351399999,0.058400031536,0.043200023328,0.040600021923999995,0.025400013716,0.035600019223999996,0.073700039798,0.040600021923999995,0.0,0.058400031536,0.03050001647,0.07110003839399999,0.038100020574,0.040600021923999995,0.017800009611999998,0.048300026082,0.007600004103999999,0.027900015065999997,0.050800027432,0.048300026082,0.022900012366000002,0.06350003429000001,0.0,0.03300001782,0.012700006858,0.078700042498,0.048300026082,0.043200023328,0.045700024677999995,0.015200008207999998,0.025400013716,0.010200005508000001,0.017800009611999998,0.005100002754000001,0.027900015065999997,0.038100020574,0.010200005508000001,0.050800027432,0.022900012366000002,0.043200023328,0.0,0.0,0.007600004103999999,0.017800009611999998,0.03889793767154167,0.038100020574,0.050800027432,0.0718800388152,0.12450006723,2023-11-22
11-23,11,23,0.073700039798,0.025400013716,0.007600004103999999,0.012700006858,0.09400005076,0.068600037044,0.12450006723,0.09910005351399999,0.06350003429000001,0.043200023328,0.043200023328,0.025400013716,0.035600019223999996,0.073700039798,0.058400031536,0.020300010961999997,0.058400031536,0.03050001647,0.078700042498,0.038100020574,0.040600021923999995,0.017800009611999998,0.048300026082,0.045700024677999995,0.027900015065999997,0.050800027432,0.048300026082,0.022900012366000002,0.06350003429000001,0.0,0.03300001782,0.020300010961999997,0.08130004390199999,0.048300026082,0.040600021923999995,0.045700024677999995,0.03050001647,0.025400013716,0.010200005508000001,0.017800009611999998,0.012700006858,0.027900015065999997,0.038100020574,0.010200005508000001,0.050800027432,0.022900012366000002,0.043200023328,0.0,0.0,0.011950006453000001,0.022900012366000002,0.04165210582545833,0.039350021249,0.052700028458,0.07520004060800002,0.12450006723,2023-11-23
11-24,11,24,0.073700039798,0.027900015065999997,0.015200008207999998,0.015200008207999998,0.09650005211,0.068600037044,0.12450006723,0.111800060372,0.06350003429000001,0.043200023328,0.07110003839399999,0.025400013716,0.038100020574,0.073700039798,0.06600003564,0.027900015065999997,0.058400031536,0.03050001647,0.08130004390199999,0.038100020574,0.040600021923999995,0.017800009611999998,0.048300026082,0.045700024677999995,0.03050001647,0.050800027432,0.048300026082,0.022900012366000002,0.058400031536,0.0,0.03300001782,0.020300010961999997,0.09140004935599999,0.048300026082,0.040600021923999995,0.045700024677999995,0.040600021923999995,0.025400013716,0.012700006858,0.015200008207999998,0.025400013716,0.027900015065999997,0.038100020574,0.010200005508000001,0.055900030186,0.022900012366000002,0.043200023328,0.0,0.0,0.015200008207999998,0.025400013716,0.04397294041204167,0.040600021923999995,0.058400031536,0.07598004102920003,0.12450006723,2023-11-24
11-25,11,25,0.073700039798,0.043200023328,0.017800009611999998,0.020300010961999997,0.09650005211,0.08130004390199999,0.137200074088,0.116800063072,0.06350003429000001,0.043200023328,0.078700042498,0.03300001782,0.040600021923999995,0.076200041148,0.06600003564,0.027900015065999997,0.058400031536,0.03050001647,0.08380004525200001,0.038100020574,0.040600021923999995,0.027900015065999997,0.048300026082,0.055900030186,0.03050001647,0.050800027432,0.048300026082,0.022900012366000002,0.055900030186,0.0,0.035600019223999996,0.020300010961999997,0.09140004935599999,0.048300026082,0.040600021923999995,0.045700024677999995,0.043200023328,0.025400013716,0.012700006858,0.010200005508000001,0.043200023328,0.027900015065999997,0.038100020574,0.010200005508000001,0.055900030186,0.025400013716,0.045700024677999995,0.0,0.0,0.0162700087858,0.027900015065999997,0.04640835839383333,0.043200023328,0.056525030523500004,0.08205004430700001,0.137200074088,2023-11-25
11-26,11,26,0.073700039798,0.053300028782,0.017800009611999998,0.022900012366000002,0.09650005211,0.101600054864,0.137200074088,0.12190006582599998,0.06350003429000001,0.043200023328,0.08130004390199999,0.038100020574,0.040600021923999995,0.076200041148,0.06600003564,0.027900015065999997,0.073700039798,0.03050001647,0.086400046656,0.038100020574,0.040600021923999995,0.027900015065999997,0.048300026082,0.06350003429000001,0.03050001647,0.050800027432,0.058400031536,0.022900012366000002,0.055900030186,0.0,0.035600019223999996,0.020300010961999997,0.09140004935599999,0.048300026082,0.040600021923999995,0.045700024677999995,0.048300026082,0.03300001782,0.012700006858,0.010200005508000001,0.043200023328,0.03300001782,0.038100020574,0.010200005508000001,0.055900030186,0.025400013716,0.045700024677999995,0.0,0.0,0.0162700087858,0.029850016118999997,0.04847502617649999,0.043200023328,0.06350003429000001,0.08790004746600001,0.137200074088,2023-11-26
11-27,11,27,0.073700039798,0.06100003294,0.017800009611999998,0.022900012366000002,0.09650005211,0.104100056214,0.137200074088,0.12190006582599998,0.06350003429000001,0.048300026082,0.088900048006,0.07110003839399999,0.043200023328,0.078700042498,0.06600003564,0.027900015065999997,0.078700042498,0.053300028782,0.086400046656,0.043200023328,0.040600021923999995,0.027900015065999997,0.053300028782,0.06350003429000001,0.03050001647,0.053300028782,0.058400031536,0.040600021923999995,0.050800027432,0.0,0.038100020574,0.020300010961999997,0.09140004935599999,0.048300026082,0.040600021923999995,0.045700024677999995,0.048300026082,0.03300001782,0.017800009611999998,0.007600004103999999,0.045700024677999995,0.03300001782,0.038100020574,0.010200005508000001,0.055900030186,0.025400013716,0.055900030186,0.015200008207999998,0.0,0.017800009611999998,0.0323750174825,0.05153544449579167,0.048300026082,0.06412503462750001,0.08965004841100001,0.137200074088,2023-11-27
11-28,11,28,0.073700039798,0.06100003294,0.017800009611999998,0.022900012366000002,0.09650005211,0.104100056214,0.13970007543799998,0.12190006582599998,0.06350003429000001,0.048300026082,0.088900048006,0.076200041148,0.045700024677999995,0.078700042498,0.06600003564,0.027900015065999997,0.08130004390199999,0.058400031536,0.086400046656,0.06100003294,0.040600021923999995,0.027900015065999997,0.053300028782,0.06350003429000001,0.03050001647,0.053300028782,0.068600037044,0.043200023328,0.073700039798,0.00250000135,0.038100020574,0.020300010961999997,0.09140004935599999,0.048300026082,0.043200023328,0.045700024677999995,0.048300026082,0.03300001782,0.022900012366000002,0.005100002754000001,0.048300026082,0.035600019223999996,0.038100020574,0.010200005508000001,0.055900030186,0.025400013716,0.055900030186,0.015200008207999998,0.00250000135,0.019550010556999998,0.0323750174825,0.05328961210970832,0.048300026082,0.0698750377325,0.08965004841100001,0.13970007543799998,2023-11-28
11-29,11,29,0.073700039798,0.06100003294,0.017800009611999998,0.022900012366000002,0.09650005211,0.106700057618,0.1600000864,0.13460007268399998,0.06350003429000001,0.048300026082,0.09910005351399999,0.076200041148,0.045700024677999995,0.078700042498,0.06600003564,0.027900015065999997,0.086400046656,0.06350003429000001,0.086400046656,0.06100003294,0.043200023328,0.027900015065999997,0.053300028782,0.076200041148,0.03050001647,0.058400031536,0.07110003839399999,0.043200023328,0.076200041148,0.00250000135,0.038100020574,0.020300010961999997,0.09910005351399999,0.048300026082,0.045700024677999995,0.045700024677999995,0.050800027432,0.03300001782,0.035600019223999996,0.005100002754000001,0.053300028782,0.048300026082,0.038100020574,0.010200005508000001,0.058400031536,0.025400013716,0.055900030186,0.015200008207999998,0.00250000135,0.019550010556999998,0.034950018873,0.055935446871791666,0.052050028107000004,0.0743250401355,0.0972800525312,0.1600000864,2023-11-29
11-30,11,30,0.073700039798,0.06100003294,0.020300010961999997,0.022900012366000002,0.101600054864,0.111800060372,0.16260008780399998,0.14220007678799998,0.073700039798,0.048300026082,0.09910005351399999,0.078700042498,0.048300026082,0.078700042498,0.06600003564,0.03050001647,0.088900048006,0.06350003429000001,0.086400046656,0.06100003294,0.055900030186,0.027900015065999997,0.055900030186,0.078700042498,0.03050001647,0.06100003294,0.07110003839399999,0.06350003429000001,0.076200041148,0.005100002754000001,0.040600021923999995,0.020300010961999997,0.101600054864,0.048300026082,0.045700024677999995,0.045700024677999995,0.050800027432,0.035600019223999996,0.035600019223999996,0.005100002754000001,0.06350003429000001,0.07110003839399999,0.038100020574,0.010200005508000001,0.058400031536,0.025400013716,0.055900030186,0.015200008207999998,0.005100002754000001,0.020300010961999997,0.035600019223999996,0.058585448302791665,0.057150030861,0.0743250401355,0.09985005391900001,0.16260008780399998,2023-11-30
12-01,12,1,0.08130004390199999,0.06100003294,0.020300010961999997,0.022900012366000002,0.12190006582599998,0.111800060372,0.170200091908,0.14480007819200003,0.076200041148,0.048300026082,0.09910005351399999,0.078700042498,0.048300026082,0.078700042498,0.06600003564,0.03050001647,0.09140004935599999,0.06350003429000001,0.086400046656,0.06100003294,0.055900030186,0.027900015065999997,0.055900030186,0.078700042498,0.03050001647,0.06100003294,0.073700039798,0.06350003429000001,0.076200041148,0.012700006858,0.040600021923999995,0.020300010961999997,0.104100056214,0.048300026082,0.048300026082,0.045700024677999995,0.050800027432,0.035600019223999996,0.035600019223999996,0.005100002754000001,0.076200041148,0.07110003839399999,0.038100020574,0.010200005508000001,0.06350003429000001,0.025400013716,0.055900030186,0.015200008207999998,0.005100002754000001,0.020300010961999997,0.035600019223999996,0.06017294916004167,0.058450031563,0.0768250414855,0.10060005432400002,0.170200091908,2023-12-01
12-02,12,2,0.08130004390199999,0.06100003294,0.020300010961999997,0.022900012366000002,0.137200074088,0.111800060372,0.170200091908,0.147300079542,0.076200041148,0.048300026082,0.09910005351399999,0.078700042498,0.050800027432,0.08130004390199999,0.06600003564,0.03050001647,0.09140004935599999,0.06350003429000001,0.104100056214,0.06100003294,0.055900030186,0.027900015065999997,0.055900030186,0.09400005076,0.03050001647,0.06100003294,0.073700039798,0.076200041148,0.076200041148,0.020300010961999997,0.040600021923999995,0.020300010961999997,0.106700057618,0.048300026082,0.048300026082,0.045700024677999995,0.050800027432,0.035600019223999996,0.035600019223999996,0.005100002754000001,0.076200041148,0.073700039798,0.038100020574,0.010200005508000001,0.06600003564,0.025400013716,0.055900030186,0.015200008207999998,0.005100002754000001,0.020300010961999997,0.035600019223999996,0.06192086677058333,0.058450031563,0.0768250414855,0.1048800566352,0.170200091908,2023-12-02
12-03,12,3,0.08130004390199999,0.06350003429000001,0.020300010961999997,0.022900012366000002,0.14480007819200003,0.11940006447600002,0.170200091908,0.15750008505,0.076200041148,0.048300026082,0.09910005351399999,0.078700042498,0.050800027432,0.08130004390199999,0.06600003564,0.035600019223999996,0.09140004935599999,0.06350003429000001,0.106700057618,0.06100003294,0.055900030186,0.035600019223999996,0.055900030186,0.09650005211,0.03050001647,0.058400031536,0.073700039798,0.09140004935599999,0.076200041148,0.020300010961999997,0.043200023328,0.020300010961999997,0.106700057618,0.048300026082,0.058400031536,0.053300028782,0.050800027432,0.035600019223999996,0.035600019223999996,0.00250000135,0.076200041148,0.073700039798,0.038100020574,0.010200005508000001,0.073700039798,0.035600019223999996,0.058400031536,0.017800009611999998,0.00250000135,0.020300010961999997,0.035600019223999996,0.06398545121879166,0.058400031536,0.07935004284899999,0.106700057618,0.170200091908,2023-12-03
12-04,12,4,0.08130004390199999,0.06350003429000001,0.025400013716,0.025400013716,0.147300079542,0.13460007268399998,0.170200091908,0.1600000864,0.078700042498,0.048300026082,0.09910005351399999,0.078700042498,0.050800027432,0.08130004390199999,0.06600003564,0.035600019223999996,0.09400005076,0.058400031536,0.109200058968,0.06100003294,0.055900030186,0.035600019223999996,0.055900030186,0.106700057618,0.03050001647,0.058400031536,0.073700039798,0.09140004935599999,0.076200041148,0.022900012366000002,0.045700024677999995,0.020300010961999997,0.109200058968,0.048300026082,0.058400031536,0.06100003294,0.053300028782,0.040600021923999995,0.035600019223999996,0.012700006858,0.078700042498,0.073700039798,0.038100020574,0.010200005508000001,0.08380004525200001,0.050800027432,0.058400031536,0.017800009611999998,0.010200005508000001,0.024650013311000002,0.039975021586499994,0.06609586902508334,0.058400031536,0.08130004390199999,0.109200058968,0.170200091908,2023-12-04
12-05,12,5,0.08130004390199999,0.06350003429000001,0.035600019223999996,0.025400013716,0.147300079542,0.13970007543799998,0.170200091908,0.1600000864,0.078700042498,0.048300026082,0.09910005351399999,0.078700042498,0.050800027432,0.08130004390199999,0.06600003564,0.040600021923999995,0.101600054864,0.07110003839399999,0.109200058968,0.06100003294,0.058400031536,0.038100020574,0.055900030186,0.111800060372,0.03050001647,0.058400031536,0.073700039798,0.09400005076,0.076200041148,0.025400013716,0.050800027432,0.020300010961999997,0.109200058968,0.048300026082,0.058400031536,0.06100003294,0.053300028782,0.040600021923999995,0.038100020574,0.012700006858,0.078700042498,0.073700039798,0.038100020574,0.010200005508000001,0.088900048006,0.050800027432,0.058400031536,0.017800009611999998,0.010200005508000001,0.025400013716,0.040600021923999995,0.06752295312904166,0.059700032237999995,0.08130004390199999,0.10998005938920001,0.170200091908,2023-12-05
12-06,12,6,0.09400005076,0.06350003429000001,0.038100020574,0.025400013716,0.147300079542,0.13970007543799998,0.17270009325799998,0.1600000864,0.078700042498,0.048300026082,0.09910005351399999,0.078700042498,0.050800027432,0.08130004390199999,0.068600037044,0.040600021923999995,0.101600054864,0.078700042498,0.14220007678799998,0.06100003294,0.058400031536,0.038100020574,0.055900030186,0.12190006582599998,0.03050001647,0.058400031536,0.073700039798,0.09650005211,0.078700042498,0.025400013716,0.050800027432,0.020300010961999997,0.109200058968,0.048300026082,0.058400031536,0.06100003294,0.053300028782,0.040600021923999995,0.038100020574,0.012700006858,0.086400046656,0.073700039798,0.038100020574,0.010200005508000001,0.09140004935599999,0.050800027432,0.058400031536,0.03300001782,0.010200005508000001,0.0289700156438,0.040600021923999995,0.06963545426979166,0.059700032237999995,0.087650047331,0.12724006870960006,0.17270009325799998,2023-12-06
12-07,12,7,0.09400005076,0.06350003429000001,0.040600021923999995,0.025400013716,0.147300079542,0.14480007819200003,0.17270009325799998,0.1600000864,0.08130004390199999,0.048300026082,0.104100056214,0.078700042498,0.050800027432,0.08380004525200001,0.068600037044,0.040600021923999995,0.111800060372,0.08130004390199999,0.152400082296,0.06350003429000001,0.058400031536,0.040600021923999995,0.055900030186,0.137200074088,0.03050001647,0.058400031536,0.073700039798,0.106700057618,0.078700042498,0.03050001647,0.050800027432,0.022900012366000002,0.11940006447600002,0.048300026082,0.058400031536,0.06100003294,0.053300028782,0.040600021923999995,0.038100020574,0.012700006858,0.086400046656,0.073700039798,0.038100020574,0.010200005508000001,0.09140004935599999,0.053300028782,0.058400031536,0.043200023328,0.010200005508000001,0.03050001647,0.042550022977,0.071756288748375,0.059700032237999995,0.087650047331,0.13948007531920004,0.17270009325799998,2023-12-07
12-08,12,8,0.09400005076,0.06350003429000001,0.045700024677999995,0.025400013716,0.147300079542,0.149900080946,0.17270009325799998,0.16760009050400002,0.08380004525200001,0.06350003429000001,0.104100056214,0.078700042498,0.053300028782,0.088900048006,0.07110003839399999,0.040600021923999995,0.111800060372,0.08130004390199999,0.152400082296,0.06350003429000001,0.058400031536,0.048300026082,0.055900030186,0.137200074088,0.03050001647,0.068600037044,0.08380004525200001,0.106700057618,0.078700042498,0.048300026082,0.050800027432,0.025400013716,0.11940006447600002,0.048300026082,0.058400031536,0.068600037044,0.053300028782,0.048300026082,0.038100020574,0.012700006858,0.086400046656,0.073700039798,0.038100020574,0.010200005508000001,0.101600054864,0.053300028782,0.058400031536,0.043200023328,0.010200005508000001,0.0358200193428,0.048300026082,0.074243790091625,0.06350003429000001,0.09017504869449999,0.14023007572420004,0.17270009325799998,2023-12-08
12-09,12,9,0.09400005076,0.06350003429000001,0.048300026082,0.025400013716,0.147300079542,0.15750008505,0.177800096012,0.19050010287,0.08380004525200001,0.06350003429000001,0.104100056214,0.078700042498,0.055900030186,0.088900048006,0.078700042498,0.040600021923999995,0.111800060372,0.08130004390199999,0.152400082296,0.076200041148,0.058400031536,0.048300026082,0.055900030186,0.14480007819200003,0.03050001647,0.076200041148,0.106700057618,0.106700057618,0.08130004390199999,0.050800027432,0.058400031536,0.027900015065999997,0.11940006447600002,0.048300026082,0.06350003429000001,0.068600037044,0.053300028782,0.048300026082,0.050800027432,0.012700006858,0.086400046656,0.08130004390199999,0.038100020574,0.012700006858,0.101600054864,0.058400031536,0.058400031536,0.043200023328,0.012700006858,0.0358200193428,0.0501750270945,0.07731462508320833,0.066050035667,0.095900051786,0.14555007859700003,0.19050010287,2023-12-09
12-10,12,10,0.09400005076,0.06350003429000001,0.048300026082,0.025400013716,0.149900080946,0.16260008780399998,0.177800096012,0.19050010287,0.08380004525200001,0.06350003429000001,0.104100056214,0.08130004390199999,0.058400031536,0.088900048006,0.101600054864,0.040600021923999995,0.111800060372,0.08130004390199999,0.152400082296,0.086400046656,0.058400031536,0.055900030186,0.06350003429000001,0.14480007819200003,0.03050001647,0.076200041148,0.12190006582599998,0.106700057618,0.08130004390199999,0.053300028782,0.058400031536,0.027900015065999997,0.11940006447600002,0.048300026082,0.06350003429000001,0.068600037044,0.053300028782,0.048300026082,0.06100003294,0.012700006858,0.086400046656,0.08130004390199999,0.038100020574,0.03300001782,0.101600054864,0.058400031536,0.058400031536,0.043200023328,0.012700006858,0.0365700197478,0.053300028782,0.07959170964616667,0.066050035667,0.101600054864,0.14633007901820003,0.19050010287,2023-12-10
12-11,12,11,0.09400005076,0.06350003429000001,0.048300026082,0.025400013716,0.149900080946,0.16760009050400002,0.177800096012,0.19050010287,0.08380004525200001,0.07110003839399999,0.104100056214,0.08380004525200001,0.058400031536,0.088900048006,0.101600054864,0.040600021923999995,0.111800060372,0.08380004525200001,0.152400082296,0.086400046656,0.058400031536,0.055900030186,0.07110003839399999,0.14480007819200003,0.03300001782,0.076200041148,0.12450006723,0.106700057618,0.08380004525200001,0.053300028782,0.058400031536,0.027900015065999997,0.13210007133399998,0.048300026082,0.06350003429000001,0.068600037044,0.053300028782,0.053300028782,0.09140004935599999,0.012700006858,0.086400046656,0.08130004390199999,0.038100020574,0.03300001782,0.101600054864,0.06100003294,0.058400031536,0.043200023328,0.012700006858,0.0365700197478,0.053300028782,0.081331293918875,0.07365003977099999,0.101600054864,0.14633007901820003,0.19050010287,2023-12-11
12-12,12,12,0.09400005076,0.06350003429000001,0.048300026082,0.025400013716,0.152400082296,0.16760009050400002,0.18800010152,0.19050010287,0.08380004525200001,0.073700039798,0.104100056214,0.08380004525200001,0.058400031536,0.088900048006,0.11940006447600002,0.043200023328,0.111800060372,0.08380004525200001,0.16260008780399998,0.086400046656,0.058400031536,0.06100003294,0.073700039798,0.14480007819200003,0.03300001782,0.076200041148,0.12450006723,0.106700057618,0.09140004935599999,0.053300028782,0.058400031536,0.03050001647,0.13210007133399998,0.048300026082,0.06600003564,0.068600037044,0.053300028782,0.050800027432,0.09400005076,0.012700006858,0.086400046656,0.08130004390199999,0.038100020574,0.03300001782,0.111800060372,0.06100003294,0.06100003294,0.043200023328,0.012700006858,0.0365700197478,0.053300028782,0.082981294809875,0.074950040473,0.104750056565,0.14708007942320006,0.19050010287,2023-12-12
12-13,12,13,0.09400005076,0.06350003429000001,0.050800027432,0.025400013716,0.152400082296,0.17270009325799998,0.198100106974,0.19050010287,0.08380004525200001,0.076200041148,0.106700057618,0.08380004525200001,0.058400031536,0.088900048006,0.11940006447600002,0.053300028782,0.114300061722,0.086400046656,0.165100089154,0.086400046656,0.058400031536,0.06100003294,0.076200041148,0.14480007819200003,0.03300001782,0.076200041148,0.12450006723,0.106700057618,0.09650005211,0.053300028782,0.06100003294,0.040600021923999995,0.13210007133399998,0.050800027432,0.06600003564,0.068600037044,0.053300028782,0.050800027432,0.09400005076,0.012700006858,0.088900048006,0.09910005351399999,0.040600021923999995,0.038100020574,0.116800063072,0.06100003294,0.06100003294,0.043200023328,0.012700006858,0.040600021923999995,0.053300028782,0.08498546255879168,0.076200041148,0.106700057618,0.14708007942320006,0.198100106974,2023-12-13
12-14,12,14,0.09400005076,0.06350003429000001,0.050800027432,0.027900015065999997,0.1600000864,0.177800096012,0.198100106974,0.19050010287,0.08380004525200001,0.076200041148,0.106700057618,0.086400046656,0.068600037044,0.088900048006,0.11940006447600002,0.053300028782,0.12450006723,0.088900048006,0.16760009050400002,0.086400046656,0.058400031536,0.06350003429000001,0.08130004390199999,0.147300079542,0.035600019223999996,0.08130004390199999,0.12450006723,0.106700057618,0.101600054864,0.053300028782,0.076200041148,0.078700042498,0.13210007133399998,0.050800027432,0.07110003839399999,0.073700039798,0.058400031536,0.053300028782,0.09400005076,0.017800009611999998,0.088900048006,0.104100056214,0.043200023328,0.038100020574,0.12950006993,0.06100003294,0.06350003429000001,0.043200023328,0.017800009611999998,0.043200023328,0.058400031536,0.0884250477495,0.08130004390199999,0.106700057618,0.15111008159940006,0.198100106974,2023-12-14
12-15,12,15,0.09400005076,0.06350003429000001,0.050800027432,0.03300001782,0.165100089154,0.18800010152,0.20070010837799998,0.19050010287,0.086400046656,0.076200041148,0.109200058968,0.086400046656,0.068600037044,0.088900048006,0.12190006582599998,0.058400031536,0.12450006723,0.088900048006,0.16760009050400002,0.088900048006,0.058400031536,0.06350003429000001,0.09140004935599999,0.147300079542,0.043200023328,0.08380004525200001,0.12450006723,0.106700057618,0.104100056214,0.053300028782,0.076200041148,0.08130004390199999,0.13210007133399998,0.050800027432,0.078700042498,0.073700039798,0.058400031536,0.058400031536,0.104100056214,0.017800009611999998,0.09140004935599999,0.12190006582599998,0.045700024677999995,0.050800027432,0.13210007133399998,0.06100003294,0.06350003429000001,0.043200023328,0.017800009611999998,0.0492700266058,0.058400031536,0.09101671581566667,0.085100045954,0.1123750606825,0.1526400824256001,0.20070010837799998,2023-12-15
12-16,12,16,0.09400005076,0.06350003429000001,0.050800027432,0.045700024677999995,0.16760009050400002,0.18800010152,0.20070010837799998,0.19050010287,0.086400046656,0.076200041148,0.109200058968,0.088900048006,0.068600037044,0.09140004935599999,0.12450006723,0.058400031536,0.12450006723,0.088900048006,0.170200091908,0.088900048006,0.058400031536,0.06350003429000001,0.104100056214,0.147300079542,0.043200023328,0.08380004525200001,0.12450006723,0.106700057618,0.109200058968,0.055900030186,0.076200041148,0.08130004390199999,0.13460007268399998,0.050800027432,0.086400046656,0.073700039798,0.06100003294,0.06350003429000001,0.101600054864,0.017800009611999998,0.09140004935599999,0.12190006582599998,0.045700024677999995,0.055900030186,0.13460007268399998,0.06100003294,0.06350003429000001,0.043200023328,0.017800009611999998,0.0492700266058,0.06100003294,0.09245004992299999,0.086400046656,0.1123750606825,0.1533900828306001,0.20070010837799998,2023-12-16
12-17,12,17,0.09400005076,0.06350003429000001,0.050800027432,0.048300026082,0.16760009050400002,0.19300010422,0.218400117936,0.19050010287,0.086400046656,0.076200041148,0.109200058968,0.09140004935599999,0.07110003839399999,0.09140004935599999,0.12450006723,0.058400031536,0.12450006723,0.088900048006,0.18540010011600003,0.088900048006,0.058400031536,0.06600003564,0.104100056214,0.149900080946,0.055900030186,0.08380004525200001,0.12450006723,0.106700057618,0.116800063072,0.055900030186,0.08130004390199999,0.08130004390199999,0.13460007268399998,0.050800027432,0.088900048006,0.073700039798,0.06100003294,0.068600037044,0.11940006447600002,0.017800009611999998,0.09140004935599999,0.12190006582599998,0.045700024677999995,0.06100003294,0.13460007268399998,0.06100003294,0.068600037044,0.043200023328,0.017800009611999998,0.050800027432,0.06100003294,0.0947750511785,0.087650047331,0.1200250648135,0.15521008381340007,0.218400117936,2023-12-17
12-18,12,18,0.109200058968,0.06350003429000001,0.055900030186,0.048300026082,0.16760009050400002,0.19300010422,0.218400117936,0.19050010287,0.086400046656,0.076200041148,0.109200058968,0.09910005351399999,0.073700039798,0.09140004935599999,0.13210007133399998,0.058400031536,0.12700006858000001,0.088900048006,0.18800010152,0.088900048006,0.058400031536,0.068600037044,0.106700057618,0.149900080946,0.058400031536,0.08380004525200001,0.12450006723,0.109200058968,0.12190006582599998,0.055900030186,0.08130004390199999,0.08130004390199999,0.137200074088,0.050800027432,0.101600054864,0.073700039798,0.06100003294,0.068600037044,0.11940006447600002,0.017800009611999998,0.09140004935599999,0.12450006723,0.048300026082,0.06100003294,0.13460007268399998,0.06100003294,0.068600037044,0.055900030186,0.017800009611999998,0.055900030186,0.06100003294,0.09668755221124999,0.087650047331,0.12255006617699998,0.15521008381340007,0.218400117936,2023-12-18
12-19,12,19,0.109200058968,0.06350003429000001,0.055900030186,0.048300026082,0.16760009050400002,0.195600105624,0.22100011934000002,0.19050010287,0.086400046656,0.076200041148,0.109200058968,0.09910005351399999,0.09140004935599999,0.09140004935599999,0.13460007268399998,0.058400031536,0.12950006993,0.088900048006,0.18800010152,0.088900048006,0.058400031536,0.07110003839399999,0.106700057618,0.149900080946,0.058400031536,0.08380004525200001,0.11940006447600002,0.116800063072,0.12190006582599998,0.058400031536,0.088900048006,0.08130004390199999,0.149900080946,0.050800027432,0.101600054864,0.076200041148,0.06100003294,0.068600037044,0.11940006447600002,0.017800009611999998,0.09140004935599999,0.12700006858000001,0.048300026082,0.06100003294,0.13460007268399998,0.06100003294,0.068600037044,0.055900030186,0.017800009611999998,0.055900030186,0.06100003294,0.09795213622745834,0.088900048006,0.1200250648135,0.15521008381340007,0.22100011934000002,2023-12-19
12-20,12,20,0.114300061722,0.06600003564,0.055900030186,0.048300026082,0.16760009050400002,0.195600105624,0.226100122094,0.19050010287,0.086400046656,0.078700042498,0.114300061722,0.09910005351399999,0.09400005076,0.09140004935599999,0.13460007268399998,0.058400031536,0.12950006993,0.088900048006,0.18800010152,0.088900048006,0.058400031536,0.07110003839399999,0.109200058968,0.149900080946,0.058400031536,0.086400046656,0.12450006723,0.12450006723,0.12190006582599998,0.06600003564,0.09650005211,0.08130004390199999,0.177800096012,0.050800027432,0.101600054864,0.09140004935599999,0.06100003294,0.07110003839399999,0.12700006858000001,0.017800009611999998,0.09400005076,0.12700006858000001,0.048300026082,0.06100003294,0.13460007268399998,0.06600003564,0.068600037044,0.06350003429000001,0.017800009611999998,0.057650031131,0.06600003564,0.10054380429362501,0.09140004935599999,0.1251250675675,0.17066009215640005,0.226100122094,2023-12-20
12-21,12,21,0.116800063072,0.06600003564,0.055900030186,0.058400031536,0.16760009050400002,0.203200109728,0.228600123444,0.19050010287,0.086400046656,0.078700042498,0.11940006447600002,0.09910005351399999,0.09400005076,0.09140004935599999,0.137200074088,0.058400031536,0.12950006993,0.088900048006,0.18800010152,0.088900048006,0.058400031536,0.076200041148,0.109200058968,0.149900080946,0.058400031536,0.088900048006,0.12450006723,0.12700006858000001,0.12190006582599998,0.08130004390199999,0.09910005351399999,0.08130004390199999,0.19300010422,0.050800027432,0.101600054864,0.09140004935599999,0.06350003429000001,0.073700039798,0.12700006858000001,0.020300010961999997,0.09400005076,0.12700006858000001,0.050800027432,0.06100003294,0.137200074088,0.068600037044,0.068600037044,0.06600003564,0.020300010961999997,0.058400031536,0.067950036693,0.10244797198854166,0.09140004935599999,0.12700006858000001,0.1737200938088001,0.228600123444,2023-12-21
12-22,12,22,0.116800063072,0.078700042498,0.055900030186,0.08380004525200001,0.170200091908,0.20570011107800001,0.23370012619799999,0.19050010287,0.086400046656,0.078700042498,0.137200074088,0.09910005351399999,0.09400005076,0.09400005076,0.137200074088,0.058400031536,0.12950006993,0.088900048006,0.19050010287,0.088900048006,0.058400031536,0.08130004390199999,0.109200058968,0.149900080946,0.058400031536,0.101600054864,0.12450006723,0.12950006993,0.12450006723,0.08130004390199999,0.101600054864,0.078700042498,0.20570011107800001,0.053300028782,0.106700057618,0.09650005211,0.076200041148,0.101600054864,0.12700006858000001,0.020300010961999997,0.09910005351399999,0.12700006858000001,0.053300028782,0.06100003294,0.14480007819200003,0.068600037044,0.068600037044,0.06600003564,0.020300010961999997,0.058400031536,0.0780750421605,0.10609797395954167,0.097800052812,0.1276250689175,0.17629009519660008,0.23370012619799999,2023-12-22
12-23,12,23,0.12700006858000001,0.078700042498,0.06100003294,0.086400046656,0.17270009325799998,0.208300112482,0.23370012619799999,0.19050010287,0.086400046656,0.101600054864,0.147300079542,0.09910005351399999,0.09400005076,0.09650005211,0.137200074088,0.06100003294,0.12950006993,0.088900048006,0.208300112482,0.088900048006,0.058400031536,0.08380004525200001,0.109200058968,0.149900080946,0.058400031536,0.101600054864,0.12450006723,0.12950006993,0.12700006858000001,0.08380004525200001,0.106700057618,0.08130004390199999,0.218400117936,0.053300028782,0.111800060372,0.109200058968,0.09140004935599999,0.11940006447600002,0.12700006858000001,0.020300010961999997,0.09910005351399999,0.12700006858000001,0.053300028782,0.06100003294,0.14480007819200003,0.068600037044,0.068600037044,0.06600003564,0.020300010961999997,0.060220032518799996,0.080650043551,0.109381309065875,0.100350054189,0.1276250689175,0.17804009614160007,0.23370012619799999,2023-12-23
12-24,12,24,0.12700006858000001,0.078700042498,0.06100003294,0.086400046656,0.18540010011600003,0.21080011383199998,0.23370012619799999,0.19050010287,0.086400046656,0.101600054864,0.149900080946,0.101600054864,0.09400005076,0.09650005211,0.137200074088,0.06100003294,0.13210007133399998,0.088900048006,0.218400117936,0.088900048006,0.058400031536,0.09400005076,0.109200058968,0.149900080946,0.058400031536,0.101600054864,0.12450006723,0.13970007543799998,0.12950006993,0.088900048006,0.111800060372,0.08130004390199999,0.218400117936,0.053300028782,0.116800063072,0.109200058968,0.09140004935599999,0.12950006993,0.12700006858000001,0.03050001647,0.101600054864,0.12950006993,0.053300028782,0.07110003839399999,0.147300079542,0.073700039798,0.068600037044,0.058400031536,0.03050001647,0.058400031536,0.080650043551,0.111600060264,0.101600054864,0.13015007028099998,0.18693010094220003,0.23370012619799999,2023-12-24
12-25,12,25,0.12700006858000001,0.078700042498,0.06100003294,0.086400046656,0.18800010152,0.231100124794,0.23370012619799999,0.19050010287,0.086400046656,0.101600054864,0.15750008505,0.101600054864,0.09910005351399999,0.09650005211,0.137200074088,0.06350003429000001,0.13460007268399998,0.088900048006,0.218400117936,0.088900048006,0.06600003564,0.09400005076,0.114300061722,0.149900080946,0.058400031536,0.104100056214,0.12450006723,0.13970007543799998,0.12950006993,0.09140004935599999,0.11940006447600002,0.08130004390199999,0.218400117936,0.053300028782,0.12700006858000001,0.109200058968,0.101600054864,0.12950006993,0.12950006993,0.035600019223999996,0.106700057618,0.13460007268399998,0.053300028782,0.08130004390199999,0.147300079542,0.073700039798,0.07110003839399999,0.050800027432,0.035600019223999996,0.060220032518799996,0.08130004390199999,0.1138750614925,0.10285005553900001,0.13460007268399998,0.188750101925,0.23370012619799999,2023-12-25
12-26,12,26,0.12700006858000001,0.078700042498,0.06100003294,0.09650005211,0.18800010152,0.236200127548,0.236200127548,0.19050010287,0.086400046656,0.101600054864,0.170200091908,0.101600054864,0.09910005351399999,0.09650005211,0.137200074088,0.06350003429000001,0.13460007268399998,0.088900048006,0.226100122094,0.088900048006,0.068600037044,0.09400005076,0.114300061722,0.149900080946,0.058400031536,0.11940006447600002,0.12450006723,0.13970007543799998,0.13210007133399998,0.09140004935599999,0.147300079542,0.08130004390199999,0.218400117936,0.053300028782,0.12700006858000001,0.114300061722,0.101600054864,0.13210007133399998,0.137200074088,0.040600021923999995,0.109200058968,0.13970007543799998,0.055900030186,0.08130004390199999,0.147300079542,0.073700039798,0.078700042498,0.043200023328,0.040600021923999995,0.060220032518799996,0.08130004390199999,0.11631464614320831,0.105400056916,0.1378250744255,0.188750101925,0.236200127548,2023-12-26
12-27,12,27,0.13210007133399998,0.078700042498,0.06100003294,0.11940006447600002,0.19050010287,0.246400133056,0.236200127548,0.19050010287,0.086400046656,0.101600054864,0.170200091908,0.101600054864,0.09910005351399999,0.09650005211,0.137200074088,0.06350003429000001,0.13460007268399998,0.088900048006,0.228600123444,0.088900048006,0.068600037044,0.09400005076,0.114300061722,0.152400082296,0.06100003294,0.12190006582599998,0.12450006723,0.14480007819200003,0.13210007133399998,0.09400005076,0.152400082296,0.08130004390199999,0.218400117936,0.053300028782,0.12950006993,0.114300061722,0.101600054864,0.13210007133399998,0.137200074088,0.040600021923999995,0.109200058968,0.13970007543799998,0.058400031536,0.09400005076,0.147300079542,0.073700039798,0.086400046656,0.045700024677999995,0.040600021923999995,0.06100003294,0.086400046656,0.11822089717258333,0.111750060345,0.1378250744255,0.19050010287,0.246400133056,2023-12-27
12-28,12,28,0.137200074088,0.078700042498,0.06350003429000001,0.12700006858000001,0.19050010287,0.25150013581,0.24380013165199996,0.19050010287,0.086400046656,0.101600054864,0.170200091908,0.104100056214,0.09910005351399999,0.09650005211,0.137200074088,0.06350003429000001,0.13460007268399998,0.088900048006,0.236200127548,0.088900048006,0.076200041148,0.09400005076,0.114300061722,0.152400082296,0.06600003564,0.12190006582599998,0.12450006723,0.14480007819200003,0.137200074088,0.09400005076,0.154900083646,0.08130004390199999,0.218400117936,0.053300028782,0.12950006993,0.114300061722,0.101600054864,0.13210007133399998,0.13970007543799998,0.040600021923999995,0.114300061722,0.13970007543799998,0.058400031536,0.101600054864,0.177800096012,0.073700039798,0.09910005351399999,0.053300028782,0.040600021923999995,0.06350003429000001,0.0882750476685,0.12080839856983334,0.114300061722,0.13970007543799998,0.19050010287,0.25150013581,2023-12-28
12-29,12,29,0.137200074088,0.08130004390199999,0.06350003429000001,0.13210007133399998,0.19050010287,0.25400013716000003,0.25150013581,0.19050010287,0.086400046656,0.101600054864,0.170200091908,0.104100056214,0.101600054864,0.09650005211,0.14220007678799998,0.06600003564,0.13460007268399998,0.088900048006,0.23880012895200003,0.09400005076,0.076200041148,0.09400005076,0.114300061722,0.152400082296,0.068600037044,0.12190006582599998,0.12950006993,0.147300079542,0.137200074088,0.09650005211,0.154900083646,0.08130004390199999,0.218400117936,0.053300028782,0.12950006993,0.114300061722,0.109200058968,0.13460007268399998,0.13970007543799998,0.040600021923999995,0.114300061722,0.13970007543799998,0.058400031536,0.104100056214,0.195600105624,0.073700039798,0.111800060372,0.053300028782,0.040600021923999995,0.065250035235,0.0882750476685,0.12271048293029167,0.114300061722,0.14032507577549996,0.19203010369620002,0.25400013716000003,2023-12-29
12-30,12,30,0.14480007819200003,0.08130004390199999,0.06350003429000001,0.147300079542,0.19050010287,0.25400013716000003,0.25650013851000003,0.19050010287,0.086400046656,0.106700057618,0.17270009325799998,0.104100056214,0.111800060372,0.09650005211,0.165100089154,0.06600003564,0.13460007268399998,0.088900048006,0.23880012895200003,0.09400005076,0.076200041148,0.09400005076,0.114300061722,0.154900083646,0.07110003839399999,0.13460007268399998,0.147300079542,0.152400082296,0.137200074088,0.101600054864,0.154900083646,0.08380004525200001,0.261600141264,0.058400031536,0.12950006993,0.114300061722,0.109200058968,0.13460007268399998,0.13970007543799998,0.040600021923999995,0.114300061722,0.14220007678799998,0.058400031536,0.104100056214,0.195600105624,0.073700039798,0.12190006582599998,0.043200023328,0.040600021923999995,0.065250035235,0.0882750476685,0.126200068148,0.114300061722,0.1485750802305,0.19203010369620002,0.261600141264,2023-12-30
12-31,12,31,0.14480007819200003,0.08130004390199999,0.06350003429000001,0.16260008780399998,0.19050010287,0.259100139914,0.25650013851000003,0.19300010422,0.086400046656,0.106700057618,0.17270009325799998,0.104100056214,0.111800060372,0.09650005211,0.18030009736199998,0.06600003564,0.13210007133399998,0.09910005351399999,0.241300130302,0.09650005211,0.076200041148,0.09400005076,0.114300061722,0.154900083646,0.073700039798,0.13970007543799998,0.149900080946,0.165100089154,0.137200074088,0.111800060372,0.154900083646,0.086400046656,0.261600141264,0.058400031536,0.12950006993,0.114300061722,0.109200058968,0.13460007268399998,0.13970007543799998,0.040600021923999995,0.114300061722,0.147300079542,0.058400031536,0.12450006723,0.208300112482,0.073700039798,0.12190006582599998,0.043200023328,0.040600021923999995,0.065250035235,0.09210004973399999,0.128800069552,0.11810006377399998,0.154900083646,0.19759010669860005,0.261600141264,2023-12-31
01-01,1,1,0.14480007819200003,0.08130004390199999,0.06600003564,0.175300094662,0.19050010287,0.259100139914,0.261600141264,0.195600105624,0.086400046656,0.106700057618,0.175300094662,0.104100056214,0.111800060372,0.09650005211,0.18290009876600002,0.06600003564,0.12700006858000001,0.116800063072,0.241300130302,0.09650005211,0.08130004390199999,0.09400005076,0.114300061722,0.154900083646,0.078700042498,0.14220007678799998,0.16260008780399998,0.18800010152,0.137200074088,0.111800060372,0.154900083646,0.088900048006,0.261600141264,0.058400031536,0.12950006993,0.116800063072,0.109200058968,0.13460007268399998,0.13970007543799998,0.040600021923999995,0.114300061722,0.149900080946,0.06100003294,0.12700006858000001,0.215900116586,0.07110003839399999,0.12190006582599998,0.043200023328,0.040600021923999995,0.06600003564,0.0927250500715,0.13102090408458333,0.11935006444899998,0.1568250846855,0.20169010891260009,0.261600141264,2023-01-01
01-02,1,2,0.14480007819200003,0.08130004390199999,0.06600003564,0.18800010152,0.19050010287,0.259100139914,0.261600141264,0.198100106974,0.106700057618,0.106700057618,0.175300094662,0.106700057618,0.111800060372,0.09650005211,0.18540010011600003,0.07110003839399999,0.116800063072,0.12450006723,0.241300130302,0.09910005351399999,0.08130004390199999,0.09400005076,0.114300061722,0.154900083646,0.078700042498,0.147300079542,0.16260008780399998,0.18800010152,0.137200074088,0.114300061722,0.154900083646,0.09140004935599999,0.261600141264,0.058400031536,0.12950006993,0.11940006447600002,0.111800060372,0.13460007268399998,0.14220007678799998,0.040600021923999995,0.114300061722,0.16260008780399998,0.06100003294,0.12700006858000001,0.226100122094,0.07110003839399999,0.12700006858000001,0.050800027432,0.040600021923999995,0.06957003756779999,0.0958750517725,0.13308757186724998,0.121950065853,0.16260008780399998,0.2065001115100001,0.261600141264,2023-01-02
01-03,1,3,0.147300079542,0.08130004390199999,0.06600003564,0.19300010422,0.19050010287,0.259100139914,0.261600141264,0.198100106974,0.109200058968,0.106700057618,0.177800096012,0.111800060372,0.116800063072,0.09910005351399999,0.198100106974,0.07110003839399999,0.116800063072,0.12700006858000001,0.246400133056,0.09910005351399999,0.08130004390199999,0.09650005211,0.114300061722,0.154900083646,0.08380004525200001,0.147300079542,0.16260008780399998,0.20070010837799998,0.137200074088,0.114300061722,0.16260008780399998,0.09140004935599999,0.261600141264,0.058400031536,0.12950006993,0.11940006447600002,0.111800060372,0.13460007268399998,0.15750008505,0.040600021923999995,0.116800063072,0.16260008780399998,0.06100003294,0.13210007133399998,0.231100124794,0.07110003839399999,0.137200074088,0.053300028782,0.040600021923999995,0.06957003756779999,0.09845005316299998,0.13546465648420833,0.12320006652800002,0.16260008780399998,0.20982011330280012,0.261600141264,2023-01-03
01-04,1,4,0.147300079542,0.09140004935599999,0.06600003564,0.198100106974,0.19050010287,0.259100139914,0.261600141264,0.20070010837799998,0.109200058968,0.106700057618,0.177800096012,0.111800060372,0.116800063072,0.09910005351399999,0.198100106974,0.07110003839399999,0.114300061722,0.12700006858000001,0.26670014401799996,0.101600054864,0.08130004390199999,0.09910005351399999,0.114300061722,0.154900083646,0.08380004525200001,0.147300079542,0.16260008780399998,0.208300112482,0.13970007543799998,0.116800063072,0.16260008780399998,0.09140004935599999,0.261600141264,0.058400031536,0.12950006993,0.12450006723,0.111800060372,0.13460007268399998,0.165100089154,0.040600021923999995,0.11940006447600002,0.16260008780399998,0.06100003294,0.13460007268399998,0.231100124794,0.07110003839399999,0.13970007543799998,0.055900030186,0.040600021923999995,0.06957003756779999,0.09910005351399999,0.13705215734145834,0.125750067905,0.1632250881415,0.2151401161756001,0.26670014401799996,2023-01-04
01-05,1,5,0.147300079542,0.09140004935599999,0.07110003839399999,0.213400115236,0.19050010287,0.259100139914,0.261600141264,0.20070010837799998,0.116800063072,0.111800060372,0.18540010011600003,0.116800063072,0.116800063072,0.09910005351399999,0.198100106974,0.076200041148,0.116800063072,0.12950006993,0.26670014401799996,0.114300061722,0.08130004390199999,0.109200058968,0.114300061722,0.154900083646,0.086400046656,0.147300079542,0.16260008780399998,0.208300112482,0.15750008505,0.11940006447600002,0.16260008780399998,0.09400005076,0.261600141264,0.058400031536,0.12950006993,0.12450006723,0.114300061722,0.137200074088,0.195600105624,0.040600021923999995,0.12190006582599998,0.16260008780399998,0.06100003294,0.13970007543799998,0.231100124794,0.073700039798,0.14480007819200003,0.06350003429000001,0.040600021923999995,0.0729200393768,0.1066750576045,0.14044174250516667,0.12700006858,0.168300090882,0.21871011810340008,0.26670014401799996,2023-01-05
01-06,1,6,0.147300079542,0.09140004935599999,0.07110003839399999,0.228600123444,0.19050010287,0.259100139914,0.261600141264,0.208300112482,0.12190006582599998,0.12190006582599998,0.18800010152,0.116800063072,0.116800063072,0.101600054864,0.198100106974,0.088900048006,0.12700006858000001,0.12950006993,0.26670014401799996,0.116800063072,0.08130004390199999,0.109200058968,0.114300061722,0.15750008505,0.086400046656,0.147300079542,0.170200091908,0.213400115236,0.15750008505,0.13970007543799998,0.170200091908,0.09400005076,0.261600141264,0.058400031536,0.12950006993,0.12450006723,0.116800063072,0.14220007678799998,0.195600105624,0.040600021923999995,0.12190006582599998,0.16260008780399998,0.06350003429000001,0.1600000864,0.236200127548,0.076200041148,0.14480007819200003,0.073700039798,0.040600021923999995,0.07545004074299999,0.10730005794200001,0.14377091096958333,0.12950006993,0.174650094311,0.23088012467520003,0.26670014401799996,2023-01-06
01-07,1,7,0.147300079542,0.09140004935599999,0.076200041148,0.228600123444,0.19050010287,0.259100139914,0.261600141264,0.218400117936,0.12190006582599998,0.12450006723,0.20570011107800001,0.11940006447600002,0.116800063072,0.106700057618,0.20570011107800001,0.09650005211,0.13970007543799998,0.13210007133399998,0.26920014536799997,0.11940006447600002,0.08130004390199999,0.109200058968,0.114300061722,0.16260008780399998,0.086400046656,0.154900083646,0.16260008780399998,0.215900116586,0.15750008505,0.1600000864,0.18540010011600003,0.09400005076,0.261600141264,0.058400031536,0.12950006993,0.12450006723,0.12190006582599998,0.14480007819200003,0.195600105624,0.045700024677999995,0.12950006993,0.165100089154,0.06350003429000001,0.16760009050400002,0.24380013165199996,0.078700042498,0.14480007819200003,0.073700039798,0.045700024677999995,0.077950042093,0.1085750586305,0.14715632946437499,0.13590007338599996,0.1866751008045,0.23316012590640003,0.26920014536799997,2023-01-07
01-08,1,8,0.147300079542,0.09400005076,0.08380004525200001,0.228600123444,0.19300010422,0.259100139914,0.26420014266799996,0.22100011934000002,0.12700006858000001,0.12450006723,0.208300112482,0.12190006582599998,0.12450006723,0.106700057618,0.215900116586,0.09650005211,0.147300079542,0.13210007133399998,0.276900149526,0.12190006582599998,0.08130004390199999,0.111800060372,0.114300061722,0.16260008780399998,0.088900048006,0.154900083646,0.175300094662,0.215900116586,0.15750008505,0.16260008780399998,0.18540010011600003,0.09400005076,0.261600141264,0.06100003294,0.12950006993,0.12700006858000001,0.12190006582599998,0.149900080946,0.20070010837799998,0.045700024677999995,0.14220007678799998,0.165100089154,0.06350003429000001,0.17270009325799998,0.24380013165199996,0.088900048006,0.14480007819200003,0.078700042498,0.045700024677999995,0.083050044847,0.1105250596835,0.14991674762166665,0.14350007749,0.18730010114200002,0.23316012590640003,0.276900149526,2023-01-08
01-09,1,9,0.147300079542,0.104100056214,0.088900048006,0.228600123444,0.20070010837799998,0.259100139914,0.26920014536799997,0.22100011934000002,0.12700006858000001,0.12700006858000001,0.208300112482,0.13210007133399998,0.12450006723,0.106700057618,0.218400117936,0.09910005351399999,0.152400082296,0.13210007133399998,0.27940015087599995,0.12190006582599998,0.08130004390199999,0.12190006582599998,0.116800063072,0.16260008780399998,0.088900048006,0.154900083646,0.198100106974,0.218400117936,0.15750008505,0.17270009325799998,0.195600105624,0.09400005076,0.261600141264,0.06100003294,0.12950006993,0.13210007133399998,0.12450006723,0.149900080946,0.208300112482,0.045700024677999995,0.14220007678799998,0.16760009050400002,0.06350003429000001,0.17270009325799998,0.24380013165199996,0.088900048006,0.14480007819200003,0.08130004390199999,0.045700024677999995,0.0866200467748,0.11427506170849999,0.15266466577220833,0.14350007749,0.19875010732499998,0.23316012590640003,0.27940015087599995,2023-01-09
01-10,1,10,0.147300079542,0.12700006858000001,0.088900048006,0.231100124794,0.20070010837799998,0.259100139914,0.271800146772,0.22100011934000002,0.12700006858000001,0.12950006993,0.218400117936,0.13210007133399998,0.12450006723,0.106700057618,0.24380013165199996,0.106700057618,0.154900083646,0.13210007133399998,0.28190015222599996,0.12450006723,0.08130004390199999,0.12700006858000001,0.116800063072,0.16260008780399998,0.09140004935599999,0.154900083646,0.22350012068999997,0.218400117936,0.1600000864,0.177800096012,0.195600105624,0.09400005076,0.26420014266799996,0.06100003294,0.12950006993,0.14220007678799998,0.12450006723,0.149900080946,0.231100124794,0.053300028782,0.14220007678799998,0.170200091908,0.06350003429000001,0.17270009325799998,0.25400013716000003,0.101600054864,0.14480007819200003,0.08130004390199999,0.053300028782,0.0866200467748,0.1225750661905,0.156631334580875,0.14350007749,0.20512511076749998,0.24686013330440001,0.28190015222599996,2023-01-10
01-11,1,11,0.170200091908,0.14480007819200003,0.088900048006,0.231100124794,0.20070010837799998,0.261600141264,0.274300148122,0.22100011934000002,0.12700006858000001,0.12950006993,0.231100124794,0.13210007133399998,0.12450006723,0.106700057618,0.26670014401799996,0.106700057618,0.154900083646,0.13210007133399998,0.28450015363,0.12950006993,0.08130004390199999,0.147300079542,0.116800063072,0.16260008780399998,0.09400005076,0.154900083646,0.24380013165199996,0.22100011934000002,0.1600000864,0.18290009876600002,0.195600105624,0.09400005076,0.26420014266799996,0.06100003294,0.13970007543799998,0.149900080946,0.12700006858000001,0.147300079542,0.248900134406,0.058400031536,0.14220007678799998,0.170200091908,0.06350003429000001,0.17270009325799998,0.27940015087599995,0.114300061722,0.14480007819200003,0.08130004390199999,0.058400031536,0.0866200467748,0.1225750661905,0.16118550370679166,0.147300079542,0.2057751111185,0.2623801416852,0.28450015363,2023-01-11
01-12,1,12,0.18030009736199998,0.149900080946,0.088900048006,0.231100124794,0.20070010837799998,0.261600141264,0.274300148122,0.22100011934000002,0.12700006858000001,0.147300079542,0.231100124794,0.13210007133399998,0.12450006723,0.106700057618,0.276900149526,0.106700057618,0.165100089154,0.13210007133399998,0.292100157734,0.147300079542,0.08130004390199999,0.15750008505,0.12450006723,0.16260008780399998,0.09400005076,0.154900083646,0.271800146772,0.228600123444,0.165100089154,0.19300010422,0.195600105624,0.09400005076,0.26420014266799996,0.06100003294,0.13970007543799998,0.152400082296,0.12700006858000001,0.147300079542,0.271800146772,0.06350003429000001,0.14220007678799998,0.18030009736199998,0.06350003429000001,0.17270009325799998,0.28960015638400005,0.114300061722,0.149900080946,0.08130004390199999,0.06100003294,0.0866200467748,0.12450006723,0.16542300599504167,0.151150081621,0.2057751111185,0.271800146772,0.292100157734,2023-01-12
01-13,1,13,0.19050010287,0.17270009325799998,0.088900048006,0.23370012619799999,0.20070010837799998,0.26420014266799996,0.274300148122,0.22100011934000002,0.12700006858000001,0.147300079542,0.231100124794,0.13460007268399998,0.12700006858000001,0.106700057618,0.276900149526,0.109200058968,0.16760009050400002,0.13210007133399998,0.299700161838,0.152400082296,0.08130004390199999,0.15750008505,0.12450006723,0.16260008780399998,0.09400005076,0.154900083646,0.271800146772,0.231100124794,0.16760009050400002,0.19300010422,0.198100106974,0.09400005076,0.26420014266799996,0.06100003294,0.13970007543799998,0.16260008780399998,0.149900080946,0.147300079542,0.271800146772,0.06350003429000001,0.14220007678799998,0.18540010011600003,0.06600003564,0.17270009325799998,0.28960015638400005,0.137200074088,0.149900080946,0.08130004390199999,0.06100003294,0.0866200467748,0.12700006858000001,0.1681730074800417,0.15620008434799998,0.2057751111185,0.271800146772,0.299700161838,2023-01-13
01-14,1,14,0.19050010287,0.18540010011600003,0.088900048006,0.23370012619799999,0.20070010837799998,0.26420014266799996,0.274300148122,0.22100011934000002,0.12700006858000001,0.147300079542,0.231100124794,0.14220007678799998,0.12950006993,0.111800060372,0.276900149526,0.109200058968,0.175300094662,0.13210007133399998,0.304800164592,0.16760009050400002,0.08130004390199999,0.1600000864,0.12450006723,0.16260008780399998,0.09650005211,0.154900083646,0.274300148122,0.231100124794,0.16760009050400002,0.195600105624,0.198100106974,0.09400005076,0.26420014266799996,0.06100003294,0.13970007543799998,0.165100089154,0.152400082296,0.149900080946,0.271800146772,0.06350003429000001,0.14220007678799998,0.19300010422,0.06600003564,0.17270009325799998,0.28960015638400005,0.14480007819200003,0.149900080946,0.08130004390199999,0.06100003294,0.0866200467748,0.1288750695925,0.17002300847904164,0.161300087102,0.2057751111185,0.272550147177,0.304800164592,2023-01-14
01-15,1,15,0.19050010287,0.18800010152,0.09140004935599999,0.23880012895200003,0.20070010837799998,0.26420014266799996,0.274300148122,0.22100011934000002,0.12700006858000001,0.147300079542,0.231100124794,0.154900083646,0.13210007133399998,0.116800063072,0.27940015087599995,0.109200058968,0.177800096012,0.13210007133399998,0.309900167346,0.170200091908,0.08380004525200001,0.1600000864,0.12450006723,0.16260008780399998,0.09650005211,0.154900083646,0.27940015087599995,0.231100124794,0.16760009050400002,0.195600105624,0.20070010837799998,0.09400005076,0.26420014266799996,0.06100003294,0.13970007543799998,0.165100089154,0.152400082296,0.149900080946,0.271800146772,0.06350003429000001,0.14220007678799998,0.195600105624,0.06600003564,0.17270009325799998,0.28960015638400005,0.165100089154,0.149900080946,0.08130004390199999,0.06100003294,0.0891200481248,0.13082507064549997,0.17161259267075,0.163850088479,0.2057751111185,0.272550147177,0.309900167346,2023-01-15
01-16,1,16,0.203200109728,0.19300010422,0.09140004935599999,0.241300130302,0.20070010837799998,0.26420014266799996,0.274300148122,0.22350012068999997,0.12700006858000001,0.152400082296,0.231100124794,0.15750008505,0.154900083646,0.116800063072,0.28190015222599996,0.109200058968,0.21080011383199998,0.13210007133399998,0.309900167346,0.19050010287,0.08380004525200001,0.1600000864,0.12450006723,0.16260008780399998,0.09650005211,0.154900083646,0.28190015222599996,0.236200127548,0.16760009050400002,0.195600105624,0.20070010837799998,0.09400005076,0.26670014401799996,0.06100003294,0.13970007543799998,0.165100089154,0.154900083646,0.15750008505,0.271800146772,0.06350003429000001,0.147300079542,0.198100106974,0.06600003564,0.17270009325799998,0.294600159084,0.165100089154,0.149900080946,0.08130004390199999,0.06100003294,0.0891200481248,0.13082507064549997,0.17456676093266665,0.163850088479,0.21397511554649998,0.272550147177,0.309900167346,2023-01-16
01-17,1,17,0.203200109728,0.198100106974,0.09140004935599999,0.24380013165199996,0.20070010837799998,0.26420014266799996,0.274300148122,0.22350012068999997,0.12700006858000001,0.16260008780399998,0.231100124794,0.1600000864,0.152400082296,0.116800063072,0.294600159084,0.109200058968,0.22100011934000002,0.152400082296,0.312400168696,0.195600105624,0.09140004935599999,0.1600000864,0.12450006723,0.16260008780399998,0.09650005211,0.154900083646,0.28450015363,0.236200127548,0.16760009050400002,0.195600105624,0.20070010837799998,0.09400005076,0.28190015222599996,0.06600003564,0.13970007543799998,0.165100089154,0.15750008505,0.16260008780399998,0.271800146772,0.06350003429000001,0.152400082296,0.20070010837799998,0.06600003564,0.17270009325799998,0.297200160488,0.165100089154,0.149900080946,0.08130004390199999,0.06350003429000001,0.09140004935599999,0.13652507372349998,0.17700426224891666,0.163850088479,0.2216251196775,0.2765801493532,0.312400168696,2023-01-17
01-18,1,18,0.208300112482,0.203200109728,0.09140004935599999,0.246400133056,0.20070010837799998,0.26420014266799996,0.274300148122,0.23370012619799999,0.12700006858000001,0.16260008780399998,0.231100124794,0.1600000864,0.154900083646,0.116800063072,0.294600159084,0.109200058968,0.231100124794,0.165100089154,0.312400168696,0.208300112482,0.104100056214,0.1600000864,0.12450006723,0.16260008780399998,0.09650005211,0.154900083646,0.28450015363,0.246400133056,0.16760009050400002,0.203200109728,0.20070010837799998,0.09400005076,0.28190015222599996,0.06600003564,0.13970007543799998,0.16760009050400002,0.15750008505,0.16260008780399998,0.271800146772,0.06350003429000001,0.18030009736199998,0.21080011383199998,0.06600003564,0.17270009325799998,0.297200160488,0.18800010152,0.152400082296,0.08130004390199999,0.06350003429000001,0.0932200503388,0.13652507372349998,0.18028343068633332,0.16760009050400002,0.231100124794,0.2765801493532,0.312400168696,2023-01-18
01-19,1,19,0.208300112482,0.203200109728,0.09140004935599999,0.248900134406,0.20070010837799998,0.26420014266799996,0.274300148122,0.23370012619799999,0.137200074088,0.16260008780399998,0.231100124794,0.1600000864,0.15750008505,0.116800063072,0.297200160488,0.109200058968,0.236200127548,0.17270009325799998,0.3150001701,0.21080011383199998,0.12700006858000001,0.16260008780399998,0.12700006858000001,0.16260008780399998,0.09650005211,0.154900083646,0.28450015363,0.25150013581,0.16760009050400002,0.203200109728,0.20070010837799998,0.09910005351399999,0.28190015222599996,0.08130004390199999,0.13970007543799998,0.16760009050400002,0.15750008505,0.170200091908,0.271800146772,0.06350003429000001,0.18800010152,0.21080011383199998,0.06600003564,0.17270009325799998,0.297200160488,0.18800010152,0.152400082296,0.08130004390199999,0.06350003429000001,0.0949700512838,0.1390750751005,0.18246051519529163,0.17145009258299998,0.23175012514499999,0.2765801493532,0.3150001701,2023-01-19
01-20,1,20,0.208300112482,0.203200109728,0.09140004935599999,0.259100139914,0.21080011383199998,0.26420014266799996,0.276900149526,0.236200127548,0.13970007543799998,0.16260008780399998,0.231100124794,0.16260008780399998,0.15750008505,0.11940006447600002,0.297200160488,0.109200058968,0.236200127548,0.20070010837799998,0.31750017145000003,0.226100122094,0.12700006858000001,0.16260008780399998,0.12700006858000001,0.16260008780399998,0.09650005211,0.154900083646,0.28450015363,0.25150013581,0.16760009050400002,0.20570011107800001,0.20070010837799998,0.104100056214,0.299700161838,0.086400046656,0.13970007543799998,0.16760009050400002,0.15750008505,0.17270009325799998,0.27940015087599995,0.068600037044,0.19050010287,0.21080011383199998,0.06600003564,0.17270009325799998,0.297200160488,0.18800010152,0.152400082296,0.08130004390199999,0.06600003564,0.0949700512838,0.13970007543799998,0.185106349957375,0.17270009325799998,0.2323751254825,0.2809301517022,0.31750017145000003,2023-01-20
01-21,1,21,0.208300112482,0.20570011107800001,0.09140004935599999,0.274300148122,0.21080011383199998,0.26420014266799996,0.28190015222599996,0.23880012895200003,0.13970007543799998,0.16260008780399998,0.231100124794,0.16260008780399998,0.15750008505,0.11940006447600002,0.299700161838,0.109200058968,0.236200127548,0.203200109728,0.31750017145000003,0.231100124794,0.137200074088,0.16260008780399998,0.12700006858000001,0.165100089154,0.09650005211,0.154900083646,0.28450015363,0.25150013581,0.170200091908,0.208300112482,0.198100106974,0.106700057618,0.299700161838,0.088900048006,0.13970007543799998,0.16760009050400002,0.15750008505,0.177800096012,0.27940015087599995,0.078700042498,0.19050010287,0.213400115236,0.06600003564,0.177800096012,0.297200160488,0.18800010152,0.152400082296,0.08130004390199999,0.06600003564,0.0949700512838,0.13970007543799998,0.18674385084162504,0.177800096012,0.2323751254825,0.2826801526472,0.31750017145000003,2023-01-21
01-22,1,22,0.213400115236,0.208300112482,0.09140004935599999,0.292100157734,0.21080011383199998,0.26420014266799996,0.292100157734,0.23880012895200003,0.13970007543799998,0.16260008780399998,0.231100124794,0.165100089154,0.15750008505,0.11940006447600002,0.302300163242,0.111800060372,0.236200127548,0.213400115236,0.32510017555399995,0.231100124794,0.14480007819200003,0.17270009325799998,0.13460007268399998,0.17270009325799998,0.09650005211,0.154900083646,0.28450015363,0.25150013581,0.170200091908,0.208300112482,0.198100106974,0.109200058968,0.299700161838,0.11940006447600002,0.13970007543799998,0.16760009050400002,0.15750008505,0.18030009736199998,0.28700015498,0.078700042498,0.203200109728,0.218400117936,0.06600003564,0.177800096012,0.297200160488,0.195600105624,0.154900083646,0.08130004390199999,0.06600003564,0.10539005691060001,0.14352507750350002,0.19018135269787498,0.179050096687,0.2323751254825,0.292100157734,0.32510017555399995,2023-01-22
01-23,1,23,0.213400115236,0.213400115236,0.09140004935599999,0.292100157734,0.215900116586,0.26420014266799996,0.294600159084,0.23880012895200003,0.13970007543799998,0.16260008780399998,0.231100124794,0.165100089154,0.1600000864,0.11940006447600002,0.312400168696,0.111800060372,0.236200127548,0.213400115236,0.330200178308,0.23370012619799999,0.147300079542,0.18030009736199998,0.13460007268399998,0.17270009325799998,0.09650005211,0.154900083646,0.28450015363,0.25150013581,0.170200091908,0.208300112482,0.203200109728,0.11940006447600002,0.304800164592,0.11940006447600002,0.13970007543799998,0.16760009050400002,0.15750008505,0.18030009736199998,0.294600159084,0.078700042498,0.203200109728,0.22100011934000002,0.073700039798,0.177800096012,0.297200160488,0.195600105624,0.154900083646,0.08130004390199999,0.073700039798,0.1072100578934,0.145400078516,0.19187718694695835,0.18030009736199998,0.23432512653549997,0.294600159084,0.330200178308,2023-01-23
01-24,1,24,0.215900116586,0.22100011934000002,0.09140004935599999,0.292100157734,0.215900116586,0.26420014266799996,0.297200160488,0.241300130302,0.13970007543799998,0.16260008780399998,0.231100124794,0.17270009325799998,0.1600000864,0.11940006447600002,0.312400168696,0.111800060372,0.241300130302,0.215900116586,0.335300181062,0.23370012619799999,0.152400082296,0.18290009876600002,0.13460007268399998,0.17270009325799998,0.101600054864,0.154900083646,0.28450015363,0.25400013716000003,0.170200091908,0.208300112482,0.215900116586,0.12450006723,0.304800164592,0.12450006723,0.13970007543799998,0.16760009050400002,0.15750008505,0.18800010152,0.322600174204,0.078700042498,0.20570011107800001,0.22100011934000002,0.078700042498,0.177800096012,0.299700161838,0.195600105624,0.154900083646,0.08380004525200001,0.078700042498,0.1087400587196,0.1492250805815,0.19441677165166663,0.185450100143,0.23560012722399998,0.297950160893,0.335300181062,2023-01-24
01-25,1,25,0.215900116586,0.22350012068999997,0.09400005076,0.297200160488,0.226100122094,0.26420014266799996,0.304800164592,0.24380013165199996,0.13970007543799998,0.16760009050400002,0.231100124794,0.17270009325799998,0.1600000864,0.11940006447600002,0.3150001701,0.111800060372,0.241300130302,0.236200127548,0.335300181062,0.23370012619799999,0.16260008780399998,0.18540010011600003,0.137200074088,0.17270009325799998,0.101600054864,0.154900083646,0.28450015363,0.25650013851000003,0.170200091908,0.215900116586,0.23880012895200003,0.12450006723,0.304800164592,0.12450006723,0.14220007678799998,0.16760009050400002,0.1600000864,0.198100106974,0.32510017555399995,0.078700042498,0.20570011107800001,0.226100122094,0.078700042498,0.177800096012,0.304800164592,0.195600105624,0.15750008505,0.08380004525200001,0.078700042498,0.1087400587196,0.1517250819315,0.19727302319404164,0.19050010287000002,0.23942512928950002,0.304800164592,0.335300181062,2023-01-25
01-26,1,26,0.215900116586,0.22350012068999997,0.09400005076,0.297200160488,0.231100124794,0.26420014266799996,0.304800164592,0.24380013165199996,0.13970007543799998,0.16760009050400002,0.231100124794,0.17270009325799998,0.1600000864,0.11940006447600002,0.3150001701,0.111800060372,0.24380013165199996,0.248900134406,0.368300198882,0.23370012619799999,0.16260008780399998,0.19050010287,0.137200074088,0.175300094662,0.101600054864,0.154900083646,0.28450015363,0.259100139914,0.170200091908,0.218400117936,0.261600141264,0.12700006858000001,0.304800164592,0.12450006723,0.14220007678799998,0.16760009050400002,0.1600000864,0.198100106974,0.32770017695799997,0.086400046656,0.20570011107800001,0.226100122094,0.078700042498,0.177800096012,0.304800164592,0.203200109728,0.1600000864,0.08380004525200001,0.078700042498,0.1087400587196,0.1517250819315,0.19960010778400003,0.194300104922,0.24507513234049996,0.304800164592,0.368300198882,2023-01-26
01-27,1,27,0.218400117936,0.22350012068999997,0.09400005076,0.309900167346,0.23880012895200003,0.26420014266799996,0.304800164592,0.24380013165199996,0.13970007543799998,0.16760009050400002,0.231100124794,0.175300094662,0.1600000864,0.11940006447600002,0.3150001701,0.114300061722,0.248900134406,0.248900134406,0.375900202986,0.23370012619799999,0.170200091908,0.19050010287,0.137200074088,0.177800096012,0.101600054864,0.154900083646,0.28450015363,0.261600141264,0.170200091908,0.218400117936,0.26420014266799996,0.13210007133399998,0.30730016594200005,0.13210007133399998,0.14480007819200003,0.16760009050400002,0.1600000864,0.198100106974,0.32770017695799997,0.086400046656,0.20570011107800001,0.231100124794,0.078700042498,0.177800096012,0.30730016594200005,0.203200109728,0.1600000864,0.09140004935599999,0.078700042498,0.1104900596646,0.15237508228250002,0.201450108783,0.194300104922,0.248900134406,0.30730016594200005,0.375900202986,2023-01-27
01-28,1,28,0.218400117936,0.22350012068999997,0.09650005211,0.3150001701,0.23880012895200003,0.26920014536799997,0.304800164592,0.24380013165199996,0.13970007543799998,0.16760009050400002,0.22350012068999997,0.175300094662,0.1600000864,0.11940006447600002,0.3150001701,0.116800063072,0.248900134406,0.259100139914,0.37850020439,0.23370012619799999,0.17270009325799998,0.19050010287,0.137200074088,0.18800010152,0.109200058968,0.154900083646,0.28700015498,0.26420014266799996,0.170200091908,0.226100122094,0.26670014401799996,0.13210007133399998,0.30730016594200005,0.13210007133399998,0.15750008505,0.16760009050400002,0.165100089154,0.198100106974,0.32770017695799997,0.088900048006,0.20570011107800001,0.23880012895200003,0.078700042498,0.177800096012,0.3150001701,0.203200109728,0.1600000864,0.09140004935599999,0.078700042498,0.1145200618408,0.156850084699,0.20335844314683335,0.194300104922,0.251450135783,0.30961016718940004,0.37850020439,2023-01-28
01-29,1,29,0.218400117936,0.236200127548,0.09650005211,0.3150001701,0.23880012895200003,0.26920014536799997,0.304800164592,0.24380013165199996,0.152400082296,0.16760009050400002,0.22100011934000002,0.18030009736199998,0.16260008780399998,0.11940006447600002,0.3150001701,0.116800063072,0.248900134406,0.26670014401799996,0.38100020574,0.23370012619799999,0.177800096012,0.19050010287,0.137200074088,0.19300010422,0.109200058968,0.154900083646,0.28700015498,0.274300148122,0.170200091908,0.236200127548,0.274300148122,0.13210007133399998,0.30730016594200005,0.13210007133399998,0.15750008505,0.16760009050400002,0.165100089154,0.198100106974,0.330200178308,0.088900048006,0.20570011107800001,0.23880012895200003,0.086400046656,0.177800096012,0.3150001701,0.203200109728,0.1600000864,0.09400005076,0.086400046656,0.1145200618408,0.156850084699,0.20526052750729165,0.19555010559699998,0.253350136809,0.30961016718940004,0.38100020574,2023-01-29
01-30,1,30,0.22100011934000002,0.246400133056,0.09910005351399999,0.3150001701,0.241300130302,0.26920014536799997,0.30730016594200005,0.246400133056,0.152400082296,0.170200091908,0.218400117936,0.18800010152,0.16260008780399998,0.11940006447600002,0.3150001701,0.116800063072,0.248900134406,0.274300148122,0.38100020574,0.23370012619799999,0.177800096012,0.19050010287,0.13970007543799998,0.19300010422,0.111800060372,0.154900083646,0.28700015498,0.274300148122,0.170200091908,0.24380013165199996,0.276900149526,0.13210007133399998,0.30730016594200005,0.13210007133399998,0.15750008505,0.19050010287,0.165100089154,0.208300112482,0.330200178308,0.088900048006,0.20570011107800001,0.23880012895200003,0.09400005076,0.177800096012,0.3200001728,0.203200109728,0.1600000864,0.09400005076,0.088900048006,0.115300062262,0.156850084699,0.20732927862441666,0.198100106974,0.2539751371465,0.30961016718940004,0.38100020574,2023-01-30
01-31,1,31,0.231100124794,0.25400013716000003,0.104100056214,0.3150001701,0.241300130302,0.271800146772,0.309900167346,0.248900134406,0.152400082296,0.17270009325799998,0.22350012068999997,0.19300010422,0.16260008780399998,0.11940006447600002,0.3150001701,0.116800063072,0.25150013581,0.292100157734,0.38350020709000004,0.23370012619799999,0.18290009876600002,0.19050010287,0.13970007543799998,0.19300010422,0.116800063072,0.15750008505,0.28700015498,0.276900149526,0.170200091908,0.25150013581,0.276900149526,0.13460007268399998,0.30730016594200005,0.13210007133399998,0.170200091908,0.198100106974,0.165100089154,0.218400117936,0.330200178308,0.09140004935599999,0.20570011107800001,0.23880012895200003,0.09400005076,0.177800096012,0.3200001728,0.203200109728,0.1600000864,0.09400005076,0.09140004935599999,0.116800063072,0.1593750860625,0.209918863356125,0.200650108351,0.258450139563,0.31143016817220004,0.38350020709000004,2023-01-31
02-01,2,1,0.231100124794,0.26920014536799997,0.116800063072,0.31750017145000003,0.241300130302,0.271800146772,0.309900167346,0.25150013581,0.152400082296,0.177800096012,0.226100122094,0.198100106974,0.16260008780399998,0.11940006447600002,0.3150001701,0.116800063072,0.25400013716000003,0.304800164592,0.38350020709000004,0.23370012619799999,0.18290009876600002,0.19050010287,0.14220007678799998,0.19300010422,0.116800063072,0.15750008505,0.28700015498,0.28190015222599996,0.17270009325799998,0.26670014401799996,0.276900149526,0.137200074088,0.309900167346,0.13210007133399998,0.170200091908,0.198100106974,0.165100089154,0.22350012068999997,0.330200178308,0.09140004935599999,0.20570011107800001,0.241300130302,0.09400005076,0.177800096012,0.3200001728,0.203200109728,0.1600000864,0.09400005076,0.09140004935599999,0.116800063072,0.1593750860625,0.211981364469875,0.200650108351,0.26985014571899996,0.31143016817220004,0.38350020709000004,2023-02-01
02-02,2,2,0.231100124794,0.26920014536799997,0.12190006582599998,0.3200001728,0.241300130302,0.271800146772,0.309900167346,0.25150013581,0.152400082296,0.177800096012,0.25150013581,0.203200109728,0.165100089154,0.11940006447600002,0.32510017555399995,0.116800063072,0.25400013716000003,0.304800164592,0.38350020709000004,0.23370012619799999,0.18290009876600002,0.19300010422,0.14480007819200003,0.19300010422,0.12450006723,0.15750008505,0.28960015638400005,0.294600159084,0.175300094662,0.276900149526,0.276900149526,0.137200074088,0.312400168696,0.13460007268399998,0.170200091908,0.198100106974,0.165100089154,0.231100124794,0.330200178308,0.09140004935599999,0.208300112482,0.241300130302,0.09650005211,0.177800096012,0.3200001728,0.208300112482,0.165100089154,0.09400005076,0.09140004935599999,0.12115006542099999,0.16320008812800002,0.21447094914758333,0.20575011110500002,0.2730751474605,0.31468016992720005,0.38350020709000004,2023-02-02
02-03,2,3,0.231100124794,0.26920014536799997,0.12450006723,0.330200178308,0.241300130302,0.271800146772,0.312400168696,0.26420014266799996,0.152400082296,0.18030009736199998,0.26420014266799996,0.203200109728,0.165100089154,0.11940006447600002,0.32510017555399995,0.116800063072,0.25400013716000003,0.304800164592,0.40130021670199995,0.23880012895200003,0.18800010152,0.20070010837799998,0.149900080946,0.19300010422,0.12700006858000001,0.16260008780399998,0.28960015638400005,0.297200160488,0.175300094662,0.276900149526,0.276900149526,0.137200074088,0.312400168696,0.13460007268399998,0.170200091908,0.198100106974,0.16760009050400002,0.231100124794,0.332700179658,0.09140004935599999,0.21080011383199998,0.241300130302,0.09650005211,0.177800096012,0.3200001728,0.22100011934000002,0.165100089154,0.088900048006,0.088900048006,0.12297006640380001,0.1644750888165,0.21674803371054163,0.20700011178,0.2730751474605,0.31468016992720005,0.40130021670199995,2023-02-03
02-04,2,4,0.231100124794,0.26920014536799997,0.137200074088,0.332700179658,0.241300130302,0.271800146772,0.3150001701,0.26670014401799996,0.154900083646,0.18030009736199998,0.28960015638400005,0.20570011107800001,0.165100089154,0.11940006447600002,0.32510017555399995,0.116800063072,0.25400013716000003,0.30730016594200005,0.406400219456,0.241300130302,0.18800010152,0.208300112482,0.15750008505,0.19300010422,0.12700006858000001,0.165100089154,0.28960015638400005,0.297200160488,0.175300094662,0.294600159084,0.276900149526,0.13970007543799998,0.312400168696,0.13460007268399998,0.170200091908,0.20070010837799998,0.16760009050400002,0.231100124794,0.337800182412,0.09140004935599999,0.23370012619799999,0.246400133056,0.09910005351399999,0.177800096012,0.32510017555399995,0.23370012619799999,0.1600000864,0.08380004525200001,0.08380004525200001,0.12472006734880002,0.1638250884655,0.21976053533729167,0.21970011863799999,0.28007515124050003,0.3180301717362,0.406400219456,2023-02-04
02-05,2,5,0.231100124794,0.26920014536799997,0.137200074088,0.332700179658,0.241300130302,0.271800146772,0.312400168696,0.26920014536799997,0.154900083646,0.18030009736199998,0.28960015638400005,0.20570011107800001,0.165100089154,0.11940006447600002,0.32510017555399995,0.116800063072,0.25400013716000003,0.3150001701,0.406400219456,0.241300130302,0.18800010152,0.208300112482,0.1600000864,0.19300010422,0.12700006858000001,0.175300094662,0.28960015638400005,0.304800164592,0.175300094662,0.294600159084,0.276900149526,0.13970007543799998,0.312400168696,0.13460007268399998,0.170200091908,0.20070010837799998,0.16760009050400002,0.23880012895200003,0.337800182412,0.09140004935599999,0.23880012895200003,0.246400133056,0.101600054864,0.177800096012,0.32510017555399995,0.23370012619799999,0.152400082296,0.08380004525200001,0.08380004525200001,0.12472006734880002,0.1638250884655,0.22050220240445836,0.21970011863799999,0.28007515124050003,0.3180301717362,0.406400219456,2023-02-05
02-06,2,6,0.231100124794,0.26920014536799997,0.137200074088,0.332700179658,0.241300130302,0.271800146772,0.3150001701,0.26920014536799997,0.154900083646,0.18030009736199998,0.28960015638400005,0.20570011107800001,0.16760009050400002,0.11940006447600002,0.32770017695799997,0.116800063072,0.25400013716000003,0.31750017145000003,0.40890022080599997,0.241300130302,0.19050010287,0.208300112482,0.1600000864,0.19300010422,0.12700006858000001,0.175300094662,0.28960015638400005,0.304800164592,0.175300094662,0.294600159084,0.276900149526,0.13970007543799998,0.312400168696,0.13460007268399998,0.170200091908,0.203200109728,0.170200091908,0.23880012895200003,0.337800182412,0.09140004935599999,0.248900134406,0.246400133056,0.109200058968,0.177800096012,0.330200178308,0.246400133056,0.154900083646,0.08380004525200001,0.08380004525200001,0.12472006734880002,0.16570008947800002,0.22171678639366665,0.21970011863799999,0.28007515124050003,0.32056017310240004,0.40890022080599997,2023-02-06
02-07,2,7,0.231100124794,0.26920014536799997,0.13970007543799998,0.332700179658,0.241300130302,0.271800146772,0.31750017145000003,0.271800146772,0.154900083646,0.18030009736199998,0.297200160488,0.21080011383199998,0.16760009050400002,0.11940006447600002,0.32770017695799997,0.11940006447600002,0.25400013716000003,0.3200001728,0.40890022080599997,0.24380013165199996,0.19300010422,0.208300112482,0.16260008780399998,0.19300010422,0.12700006858000001,0.175300094662,0.297200160488,0.304800164592,0.175300094662,0.302300163242,0.28450015363,0.13970007543799998,0.31750017145000003,0.13460007268399998,0.170200091908,0.20570011107800001,0.170200091908,0.23880012895200003,0.34290018516599996,0.088900048006,0.25150013581,0.26670014401799996,0.109200058968,0.177800096012,0.335300181062,0.246400133056,0.15750008505,0.08380004525200001,0.08380004525200001,0.12472006734880002,0.16635008982900001,0.223731370814875,0.220950119313,0.2876751553445,0.32231017404740003,0.40890022080599997,2023-02-07
02-08,2,8,0.23370012619799999,0.26920014536799997,0.14480007819200003,0.332700179658,0.24380013165199996,0.271800146772,0.31750017145000003,0.274300148122,0.154900083646,0.18290009876600002,0.299700161838,0.215900116586,0.16760009050400002,0.12190006582599998,0.330200178308,0.13210007133399998,0.25400013716000003,0.3200001728,0.40890022080599997,0.246400133056,0.198100106974,0.208300112482,0.16260008780399998,0.19300010422,0.13210007133399998,0.18290009876600002,0.309900167346,0.304800164592,0.17270009325799998,0.3200001728,0.28450015363,0.13970007543799998,0.34540018651599996,0.13460007268399998,0.170200091908,0.21080011383199998,0.170200091908,0.23880012895200003,0.35310019067400006,0.086400046656,0.25150013581,0.28190015222599996,0.109200058968,0.177800096012,0.335300181062,0.26920014536799997,0.170200091908,0.08380004525200001,0.08380004525200001,0.13210007133399998,0.16955009155700002,0.22748553950879166,0.224800121392,0.28830015568199996,0.33095017871300003,0.40890022080599997,2023-02-08
02-09,2,9,0.23370012619799999,0.26920014536799997,0.147300079542,0.332700179658,0.25400013716000003,0.271800146772,0.332700179658,0.274300148122,0.154900083646,0.18290009876600002,0.304800164592,0.218400117936,0.16760009050400002,0.12700006858000001,0.332700179658,0.149900080946,0.25400013716000003,0.322600174204,0.41150022221,0.26420014266799996,0.21080011383199998,0.208300112482,0.16260008780399998,0.198100106974,0.14220007678799998,0.19050010287,0.309900167346,0.304800164592,0.17270009325799998,0.3200001728,0.292100157734,0.13970007543799998,0.34540018651599996,0.13460007268399998,0.170200091908,0.236200127548,0.170200091908,0.23880012895200003,0.35310019067400006,0.088900048006,0.25400013716000003,0.28190015222599996,0.109200058968,0.177800096012,0.335300181062,0.274300148122,0.17270009325799998,0.08380004525200001,0.08380004525200001,0.13817007461179998,0.16955009155700002,0.2309230413650417,0.234950126873,0.2952751594485,0.332700179658,0.41150022221,2023-02-09
02-10,2,10,0.23880012895200003,0.271800146772,0.1600000864,0.332700179658,0.26670014401799996,0.271800146772,0.332700179658,0.276900149526,0.15750008505,0.203200109728,0.30730016594200005,0.218400117936,0.16760009050400002,0.12700006858000001,0.340400183816,0.149900080946,0.25400013716000003,0.322600174204,0.41150022221,0.26420014266799996,0.226100122094,0.21080011383199998,0.165100089154,0.198100106974,0.14220007678799998,0.19050010287,0.309900167346,0.304800164592,0.17270009325799998,0.3200001728,0.304800164592,0.13970007543799998,0.34540018651599996,0.137200074088,0.18540010011600003,0.25400013716000003,0.17270009325799998,0.23880012895200003,0.34290018516599996,0.088900048006,0.25650013851000003,0.28190015222599996,0.109200058968,0.177800096012,0.335300181062,0.27940015087599995,0.17270009325799998,0.08380004525200001,0.08380004525200001,0.138950075033,0.1714250925695,0.23378345957633337,0.23880012895200003,0.304800164592,0.3334801800792,0.41150022221,2023-02-10
02-11,2,11,0.23880012895200003,0.276900149526,0.1600000864,0.332700179658,0.271800146772,0.297200160488,0.332700179658,0.28700015498,0.15750008505,0.21080011383199998,0.309900167346,0.218400117936,0.16760009050400002,0.12700006858000001,0.35050018927,0.16760009050400002,0.25650013851000003,0.32510017555399995,0.41400022355999994,0.26420014266799996,0.241300130302,0.213400115236,0.17270009325799998,0.198100106974,0.14220007678799998,0.19050010287,0.309900167346,0.304800164592,0.17270009325799998,0.3200001728,0.312400168696,0.13970007543799998,0.34540018651599996,0.137200074088,0.18540010011600003,0.25400013716000003,0.17270009325799998,0.23880012895200003,0.337800182412,0.086400046656,0.26920014536799997,0.28190015222599996,0.109200058968,0.177800096012,0.335300181062,0.27940015087599995,0.17270009325799998,0.08380004525200001,0.08380004525200001,0.138950075033,0.17270009325799998,0.23647721103095834,0.240050129627,0.3060751652805,0.3334801800792,0.41400022355999994,2023-02-11
02-12,2,12,0.23880012895200003,0.276900149526,0.1600000864,0.332700179658,0.28450015363,0.302300163242,0.332700179658,0.28960015638400005,0.15750008505,0.21080011383199998,0.309900167346,0.218400117936,0.16760009050400002,0.13460007268399998,0.35050018927,0.177800096012,0.271800146772,0.32510017555399995,0.41400022355999994,0.271800146772,0.241300130302,0.218400117936,0.17270009325799998,0.198100106974,0.14220007678799998,0.19050010287,0.312400168696,0.304800164592,0.18540010011600003,0.31750017145000003,0.312400168696,0.14220007678799998,0.34540018651599996,0.137200074088,0.18540010011600003,0.25650013851000003,0.18540010011600003,0.23880012895200003,0.34290018516599996,0.08380004525200001,0.26920014536799997,0.28190015222599996,0.111800060372,0.177800096012,0.335300181062,0.27940015087599995,0.18290009876600002,0.09910005351399999,0.08380004525200001,0.140700075978,0.177800096012,0.23912512912749997,0.240050129627,0.3060751652805,0.3334801800792,0.41400022355999994,2023-02-12
02-13,2,13,0.23880012895200003,0.27940015087599995,0.1600000864,0.332700179658,0.28700015498,0.309900167346,0.332700179658,0.302300163242,0.16260008780399998,0.215900116586,0.309900167346,0.22350012068999997,0.170200091908,0.13970007543799998,0.35050018927,0.177800096012,0.27940015087599995,0.32510017555399995,0.416600224964,0.271800146772,0.241300130302,0.228600123444,0.18290009876600002,0.198100106974,0.14220007678799998,0.19050010287,0.3150001701,0.304800164592,0.19300010422,0.31750017145000003,0.3150001701,0.14480007819200003,0.34540018651599996,0.149900080946,0.18540010011600003,0.261600141264,0.18540010011600003,0.23880012895200003,0.34290018516599996,0.08380004525200001,0.271800146772,0.28450015363,0.114300061722,0.177800096012,0.335300181062,0.27940015087599995,0.18290009876600002,0.101600054864,0.08380004525200001,0.1440200777708,0.18162509807750002,0.24167304717004168,0.240050129627,0.309900167346,0.3334801800792,0.416600224964,2023-02-13
02-14,2,14,0.241300130302,0.27940015087599995,0.16260008780399998,0.335300181062,0.297200160488,0.32770017695799997,0.335300181062,0.32770017695799997,0.18800010152,0.218400117936,0.309900167346,0.22350012068999997,0.18290009876600002,0.14480007819200003,0.35050018927,0.18030009736199998,0.28960015638400005,0.32510017555399995,0.416600224964,0.274300148122,0.24380013165199996,0.23370012619799999,0.18290009876600002,0.198100106974,0.14480007819200003,0.19050010287,0.3150001701,0.304800164592,0.19300010422,0.3200001728,0.31750017145000003,0.15750008505,0.34540018651599996,0.152400082296,0.18540010011600003,0.26920014536799997,0.19050010287,0.23880012895200003,0.34290018516599996,0.08380004525200001,0.292100157734,0.28450015363,0.12700006858000001,0.177800096012,0.335300181062,0.27940015087599995,0.18800010152,0.101600054864,0.08380004525200001,0.15012008106480002,0.18477509977850004,0.24596054948529167,0.24255013097699998,0.3156251704375,0.335300181062,0.416600224964,2023-02-14
02-15,2,15,0.25400013716000003,0.27940015087599995,0.16260008780399998,0.337800182412,0.297200160488,0.34290018516599996,0.337800182412,0.335300181062,0.19300010422,0.218400117936,0.3200001728,0.22350012068999997,0.18290009876600002,0.147300079542,0.35050018927,0.18030009736199998,0.309900167346,0.32510017555399995,0.41910022631399996,0.276900149526,0.24380013165199996,0.248900134406,0.18290009876600002,0.198100106974,0.15750008505,0.19050010287,0.330200178308,0.304800164592,0.19300010422,0.3200001728,0.3200001728,0.15750008505,0.34540018651599996,0.152400082296,0.19050010287,0.26920014536799997,0.19050010287,0.24380013165199996,0.34290018516599996,0.088900048006,0.304800164592,0.28450015363,0.12700006858000001,0.177800096012,0.335300181062,0.28700015498,0.20070010837799998,0.09910005351399999,0.088900048006,0.1559700842238,0.188600101844,0.2496022181184583,0.251450135783,0.3200001728,0.3393301832382,0.41910022631399996,2023-02-15
02-16,2,16,0.25400013716000003,0.28700015498,0.16260008780399998,0.34540018651599996,0.294600159084,0.34290018516599996,0.34290018516599996,0.3480001879199999,0.195600105624,0.218400117936,0.3200001728,0.22350012068999997,0.18540010011600003,0.147300079542,0.35050018927,0.18030009736199998,0.309900167346,0.32770017695799997,0.42160022766399996,0.27940015087599995,0.24380013165199996,0.248900134406,0.18290009876600002,0.198100106974,0.165100089154,0.19050010287,0.330200178308,0.312400168696,0.19300010422,0.3200001728,0.3200001728,0.16760009050400002,0.34540018651599996,0.152400082296,0.19050010287,0.26920014536799997,0.19050010287,0.24380013165199996,0.34290018516599996,0.09140004935599999,0.3200001728,0.28450015363,0.14220007678799998,0.177800096012,0.335300181062,0.294600159084,0.215900116586,0.09400005076,0.09140004935599999,0.15954008615159998,0.18922510218150002,0.25208138612387504,0.251450135783,0.3200001728,0.34365018557099997,0.42160022766399996,2023-02-16
02-17,2,17,0.259100139914,0.294600159084,0.16260008780399998,0.35310019067400006,0.299700161838,0.35310019067400006,0.34290018516599996,0.36320019612800003,0.195600105624,0.226100122094,0.3200001728,0.23370012619799999,0.19300010422,0.16260008780399998,0.35050018927,0.18290009876600002,0.312400168696,0.32770017695799997,0.42160022766399996,0.28190015222599996,0.24380013165199996,0.259100139914,0.18290009876600002,0.20570011107800001,0.17270009325799998,0.19050010287,0.332700179658,0.312400168696,0.195600105624,0.322600174204,0.32510017555399995,0.16760009050400002,0.368300198882,0.152400082296,0.19050010287,0.274300148122,0.19050010287,0.24380013165199996,0.34290018516599996,0.09140004935599999,0.3200001728,0.302300163242,0.149900080946,0.18030009736199998,0.335300181062,0.299700161838,0.25650013851000003,0.09650005211,0.09140004935599999,0.16260008780399998,0.19050010287,0.25711680550966665,0.259100139914,0.3232251745415,0.3512801896912,0.42160022766399996,2023-02-17
02-18,2,18,0.259100139914,0.299700161838,0.16260008780399998,0.355600192024,0.299700161838,0.36070019477799997,0.34540018651599996,0.37080020023200005,0.198100106974,0.226100122094,0.3200001728,0.248900134406,0.21080011383199998,0.165100089154,0.35310019067400006,0.195600105624,0.3150001701,0.330200178308,0.426700230418,0.28190015222599996,0.26670014401799996,0.259100139914,0.18540010011600003,0.208300112482,0.17270009325799998,0.195600105624,0.335300181062,0.312400168696,0.195600105624,0.322600174204,0.335300181062,0.16760009050400002,0.368300198882,0.152400082296,0.19050010287,0.274300148122,0.19050010287,0.24380013165199996,0.34290018516599996,0.09140004935599999,0.3200001728,0.302300163242,0.149900080946,0.18030009736199998,0.335300181062,0.302300163242,0.28190015222599996,0.109200058968,0.09140004935599999,0.164350088749,0.19432510493549998,0.26077097414958333,0.27050014606999995,0.32450017523,0.35385019107900006,0.426700230418,2023-02-18
02-19,2,19,0.261600141264,0.32510017555399995,0.165100089154,0.355600192024,0.299700161838,0.36580019753200005,0.3480001879199999,0.373400201636,0.203200109728,0.226100122094,0.330200178308,0.26420014266799996,0.213400115236,0.165100089154,0.355600192024,0.20570011107800001,0.31750017145000003,0.332700179658,0.429300231822,0.28450015363,0.26670014401799996,0.259100139914,0.18800010152,0.208300112482,0.17270009325799998,0.195600105624,0.340400183816,0.3150001701,0.195600105624,0.32510017555399995,0.335300181062,0.170200091908,0.368300198882,0.154900083646,0.19050010287,0.274300148122,0.19050010287,0.25650013851000003,0.34540018651599996,0.109200058968,0.3200001728,0.302300163242,0.149900080946,0.18030009736199998,0.335300181062,0.30730016594200005,0.28960015638400005,0.12950006993,0.109200058968,0.165100089154,0.19432510493549998,0.2645334761813333,0.27050014606999995,0.3308251786455,0.355600192024,0.429300231822,2023-02-19
02-20,2,20,0.26420014266799996,0.335300181062,0.16760009050400002,0.355600192024,0.312400168696,0.36580019753200005,0.35050018927,0.37850020439,0.203200109728,0.226100122094,0.337800182412,0.271800146772,0.213400115236,0.16760009050400002,0.37080020023200005,0.21080011383199998,0.3200001728,0.337800182412,0.429300231822,0.28700015498,0.26670014401799996,0.259100139914,0.18800010152,0.215900116586,0.17270009325799998,0.208300112482,0.34540018651599996,0.3150001701,0.203200109728,0.32510017555399995,0.337800182412,0.170200091908,0.38100020574,0.154900083646,0.19050010287,0.28700015498,0.19050010287,0.259100139914,0.3480001879199999,0.116800063072,0.322600174204,0.302300163242,0.154900083646,0.18030009736199998,0.335300181062,0.31750017145000003,0.28960015638400005,0.12950006993,0.116800063072,0.16760009050400002,0.2000251080135,0.268181394817875,0.279400150876,0.3359251813995,0.35866019367640006,0.429300231822,2023-02-20
02-21,2,21,0.26670014401799996,0.3480001879199999,0.16760009050400002,0.355600192024,0.31750017145000003,0.36580019753200005,0.36320019612800003,0.38100020574,0.203200109728,0.226100122094,0.337800182412,0.27940015087599995,0.213400115236,0.177800096012,0.393700212598,0.213400115236,0.3200001728,0.355600192024,0.429300231822,0.28700015498,0.26920014536799997,0.261600141264,0.195600105624,0.226100122094,0.17270009325799998,0.213400115236,0.35050018927,0.3150001701,0.208300112482,0.32770017695799997,0.337800182412,0.170200091908,0.386100208494,0.15750008505,0.195600105624,0.28700015498,0.19300010422,0.259100139914,0.3480001879199999,0.116800063072,0.322600174204,0.302300163242,0.15750008505,0.18290009876600002,0.337800182412,0.32770017695799997,0.28960015638400005,0.12450006723,0.116800063072,0.1694200914868,0.201300108702,0.27162931334641666,0.28320015292799994,0.337800182412,0.36398019654920005,0.429300231822,2023-02-21
02-22,2,22,0.274300148122,0.355600192024,0.16760009050400002,0.355600192024,0.31750017145000003,0.36580019753200005,0.368300198882,0.38350020709000004,0.203200109728,0.226100122094,0.3480001879199999,0.28450015363,0.213400115236,0.177800096012,0.406400219456,0.213400115236,0.3200001728,0.358100193374,0.429300231822,0.28960015638400005,0.28450015363,0.26420014266799996,0.195600105624,0.228600123444,0.17270009325799998,0.213400115236,0.35310019067400006,0.3150001701,0.21080011383199998,0.32770017695799997,0.337800182412,0.170200091908,0.386100208494,0.1600000864,0.198100106974,0.28700015498,0.198100106974,0.259100139914,0.358100193374,0.116800063072,0.322600174204,0.302300163242,0.15750008505,0.18290009876600002,0.35310019067400006,0.335300181062,0.28960015638400005,0.11940006447600002,0.116800063072,0.1694200914868,0.2019251090395,0.2741168146896667,0.28575015430499995,0.34927518860849993,0.36655019793700006,0.429300231822,2023-02-22
02-23,2,23,0.27940015087599995,0.36070019477799997,0.16760009050400002,0.358100193374,0.31750017145000003,0.373400201636,0.375900202986,0.391200211248,0.203200109728,0.226100122094,0.3480001879199999,0.28960015638400005,0.213400115236,0.18800010152,0.416600224964,0.218400117936,0.3200001728,0.373400201636,0.429300231822,0.299700161838,0.28450015363,0.26420014266799996,0.20070010837799998,0.231100124794,0.18800010152,0.215900116586,0.35310019067400006,0.3150001701,0.215900116586,0.335300181062,0.337800182412,0.170200091908,0.386100208494,0.16760009050400002,0.208300112482,0.28700015498,0.20070010837799998,0.259100139914,0.368300198882,0.116800063072,0.32510017555399995,0.302300163242,0.15750008505,0.18290009876600002,0.36070019477799997,0.335300181062,0.28960015638400005,0.116800063072,0.116800063072,0.1694200914868,0.2070251117935,0.27761056657629163,0.288300155682,0.34927518860849993,0.374150202041,0.429300231822,2023-02-23
02-24,2,24,0.28700015498,0.375900202986,0.16760009050400002,0.355600192024,0.31750017145000003,0.373400201636,0.375900202986,0.391200211248,0.203200109728,0.226100122094,0.3480001879199999,0.292100157734,0.213400115236,0.18800010152,0.426700230418,0.218400117936,0.3200001728,0.375900202986,0.429300231822,0.30730016594200005,0.28700015498,0.26420014266799996,0.203200109728,0.231100124794,0.19050010287,0.215900116586,0.35310019067400006,0.3150001701,0.231100124794,0.335300181062,0.337800182412,0.170200091908,0.388600209844,0.16760009050400002,0.22100011934000002,0.28960015638400005,0.20070010837799998,0.261600141264,0.373400201636,0.12190006582599998,0.32510017555399995,0.302300163242,0.15750008505,0.18290009876600002,0.36580019753200005,0.335300181062,0.22100011934000002,0.111800060372,0.111800060372,0.1694200914868,0.210850113859,0.27818765022124997,0.288300155682,0.34927518860849993,0.375900202986,0.429300231822,2023-02-24
02-25,2,25,0.28960015638400005,0.375900202986,0.16760009050400002,0.3480001879199999,0.31750017145000003,0.373400201636,0.37850020439,0.391200211248,0.20570011107800001,0.228600123444,0.3480001879199999,0.294600159084,0.213400115236,0.18800010152,0.43690023592599997,0.22350012068999997,0.3200001728,0.38100020574,0.431800233172,0.31750017145000003,0.28700015498,0.274300148122,0.203200109728,0.231100124794,0.19300010422,0.218400117936,0.35310019067400006,0.3150001701,0.236200127548,0.35310019067400006,0.337800182412,0.175300094662,0.388600209844,0.170200091908,0.22100011934000002,0.28960015638400005,0.203200109728,0.261600141264,0.373400201636,0.12190006582599998,0.32770017695799997,0.302300163242,0.15750008505,0.18290009876600002,0.368300198882,0.337800182412,0.22100011934000002,0.12190006582599998,0.12190006582599998,0.1737700938358,0.2114751141965,0.280356401392375,0.28960015638400005,0.34927518860849993,0.379250204795,0.43690023592599997,2023-02-25
02-26,2,26,0.28960015638400005,0.38100020574,0.16760009050400002,0.34290018516599996,0.31750017145000003,0.37850020439,0.38100020574,0.391200211248,0.20570011107800001,0.228600123444,0.3480001879199999,0.297200160488,0.213400115236,0.18800010152,0.439400237276,0.226100122094,0.3200001728,0.386100208494,0.431800233172,0.322600174204,0.292100157734,0.274300148122,0.203200109728,0.231100124794,0.195600105624,0.218400117936,0.35310019067400006,0.3150001701,0.248900134406,0.36070019477799997,0.337800182412,0.175300094662,0.406400219456,0.170200091908,0.22100011934000002,0.28960015638400005,0.20570011107800001,0.26420014266799996,0.375900202986,0.12190006582599998,0.32770017695799997,0.302300163242,0.15750008505,0.18800010152,0.37080020023200005,0.340400183816,0.22100011934000002,0.116800063072,0.116800063072,0.1737700938358,0.2114751141965,0.282106402337375,0.290850157059,0.34927518860849993,0.3825302065662,0.439400237276,2023-02-26
02-27,2,27,0.28960015638400005,0.393700212598,0.175300094662,0.34290018516599996,0.31750017145000003,0.37850020439,0.388600209844,0.391200211248,0.20570011107800001,0.228600123444,0.35050018927,0.299700161838,0.213400115236,0.18800010152,0.44200023868000005,0.226100122094,0.3200001728,0.40130021670199995,0.431800233172,0.330200178308,0.292100157734,0.27940015087599995,0.203200109728,0.231100124794,0.195600105624,0.23370012619799999,0.35310019067400006,0.3150001701,0.25650013851000003,0.36070019477799997,0.337800182412,0.175300094662,0.42160022766399996,0.17270009325799998,0.226100122094,0.28960015638400005,0.208300112482,0.26420014266799996,0.375900202986,0.12190006582599998,0.32770017695799997,0.304800164592,0.165100089154,0.19050010287,0.37080020023200005,0.34540018651599996,0.22100011934000002,0.116800063072,0.116800063072,0.175300094662,0.2121251145475,0.2848022371264583,0.290850157059,0.351150189621,0.391950211653,0.44200023868000005,2023-02-27
02-28,2,28,0.297200160488,0.393700212598,0.175300094662,0.34290018516599996,0.32510017555399995,0.38350020709000004,0.388600209844,0.393700212598,0.20570011107800001,0.228600123444,0.35310019067400006,0.302300163242,0.213400115236,0.18800010152,0.44200023868000005,0.231100124794,0.31750017145000003,0.40130021670199995,0.44200023868000005,0.330200178308,0.294600159084,0.28190015222599996,0.203200109728,0.231100124794,0.195600105624,0.236200127548,0.35310019067400006,0.3150001701,0.274300148122,0.36070019477799997,0.340400183816,0.177800096012,0.42160022766399996,0.18290009876600002,0.226100122094,0.312400168696,0.208300112482,0.26420014266799996,0.40390021810599996,0.12190006582599998,0.32770017695799997,0.304800164592,0.165100089154,0.19050010287,0.386100208494,0.34540018651599996,0.22100011934000002,0.116800063072,0.116800063072,0.18137009793980002,0.2121251145475,0.28787098878358336,0.29975016186500003,0.35310019067400006,0.3959802138292,0.44200023868000005,2023-02-28
03-01,3,1,0.297200160488,0.393700212598,0.175300094662,0.34290018516599996,0.335300181062,0.38350020709000004,0.388600209844,0.393700212598,0.20570011107800001,0.228600123444,0.35310019067400006,0.302300163242,0.215900116586,0.18800010152,0.44450024003,0.231100124794,0.31750017145000003,0.40390021810599996,0.44450024003,0.330200178308,0.297200160488,0.28190015222599996,0.21080011383199998,0.231100124794,0.195600105624,0.24380013165199996,0.355600192024,0.32510017555399995,0.27940015087599995,0.36070019477799997,0.340400183816,0.177800096012,0.42160022766399996,0.18290009876600002,0.23370012619799999,0.3200001728,0.21080011383199998,0.26420014266799996,0.40390021810599996,0.12190006582599998,0.335300181062,0.304800164592,0.165100089154,0.19050010287,0.398800215352,0.35050018927,0.22100011934000002,0.109200058968,0.109200058968,0.18137009793980002,0.2146251158975,0.2897730731440416,0.29975016186500003,0.3537251910115,0.4003302161782,0.44450024003,2023-03-01
03-02,3,2,0.297200160488,0.393700212598,0.177800096012,0.34290018516599996,0.335300181062,0.38350020709000004,0.388600209844,0.393700212598,0.20570011107800001,0.228600123444,0.35310019067400006,0.302300163242,0.226100122094,0.18540010011600003,0.44450024003,0.23370012619799999,0.31750017145000003,0.406400219456,0.44960024278399996,0.330200178308,0.302300163242,0.28450015363,0.21080011383199998,0.231100124794,0.195600105624,0.25150013581,0.355600192024,0.330200178308,0.28960015638400005,0.36070019477799997,0.340400183816,0.177800096012,0.42160022766399996,0.198100106974,0.23370012619799999,0.32510017555399995,0.213400115236,0.26420014266799996,0.40390021810599996,0.12450006723,0.340400183816,0.304800164592,0.170200091908,0.19050010287,0.398800215352,0.35050018927,0.22100011934000002,0.104100056214,0.104100056214,0.18312009888480002,0.219100118314,0.29147307406204165,0.302300163242,0.3537251910115,0.4003302161782,0.44960024278399996,2023-03-02
03-03,3,3,0.297200160488,0.393700212598,0.18800010152,0.35050018927,0.337800182412,0.38350020709000004,0.398800215352,0.393700212598,0.20570011107800001,0.231100124794,0.38100020574,0.302300163242,0.246400133056,0.18540010011600003,0.44450024003,0.23370012619799999,0.32510017555399995,0.41150022221,0.459700248238,0.330200178308,0.302300163242,0.28450015363,0.213400115236,0.231100124794,0.198100106974,0.25150013581,0.358100193374,0.330200178308,0.294600159084,0.368300198882,0.337800182412,0.177800096012,0.42160022766399996,0.198100106974,0.23370012619799999,0.32510017555399995,0.22100011934000002,0.26420014266799996,0.40390021810599996,0.12700006858000001,0.35050018927,0.312400168696,0.175300094662,0.19050010287,0.398800215352,0.35050018927,0.22100011934000002,0.106700057618,0.106700057618,0.1872201010988,0.22100011934000002,0.29474599249608335,0.302300163242,0.360650194751,0.4003302161782,0.459700248238,2023-03-03
03-04,3,4,0.297200160488,0.393700212598,0.19300010422,0.35050018927,0.337800182412,0.38350020709000004,0.40890022080599997,0.393700212598,0.20570011107800001,0.231100124794,0.386100208494,0.309900167346,0.246400133056,0.18030009736199998,0.44450024003,0.23370012619799999,0.330200178308,0.41400022355999994,0.459700248238,0.340400183816,0.302300163242,0.28450015363,0.213400115236,0.231100124794,0.208300112482,0.25150013581,0.358100193374,0.330200178308,0.294600159084,0.368300198882,0.332700179658,0.177800096012,0.434300234522,0.208300112482,0.241300130302,0.32510017555399995,0.241300130302,0.26670014401799996,0.40390021810599996,0.12700006858000001,0.355600192024,0.312400168696,0.175300094662,0.19050010287,0.398800215352,0.368300198882,0.228600123444,0.12700006858000001,0.12700006858000001,0.1874401012176,0.23047512445649998,0.2978647441802083,0.30610016529399997,0.368300198882,0.405400218916,0.459700248238,2023-03-04
03-05,3,5,0.297200160488,0.393700212598,0.19300010422,0.355600192024,0.337800182412,0.388600209844,0.41400022355999994,0.393700212598,0.20570011107800001,0.231100124794,0.386100208494,0.309900167346,0.246400133056,0.177800096012,0.44700024137999994,0.23370012619799999,0.337800182412,0.41910022631399996,0.46480025099199995,0.340400183816,0.30730016594200005,0.28700015498,0.215900116586,0.231100124794,0.21080011383199998,0.25150013581,0.36320019612800003,0.330200178308,0.294600159084,0.368300198882,0.335300181062,0.19050010287,0.434300234522,0.208300112482,0.241300130302,0.32770017695799997,0.241300130302,0.25650013851000003,0.40390021810599996,0.13970007543799998,0.355600192024,0.312400168696,0.175300094662,0.19050010287,0.41150022221,0.37080020023200005,0.231100124794,0.12950006993,0.12950006993,0.19050010287,0.231100124794,0.29976682854066666,0.30860016664400003,0.3689251992195,0.412250222615,0.46480025099199995,2023-03-05
03-06,3,6,0.302300163242,0.40390021810599996,0.19300010422,0.355600192024,0.340400183816,0.388600209844,0.41400022355999994,0.393700212598,0.20570011107800001,0.231100124794,0.386100208494,0.337800182412,0.248900134406,0.195600105624,0.452100244134,0.23370012619799999,0.340400183816,0.42420022906800003,0.46740025239599997,0.34540018651599996,0.30730016594200005,0.28700015498,0.215900116586,0.236200127548,0.215900116586,0.25650013851000003,0.36320019612800003,0.330200178308,0.297200160488,0.368300198882,0.337800182412,0.20570011107800001,0.434300234522,0.208300112482,0.241300130302,0.32770017695799997,0.241300130302,0.248900134406,0.416600224964,0.13970007543799998,0.36070019477799997,0.312400168696,0.175300094662,0.198100106974,0.431800233172,0.373400201636,0.23370012619799999,0.13460007268399998,0.13460007268399998,0.19735010656899998,0.233050125847,0.30331683045766666,0.30985016731900006,0.3695751995705,0.41888022619520004,0.46740025239599997,2023-03-06
03-07,3,7,0.302300163242,0.42160022766399996,0.19300010422,0.355600192024,0.34540018651599996,0.391200211248,0.426700230418,0.393700212598,0.20570011107800001,0.231100124794,0.393700212598,0.34290018516599996,0.248900134406,0.20070010837799998,0.452100244134,0.23370012619799999,0.340400183816,0.44960024278399996,0.46740025239599997,0.35310019067400006,0.30730016594200005,0.28700015498,0.215900116586,0.236200127548,0.218400117936,0.259100139914,0.36320019612800003,0.32770017695799997,0.299700161838,0.368300198882,0.340400183816,0.208300112482,0.44700024137999994,0.21080011383199998,0.241300130302,0.330200178308,0.241300130302,0.246400133056,0.429300231822,0.13970007543799998,0.37080020023200005,0.312400168696,0.175300094662,0.203200109728,0.439400237276,0.375900202986,0.241300130302,0.14480007819200003,0.13970007543799998,0.202450109323,0.233050125847,0.30686266570575,0.30985016731900006,0.37207520092050006,0.43233023345820004,0.46740025239599997,2023-03-07
03-08,3,8,0.302300163242,0.431800233172,0.195600105624,0.358100193374,0.34540018651599996,0.391200211248,0.431800233172,0.40130021670199995,0.20570011107800001,0.25150013581,0.393700212598,0.34290018516599996,0.248900134406,0.203200109728,0.452100244134,0.23370012619799999,0.340400183816,0.454700245538,0.46480025099199995,0.35310019067400006,0.322600174204,0.28960015638400005,0.215900116586,0.25650013851000003,0.218400117936,0.26670014401799996,0.36320019612800003,0.335300181062,0.299700161838,0.368300198882,0.340400183816,0.213400115236,0.459700248238,0.21080011383199998,0.241300130302,0.335300181062,0.241300130302,0.248900134406,0.429300231822,0.13970007543799998,0.37850020439,0.31750017145000003,0.175300094662,0.20570011107800001,0.439400237276,0.375900202986,0.24380013165199996,0.14480007819200003,0.13970007543799998,0.204950110673,0.23940012927600002,0.30998766739325,0.320050172827,0.376550203337,0.43408023440320004,0.46480025099199995,2023-03-08
03-09,3,9,0.302300163242,0.431800233172,0.198100106974,0.358100193374,0.3480001879199999,0.391200211248,0.431800233172,0.41910022631399996,0.20570011107800001,0.25650013851000003,0.393700212598,0.34540018651599996,0.248900134406,0.20570011107800001,0.452100244134,0.23370012619799999,0.34290018516599996,0.454700245538,0.469900253746,0.35310019067400006,0.32510017555399995,0.28960015638400005,0.215900116586,0.26420014266799996,0.218400117936,0.26670014401799996,0.36320019612800003,0.337800182412,0.30730016594200005,0.368300198882,0.34540018651599996,0.213400115236,0.459700248238,0.21080011383199998,0.246400133056,0.335300181062,0.241300130302,0.248900134406,0.429300231822,0.13970007543799998,0.396200213948,0.31750017145000003,0.175300094662,0.208300112482,0.44450024003,0.386100208494,0.24380013165199996,0.14480007819200003,0.13970007543799998,0.20570011107800001,0.23940012927600002,0.312206418591375,0.321300173502,0.3873752091825,0.43561023522940007,0.469900253746,2023-03-09
03-10,3,10,0.302300163242,0.431800233172,0.20070010837799998,0.36320019612800003,0.35050018927,0.391200211248,0.431800233172,0.426700230418,0.20570011107800001,0.25650013851000003,0.38350020709000004,0.34540018651599996,0.248900134406,0.208300112482,0.452100244134,0.23370012619799999,0.34290018516599996,0.454700245538,0.469900253746,0.355600192024,0.340400183816,0.294600159084,0.215900116586,0.28190015222599996,0.218400117936,0.26420014266799996,0.36320019612800003,0.340400183816,0.30730016594200005,0.375900202986,0.36070019477799997,0.22100011934000002,0.459700248238,0.213400115236,0.248900134406,0.335300181062,0.23880012895200003,0.248900134406,0.429300231822,0.13970007543799998,0.398800215352,0.335300181062,0.177800096012,0.213400115236,0.44700024137999994,0.386100208494,0.24380013165199996,0.14480007819200003,0.13970007543799998,0.2075201120608,0.23752512826350003,0.31458975321170835,0.335300181062,0.38415020744100004,0.4363602356344001,0.469900253746,2023-03-10
03-11,3,11,0.304800164592,0.431800233172,0.20070010837799998,0.368300198882,0.35050018927,0.391200211248,0.434300234522,0.426700230418,0.20570011107800001,0.271800146772,0.37080020023200005,0.34540018651599996,0.248900134406,0.21080011383199998,0.454700245538,0.23370012619799999,0.35050018927,0.454700245538,0.469900253746,0.358100193374,0.34290018516599996,0.302300163242,0.215900116586,0.28190015222599996,0.215900116586,0.259100139914,0.36320019612800003,0.340400183816,0.309900167346,0.375900202986,0.36580019753200005,0.22100011934000002,0.459700248238,0.213400115236,0.248900134406,0.340400183816,0.23370012619799999,0.25150013581,0.42160022766399996,0.13970007543799998,0.40390021810599996,0.337800182412,0.18030009736199998,0.213400115236,0.46740025239599997,0.386100208494,0.24380013165199996,0.14480007819200003,0.13970007543799998,0.20927011300579998,0.23370012619799999,0.3159147539272083,0.33910018311400003,0.37845020436300003,0.44042023782680007,0.469900253746,2023-03-11
03-12,3,12,0.304800164592,0.434300234522,0.20070010837799998,0.375900202986,0.35050018927,0.393700212598,0.434300234522,0.439400237276,0.20570011107800001,0.28700015498,0.36070019477799997,0.355600192024,0.259100139914,0.21080011383199998,0.454700245538,0.23370012619799999,0.35050018927,0.459700248238,0.469900253746,0.36070019477799997,0.34290018516599996,0.304800164592,0.218400117936,0.28190015222599996,0.21080011383199998,0.261600141264,0.36320019612800003,0.34540018651599996,0.309900167346,0.375900202986,0.36580019753200005,0.22100011934000002,0.462300249642,0.213400115236,0.248900134406,0.34290018516599996,0.226100122094,0.25150013581,0.416600224964,0.13970007543799998,0.40390021810599996,0.340400183816,0.18800010152,0.213400115236,0.46740025239599997,0.386100208494,0.24380013165199996,0.14480007819200003,0.13970007543799998,0.20927011300579998,0.231800125172,0.317343921365625,0.341650184491,0.37845020436300003,0.44399023975460006,0.469900253746,2023-03-12
03-13,3,13,0.304800164592,0.44700024137999994,0.20070010837799998,0.37850020439,0.35050018927,0.396200213948,0.44450024003,0.439400237276,0.20570011107800001,0.294600159084,0.35050018927,0.355600192024,0.259100139914,0.208300112482,0.454700245538,0.23370012619799999,0.35050018927,0.459700248238,0.472400255096,0.36070019477799997,0.34540018651599996,0.312400168696,0.22100011934000002,0.292100157734,0.20570011107800001,0.259100139914,0.36320019612800003,0.3480001879199999,0.304800164592,0.375900202986,0.36580019753200005,0.226100122094,0.472400255096,0.213400115236,0.248900134406,0.3480001879199999,0.218400117936,0.248900134406,0.41150022221,0.13970007543799998,0.406400219456,0.340400183816,0.195600105624,0.22100011934000002,0.47750025784999994,0.386100208494,0.246400133056,0.14480007819200003,0.13970007543799998,0.20570011107800001,0.231800125172,0.3188751721925,0.34290018516599996,0.380400205416,0.4493102426274,0.47750025784999994,2023-03-13
03-14,3,14,0.304800164592,0.44700024137999994,0.20070010837799998,0.37850020439,0.35050018927,0.398800215352,0.44700024137999994,0.439400237276,0.22100011934000002,0.294600159084,0.355600192024,0.358100193374,0.259100139914,0.20570011107800001,0.457200246888,0.23880012895200003,0.34540018651599996,0.459700248238,0.480100259254,0.36070019477799997,0.34540018651599996,0.312400168696,0.22100011934000002,0.309900167346,0.20070010837799998,0.259100139914,0.36320019612800003,0.35050018927,0.299700161838,0.375900202986,0.36580019753200005,0.228600123444,0.4750002565,0.213400115236,0.248900134406,0.3480001879199999,0.21080011383199998,0.246400133056,0.40130021670199995,0.13970007543799998,0.42420022906800003,0.340400183816,0.203200109728,0.228600123444,0.47750025784999994,0.396200213948,0.259100139914,0.14220007678799998,0.13970007543799998,0.204950110673,0.23625012757500002,0.3206210064685833,0.34290018516599996,0.3829252067795,0.4500602430324,0.480100259254,2023-03-14
03-15,3,15,0.304800164592,0.44700024137999994,0.20070010837799998,0.386100208494,0.35050018927,0.398800215352,0.44700024137999994,0.44700024137999994,0.22100011934000002,0.297200160488,0.355600192024,0.36580019753200005,0.259100139914,0.20070010837799998,0.46480025099199995,0.246400133056,0.337800182412,0.462300249642,0.469900253746,0.36320019612800003,0.34540018651599996,0.312400168696,0.22100011934000002,0.312400168696,0.198100106974,0.25400013716000003,0.36320019612800003,0.358100193374,0.294600159084,0.38100020574,0.36580019753200005,0.23370012619799999,0.4750002565,0.213400115236,0.241300130302,0.35310019067400006,0.20570011107800001,0.24380013165199996,0.393700212598,0.147300079542,0.42420022906800003,0.34540018651599996,0.203200109728,0.228600123444,0.480100259254,0.396200213948,0.259100139914,0.14220007678799998,0.14220007678799998,0.202450109323,0.23940012927600002,0.32120225678245834,0.341600184464,0.38800020952000003,0.4515902438586,0.480100259254,2023-03-15
03-16,3,16,0.304800164592,0.44700024137999994,0.20070010837799998,0.393700212598,0.35050018927,0.40890022080599997,0.44700024137999994,0.44700024137999994,0.22350012068999997,0.297200160488,0.355600192024,0.36580019753200005,0.261600141264,0.19300010422,0.472400255096,0.246400133056,0.32770017695799997,0.462300249642,0.469900253746,0.36320019612800003,0.34540018651599996,0.312400168696,0.22100011934000002,0.3150001701,0.203200109728,0.25400013716000003,0.368300198882,0.368300198882,0.294600159084,0.38100020574,0.36580019753200005,0.23370012619799999,0.4750002565,0.213400115236,0.236200127548,0.35310019067400006,0.198100106974,0.248900134406,0.38100020574,0.15750008505,0.42420022906800003,0.34290018516599996,0.208300112482,0.228600123444,0.497800268812,0.398800215352,0.26420014266799996,0.137200074088,0.137200074088,0.202450109323,0.2355751272105,0.3222105906602917,0.335300181062,0.38417520745449996,0.4515902438586,0.497800268812,2023-03-16
03-17,3,17,0.30730016594200005,0.457200246888,0.22100011934000002,0.396200213948,0.35310019067400006,0.439400237276,0.44700024137999994,0.452100244134,0.23370012619799999,0.297200160488,0.36320019612800003,0.368300198882,0.261600141264,0.18540010011600003,0.480100259254,0.236200127548,0.3200001728,0.462300249642,0.454700245538,0.35310019067400006,0.34540018651599996,0.31750017145000003,0.22350012068999997,0.322600174204,0.20570011107800001,0.248900134406,0.37850020439,0.373400201636,0.292100157734,0.386100208494,0.36580019753200005,0.23370012619799999,0.482600260604,0.208300112482,0.23370012619799999,0.35310019067400006,0.19050010287,0.25400013716000003,0.37080020023200005,0.15750008505,0.42420022906800003,0.337800182412,0.208300112482,0.228600123444,0.497800268812,0.398800215352,0.26420014266799996,0.13210007133399998,0.13210007133399998,0.2075201120608,0.23370012619799999,0.32342934131841666,0.33020017830799997,0.3886252098575,0.455450245943,0.497800268812,2023-03-17
03-18,3,18,0.3150001701,0.457200246888,0.226100122094,0.396200213948,0.35310019067400006,0.439400237276,0.44700024137999994,0.46480025099199995,0.23370012619799999,0.297200160488,0.36320019612800003,0.368300198882,0.26420014266799996,0.18540010011600003,0.497800268812,0.231100124794,0.312400168696,0.462300249642,0.469900253746,0.36070019477799997,0.34540018651599996,0.31750017145000003,0.22350012068999997,0.32510017555399995,0.208300112482,0.24380013165199996,0.38350020709000004,0.373400201636,0.28700015498,0.386100208494,0.36580019753200005,0.23370012619799999,0.482600260604,0.20570011107800001,0.236200127548,0.36070019477799997,0.18030009736199998,0.25400013716000003,0.36070019477799997,0.16760009050400002,0.42420022906800003,0.332700179658,0.208300112482,0.228600123444,0.497800268812,0.398800215352,0.26420014266799996,0.13210007133399998,0.13210007133399998,0.2075201120608,0.23370012619799999,0.32442934185841665,0.328900177606,0.3886252098575,0.463050250047,0.497800268812,2023-03-18
03-19,3,19,0.3150001701,0.457200246888,0.226100122094,0.396200213948,0.35310019067400006,0.452100244134,0.44700024137999994,0.46480025099199995,0.248900134406,0.297200160488,0.36580019753200005,0.368300198882,0.26920014536799997,0.18540010011600003,0.497800268812,0.228600123444,0.312400168696,0.462300249642,0.46740025239599997,0.36320019612800003,0.34290018516599996,0.322600174204,0.226100122094,0.32510017555399995,0.208300112482,0.23880012895200003,0.388600209844,0.37850020439,0.276900149526,0.393700212598,0.36580019753200005,0.23370012619799999,0.482600260604,0.203200109728,0.241300130302,0.36070019477799997,0.17270009325799998,0.25400013716000003,0.35050018927,0.175300094662,0.42420022906800003,0.32510017555399995,0.208300112482,0.228600123444,0.497800268812,0.398800215352,0.27940015087599995,0.13210007133399998,0.13210007133399998,0.2067701116558,0.23752512826350003,0.32528350898633335,0.32510017555399995,0.3943252129355,0.463050250047,0.497800268812,2023-03-19
03-20,3,20,0.3150001701,0.457200246888,0.228600123444,0.40890022080599997,0.355600192024,0.452100244134,0.44700024137999994,0.46480025099199995,0.248900134406,0.297200160488,0.368300198882,0.368300198882,0.271800146772,0.195600105624,0.500400270216,0.26670014401799996,0.312400168696,0.469900253746,0.44960024278399996,0.36580019753200005,0.340400183816,0.32770017695799997,0.22100011934000002,0.330200178308,0.21080011383199998,0.231100124794,0.391200211248,0.386100208494,0.26920014536799997,0.396200213948,0.3480001879199999,0.23880012895200003,0.48510026195399997,0.218400117936,0.241300130302,0.36580019753200005,0.170200091908,0.25400013716000003,0.337800182412,0.175300094662,0.42420022906800003,0.330200178308,0.21080011383199998,0.231100124794,0.497800268812,0.398800215352,0.27940015087599995,0.13210007133399998,0.13210007133399998,0.21080011383199998,0.24067512996450002,0.3268147598132083,0.330200178308,0.39685021429899997,0.4594802481192,0.500400270216,2023-03-20
03-21,3,21,0.3150001701,0.457200246888,0.23370012619799999,0.40890022080599997,0.36580019753200005,0.452100244134,0.44700024137999994,0.46480025099199995,0.25400013716000003,0.297200160488,0.368300198882,0.36580019753200005,0.27940015087599995,0.203200109728,0.500400270216,0.261600141264,0.312400168696,0.469900253746,0.42420022906800003,0.368300198882,0.335300181062,0.337800182412,0.213400115236,0.332700179658,0.208300112482,0.22100011934000002,0.40390021810599996,0.386100208494,0.25400013716000003,0.396200213948,0.337800182412,0.241300130302,0.48510026195399997,0.22350012068999997,0.246400133056,0.36580019753200005,0.16260008780399998,0.25400013716000003,0.32770017695799997,0.177800096012,0.42420022906800003,0.330200178308,0.22100011934000002,0.231100124794,0.5029002715659999,0.398800215352,0.27940015087599995,0.12450006723,0.12450006723,0.2118701144098,0.2451251323675,0.32650017631,0.331450178983,0.4000752160405,0.4594802481192,0.5029002715659999,2023-03-21
03-22,3,22,0.3150001701,0.46480025099199995,0.236200127548,0.40890022080599997,0.37080020023200005,0.452100244134,0.452100244134,0.459700248238,0.25400013716000003,0.297200160488,0.37080020023200005,0.355600192024,0.28450015363,0.208300112482,0.495300267462,0.259100139914,0.31750017145000003,0.469900253746,0.41150022221,0.358100193374,0.330200178308,0.340400183816,0.20570011107800001,0.332700179658,0.208300112482,0.213400115236,0.40390021810599996,0.386100208494,0.24380013165199996,0.40390021810599996,0.322600174204,0.241300130302,0.492800266112,0.226100122094,0.25650013851000003,0.36580019753200005,0.152400082296,0.25400013716000003,0.309900167346,0.177800096012,0.426700230418,0.330200178308,0.22100011934000002,0.231100124794,0.50550027297,0.398800215352,0.28450015363,0.116800063072,0.116800063072,0.208300112482,0.24317513131449997,0.3254918424321667,0.32640017625600004,0.40390021810599996,0.4612302490642,0.50550027297,2023-03-22
03-23,3,23,0.3150001701,0.46480025099199995,0.236200127548,0.40890022080599997,0.373400201636,0.459700248238,0.452100244134,0.459700248238,0.25400013716000003,0.297200160488,0.37080020023200005,0.35310019067400006,0.28450015363,0.208300112482,0.495300267462,0.271800146772,0.32510017555399995,0.469900253746,0.40390021810599996,0.35310019067400006,0.330200178308,0.340400183816,0.20570011107800001,0.332700179658,0.208300112482,0.208300112482,0.40390021810599996,0.386100208494,0.24380013165199996,0.40390021810599996,0.32510017555399995,0.24380013165199996,0.492800266112,0.226100122094,0.26420014266799996,0.36580019753200005,0.147300079542,0.25650013851000003,0.292100157734,0.18540010011600003,0.431800233172,0.332700179658,0.22100011934000002,0.231100124794,0.5105002756699999,0.398800215352,0.28960015638400005,0.109200058968,0.109200058968,0.208300112482,0.24380013165199996,0.3259147593272083,0.32765017693099996,0.40390021810599996,0.4612302490642,0.5105002756699999,2023-03-23
03-24,3,24,0.3150001701,0.46480025099199995,0.23880012895200003,0.40890022080599997,0.37850020439,0.459700248238,0.452100244134,0.452100244134,0.25400013716000003,0.297200160488,0.375900202986,0.35050018927,0.28450015363,0.208300112482,0.48510026195399997,0.271800146772,0.330200178308,0.482600260604,0.398800215352,0.335300181062,0.322600174204,0.340400183816,0.203200109728,0.34290018516599996,0.203200109728,0.195600105624,0.41400022355999994,0.386100208494,0.236200127548,0.40390021810599996,0.337800182412,0.248900134406,0.492800266112,0.22350012068999997,0.26920014536799997,0.36580019753200005,0.154900083646,0.261600141264,0.302300163242,0.18540010011600003,0.431800233172,0.332700179658,0.22100011934000002,0.231100124794,0.518200279828,0.398800215352,0.28960015638400005,0.101600054864,0.101600054864,0.203200109728,0.24637513304250003,0.32623350949933333,0.331450178983,0.4000752160405,0.4612302490642,0.518200279828,2023-03-24
03-25,3,25,0.3150001701,0.46480025099199995,0.23880012895200003,0.40890022080599997,0.391200211248,0.459700248238,0.452100244134,0.452100244134,0.25650013851000003,0.302300163242,0.375900202986,0.35050018927,0.28450015363,0.208300112482,0.469900253746,0.274300148122,0.335300181062,0.5080002743200001,0.398800215352,0.322600174204,0.312400168696,0.34290018516599996,0.20070010837799998,0.35050018927,0.203200109728,0.18290009876600002,0.42420022906800003,0.386100208494,0.228600123444,0.40390021810599996,0.337800182412,0.248900134406,0.492800266112,0.215900116586,0.26920014536799997,0.36320019612800003,0.154900083646,0.26920014536799997,0.297200160488,0.18540010011600003,0.44200023868000005,0.330200178308,0.22100011934000002,0.231100124794,0.5334002880359999,0.406400219456,0.28700015498,0.088900048006,0.088900048006,0.202450109323,0.24637513304250003,0.32665434305991664,0.32640017625600004,0.4045252184435,0.4612302490642,0.5334002880359999,2023-03-25
03-26,3,26,0.31750017145000003,0.490200264708,0.23880012895200003,0.40890022080599997,0.40390021810599996,0.46480025099199995,0.457200246888,0.452100244134,0.259100139914,0.302300163242,0.375900202986,0.35050018927,0.294600159084,0.213400115236,0.454700245538,0.27940015087599995,0.337800182412,0.5105002756699999,0.398800215352,0.30730016594200005,0.299700161838,0.34540018651599996,0.18800010152,0.35050018927,0.20570011107800001,0.177800096012,0.426700230418,0.388600209844,0.213400115236,0.40130021670199995,0.36320019612800003,0.248900134406,0.497800268812,0.208300112482,0.271800146772,0.36070019477799997,0.152400082296,0.271800146772,0.299700161838,0.18540010011600003,0.44200023868000005,0.332700179658,0.22100011934000002,0.231100124794,0.54100029214,0.40890022080599997,0.27940015087599995,0.068600037044,0.068600037044,0.20039010821060002,0.24637513304250003,0.32707309328604167,0.325100175554,0.405150218781,0.4594802481192,0.54100029214,2023-03-26
03-27,3,27,0.31750017145000003,0.490200264708,0.26420014266799996,0.41400022355999994,0.40890022080599997,0.46480025099199995,0.459700248238,0.452100244134,0.276900149526,0.297200160488,0.38100020574,0.340400183816,0.297200160488,0.208300112482,0.439400237276,0.28190015222599996,0.337800182412,0.5105002756699999,0.398800215352,0.302300163242,0.299700161838,0.340400183816,0.18290009876600002,0.35310019067400006,0.21080011383199998,0.165100089154,0.426700230418,0.398800215352,0.20570011107800001,0.396200213948,0.36580019753200005,0.25150013581,0.497800268812,0.198100106974,0.271800146772,0.36580019753200005,0.149900080946,0.271800146772,0.299700161838,0.19300010422,0.439400237276,0.340400183816,0.22350012068999997,0.226100122094,0.54100029214,0.40890022080599997,0.259100139914,0.050800027432,0.050800027432,0.1965701061478,0.257200138888,0.32660225969845835,0.327650176931,0.40890022080599997,0.4612302490642,0.54100029214,2023-03-27
03-28,3,28,0.32770017695799997,0.490200264708,0.271800146772,0.426700230418,0.41910022631399996,0.469900253746,0.46480025099199995,0.44700024137999994,0.28450015363,0.276900149526,0.38350020709000004,0.337800182412,0.297200160488,0.20070010837799998,0.431800233172,0.28960015638400005,0.337800182412,0.5105002756699999,0.398800215352,0.322600174204,0.302300163242,0.337800182412,0.177800096012,0.35310019067400006,0.22350012068999997,0.175300094662,0.426700230418,0.40130021670199995,0.20570011107800001,0.396200213948,0.36580019753200005,0.25150013581,0.5080002743200001,0.20070010837799998,0.26670014401799996,0.375900202986,0.137200074088,0.274300148122,0.3200001728,0.19300010422,0.43690023592599997,0.34540018651599996,0.22350012068999997,0.213400115236,0.5512002976479999,0.426700230418,0.246400133056,0.045700024677999995,0.045700024677999995,0.19839010713059999,0.2502251351215,0.32856059408929167,0.332750179685,0.42100022734,0.4663302518182,0.5512002976479999,2023-03-28
03-29,3,29,0.332700179658,0.490200264708,0.274300148122,0.434300234522,0.41910022631399996,0.472400255096,0.469900253746,0.434300234522,0.294600159084,0.271800146772,0.388600209844,0.340400183816,0.299700161838,0.19300010422,0.429300231822,0.28190015222599996,0.337800182412,0.5105002756699999,0.398800215352,0.34290018516599996,0.309900167346,0.322600174204,0.18540010011600003,0.35050018927,0.22350012068999997,0.18540010011600003,0.44200023868000005,0.40390021810599996,0.21080011383199998,0.393700212598,0.36580019753200005,0.25150013581,0.513100277074,0.20070010837799998,0.259100139914,0.375900202986,0.12700006858000001,0.274300148122,0.322600174204,0.198100106974,0.43690023592599997,0.34540018651599996,0.22350012068999997,0.208300112482,0.5512002976479999,0.429300231822,0.23880012895200003,0.03050001647,0.03050001647,0.1965701061478,0.24832513409550003,0.32908767770725,0.335250181035,0.42165022769099997,0.470650254151,0.5512002976479999,2023-03-29
03-30,3,30,0.34290018516599996,0.490200264708,0.28960015638400005,0.43690023592599997,0.42160022766399996,0.472400255096,0.469900253746,0.426700230418,0.297200160488,0.274300148122,0.391200211248,0.34290018516599996,0.304800164592,0.18030009736199998,0.431800233172,0.259100139914,0.337800182412,0.518200279828,0.398800215352,0.3480001879199999,0.30730016594200005,0.322600174204,0.19300010422,0.3480001879199999,0.228600123444,0.18540010011600003,0.44450024003,0.42160022766399996,0.21080011383199998,0.396200213948,0.37080020023200005,0.23880012895200003,0.513100277074,0.19300010422,0.25400013716000003,0.37850020439,0.114300061722,0.276900149526,0.3200001728,0.198100106974,0.452100244134,0.3480001879199999,0.22350012068999997,0.213400115236,0.556300300402,0.434300234522,0.241300130302,0.010200005508000001,0.010200005508000001,0.19300010422,0.24067512996450002,0.32977517807850004,0.34035018378899995,0.42287522835249997,0.470650254151,0.556300300402,2023-03-30
03-31,3,31,0.3480001879199999,0.495300267462,0.330200178308,0.439400237276,0.42160022766399996,0.472400255096,0.47750025784999994,0.41400022355999994,0.299700161838,0.27940015087599995,0.34290018516599996,0.34540018651599996,0.304800164592,0.16760009050400002,0.434300234522,0.231100124794,0.337800182412,0.518200279828,0.37850020439,0.36070019477799997,0.304800164592,0.32510017555399995,0.19300010422,0.34540018651599996,0.228600123444,0.18290009876600002,0.44960024278399996,0.42160022766399996,0.215900116586,0.396200213948,0.375900202986,0.231100124794,0.5156002784239999,0.18800010152,0.248900134406,0.386100208494,0.09910005351399999,0.28450015363,0.337800182412,0.198100106974,0.44960024278399996,0.35310019067400006,0.22350012068999997,0.208300112482,0.56900030726,0.439400237276,0.24380013165199996,0.0,0.0,0.19150010340999998,0.231100124794,0.32945226123745835,0.34035018378899995,0.42160022766399996,0.4739302559222,0.56900030726,2023-03-31
04-01,4,1,0.35310019067400006,0.495300267462,0.330200178308,0.439400237276,0.42160022766399996,0.472400255096,0.490200264708,0.398800215352,0.299700161838,0.27940015087599995,0.34290018516599996,0.335300181062,0.304800164592,0.16260008780399998,0.434300234522,0.20570011107800001,0.337800182412,0.518200279828,0.396200213948,0.36320019612800003,0.3150001701,0.335300181062,0.19300010422,0.340400183816,0.228600123444,0.175300094662,0.452100244134,0.42160022766399996,0.21080011383199998,0.40130021670199995,0.386100208494,0.24380013165199996,0.5156002784239999,0.177800096012,0.231100124794,0.386100208494,0.08130004390199999,0.28700015498,0.340400183816,0.18540010011600003,0.44450024003,0.35310019067400006,0.22350012068999997,0.20570011107800001,0.5791003127139999,0.452100244134,0.25650013851000003,0.0,0.0,0.18312009888480002,0.23047512445649998,0.32924184445716664,0.33910018311400003,0.42160022766399996,0.47774025797960007,0.5791003127139999,2023-04-01
04-02,4,2,0.355600192024,0.497800268812,0.330200178308,0.452100244134,0.434300234522,0.472400255096,0.490200264708,0.42160022766399996,0.299700161838,0.27940015087599995,0.358100193374,0.330200178308,0.302300163242,0.1600000864,0.439400237276,0.22100011934000002,0.337800182412,0.518200279828,0.398800215352,0.36320019612800003,0.32510017555399995,0.332700179658,0.18540010011600003,0.332700179658,0.226100122094,0.16260008780399998,0.452100244134,0.429300231822,0.208300112482,0.40390021810599996,0.388600209844,0.25650013851000003,0.50550027297,0.1600000864,0.24380013165199996,0.393700212598,0.076200041148,0.297200160488,0.332700179658,0.175300094662,0.44200023868000005,0.35310019067400006,0.22100011934000002,0.203200109728,0.5817003141179999,0.459700248238,0.26420014266799996,0.0,0.0,0.1714900926046,0.23937512926249996,0.3307272619259583,0.332700179658,0.430550232497,0.47774025797960007,0.5817003141179999,2023-04-02
04-03,4,3,0.358100193374,0.497800268812,0.340400183816,0.452100244134,0.44450024003,0.48510026195399997,0.482600260604,0.434300234522,0.292100157734,0.27940015087599995,0.396200213948,0.32510017555399995,0.294600159084,0.152400082296,0.454700245538,0.213400115236,0.337800182412,0.5080002743200001,0.398800215352,0.36580019753200005,0.332700179658,0.32770017695799997,0.19300010422,0.32510017555399995,0.22350012068999997,0.152400082296,0.452100244134,0.431800233172,0.198100106974,0.41400022355999994,0.406400219456,0.261600141264,0.513100277074,0.1600000864,0.25150013581,0.393700212598,0.08380004525200001,0.294600159084,0.337800182412,0.170200091908,0.439400237276,0.35310019067400006,0.215900116586,0.195600105624,0.5817003141179999,0.459700248238,0.26420014266799996,0.020300010961999997,0.020300010961999997,0.1671400902556,0.24450013203,0.33262934628641666,0.337800182412,0.4355752352105,0.483350261009,0.5817003141179999,2023-04-03
04-04,4,4,0.38100020574,0.497800268812,0.34290018516599996,0.457200246888,0.452100244134,0.48510026195399997,0.459700248238,0.431800233172,0.274300148122,0.274300148122,0.40130021670199995,0.3150001701,0.28960015638400005,0.14480007819200003,0.457200246888,0.218400117936,0.337800182412,0.5156002784239999,0.398800215352,0.36580019753200005,0.340400183816,0.3200001728,0.19300010422,0.31750017145000003,0.228600123444,0.13460007268399998,0.44700024137999994,0.42420022906800003,0.18800010152,0.41910022631399996,0.42160022766399996,0.26920014536799997,0.520700281178,0.165100089154,0.24380013165199996,0.393700212598,0.078700042498,0.28960015638400005,0.337800182412,0.165100089154,0.43690023592599997,0.35310019067400006,0.20570011107800001,0.18800010152,0.594400320976,0.459700248238,0.26420014266799996,0.020300010961999997,0.020300010961999997,0.165100089154,0.24000012959999997,0.3316772624389583,0.33910018311400003,0.4330752338605,0.4673202523528001,0.594400320976,2023-04-04
04-05,4,5,0.368300198882,0.497800268812,0.34540018651599996,0.469900253746,0.459700248238,0.48510026195399997,0.457200246888,0.426700230418,0.26920014536799997,0.261600141264,0.40390021810599996,0.3150001701,0.274300148122,0.137200074088,0.46480025099199995,0.22100011934000002,0.337800182412,0.513100277074,0.398800215352,0.368300198882,0.3480001879199999,0.309900167346,0.20070010837799998,0.309900167346,0.236200127548,0.12450006723,0.452100244134,0.40890022080599997,0.177800096012,0.42160022766399996,0.429300231822,0.27940015087599995,0.520700281178,0.154900083646,0.236200127548,0.40130021670199995,0.073700039798,0.28450015363,0.337800182412,0.16260008780399998,0.426700230418,0.35310019067400006,0.18800010152,0.18540010011600003,0.614700331938,0.457200246888,0.26420014266799996,0.020300010961999997,0.020300010961999997,0.1602900865566,0.236200127548,0.330306428365375,0.341600184464,0.427350230769,0.47446025620840004,0.614700331938,2023-04-05
04-06,4,6,0.36320019612800003,0.497800268812,0.34540018651599996,0.472400255096,0.459700248238,0.48510026195399997,0.452100244134,0.426700230418,0.26920014536799997,0.261600141264,0.40390021810599996,0.302300163242,0.248900134406,0.12450006723,0.46480025099199995,0.22350012068999997,0.32510017555399995,0.513100277074,0.398800215352,0.368300198882,0.36070019477799997,0.28700015498,0.21080011383199998,0.297200160488,0.241300130302,0.116800063072,0.454700245538,0.40890022080599997,0.16260008780399998,0.42420022906800003,0.429300231822,0.299700161838,0.5258002839320001,0.13970007543799998,0.23370012619799999,0.40130021670199995,0.053300028782,0.276900149526,0.337800182412,0.15750008505,0.416600224964,0.35050018927,0.18290009876600002,0.19050010287,0.619800334692,0.457200246888,0.26420014266799996,0.012700006858,0.012700006858,0.15216008216639998,0.23940012927600002,0.32750017685000005,0.341600184464,0.427350230769,0.47621025715340004,0.619800334692,2023-04-06
04-07,4,7,0.355600192024,0.497800268812,0.34290018516599996,0.482600260604,0.459700248238,0.48510026195399997,0.44450024003,0.42160022766399996,0.259100139914,0.246400133056,0.391200211248,0.28190015222599996,0.236200127548,0.11940006447600002,0.469900253746,0.226100122094,0.312400168696,0.5080002743200001,0.398800215352,0.373400201636,0.36070019477799997,0.26920014536799997,0.213400115236,0.28960015638400005,0.241300130302,0.106700057618,0.44450024003,0.431800233172,0.152400082296,0.42420022906800003,0.426700230418,0.304800164592,0.5258002839320001,0.13210007133399998,0.231100124794,0.41150022221,0.045700024677999995,0.274300148122,0.3200001728,0.154900083646,0.41150022221,0.35050018927,0.18540010011600003,0.18290009876600002,0.619800334692,0.459700248238,0.26420014266799996,0.0,0.0,0.1463100790074,0.23492512685949998,0.3239022582404583,0.331450178983,0.4279752311065,0.483350261009,0.619800334692,2023-04-07
04-08,4,8,0.3480001879199999,0.497800268812,0.34290018516599996,0.48510026195399997,0.459700248238,0.490200264708,0.42160022766399996,0.42160022766399996,0.25150013581,0.228600123444,0.36320019612800003,0.261600141264,0.226100122094,0.111800060372,0.469900253746,0.236200127548,0.297200160488,0.500400270216,0.398800215352,0.375900202986,0.36070019477799997,0.259100139914,0.228600123444,0.28190015222599996,0.246400133056,0.09650005211,0.431800233172,0.429300231822,0.14220007678799998,0.431800233172,0.42160022766399996,0.30730016594200005,0.5309002866860001,0.13460007268399998,0.226100122094,0.406400219456,0.035600019223999996,0.26420014266799996,0.302300163242,0.14480007819200003,0.40390021810599996,0.34290018516599996,0.18540010011600003,0.17270009325799998,0.619800334692,0.462300249642,0.26420014266799996,0.0,0.0,0.13992007555679997,0.228600123444,0.3191960056990833,0.325100175554,0.42352522870349996,0.4866302627802,0.619800334692,2023-04-08
04-09,4,9,0.340400183816,0.497800268812,0.34290018516599996,0.48510026195399997,0.459700248238,0.490200264708,0.40390021810599996,0.42160022766399996,0.241300130302,0.213400115236,0.3480001879199999,0.26920014536799997,0.236200127548,0.09910005351399999,0.469900253746,0.236200127548,0.302300163242,0.492800266112,0.398800215352,0.386100208494,0.36070019477799997,0.248900134406,0.23370012619799999,0.274300148122,0.246400133056,0.088900048006,0.429300231822,0.42160022766399996,0.13460007268399998,0.434300234522,0.42160022766399996,0.304800164592,0.543600293544,0.13210007133399998,0.246400133056,0.386100208494,0.03300001782,0.25400013716000003,0.309900167346,0.14220007678799998,0.396200213948,0.32510017555399995,0.18030009736199998,0.154900083646,0.619800334692,0.459700248238,0.246400133056,0.0,0.0,0.13385007227899998,0.236200127548,0.31591058725829163,0.31750017145,0.42160022766399996,0.4866302627802,0.619800334692,2023-04-09
04-10,4,10,0.335300181062,0.497800268812,0.335300181062,0.48510026195399997,0.459700248238,0.5029002715659999,0.391200211248,0.42160022766399996,0.23370012619799999,0.213400115236,0.335300181062,0.271800146772,0.236200127548,0.086400046656,0.46740025239599997,0.24380013165199996,0.304800164592,0.47750025784999994,0.398800215352,0.37850020439,0.36070019477799997,0.23370012619799999,0.23880012895200003,0.259100139914,0.231100124794,0.078700042498,0.429300231822,0.41150022221,0.13460007268399998,0.44450024003,0.42420022906800003,0.302300163242,0.556300300402,0.116800063072,0.246400133056,0.368300198882,0.022900012366000002,0.23370012619799999,0.312400168696,0.13460007268399998,0.40890022080599997,0.309900167346,0.170200091908,0.147300079542,0.614700331938,0.457200246888,0.226100122094,0.0,0.0,0.1292600698004,0.233050125847,0.31147308486204167,0.31115016802100004,0.422250228015,0.4797802590812,0.614700331938,2023-04-10
04-11,4,11,0.35050018927,0.497800268812,0.322600174204,0.48510026195399997,0.459700248238,0.5080002743200001,0.375900202986,0.42160022766399996,0.228600123444,0.213400115236,0.31750017145000003,0.261600141264,0.26670014401799996,0.06600003564,0.459700248238,0.248900134406,0.304800164592,0.454700245538,0.398800215352,0.368300198882,0.36070019477799997,0.226100122094,0.241300130302,0.248900134406,0.213400115236,0.076200041148,0.429300231822,0.40390021810599996,0.137200074088,0.454700245538,0.42420022906800003,0.297200160488,0.5613003031020001,0.09910005351399999,0.25150013581,0.34540018651599996,0.017800009611999998,0.213400115236,0.312400168696,0.12450006723,0.44960024278399996,0.299700161838,0.1600000864,0.147300079542,0.599400323676,0.454700245538,0.203200109728,0.0,0.0,0.1168800631152,0.213400115236,0.30755433274591665,0.30860016664400003,0.42547522975650004,0.4673202523528001,0.599400323676,2023-04-11
04-12,4,12,0.35310019067400006,0.497800268812,0.304800164592,0.48510026195399997,0.46480025099199995,0.5156002784239999,0.36320019612800003,0.42160022766399996,0.231100124794,0.19300010422,0.30730016594200005,0.248900134406,0.274300148122,0.045700024677999995,0.44960024278399996,0.241300130302,0.304800164592,0.43690023592599997,0.398800215352,0.36320019612800003,0.355600192024,0.22350012068999997,0.241300130302,0.24380013165199996,0.19050010287,0.068600037044,0.426700230418,0.40390021810599996,0.137200074088,0.457200246888,0.44700024137999994,0.294600159084,0.5588003017519999,0.076200041148,0.25150013581,0.3200001728,0.00250000135,0.195600105624,0.304800164592,0.101600054864,0.459700248238,0.28450015363,0.154900083646,0.15750008505,0.5817003141179999,0.44960024278399996,0.175300094662,0.0,0.0,0.0939800507492,0.194950105273,0.3013543293979167,0.304800164592,0.429250231795,0.47089025428060005,0.5817003141179999,2023-04-12
04-13,4,13,0.35310019067400006,0.497800268812,0.28960015638400005,0.48510026195399997,0.46480025099199995,0.520700281178,0.34540018651599996,0.426700230418,0.231100124794,0.177800096012,0.292100157734,0.23880012895200003,0.276900149526,0.020300010961999997,0.457200246888,0.231100124794,0.299700161838,0.429300231822,0.398800215352,0.37080020023200005,0.355600192024,0.208300112482,0.24380013165199996,0.231100124794,0.16260008780399998,0.058400031536,0.41400022355999994,0.38350020709000004,0.14220007678799998,0.457200246888,0.44200023868000005,0.297200160488,0.5588003017519999,0.06100003294,0.24380013165199996,0.30730016594200005,0.0,0.18540010011600003,0.27940015087599995,0.104100056214,0.46480025099199995,0.27940015087599995,0.149900080946,0.17270009325799998,0.5639003045059999,0.44200023868000005,0.147300079542,0.0,0.0,0.0911700492318,0.18350009909000004,0.29505849266483336,0.290850157059,0.427350230769,0.47089025428060005,0.5639003045059999,2023-04-13
04-14,4,14,0.35310019067400006,0.497800268812,0.27940015087599995,0.48510026195399997,0.46480025099199995,0.520700281178,0.32510017555399995,0.44700024137999994,0.228600123444,0.154900083646,0.276900149526,0.218400117936,0.28700015498,0.00250000135,0.459700248238,0.218400117936,0.292100157734,0.43690023592599997,0.398800215352,0.375900202986,0.340400183816,0.18540010011600003,0.246400133056,0.215900116586,0.13970007543799998,0.040600021923999995,0.396200213948,0.36320019612800003,0.12950006993,0.44960024278399996,0.43690023592599997,0.304800164592,0.5639003045059999,0.06350003429000001,0.25150013581,0.322600174204,0.0,0.16760009050400002,0.24380013165199996,0.106700057618,0.46480025099199995,0.27940015087599995,0.14480007819200003,0.17270009325799998,0.5639003045059999,0.426700230418,0.137200074088,0.0,0.0,0.0937400506196,0.1714250925695,0.28918348949233336,0.28320015292799994,0.429250231795,0.47089025428060005,0.5639003045059999,2023-04-14
04-15,4,15,0.34290018516599996,0.497800268812,0.271800146772,0.48510026195399997,0.459700248238,0.520700281178,0.299700161838,0.44700024137999994,0.213400115236,0.137200074088,0.248900134406,0.18800010152,0.28450015363,0.0,0.44960024278399996,0.218400117936,0.28960015638400005,0.44200023868000005,0.38100020574,0.38100020574,0.335300181062,0.16260008780399998,0.248900134406,0.19300010422,0.11940006447600002,0.017800009611999998,0.391200211248,0.3480001879199999,0.106700057618,0.429300231822,0.44700024137999994,0.302300163242,0.5639003045059999,0.06350003429000001,0.25400013716000003,0.322600174204,0.00250000135,0.152400082296,0.23880012895200003,0.104100056214,0.46740025239599997,0.28450015363,0.154900083646,0.18030009736199998,0.5639003045059999,0.406400219456,0.12450006723,0.0,0.0,0.0919200496368,0.16067508676449999,0.282156402364375,0.28450015363,0.4121252225475,0.47271025526340005,0.5639003045059999,2023-04-15
04-16,4,16,0.32770017695799997,0.482600260604,0.26670014401799996,0.48510026195399997,0.452100244134,0.520700281178,0.276900149526,0.434300234522,0.198100106974,0.12450006723,0.228600123444,0.170200091908,0.27940015087599995,0.0,0.44960024278399996,0.198100106974,0.292100157734,0.44450024003,0.36070019477799997,0.393700212598,0.335300181062,0.17270009325799998,0.24380013165199996,0.18800010152,0.114300061722,0.007600004103999999,0.386100208494,0.340400183816,0.09140004935599999,0.431800233172,0.454700245538,0.28960015638400005,0.5639003045059999,0.06350003429000001,0.261600141264,0.3150001701,0.010200005508000001,0.152400082296,0.22350012068999997,0.09650005211,0.472400255096,0.28450015363,0.154900083646,0.18540010011600003,0.5588003017519999,0.388600209844,0.111800060372,,0.0,0.09446005100839999,0.17145009258299998,0.28264483347919145,0.27940015087599995,0.41275022288499996,0.47648025729919996,0.5639003045059999,2023-04-16
04-17,4,17,0.30730016594200005,0.482600260604,0.25150013581,0.457200246888,0.434300234522,0.5029002715659999,0.261600141264,0.459700248238,0.177800096012,0.106700057618,0.20570011107800001,0.152400082296,0.26670014401799996,0.0,0.454700245538,0.17270009325799998,0.292100157734,0.43690023592599997,0.330200178308,0.398800215352,0.3150001701,0.17270009325799998,0.231100124794,0.19300010422,0.104100056214,0.0,0.35050018927,0.3150001701,0.076200041148,0.43690023592599997,0.454700245538,0.28190015222599996,0.5613003031020001,0.06600003564,0.261600141264,0.30730016594200005,0.012700006858,0.154900083646,0.19300010422,0.08130004390199999,0.4750002565,0.294600159084,0.154900083646,0.19300010422,0.548600296244,0.40390021810599996,0.111800060372,,0.0,0.0792600428004,0.163800088452,0.2745278078194042,0.26670014401799996,0.419100226314,0.4658202515428,0.5613003031020001,2023-04-17
04-18,4,18,0.297200160488,0.472400255096,0.23370012619799999,0.457200246888,0.431800233172,0.46480025099199995,0.241300130302,0.472400255096,0.152400082296,0.09400005076,0.177800096012,0.137200074088,0.25650013851000003,0.0,0.434300234522,0.149900080946,0.302300163242,0.426700230418,0.304800164592,0.40130021670199995,0.28700015498,0.16760009050400002,0.213400115236,0.195600105624,0.09650005211,0.0,0.322600174204,0.337800182412,0.06350003429000001,0.439400237276,0.44700024137999994,0.26670014401799996,0.553700298998,0.048300026082,0.26670014401799996,0.27940015087599995,0.005100002754000001,0.15750008505,0.17270009325799998,0.08130004390199999,0.472400255096,0.299700161838,0.154900083646,0.18030009736199998,0.53850029079,0.393700212598,0.12190006582599998,,0.0,0.07418004005720001,0.153650082971,0.26534482413719146,0.26670014401799996,0.41400022356,0.46784025263359996,0.553700298998,2023-04-18
04-19,4,19,0.28700015498,0.457200246888,0.22100011934000002,0.457200246888,0.42160022766399996,0.44700024137999994,0.228600123444,0.472400255096,0.12700006858000001,0.08380004525200001,0.147300079542,0.12700006858000001,0.25650013851000003,0.0,0.439400237276,0.13210007133399998,0.304800164592,0.44960024278399996,0.292100157734,0.40130021670199995,0.259100139914,0.149900080946,0.19050010287,0.20570011107800001,0.109200058968,0.0,0.312400168696,0.340400183816,0.06350003429000001,0.439400237276,0.43690023592599997,0.25650013851000003,0.5588003017519999,0.045700024677999995,0.26670014401799996,0.261600141264,0.005100002754000001,0.14480007819200003,0.1600000864,0.073700039798,0.462300249642,0.299700161838,0.149900080946,0.1600000864,0.535900289386,0.38350020709000004,0.13210007133399998,,0.0,0.06962003759480001,0.138450074763,0.2586426928584681,0.25650013851000003,0.411450222183,0.457200246888,0.5588003017519999,2023-04-19
04-20,4,20,0.28700015498,0.439400237276,0.218400117936,0.457200246888,0.391200211248,0.434300234522,0.228600123444,0.469900253746,0.13210007133399998,0.073700039798,0.12450006723,0.106700057618,0.241300130302,0.0,0.454700245538,0.116800063072,0.312400168696,0.480100259254,0.27940015087599995,0.398800215352,0.23880012895200003,0.147300079542,0.170200091908,0.21080011383199998,0.09910005351399999,0.012700006858,0.312400168696,0.340400183816,0.06350003429000001,0.431800233172,0.41910022631399996,0.23880012895200003,0.5613003031020001,0.035600019223999996,0.274300148122,0.248900134406,0.005100002754000001,0.137200074088,0.15750008505,0.06350003429000001,0.44200023868000005,0.297200160488,0.14220007678799998,0.14220007678799998,0.535900289386,0.37080020023200005,0.12450006723,,0.0,0.06350003429000001,0.128300069282,0.2525448172251915,0.23880012895200003,0.3950002133,0.45570024607799997,0.5613003031020001,2023-04-20
04-21,4,21,0.28700015498,0.42160022766399996,0.213400115236,0.44450024003,0.388600209844,0.431800233172,0.228600123444,0.457200246888,0.13210007133399998,0.058400031536,0.09140004935599999,0.086400046656,0.226100122094,0.0,0.454700245538,0.09650005211,0.31750017145000003,0.480100259254,0.25400013716000003,0.396200213948,0.23880012895200003,0.152400082296,0.17270009325799998,0.215900116586,0.086400046656,0.012700006858,0.3150001701,0.335300181062,0.06350003429000001,0.42420022906800003,0.396200213948,0.215900116586,0.566400305856,0.03050001647,0.28450015363,0.23370012619799999,0.0,0.12700006858000001,0.16260008780399998,0.050800027432,0.426700230418,0.292100157734,0.137200074088,0.12450006723,0.535900289386,0.36070019477799997,0.111800060372,,0.0,0.055360029894400004,0.118150063801,0.245521409177234,0.228600123444,0.392400211896,0.4485802422332,0.566400305856,2023-04-21
04-22,4,22,0.26920014536799997,0.393700212598,0.20570011107800001,0.426700230418,0.391200211248,0.431800233172,0.23370012619799999,0.434300234522,0.111800060372,0.053300028782,0.06600003564,0.068600037044,0.231100124794,0.0,0.43690023592599997,0.078700042498,0.31750017145000003,0.48510026195399997,0.259100139914,0.38100020574,0.246400133056,0.13210007133399998,0.18030009736199998,0.215900116586,0.06350003429000001,0.017800009611999998,0.3200001728,0.3150001701,0.053300028782,0.426700230418,0.373400201636,0.203200109728,0.5639003045059999,0.007600004103999999,0.28450015363,0.21080011383199998,0.0,0.111800060372,0.16260008780399998,0.017800009611999998,0.41910022631399996,0.276900149526,0.137200074088,0.104100056214,0.53850029079,0.340400183816,0.09910005351399999,,0.0,0.039100021114000016,0.10160005486399999,0.2361128934583404,0.231100124794,0.377200203688,0.432800233712,0.5639003045059999,2023-04-22
04-23,4,23,0.259100139914,0.373400201636,0.18800010152,0.42160022766399996,0.37850020439,0.431800233172,0.24380013165199996,0.40890022080599997,0.08130004390199999,0.06350003429000001,0.027900015065999997,0.053300028782,0.226100122094,0.0,0.42420022906800003,0.038100020574,0.32510017555399995,0.48510026195399997,0.261600141264,0.34540018651599996,0.248900134406,0.114300061722,0.18030009736199998,0.208300112482,0.06350003429000001,0.022900012366000002,0.30730016594200005,0.28190015222599996,0.053300028782,0.41400022355999994,0.35050018927,0.20070010837799998,0.566400305856,0.00250000135,0.28450015363,0.19300010422,0.0,0.08380004525200001,0.14480007819200003,0.0,0.40390021810599996,0.271800146772,0.12700006858000001,0.116800063072,0.53850029079,0.309900167346,0.08380004525200001,,0.0,0.025900013986000003,0.08255004457699999,0.22572990912812768,0.226100122094,0.347950187893,0.4226402282256,0.566400305856,2023-04-23
04-24,4,24,0.23370012619799999,0.37080020023200005,0.165100089154,0.41400022355999994,0.36320019612800003,0.40890022080599997,0.246400133056,0.40130021670199995,0.101600054864,0.068600037044,0.0,0.03300001782,0.21080011383199998,0.0,0.41910022631399996,0.017800009611999998,0.32770017695799997,0.48510026195399997,0.271800146772,0.3150001701,0.248900134406,0.101600054864,0.177800096012,0.195600105624,0.06100003294,0.015200008207999998,0.28190015222599996,0.26420014266799996,0.048300026082,0.40890022080599997,0.322600174204,0.22350012068999997,0.5613003031020001,0.0,0.276900149526,0.19300010422,0.0,0.055900030186,0.12700006858000001,0.0,0.38350020709000004,0.25150013581,0.106700057618,0.12190006582599998,0.53850029079,0.292100157734,0.06350003429000001,,0.0,0.009120004924800008,0.066050035667,0.21649373392782978,0.22350012068999997,0.325150175581,0.41094022190759993,0.5613003031020001,2023-04-24
04-25,4,25,0.23370012619799999,0.36070019477799997,0.14220007678799998,0.38350020709000004,0.35050018927,0.40390021810599996,0.246400133056,0.391200211248,0.020300010961999997,0.068600037044,0.0,0.020300010961999997,0.19300010422,0.0,0.426700230418,0.017800009611999998,0.322600174204,0.47750025784999994,0.276900149526,0.3150001701,0.248900134406,0.09650005211,0.15750008505,0.177800096012,0.03300001782,0.0,0.276900149526,0.261600141264,0.03050001647,0.396200213948,0.312400168696,0.215900116586,0.5588003017519999,0.0,0.271800146772,0.18290009876600002,0.0,0.053300028782,0.13460007268399998,0.0,0.36070019477799997,0.246400133056,0.09650005211,0.12190006582599998,0.5309002866860001,0.274300148122,0.048300026082,,0.0,0.0,0.050800027432,0.20720011188799997,0.215900116586,0.31880017215199996,0.3992802156112,0.5588003017519999,2023-04-25
04-26,4,26,0.228600123444,0.312400168696,0.114300061722,0.355600192024,0.355600192024,0.386100208494,0.24380013165199996,0.40890022080599997,0.0,0.068600037044,0.0,0.010200005508000001,0.21080011383199998,0.0,0.41910022631399996,0.007600004103999999,0.322600174204,0.454700245538,0.25150013581,0.309900167346,0.26670014401799996,0.08380004525200001,0.13210007133399998,0.1600000864,0.0,0.0,0.25150013581,0.25650013851000003,0.0,0.41400022355999994,0.32770017695799997,0.21080011383199998,0.57400030996,0.0,0.25650013851000003,0.165100089154,0.0,0.050800027432,0.14220007678799998,0.0,0.340400183816,0.228600123444,0.076200041148,0.114300061722,0.5334002880359999,0.248900134406,0.03050001647,,0.0,0.0,0.040650021951,0.19838946883238298,0.21080011383199998,0.31750017145,0.41094022190759993,0.57400030996,2023-04-26
04-27,4,27,0.208300112482,0.312400168696,0.086400046656,0.32770017695799997,0.36580019753200005,0.388600209844,0.228600123444,0.426700230418,0.0,0.088900048006,0.022900012366000002,0.010200005508000001,0.22350012068999997,0.0,0.40390021810599996,0.020300010961999997,0.30730016594200005,0.43690023592599997,0.228600123444,0.292100157734,0.259100139914,0.058400031536,0.106700057618,0.14220007678799998,0.0,0.0,0.231100124794,0.236200127548,0.0,0.41400022355999994,0.330200178308,0.19050010287,0.586700316818,0.0,0.231100124794,0.170200091908,0.0,0.050800027432,0.147300079542,0.0,0.322600174204,0.208300112482,0.073700039798,0.09910005351399999,0.520700281178,0.231100124794,0.015200008207999998,,0.0,0.0,0.036850019899000004,0.19158095451748935,0.208300112482,0.30985016731900006,0.40794022028759996,0.586700316818,2023-04-27
04-28,4,28,0.16260008780399998,0.312400168696,0.06350003429000001,0.312400168696,0.368300198882,0.388600209844,0.20570011107800001,0.426700230418,0.0,0.08130004390199999,0.022900012366000002,0.010200005508000001,0.23370012619799999,0.0,0.38350020709000004,0.025400013716,0.25400013716000003,0.41910022631399996,0.20570011107800001,0.274300148122,0.25150013581,0.03050001647,0.08380004525200001,0.137200074088,0.0,0.0,0.226100122094,0.213400115236,0.0,0.41150022221,0.32510017555399995,0.16760009050400002,0.586700316818,0.00250000135,0.20570011107800001,0.17270009325799998,0.0,0.058400031536,0.16260008780399998,0.0,0.304800164592,0.18290009876600002,0.068600037044,0.068600037044,0.495300267462,0.228600123444,0.0,,0.0,0.0,0.027950015092999998,0.18158307677821278,0.17270009325799998,0.289550156357,0.39776021479039997,0.586700316818,2023-04-28
04-29,4,29,0.152400082296,0.312400168696,0.043200023328,0.27940015087599995,0.37080020023200005,0.388600209844,0.177800096012,0.41400022355999994,0.0,0.068600037044,0.020300010961999997,0.010200005508000001,0.23370012619799999,0.0,0.36580019753200005,0.03300001782,0.22100011934000002,0.41400022355999994,0.18540010011600003,0.261600141264,0.25150013581,0.010200005508000001,0.06100003294,0.11940006447600002,0.0,0.0,0.228600123444,0.19050010287,0.0,0.388600209844,0.304800164592,0.175300094662,0.586700316818,0.0,0.177800096012,0.18030009736199998,0.0,0.053300028782,0.17270009325799998,0.0,0.294600159084,0.16260008780399998,0.045700024677999995,0.043200023328,0.469900253746,0.22350012068999997,0.0,,0.0,0.0,0.026650014390999996,0.17217881638076596,0.175300094662,0.27050014606999995,0.388600209844,0.586700316818,2023-04-29
04-30,4,30,0.152400082296,0.299700161838,0.020300010961999997,0.26920014536799997,0.37080020023200005,0.391200211248,0.14480007819200003,0.41400022355999994,0.0,0.06350003429000001,0.015200008207999998,0.0,0.241300130302,0.0,0.355600192024,0.035600019223999996,0.203200109728,0.41400022355999994,0.195600105624,0.23880012895200003,0.246400133056,0.0,0.027900015065999997,0.088900048006,0.0,0.0,0.228600123444,0.16760009050400002,0.0,0.368300198882,0.27940015087599995,0.18800010152,0.599400323676,0.0,0.152400082296,0.170200091908,0.0,0.06350003429000001,0.165100089154,0.0,0.276900149526,0.13460007268399998,0.012700006858,0.022900012366000002,0.43690023592599997,0.218400117936,0.0,,0.0,0.0,0.013950007532999999,0.16326179028897872,0.152400082296,0.25780013921199996,0.37896020463839997,0.599400323676,2023-04-30
05-01,5,1,0.12700006858000001,0.292100157734,0.0,0.23880012895200003,0.37080020023200005,0.398800215352,0.109200058968,0.38100020574,0.0,0.038100020574,0.0,0.0,0.236200127548,0.0,0.355600192024,0.03050001647,0.203200109728,0.393700212598,0.208300112482,0.22100011934000002,0.23880012895200003,0.0,0.0,0.058400031536,0.0,0.0,0.231100124794,0.14480007819200003,0.0,0.355600192024,0.246400133056,0.203200109728,0.599400323676,0.0,0.14220007678799998,0.1600000864,0.0,0.06350003429000001,0.16760009050400002,0.0,0.27940015087599995,0.104100056214,0.0,0.0,0.406400219456,0.20070010837799998,0.0,,0.0,0.0,0.0,0.15331710406778726,0.14220007678799998,0.23880012895200003,0.37488020243520004,0.599400323676,2023-05-01
05-02,5,2,0.116800063072,0.28450015363,0.0,0.208300112482,0.373400201636,0.406400219456,0.073700039798,0.355600192024,0.0,0.022900012366000002,0.0,0.0,0.228600123444,0.0,0.3480001879199999,0.027900015065999997,0.208300112482,0.37080020023200005,0.215900116586,0.21080011383199998,0.22350012068999997,0.0,0.0,0.043200023328,0.0,0.0,0.22100011934000002,0.116800063072,0.0,0.34540018651599996,0.236200127548,0.21080011383199998,0.599400323676,0.0,0.14480007819200003,0.12700006858000001,0.0,0.058400031536,0.152400082296,0.0,0.28190015222599996,0.06600003564,0.0,0.0,0.375900202986,0.18800010152,0.0,,0.0,0.0,0.0,0.14558731265965957,0.116800063072,0.22605012206699998,0.3616801953072,0.599400323676,2023-05-02
05-03,5,3,0.104100056214,0.274300148122,0.0,0.18540010011600003,0.37080020023200005,0.40890022080599997,0.043200023328,0.3150001701,0.0,0.03300001782,0.0,0.0,0.228600123444,0.0,0.330200178308,0.010200005508000001,0.213400115236,0.34290018516599996,0.21080011383199998,0.18800010152,0.22350012068999997,0.0,0.0,0.022900012366000002,0.0,0.0,0.213400115236,0.086400046656,0.0,0.3480001879199999,0.226100122094,0.218400117936,0.594400320976,0.0,0.12450006723,0.08380004525200001,0.0,0.048300026082,0.147300079542,0.0,0.274300148122,0.043200023328,0.0,0.0,0.35310019067400006,0.177800096012,0.0,,0.0,0.0,0.0,0.137110712337617,0.086400046656,0.22480012139199998,0.3449401862675999,0.594400320976,2023-05-03
05-04,5,4,0.09650005211,0.26670014401799996,0.0,0.177800096012,0.355600192024,0.41400022355999994,0.0,0.297200160488,0.0,0.03300001782,0.0,0.0,0.23370012619799999,0.0,0.3150001701,0.0,0.213400115236,0.31750017145000003,0.198100106974,0.165100089154,0.246400133056,0.0,0.0,0.0,0.0,0.0,0.195600105624,0.068600037044,0.0,0.34290018516599996,0.21080011383199998,0.213400115236,0.584200315468,0.0,0.09910005351399999,0.038100020574,0.0,0.022900012366000002,0.12450006723,0.0,0.25150013581,0.020300010961999997,0.0,0.0,0.335300181062,0.16260008780399998,0.0,,0.0,0.0,0.0,0.1276553880828085,0.068600037044,0.22355012071699998,0.3246201752948,0.584200315468,2023-05-04
05-05,5,5,0.06600003564,0.24380013165199996,0.0,0.15750008505,0.337800182412,0.41400022355999994,0.0,0.276900149526,0.0,0.012700006858,0.0,0.0,0.23370012619799999,0.0,0.322600174204,0.0,0.18800010152,0.294600159084,0.170200091908,0.16260008780399998,0.26670014401799996,0.0,0.0,0.0,0.005100002754000001,0.0,0.177800096012,0.06350003429000001,0.010200005508000001,0.335300181062,0.20070010837799998,0.203200109728,0.57150030861,0.0,0.086400046656,0.0,0.0,0.0,0.078700042498,0.0,0.228600123444,0.0,0.0,0.0,0.3150001701,0.16760009050400002,0.0,,0.0,0.0,0.0,0.11895112806336171,0.06350003429000001,0.215900116586,0.3180401717416,0.57150030861,2023-05-05
05-06,5,6,0.03300001782,0.215900116586,0.0,0.14480007819200003,0.322600174204,0.41910022631399996,0.0,0.276900149526,0.0,0.0,0.0,0.0,0.22350012068999997,0.0,0.340400183816,0.0,0.18290009876600002,0.27940015087599995,0.14220007678799998,0.147300079542,0.26670014401799996,0.0,0.0,0.0,0.00250000135,0.0,0.1600000864,0.048300026082,0.017800009611999998,0.322600174204,0.16760009050400002,0.195600105624,0.53850029079,0.0,0.068600037044,0.0,0.0,0.0,0.022900012366000002,0.0,0.20570011107800001,0.0,0.0,0.0,0.304800164592,0.137200074088,0.0,,0.0,0.0,0.0,0.11035750640153191,0.022900012366000002,0.200650108351,0.3119201684368,0.53850029079,2023-05-06
05-07,5,7,0.038100020574,0.19050010287,0.0,0.116800063072,0.340400183816,0.41910022631399996,0.0,0.292100157734,0.0,0.0,0.0,0.0,0.215900116586,0.0,0.368300198882,0.0,0.16260008780399998,0.25400013716000003,0.114300061722,0.14480007819200003,0.25650013851000003,0.0,0.0,0.0,0.0,0.0,0.14480007819200003,0.025400013716,0.005100002754000001,0.309900167346,0.12950006993,0.195600105624,0.5105002756699999,0.0,0.053300028782,0.0,0.0,0.0,0.0,0.0,0.19300010422,0.0,0.0,0.0,0.299700161838,0.12450006723,0.0,,0.0,0.0,0.0,0.10435537550080852,0.005100002754000001,0.191750103545,0.3037801640412,0.5105002756699999,2023-05-07
05-08,5,8,0.040600021923999995,0.170200091908,0.0,0.09910005351399999,0.337800182412,0.41400022355999994,0.0,0.312400168696,0.0,0.0,0.0,0.0,0.20070010837799998,0.0,0.37080020023200005,0.0,0.149900080946,0.226100122094,0.086400046656,0.12450006723,0.236200127548,0.0,0.0,0.0,0.0,0.0,0.14220007678799998,0.0,0.0,0.28700015498,0.088900048006,0.19050010287,0.472400255096,0.0,0.025400013716,0.0,0.0,0.0,0.0,0.0,0.18290009876600002,0.0,0.0,0.0,0.28960015638400005,0.13210007133399998,0.0,,0.0,0.0,0.0,0.09744047814974469,0.0,0.176550095337,0.2987201613088,0.472400255096,2023-05-08
05-09,5,9,0.040600021923999995,0.13970007543799998,0.0,0.076200041148,0.30730016594200005,0.391200211248,0.0,0.34540018651599996,0.0,0.010200005508000001,0.0,0.0,0.16760009050400002,0.0,0.37850020439,0.0,0.14220007678799998,0.21080011383199998,0.050800027432,0.104100056214,0.213400115236,0.0,0.0,0.0,0.0,0.0,0.12190006582599998,0.0,0.0,0.276900149526,0.048300026082,0.17270009325799998,0.44960024278399996,0.0,0.010200005508000001,0.0,0.0,0.0,0.0,0.0,0.16260008780399998,0.0,0.0,0.0,0.276900149526,0.149900080946,0.0,,0.0,0.0,0.0,0.09036175092297871,0.0,0.156250084375,0.2890601560924,0.44960024278399996,2023-05-09
05-10,5,10,0.020300010961999997,0.109200058968,0.0,0.068600037044,0.30730016594200005,0.36320019612800003,0.00250000135,0.35050018927,0.0,0.010200005508000001,0.0,0.0,0.154900083646,0.0,0.368300198882,0.0,0.12450006723,0.195600105624,0.015200008207999998,0.08130004390199999,0.218400117936,0.0,0.0,0.0,0.007600004103999999,0.0,0.09910005351399999,0.0,0.0,0.26420014266799996,0.027900015065999997,0.152400082296,0.44960024278399996,0.0,0.00250000135,0.0,0.0,0.007600004103999999,0.0,0.0,0.1600000864,0.0,0.0,0.0,0.25400013716000003,0.149900080946,0.0,,0.0,0.0,0.0,0.08435749236153192,0.007600004103999999,0.151150081621,0.2814401519775999,0.44960024278399996,2023-05-10
05-11,5,11,0.025400013716,0.109200058968,0.0,0.07110003839399999,0.322600174204,0.31750017145000003,0.017800009611999998,0.35310019067400006,0.0,0.00250000135,0.0,0.0,0.175300094662,0.0,0.34540018651599996,0.0,0.109200058968,0.177800096012,0.0,0.073700039798,0.231100124794,0.0,0.0,0.0,0.0,0.0,0.12950006993,0.0,0.0,0.25650013851000003,0.0,0.137200074088,0.44450024003,0.0,0.0,0.0,0.0,0.0,0.0,0.0,0.137200074088,0.0,0.0,0.0,0.236200127548,0.14220007678799998,0.0,,0.0,0.0,0.0,0.08117025659787235,0.0,0.137200074088,0.28090015168599997,0.44450024003,2023-05-11
05-12,5,12,0.020300010961999997,0.109200058968,0.0,0.06350003429000001,0.32770017695799997,0.304800164592,0.020300010961999997,0.340400183816,0.0,0.0,0.0,0.0,0.175300094662,0.0,0.322600174204,0.0,0.101600054864,0.14220007678799998,0.0,0.06100003294,0.213400115236,0.005100002754000001,0.0,0.0,0.0,0.0,0.13210007133399998,0.0,0.0,0.23880012895200003,0.0,0.16760009050400002,0.42160022766399996,0.0,0.0,0.0,0.0,0.0,0.0,0.0,0.114300061722,0.0,0.0,0.0,0.213400115236,0.137200074088,0.0,,0.0,0.0,0.0,0.07728514811693617,0.0,0.134650072711,0.2652001432079999,0.42160022766399996,2023-05-12
05-13,5,13,0.00250000135,0.09910005351399999,0.0,0.045700024677999995,0.335300181062,0.27940015087599995,0.015200008207999998,0.32510017555399995,0.0,0.0,0.0,0.0,0.16760009050400002,0.0,0.292100157734,0.0,0.106700057618,0.104100056214,0.0,0.043200023328,0.19300010422,0.007600004103999999,0.0,0.0,0.0,0.0,0.12950006993,0.0,0.0,0.215900116586,0.0,0.16760009050400002,0.40130021670199995,0.0,0.0,0.0,0.0,0.0,0.0,0.0,0.076200041148,0.0,0.0,0.0,0.195600105624,0.114300061722,0.0,,0.0,0.0,0.0,0.07057450619531914,0.0,0.11050005967,0.2413001303019999,0.40130021670199995,2023-05-13
05-14,5,14,0.0,0.09910005351399999,0.0,0.038100020574,0.335300181062,0.24380013165199996,0.010200005508000001,0.30730016594200005,0.0,0.0,0.0,0.0,0.14480007819200003,0.0,0.261600141264,0.0,0.106700057618,0.055900030186,0.0,0.027900015065999997,0.18540010011600003,0.0,0.0,0.0,0.0,0.0,0.109200058968,0.0,0.0,0.208300112482,0.0,0.16760009050400002,0.36320019612800003,0.0,0.0,0.0,0.0,0.0,0.0,0.0,0.045700024677999995,0.0,0.0,0.0,0.16760009050400002,0.08130004390199999,0.0,,0.0,0.0,0.0,0.06295748080553192,0.0,0.10290005556599999,0.22250012014999992,0.36320019612800003,2023-05-14
05-15,5,15,0.0,0.09910005351399999,0.0,0.027900015065999997,0.332700179658,0.23370012619799999,0.00250000135,0.297200160488,0.0,0.0,0.0,0.0,0.13210007133399998,0.0,0.23880012895200003,0.0,0.104100056214,0.012700006858,0.0,0.012700006858,0.18540010011600003,0.0,0.0,0.0,0.0,0.0,0.08380004525200001,0.0,0.0,0.195600105624,0.0,0.16760009050400002,0.3480001879199999,0.0,0.0,0.0,0.0,0.0,0.0,0.0,0.020300010961999997,0.0,0.0,0.0,0.13970007543799998,0.050800027432,0.0,,0.0,0.0,0.0,0.057121307441234045,0.0,0.091450049383,0.21084011385359994,0.3480001879199999,2023-05-15
05-16,5,16,0.0,0.09910005351399999,0.0,0.017800009611999998,0.337800182412,0.208300112482,0.0,0.28190015222599996,0.0,0.0,0.0,0.0,0.12450006723,0.0,0.21080011383199998,0.0,0.073700039798,0.0,0.0,0.012700006858,0.20070010837799998,0.0,0.0,0.0,0.0,0.0,0.055900030186,0.0,0.0,0.18540010011600003,0.0,0.149900080946,0.309900167346,0.0,0.0,0.0,0.0,0.0,0.0,0.0,0.0,0.0,0.0,0.0,0.114300061722,0.020300010961999997,0.0,,0.0,0.0,0.0,0.05112768718340426,0.0,0.064800034992,0.2037401100196,0.337800182412,2023-05-16
05-17,5,17,0.0,0.08380004525200001,0.0,0.007600004103999999,0.35050018927,0.175300094662,0.0,0.28190015222599996,0.0,0.0,0.0,0.0,0.09910005351399999,0.0,0.19050010287,0.0,0.058400031536,0.0,0.0,0.0,0.20570011107800001,0.0,0.0,0.0,0.0,0.0,0.025400013716,0.0,0.0,0.154900083646,0.0,0.12950006993,0.304800164592,0.0,0.0,0.0,0.0,0.0,0.0,0.0,0.0,0.0,0.0,0.0,0.08380004525200001,0.0,0.0,,0.0,0.0,0.0,0.04577023748187234,0.0,0.041900022626,0.18138009794519996,0.35050018927,2023-05-17
05-18,5,18,0.0,0.08130004390199999,0.0,0.0,0.3480001879199999,0.152400082296,0.0,0.259100139914,0.0,0.0,0.0,0.0,0.07110003839399999,0.0,0.170200091908,0.0,0.035600019223999996,0.0,0.0,0.0,0.165100089154,0.0,0.0,0.0,0.0,0.0,0.03050001647,0.0,0.0,0.12190006582599998,0.0,0.09910005351399999,0.30730016594200005,0.0,0.0,0.0,0.0,0.0,0.0,0.0,0.0,0.0,0.0,0.0,0.058400031536,0.0,0.0,,0.0,0.0,0.0,0.04042555374468085,0.0,0.033050017847,0.1574800850392,0.3480001879199999,2023-05-18
05-19,5,19,0.0,0.08130004390199999,0.0,0.0,0.36070019477799997,0.12950006993,0.0,0.21080011383199998,0.0,0.0,0.0,0.0,0.050800027432,0.0,0.13970007543799998,0.0,0.017800009611999998,0.0,0.0,0.0,0.13210007133399998,0.0,0.0,0.0,0.0,0.0,0.0,0.0,0.0,0.088900048006,0.0,0.08130004390199999,0.309900167346,0.0,0.0,0.0,0.0,0.0,0.0,0.0,0.0,0.0,0.0,0.0,0.03050001647,0.0,0.0,,0.0,0.0,0.0,0.03475108259536171,0.0,0.008900004805999999,0.1305400704916,0.36070019477799997,2023-05-19
05-20,5,20,0.0,0.040600021923999995,0.0,0.0,0.35050018927,0.09650005211,0.0,0.16260008780399998,0.0,0.0,0.0,0.0,0.017800009611999998,0.0,0.109200058968,0.0,0.0,0.0,0.0,0.0,0.116800063072,0.0,0.0,0.0,0.0,0.0,0.0,0.0,0.0,0.055900030186,0.0,0.06350003429000001,0.3150001701,0.0,0.0,0.0,0.0,0.0,0.0,0.0,0.0,0.0,0.0,0.0,0.010200005508000001,0.0,0.0,,0.0,0.0,0.0,0.02848086644348936,0.0,0.0,0.10158005485319999,0.35050018927,2023-05-20
05-21,5,21,0.0,0.0,0.0,0.0,0.34540018651599996,0.058400031536,0.0,0.114300061722,0.0,0.0,0.0,0.0,0.0,0.0,0.06350003429000001,0.0,0.0,0.0,0.0,0.0,0.088900048006,0.0,0.0,0.0,0.0,0.0,0.0,0.0,0.0,0.0,0.0,0.038100020574,0.31750017145000003,0.0,0.0,0.0,0.0,0.0,0.0,0.0,0.0,0.0,0.0,0.0,0.0,0.0,0.0,,0.0,0.0,0.0,0.021831926682851065,0.0,0.0,0.0604400326376,0.34540018651599996,2023-05-21
05-22,5,22,0.0,0.0,0.0,0.0,0.32770017695799997,0.00250000135,0.0,0.07110003839399999,0.0,0.0,0.0,0.0,0.0,0.0,0.0,0.0,0.0,0.0,0.0,0.0,0.058400031536,0.0,0.0,0.0,0.0,0.0,0.0,0.0,0.0,0.0,0.0,0.010200005508000001,0.297200160488,0.0,0.0,0.0,0.0,0.0,0.0,0.0,0.0,0.0,0.0,0.0,0.0,0.0,0.0,,0.0,0.0,0.0,0.016321285409234044,0.0,0.0,0.00558000301319999,0.32770017695799997,2023-05-22
05-23,5,23,0.0,0.0,0.0,0.0,0.292100157734,0.0,0.0,0.058400031536,0.0,0.0,0.0,0.0,0.0,0.0,0.0,0.0,0.0,0.0,0.0,0.0,0.045700024677999995,0.0,0.0,0.0,0.0,0.0,0.0,0.0,0.0,0.015200008207999998,0.0,0.0,0.26920014536799997,0.0,0.0,0.0,0.0,0.0,0.0,0.0,0.0,0.0,0.0,0.0,0.0,0.0,0.0,,0.0,0.0,0.0,0.01448085888348936,0.0,0.0,0.006080003283199978,0.292100157734,2023-05-23
05-24,5,24,0.0,0.0,0.0,0.0,0.259100139914,0.0,0.0,0.017800009611999998,0.0,0.0,0.0,0.0,0.0,0.0,0.0,0.0,0.005100002754000001,0.0,0.0,0.0,0.012700006858,0.0,0.0,0.0,0.0,0.0,0.0,0.0,0.0,0.022900012366000002,0.0,0.0,0.259100139914,0.0,0.0,0.0,0.0,0.0,0.0,0.0,0.012700006858,0.0,0.0,0.0,0.0,0.0,0.0,,0.0,0.0,0.0,0.01254043230374468,0.0,0.0,0.012700006858,0.259100139914,2023-05-24
05-25,5,25,0.0,0.0,0.0,0.0,0.228600123444,0.0,0.0,0.0,0.005100002754000001,0.0,0.0,0.0,0.0,0.0,0.0,0.0,0.0,0.0,0.00250000135,0.0,0.00250000135,0.0,0.0,0.0,0.0,0.0,0.0,0.0,0.0,0.015200008207999998,0.0,0.03050001647,0.259100139914,0.0,0.0,0.0,0.0,0.0,0.0,0.0,0.007600004103999999,0.0,0.0,0.0,0.0,0.0,0.0,,0.0,0.0,0.0,0.011725538246680852,0.0,0.0,0.006100003293999997,0.259100139914,2023-05-25
05-26,5,26,0.0,0.0,0.0,0.0,0.18800010152,0.0,0.0,0.0,0.007600004103999999,0.0,0.0,0.0,0.0,0.0,0.0,0.0,0.0,0.0,0.00250000135,0.0,0.0,0.0,0.0,0.0,0.0,0.0,0.0,0.0,0.0,0.0,0.0,0.020300010961999997,0.228600123444,0.0,0.0,0.0,0.0,0.0,0.0,0.0,0.0,0.0,0.0,0.0,0.0,0.0,0.0,,0.0,0.0,0.0,0.00951064343361702,0.0,0.0,0.0010000005399999963,0.228600123444,2023-05-26
05-27,5,27,0.0,0.0,0.0,0.0,0.15750008505,0.0,0.0,0.0,0.010200005508000001,0.0,0.0,0.0,0.0,0.0,0.0,0.0,0.0,0.0,0.0,0.0,0.0,0.0,0.0,0.0,0.0,0.0,0.0,0.0,0.0,0.0,0.0,0.0,0.195600105624,0.0,0.0,0.0,0.0,0.0,0.0,0.0,0.0,0.0,0.0,0.0,0.0,0.0,0.0,,0.0,0.0,0.0,0.007729791408127658,0.0,0.0,0.0,0.195600105624,2023-05-27
05-28,5,28,0.0,0.0,0.0,0.0,0.14220007678799998,0.0,0.0,0.0,0.005100002754000001,0.0,0.0,0.0,0.0,0.0,0.0,0.0,0.0,0.0,0.0,0.0,0.0,0.0,0.0,0.0,0.0,0.0,0.0,0.0,0.0,0.0,0.0,0.0,0.175300094662,0.0,0.0,0.0,0.0,0.0,0.0,0.0,0.0,0.0,0.0,0.0,0.0,0.0,0.0,,0.0,0.0,0.0,0.0068638334937021275,0.0,0.0,0.0,0.175300094662,2023-05-28
05-29,5,29,0.0,0.0,0.0,0.0,0.078700042498,0.0,0.0,0.0,0.0,0.0,0.0,0.0,0.0,0.0,0.0,0.0,0.0,0.0,0.0,0.0,0.0,0.0,0.0,0.0,0.0,0.0,0.0,0.0,0.0,0.0,0.0,0.0,0.165100089154,0.0,0.0,0.0,0.0,0.0,0.0,0.0,0.0,0.0,0.0,0.0,0.0,0.0,0.0,,0.0,0.0,0.0,0.005187236843659575,0.0,0.0,0.0,0.165100089154,2023-05-29
05-30,5,30,0.0,0.0,0.0,0.0,0.053300028782,0.0,0.0,0.0,0.0,0.0,0.0,0.0,0.0,0.0,0.0,0.0,0.0,0.0,0.0,0.0,0.0,0.0,0.0,0.0,0.0,0.0,0.0,0.0,0.0,0.0,0.0,0.0,0.165100089154,0.0,0.0,0.0,0.0,0.0,0.0,0.0,0.0,0.0,0.0,0.0,0.0,0.0,0.0,,0.0,0.0,0.0,0.004646811019914893,0.0,0.0,0.0,0.165100089154,2023-05-30
05-31,5,31,0.0,0.0,0.0,0.0,0.00250000135,0.0,0.0,0.0,0.0,0.00250000135,0.0,0.0,0.0,0.0,0.0,0.0,0.0,0.0,0.0,0.0,0.0,0.0,0.0,0.0,0.0,0.0,0.0,0.0,0.0,0.0,0.0,0.0,0.177800096012,0.0,0.0,0.0,0.0,0.0,0.0,0.0,0.0,0.0,0.0,0.0,0.0,0.0,0.0,,0.0,0.0,0.0,0.003889363802382979,0.0,0.0,0.0,0.177800096012,2023-05-31
06-01,6,1,0.0,0.0,0.0,0.0,0.0,0.0,0.0,0.0,0.0,0.0,0.0,0.0,0.0,0.0,0.0,0.0,0.0,0.0,0.0,0.0,0.0,0.0,0.0,0.0,0.0,0.0,0.0,0.0,0.0,0.0,0.0,0.0,0.15750008505,0.0,0.0,0.0,0.0,0.0,0.0,0.0,0.0,0.0,0.0,0.0,0.0,0.0,0.0,,0.0,0.0,0.0,0.003351065639361702,0.0,0.0,0.0,0.15750008505,2023-06-01
06-02,6,2,0.0,0.0,0.0,0.0,0.0,0.0,0.0,0.0,0.0,0.0,0.0,0.0,0.0,0.0,0.0,0.0,0.0,0.0,0.0,0.0,0.0,0.0,0.0,0.0,0.0,0.0,0.0,0.0,0.0,0.0,0.0,0.0,0.12450006723,0.0,0.0,0.0,0.0,0.0,0.0,0.0,0.0,0.0,0.0,0.0,0.0,0.0,0.0,,0.0,0.0,0.0,0.002648937600638298,0.0,0.0,0.0,0.12450006723,2023-06-02
06-03,6,3,0.0,0.0,0.0,0.0,0.0,0.0,0.0,0.0,0.0,0.0,0.0,0.0,0.0,0.0,0.0,0.0,0.0,0.0,0.0,0.0,0.0,0.0,0.0,0.0,0.0,0.0,0.0,0.0,0.0,0.0,0.0,0.0,0.09400005076,0.0,0.0,0.0,0.0,0.0,0.0,0.0,0.0,0.0,0.0,0.0,0.0,0.0,0.0,,0.0,0.0,0.0,0.00200000108,0.0,0.0,0.0,0.09400005076,2023-06-03
06-04,6,4,0.0,0.0,0.0,0.0,0.0,0.0,0.0,0.0,0.0,0.0,0.0,0.0,0.0,0.0,0.0,0.0,0.0,0.0,0.0,0.005100002754000001,0.0,0.0,0.0,0.0,0.0,0.0,0.0,0.0,0.0,0.0,0.0,0.0,0.050800027432,0.0,0.0,0.0,0.0,0.0,0.0,0.0,0.0,0.0,0.0,0.0,0.0,0.0,0.0,,0.0,0.0,0.0,0.0011893623443829787,0.0,0.0,0.0,0.050800027432,2023-06-04
06-05,6,5,0.0,0.0,0.0,0.0,0.0,0.0,0.0,0.0,0.0,0.0,0.0,0.0,0.0,0.0,0.0,0.0,0.0,0.0,0.0,0.0,0.0,0.0,0.0,0.0,0.0,0.0,0.0,0.0,0.0,0.0,0.0,0.0,0.015200008207999998,0.0,0.0,0.0,0.0,0.0,0.0,0.0,0.0,0.0,0.0,0.0,0.0,0.0,0.0,,0.0,0.0,0.0,0.00032340442995744677,0.0,0.0,0.0,0.015200008207999998,2023-06-05
06-06,6,6,0.0,0.0,0.0,0.0,0.0,0.0,0.0,0.0,0.0,0.0,0.0,0.0,0.0,0.0,0.0,0.0,0.0,0.0,0.0,0.0,0.0,0.0,0.0,0.0,0.0,0.0,0.0,0.0,0.0,0.0,0.0,0.0,0.0,0.0,0.0,0.0,0.0,0.0,0.0,0.0,0.0,0.0,0.0,0.0,0.0,0.0,0.0,,0.0,0.0,0.0,0.0,0.0,0.0,0.0,0.0,2023-06-06
06-07,6,7,0.0,0.0,0.0,0.0,0.0,0.0,0.0,0.0,0.0,0.0,0.0,0.0,0.0,0.0,0.0,0.0,0.0,0.0,0.0,0.0,0.0,0.0,0.0,0.0,0.0,0.0,0.0,0.0,0.0,0.0,0.0,0.0,0.0,0.0,0.0,0.0,0.0,0.0,0.0,0.0,0.0,0.0,0.0,0.0,0.0,0.0,0.0,,0.0,0.0,0.0,0.0,0.0,0.0,0.0,0.0,2023-06-07
06-08,6,8,0.0,0.0,0.0,0.0,0.0,0.0,0.0,0.0,0.0,0.0,0.0,0.0,0.0,0.0,0.0,0.0,0.0,0.0,0.0,0.0,0.0,0.0,0.0,0.0,0.0,0.0,0.0,0.0,0.0,0.0,0.0,0.0,0.0,0.0,0.0,0.0,0.0,0.0,0.0,0.0,0.0,0.0,0.0,0.0,0.0,0.0,0.0,,0.0,0.0,0.0,0.0,0.0,0.0,0.0,0.0,2023-06-08
06-09,6,9,0.0,0.0,0.0,0.0,0.0,0.0,0.0,0.0,0.0,0.0,0.0,0.0,0.0,0.0,0.0,0.0,0.0,0.0,0.0,0.0,0.0,0.0,0.0,0.0,0.0,0.0,0.0,0.0,0.0,0.0,0.0,0.0,0.0,0.0,0.0,0.0,0.0,0.0,0.0,0.0,0.0,0.0,0.0,0.0,0.0,0.0,0.0,,0.0,0.0,0.0,0.0,0.0,0.0,0.0,0.0,2023-06-09
06-10,6,10,0.0,0.0,0.0,0.0,0.0,0.0,0.0,0.0,0.0,0.0,0.0,0.0,0.0,0.0,0.0,0.0,0.0,0.0,0.0,0.0,0.0,0.0,0.0,0.0,0.0,0.0,0.0,0.0,0.0,0.0,0.0,0.0,0.0,0.0,0.0,0.0,0.0,0.0,0.0,0.0,0.0,0.0,0.0,0.0,0.0,0.0,0.0,,0.0,0.0,0.0,0.0,0.0,0.0,0.0,0.0,2023-06-10
06-11,6,11,0.0,0.0,0.0,0.0,0.0,0.0,0.0,0.0,0.0,0.0,0.0,0.0,0.0,0.0,0.0,0.0,0.0,0.0,0.0,0.0,0.0,0.0,0.0,0.0,0.0,0.0,0.0,0.0,0.0,0.0,0.0,0.0,0.0,0.0,0.0,0.0,0.0,0.0,0.0,0.0,0.0,0.0,0.0,0.0,0.0,0.0,0.0,,0.0,0.0,0.0,0.0,0.0,0.0,0.0,0.0,2023-06-11
06-12,6,12,0.0,0.0,0.0,0.0,0.0,0.0,0.0,0.0,0.0,0.0,0.0,0.0,0.0,0.0,0.0,0.0,0.0,0.0,0.0,0.0,0.0,0.0,0.0,0.0,0.0,0.0,0.0,0.0,0.0,0.0,0.0,0.0,0.0,0.0,0.0,0.0,0.0,0.0,0.0,0.0,0.0,0.0,0.0,0.0,0.0,0.0,0.0,,0.0,0.0,0.0,0.0,0.0,0.0,0.0,0.0,2023-06-12
06-13,6,13,0.0,0.0,0.0,0.0,0.0,0.0,0.0,0.0,0.0,0.0,0.0,0.0,0.0,0.0,0.0,0.0,0.0,0.0,0.0,0.0,0.0,0.0,0.0,0.0,0.0,0.0,0.0,0.0,0.0,0.0,0.0,0.0,0.0,0.0,0.0,0.0,0.0,0.0,0.0,0.0,0.0,0.0,0.0,0.0,0.0,0.0,0.0,,0.0,0.0,0.0,0.0,0.0,0.0,0.0,0.0,2023-06-13
06-14,6,14,0.0,0.0,0.0,0.0,0.0,0.0,0.0,0.0,0.0,0.0,0.0,0.0,0.0,0.0,0.0,0.0,0.0,0.0,0.0,0.0,0.0,0.0,0.0,0.0,0.0,0.0,0.0,0.0,0.0,0.0,0.0,0.0,0.0,0.0,0.0,0.0,0.0,0.0,0.0,0.0,0.0,0.0,0.0,0.0,0.0,0.0,0.0,,0.0,0.0,0.0,0.0,0.0,0.0,0.0,0.0,2023-06-14
06-15,6,15,0.0,0.0,0.0,0.0,0.0,0.0,0.0,0.0,0.0,0.0,0.0,0.0,0.0,0.0,0.0,0.0,0.0,0.0,0.0,0.0,0.0,0.0,0.0,0.0,0.0,0.0,0.0,0.0,0.0,0.0,0.0,0.0,0.0,0.0,0.0,0.0,0.0,0.0,0.0,0.0,0.0,0.0,0.0,0.0,0.0,0.0,0.0,,0.0,0.0,0.0,0.0,0.0,0.0,0.0,0.0,2023-06-15
06-16,6,16,0.0,0.0,0.0,0.0,0.0,0.0,0.0,0.0,0.0,0.0,0.0,0.0,0.0,0.0,0.0,0.0,0.0,0.0,0.0,0.0,0.0,0.0,0.0,0.0,0.0,0.0,0.0,0.0,0.0,0.0,0.0,0.0,0.0,0.0,0.0,0.0,0.0,0.0,0.0,0.0,0.0,0.0,0.0,0.0,0.0,0.0,0.0,,0.0,0.0,0.0,0.0,0.0,0.0,0.0,0.0,2023-06-16
06-17,6,17,0.0,0.0,0.0,0.0,0.0,0.0,0.0,0.0,0.0,0.0,0.0,0.0,0.0,0.0,0.0,0.0,0.0,0.0,0.0,0.0,0.0,0.0,0.0,0.0,0.0,0.0,0.0,0.0,0.0,0.0,0.0,0.0,0.0,0.0,0.0,0.0,0.0,0.0,0.0,0.0,0.0,0.0,0.0,0.0,0.0,0.0,0.0,,0.0,0.0,0.0,0.0,0.0,0.0,0.0,0.0,2023-06-17
06-18,6,18,0.0,0.0,0.0,0.0,0.0,0.0,0.0,0.0,0.0,0.0,0.0,0.0,0.0,0.0,0.0,0.0,0.0,0.0,0.0,0.050800027432,0.0,0.0,0.0,0.0,0.0,0.0,0.0,0.0,0.0,0.0,0.0,0.0,0.0,0.0,0.0,0.0,0.0,0.0,0.0,0.0,0.0,0.0,0.0,0.0,0.0,0.0,0.0,,0.0,0.0,0.0,0.0010808516474893617,0.0,0.0,0.0,0.050800027432,2023-06-18
06-19,6,19,0.0,0.0,0.0,0.0,0.0,0.0,0.0,0.0,0.0,0.0,0.0,0.0,0.0,0.0,0.0,0.0,0.0,0.0,0.0,0.027900015065999997,0.0,0.0,0.0,0.0,0.0,0.0,0.0,0.0,0.0,0.0,0.0,0.0,0.0,0.0,0.0,0.0,0.0,0.0,0.0,0.0,0.0,0.0,0.0,0.0,0.0,0.0,0.0,,0.0,0.0,0.0,0.0005936173418297872,0.0,0.0,0.0,0.027900015065999997,2023-06-19
06-20,6,20,0.0,0.0,0.0,0.0,0.0,0.0,0.0,0.0,0.0,0.0,0.0,0.0,0.0,0.0,0.0,0.0,0.0,0.0,0.0,0.0,0.0,0.0,0.0,0.0,0.0,0.0,0.0,0.0,0.0,0.0,0.0,0.0,0.0,0.0,0.0,0.0,0.0,0.0,0.0,0.0,0.0,0.0,0.0,0.0,0.0,0.0,0.0,,0.0,0.0,0.0,0.0,0.0,0.0,0.0,0.0,2023-06-20
06-21,6,21,0.0,0.0,0.0,0.0,0.0,0.0,0.0,0.0,0.0,0.0,0.0,0.0,0.0,0.0,0.0,0.0,0.0,0.0,0.0,0.0,0.0,0.0,0.0,0.0,0.0,0.0,0.0,0.0,0.0,0.0,0.0,0.0,0.0,0.0,0.0,0.0,0.0,0.0,0.0,0.0,0.0,0.0,0.0,0.0,0.0,0.0,0.0,,0.0,0.0,0.0,0.0,0.0,0.0,0.0,0.0,2023-06-21
06-22,6,22,0.0,0.0,0.0,0.0,0.0,0.0,0.0,0.0,0.0,0.0,0.0,0.0,0.0,0.0,0.0,0.0,0.0,0.0,0.0,0.0,0.0,0.0,0.0,0.0,0.0,0.0,0.0,0.0,0.0,0.0,0.0,0.0,0.0,0.0,0.0,0.0,0.0,0.0,0.0,0.0,0.0,0.0,0.0,0.0,0.0,0.0,0.0,,0.0,0.0,0.0,0.0,0.0,0.0,0.0,0.0,2023-06-22
06-23,6,23,0.0,0.0,0.0,0.0,0.0,0.0,0.0,0.0,0.0,0.0,0.0,0.0,0.0,0.0,0.0,0.0,0.0,0.0,0.0,0.0,0.0,0.0,0.0,0.0,0.0,0.0,0.0,0.0,0.0,0.0,0.0,0.0,0.0,0.0,0.0,0.0,0.0,0.0,0.0,0.0,0.0,0.0,0.0,0.0,0.0,0.0,0.0,,0.0,0.0,0.0,0.0,0.0,0.0,0.0,0.0,2023-06-23
06-24,6,24,0.0,0.0,0.0,0.0,0.0,0.0,0.0,0.0,0.0,0.0,0.0,0.0,0.0,0.0,0.0,0.0,0.0,0.0,0.0,0.0,0.0,0.0,0.0,0.0,0.0,0.0,0.0,0.0,0.0,0.0,0.0,0.0,0.0,0.0,0.0,0.0,0.0,0.0,0.0,0.0,0.0,0.0,0.0,0.0,0.0,0.0,0.0,,0.0,0.0,0.0,0.0,0.0,0.0,0.0,0.0,2023-06-24
06-25,6,25,0.0,0.0,0.0,0.0,0.0,0.0,0.0,0.0,0.0,0.0,0.0,0.0,0.0,0.0,0.0,0.0,0.0,0.0,0.0,0.0,0.0,0.0,0.0,0.0,0.0,0.0,0.0,0.0,0.0,0.0,0.0,0.0,0.0,0.0,0.0,0.0,0.0,0.0,0.0,0.0,0.0,0.0,0.0,0.0,0.0,0.0,0.0,,0.0,0.0,0.0,0.0,0.0,0.0,0.0,0.0,2023-06-25
06-26,6,26,0.0,0.0,0.0,0.0,0.0,0.0,0.0,0.0,0.0,0.0,0.0,0.0,0.0,0.0,0.0,0.0,0.0,0.0,0.0,0.0,0.0,0.0,0.0,0.0,0.0,0.0,0.0,0.0,0.0,0.0,0.0,0.0,0.0,0.0,0.0,0.0,0.0,0.0,0.0,0.0,0.0,0.0,0.0,0.0,0.0,0.0,0.0,,0.0,0.0,0.0,0.0,0.0,0.0,0.0,0.0,2023-06-26
06-27,6,27,0.0,0.0,0.0,0.0,0.0,0.0,0.0,0.0,0.0,0.0,0.0,0.0,0.0,0.0,0.0,0.0,0.0,0.0,0.0,0.0,0.0,0.0,0.0,0.0,0.0,0.0,0.0,0.0,0.0,0.0,0.0,0.0,0.0,0.0,0.0,0.0,0.0,0.0,0.0,0.0,0.0,0.0,0.0,0.0,0.0,0.0,0.0,,0.0,0.0,0.0,0.0,0.0,0.0,0.0,0.0,2023-06-27
06-28,6,28,0.0,0.0,0.0,0.0,0.0,0.0,0.0,0.0,0.0,0.0,0.0,0.0,0.0,0.0,0.0,0.0,0.0,0.0,0.0,0.0,0.0,0.0,0.0,0.0,0.0,0.0,0.0,0.0,0.0,0.0,0.0,0.0,0.0,0.0,0.0,0.0,0.0,0.0,0.0,0.0,0.0,0.0,0.0,0.0,0.0,0.0,0.0,,0.0,0.0,0.0,0.0,0.0,0.0,0.0,0.0,2023-06-28
06-29,6,29,0.0,0.0,0.0,0.0,0.0,0.0,0.0,0.0,0.0,0.0,0.0,0.0,0.0,0.0,0.0,0.0,0.0,0.0,0.0,0.0,0.0,0.0,0.0,0.0,0.0,0.0,0.0,0.0,0.0,0.0,0.0,0.0,0.0,0.0,0.0,0.0,0.0,0.0,0.0,0.0,0.0,0.0,0.0,0.0,0.0,0.0,0.0,,0.0,0.0,0.0,0.0,0.0,0.0,0.0,0.0,2023-06-29
06-30,6,30,0.0,0.0,0.0,0.0,0.0,0.0,0.0,0.0,0.0,0.0,0.0,0.0,0.0,0.0,0.0,0.0,0.0,0.0,0.0,0.0,0.0,0.0,0.0,0.0,0.0,0.0,0.0,0.0,0.0,0.0,0.0,0.0,0.0,0.0,0.0,0.0,0.0,0.0,0.0,0.0,0.0,0.0,0.0,0.0,0.0,0.0,0.0,,0.0,0.0,0.0,0.0,0.0,0.0,0.0,0.0,2023-06-30
07-01,7,1,0.0,0.0,0.0,0.0,0.0,0.0,0.0,0.0,0.0,0.0,0.0,0.0,0.0,0.0,0.0,0.0,0.0,0.0,0.0,0.0,0.0,0.0,0.0,0.0,0.0,0.0,0.0,0.0,0.0,0.0,0.0,0.0,0.0,0.0,0.0,0.0,0.0,0.0,0.0,0.0,0.0,0.0,0.0,0.0,0.0,0.0,0.0,,0.0,0.0,0.0,0.0,0.0,0.0,0.0,0.0,2023-07-01
07-02,7,2,0.0,0.0,0.0,0.0,0.0,0.0,0.0,0.0,0.0,0.0,0.0,0.0,0.0,0.0,0.0,0.0,0.0,0.0,0.0,0.0,0.0,0.0,0.0,0.0,0.0,0.0,0.0,0.0,0.0,0.0,0.0,0.0,0.0,0.0,0.0,0.0,0.0,0.0,0.0,0.0,0.0,0.0,0.0,0.0,0.0,0.0,0.0,,0.0,0.0,0.0,0.0,0.0,0.0,0.0,0.0,2023-07-02
07-03,7,3,0.0,0.0,0.0,0.0,0.0,0.0,0.0,0.0,0.0,0.0,0.0,0.0,0.0,0.0,0.0,0.0,0.0,0.0,0.0,0.0,0.0,0.0,0.0,0.0,0.0,0.0,0.0,0.0,0.0,0.0,0.0,0.0,0.0,0.0,0.0,0.0,0.0,0.0,0.0,0.0,0.0,0.0,0.0,0.0,0.0,0.0,0.0,,0.0,0.0,0.0,0.0,0.0,0.0,0.0,0.0,2023-07-03
07-04,7,4,0.0,0.0,0.0,0.0,0.0,0.0,0.0,0.0,0.0,0.0,0.0,0.0,0.0,0.0,0.0,0.0,0.0,0.0,0.0,0.0,0.0,0.0,0.0,0.0,0.0,0.0,0.0,0.0,0.0,0.0,0.0,0.0,0.0,0.0,0.0,0.0,0.0,0.0,0.0,0.0,0.0,0.0,0.0,0.0,0.0,0.0,0.0,,0.0,0.0,0.0,0.0,0.0,0.0,0.0,0.0,2023-07-04
07-05,7,5,0.0,0.0,0.0,0.0,0.0,0.0,0.0,0.0,0.0,0.0,0.0,0.0,0.0,0.0,0.0,0.0,0.0,0.0,0.0,0.0,0.0,0.0,0.0,0.0,0.0,0.0,0.0,0.0,0.0,0.0,0.0,0.0,0.0,0.0,0.0,0.0,0.0,0.0,0.0,0.0,0.0,0.0,0.0,0.0,0.0,0.0,0.0,,0.0,0.0,0.0,0.0,0.0,0.0,0.0,0.0,2023-07-05
07-06,7,6,0.0,0.0,0.0,0.0,0.0,0.0,0.0,0.0,0.0,0.0,0.0,0.0,0.0,0.0,0.0,0.0,0.0,0.0,0.0,0.0,0.0,0.0,0.0,0.0,0.0,0.0,0.0,0.0,0.0,0.0,0.0,0.0,0.0,0.0,0.0,0.0,0.0,0.0,0.0,0.0,0.0,0.0,0.0,0.0,0.0,0.0,0.0,,0.0,0.0,0.0,0.0,0.0,0.0,0.0,0.0,2023-07-06
07-07,7,7,0.0,0.0,0.0,0.0,0.0,0.0,0.0,0.0,0.0,0.0,0.0,0.0,0.0,0.0,0.0,0.0,0.0,0.0,0.0,0.0,0.0,0.0,0.0,0.0,0.0,0.0,0.0,0.0,0.0,0.0,0.0,0.0,0.0,0.0,0.0,0.0,0.0,0.0,0.0,0.0,0.0,0.0,0.0,0.0,0.0,0.0,0.0,,0.0,0.0,0.0,0.0,0.0,0.0,0.0,0.0,2023-07-07
07-08,7,8,0.0,0.0,0.0,0.0,0.0,0.0,0.0,0.0,0.0,0.0,0.0,0.0,0.0,0.0,0.0,0.0,0.0,0.0,0.0,0.0,0.0,0.0,0.0,0.0,0.0,0.0,0.0,0.0,0.0,0.0,0.0,0.0,0.0,0.0,0.0,0.0,0.0,0.0,0.0,0.0,0.0,0.0,0.0,0.0,0.0,0.0,0.0,,0.0,0.0,0.0,0.0,0.0,0.0,0.0,0.0,2023-07-08
07-09,7,9,0.0,0.0,0.0,0.0,0.0,0.0,0.0,0.0,0.0,0.0,0.0,0.0,0.0,0.0,0.0,0.0,0.0,0.0,0.0,0.0,0.0,0.0,0.0,0.0,0.0,0.0,0.0,0.0,0.0,0.0,0.0,0.0,0.0,0.0,0.0,0.0,0.0,0.0,0.0,0.0,0.0,0.0,0.0,0.0,0.0,0.0,0.0,,0.0,0.0,0.0,0.0,0.0,0.0,0.0,0.0,2023-07-09
07-10,7,10,0.0,0.0,0.0,0.0,0.0,0.0,0.0,0.0,0.0,0.0,0.0,0.0,0.0,0.0,0.0,0.0,0.0,0.0,0.0,0.0,0.0,0.0,0.0,0.0,0.0,0.0,0.0,0.0,0.0,0.0,0.0,0.0,0.0,0.0,0.0,0.0,0.0,0.0,0.0,0.0,0.0,0.0,0.0,0.0,0.0,0.0,0.0,,0.0,0.0,0.0,0.0,0.0,0.0,0.0,0.0,2023-07-10
07-11,7,11,0.0,0.0,0.0,0.0,0.0,0.0,0.0,0.0,0.0,0.0,0.0,0.0,0.0,0.0,0.0,0.0,0.0,0.0,0.0,0.0,0.0,0.0,0.0,0.0,0.0,0.0,0.0,0.0,0.0,0.0,0.0,0.0,0.0,0.0,0.0,0.0,0.0,0.0,0.0,0.0,0.0,0.0,0.0,0.0,0.0,0.0,0.0,,0.0,0.0,0.0,0.0,0.0,0.0,0.0,0.0,2023-07-11
07-12,7,12,0.0,0.0,0.0,0.0,0.0,0.0,0.0,0.0,0.0,0.0,0.0,0.0,0.0,0.0,0.0,0.0,0.0,0.0,0.0,0.0,0.0,0.0,0.0,0.0,0.0,0.0,0.0,0.0,0.0,0.0,0.0,0.0,0.0,0.0,0.0,0.0,0.0,0.0,0.0,0.0,0.0,0.0,0.0,0.0,0.0,0.0,0.0,,0.0,0.0,0.0,0.0,0.0,0.0,0.0,0.0,2023-07-12
07-13,7,13,0.0,0.0,0.0,0.0,0.0,0.0,0.0,0.0,0.0,0.0,0.0,0.0,0.0,0.0,0.0,0.0,0.0,0.0,0.0,0.0,0.0,0.0,0.0,0.0,0.0,0.0,0.0,0.0,0.0,0.0,0.0,0.0,0.0,0.0,0.0,0.0,0.0,0.0,0.0,0.0,0.0,0.0,0.0,0.0,0.0,0.0,0.0,,0.0,0.0,0.0,0.0,0.0,0.0,0.0,0.0,2023-07-13
07-14,7,14,0.0,0.0,0.0,0.0,0.0,0.0,0.0,0.0,0.0,0.0,0.0,0.0,0.0,0.0,0.0,0.0,0.0,0.0,0.0,0.0,0.0,0.0,0.0,0.0,0.0,0.0,0.0,0.0,0.0,0.0,0.0,0.0,0.0,0.0,0.0,0.0,0.0,0.0,0.0,0.0,0.0,0.0,0.0,0.0,0.0,0.0,0.0,,0.0,0.0,0.0,0.0,0.0,0.0,0.0,0.0,2023-07-14
07-15,7,15,0.0,0.0,0.0,0.0,0.0,0.0,0.0,0.0,0.0,0.0,0.0,0.0,0.0,0.0,0.0,0.0,0.0,0.0,0.0,0.0,0.0,0.0,0.0,0.0,0.0,0.0,0.0,0.0,0.0,0.0,0.0,0.0,0.0,0.0,0.0,0.0,0.0,0.0,0.0,0.0,0.0,0.0,0.0,0.0,0.0,0.0,0.0,,0.0,0.0,0.0,0.0,0.0,0.0,0.0,0.0,2023-07-15
07-16,7,16,0.0,0.0,0.0,0.0,0.0,0.0,0.0,0.0,0.0,0.0,0.0,0.0,0.0,0.0,0.0,0.0,0.0,0.0,0.0,0.0,0.0,0.0,0.0,0.0,0.0,0.0,0.0,0.0,0.0,0.0,0.0,0.0,0.0,0.0,0.0,0.0,0.0,0.0,0.0,0.0,0.0,0.0,0.0,0.0,0.0,0.0,0.0,,0.0,0.0,0.0,0.0,0.0,0.0,0.0,0.0,2023-07-16
07-17,7,17,0.0,0.0,0.0,0.0,0.0,0.0,0.0,0.0,0.0,0.0,0.0,0.0,0.0,0.0,0.0,0.0,0.0,0.0,0.0,0.0,0.0,0.0,0.0,0.0,0.0,0.0,0.0,0.0,0.0,0.0,0.0,0.0,0.0,0.0,0.0,0.0,0.0,0.0,0.0,0.0,0.0,0.0,0.0,0.0,0.0,0.0,0.0,,0.0,0.0,0.0,0.0,0.0,0.0,0.0,0.0,2023-07-17
07-18,7,18,0.0,0.0,0.0,0.0,0.0,0.0,0.0,0.0,0.0,0.0,0.0,0.0,0.0,0.0,0.0,0.0,0.0,0.0,0.0,0.0,0.0,0.0,0.0,0.0,0.0,0.0,0.0,0.0,0.0,0.0,0.0,0.0,0.0,0.0,0.0,0.0,0.0,0.0,0.0,0.0,0.0,0.0,0.0,0.0,0.0,0.0,0.0,,0.0,0.0,0.0,0.0,0.0,0.0,0.0,0.0,2023-07-18
07-19,7,19,0.0,0.0,0.0,0.0,0.0,0.0,0.0,0.0,0.0,0.0,0.0,0.0,0.0,0.0,0.0,0.0,0.0,0.0,0.0,0.0,0.0,0.0,0.0,0.0,0.0,0.0,0.0,0.0,0.0,0.0,0.0,0.0,0.0,0.0,0.0,0.0,0.0,0.0,0.0,0.0,0.0,0.0,0.0,0.0,0.0,0.0,0.0,,0.0,0.0,0.0,0.0,0.0,0.0,0.0,0.0,2023-07-19
07-20,7,20,0.0,0.0,0.0,0.0,0.0,0.0,0.0,0.0,0.0,0.0,0.0,0.0,0.0,0.0,0.0,0.0,0.0,0.0,0.0,0.0,0.0,0.0,0.0,0.0,0.0,0.0,0.0,0.0,0.0,0.0,0.0,0.0,0.0,0.0,0.0,0.0,0.0,0.0,0.0,0.0,0.0,0.0,0.0,0.0,0.0,0.0,0.0,,0.0,0.0,0.0,0.0,0.0,0.0,0.0,0.0,2023-07-20
07-21,7,21,0.0,0.0,0.0,0.0,0.0,0.0,0.0,0.0,0.0,0.0,0.0,0.0,0.0,0.0,0.0,0.0,0.0,0.0,0.0,0.0,0.0,0.0,0.0,0.0,0.0,0.0,0.0,0.0,0.0,0.0,0.0,0.0,0.0,0.0,0.0,0.0,0.0,0.0,0.0,0.0,0.0,0.0,0.0,0.0,0.0,0.0,0.0,,0.0,0.0,0.0,0.0,0.0,0.0,0.0,0.0,2023-07-21
07-22,7,22,0.0,0.0,0.0,0.0,0.0,0.0,0.0,0.0,0.0,0.0,0.0,0.0,0.0,0.0,0.0,0.0,0.0,0.0,0.0,0.0,0.0,0.0,0.0,0.0,0.0,0.0,0.0,0.0,0.0,0.0,0.0,0.0,0.0,0.0,0.0,0.0,0.0,0.0,0.0,0.0,0.0,0.0,0.0,0.0,0.0,0.0,0.0,,0.0,0.0,0.0,0.0,0.0,0.0,0.0,0.0,2023-07-22
07-23,7,23,0.0,0.0,0.0,0.0,0.0,0.0,0.0,0.0,0.0,0.0,0.0,0.0,0.0,0.0,0.0,0.0,0.0,0.0,0.0,0.0,0.0,0.0,0.0,0.0,0.0,0.0,0.0,0.0,0.0,0.0,0.0,0.0,0.0,0.0,0.0,0.0,0.0,0.0,0.0,0.0,0.0,0.0,0.0,0.0,0.0,0.0,0.0,,0.0,0.0,0.0,0.0,0.0,0.0,0.0,0.0,2023-07-23
07-24,7,24,0.0,0.0,0.0,0.0,0.0,0.0,0.0,0.0,0.0,0.0,0.0,0.0,0.0,0.0,0.0,0.0,0.0,0.0,0.0,0.0,0.0,0.0,0.0,0.0,0.0,0.0,0.0,0.0,0.0,0.0,0.0,0.0,0.0,0.0,0.0,0.0,0.0,0.0,0.0,0.0,0.0,0.0,0.0,0.0,0.0,0.0,0.0,,0.0,0.0,0.0,0.0,0.0,0.0,0.0,0.0,2023-07-24
07-25,7,25,0.0,0.0,0.0,0.0,0.0,0.0,0.0,0.0,0.0,0.0,0.0,0.0,0.0,0.0,0.0,0.0,0.0,0.0,0.0,0.0,0.0,0.0,0.0,0.0,0.0,0.0,0.0,0.0,0.0,0.0,0.0,0.0,0.0,0.0,0.0,0.0,0.0,0.0,0.0,0.0,0.0,0.0,0.0,0.0,0.0,0.0,0.0,,0.0,0.0,0.0,0.0,0.0,0.0,0.0,0.0,2023-07-25
07-26,7,26,0.0,0.0,0.0,0.0,0.0,0.0,0.0,0.0,0.0,0.0,0.0,0.0,0.0,0.0,0.0,0.0,0.0,0.0,0.0,0.0,0.0,0.0,0.0,0.0,0.0,0.0,0.0,0.0,0.0,0.0,0.0,0.0,0.0,0.0,0.0,0.0,0.0,0.0,0.0,0.0,0.0,0.0,0.0,0.0,0.0,0.0,0.0,,0.0,0.0,0.0,0.0,0.0,0.0,0.0,0.0,2023-07-26
07-27,7,27,0.0,0.0,0.0,0.0,0.0,0.0,0.0,0.0,0.0,0.0,0.0,0.0,0.0,0.0,0.0,0.0,0.0,0.0,0.0,0.0,0.0,0.0,0.0,0.0,0.0,0.0,0.0,0.0,0.0,0.0,0.0,0.0,0.0,0.0,0.0,0.0,0.0,0.0,0.0,0.0,0.0,0.0,0.0,0.0,0.0,0.0,0.0,,0.0,0.0,0.0,0.0,0.0,0.0,0.0,0.0,2023-07-27
07-28,7,28,0.0,0.0,0.0,0.0,0.0,0.0,0.0,0.0,0.0,0.0,0.0,0.0,0.0,0.0,0.0,0.0,0.0,0.0,0.0,0.0,0.0,0.0,0.0,0.0,0.0,0.0,0.0,0.0,0.0,0.0,0.0,0.0,0.0,0.0,0.0,0.0,0.0,0.0,0.0,0.0,0.0,0.0,0.0,0.0,0.0,0.0,0.0,,0.0,0.0,0.0,0.0,0.0,0.0,0.0,0.0,2023-07-28
07-29,7,29,0.0,0.0,0.0,0.0,0.0,0.0,0.0,0.0,0.0,0.0,0.0,0.0,0.0,0.0,0.0,0.0,0.0,0.0,0.0,0.0,0.0,0.0,0.0,0.0,0.0,0.0,0.0,0.0,0.0,0.0,0.0,0.0,0.0,0.0,0.0,0.0,0.0,0.0,0.0,0.0,0.0,0.0,0.0,0.0,0.0,0.0,0.0,,0.0,0.0,0.0,0.0,0.0,0.0,0.0,0.0,2023-07-29
07-30,7,30,0.0,0.0,0.0,0.0,0.0,0.0,0.0,0.0,0.0,0.0,0.0,0.0,0.0,0.0,0.0,0.0,0.0,0.0,0.0,0.0,0.0,0.0,0.0,0.0,0.0,0.0,0.0,0.0,0.0,0.0,0.0,0.0,0.0,0.0,0.0,0.0,0.0,0.0,0.0,0.0,0.0,0.0,0.0,0.0,0.0,0.0,0.0,,0.0,0.0,0.0,0.0,0.0,0.0,0.0,0.0,2023-07-30
07-31,7,31,0.0,0.0,0.0,0.0,0.0,0.0,0.0,0.0,0.0,0.0,0.0,0.0,0.0,0.0,0.0,0.0,0.0,0.0,0.0,0.0,0.0,0.0,0.0,0.0,0.0,0.0,0.0,0.0,0.0,0.0,0.0,0.0,0.0,0.0,0.0,0.0,0.0,0.0,0.0,0.0,0.0,0.0,0.0,0.0,0.0,0.0,0.0,,0.0,0.0,0.0,0.0,0.0,0.0,0.0,0.0,2023-07-31
