M-D,M,D,1979_SWE_in,1980_SWE_in,1981_SWE_in,1982_SWE_in,1983_SWE_in,1984_SWE_in,1985_SWE_in,1986_SWE_in,1987_SWE_in,1988_SWE_in,1989_SWE_in,1990_SWE_in,1991_SWE_in,1992_SWE_in,1993_SWE_in,1994_SWE_in,1995_SWE_in,1996_SWE_in,1997_SWE_in,1998_SWE_in,1999_SWE_in,2000_SWE_in,2001_SWE_in,2002_SWE_in,2003_SWE_in,2004_SWE_in,2005_SWE_in,2006_SWE_in,2007_SWE_in,2008_SWE_in,2009_SWE_in,2010_SWE_in,2011_SWE_in,2012_SWE_in,2013_SWE_in,2014_SWE_in,2015_SWE_in,2016_SWE_in,2017_SWE_in,2018_SWE_in,2019_SWE_in,2020_SWE_in,2021_SWE_in,2022_SWE_in,2023_SWE_in,2024_SWE_in,2025_SWE_in,2026_SWE_in,min,Q10,Q25,mean,median,Q75,Q90,max,date
10-01,10,1,0.0,0.0,0.0,0.0,0.020300010961999997,0.0,0.0,0.007600004103999999,0.053300028782,0.0,0.0,0.0,0.0,0.0,0.0,0.0,0.0,0.0,0.0,0.0,0.0,0.0,0.0,0.0,0.007600004103999999,0.0,0.0,0.0,0.0,0.0,0.0,0.015200008207999998,0.0,0.0,0.0,0.0,0.0,0.0,0.0,0.015200008207999998,0.0,0.0,0.0,0.0,0.0,0.0,0.0,0.0,0.0,0.0,0.0,0.002483334674333333,0.0,0.0,0.007600004103999999,0.053300028782,2023-10-01
10-02,10,2,0.0,0.0,0.0,0.0,0.017800009611999998,0.0,0.0,0.007600004103999999,0.058400031536,0.0,0.0,0.0,0.0,0.0,0.0,0.0,0.0,0.0,0.0,0.0,0.0,0.0,0.0,0.0,0.03300001782,0.0,0.0,0.0,0.0,0.005100002754000001,0.0,0.015200008207999998,0.0,0.0,0.0,0.0,0.0,0.0,0.0,0.022900012366000002,0.0,0.0,0.0,0.0,0.0,0.0,0.0,0.020300010961999997,0.0,0.0,0.0,0.0037562520283749997,0.0,0.0,0.01598000862920001,0.058400031536,2023-10-02
10-03,10,3,0.0,0.0,0.0,0.0,0.017800009611999998,0.0,0.0,0.007600004103999999,0.06600003564,0.0,0.0,0.0,0.0,0.0,0.0,0.0,0.00250000135,0.0,0.0,0.0,0.0,0.0,0.0,0.0,0.03050001647,0.0,0.0,0.0,0.0,0.0,0.0,0.015200008207999998,0.0,0.0,0.0,0.0,0.0,0.0,0.0,0.022900012366000002,0.0,0.0,0.0,0.0,0.0,0.007600004103999999,0.0,0.020300010961999997,0.0,0.0,0.0,0.003966668808666667,0.0,0.0,0.01598000862920001,0.06600003564,2023-10-03
10-04,10,4,0.0,0.0,0.0,0.00250000135,0.017800009611999998,0.0,0.0,0.007600004103999999,0.06600003564,0.0,0.0,0.0,0.0,0.0,0.0,0.0,0.010200005508000001,0.005100002754000001,0.0,0.0,0.00250000135,0.0,0.0,0.0,0.027900015065999997,0.0,0.0,0.0,0.0,0.0,0.0,0.012700006858,0.0,0.0,0.0,0.010200005508000001,0.0,0.0,0.010200005508000001,0.022900012366000002,0.0,0.0,0.0,0.0,0.0,0.005100002754000001,0.0,0.022900012366000002,0.0,0.0,0.0,0.004658335848833334,0.0,0.003150001701,0.014230007684200022,0.06600003564,2023-10-04
10-05,10,5,0.0,0.0,0.0,0.00250000135,0.017800009611999998,0.0,0.0,0.007600004103999999,0.06600003564,0.0,0.0,0.0,0.0,0.0,0.0,0.0,0.012700006858,0.010200005508000001,0.0,0.0,0.015200008207999998,0.0,0.0,0.0,0.025400013716,0.0,0.0,0.0,0.0,0.0,0.007600004103999999,0.025400013716,0.0,0.007600004103999999,0.0,0.015200008207999998,0.0,0.0,0.007600004103999999,0.020300010961999997,0.017800009611999998,0.0,0.0,0.0,0.0,0.0,0.0,0.035600019223999996,0.0,0.0,0.0,0.006135419979791667,0.0,0.007600004103999999,0.018550010017000008,0.06600003564,2023-10-05
10-06,10,6,0.0,0.0,0.0,0.00250000135,0.017800009611999998,0.0,0.0,0.007600004103999999,0.06600003564,0.0,0.0,0.0,0.0,0.0,0.0,0.0,0.025400013716,0.005100002754000001,0.0,0.0,0.012700006858,0.0,0.0,0.0,0.022900012366000002,0.0,0.0,0.0,0.0,0.005100002754000001,0.005100002754000001,0.025400013716,0.0,0.012700006858,0.0,0.015200008207999998,0.0,0.0,0.007600004103999999,0.017800009611999998,0.017800009611999998,0.0,0.0,0.0,0.0,0.0,0.0,0.022900012366000002,0.0,0.0,0.0,0.006033336591333333,0.0,0.007600004103999999,0.01933001043820002,0.06600003564,2023-10-06
10-07,10,7,0.0,0.0,0.0,0.00250000135,0.017800009611999998,0.0,0.0,0.015200008207999998,0.06600003564,0.0,0.0,0.0,0.0,0.0,0.0,0.0,0.027900015065999997,0.005100002754000001,0.0,0.0,0.0,0.0,0.0,0.0,0.017800009611999998,0.0,0.0,0.0,0.007600004103999999,0.010200005508000001,0.00250000135,0.025400013716,0.0,0.022900012366000002,0.0,0.0,0.0,0.0,0.005100002754000001,0.015200008207999998,0.017800009611999998,0.0,0.0,0.0,0.0,0.0,0.0,0.020300010961999997,0.0,0.0,0.0,0.0058187531421249996,0.0,0.0057250030915000005,0.018550010017000008,0.06600003564,2023-10-07
10-08,10,8,0.0,0.0,0.0,0.00250000135,0.017800009611999998,0.0,0.0,0.03300001782,0.06600003564,0.0,0.0,0.0,0.0,0.0,0.0,0.0,0.025400013716,0.00250000135,0.0,0.005100002754000001,0.0,0.0,0.0,0.0,0.012700006858,0.0,0.0,0.0,0.0,0.007600004103999999,0.0,0.025400013716,0.005100002754000001,0.025400013716,0.0,0.0,0.0,0.0,0.00250000135,0.007600004103999999,0.017800009611999998,0.0,0.0,0.0,0.0,0.0,0.0,0.020300010961999997,0.0,0.0,0.0,0.005764586446208334,0.0,0.005100002754000001,0.02183001178820002,0.06600003564,2023-10-08
10-09,10,9,0.0,0.0,0.0,0.00250000135,0.017800009611999998,0.0,0.0,0.038100020574,0.06600003564,0.0,0.0,0.0,0.0,0.0,0.0,0.0,0.020300010961999997,0.0,0.0,0.0,0.0,0.0,0.0,0.005100002754000001,0.010200005508000001,0.0,0.0,0.0,0.0,0.0,0.0,0.025400013716,0.005100002754000001,0.025400013716,0.0,0.0,0.0,0.0,0.0,0.012700006858,0.017800009611999998,0.0,0.0,0.0,0.0,0.0,0.0,0.020300010961999997,0.0,0.0,0.0,0.005556253000375,0.0,0.003150001701,0.020300010961999997,0.06600003564,2023-10-09
10-10,10,10,0.0,0.0,0.0,0.00250000135,0.010200005508000001,0.0,0.0,0.045700024677999995,0.06600003564,0.0,0.0,0.0,0.0,0.0,0.0,0.0,0.017800009611999998,0.0,0.0,0.0,0.0,0.0,0.0,0.007600004103999999,0.00250000135,0.0,0.0,0.0,0.00250000135,0.0,0.0,0.025400013716,0.00250000135,0.025400013716,0.0,0.0,0.0,0.0,0.0,0.010200005508000001,0.027900015065999997,0.0,0.0,0.0,0.0,0.0,0.0,0.022900012366000002,0.0,0.0,0.0,0.005606253027375,0.0,0.00250000135,0.023650012771000012,0.06600003564,2023-10-10
10-11,10,11,0.0,0.0,0.0,0.025400013716,0.010200005508000001,0.0,0.0,0.045700024677999995,0.06600003564,0.0,0.0,0.0,0.0,0.0,0.0,0.0,0.012700006858,0.0,0.0,0.0,0.0,0.0,0.012700006858,0.005100002754000001,0.0,0.0,0.0,0.0,0.0,0.0,0.0,0.025400013716,0.0,0.03050001647,0.0,0.017800009611999998,0.0,0.0,0.0,0.010200005508000001,0.038100020574,0.0,0.0,0.0,0.0,0.0,0.0,0.025400013716,0.0,0.0,0.0,0.006775003658499999,0.0,0.006375003442500001,0.025400013716,0.06600003564,2023-10-11
10-12,10,12,0.0,0.0,0.0,0.038100020574,0.010200005508000001,0.0,0.017800009611999998,0.045700024677999995,0.07110003839399999,0.0,0.0,0.0,0.0,0.0,0.0,0.00250000135,0.010200005508000001,0.0,0.0,0.017800009611999998,0.0,0.0,0.020300010961999997,0.012700006858,0.0,0.0,0.0,0.0,0.0,0.0,0.007600004103999999,0.03300001782,0.0,0.035600019223999996,0.0,0.015200008207999998,0.0,0.0,0.0,0.007600004103999999,0.035600019223999996,0.0,0.0,0.007600004103999999,0.0,0.00250000135,0.0,0.025400013716,0.0,0.0,0.0,0.008677088018958333,0.0,0.010825005845500002,0.033780018241200006,0.07110003839399999,2023-10-12
10-13,10,13,0.0,0.0,0.0,0.038100020574,0.010200005508000001,0.0,0.022900012366000002,0.053300028782,0.07110003839399999,0.0,0.0,0.0,0.0,0.0,0.0,0.005100002754000001,0.007600004103999999,0.0,0.0,0.020300010961999997,0.0,0.0,0.020300010961999997,0.010200005508000001,0.0,0.0,0.0,0.0,0.0,0.0,0.007600004103999999,0.03300001782,0.0,0.03050001647,0.0,0.017800009611999998,0.0,0.0,0.0,0.007600004103999999,0.03300001782,0.0,0.0,0.020300010961999997,0.0,0.007600004103999999,0.0,0.020300010961999997,0.0,0.0,0.0,0.009100004913999999,0.0,0.012100006534,0.03125001687500001,0.07110003839399999,2023-10-13
10-14,10,14,0.0,0.0,0.00250000135,0.043200023328,0.010200005508000001,0.0,0.027900015065999997,0.053300028782,0.07110003839399999,0.0,0.0,0.0,0.0,0.0,0.0,0.005100002754000001,0.0,0.0,0.0,0.020300010961999997,0.0,0.0,0.020300010961999997,0.010200005508000001,0.0,0.0,0.0,0.0,0.0,0.0,0.007600004103999999,0.043200023328,0.0,0.03050001647,0.0,0.03050001647,0.0,0.0,0.0,0.007600004103999999,0.03300001782,0.0,0.0,0.020300010961999997,0.0,0.005100002754000001,0.0,0.022900012366000002,0.0,0.0,0.0,0.009683338562333332,0.0,0.012725006871500001,0.03125001687500001,0.07110003839399999,2023-10-14
10-15,10,15,0.0,0.0,0.027900015065999997,0.043200023328,0.007600004103999999,0.0,0.027900015065999997,0.053300028782,0.07110003839399999,0.0,0.0,0.0,0.0,0.0,0.0,0.007600004103999999,0.0,0.0,0.0,0.020300010961999997,0.0,0.0,0.020300010961999997,0.007600004103999999,0.0,0.0,0.0,0.0,0.0,0.0,0.00250000135,0.058400031536,0.0,0.025400013716,0.0,0.03300001782,0.0,0.0,0.0,0.015200008207999998,0.03300001782,0.0,0.0,0.020300010961999997,0.0,0.0,0.0,0.022900012366000002,0.0,0.0,0.0,0.010364588930208333,0.0,0.020300010961999997,0.03300001782,0.07110003839399999,2023-10-15
10-16,10,16,0.0,0.0,0.03300001782,0.048300026082,0.007600004103999999,0.0,0.027900015065999997,0.053300028782,0.07110003839399999,0.0,0.0,0.0,0.0,0.0,0.0,0.017800009611999998,0.005100002754000001,0.0,0.0,0.015200008207999998,0.0,0.0,0.020300010961999997,0.005100002754000001,0.0,0.0,0.0,0.0,0.0,0.0,0.0,0.055900030186,0.0,0.020300010961999997,0.0,0.03300001782,0.0,0.0,0.0,0.012700006858,0.035600019223999996,0.0,0.0,0.020300010961999997,0.0,0.0,0.0,0.027900015065999997,0.0,0.0,0.0,0.010633339075333334,0.0,0.0184250099495,0.033780018241200006,0.07110003839399999,2023-10-16
10-17,10,17,0.0,0.0,0.040600021923999995,0.058400031536,0.007600004103999999,0.0,0.027900015065999997,0.053300028782,0.07110003839399999,0.0,0.0,0.012700006858,0.0,0.0,0.0,0.020300010961999997,0.007600004103999999,0.0,0.0,0.007600004103999999,0.005100002754000001,0.0,0.020300010961999997,0.0,0.0,0.0,0.0,0.0,0.007600004103999999,0.007600004103999999,0.0,0.055900030186,0.0,0.017800009611999998,0.0,0.03300001782,0.0,0.0,0.0,0.010200005508000001,0.035600019223999996,0.0,0.0,0.017800009611999998,0.0,0.0,0.0,0.035600019223999996,0.0,0.0,0.0,0.011533339561333336,0.0,0.017800009611999998,0.037100020034000016,0.07110003839399999,2023-10-17
10-18,10,18,0.0,0.0,0.043200023328,0.058400031536,0.007600004103999999,0.0,0.068600037044,0.053300028782,0.078700042498,0.0,0.0,0.015200008207999998,0.0,0.0,0.0,0.025400013716,0.020300010961999997,0.0,0.0,0.0,0.005100002754000001,0.0,0.017800009611999998,0.0,0.0,0.0,0.005100002754000001,0.0,0.007600004103999999,0.022900012366000002,0.0,0.055900030186,0.0,0.017800009611999998,0.0,0.03300001782,0.0,0.0,0.007600004103999999,0.005100002754000001,0.038100020574,0.0,0.0,0.017800009611999998,0.0,0.0,0.017800009611999998,0.03050001647,0.0,0.0,0.0,0.013600007344,0.0,0.0184250099495,0.04623002496420004,0.078700042498,2023-10-18
10-19,10,19,0.0,0.010200005508000001,0.043200023328,0.058400031536,0.007600004103999999,0.0,0.068600037044,0.053300028782,0.09650005211,0.0,0.0,0.015200008207999998,0.025400013716,0.0,0.0,0.025400013716,0.022900012366000002,0.0,0.0,0.0,0.005100002754000001,0.0,0.015200008207999998,0.0,0.0,0.0,0.020300010961999997,0.0,0.007600004103999999,0.022900012366000002,0.0,0.053300028782,0.0,0.017800009611999998,0.0,0.03300001782,0.0,0.0,0.010200005508000001,0.00250000135,0.040600021923999995,0.0,0.0,0.027900015065999997,0.0,0.0,0.020300010961999997,0.027900015065999997,0.0,0.0,0.0,0.015235424893791665,0.003800002052,0.023525012703500003,0.04623002496420004,0.09650005211,2023-10-19
10-20,10,20,0.0,0.050800027432,0.043200023328,0.058400031536,0.007600004103999999,0.0,0.068600037044,0.053300028782,0.11940006447600002,0.0,0.0,0.012700006858,0.035600019223999996,0.0,0.0,0.025400013716,0.020300010961999997,0.0,0.00250000135,0.0,0.005100002754000001,0.0,0.012700006858,0.0,0.0,0.0,0.040600021923999995,0.0,0.007600004103999999,0.020300010961999997,0.0,0.050800027432,0.0,0.017800009611999998,0.0,0.03300001782,0.0,0.0,0.010200005508000001,0.0,0.040600021923999995,0.022900012366000002,0.0,0.035600019223999996,0.0,0.0,0.020300010961999997,0.025400013716,0.0,0.0,0.0,0.017514592791208334,0.006350003429,0.027300014742,0.050800027432,0.11940006447600002,2023-10-20
10-21,10,21,0.00250000135,0.058400031536,0.043200023328,0.058400031536,0.0,0.0,0.068600037044,0.053300028782,0.12190006582599998,0.0,0.0,0.010200005508000001,0.035600019223999996,0.0,0.0,0.025400013716,0.020300010961999997,0.0,0.005100002754000001,0.0,0.005100002754000001,0.0,0.010200005508000001,0.0,0.0,0.0,0.078700042498,0.0,0.012700006858,0.03050001647,0.0,0.050800027432,0.0,0.015200008207999998,0.0,0.03300001782,0.0,0.0,0.007600004103999999,0.0,0.038100020574,0.027900015065999997,0.0,0.035600019223999996,0.0,0.0,0.025400013716,0.022900012366000002,0.0,0.0,0.0,0.018679176753416668,0.005100002754000001,0.0311250168075,0.05483002960820002,0.12190006582599998,2023-10-21
10-22,10,22,0.00250000135,0.058400031536,0.043200023328,0.058400031536,0.0,0.0,0.068600037044,0.06350003429000001,0.12190006582599998,0.0,0.0,0.010200005508000001,0.035600019223999996,0.0,0.0,0.025400013716,0.020300010961999997,0.0,0.007600004103999999,0.0,0.005100002754000001,0.0,0.015200008207999998,0.0,0.0,0.0,0.09650005211,0.0,0.012700006858,0.03300001782,0.0,0.048300026082,0.0,0.012700006858,0.0,0.03300001782,0.0,0.0,0.005100002754000001,0.0,0.038100020574,0.03300001782,0.0,0.035600019223999996,0.0,0.0,0.022900012366000002,0.022900012366000002,0.0,0.0,0.0,0.019368760459125,0.005100002754000001,0.03300001782,0.058400031536,0.12190006582599998,2023-10-22
10-23,10,23,0.005100002754000001,0.058400031536,0.043200023328,0.058400031536,0.0,0.0,0.068600037044,0.06600003564,0.12190006582599998,0.0,0.0,0.010200005508000001,0.035600019223999996,0.0,0.0,0.025400013716,0.020300010961999997,0.005100002754000001,0.007600004103999999,0.0,0.005100002754000001,0.0,0.012700006858,0.0,0.005100002754000001,0.0,0.09650005211,0.0,0.012700006858,0.035600019223999996,0.0,0.048300026082,0.0,0.012700006858,0.0,0.03300001782,0.0,0.0,0.005100002754000001,0.0,0.038100020574,0.03300001782,0.00250000135,0.035600019223999996,0.025400013716,0.0,0.022900012366000002,0.025400013716,0.0,0.0,0.0,0.020322927641041665,0.006350003429,0.033650018170999996,0.058400031536,0.12190006582599998,2023-10-23
10-24,10,24,0.005100002754000001,0.058400031536,0.043200023328,0.058400031536,0.0,0.0,0.068600037044,0.06600003564,0.12450006723,0.0,0.0,0.0,0.035600019223999996,0.010200005508000001,0.0,0.025400013716,0.020300010961999997,0.005100002754000001,0.007600004103999999,0.015200008207999998,0.005100002754000001,0.0,0.012700006858,0.00250000135,0.017800009611999998,0.0,0.114300061722,0.0,0.015200008207999998,0.035600019223999996,0.0,0.048300026082,0.007600004103999999,0.012700006858,0.007600004103999999,0.03300001782,0.0,0.0,0.0,0.0,0.038100020574,0.035600019223999996,0.00250000135,0.038100020574,0.03050001647,0.0,0.022900012366000002,0.025400013716,0.0,0.0,0.0,0.021856261802375,0.011450006183000001,0.035600019223999996,0.058400031536,0.12450006723,2023-10-24
10-25,10,25,0.00250000135,0.055900030186,0.043200023328,0.058400031536,0.0,0.0,0.068600037044,0.06600003564,0.12450006723,0.0,0.0,0.0,0.03300001782,0.010200005508000001,0.0,0.025400013716,0.020300010961999997,0.005100002754000001,0.027900015065999997,0.020300010961999997,0.005100002754000001,0.0,0.012700006858,0.00250000135,0.020300010961999997,0.0,0.11940006447600002,0.0,0.015200008207999998,0.03300001782,0.0,0.053300028782,0.06350003429000001,0.012700006858,0.007600004103999999,0.03300001782,0.0,0.0,0.0,0.0,0.038100020574,0.035600019223999996,0.00250000135,0.040600021923999995,0.03050001647,0.0,0.020300010961999997,0.022900012366000002,0.0,0.0,0.0,0.023543762713625,0.013950007532999999,0.033650018170999996,0.05993003236220002,0.12450006723,2023-10-25
10-26,10,26,0.0,0.055900030186,0.043200023328,0.058400031536,0.010200005508000001,0.0,0.068600037044,0.06600003564,0.12450006723,0.0,0.0,0.005100002754000001,0.03050001647,0.017800009611999998,0.0,0.025400013716,0.020300010961999997,0.007600004103999999,0.038100020574,0.020300010961999997,0.005100002754000001,0.0,0.012700006858,0.00250000135,0.020300010961999997,0.0,0.13970007543799998,0.0,0.020300010961999997,0.03050001647,0.0,0.053300028782,0.078700042498,0.017800009611999998,0.015200008207999998,0.03300001782,0.0,0.0,0.0,0.0,0.040600021923999995,0.035600019223999996,0.007600004103999999,0.058400031536,0.03050001647,0.0,0.020300010961999997,0.025400013716,0.0,0.0,0.0,0.025820847276583334,0.019050010287,0.036225019561499996,0.060680032767200034,0.13970007543799998,2023-10-26
10-27,10,27,0.0,0.055900030186,0.043200023328,0.058400031536,0.027900015065999997,0.0,0.08130004390199999,0.06600003564,0.12450006723,0.0,0.0,0.012700006858,0.03050001647,0.025400013716,0.0,0.025400013716,0.020300010961999997,0.010200005508000001,0.038100020574,0.020300010961999997,0.007600004103999999,0.0,0.012700006858,0.00250000135,0.020300010961999997,0.0,0.13970007543799998,0.0,0.020300010961999997,0.03050001647,0.0,0.053300028782,0.09140004935599999,0.017800009611999998,0.015200008207999998,0.03300001782,0.0,0.0,0.0,0.0,0.040600021923999995,0.035600019223999996,0.007600004103999999,0.055900030186,0.043200023328,0.005100002754000001,0.017800009611999998,0.03050001647,0.0,0.0,0.0,0.027514598191208328,0.020300010961999997,0.0387250209115,0.060680032767200034,0.13970007543799998,2023-10-27
10-28,10,28,0.0,0.055900030186,0.043200023328,0.058400031536,0.03300001782,0.0,0.08380004525200001,0.06600003564,0.12450006723,0.0,0.0,0.025400013716,0.03050001647,0.038100020574,0.0,0.025400013716,0.020300010961999997,0.010200005508000001,0.040600021923999995,0.022900012366000002,0.010200005508000001,0.0,0.022900012366000002,0.00250000135,0.020300010961999997,0.0,0.15750008505,0.0,0.020300010961999997,0.03050001647,0.0,0.055900030186,0.09140004935599999,0.017800009611999998,0.015200008207999998,0.035600019223999996,0.0,0.0,0.0,0.0,0.040600021923999995,0.038100020574,0.015200008207999998,0.055900030186,0.043200023328,0.010200005508000001,0.015200008207999998,0.03050001647,0.0,0.0,0.0,0.02931668249766667,0.021600011664,0.040600021923999995,0.060680032767200034,0.15750008505,2023-10-28
10-29,10,29,0.0,0.055900030186,0.043200023328,0.07110003839399999,0.03300001782,0.0,0.088900048006,0.06600003564,0.12450006723,0.0,0.0,0.03300001782,0.027900015065999997,0.040600021923999995,0.005100002754000001,0.025400013716,0.020300010961999997,0.010200005508000001,0.050800027432,0.022900012366000002,0.010200005508000001,0.012700006858,0.025400013716,0.0,0.020300010961999997,0.0,0.170200091908,0.015200008207999998,0.020300010961999997,0.03050001647,0.0,0.058400031536,0.09140004935599999,0.017800009611999998,0.015200008207999998,0.053300028782,0.0,0.0,0.0,0.0,0.040600021923999995,0.045700024677999995,0.015200008207999998,0.055900030186,0.043200023328,0.010200005508000001,0.012700006858,0.03300001782,0.0,0.0,0.008925004819500001,0.03158751705725,0.021600011664,0.0438250236655,0.06753003646620001,0.170200091908,2023-10-29
10-30,10,30,0.0,0.06100003294,0.043200023328,0.08380004525200001,0.038100020574,0.0,0.088900048006,0.06600003564,0.12450006723,0.0,0.0,0.03300001782,0.027900015065999997,0.040600021923999995,0.020300010961999997,0.025400013716,0.020300010961999997,0.010200005508000001,0.053300028782,0.022900012366000002,0.015200008207999998,0.012700006858,0.025400013716,0.0,0.020300010961999997,0.0,0.17270009325799998,0.015200008207999998,0.020300010961999997,0.027900015065999997,0.0,0.058400031536,0.09140004935599999,0.017800009611999998,0.015200008207999998,0.053300028782,0.0,0.012700006858,0.0,0.0,0.040600021923999995,0.050800027432,0.015200008207999998,0.055900030186,0.040600021923999995,0.010200005508000001,0.022900012366000002,0.03300001782,0.0,0.0,0.0120750065205,0.03306460118820833,0.022900012366000002,0.045100024354,0.07134003852360007,0.17270009325799998,2023-10-30
10-31,10,31,0.0,0.06100003294,0.043200023328,0.08380004525200001,0.06100003294,0.0,0.09140004935599999,0.07110003839399999,0.13210007133399998,0.0,0.0,0.03300001782,0.027900015065999997,0.040600021923999995,0.053300028782,0.025400013716,0.020300010961999997,0.010200005508000001,0.053300028782,0.022900012366000002,0.020300010961999997,0.012700006858,0.045700024677999995,0.012700006858,0.020300010961999997,0.0,0.175300094662,0.015200008207999998,0.020300010961999997,0.03300001782,0.0,0.06100003294,0.104100056214,0.017800009611999998,0.017800009611999998,0.055900030186,0.0,0.012700006858,0.0,0.0,0.038100020574,0.053300028782,0.015200008207999998,0.055900030186,0.040600021923999995,0.010200005508000001,0.022900012366000002,0.035600019223999996,0.0,0.0,0.012700006858,0.03598126942987499,0.024150013041,0.053300028782,0.07491004045140005,0.175300094662,2023-10-31
11-01,11,1,0.0,0.06100003294,0.043200023328,0.08380004525200001,0.06600003564,0.0,0.101600054864,0.07110003839399999,0.13210007133399998,0.0,0.0,0.040600021923999995,0.027900015065999997,0.040600021923999995,0.058400031536,0.025400013716,0.020300010961999997,0.010200005508000001,0.06100003294,0.038100020574,0.020300010961999997,0.012700006858,0.055900030186,0.017800009611999998,0.020300010961999997,0.015200008207999998,0.177800096012,0.015200008207999998,0.020300010961999997,0.03300001782,0.0,0.06350003429000001,0.104100056214,0.015200008207999998,0.020300010961999997,0.055900030186,0.0,0.012700006858,0.007600004103999999,0.0,0.038100020574,0.058400031536,0.015200008207999998,0.055900030186,0.040600021923999995,0.010200005508000001,0.025400013716,0.038100020574,0.0,0.0,0.0145750078705,0.03814585393208333,0.026650014391,0.056525030523500004,0.07491004045140005,0.177800096012,2023-11-01
11-02,11,2,0.0,0.06100003294,0.043200023328,0.08380004525200001,0.068600037044,0.0,0.101600054864,0.07110003839399999,0.13210007133399998,0.0,0.0,0.040600021923999995,0.038100020574,0.053300028782,0.07110003839399999,0.025400013716,0.020300010961999997,0.012700006858,0.06100003294,0.038100020574,0.020300010961999997,0.015200008207999998,0.055900030186,0.015200008207999998,0.020300010961999997,0.025400013716,0.177800096012,0.015200008207999998,0.020300010961999997,0.03300001782,0.0,0.06350003429000001,0.104100056214,0.025400013716,0.022900012366000002,0.055900030186,0.012700006858,0.010200005508000001,0.010200005508000001,0.0,0.045700024677999995,0.058400031536,0.015200008207999998,0.055900030186,0.040600021923999995,0.010200005508000001,0.025400013716,0.017800009611999998,0.0,0.0,0.015200008207999998,0.03947293798204166,0.025400013716,0.056525030523500004,0.07491004045140005,0.177800096012,2023-11-02
11-03,11,3,0.005100002754000001,0.06100003294,0.043200023328,0.08380004525200001,0.076200041148,0.0,0.109200058968,0.07110003839399999,0.13210007133399998,0.0,0.0,0.040600021923999995,0.038100020574,0.053300028782,0.09400005076,0.025400013716,0.027900015065999997,0.012700006858,0.06100003294,0.038100020574,0.020300010961999997,0.017800009611999998,0.055900030186,0.015200008207999998,0.020300010961999997,0.03050001647,0.177800096012,0.015200008207999998,0.020300010961999997,0.03300001782,0.025400013716,0.06350003429000001,0.104100056214,0.025400013716,0.025400013716,0.055900030186,0.012700006858,0.010200005508000001,0.010200005508000001,0.0,0.053300028782,0.058400031536,0.015200008207999998,0.058400031536,0.058400031536,0.010200005508000001,0.027900015065999997,0.017800009611999998,0.0,0.008670004681800002,0.015200008207999998,0.041906272629375,0.029200015768,0.058400031536,0.08686004690440005,0.177800096012,2023-11-03
11-04,11,4,0.027900015065999997,0.06100003294,0.043200023328,0.08380004525200001,0.076200041148,0.0,0.116800063072,0.07110003839399999,0.13210007133399998,0.00250000135,0.017800009611999998,0.040600021923999995,0.038100020574,0.055900030186,0.09400005076,0.025400013716,0.027900015065999997,0.012700006858,0.06100003294,0.038100020574,0.020300010961999997,0.017800009611999998,0.055900030186,0.015200008207999998,0.020300010961999997,0.03300001782,0.177800096012,0.015200008207999998,0.020300010961999997,0.03050001647,0.027900015065999997,0.06350003429000001,0.104100056214,0.025400013716,0.027900015065999997,0.058400031536,0.012700006858,0.010200005508000001,0.010200005508000001,0.00250000135,0.053300028782,0.058400031536,0.015200008207999998,0.058400031536,0.058400031536,0.010200005508000001,0.03050001647,0.017800009611999998,0.0,0.010200005508000001,0.017800009611999998,0.043279190037416655,0.03050001647,0.058400031536,0.08686004690440005,0.177800096012,2023-11-04
11-05,11,5,0.027900015065999997,0.06100003294,0.043200023328,0.08380004525200001,0.076200041148,0.0,0.116800063072,0.07110003839399999,0.13210007133399998,0.005100002754000001,0.017800009611999998,0.040600021923999995,0.043200023328,0.055900030186,0.09400005076,0.025400013716,0.03050001647,0.012700006858,0.078700042498,0.038100020574,0.020300010961999997,0.020300010961999997,0.055900030186,0.015200008207999998,0.022900012366000002,0.035600019223999996,0.177800096012,0.03300001782,0.020300010961999997,0.03050001647,0.048300026082,0.06100003294,0.101600054864,0.03050001647,0.03050001647,0.06100003294,0.012700006858,0.015200008207999998,0.007600004103999999,0.015200008207999998,0.058400031536,0.058400031536,0.015200008207999998,0.058400031536,0.058400031536,0.010200005508000001,0.035600019223999996,0.017800009611999998,0.0,0.012700006858,0.019675010624499997,0.04545627454637499,0.035600019223999996,0.059050031887,0.08686004690440005,0.177800096012,2023-11-05
11-06,11,6,0.03300001782,0.06100003294,0.043200023328,0.08380004525200001,0.076200041148,0.0,0.116800063072,0.08130004390199999,0.13210007133399998,0.005100002754000001,0.017800009611999998,0.040600021923999995,0.058400031536,0.055900030186,0.09650005211,0.025400013716,0.040600021923999995,0.012700006858,0.08380004525200001,0.038100020574,0.03300001782,0.020300010961999997,0.06100003294,0.015200008207999998,0.022900012366000002,0.035600019223999996,0.177800096012,0.040600021923999995,0.020300010961999997,0.03050001647,0.050800027432,0.058400031536,0.101600054864,0.035600019223999996,0.03050001647,0.06350003429000001,0.012700006858,0.015200008207999998,0.00250000135,0.025400013716,0.058400031536,0.058400031536,0.015200008207999998,0.058400031536,0.076200041148,0.010200005508000001,0.040600021923999995,0.017800009611999998,0.0,0.012700006858,0.020300010961999997,0.04772710910595832,0.040600021923999995,0.06100003294,0.08761004730940006,0.177800096012,2023-11-06
11-07,11,7,0.038100020574,0.06100003294,0.043200023328,0.08380004525200001,0.076200041148,0.0,0.12950006993,0.08130004390199999,0.14480007819200003,0.010200005508000001,0.017800009611999998,0.040600021923999995,0.058400031536,0.058400031536,0.09650005211,0.025400013716,0.043200023328,0.012700006858,0.08380004525200001,0.038100020574,0.038100020574,0.020300010961999997,0.06350003429000001,0.015200008207999998,0.022900012366000002,0.035600019223999996,0.177800096012,0.040600021923999995,0.020300010961999997,0.03050001647,0.053300028782,0.058400031536,0.101600054864,0.035600019223999996,0.03050001647,0.06600003564,0.012700006858,0.025400013716,0.0,0.035600019223999996,0.058400031536,0.058400031536,0.015200008207999998,0.058400031536,0.08130004390199999,0.010200005508000001,0.040600021923999995,0.017800009611999998,0.0,0.012700006858,0.022250012015,0.049316693297666664,0.040600021923999995,0.0616250332775,0.08761004730940006,0.177800096012,2023-11-07
11-08,11,8,0.038100020574,0.06100003294,0.043200023328,0.08380004525200001,0.076200041148,0.0,0.12950006993,0.09140004935599999,0.152400082296,0.015200008207999998,0.017800009611999998,0.040600021923999995,0.058400031536,0.058400031536,0.101600054864,0.025400013716,0.043200023328,0.017800009611999998,0.08380004525200001,0.038100020574,0.043200023328,0.017800009611999998,0.06350003429000001,0.017800009611999998,0.022900012366000002,0.035600019223999996,0.177800096012,0.040600021923999995,0.020300010961999997,0.03050001647,0.053300028782,0.058400031536,0.101600054864,0.035600019223999996,0.03050001647,0.06600003564,0.012700006858,0.025400013716,0.0,0.035600019223999996,0.058400031536,0.058400031536,0.03300001782,0.058400031536,0.08130004390199999,0.010200005508000001,0.040600021923999995,0.017800009611999998,0.0,0.0170200091908,0.0247750133785,0.050481277259875,0.040600021923999995,0.0616250332775,0.09446005100840003,0.177800096012,2023-11-08
11-09,11,9,0.040600021923999995,0.058400031536,0.048300026082,0.08380004525200001,0.101600054864,0.0,0.1600000864,0.101600054864,0.1600000864,0.015200008207999998,0.020300010961999997,0.040600021923999995,0.06600003564,0.058400031536,0.106700057618,0.025400013716,0.043200023328,0.025400013716,0.08380004525200001,0.040600021923999995,0.06100003294,0.017800009611999998,0.073700039798,0.017800009611999998,0.06350003429000001,0.035600019223999996,0.177800096012,0.048300026082,0.020300010961999997,0.03050001647,0.053300028782,0.058400031536,0.109200058968,0.035600019223999996,0.03050001647,0.06600003564,0.012700006858,0.025400013716,0.0,0.035600019223999996,0.055900030186,0.058400031536,0.038100020574,0.058400031536,0.088900048006,0.010200005508000001,0.043200023328,0.017800009611999998,0.0,0.0170200091908,0.025400013716,0.05466252951775,0.045750024705,0.06600003564,0.10313005569020002,0.177800096012,2023-11-09
11-10,11,10,0.043200023328,0.058400031536,0.048300026082,0.08380004525200001,0.109200058968,0.0,0.16760009050400002,0.106700057618,0.1600000864,0.020300010961999997,0.022900012366000002,0.040600021923999995,0.06600003564,0.06100003294,0.106700057618,0.025400013716,0.043200023328,0.055900030186,0.08380004525200001,0.040600021923999995,0.06350003429000001,0.017800009611999998,0.08130004390199999,0.017800009611999998,0.078700042498,0.040600021923999995,0.19050010287,0.048300026082,0.022900012366000002,0.03050001647,0.055900030186,0.058400031536,0.109200058968,0.035600019223999996,0.08130004390199999,0.06600003564,0.017800009611999998,0.03300001782,0.0,0.035600019223999996,0.055900030186,0.058400031536,0.038100020574,0.073700039798,0.109200058968,0.010200005508000001,0.043200023328,0.017800009611999998,0.0,0.017800009611999998,0.0323750174825,0.05905836522483332,0.052100028134,0.07935004284899999,0.109200058968,0.19050010287,2023-11-10
11-11,11,11,0.048300026082,0.058400031536,0.048300026082,0.08380004525200001,0.12700006858000001,0.00250000135,0.16760009050400002,0.12190006582599998,0.16260008780399998,0.020300010961999997,0.03050001647,0.040600021923999995,0.06600003564,0.06100003294,0.106700057618,0.025400013716,0.043200023328,0.06100003294,0.08380004525200001,0.043200023328,0.06350003429000001,0.017800009611999998,0.08380004525200001,0.022900012366000002,0.086400046656,0.048300026082,0.19300010422,0.048300026082,0.022900012366000002,0.03050001647,0.068600037044,0.058400031536,0.114300061722,0.035600019223999996,0.088900048006,0.06600003564,0.022900012366000002,0.043200023328,0.0,0.035600019223999996,0.055900030186,0.058400031536,0.038100020574,0.073700039798,0.109200058968,0.010200005508000001,0.043200023328,0.017800009611999998,0.0,0.019550010556999998,0.0343250185355,0.061656283294375,0.052100028134,0.08380004525200001,0.11658006295320002,0.19300010422,2023-11-11
11-12,11,12,0.06350003429000001,0.058400031536,0.053300028782,0.08380004525200001,0.13210007133399998,0.012700006858,0.16760009050400002,0.18030009736199998,0.16260008780399998,0.020300010961999997,0.03300001782,0.040600021923999995,0.06600003564,0.06100003294,0.106700057618,0.025400013716,0.045700024677999995,0.06350003429000001,0.08380004525200001,0.053300028782,0.06600003564,0.017800009611999998,0.08380004525200001,0.022900012366000002,0.086400046656,0.048300026082,0.19300010422,0.050800027432,0.03050001647,0.035600019223999996,0.068600037044,0.058400031536,0.114300061722,0.035600019223999996,0.088900048006,0.06600003564,0.03050001647,0.043200023328,0.0,0.035600019223999996,0.055900030186,0.058400031536,0.053300028782,0.073700039798,0.109200058968,0.010200005508000001,0.043200023328,0.017800009611999998,0.0,0.019550010556999998,0.035600019223999996,0.06482295167104167,0.057150030861,0.08380004525200001,0.11964006460560006,0.19300010422,2023-11-12
11-13,11,13,0.076200041148,0.058400031536,0.068600037044,0.08380004525200001,0.13210007133399998,0.027900015065999997,0.16760009050400002,0.203200109728,0.16260008780399998,0.03300001782,0.043200023328,0.040600021923999995,0.06600003564,0.06350003429000001,0.106700057618,0.025400013716,0.058400031536,0.08130004390199999,0.08380004525200001,0.053300028782,0.06600003564,0.017800009611999998,0.08380004525200001,0.022900012366000002,0.086400046656,0.048300026082,0.195600105624,0.058400031536,0.03050001647,0.035600019223999996,0.07110003839399999,0.07110003839399999,0.116800063072,0.06100003294,0.088900048006,0.06600003564,0.038100020574,0.043200023328,0.0,0.035600019223999996,0.055900030186,0.058400031536,0.053300028782,0.073700039798,0.109200058968,0.010200005508000001,0.050800027432,0.017800009611999998,0.0,0.024650013311000002,0.039975021586499994,0.06879170381416666,0.059700032237999995,0.08380004525200001,0.12139006555060006,0.203200109728,2023-11-13
11-14,11,14,0.08380004525200001,0.058400031536,0.068600037044,0.08380004525200001,0.13460007268399998,0.048300026082,0.198100106974,0.203200109728,0.16260008780399998,0.03300001782,0.043200023328,0.040600021923999995,0.06600003564,0.06600003564,0.106700057618,0.025400013716,0.06100003294,0.08130004390199999,0.08380004525200001,0.053300028782,0.06600003564,0.017800009611999998,0.08380004525200001,0.027900015065999997,0.086400046656,0.06350003429000001,0.195600105624,0.07110003839399999,0.050800027432,0.035600019223999996,0.07110003839399999,0.07110003839399999,0.116800063072,0.09140004935599999,0.088900048006,0.06600003564,0.050800027432,0.045700024677999995,0.0,0.035600019223999996,0.055900030186,0.058400031536,0.078700042498,0.07110003839399999,0.109200058968,0.010200005508000001,0.050800027432,0.017800009611999998,0.0,0.027150014660999998,0.047650025730999995,0.07270212259245834,0.06600003564,0.08380004525200001,0.12214006595560006,0.203200109728,2023-11-14
11-15,11,15,0.08380004525200001,0.058400031536,0.068600037044,0.09910005351399999,0.13460007268399998,0.048300026082,0.20570011107800001,0.208300112482,0.16260008780399998,0.03300001782,0.048300026082,0.043200023328,0.06600003564,0.08130004390199999,0.104100056214,0.025400013716,0.06100003294,0.08130004390199999,0.08380004525200001,0.053300028782,0.06600003564,0.017800009611999998,0.086400046656,0.027900015065999997,0.086400046656,0.06350003429000001,0.195600105624,0.09650005211,0.08380004525200001,0.035600019223999996,0.07110003839399999,0.07110003839399999,0.12450006723,0.09140004935599999,0.088900048006,0.06600003564,0.078700042498,0.045700024677999995,0.0,0.035600019223999996,0.055900030186,0.058400031536,0.088900048006,0.07110003839399999,0.109200058968,0.010200005508000001,0.050800027432,0.017800009611999998,0.0,0.027150014660999998,0.048300026082,0.07593545767179166,0.069850037719,0.088900048006,0.12753006886620002,0.208300112482,2023-11-15
11-16,11,16,0.08380004525200001,0.058400031536,0.068600037044,0.09910005351399999,0.13460007268399998,0.048300026082,0.20570011107800001,0.208300112482,0.16260008780399998,0.03300001782,0.048300026082,0.043200023328,0.06600003564,0.08130004390199999,0.104100056214,0.025400013716,0.06350003429000001,0.08130004390199999,0.08380004525200001,0.053300028782,0.06600003564,0.017800009611999998,0.088900048006,0.027900015065999997,0.086400046656,0.06350003429000001,0.195600105624,0.09650005211,0.08380004525200001,0.035600019223999996,0.07110003839399999,0.07110003839399999,0.137200074088,0.09140004935599999,0.088900048006,0.068600037044,0.086400046656,0.045700024677999995,0.0,0.035600019223999996,0.055900030186,0.058400031536,0.09140004935599999,0.068600037044,0.109200058968,0.010200005508000001,0.053300028782,0.017800009611999998,0.0,0.027150014660999998,0.048300026082,0.07657087468158331,0.068600037044,0.0895250483435,0.1353800731052,0.208300112482,2023-11-16
11-17,11,17,0.08380004525200001,0.058400031536,0.068600037044,0.09910005351399999,0.13460007268399998,0.048300026082,0.20570011107800001,0.21080011383199998,0.16260008780399998,0.035600019223999996,0.050800027432,0.043200023328,0.06600003564,0.08130004390199999,0.104100056214,0.025400013716,0.088900048006,0.08130004390199999,0.08380004525200001,0.053300028782,0.06600003564,0.017800009611999998,0.088900048006,0.027900015065999997,0.086400046656,0.073700039798,0.195600105624,0.09650005211,0.08380004525200001,0.035600019223999996,0.07110003839399999,0.07110003839399999,0.147300079542,0.09140004935599999,0.09140004935599999,0.09400005076,0.086400046656,0.050800027432,0.0,0.06100003294,0.055900030186,0.058400031536,0.09140004935599999,0.068600037044,0.109200058968,0.03300001782,0.053300028782,0.022900012366000002,0.0,0.0314700169938,0.0526750284445,0.07947920958541667,0.07240003909599999,0.09140004935599999,0.13841007474140005,0.21080011383199998,2023-11-17
11-18,11,18,0.08380004525200001,0.058400031536,0.068600037044,0.116800063072,0.13460007268399998,0.053300028782,0.20570011107800001,0.218400117936,0.16260008780399998,0.045700024677999995,0.068600037044,0.043200023328,0.06600003564,0.09650005211,0.104100056214,0.025400013716,0.09910005351399999,0.08130004390199999,0.106700057618,0.058400031536,0.078700042498,0.025400013716,0.088900048006,0.027900015065999997,0.086400046656,0.09650005211,0.195600105624,0.09650005211,0.08380004525200001,0.035600019223999996,0.07110003839399999,0.07110003839399999,0.147300079542,0.09140004935599999,0.111800060372,0.09400005076,0.086400046656,0.050800027432,0.005100002754000001,0.111800060372,0.055900030186,0.058400031536,0.09140004935599999,0.068600037044,0.109200058968,0.03300001782,0.053300028782,0.027900015065999997,0.005100002754000001,0.0314700169938,0.055250029835000006,0.08439587890708333,0.08255004457699999,0.10035005418899999,0.13841007474140005,0.218400117936,2023-11-18
11-19,11,19,0.08380004525200001,0.058400031536,0.068600037044,0.12450006723,0.1600000864,0.055900030186,0.20570011107800001,0.226100122094,0.165100089154,0.045700024677999995,0.068600037044,0.043200023328,0.06600003564,0.101600054864,0.104100056214,0.03050001647,0.104100056214,0.08130004390199999,0.13460007268399998,0.058400031536,0.078700042498,0.025400013716,0.088900048006,0.03050001647,0.086400046656,0.09650005211,0.195600105624,0.09650005211,0.08380004525200001,0.035600019223999996,0.07110003839399999,0.07110003839399999,0.14480007819200003,0.101600054864,0.11940006447600002,0.09650005211,0.086400046656,0.050800027432,0.005100002754000001,0.111800060372,0.055900030186,0.058400031536,0.09400005076,0.068600037044,0.109200058968,0.043200023328,0.055900030186,0.027900015065999997,0.005100002754000001,0.034070018397799995,0.055900030186,0.08699588031108334,0.08255004457699999,0.104100056214,0.14936008065440007,0.226100122094,2023-11-19
11-20,11,20,0.08380004525200001,0.058400031536,0.068600037044,0.12450006723,0.17270009325799998,0.06350003429000001,0.20570011107800001,0.226100122094,0.17270009325799998,0.045700024677999995,0.068600037044,0.043200023328,0.078700042498,0.101600054864,0.106700057618,0.03050001647,0.104100056214,0.08130004390199999,0.137200074088,0.068600037044,0.078700042498,0.025400013716,0.088900048006,0.03050001647,0.086400046656,0.09650005211,0.195600105624,0.09650005211,0.08130004390199999,0.035600019223999996,0.068600037044,0.07110003839399999,0.14480007819200003,0.104100056214,0.11940006447600002,0.09910005351399999,0.088900048006,0.058400031536,0.005100002754000001,0.111800060372,0.055900030186,0.058400031536,0.09400005076,0.073700039798,0.109200058968,0.045700024677999995,0.055900030186,0.035600019223999996,0.005100002754000001,0.035600019223999996,0.058400031536,0.08869379789462499,0.08130004390199999,0.104750056565,0.15317008271180013,0.226100122094,2023-11-20
11-21,11,21,0.08380004525200001,0.058400031536,0.068600037044,0.12450006723,0.177800096012,0.08130004390199999,0.20570011107800001,0.228600123444,0.17270009325799998,0.045700024677999995,0.068600037044,0.043200023328,0.09650005211,0.111800060372,0.111800060372,0.03050001647,0.106700057618,0.08130004390199999,0.137200074088,0.073700039798,0.078700042498,0.03050001647,0.088900048006,0.03050001647,0.086400046656,0.09650005211,0.195600105624,0.09650005211,0.078700042498,0.035600019223999996,0.068600037044,0.068600037044,0.175300094662,0.106700057618,0.11940006447600002,0.101600054864,0.09140004935599999,0.06600003564,0.005100002754000001,0.111800060372,0.055900030186,0.068600037044,0.09400005076,0.073700039798,0.109200058968,0.045700024677999995,0.058400031536,0.038100020574,0.005100002754000001,0.037350020169,0.06410003461399999,0.09134171599116665,0.08255004457699999,0.109850059319,0.1734800936792,0.228600123444,2023-11-21
11-22,11,22,0.08380004525200001,0.058400031536,0.068600037044,0.12450006723,0.177800096012,0.086400046656,0.20570011107800001,0.228600123444,0.177800096012,0.045700024677999995,0.068600037044,0.043200023328,0.09650005211,0.12450006723,0.111800060372,0.03050001647,0.106700057618,0.08130004390199999,0.14220007678799998,0.073700039798,0.078700042498,0.035600019223999996,0.088900048006,0.03050001647,0.086400046656,0.111800060372,0.195600105624,0.09650005211,0.078700042498,0.035600019223999996,0.068600037044,0.068600037044,0.195600105624,0.116800063072,0.11940006447600002,0.106700057618,0.09650005211,0.06600003564,0.022900012366000002,0.111800060372,0.055900030186,0.068600037044,0.09400005076,0.073700039798,0.109200058968,0.045700024677999995,0.058400031536,0.038100020574,0.022900012366000002,0.037350020169,0.06410003461399999,0.09356463385820835,0.085100045954,0.111800060372,0.177800096012,0.228600123444,2023-11-22
11-23,11,23,0.09650005211,0.058400031536,0.068600037044,0.13210007133399998,0.18540010011600003,0.086400046656,0.20570011107800001,0.228600123444,0.177800096012,0.045700024677999995,0.078700042498,0.043200023328,0.09650005211,0.12450006723,0.12700006858000001,0.06350003429000001,0.106700057618,0.08130004390199999,0.177800096012,0.073700039798,0.08380004525200001,0.035600019223999996,0.088900048006,0.06600003564,0.086400046656,0.111800060372,0.195600105624,0.09400005076,0.078700042498,0.035600019223999996,0.068600037044,0.076200041148,0.208300112482,0.116800063072,0.11940006447600002,0.106700057618,0.114300061722,0.06600003564,0.022900012366000002,0.111800060372,0.06350003429000001,0.068600037044,0.09400005076,0.073700039798,0.109200058968,0.048300026082,0.06100003294,0.040600021923999995,0.022900012366000002,0.044950024272999996,0.06600003564,0.09800838625783333,0.086400046656,0.1149250620595,0.18008009724320004,0.228600123444,2023-11-23
11-24,11,24,0.09650005211,0.058400031536,0.073700039798,0.137200074088,0.18540010011600003,0.086400046656,0.20570011107800001,0.25650013851000003,0.177800096012,0.045700024677999995,0.106700057618,0.043200023328,0.09650005211,0.12700006858000001,0.12950006993,0.068600037044,0.106700057618,0.08130004390199999,0.177800096012,0.073700039798,0.08380004525200001,0.035600019223999996,0.088900048006,0.073700039798,0.09140004935599999,0.111800060372,0.195600105624,0.09400005076,0.078700042498,0.035600019223999996,0.068600037044,0.076200041148,0.228600123444,0.116800063072,0.11940006447600002,0.106700057618,0.13210007133399998,0.06600003564,0.040600021923999995,0.111800060372,0.09400005076,0.068600037044,0.09400005076,0.073700039798,0.114300061722,0.048300026082,0.06100003294,0.040600021923999995,0.035600019223999996,0.044950024272999996,0.068600037044,0.10176463828620834,0.092700050058,0.117450063423,0.18008009724320004,0.25650013851000003,2023-11-24
11-25,11,25,0.09650005211,0.06600003564,0.076200041148,0.13970007543799998,0.18540010011600003,0.106700057618,0.213400115236,0.292100157734,0.177800096012,0.045700024677999995,0.109200058968,0.06600003564,0.09650005211,0.12950006993,0.12950006993,0.068600037044,0.109200058968,0.08130004390199999,0.18030009736199998,0.073700039798,0.08380004525200001,0.035600019223999996,0.088900048006,0.088900048006,0.09650005211,0.111800060372,0.195600105624,0.09400005076,0.078700042498,0.035600019223999996,0.073700039798,0.076200041148,0.228600123444,0.116800063072,0.116800063072,0.106700057618,0.137200074088,0.06600003564,0.040600021923999995,0.111800060372,0.12700006858000001,0.068600037044,0.09400005076,0.073700039798,0.114300061722,0.050800027432,0.06350003429000001,0.040600021923999995,0.035600019223999996,0.0492700266058,0.07242503910949999,0.10540839025383332,0.095250051435,0.11935006444900001,0.1818300981882,0.292100157734,2023-11-25
11-26,11,26,0.101600054864,0.09400005076,0.076200041148,0.13970007543799998,0.18540010011600003,0.12450006723,0.213400115236,0.312400168696,0.177800096012,0.045700024677999995,0.114300061722,0.073700039798,0.09650005211,0.12950006993,0.12950006993,0.07110003839399999,0.11940006447600002,0.08130004390199999,0.18030009736199998,0.073700039798,0.08380004525200001,0.040600021923999995,0.088900048006,0.106700057618,0.09650005211,0.116800063072,0.198100106974,0.09650005211,0.078700042498,0.035600019223999996,0.073700039798,0.076200041148,0.228600123444,0.116800063072,0.114300061722,0.106700057618,0.13970007543799998,0.076200041148,0.040600021923999995,0.111800060372,0.12700006858000001,0.078700042498,0.09400005076,0.073700039798,0.114300061722,0.050800027432,0.07110003839399999,0.040600021923999995,0.035600019223999996,0.0492700266058,0.0755750408105,0.10868755869125,0.09650005211,0.1251250675675,0.1818300981882,0.312400168696,2023-11-26
11-27,11,27,0.101600054864,0.109200058968,0.076200041148,0.13970007543799998,0.18540010011600003,0.12700006858000001,0.218400117936,0.312400168696,0.177800096012,0.045700024677999995,0.12450006723,0.12450006723,0.101600054864,0.13460007268399998,0.12950006993,0.07110003839399999,0.11940006447600002,0.106700057618,0.18030009736199998,0.08130004390199999,0.08380004525200001,0.040600021923999995,0.088900048006,0.106700057618,0.09650005211,0.12450006723,0.20070010837799998,0.109200058968,0.078700042498,0.035600019223999996,0.076200041148,0.076200041148,0.228600123444,0.116800063072,0.114300061722,0.106700057618,0.13970007543799998,0.076200041148,0.045700024677999995,0.111800060372,0.12950006993,0.078700042498,0.09400005076,0.073700039798,0.114300061722,0.050800027432,0.088900048006,0.050800027432,0.035600019223999996,0.050800027432,0.0780750421605,0.11260422747291665,0.106700057618,0.1276250689175,0.1818300981882,0.312400168696,2023-11-27
11-28,11,28,0.101600054864,0.111800060372,0.076200041148,0.13970007543799998,0.18540010011600003,0.12700006858000001,0.218400117936,0.3150001701,0.177800096012,0.045700024677999995,0.12450006723,0.12450006723,0.101600054864,0.137200074088,0.12950006993,0.07110003839399999,0.12450006723,0.106700057618,0.18030009736199998,0.104100056214,0.08380004525200001,0.040600021923999995,0.09650005211,0.106700057618,0.09650005211,0.12450006723,0.21080011383199998,0.109200058968,0.09910005351399999,0.038100020574,0.076200041148,0.076200041148,0.228600123444,0.116800063072,0.114300061722,0.106700057618,0.13970007543799998,0.078700042498,0.068600037044,0.114300061722,0.13210007133399998,0.09140004935599999,0.09400005076,0.073700039798,0.114300061722,0.050800027432,0.088900048006,0.050800027432,0.038100020574,0.0632600341604,0.0825250445635,0.11509381215062502,0.106700057618,0.1276250689175,0.1818300981882,0.3150001701,2023-11-28
11-29,11,29,0.106700057618,0.114300061722,0.076200041148,0.13970007543799998,0.18540010011600003,0.13460007268399998,0.236200127548,0.34540018651599996,0.177800096012,0.045700024677999995,0.13970007543799998,0.12450006723,0.101600054864,0.137200074088,0.12950006993,0.07110003839399999,0.13210007133399998,0.116800063072,0.18030009736199998,0.104100056214,0.088900048006,0.040600021923999995,0.09650005211,0.106700057618,0.09650005211,0.12450006723,0.213400115236,0.109200058968,0.101600054864,0.040600021923999995,0.078700042498,0.076200041148,0.23370012619799999,0.116800063072,0.114300061722,0.106700057618,0.13970007543799998,0.078700042498,0.086400046656,0.114300061722,0.13970007543799998,0.111800060372,0.09400005076,0.073700039798,0.12700006858000001,0.050800027432,0.088900048006,0.050800027432,0.040600021923999995,0.0650100351054,0.0882750476685,0.11874173078716665,0.11050005967000001,0.13525007303499997,0.1818300981882,0.34540018651599996,2023-11-29
11-30,11,30,0.11940006447600002,0.114300061722,0.076200041148,0.13970007543799998,0.198100106974,0.14220007678799998,0.24380013165199996,0.368300198882,0.177800096012,0.045700024677999995,0.13970007543799998,0.12450006723,0.101600054864,0.137200074088,0.12950006993,0.07110003839399999,0.13460007268399998,0.116800063072,0.18030009736199998,0.104100056214,0.09140004935599999,0.043200023328,0.101600054864,0.116800063072,0.09650005211,0.12700006858000001,0.213400115236,0.12950006993,0.101600054864,0.040600021923999995,0.08380004525200001,0.076200041148,0.23370012619799999,0.116800063072,0.116800063072,0.106700057618,0.13970007543799998,0.078700042498,0.086400046656,0.114300061722,0.16260008780399998,0.13970007543799998,0.09400005076,0.073700039798,0.12950006993,0.050800027432,0.088900048006,0.050800027432,0.040600021923999995,0.0650100351054,0.0882750476685,0.12228339936633333,0.116800063072,0.13970007543799998,0.18564010024560007,0.368300198882,2023-11-30
12-01,12,1,0.14480007819200003,0.111800060372,0.078700042498,0.147300079542,0.22100011934000002,0.149900080946,0.259100139914,0.373400201636,0.177800096012,0.045700024677999995,0.13970007543799998,0.12450006723,0.101600054864,0.137200074088,0.13460007268399998,0.07110003839399999,0.13460007268399998,0.116800063072,0.18030009736199998,0.104100056214,0.09140004935599999,0.043200023328,0.101600054864,0.12190006582599998,0.09650005211,0.12700006858000001,0.213400115236,0.12950006993,0.104100056214,0.053300028782,0.088900048006,0.076200041148,0.236200127548,0.116800063072,0.12450006723,0.106700057618,0.14220007678799998,0.08130004390199999,0.086400046656,0.114300061722,0.18030009736199998,0.13970007543799998,0.09400005076,0.07110003839399999,0.12950006993,0.050800027432,0.088900048006,0.06100003294,0.043200023328,0.06807003675779999,0.088900048006,0.12551465111120833,0.116800063072,0.14032507577549996,0.19023010272420013,0.373400201636,2023-12-01
12-02,12,2,0.15750008505,0.111800060372,0.078700042498,0.147300079542,0.228600123444,0.170200091908,0.26670014401799996,0.388600209844,0.177800096012,0.045700024677999995,0.13970007543799998,0.12450006723,0.101600054864,0.137200074088,0.13460007268399998,0.07110003839399999,0.13460007268399998,0.116800063072,0.203200109728,0.104100056214,0.09140004935599999,0.043200023328,0.101600054864,0.137200074088,0.09650005211,0.12700006858000001,0.213400115236,0.165100089154,0.104100056214,0.055900030186,0.088900048006,0.076200041148,0.236200127548,0.116800063072,0.12450006723,0.106700057618,0.14220007678799998,0.08130004390199999,0.086400046656,0.114300061722,0.18540010011600003,0.13970007543799998,0.09650005211,0.07110003839399999,0.14480007819200003,0.058400031536,0.088900048006,0.06100003294,0.043200023328,0.06807003675779999,0.088900048006,0.12906256969375,0.116800063072,0.1454250785295,0.20626011138040004,0.388600209844,2023-12-02
12-03,12,3,0.1600000864,0.111800060372,0.08130004390199999,0.147300079542,0.231100124794,0.175300094662,0.26670014401799996,0.41400022355999994,0.177800096012,0.045700024677999995,0.13970007543799998,0.12450006723,0.101600054864,0.14220007678799998,0.13460007268399998,0.076200041148,0.13460007268399998,0.116800063072,0.203200109728,0.104100056214,0.09140004935599999,0.048300026082,0.101600054864,0.14220007678799998,0.09650005211,0.12700006858000001,0.213400115236,0.20570011107800001,0.104100056214,0.058400031536,0.09400005076,0.076200041148,0.23880012895200003,0.116800063072,0.14220007678799998,0.12450006723,0.14220007678799998,0.08130004390199999,0.086400046656,0.114300061722,0.18540010011600003,0.13970007543799998,0.09650005211,0.07110003839399999,0.16260008780399998,0.076200041148,0.088900048006,0.06100003294,0.045700024677999995,0.0746700403218,0.09077504901849999,0.13281673838766667,0.12065006515099999,0.1504750812565,0.20801011232540004,0.41400022355999994,2023-12-03
12-04,12,4,0.16260008780399998,0.111800060372,0.08380004525200001,0.147300079542,0.23370012619799999,0.213400115236,0.26670014401799996,0.439400237276,0.177800096012,0.045700024677999995,0.13970007543799998,0.12450006723,0.101600054864,0.14220007678799998,0.13460007268399998,0.08130004390199999,0.13970007543799998,0.116800063072,0.203200109728,0.104100056214,0.09140004935599999,0.048300026082,0.101600054864,0.149900080946,0.09650005211,0.12700006858000001,0.213400115236,0.21080011383199998,0.104100056214,0.06350003429000001,0.09400005076,0.076200041148,0.246400133056,0.116800063072,0.14220007678799998,0.137200074088,0.14480007819200003,0.08380004525200001,0.086400046656,0.13210007133399998,0.18540010011600003,0.13970007543799998,0.09650005211,0.068600037044,0.165100089154,0.101600054864,0.088900048006,0.06100003294,0.045700024677999995,0.0739200399168,0.09335005040899999,0.13631465694320832,0.125750067905,0.1530750826605,0.213400115236,0.439400237276,2023-12-04
12-05,12,5,0.19300010422,0.111800060372,0.114300061722,0.147300079542,0.23370012619799999,0.226100122094,0.26670014401799996,0.439400237276,0.177800096012,0.045700024677999995,0.13970007543799998,0.12450006723,0.101600054864,0.14220007678799998,0.13460007268399998,0.08130004390199999,0.152400082296,0.147300079542,0.203200109728,0.104100056214,0.09910005351399999,0.048300026082,0.101600054864,0.1600000864,0.09650005211,0.12700006858000001,0.213400115236,0.213400115236,0.104100056214,0.06600003564,0.09650005211,0.076200041148,0.248900134406,0.116800063072,0.147300079542,0.137200074088,0.14480007819200003,0.08380004525200001,0.101600054864,0.13210007133399998,0.18540010011600003,0.14480007819200003,0.09650005211,0.068600037044,0.175300094662,0.106700057618,0.088900048006,0.068600037044,0.045700024677999995,0.0739200399168,0.09845005316299998,0.14033549244779167,0.129550069957,0.16382508846549998,0.21721011729340006,0.439400237276,2023-12-05
12-06,12,6,0.195600105624,0.111800060372,0.116800063072,0.147300079542,0.23370012619799999,0.228600123444,0.26670014401799996,0.439400237276,0.177800096012,0.045700024677999995,0.13970007543799998,0.12450006723,0.101600054864,0.14220007678799998,0.13970007543799998,0.08130004390199999,0.15750008505,0.170200091908,0.25400013716000003,0.104100056214,0.09910005351399999,0.048300026082,0.101600054864,0.177800096012,0.09650005211,0.12700006858000001,0.213400115236,0.213400115236,0.104100056214,0.06600003564,0.09910005351399999,0.078700042498,0.248900134406,0.114300061722,0.152400082296,0.137200074088,0.14480007819200003,0.08380004525200001,0.101600054864,0.13210007133399998,0.18540010011600003,0.147300079542,0.09650005211,0.068600037044,0.18290009876600002,0.106700057618,0.088900048006,0.086400046656,0.045700024677999995,0.0805200434808,0.09910005351399999,0.14335424407791666,0.129550069957,0.177800096012,0.23013012427020002,0.439400237276,2023-12-06
12-07,12,7,0.195600105624,0.111800060372,0.12190006582599998,0.147300079542,0.23370012619799999,0.25150013581,0.26670014401799996,0.439400237276,0.177800096012,0.050800027432,0.14220007678799998,0.12450006723,0.09910005351399999,0.14220007678799998,0.13970007543799998,0.086400046656,0.16760009050400002,0.170200091908,0.261600141264,0.104100056214,0.09910005351399999,0.048300026082,0.101600054864,0.218400117936,0.09650005211,0.13210007133399998,0.213400115236,0.22350012068999997,0.104100056214,0.076200041148,0.09910005351399999,0.08130004390199999,0.26420014266799996,0.114300061722,0.152400082296,0.137200074088,0.14480007819200003,0.08380004525200001,0.101600054864,0.13210007133399998,0.18540010011600003,0.147300079542,0.09650005211,0.068600037044,0.18290009876600002,0.106700057618,0.088900048006,0.09910005351399999,0.048300026082,0.083050044847,0.09910005351399999,0.146531329126875,0.13210007133399998,0.1790750967005,0.23904012908160008,0.439400237276,2023-12-07
12-08,12,8,0.195600105624,0.111800060372,0.12450006723,0.147300079542,0.23370012619799999,0.259100139914,0.26670014401799996,0.44450024003,0.177800096012,0.07110003839399999,0.14220007678799998,0.12450006723,0.09910005351399999,0.14480007819200003,0.13970007543799998,0.086400046656,0.16760009050400002,0.175300094662,0.26420014266799996,0.111800060372,0.09910005351399999,0.055900030186,0.101600054864,0.22100011934000002,0.09650005211,0.14480007819200003,0.231100124794,0.22350012068999997,0.104100056214,0.104100056214,0.09910005351399999,0.088900048006,0.26420014266799996,0.114300061722,0.152400082296,0.14220007678799998,0.14220007678799998,0.088900048006,0.101600054864,0.13210007133399998,0.18540010011600003,0.149900080946,0.09650005211,0.068600037044,0.18800010152,0.111800060372,0.088900048006,0.101600054864,0.055900030186,0.088900048006,0.1009750545265,0.14970841417583333,0.13590007338599996,0.179700097038,0.24132013031280009,0.44450024003,2023-12-08
12-09,12,9,0.195600105624,0.111800060372,0.12450006723,0.147300079542,0.23370012619799999,0.26920014536799997,0.26670014401799996,0.452100244134,0.177800096012,0.078700042498,0.14480007819200003,0.12450006723,0.09910005351399999,0.14480007819200003,0.154900083646,0.086400046656,0.16760009050400002,0.175300094662,0.26420014266799996,0.12450006723,0.101600054864,0.055900030186,0.101600054864,0.22100011934000002,0.09650005211,0.149900080946,0.25150013581,0.22350012068999997,0.104100056214,0.106700057618,0.101600054864,0.088900048006,0.26420014266799996,0.114300061722,0.1600000864,0.14220007678799998,0.14220007678799998,0.09140004935599999,0.11940006447600002,0.13210007133399998,0.18540010011600003,0.16260008780399998,0.09650005211,0.07110003839399999,0.18800010152,0.12190006582599998,0.088900048006,0.101600054864,0.055900030186,0.088900048006,0.101600054864,0.15266883244112497,0.137150074061,0.179700097038,0.25531013786740003,0.452100244134,2023-12-09
12-10,12,10,0.195600105624,0.111800060372,0.12450006723,0.147300079542,0.236200127548,0.27940015087599995,0.26670014401799996,0.452100244134,0.18030009736199998,0.08380004525200001,0.14480007819200003,0.12950006993,0.09910005351399999,0.14480007819200003,0.18290009876600002,0.09140004935599999,0.16760009050400002,0.175300094662,0.271800146772,0.12700006858000001,0.101600054864,0.055900030186,0.104100056214,0.22100011934000002,0.09650005211,0.149900080946,0.274300148122,0.22350012068999997,0.104100056214,0.106700057618,0.101600054864,0.088900048006,0.26420014266799996,0.114300061722,0.1600000864,0.14220007678799998,0.14220007678799998,0.09140004935599999,0.14220007678799998,0.13210007133399998,0.18540010011600003,0.16260008780399998,0.09650005211,0.088900048006,0.18800010152,0.12190006582599998,0.088900048006,0.101600054864,0.055900030186,0.090650048951,0.101600054864,0.15546675061866666,0.14220007678799998,0.1835250991035,0.26495014307299997,0.452100244134,2023-12-10
12-11,12,11,0.195600105624,0.111800060372,0.12450006723,0.147300079542,0.236200127548,0.292100157734,0.26670014401799996,0.452100244134,0.18030009736199998,0.104100056214,0.14480007819200003,0.12950006993,0.09910005351399999,0.14480007819200003,0.18290009876600002,0.09140004935599999,0.16760009050400002,0.175300094662,0.294600159084,0.12700006858000001,0.101600054864,0.06100003294,0.12950006993,0.22100011934000002,0.09650005211,0.149900080946,0.27940015087599995,0.22350012068999997,0.106700057618,0.106700057618,0.104100056214,0.088900048006,0.28700015498,0.114300061722,0.16760009050400002,0.14220007678799998,0.14220007678799998,0.101600054864,0.19300010422,0.13210007133399998,0.18540010011600003,0.16260008780399998,0.09650005211,0.09140004935599999,0.18800010152,0.12190006582599998,0.088900048006,0.101600054864,0.06100003294,0.0949700512838,0.104100056214,0.15943341942733333,0.14220007678799998,0.18605010046700002,0.2705101460754,0.452100244134,2023-12-11
12-12,12,12,0.195600105624,0.111800060372,0.12450006723,0.147300079542,0.236200127548,0.309900167346,0.292100157734,0.452100244134,0.18030009736199998,0.104100056214,0.14480007819200003,0.12950006993,0.09910005351399999,0.14480007819200003,0.198100106974,0.09400005076,0.16760009050400002,0.175300094662,0.3200001728,0.12700006858000001,0.101600054864,0.06350003429000001,0.12950006993,0.22100011934000002,0.09650005211,0.152400082296,0.27940015087599995,0.22350012068999997,0.106700057618,0.106700057618,0.104100056214,0.088900048006,0.28700015498,0.114300061722,0.16760009050400002,0.14220007678799998,0.14220007678799998,0.106700057618,0.198100106974,0.13210007133399998,0.18540010011600003,0.165100089154,0.09650005211,0.09140004935599999,0.195600105624,0.12190006582599998,0.088900048006,0.101600054864,0.06350003429000001,0.09575005170499999,0.106050057267,0.16176050401729167,0.14220007678799998,0.195600105624,0.2816801521072,0.452100244134,2023-12-12
12-13,12,13,0.195600105624,0.111800060372,0.12450006723,0.149900080946,0.236200127548,0.32510017555399995,0.312400168696,0.452100244134,0.18030009736199998,0.104100056214,0.14480007819200003,0.12950006993,0.109200058968,0.14480007819200003,0.203200109728,0.09650005211,0.17270009325799998,0.20570011107800001,0.355600192024,0.12700006858000001,0.101600054864,0.06350003429000001,0.13460007268399998,0.22100011934000002,0.09650005211,0.152400082296,0.27940015087599995,0.22350012068999997,0.111800060372,0.106700057618,0.109200058968,0.109200058968,0.28700015498,0.114300061722,0.16760009050400002,0.14220007678799998,0.14220007678799998,0.106700057618,0.198100106974,0.13210007133399998,0.19300010422,0.18800010152,0.104100056214,0.09140004935599999,0.20070010837799998,0.12190006582599998,0.088900048006,0.101600054864,0.06350003429000001,0.1000700540378,0.109200058968,0.16604592299808332,0.14220007678799998,0.19875010732499998,0.2816801521072,0.452100244134,2023-12-13
12-14,12,14,0.195600105624,0.111800060372,0.12450006723,0.149900080946,0.246400133056,0.337800182412,0.3150001701,0.452100244134,0.18030009736199998,0.104100056214,0.147300079542,0.12950006993,0.12190006582599998,0.14480007819200003,0.203200109728,0.09650005211,0.18030009736199998,0.213400115236,0.36320019612800003,0.12700006858000001,0.101600054864,0.086400046656,0.14220007678799998,0.22100011934000002,0.09650005211,0.154900083646,0.27940015087599995,0.22350012068999997,0.116800063072,0.106700057618,0.12450006723,0.147300079542,0.28700015498,0.116800063072,0.170200091908,0.14220007678799998,0.154900083646,0.106700057618,0.198100106974,0.13970007543799998,0.19300010422,0.203200109728,0.109200058968,0.09400005076,0.20570011107800001,0.12190006582599998,0.088900048006,0.101600054864,0.086400046656,0.1000700540378,0.115550062397,0.17038550867479163,0.146050078867,0.203200109728,0.2816801521072,0.452100244134,2023-12-14
12-15,12,15,0.195600105624,0.111800060372,0.12450006723,0.1600000864,0.246400133056,0.36070019477799997,0.3150001701,0.452100244134,0.18030009736199998,0.104100056214,0.147300079542,0.12950006993,0.12190006582599998,0.14480007819200003,0.20570011107800001,0.09650005211,0.18030009736199998,0.213400115236,0.36320019612800003,0.12700006858000001,0.101600054864,0.086400046656,0.16260008780399998,0.228600123444,0.09650005211,0.165100089154,0.27940015087599995,0.22350012068999997,0.11940006447600002,0.106700057618,0.12450006723,0.147300079542,0.292100157734,0.116800063072,0.18030009736199998,0.14220007678799998,0.154900083646,0.116800063072,0.213400115236,0.13970007543799998,0.195600105624,0.22350012068999997,0.111800060372,0.114300061722,0.20570011107800001,0.12190006582599998,0.106700057618,0.101600054864,0.086400046656,0.103350055809,0.116800063072,0.17414592737208331,0.147300079542,0.2076251121175,0.2832101529334,0.452100244134,2023-12-15
12-16,12,16,0.195600105624,0.111800060372,0.12450006723,0.195600105624,0.261600141264,0.38100020574,0.3150001701,0.452100244134,0.18030009736199998,0.104100056214,0.147300079542,0.13210007133399998,0.12450006723,0.14480007819200003,0.20570011107800001,0.09650005211,0.18030009736199998,0.213400115236,0.36580019753200005,0.12700006858000001,0.101600054864,0.086400046656,0.19300010422,0.228600123444,0.09910005351399999,0.165100089154,0.27940015087599995,0.22350012068999997,0.12450006723,0.106700057618,0.12950006993,0.147300079542,0.299700161838,0.116800063072,0.18030009736199998,0.14220007678799998,0.154900083646,0.116800063072,0.228600123444,0.13970007543799998,0.195600105624,0.22350012068999997,0.111800060372,0.114300061722,0.208300112482,0.12190006582599998,0.106700057618,0.101600054864,0.086400046656,0.103350055809,0.116800063072,0.17721676236366665,0.147300079542,0.2095751131705,0.28549015416460005,0.452100244134,2023-12-16
12-17,12,17,0.203200109728,0.111800060372,0.12450006723,0.195600105624,0.261600141264,0.388600209844,0.32510017555399995,0.452100244134,0.18030009736199998,0.104100056214,0.147300079542,0.137200074088,0.12700006858000001,0.14480007819200003,0.20570011107800001,0.09650005211,0.18290009876600002,0.213400115236,0.37850020439,0.12700006858000001,0.101600054864,0.09400005076,0.19300010422,0.228600123444,0.116800063072,0.165100089154,0.27940015087599995,0.22350012068999997,0.12950006993,0.106700057618,0.137200074088,0.147300079542,0.299700161838,0.116800063072,0.18290009876600002,0.14220007678799998,0.154900083646,0.12450006723,0.28190015222599996,0.14480007819200003,0.195600105624,0.22100011934000002,0.111800060372,0.12700006858000001,0.208300112482,0.12190006582599998,0.111800060372,0.101600054864,0.09400005076,0.1059200571968,0.12385006687899999,0.18076259761174998,0.147300079542,0.2095751131705,0.28724015510960005,0.452100244134,2023-12-17
12-18,12,18,0.215900116586,0.111800060372,0.12450006723,0.195600105624,0.261600141264,0.36320019612800003,0.32510017555399995,0.452100244134,0.18030009736199998,0.104100056214,0.147300079542,0.14480007819200003,0.12950006993,0.14480007819200003,0.228600123444,0.09650005211,0.18290009876600002,0.213400115236,0.37850020439,0.12700006858000001,0.101600054864,0.09910005351399999,0.198100106974,0.231100124794,0.12950006993,0.16760009050400002,0.27940015087599995,0.228600123444,0.13210007133399998,0.106700057618,0.13970007543799998,0.147300079542,0.302300163242,0.116800063072,0.218400117936,0.14220007678799998,0.154900083646,0.12450006723,0.28190015222599996,0.14480007819200003,0.195600105624,0.22100011934000002,0.11940006447600002,0.12700006858000001,0.208300112482,0.12190006582599998,0.111800060372,0.12450006723,0.09650005211,0.1102700595458,0.12450006723,0.18340843237383334,0.147300079542,0.219050118287,0.28802015553080007,0.452100244134,2023-12-18
12-19,12,19,0.23370012619799999,0.111800060372,0.12450006723,0.195600105624,0.261600141264,0.41400022355999994,0.32510017555399995,0.452100244134,0.18030009736199998,0.104100056214,0.147300079542,0.14480007819200003,0.149900080946,0.149900080946,0.228600123444,0.09650005211,0.19050010287,0.213400115236,0.37850020439,0.12700006858000001,0.101600054864,0.106700057618,0.198100106974,0.231100124794,0.12950006993,0.16760009050400002,0.27940015087599995,0.23880012895200003,0.13210007133399998,0.111800060372,0.147300079542,0.147300079542,0.332700179658,0.116800063072,0.218400117936,0.147300079542,0.154900083646,0.13210007133399998,0.28190015222599996,0.14480007819200003,0.195600105624,0.22100011934000002,0.11940006447600002,0.12700006858000001,0.208300112482,0.12190006582599998,0.111800060372,0.12700006858000001,0.09650005211,0.111800060372,0.12700006858000001,0.18711260104075,0.149900080946,0.22290012036600002,0.2948601592244001,0.452100244134,2023-12-19
12-20,12,20,0.23880012895200003,0.111800060372,0.12450006723,0.213400115236,0.261600141264,0.434300234522,0.335300181062,0.452100244134,0.18030009736199998,0.104100056214,0.149900080946,0.14480007819200003,0.154900083646,0.149900080946,0.228600123444,0.09650005211,0.19050010287,0.213400115236,0.37850020439,0.12700006858000001,0.104100056214,0.109200058968,0.198100106974,0.231100124794,0.12950006993,0.16760009050400002,0.27940015087599995,0.248900134406,0.13210007133399998,0.11940006447600002,0.1600000864,0.147300079542,0.41150022221,0.116800063072,0.218400117936,0.170200091908,0.15750008505,0.13210007133399998,0.28450015363,0.14480007819200003,0.20070010837799998,0.22100011934000002,0.11940006447600002,0.12700006858000001,0.208300112482,0.12190006582599998,0.111800060372,0.147300079542,0.09650005211,0.111800060372,0.12700006858000001,0.19187718694695832,0.158750085725,0.22290012036600002,0.2997401618596002,0.452100244134,2023-12-20
12-21,12,21,0.23880012895200003,0.111800060372,0.12450006723,0.236200127548,0.261600141264,0.44450024003,0.34290018516599996,0.452100244134,0.18030009736199998,0.106700057618,0.15750008505,0.14480007819200003,0.154900083646,0.149900080946,0.228600123444,0.09650005211,0.19050010287,0.213400115236,0.388600209844,0.12700006858000001,0.104100056214,0.116800063072,0.20070010837799998,0.231100124794,0.12950006993,0.16760009050400002,0.27940015087599995,0.25150013581,0.13210007133399998,0.13970007543799998,0.16260008780399998,0.147300079542,0.44450024003,0.116800063072,0.218400117936,0.170200091908,0.1600000864,0.137200074088,0.28450015363,0.152400082296,0.20070010837799998,0.22100011934000002,0.12190006582599998,0.12700006858000001,0.208300112482,0.12190006582599998,0.111800060372,0.16260008780399998,0.09650005211,0.115300062262,0.1288750695925,0.19526468877620837,0.16260008780399998,0.2292251237815,0.3020201630908002,0.452100244134,2023-12-21
12-22,12,22,0.241300130302,0.111800060372,0.12450006723,0.259100139914,0.261600141264,0.457200246888,0.35050018927,0.452100244134,0.18030009736199998,0.111800060372,0.177800096012,0.14480007819200003,0.154900083646,0.149900080946,0.228600123444,0.09650005211,0.19050010287,0.213400115236,0.40130021670199995,0.12700006858000001,0.104100056214,0.12700006858000001,0.20070010837799998,0.231100124794,0.12950006993,0.18290009876600002,0.27940015087599995,0.25400013716000003,0.13210007133399998,0.13970007543799998,0.170200091908,0.147300079542,0.46740025239599997,0.116800063072,0.22100011934000002,0.175300094662,0.198100106974,0.17270009325799998,0.28450015363,0.152400082296,0.20570011107800001,0.22100011934000002,0.12190006582599998,0.12700006858000001,0.23370012619799999,0.12190006582599998,0.111800060372,0.16260008780399998,0.09650005211,0.115300062262,0.1288750695925,0.20055635830037497,0.176550095337,0.23175012514499999,0.30430016432200024,0.46740025239599997,2023-12-22
12-23,12,23,0.25150013581,0.111800060372,0.12700006858000001,0.26420014266799996,0.261600141264,0.472400255096,0.35050018927,0.452100244134,0.18030009736199998,0.13970007543799998,0.19300010422,0.14480007819200003,0.154900083646,0.149900080946,0.228600123444,0.09650005211,0.19050010287,0.213400115236,0.431800233172,0.12700006858000001,0.104100056214,0.12700006858000001,0.203200109728,0.231100124794,0.12950006993,0.18290009876600002,0.27940015087599995,0.26670014401799996,0.13460007268399998,0.14220007678799998,0.18800010152,0.147300079542,0.48770026335800004,0.116800063072,0.226100122094,0.18540010011600003,0.218400117936,0.20070010837799998,0.28450015363,0.152400082296,0.20570011107800001,0.22100011934000002,0.13210007133399998,0.12700006858000001,0.23370012619799999,0.12190006582599998,0.111800060372,0.16260008780399998,0.09650005211,0.12037006499979999,0.13397507234649997,0.20552719431795832,0.186700100818,0.23175012514499999,0.30430016432200024,0.48770026335800004,2023-12-23
12-24,12,24,0.25400013716000003,0.111800060372,0.12950006993,0.26420014266799996,0.271800146772,0.497800268812,0.35050018927,0.452100244134,0.18030009736199998,0.13970007543799998,0.20070010837799998,0.14480007819200003,0.154900083646,0.149900080946,0.228600123444,0.09650005211,0.19050010287,0.213400115236,0.44200023868000005,0.12700006858000001,0.104100056214,0.12700006858000001,0.203200109728,0.231100124794,0.12950006993,0.18290009876600002,0.27940015087599995,0.276900149526,0.137200074088,0.147300079542,0.19050010287,0.147300079542,0.48770026335800004,0.116800063072,0.231100124794,0.18540010011600003,0.218400117936,0.215900116586,0.28450015363,0.18290009876600002,0.208300112482,0.22100011934000002,0.13460007268399998,0.165100089154,0.236200127548,0.12450006723,0.111800060372,0.16760009050400002,0.09650005211,0.1221900659826,0.1390750751005,0.20933761304225,0.187950101493,0.2323751254825,0.30430016432200024,0.497800268812,2023-12-24
12-25,12,25,0.25400013716000003,0.111800060372,0.12950006993,0.26920014536799997,0.274300148122,0.5156002784239999,0.35050018927,0.452100244134,0.18030009736199998,0.13970007543799998,0.21080011383199998,0.14480007819200003,0.154900083646,0.149900080946,0.228600123444,0.09650005211,0.19300010422,0.213400115236,0.44200023868000005,0.12700006858000001,0.104100056214,0.12700006858000001,0.213400115236,0.231100124794,0.12950006993,0.18800010152,0.27940015087599995,0.27940015087599995,0.137200074088,0.152400082296,0.198100106974,0.147300079542,0.48770026335800004,0.116800063072,0.23880012895200003,0.18800010152,0.226100122094,0.218400117936,0.304800164592,0.19050010287,0.213400115236,0.228600123444,0.13460007268399998,0.19300010422,0.236200127548,0.12450006723,0.116800063072,0.17270009325799998,0.09650005211,0.1221900659826,0.1390750751005,0.21282719825995833,0.19300010422,0.236850127899,0.31851017199540016,0.5156002784239999,2023-12-25
12-26,12,26,0.25400013716000003,0.116800063072,0.12950006993,0.276900149526,0.274300148122,0.546100294894,0.35050018927,0.452100244134,0.18030009736199998,0.13970007543799998,0.22100011934000002,0.14480007819200003,0.154900083646,0.149900080946,0.228600123444,0.09650005211,0.19300010422,0.213400115236,0.454700245538,0.12700006858000001,0.104100056214,0.12700006858000001,0.213400115236,0.231100124794,0.12950006993,0.215900116586,0.27940015087599995,0.27940015087599995,0.14220007678799998,0.152400082296,0.228600123444,0.147300079542,0.48770026335800004,0.116800063072,0.23880012895200003,0.18800010152,0.23370012619799999,0.22100011934000002,0.309900167346,0.20070010837799998,0.218400117936,0.231100124794,0.13460007268399998,0.208300112482,0.236200127548,0.12450006723,0.12700006858000001,0.18290009876600002,0.09650005211,0.126250068175,0.1415750764505,0.216956367156375,0.210850113859,0.236850127899,0.32208017392320015,0.546100294894,2023-12-26
12-27,12,27,0.25400013716000003,0.13210007133399998,0.12950006993,0.312400168696,0.274300148122,0.566400305856,0.35050018927,0.452100244134,0.18030009736199998,0.13970007543799998,0.22100011934000002,0.14480007819200003,0.154900083646,0.149900080946,0.228600123444,0.09650005211,0.19300010422,0.213400115236,0.4750002565,0.12700006858000001,0.104100056214,0.12700006858000001,0.213400115236,0.231100124794,0.12950006993,0.23370012619799999,0.27940015087599995,0.292100157734,0.14220007678799998,0.152400082296,0.228600123444,0.147300079542,0.490200264708,0.116800063072,0.248900134406,0.18800010152,0.23370012619799999,0.22100011934000002,0.309900167346,0.20070010837799998,0.218400117936,0.231100124794,0.13970007543799998,0.236200127548,0.236200127548,0.12450006723,0.13970007543799998,0.198100106974,0.09650005211,0.12700006858000001,0.1415750764505,0.2210272026879583,0.213400115236,0.23937512926249999,0.32383017486820015,0.566400305856,2023-12-27
12-28,12,28,0.26420014266799996,0.13210007133399998,0.12950006993,0.322600174204,0.248900134406,0.5791003127139999,0.38350020709000004,0.452100244134,0.18030009736199998,0.13970007543799998,0.22100011934000002,0.14480007819200003,0.154900083646,0.149900080946,0.228600123444,0.09650005211,0.19300010422,0.213400115236,0.5080002743200001,0.12700006858000001,0.109200058968,0.12700006858000001,0.213400115236,0.231100124794,0.12950006993,0.23370012619799999,0.27940015087599995,0.294600159084,0.149900080946,0.152400082296,0.231100124794,0.147300079542,0.490200264708,0.116800063072,0.25150013581,0.18800010152,0.23370012619799999,0.22100011934000002,0.31750017145000003,0.20070010837799998,0.22100011934000002,0.231100124794,0.13970007543799998,0.261600141264,0.28450015363,0.12450006723,0.15750008505,0.203200109728,0.09650005211,0.12700006858000001,0.14667507920450001,0.22521262161474997,0.213400115236,0.2540251371735,0.3408701840698003,0.5791003127139999,2023-12-28
12-29,12,29,0.271800146772,0.13210007133399998,0.12950006993,0.322600174204,0.274300148122,0.5791003127139999,0.406400219456,0.452100244134,0.18030009736199998,0.13970007543799998,0.22100011934000002,0.14480007819200003,0.1600000864,0.149900080946,0.23880012895200003,0.09650005211,0.19300010422,0.213400115236,0.5105002756699999,0.12700006858000001,0.11940006447600002,0.12700006858000001,0.213400115236,0.23370012619799999,0.12950006993,0.236200127548,0.27940015087599995,0.302300163242,0.152400082296,0.15750008505,0.23370012619799999,0.147300079542,0.490200264708,0.116800063072,0.25150013581,0.18800010152,0.241300130302,0.22100011934000002,0.31750017145000003,0.20070010837799998,0.22100011934000002,0.231100124794,0.14220007678799998,0.26670014401799996,0.292100157734,0.12450006723,0.177800096012,0.203200109728,0.09650005211,0.12700006858000001,0.14667507920450001,0.22833762330225002,0.213400115236,0.26797514470649997,0.34774018777960036,0.5791003127139999,2023-12-29
12-30,12,30,0.271800146772,0.13210007133399998,0.13210007133399998,0.358100193374,0.274300148122,0.586700316818,0.41910022631399996,0.452100244134,0.18030009736199998,0.13970007543799998,0.22350012068999997,0.14480007819200003,0.1600000864,0.149900080946,0.261600141264,0.09650005211,0.19300010422,0.213400115236,0.5156002784239999,0.12700006858000001,0.12190006582599998,0.12700006858000001,0.21080011383199998,0.23370012619799999,0.13970007543799998,0.25650013851000003,0.309900167346,0.30730016594200005,0.152400082296,0.1600000864,0.23370012619799999,0.147300079542,0.5334002880359999,0.12700006858000001,0.25150013581,0.18800010152,0.24380013165199996,0.22100011934000002,0.31750017145000003,0.20070010837799998,0.22350012068999997,0.231100124794,0.14220007678799998,0.276900149526,0.292100157734,0.12450006723,0.198100106974,0.203200109728,0.09650005211,0.12700006858000001,0.14667507920450001,0.2334647094042083,0.212100114534,0.2724251471095,0.37640020325600027,0.586700316818,2023-12-30
12-31,12,31,0.271800146772,0.13210007133399998,0.13210007133399998,0.38100020574,0.274300148122,0.60450032643,0.41910022631399996,0.459700248238,0.18030009736199998,0.13970007543799998,0.22350012068999997,0.147300079542,0.1600000864,0.149900080946,0.274300148122,0.09650005211,0.19300010422,0.228600123444,0.5156002784239999,0.12700006858000001,0.12190006582599998,0.12700006858000001,0.21080011383199998,0.23370012619799999,0.13970007543799998,0.26420014266799996,0.32770017695799997,0.332700179658,0.152400082296,0.16760009050400002,0.236200127548,0.154900083646,0.53850029079,0.12700006858000001,0.25150013581,0.18800010152,0.24380013165199996,0.218400117936,0.31750017145000003,0.20070010837799998,0.228600123444,0.231100124794,0.14480007819200003,0.309900167346,0.304800164592,0.12450006723,0.20070010837799998,0.20570011107800001,0.09650005211,0.12700006858000001,0.149250080595,0.23780429508091663,0.214600115884,0.274300148122,0.3924302119122001,0.60450032643,2023-12-31
01-01,1,1,0.271800146772,0.13210007133399998,0.13210007133399998,0.406400219456,0.274300148122,0.60450032643,0.41910022631399996,0.459700248238,0.18030009736199998,0.13970007543799998,0.226100122094,0.14480007819200003,0.1600000864,0.149900080946,0.274300148122,0.09650005211,0.19300010422,0.248900134406,0.518200279828,0.12700006858000001,0.12700006858000001,0.12700006858000001,0.21080011383199998,0.236200127548,0.15750008505,0.271800146772,0.35050018927,0.396200213948,0.152400082296,0.16260008780399998,0.236200127548,0.154900083646,0.53850029079,0.12700006858000001,0.25150013581,0.18800010152,0.24380013165199996,0.215900116586,0.31750017145000003,0.20070010837799998,0.228600123444,0.23370012619799999,0.147300079542,0.3150001701,0.340400183816,0.12450006723,0.20070010837799998,0.20570011107800001,0.09650005211,0.12700006858000001,0.15177508195849998,0.2420959640650833,0.213350115209,0.274300148122,0.41021022151340003,0.60450032643,2023-01-01
01-02,1,2,0.271800146772,0.13210007133399998,0.13210007133399998,0.426700230418,0.274300148122,0.6121003305339999,0.41910022631399996,0.459700248238,0.18030009736199998,0.13970007543799998,0.226100122094,0.14480007819200003,0.1600000864,0.149900080946,0.276900149526,0.101600054864,0.19300010422,0.25400013716000003,0.518200279828,0.12700006858000001,0.12950006993,0.12700006858000001,0.21080011383199998,0.236200127548,0.15750008505,0.294600159084,0.358100193374,0.40390021810599996,0.152400082296,0.1600000864,0.23880012895200003,0.15750008505,0.53850029079,0.12700006858000001,0.25400013716000003,0.18800010152,0.24380013165199996,0.213400115236,0.31750017145000003,0.20070010837799998,0.228600123444,0.248900134406,0.147300079542,0.3150001701,0.36320019612800003,0.12450006723,0.21080011383199998,0.228600123444,0.101600054864,0.128750069525,0.15177508195849998,0.24532304914104167,0.219750118665,0.2813251519155,0.4213802275452,0.6121003305339999,2023-01-02
01-03,1,3,0.271800146772,0.13210007133399998,0.13210007133399998,0.434300234522,0.274300148122,0.6121003305339999,0.41910022631399996,0.459700248238,0.18540010011600003,0.13970007543799998,0.228600123444,0.154900083646,0.1600000864,0.149900080946,0.292100157734,0.101600054864,0.19300010422,0.25650013851000003,0.535900289386,0.14220007678799998,0.12950006993,0.12950006993,0.21080011383199998,0.236200127548,0.15750008505,0.30730016594200005,0.36070019477799997,0.426700230418,0.152400082296,0.1600000864,0.248900134406,0.1600000864,0.53850029079,0.12700006858000001,0.25400013716000003,0.18800010152,0.24380013165199996,0.213400115236,0.335300181062,0.20070010837799998,0.231100124794,0.25400013716000003,0.147300079542,0.3150001701,0.37080020023200005,0.12450006723,0.22350012068999997,0.231100124794,0.101600054864,0.13132007091279999,0.15427508330849998,0.24901680113566668,0.22605012206699998,0.29590015978600004,0.4289802316492,0.6121003305339999,2023-01-03
01-04,1,4,0.271800146772,0.137200074088,0.13210007133399998,0.434300234522,0.274300148122,0.617200333288,0.41910022631399996,0.46480025099199995,0.18540010011600003,0.13970007543799998,0.228600123444,0.154900083646,0.1600000864,0.149900080946,0.292100157734,0.106700057618,0.19300010422,0.261600141264,0.5588003017519999,0.147300079542,0.12950006993,0.13210007133399998,0.21080011383199998,0.236200127548,0.1600000864,0.30730016594200005,0.36320019612800003,0.44450024003,0.152400082296,0.165100089154,0.248900134406,0.1600000864,0.53850029079,0.12700006858000001,0.25400013716000003,0.19300010422,0.24380013165199996,0.213400115236,0.34540018651599996,0.20070010837799998,0.231100124794,0.25400013716000003,0.147300079542,0.3150001701,0.373400201636,0.12450006723,0.226100122094,0.231100124794,0.106700057618,0.13210007133399998,0.15427508330849998,0.25118971897570835,0.227350122769,0.29590015978600004,0.43736023617440006,0.617200333288,2023-01-04
01-05,1,5,0.274300148122,0.14480007819200003,0.14480007819200003,0.472400255096,0.274300148122,0.617200333288,0.41910022631399996,0.46480025099199995,0.19050010287,0.14480007819200003,0.23370012619799999,0.15750008505,0.16260008780399998,0.149900080946,0.292100157734,0.106700057618,0.19300010422,0.26920014536799997,0.5588003017519999,0.154900083646,0.12950006993,0.14220007678799998,0.21080011383199998,0.236200127548,0.1600000864,0.30730016594200005,0.36580019753200005,0.44700024137999994,0.16260008780399998,0.16760009050400002,0.248900134406,0.1600000864,0.53850029079,0.12700006858000001,0.25400013716000003,0.19300010422,0.24380013165199996,0.213400115236,0.396200213948,0.20070010837799998,0.231100124794,0.25400013716000003,0.154900083646,0.3200001728,0.373400201636,0.12700006858000001,0.231100124794,0.248900134406,0.106700057618,0.1440200777708,0.1593750860625,0.255631388040875,0.231100124794,0.29590015978600004,0.45234024426360003,0.617200333288,2023-01-05
01-06,1,6,0.276900149526,0.1600000864,0.14480007819200003,0.495300267462,0.274300148122,0.629900340146,0.41910022631399996,0.482600260604,0.208300112482,0.15750008505,0.24380013165199996,0.15750008505,0.16260008780399998,0.149900080946,0.292100157734,0.12950006993,0.19300010422,0.26920014536799997,0.5588003017519999,0.16260008780399998,0.12950006993,0.14480007819200003,0.21080011383199998,0.236200127548,0.165100089154,0.309900167346,0.368300198882,0.44700024137999994,0.16260008780399998,0.19300010422,0.25400013716000003,0.1600000864,0.53850029079,0.12700006858000001,0.25400013716000003,0.19300010422,0.24380013165199996,0.218400117936,0.396200213948,0.20070010837799998,0.231100124794,0.259100139914,0.16760009050400002,0.35310019067400006,0.38350020709000004,0.12950006993,0.231100124794,0.26920014536799997,0.12700006858000001,0.14480007819200003,0.16260008780399998,0.2613480577945417,0.231100124794,0.296550160137,0.4576802471472001,0.629900340146,2023-01-06
01-07,1,7,0.276900149526,0.1600000864,0.1600000864,0.495300267462,0.274300148122,0.6350003429000001,0.41910022631399996,0.497800268812,0.213400115236,0.1600000864,0.25150013581,0.15750008505,0.16260008780399998,0.154900083646,0.304800164592,0.13970007543799998,0.20070010837799998,0.271800146772,0.5639003045059999,0.16260008780399998,0.12950006993,0.14480007819200003,0.21080011383199998,0.24380013165199996,0.165100089154,0.312400168696,0.368300198882,0.44960024278399996,0.165100089154,0.20570011107800001,0.26670014401799996,0.1600000864,0.53850029079,0.12700006858000001,0.25400013716000003,0.19300010422,0.24380013165199996,0.226100122094,0.396200213948,0.20570011107800001,0.246400133056,0.261600141264,0.16760009050400002,0.36070019477799997,0.393700212598,0.13210007133399998,0.231100124794,0.26920014536799997,0.12700006858000001,0.1518700820098,0.16260008780399998,0.26521472654920836,0.237450128223,0.306700165618,0.4633102501874002,0.6350003429000001,2023-01-07
01-08,1,8,0.31750017145000003,0.177800096012,0.1600000864,0.495300267462,0.274300148122,0.6350003429000001,0.42160022766399996,0.497800268812,0.213400115236,0.16760009050400002,0.25650013851000003,0.1600000864,0.17270009325799998,0.15750008505,0.3200001728,0.13970007543799998,0.22350012068999997,0.271800146772,0.566400305856,0.16260008780399998,0.12950006993,0.14480007819200003,0.208300112482,0.24380013165199996,0.165100089154,0.31750017145000003,0.375900202986,0.452100244134,0.165100089154,0.208300112482,0.26670014401799996,0.1600000864,0.53850029079,0.12950006993,0.25400013716000003,0.195600105624,0.24380013165199996,0.23370012619799999,0.40130021670199995,0.20570011107800001,0.274300148122,0.261600141264,0.16760009050400002,0.36320019612800003,0.393700212598,0.13460007268399998,0.231100124794,0.271800146772,0.12950006993,0.1536900829926,0.16697509016650003,0.2693355621077917,0.23875012892499997,0.3181251717875,0.4650602511324002,0.6350003429000001,2023-01-08
01-09,1,9,0.3200001728,0.19300010422,0.1600000864,0.495300267462,0.274300148122,0.6350003429000001,0.42160022766399996,0.497800268812,0.213400115236,0.17270009325799998,0.259100139914,0.18030009736199998,0.175300094662,0.15750008505,0.322600174204,0.13970007543799998,0.226100122094,0.274300148122,0.57150030861,0.16260008780399998,0.12950006993,0.15750008505,0.208300112482,0.24380013165199996,0.165100089154,0.31750017145000003,0.41150022221,0.457200246888,0.165100089154,0.22100011934000002,0.276900149526,0.1600000864,0.53850029079,0.12950006993,0.25400013716000003,0.198100106974,0.24380013165199996,0.23370012619799999,0.431800233172,0.208300112482,0.274300148122,0.26670014401799996,0.16760009050400002,0.36580019753200005,0.393700212598,0.13460007268399998,0.231100124794,0.276900149526,0.12950006993,0.15750008505,0.1714250925695,0.273206397531375,0.23875012892499997,0.320650173151,0.4686302530602002,0.6350003429000001,2023-01-09
01-10,1,10,0.3200001728,0.226100122094,0.1600000864,0.497800268812,0.274300148122,0.6350003429000001,0.431800233172,0.497800268812,0.213400115236,0.18800010152,0.274300148122,0.18290009876600002,0.175300094662,0.15750008505,0.337800182412,0.14220007678799998,0.231100124794,0.276900149526,0.576600311364,0.16260008780399998,0.12950006993,0.16760009050400002,0.208300112482,0.24380013165199996,0.165100089154,0.31750017145000003,0.454700245538,0.457200246888,0.165100089154,0.231100124794,0.276900149526,0.1600000864,0.54100029214,0.12950006993,0.25400013716000003,0.213400115236,0.24380013165199996,0.23370012619799999,0.48770026335800004,0.226100122094,0.274300148122,0.271800146772,0.16760009050400002,0.36580019753200005,0.42160022766399996,0.149900080946,0.231100124794,0.276900149526,0.12950006993,0.15925008599499998,0.1733750936225,0.2797168177136667,0.23875012892499997,0.324450175203,0.4907302649942001,0.6350003429000001,2023-01-10
01-11,1,11,0.340400183816,0.259100139914,0.1600000864,0.497800268812,0.274300148122,0.6350003429000001,0.431800233172,0.497800268812,0.213400115236,0.19300010422,0.28700015498,0.18290009876600002,0.177800096012,0.15750008505,0.35050018927,0.14220007678799998,0.23880012895200003,0.28450015363,0.5817003141179999,0.17270009325799998,0.12950006993,0.21080011383199998,0.213400115236,0.24380013165199996,0.170200091908,0.31750017145000003,0.497800268812,0.457200246888,0.165100089154,0.236200127548,0.27940015087599995,0.1600000864,0.54100029214,0.12950006993,0.26420014266799996,0.22100011934000002,0.246400133056,0.23370012619799999,0.5309002866860001,0.23370012619799999,0.274300148122,0.276900149526,0.16760009050400002,0.36580019753200005,0.46740025239599997,0.16260008780399998,0.23880012895200003,0.276900149526,0.12950006993,0.1600000864,0.18162509807750002,0.28728765513524995,0.24510013235399997,0.3429251851795,0.497800268812,0.6350003429000001,2023-01-11
01-12,1,12,0.368300198882,0.28450015363,0.1600000864,0.5029002715659999,0.274300148122,0.642600347004,0.434300234522,0.497800268812,0.213400115236,0.218400117936,0.28700015498,0.18290009876600002,0.177800096012,0.15750008505,0.358100193374,0.14220007678799998,0.25650013851000003,0.28450015363,0.599400323676,0.20570011107800001,0.12950006993,0.226100122094,0.22350012068999997,0.24380013165199996,0.170200091908,0.31750017145000003,0.5258002839320001,0.46740025239599997,0.16760009050400002,0.246400133056,0.28450015363,0.1600000864,0.54100029214,0.12950006993,0.26420014266799996,0.226100122094,0.248900134406,0.23370012619799999,0.57400030996,0.246400133056,0.274300148122,0.28960015638400005,0.16760009050400002,0.36580019753200005,0.47750025784999994,0.16260008780399998,0.246400133056,0.276900149526,0.12950006993,0.1600000864,0.200000108,0.29447724235095835,0.25270013645800005,0.3600251944135,0.5097702752758001,0.642600347004,2023-01-12
01-13,1,13,0.38100020574,0.332700179658,0.1600000864,0.5029002715659999,0.274300148122,0.642600347004,0.434300234522,0.497800268812,0.213400115236,0.218400117936,0.28700015498,0.18290009876600002,0.18030009736199998,0.15750008505,0.358100193374,0.14220007678799998,0.261600141264,0.28450015363,0.607100327834,0.215900116586,0.12950006993,0.226100122094,0.228600123444,0.24380013165199996,0.170200091908,0.31750017145000003,0.528300285282,0.469900253746,0.170200091908,0.246400133056,0.28450015363,0.1600000864,0.54100029214,0.12950006993,0.26420014266799996,0.246400133056,0.26920014536799997,0.23370012619799999,0.5791003127139999,0.246400133056,0.274300148122,0.297200160488,0.16760009050400002,0.36580019753200005,0.47750025784999994,0.19300010422,0.246400133056,0.276900149526,0.12950006993,0.1600000864,0.208300112482,0.2982855777407916,0.262900141966,0.3600251944135,0.5105202756808,0.642600347004,2023-01-13
01-14,1,14,0.38350020709000004,0.393700212598,0.1600000864,0.5080002743200001,0.274300148122,0.642600347004,0.434300234522,0.497800268812,0.213400115236,0.22100011934000002,0.28700015498,0.20570011107800001,0.19050010287,0.15750008505,0.36070019477799997,0.14220007678799998,0.271800146772,0.28450015363,0.619800334692,0.23370012619799999,0.12950006993,0.226100122094,0.231100124794,0.246400133056,0.170200091908,0.31750017145000003,0.528300285282,0.469900253746,0.170200091908,0.248900134406,0.28450015363,0.1600000864,0.543600293544,0.12950006993,0.26420014266799996,0.248900134406,0.26920014536799997,0.23370012619799999,0.5791003127139999,0.246400133056,0.274300148122,0.3150001701,0.16760009050400002,0.36580019753200005,0.47750025784999994,0.21080011383199998,0.246400133056,0.276900149526,0.12950006993,0.1600000864,0.212750114885,0.30236474661020835,0.26670014401799996,0.37022519992150005,0.5140902776086002,0.642600347004,2023-01-14
01-15,1,15,0.398800215352,0.42160022766399996,0.1600000864,0.5156002784239999,0.274300148122,0.642600347004,0.434300234522,0.497800268812,0.213400115236,0.22350012068999997,0.28700015498,0.22350012068999997,0.20070010837799998,0.15750008505,0.368300198882,0.14220007678799998,0.276900149526,0.28450015363,0.619800334692,0.23370012619799999,0.12950006993,0.226100122094,0.231100124794,0.246400133056,0.170200091908,0.31750017145000003,0.528300285282,0.472400255096,0.170200091908,0.248900134406,0.28450015363,0.1600000864,0.543600293544,0.12950006993,0.26420014266799996,0.248900134406,0.26920014536799997,0.23880012895200003,0.5791003127139999,0.246400133056,0.274300148122,0.322600174204,0.16760009050400002,0.36320019612800003,0.482600260604,0.23370012619799999,0.248900134406,0.276900149526,0.12950006993,0.1600000864,0.22350012068999997,0.3052209981525833,0.26670014401799996,0.3759252029995,0.5194102804814,0.642600347004,2023-01-15
01-16,1,16,0.41400022355999994,0.42160022766399996,0.1600000864,0.5156002784239999,0.274300148122,0.642600347004,0.434300234522,0.5029002715659999,0.213400115236,0.231100124794,0.28700015498,0.231100124794,0.22350012068999997,0.15750008505,0.37080020023200005,0.14220007678799998,0.294600159084,0.28700015498,0.619800334692,0.259100139914,0.12950006993,0.228600123444,0.23370012619799999,0.246400133056,0.170200091908,0.31750017145000003,0.528300285282,0.47750025784999994,0.170200091908,0.248900134406,0.28450015363,0.1600000864,0.543600293544,0.12950006993,0.26420014266799996,0.248900134406,0.26920014536799997,0.246400133056,0.5791003127139999,0.246400133056,0.28190015222599996,0.322600174204,0.170200091908,0.36320019612800003,0.48770026335800004,0.236200127548,0.248900134406,0.276900149526,0.12950006993,0.1600000864,0.23047512445649998,0.30817933308341666,0.26670014401799996,0.381600206064,0.5194102804814,0.642600347004,2023-01-16
01-17,1,17,0.0,0.42160022766399996,0.1600000864,0.5156002784239999,0.274300148122,0.642600347004,0.434300234522,0.5080002743200001,0.213400115236,0.246400133056,0.28700015498,0.236200127548,0.22350012068999997,0.15750008505,0.388600209844,0.14220007678799998,0.297200160488,0.3150001701,0.619800334692,0.26420014266799996,0.147300079542,0.23370012619799999,0.23370012619799999,0.246400133056,0.170200091908,0.31750017145000003,0.5309002866860001,0.47750025784999994,0.170200091908,0.248900134406,0.28450015363,0.1600000864,0.553700298998,0.12950006993,0.26420014266799996,0.248900134406,0.274300148122,0.25650013851000003,0.5791003127139999,0.246400133056,0.292100157734,0.32510017555399995,0.170200091908,0.36320019612800003,0.495300267462,0.23880012895200003,0.248900134406,0.276900149526,0.0,0.15925008599499998,0.23115012482099997,0.3027355801437917,0.26420014266799996,0.369550199557,0.5201902809026,0.642600347004,2023-01-17
01-18,1,18,0.42160022766399996,0.431800233172,0.1600000864,0.520700281178,0.274300148122,0.642600347004,0.434300234522,0.520700281178,0.213400115236,0.25150013581,0.28700015498,0.236200127548,0.228600123444,0.15750008505,0.393700212598,0.14220007678799998,0.297200160488,0.32770017695799997,0.619800334692,0.292100157734,0.152400082296,0.236200127548,0.23370012619799999,0.246400133056,0.170200091908,0.31750017145000003,0.5309002866860001,0.48770026335800004,0.170200091908,0.25400013716000003,0.28450015363,0.1600000864,0.57400030996,0.12950006993,0.26420014266799996,0.246400133056,0.276900149526,0.25650013851000003,0.5791003127139999,0.246400133056,0.34290018516599996,0.34540018651599996,0.170200091908,0.36320019612800003,0.497800268812,0.261600141264,0.248900134406,0.276900149526,0.12950006993,0.1600000864,0.2355751272105,0.3161772540689583,0.27560014882399997,0.4006752163645,0.5237602828304001,0.642600347004,2023-01-18
01-19,1,19,0.42160022766399996,0.431800233172,0.1600000864,0.5334002880359999,0.274300148122,0.642600347004,0.434300234522,0.520700281178,0.213400115236,0.25400013716000003,0.28700015498,0.236200127548,0.228600123444,0.15750008505,0.396200213948,0.14220007678799998,0.297200160488,0.335300181062,0.619800334692,0.292100157734,0.18540010011600003,0.27940015087599995,0.23370012619799999,0.246400133056,0.170200091908,0.31750017145000003,0.5334002880359999,0.500400270216,0.170200091908,0.25400013716000003,0.28450015363,0.16760009050400002,0.57400030996,0.137200074088,0.26420014266799996,0.246400133056,0.276900149526,0.26920014536799997,0.5791003127139999,0.246400133056,0.355600192024,0.3480001879199999,0.170200091908,0.36320019612800003,0.497800268812,0.26920014536799997,0.248900134406,0.276900149526,0.137200074088,0.1694200914868,0.2355751272105,0.319668922621125,0.276900149526,0.402550217377,0.5334002880359999,0.642600347004,2023-01-19
01-20,1,20,0.426700230418,0.431800233172,0.1600000864,0.546100294894,0.274300148122,0.642600347004,0.434300234522,0.520700281178,0.213400115236,0.25650013851000003,0.28700015498,0.236200127548,0.228600123444,0.15750008505,0.396200213948,0.14220007678799998,0.297200160488,0.36580019753200005,0.622300336042,0.3150001701,0.198100106974,0.28450015363,0.23370012619799999,0.246400133056,0.170200091908,0.31750017145000003,0.5334002880359999,0.500400270216,0.170200091908,0.25400013716000003,0.28450015363,0.175300094662,0.589300318222,0.154900083646,0.26420014266799996,0.246400133056,0.276900149526,0.276900149526,0.584200315468,0.248900134406,0.355600192024,0.3480001879199999,0.170200091908,0.36320019612800003,0.497800268812,0.26920014536799997,0.25400013716000003,0.276900149526,0.14220007678799998,0.170200091908,0.2355751272105,0.322900174366,0.276900149526,0.4038252180655,0.5372102900934,0.642600347004,2023-01-20
01-21,1,21,0.426700230418,0.434300234522,0.1600000864,0.566400305856,0.274300148122,0.642600347004,0.434300234522,0.54100029214,0.213400115236,0.261600141264,0.28700015498,0.236200127548,0.228600123444,0.15750008505,0.40390021810599996,0.14220007678799998,0.297200160488,0.368300198882,0.627400338796,0.31750017145000003,0.22350012068999997,0.28450015363,0.236200127548,0.246400133056,0.170200091908,0.31750017145000003,0.5334002880359999,0.500400270216,0.177800096012,0.25400013716000003,0.28450015363,0.177800096012,0.589300318222,0.1600000864,0.26420014266799996,0.24380013165199996,0.274300148122,0.294600159084,0.584200315468,0.25400013716000003,0.355600192024,0.35050018927,0.170200091908,0.36320019612800003,0.5029002715659999,0.271800146772,0.25400013716000003,0.276900149526,0.14220007678799998,0.170200091908,0.236200127548,0.32575225923945833,0.280700151578,0.40960022118399997,0.5486202962548001,0.642600347004,2023-01-21
01-22,1,22,0.434300234522,0.434300234522,0.1600000864,0.5791003127139999,0.274300148122,0.642600347004,0.439400237276,0.54100029214,0.213400115236,0.261600141264,0.28700015498,0.236200127548,0.228600123444,0.15750008505,0.406400219456,0.14220007678799998,0.297200160488,0.38100020574,0.6375003442499999,0.31750017145000003,0.241300130302,0.297200160488,0.236200127548,0.246400133056,0.170200091908,0.31750017145000003,0.5334002880359999,0.500400270216,0.177800096012,0.261600141264,0.28450015363,0.18540010011600003,0.589300318222,0.208300112482,0.26420014266799996,0.24380013165199996,0.274300148122,0.294600159084,0.589300318222,0.25650013851000003,0.373400201636,0.358100193374,0.17270009325799998,0.36320019612800003,0.5029002715659999,0.276900149526,0.25400013716000003,0.276900149526,0.14220007678799998,0.1762700951858,0.2400251296135,0.32961267799075,0.280700151578,0.41337522322250003,0.5524302983122001,0.642600347004,2023-01-22
01-23,1,23,0.434300234522,0.434300234522,0.1600000864,0.5791003127139999,0.28700015498,0.642600347004,0.459700248238,0.54100029214,0.213400115236,0.26920014536799997,0.28700015498,0.236200127548,0.228600123444,0.15750008505,0.42420022906800003,0.14220007678799998,0.297200160488,0.38100020574,0.657900355266,0.31750017145000003,0.24380013165199996,0.299700161838,0.236200127548,0.25400013716000003,0.170200091908,0.31750017145000003,0.5334002880359999,0.500400270216,0.177800096012,0.261600141264,0.294600159084,0.208300112482,0.599400323676,0.208300112482,0.26420014266799996,0.24380013165199996,0.274300148122,0.294600159084,0.609600329184,0.259100139914,0.375900202986,0.368300198882,0.18030009736199998,0.36320019612800003,0.5029002715659999,0.276900149526,0.25400013716000003,0.271800146772,0.14220007678799998,0.179550096957,0.24190013062599997,0.33320851326583334,0.28700015498,0.4267252304315,0.5524302983122001,0.657900355266,2023-01-23
01-24,1,24,0.434300234522,0.439400237276,0.1600000864,0.5791003127139999,0.28700015498,0.642600347004,0.459700248238,0.548600296244,0.213400115236,0.26920014536799997,0.28700015498,0.241300130302,0.226100122094,0.15750008505,0.42420022906800003,0.14220007678799998,0.297200160488,0.386100208494,0.675600364824,0.31750017145000003,0.25150013581,0.302300163242,0.236200127548,0.25400013716000003,0.175300094662,0.31750017145000003,0.5334002880359999,0.500400270216,0.177800096012,0.261600141264,0.304800164592,0.213400115236,0.599400323676,0.213400115236,0.26420014266799996,0.241300130302,0.271800146772,0.304800164592,0.6477003497580001,0.259100139914,0.38350020709000004,0.37080020023200005,0.19050010287,0.36320019612800003,0.5029002715659999,0.27940015087599995,0.25400013716000003,0.274300148122,0.14220007678799998,0.18669010081259999,0.241300130302,0.3361772648689583,0.28700015498,0.4267252304315,0.557750301185,0.675600364824,2023-01-24
01-25,1,25,0.439400237276,0.439400237276,0.1600000864,0.586700316818,0.322600174204,0.642600347004,0.459700248238,0.548600296244,0.213400115236,0.271800146772,0.28700015498,0.241300130302,0.226100122094,0.15750008505,0.426700230418,0.14220007678799998,0.302300163242,0.41910022631399996,0.675600364824,0.3200001728,0.26420014266799996,0.30730016594200005,0.236200127548,0.25650013851000003,0.175300094662,0.31750017145000003,0.535900289386,0.5029002715659999,0.177800096012,0.261600141264,0.335300181062,0.213400115236,0.599400323676,0.213400115236,0.26920014536799997,0.241300130302,0.271800146772,0.3150001701,0.6477003497580001,0.259100139914,0.391200211248,0.373400201636,0.19050010287,0.36320019612800003,0.50550027297,0.27940015087599995,0.25650013851000003,0.274300148122,0.14220007678799998,0.18669010081259999,0.241300130302,0.33993351689733337,0.294650159111,0.4298752321325,0.5600303024162001,0.675600364824,2023-01-25
01-26,1,26,0.439400237276,0.439400237276,0.1600000864,0.586700316818,0.322600174204,0.642600347004,0.459700248238,0.548600296244,0.213400115236,0.271800146772,0.28700015498,0.241300130302,0.226100122094,0.15750008505,0.426700230418,0.14220007678799998,0.304800164592,0.434300234522,0.736600397764,0.3200001728,0.26420014266799996,0.32510017555399995,0.241300130302,0.25650013851000003,0.175300094662,0.3200001728,0.535900289386,0.50550027297,0.177800096012,0.26670014401799996,0.355600192024,0.213400115236,0.6020003250799999,0.213400115236,0.271800146772,0.241300130302,0.271800146772,0.31750017145000003,0.6502003511079999,0.26420014266799996,0.391200211248,0.373400201636,0.19050010287,0.36320019612800003,0.5080002743200001,0.28700015498,0.261600141264,0.276900149526,0.14220007678799998,0.18669010081259999,0.241300130302,0.3433751854225,0.295900159786,0.4355752352105,0.5600303024162001,0.736600397764,2023-01-26
01-27,1,27,0.439400237276,0.452100244134,0.1600000864,0.60450032643,0.322600174204,0.642600347004,0.459700248238,0.548600296244,0.213400115236,0.274300148122,0.28700015498,0.241300130302,0.22350012068999997,0.15750008505,0.426700230418,0.14220007678799998,0.3150001701,0.434300234522,0.767100414234,0.3200001728,0.271800146772,0.32510017555399995,0.241300130302,0.259100139914,0.175300094662,0.3200001728,0.535900289386,0.5080002743200001,0.177800096012,0.26670014401799996,0.355600192024,0.218400117936,0.6020003250799999,0.22350012068999997,0.274300148122,0.23880012895200003,0.271800146772,0.31750017145000003,0.6502003511079999,0.26670014401799996,0.391200211248,0.37850020439,0.19050010287,0.36580019753200005,0.513100277074,0.28700015498,0.261600141264,0.276900149526,0.14220007678799998,0.18669010081259999,0.241300130302,0.3457543533739167,0.30100016253999995,0.4355752352105,0.5646203048948002,0.767100414234,2023-01-27
01-28,1,28,0.439400237276,0.47750025784999994,0.1600000864,0.617200333288,0.32770017695799997,0.642600347004,0.459700248238,0.548600296244,0.218400117936,0.274300148122,0.28700015498,0.24380013165199996,0.22350012068999997,0.149900080946,0.426700230418,0.14220007678799998,0.3150001701,0.462300249642,0.7696004155839999,0.3200001728,0.271800146772,0.32510017555399995,0.241300130302,0.271800146772,0.18290009876600002,0.32510017555399995,0.54100029214,0.5156002784239999,0.177800096012,0.276900149526,0.358100193374,0.218400117936,0.60450032643,0.22350012068999997,0.28190015222599996,0.23880012895200003,0.274300148122,0.3200001728,0.6502003511079999,0.26670014401799996,0.391200211248,0.38350020709000004,0.195600105624,0.36580019753200005,0.5258002839320001,0.28700015498,0.261600141264,0.276900149526,0.14220007678799998,0.1917901035666,0.24317513131449997,0.3491356051997916,0.30100016253999995,0.4444752400165,0.5653703052998003,0.7696004155839999,2023-01-28
01-29,1,29,0.439400237276,0.497800268812,0.17270009325799998,0.617200333288,0.332700179658,0.642600347004,0.459700248238,0.548600296244,0.25650013851000003,0.274300148122,0.28700015498,0.246400133056,0.22350012068999997,0.149900080946,0.426700230418,0.14220007678799998,0.3150001701,0.47750025784999994,0.7747004183380001,0.3200001728,0.271800146772,0.32510017555399995,0.24380013165199996,0.28960015638400005,0.19050010287,0.32770017695799997,0.54100029214,0.5258002839320001,0.177800096012,0.28960015638400005,0.36580019753200005,0.218400117936,0.60450032643,0.22350012068999997,0.28450015363,0.23880012895200003,0.274300148122,0.3200001728,0.657900355266,0.26670014401799996,0.391200211248,0.386100208494,0.20570011107800001,0.36580019753200005,0.5309002866860001,0.28700015498,0.261600141264,0.276900149526,0.14220007678799998,0.2011401086156,0.2539751371465,0.35305644065037495,0.30230016324200004,0.4444752400165,0.5653703052998003,0.7747004183380001,2023-01-29
01-30,1,30,0.439400237276,0.5156002784239999,0.18540010011600003,0.617200333288,0.35050018927,0.6502003511079999,0.459700248238,0.548600296244,0.25650013851000003,0.28960015638400005,0.28700015498,0.26420014266799996,0.22350012068999997,0.147300079542,0.426700230418,0.14220007678799998,0.3150001701,0.490200264708,0.777200419688,0.3200001728,0.271800146772,0.32510017555399995,0.24380013165199996,0.28960015638400005,0.19050010287,0.330200178308,0.543600293544,0.528300285282,0.177800096012,0.304800164592,0.368300198882,0.218400117936,0.60450032643,0.22350012068999997,0.28960015638400005,0.26420014266799996,0.276900149526,0.340400183816,0.657900355266,0.26920014536799997,0.391200211248,0.386100208494,0.213400115236,0.36580019753200005,0.53850029079,0.28700015498,0.26420014266799996,0.276900149526,0.14220007678799998,0.2065301115262,0.26420014266799996,0.35723977624270836,0.309900167346,0.4444752400165,0.5653703052998003,0.777200419688,2023-01-30
01-31,1,31,0.439400237276,0.5156002784239999,0.20070010837799998,0.617200333288,0.36320019612800003,0.6528003525120001,0.459700248238,0.5613003031020001,0.25650013851000003,0.299700161838,0.28700015498,0.274300148122,0.22100011934000002,0.147300079542,0.426700230418,0.14220007678799998,0.31750017145000003,0.5105002756699999,0.777200419688,0.322600174204,0.271800146772,0.32510017555399995,0.24380013165199996,0.28960015638400005,0.19050010287,0.337800182412,0.543600293544,0.54100029214,0.177800096012,0.30730016594200005,0.368300198882,0.218400117936,0.60450032643,0.22350012068999997,0.304800164592,0.26920014536799997,0.28190015222599996,0.36320019612800003,0.657900355266,0.26920014536799997,0.391200211248,0.391200211248,0.213400115236,0.36580019753200005,0.53850029079,0.28700015498,0.26420014266799996,0.276900149526,0.14220007678799998,0.2095901131786,0.26795014469299994,0.3606210280685833,0.31240016869600007,0.4444752400165,0.5742603101004002,0.777200419688,2023-01-31
02-01,2,1,0.439400237276,0.5156002784239999,0.231100124794,0.617200333288,0.36320019612800003,0.6528003525120001,0.459700248238,0.5613003031020001,0.25650013851000003,0.304800164592,0.294600159084,0.27940015087599995,0.22100011934000002,0.147300079542,0.426700230418,0.14220007678799998,0.322600174204,0.520700281178,0.7798004210920001,0.322600174204,0.271800146772,0.32510017555399995,0.24380013165199996,0.28960015638400005,0.19300010422,0.337800182412,0.546100294894,0.548600296244,0.18030009736199998,0.332700179658,0.368300198882,0.228600123444,0.607100327834,0.22350012068999997,0.304800164592,0.26920014536799997,0.28190015222599996,0.368300198882,0.657900355266,0.26920014536799997,0.391200211248,0.391200211248,0.213400115236,0.36580019753200005,0.53850029079,0.28700015498,0.26670014401799996,0.276900149526,0.14220007678799998,0.21872011810880002,0.26857514503049995,0.3632668628306666,0.322600174204,0.4444752400165,0.5750403105216002,0.7798004210920001,2023-02-01
02-02,2,2,0.439400237276,0.5156002784239999,0.236200127548,0.617200333288,0.36320019612800003,0.6528003525120001,0.459700248238,0.566400305856,0.25650013851000003,0.309900167346,0.34540018651599996,0.28190015222599996,0.22100011934000002,0.14480007819200003,0.426700230418,0.14220007678799998,0.32510017555399995,0.520700281178,0.7798004210920001,0.322600174204,0.276900149526,0.32510017555399995,0.24380013165199996,0.28960015638400005,0.195600105624,0.337800182412,0.546100294894,0.5639003045059999,0.18030009736199998,0.340400183816,0.368300198882,0.228600123444,0.607100327834,0.22350012068999997,0.304800164592,0.26920014536799997,0.28190015222599996,0.375900202986,0.657900355266,0.26920014536799997,0.391200211248,0.393700212598,0.215900116586,0.36580019753200005,0.53850029079,0.292100157734,0.28450015363,0.276900149526,0.14220007678799998,0.21947011851380002,0.26920014536799997,0.36607519768050006,0.32510017555399995,0.4444752400165,0.5786103124494002,0.7798004210920001,2023-02-02
02-03,2,3,0.439400237276,0.5156002784239999,0.241300130302,0.629900340146,0.36320019612800003,0.6528003525120001,0.459700248238,0.5791003127139999,0.25650013851000003,0.309900167346,0.36320019612800003,0.28190015222599996,0.22100011934000002,0.14220007678799998,0.426700230418,0.14220007678799998,0.32510017555399995,0.520700281178,0.800100432054,0.32770017695799997,0.276900149526,0.32770017695799997,0.24380013165199996,0.28960015638400005,0.208300112482,0.340400183816,0.546100294894,0.57150030861,0.18030009736199998,0.34540018651599996,0.368300198882,0.228600123444,0.607100327834,0.22350012068999997,0.304800164592,0.26920014536799997,0.28450015363,0.375900202986,0.6655003593699998,0.26920014536799997,0.396200213948,0.393700212598,0.215900116586,0.36580019753200005,0.53850029079,0.299700161838,0.294600159084,0.276900149526,0.14220007678799998,0.21947011851380002,0.26920014536799997,0.36887728252695834,0.32770017695799997,0.4444752400165,0.5875003172500001,0.800100432054,2023-02-03
02-04,2,4,0.439400237276,0.5156002784239999,0.26920014536799997,0.6375003442499999,0.36320019612800003,0.6528003525120001,0.459700248238,0.586700316818,0.25650013851000003,0.309900167346,0.396200213948,0.28190015222599996,0.22100011934000002,0.13970007543799998,0.426700230418,0.14220007678799998,0.32510017555399995,0.520700281178,0.8026004334039999,0.332700179658,0.276900149526,0.32770017695799997,0.248900134406,0.28960015638400005,0.208300112482,0.355600192024,0.546100294894,0.576600311364,0.18030009736199998,0.36320019612800003,0.368300198882,0.228600123444,0.607100327834,0.22350012068999997,0.304800164592,0.26920014536799997,0.294600159084,0.37850020439,0.6833003689820001,0.271800146772,0.43690023592599997,0.396200213948,0.231100124794,0.36580019753200005,0.543600293544,0.304800164592,0.294600159084,0.276900149526,0.13970007543799998,0.222750120285,0.271150146421,0.3735856184027917,0.33020017830799997,0.4444752400165,0.5928203201228001,0.8026004334039999,2023-02-04
02-05,2,5,0.439400237276,0.5156002784239999,0.26920014536799997,0.6375003442499999,0.36320019612800003,0.6528003525120001,0.459700248238,0.586700316818,0.259100139914,0.309900167346,0.40390021810599996,0.28190015222599996,0.22100011934000002,0.13970007543799998,0.426700230418,0.14220007678799998,0.32510017555399995,0.5258002839320001,0.8026004334039999,0.332700179658,0.27940015087599995,0.32770017695799997,0.25150013581,0.28960015638400005,0.208300112482,0.355600192024,0.546100294894,0.584200315468,0.18030009736199998,0.36580019753200005,0.368300198882,0.228600123444,0.617200333288,0.22350012068999997,0.304800164592,0.26920014536799997,0.304800164592,0.38350020709000004,0.6960003758399999,0.274300148122,0.44450024003,0.396200213948,0.231100124794,0.36580019753200005,0.543600293544,0.304800164592,0.297200160488,0.276900149526,0.13970007543799998,0.222750120285,0.2730251474335,0.375281452651875,0.33020017830799997,0.448300242082,0.5958503217590001,0.8026004334039999,2023-02-05
02-06,2,6,0.439400237276,0.535900289386,0.26920014536799997,0.6375003442499999,0.36320019612800003,0.6528003525120001,0.459700248238,0.591800319572,0.259100139914,0.309900167346,0.40390021810599996,0.28190015222599996,0.22100011934000002,0.137200074088,0.426700230418,0.14220007678799998,0.32510017555399995,0.528300285282,0.8077004361579999,0.335300181062,0.28190015222599996,0.32770017695799997,0.25150013581,0.28960015638400005,0.208300112482,0.358100193374,0.546100294894,0.584200315468,0.18030009736199998,0.36580019753200005,0.368300198882,0.228600123444,0.624800337392,0.22350012068999997,0.304800164592,0.274300148122,0.304800164592,0.38350020709000004,0.7061003812939999,0.27940015087599995,0.457200246888,0.40130021670199995,0.246400133056,0.36580019753200005,0.553700298998,0.335300181062,0.312400168696,0.276900149526,0.137200074088,0.222750120285,0.276250149175,0.37850853772783327,0.335300181062,0.4578252472255,0.6017003249180001,0.8077004361579999,2023-02-06
02-07,2,7,0.439400237276,0.54100029214,0.26920014536799997,0.6375003442499999,0.36320019612800003,0.6528003525120001,0.459700248238,0.591800319572,0.259100139914,0.312400168696,0.406400219456,0.28960015638400005,0.22100011934000002,0.137200074088,0.429300231822,0.14220007678799998,0.32510017555399995,0.5309002866860001,0.8077004361579999,0.34290018516599996,0.28960015638400005,0.32770017695799997,0.25400013716000003,0.28960015638400005,0.208300112482,0.358100193374,0.5512002976479999,0.584200315468,0.18030009736199998,0.373400201636,0.37850020439,0.231100124794,0.627400338796,0.22350012068999997,0.304800164592,0.274300148122,0.304800164592,0.38350020709000004,0.7214003895559999,0.27940015087599995,0.459700248238,0.426700230418,0.246400133056,0.36580019753200005,0.556300300402,0.35050018927,0.3150001701,0.276900149526,0.137200074088,0.222750120285,0.276250149175,0.38126687255066666,0.346700187218,0.459700248238,0.6024803253392002,0.8077004361579999,2023-02-07
02-08,2,8,0.44450024003,0.54100029214,0.26920014536799997,0.6375003442499999,0.37080020023200005,0.6528003525120001,0.459700248238,0.591800319572,0.259100139914,0.312400168696,0.406400219456,0.299700161838,0.22100011934000002,0.137200074088,0.431800233172,0.165100089154,0.32510017555399995,0.5309002866860001,0.8077004361579999,0.35050018927,0.322600174204,0.32770017695799997,0.259100139914,0.28960015638400005,0.208300112482,0.36580019753200005,0.5613003031020001,0.584200315468,0.18030009736199998,0.388600209844,0.37850020439,0.231100124794,0.6553003538619999,0.22350012068999997,0.304800164592,0.304800164592,0.304800164592,0.38350020709000004,0.767100414234,0.28190015222599996,0.462300249642,0.44700024137999994,0.246400133056,0.36580019753200005,0.5588003017519999,0.37850020439,0.358100193374,0.276900149526,0.137200074088,0.222750120285,0.280650151551,0.3881418762631667,0.361950195453,0.460350248589,0.6055103269754002,0.8077004361579999,2023-02-08
02-09,2,9,0.44450024003,0.54100029214,0.26920014536799997,0.6375003442499999,0.391200211248,0.6528003525120001,0.46480025099199995,0.591800319572,0.259100139914,0.31750017145000003,0.406400219456,0.299700161838,0.22100011934000002,0.13970007543799998,0.434300234522,0.18290009876600002,0.32510017555399995,0.5334002880359999,0.8077004361579999,0.36580019753200005,0.35310019067400006,0.32770017695799997,0.259100139914,0.294600159084,0.208300112482,0.368300198882,0.5613003031020001,0.584200315468,0.18030009736199998,0.393700212598,0.391200211248,0.231100124794,0.6553003538619999,0.22350012068999997,0.312400168696,0.35050018927,0.304800164592,0.38350020709000004,0.7747004183380001,0.28190015222599996,0.46480025099199995,0.44960024278399996,0.248900134406,0.36580019753200005,0.5588003017519999,0.386100208494,0.36070019477799997,0.276900149526,0.13970007543799998,0.222750120285,0.280650151551,0.3924272952439583,0.36580019753200005,0.46480025099199995,0.6055103269754002,0.8077004361579999,2023-02-09
02-10,2,10,0.44450024003,0.54100029214,0.271800146772,0.6502003511079999,0.396200213948,0.6528003525120001,0.46480025099199995,0.591800319572,0.259100139914,0.340400183816,0.40890022080599997,0.302300163242,0.22100011934000002,0.13970007543799998,0.44450024003,0.18540010011600003,0.32510017555399995,0.5334002880359999,0.8077004361579999,0.36580019753200005,0.373400201636,0.330200178308,0.259100139914,0.294600159084,0.208300112482,0.368300198882,0.5613003031020001,0.584200315468,0.18540010011600003,0.396200213948,0.41150022221,0.231100124794,0.6553003538619999,0.22350012068999997,0.312400168696,0.37080020023200005,0.31750017145000003,0.38350020709000004,0.7798004210920001,0.28190015222599996,0.46740025239599997,0.44960024278399996,0.25150013581,0.36580019753200005,0.5588003017519999,0.388600209844,0.36070019477799997,0.276900149526,0.13970007543799998,0.222750120285,0.280650151551,0.3957085470158333,0.369550199557,0.46545025134299994,0.6093203290328002,0.8077004361579999,2023-02-10
02-11,2,11,0.44450024003,0.54100029214,0.271800146772,0.6502003511079999,0.40390021810599996,0.657900355266,0.469900253746,0.591800319572,0.259100139914,0.3480001879199999,0.40890022080599997,0.304800164592,0.22100011934000002,0.14220007678799998,0.44700024137999994,0.218400117936,0.330200178308,0.5334002880359999,0.810300437562,0.368300198882,0.386100208494,0.340400183816,0.259100139914,0.294600159084,0.208300112482,0.368300198882,0.5613003031020001,0.584200315468,0.20070010837799998,0.396200213948,0.41150022221,0.231100124794,0.6553003538619999,0.22350012068999997,0.3150001701,0.375900202986,0.31750017145000003,0.38350020709000004,0.8077004361579999,0.28450015363,0.47750025784999994,0.452100244134,0.25150013581,0.36580019753200005,0.5588003017519999,0.388600209844,0.36070019477799997,0.28450015363,0.14220007678799998,0.222750120285,0.28450015363,0.3993085489598333,0.372100200934,0.47180025477199994,0.6093203290328002,0.810300437562,2023-02-11
02-12,2,12,0.44450024003,0.54100029214,0.271800146772,0.6502003511079999,0.40390021810599996,0.657900355266,0.469900253746,0.591800319572,0.26420014266799996,0.3480001879199999,0.40890022080599997,0.304800164592,0.22100011934000002,0.15750008505,0.44960024278399996,0.228600123444,0.35310019067400006,0.5334002880359999,0.810300437562,0.375900202986,0.386100208494,0.35050018927,0.261600141264,0.294600159084,0.208300112482,0.368300198882,0.566400305856,0.584200315468,0.226100122094,0.396200213948,0.41400022355999994,0.231100124794,0.6553003538619999,0.226100122094,0.3150001701,0.375900202986,0.31750017145000003,0.38350020709000004,0.815300440262,0.28450015363,0.47750025784999994,0.454700245538,0.25650013851000003,0.36580019753200005,0.5588003017519999,0.388600209844,0.36070019477799997,0.309900167346,0.15750008505,0.22785012303899999,0.29207515772049997,0.40248563400879167,0.375900202986,0.47180025477199994,0.6093203290328002,0.815300440262,2023-02-12
02-13,2,13,0.44450024003,0.546100294894,0.271800146772,0.6502003511079999,0.40390021810599996,0.662900357966,0.469900253746,0.6121003305339999,0.276900149526,0.35050018927,0.40890022080599997,0.332700179658,0.231100124794,0.16260008780399998,0.44960024278399996,0.228600123444,0.373400201636,0.5334002880359999,0.812800438912,0.375900202986,0.386100208494,0.373400201636,0.26420014266799996,0.294600159084,0.208300112482,0.368300198882,0.57150030861,0.584200315468,0.226100122094,0.396200213948,0.416600224964,0.23370012619799999,0.6553003538619999,0.236200127548,0.31750017145000003,0.388600209844,0.31750017145000003,0.38350020709000004,0.815300440262,0.28450015363,0.47750025784999994,0.454700245538,0.26670014401799996,0.36580019753200005,0.5588003017519999,0.388600209844,0.36070019477799997,0.3150001701,0.16260008780399998,0.2329201257768,0.29207515772049997,0.40640021945599997,0.37970020503800006,0.47180025477199994,0.6235303367062001,0.815300440262,2023-02-13
02-14,2,14,0.46480025099199995,0.5613003031020001,0.271800146772,0.6502003511079999,0.42160022766399996,0.6858003703319999,0.472400255096,0.6553003538619999,0.3200001728,0.36070019477799997,0.41150022221,0.337800182412,0.24380013165199996,0.175300094662,0.452100244134,0.228600123444,0.396200213948,0.535900289386,0.812800438912,0.37850020439,0.386100208494,0.386100208494,0.26670014401799996,0.294600159084,0.208300112482,0.368300198882,0.57400030996,0.584200315468,0.228600123444,0.406400219456,0.42160022766399996,0.246400133056,0.6553003538619999,0.23880012895200003,0.31750017145000003,0.406400219456,0.31750017145000003,0.38350020709000004,0.8255004457699999,0.28450015363,0.518200279828,0.454700245538,0.28190015222599996,0.36580019753200005,0.5588003017519999,0.388600209844,0.393700212598,0.3150001701,0.175300094662,0.24230013084199997,0.309900167346,0.41486272402575003,0.387350209169,0.483850261279,0.6517303519341999,0.8255004457699999,2023-02-14
02-15,2,15,0.495300267462,0.60450032643,0.271800146772,0.657900355266,0.42160022766399996,0.6960003758399999,0.472400255096,0.688300371682,0.32770017695799997,0.36320019612800003,0.41150022221,0.337800182412,0.24380013165199996,0.18030009736199998,0.452100244134,0.228600123444,0.42160022766399996,0.535900289386,0.8179004416659998,0.386100208494,0.386100208494,0.41910022631399996,0.26670014401799996,0.294600159084,0.218400117936,0.368300198882,0.6020003250799999,0.584200315468,0.231100124794,0.406400219456,0.42420022906800003,0.246400133056,0.6553003538619999,0.23880012895200003,0.3200001728,0.416600224964,0.31750017145000003,0.398800215352,0.8255004457699999,0.28960015638400005,0.548600296244,0.454700245538,0.28190015222599996,0.36580019753200005,0.5588003017519999,0.393700212598,0.42160022766399996,0.3150001701,0.18030009736199998,0.24230013084199997,0.309900167346,0.4221668946366666,0.402600217404,0.505450272943,0.6560803542832,0.8255004457699999,2023-02-15
02-16,2,16,0.495300267462,0.6121003305339999,0.271800146772,0.6680003607200001,0.426700230418,0.6960003758399999,0.47750025784999994,0.73150039501,0.330200178308,0.37080020023200005,0.41150022221,0.337800182412,0.246400133056,0.18290009876600002,0.452100244134,0.231100124794,0.42420022906800003,0.535900289386,0.8179004416659998,0.388600209844,0.386100208494,0.42420022906800003,0.26670014401799996,0.294600159084,0.218400117936,0.368300198882,0.6121003305339999,0.591800319572,0.23370012619799999,0.41150022221,0.426700230418,0.25150013581,0.6553003538619999,0.23880012895200003,0.3200001728,0.416600224964,0.31750017145000003,0.40130021670199995,0.8255004457699999,0.28960015638400005,0.5613003031020001,0.459700248238,0.302300163242,0.36580019753200005,0.5588003017519999,0.41150022221,0.42420022906800003,0.3150001701,0.18290009876600002,0.24412013182480002,0.3118251683855,0.42618981347570833,0.41150022221,0.505450272943,0.6591103559194,0.8255004457699999,2023-02-16
02-17,2,17,0.497800268812,0.622300336042,0.271800146772,0.6807003675779999,0.426700230418,0.708700382698,0.48510026195399997,0.787400425196,0.332700179658,0.373400201636,0.41150022221,0.34290018516599996,0.26920014536799997,0.19050010287,0.459700248238,0.23370012619799999,0.42420022906800003,0.53850029079,0.82300044442,0.391200211248,0.386100208494,0.431800233172,0.26670014401799996,0.294600159084,0.228600123444,0.368300198882,0.6121003305339999,0.591800319572,0.24380013165199996,0.41150022221,0.434300234522,0.25150013581,0.662900357966,0.23880012895200003,0.3200001728,0.429300231822,0.31750017145000003,0.40130021670199995,0.8306004485240001,0.292100157734,0.5639003045059999,0.4750002565,0.31750017145000003,0.368300198882,0.5588003017519999,0.416600224964,0.43690023592599997,0.3200001728,0.19050010287,0.2491901345626,0.31750017145000003,0.4321169000096667,0.41150022221,0.5079752743065,0.6682403608496,0.8306004485240001,2023-02-17
02-18,2,18,0.497800268812,0.642600347004,0.271800146772,0.6858003703319999,0.426700230418,0.7214003895559999,0.5080002743200001,0.876300473202,0.332700179658,0.375900202986,0.41150022221,0.36320019612800003,0.276900149526,0.19300010422,0.462300249642,0.248900134406,0.42420022906800003,0.546100294894,0.8280004471199999,0.391200211248,0.406400219456,0.434300234522,0.26670014401799996,0.294600159084,0.228600123444,0.368300198882,0.614700331938,0.591800319572,0.24380013165199996,0.41150022221,0.44960024278399996,0.25400013716000003,0.662900357966,0.23880012895200003,0.3200001728,0.429300231822,0.31750017145000003,0.40130021670199995,0.8331004498739999,0.292100157734,0.5639003045059999,0.4750002565,0.3200001728,0.368300198882,0.5588003017519999,0.41910022631399996,0.452100244134,0.36320019612800003,0.19300010422,0.2524701363338,0.3193751724625,0.4388335703033333,0.41150022221,0.5175252794635,0.6697703616758001,0.876300473202,2023-02-18
02-19,2,19,0.497800268812,0.6833003689820001,0.271800146772,0.6858003703319999,0.426700230418,0.7290003936599999,0.5105002756699999,0.9271005006340001,0.332700179658,0.37850020439,0.416600224964,0.37080020023200005,0.27940015087599995,0.19300010422,0.472400255096,0.26420014266799996,0.426700230418,0.5512002976479999,0.8280004471199999,0.393700212598,0.416600224964,0.434300234522,0.26920014536799997,0.299700161838,0.228600123444,0.375900202986,0.619800334692,0.596900322326,0.248900134406,0.41150022221,0.44960024278399996,0.25400013716000003,0.662900357966,0.241300130302,0.3200001728,0.431800233172,0.31750017145000003,0.42420022906800003,0.840700453978,0.299700161838,0.566400305856,0.4750002565,0.322600174204,0.368300198882,0.5588003017519999,0.431800233172,0.454700245538,0.393700212598,0.19300010422,0.26114014101559996,0.3193751724625,0.4448669068946667,0.420400227016,0.5206752811644999,0.684050369387,0.9271005006340001,2023-02-19
02-20,2,20,0.5029002715659999,0.6909003730859999,0.276900149526,0.688300371682,0.457200246888,0.73150039501,0.5105002756699999,0.98550053217,0.332700179658,0.37850020439,0.426700230418,0.37080020023200005,0.27940015087599995,0.195600105624,0.495300267462,0.26670014401799996,0.429300231822,0.566400305856,0.8306004485240001,0.393700212598,0.42420022906800003,0.434300234522,0.271800146772,0.302300163242,0.228600123444,0.37850020439,0.6325003415499999,0.596900322326,0.25650013851000003,0.41150022221,0.44960024278399996,0.25650013851000003,0.6909003730859999,0.246400133056,0.3200001728,0.44450024003,0.31750017145000003,0.426700230418,0.845800456732,0.299700161838,0.57150030861,0.4750002565,0.32770017695799997,0.368300198882,0.5588003017519999,0.44700024137999994,0.482600260604,0.393700212598,0.195600105624,0.26364014236559996,0.3193751724625,0.45143149377287495,0.426700230418,0.5225752821904999,0.6909003730859999,0.98550053217,2023-02-20
02-21,2,21,0.5105002756699999,0.6960003758399999,0.28190015222599996,0.688300371682,0.457200246888,0.73150039501,0.528300285282,1.000800540432,0.332700179658,0.37850020439,0.434300234522,0.37080020023200005,0.27940015087599995,0.21080011383199998,0.513100277074,0.274300148122,0.429300231822,0.60450032643,0.8306004485240001,0.393700212598,0.42420022906800003,0.434300234522,0.28450015363,0.31750017145000003,0.228600123444,0.38100020574,0.642600347004,0.599400323676,0.25650013851000003,0.41400022355999994,0.44960024278399996,0.25650013851000003,0.7036003799439999,0.248900134406,0.32770017695799997,0.44450024003,0.322600174204,0.426700230418,0.861100464994,0.299700161838,0.57150030861,0.4750002565,0.335300181062,0.368300198882,0.5588003017519999,0.46740025239599997,0.48770026335800004,0.393700212598,0.21080011383199998,0.2689601452384,0.32642517626949996,0.45682733001995834,0.42800023111999996,0.5359252893995,0.6982803770711999,1.000800540432,2023-02-21
02-22,2,22,0.5156002784239999,0.7264003922560001,0.28190015222599996,0.6909003730859999,0.457200246888,0.73150039501,0.528300285282,1.003300541782,0.332700179658,0.38100020574,0.43690023592599997,0.37080020023200005,0.27940015087599995,0.21080011383199998,0.528300285282,0.274300148122,0.429300231822,0.619800334692,0.8306004485240001,0.396200213948,0.44200023868000005,0.439400237276,0.28700015498,0.3200001728,0.228600123444,0.386100208494,0.645200348408,0.599400323676,0.25650013851000003,0.41400022355999994,0.44960024278399996,0.259100139914,0.7036003799439999,0.25400013716000003,0.32770017695799997,0.44450024003,0.322600174204,0.426700230418,0.8865004787099999,0.299700161838,0.57400030996,0.4750002565,0.335300181062,0.368300198882,0.589300318222,0.4750002565,0.48770026335800004,0.393700212598,0.21080011383199998,0.2697401456596,0.32642517626949996,0.46074399880162503,0.433100233874,0.5397252914515,0.7104403836376001,1.003300541782,2023-02-22
02-23,2,23,0.520700281178,0.7341003964139999,0.28190015222599996,0.70100037854,0.457200246888,0.73150039501,0.528300285282,1.0160005486400001,0.332700179658,0.38100020574,0.439400237276,0.37080020023200005,0.27940015087599995,0.22100011934000002,0.53850029079,0.276900149526,0.429300231822,0.629900340146,0.8306004485240001,0.40890022080599997,0.44450024003,0.44200023868000005,0.294600159084,0.322600174204,0.246400133056,0.386100208494,0.6502003511079999,0.599400323676,0.259100139914,0.416600224964,0.452100244134,0.259100139914,0.7036003799439999,0.274300148122,0.330200178308,0.452100244134,0.322600174204,0.431800233172,0.904200488268,0.304800164592,0.57400030996,0.47750025784999994,0.335300181062,0.36580019753200005,0.594400320976,0.47750025784999994,0.48770026335800004,0.396200213948,0.22100011934000002,0.2761201491048,0.328300177282,0.4648710843635833,0.43560023522400004,0.5473752955825,0.7119703844638,1.0160005486400001,2023-02-23
02-24,2,24,0.523200282528,0.736600397764,0.292100157734,0.70100037854,0.457200246888,0.73150039501,0.528300285282,1.0287005554979998,0.340400183816,0.38100020574,0.439400237276,0.37080020023200005,0.27940015087599995,0.22100011934000002,0.57150030861,0.27940015087599995,0.429300231822,0.6325003415499999,0.8306004485240001,0.41910022631399996,0.44450024003,0.44700024137999994,0.302300163242,0.32510017555399995,0.248900134406,0.388600209844,0.6502003511079999,0.599400323676,0.26670014401799996,0.416600224964,0.454700245538,0.259100139914,0.7036003799439999,0.27940015087599995,0.340400183816,0.452100244134,0.322600174204,0.431800233172,0.906800489672,0.304800164592,0.57400030996,0.47750025784999994,0.335300181062,0.36320019612800003,0.599400323676,0.47750025784999994,0.48770026335800004,0.396200213948,0.22100011934000002,0.27940015087599995,0.332750179685,0.4676752525445,0.43560023522400004,0.5721253089475,0.7119703844638,1.0287005554979998,2023-02-24
02-25,2,25,0.528300285282,0.736600397764,0.292100157734,0.70100037854,0.457200246888,0.73150039501,0.528300285282,1.033800558252,0.340400183816,0.38100020574,0.44450024003,0.37080020023200005,0.27940015087599995,0.22100011934000002,0.576600311364,0.28960015638400005,0.429300231822,0.6325003415499999,0.8331004498739999,0.44450024003,0.44450024003,0.462300249642,0.302300163242,0.332700179658,0.25650013851000003,0.391200211248,0.6502003511079999,0.599400323676,0.26670014401799996,0.44450024003,0.454700245538,0.26420014266799996,0.7214003895559999,0.27940015087599995,0.340400183816,0.452100244134,0.32510017555399995,0.431800233172,0.914400493776,0.304800164592,0.5791003127139999,0.482600260604,0.335300181062,0.36070019477799997,0.6020003250799999,0.47750025784999994,0.48770026335800004,0.41150022221,0.22100011934000002,0.27940015087599995,0.334650180711,0.47138567121479164,0.44450024003,0.5772253117015,0.7244303911922,1.033800558252,2023-02-25
02-26,2,26,0.528300285282,0.772200416988,0.292100157734,0.716300386802,0.457200246888,0.73150039501,0.528300285282,1.038900561006,0.35310019067400006,0.38100020574,0.44450024003,0.37080020023200005,0.276900149526,0.22100011934000002,0.576600311364,0.292100157734,0.429300231822,0.645200348408,0.8357004512780001,0.44960024278399996,0.452100244134,0.46740025239599997,0.304800164592,0.335300181062,0.261600141264,0.393700212598,0.6528003525120001,0.599400323676,0.28450015363,0.44960024278399996,0.459700248238,0.26670014401799996,0.749300404622,0.28190015222599996,0.34540018651599996,0.452100244134,0.32510017555399995,0.434300234522,0.924600499284,0.304800164592,0.5817003141179999,0.482600260604,0.335300181062,0.358100193374,0.60450032643,0.47750025784999994,0.48770026335800004,0.42420022906800003,0.22100011934000002,0.28372015320879995,0.335300181062,0.47577734025295837,0.44960024278399996,0.5778753120525,0.7368403978936,1.038900561006,2023-02-26
02-27,2,27,0.528300285282,0.772200416988,0.302300163242,0.716300386802,0.457200246888,0.73150039501,0.528300285282,1.04900056646,0.35310019067400006,0.38100020574,0.46480025099199995,0.37080020023200005,0.274300148122,0.22100011934000002,0.576600311364,0.294600159084,0.429300231822,0.6553003538619999,0.840700453978,0.454700245538,0.452100244134,0.46740025239599997,0.304800164592,0.337800182412,0.261600141264,0.41150022221,0.6528003525120001,0.599400323676,0.28960015638400005,0.452100244134,0.462300249642,0.26920014536799997,0.7595004101299999,0.28190015222599996,0.3480001879199999,0.452100244134,0.32770017695799997,0.434300234522,0.924600499284,0.304800164592,0.5817003141179999,0.482600260604,0.35050018927,0.355600192024,0.60450032643,0.495300267462,0.48770026335800004,0.42420022906800003,0.22100011934000002,0.2872901551366,0.34545018654299997,0.4786856751567916,0.452100244134,0.5778753120525,0.7399003995460001,1.04900056646,2023-02-27
02-28,2,28,0.54100029214,0.772200416988,0.302300163242,0.716300386802,0.457200246888,0.7290003936599999,0.528300285282,1.054100569214,0.35310019067400006,0.38350020709000004,0.46480025099199995,0.37080020023200005,0.274300148122,0.22100011934000002,0.576600311364,0.299700161838,0.429300231822,0.6553003538619999,0.861100464994,0.454700245538,0.452100244134,0.46740025239599997,0.30730016594200005,0.337800182412,0.261600141264,0.41910022631399996,0.6528003525120001,0.599400323676,0.302300163242,0.452100244134,0.46480025099199995,0.26920014536799997,0.7595004101299999,0.28700015498,0.3480001879199999,0.4750002565,0.330200178308,0.434300234522,0.965200521208,0.304800164592,0.589300318222,0.482600260604,0.35050018927,0.355600192024,0.6325003415499999,0.5105002756699999,0.48770026335800004,0.42420022906800003,0.22100011934000002,0.2958901597806,0.34545018654299997,0.48265442729991664,0.453400244836,0.5797753130785,0.7381503986010001,1.054100569214,2023-02-28
03-01,3,1,0.54100029214,0.777200419688,0.302300163242,0.718800388152,0.457200246888,0.7264003922560001,0.528300285282,1.056600570564,0.35310019067400006,0.386100208494,0.46740025239599997,0.37080020023200005,0.297200160488,0.22100011934000002,0.576600311364,0.299700161838,0.429300231822,0.657900355266,0.861100464994,0.454700245538,0.454700245538,0.469900253746,0.3150001701,0.340400183816,0.261600141264,0.42420022906800003,0.6528003525120001,0.627400338796,0.302300163242,0.452100244134,0.46480025099199995,0.26920014536799997,0.7595004101299999,0.292100157734,0.35310019067400006,0.497800268812,0.332700179658,0.434300234522,0.965200521208,0.304800164592,0.596900322326,0.48510026195399997,0.35050018927,0.355600192024,0.6477003497580001,0.5105002756699999,0.492800266112,0.42420022906800003,0.22100011934000002,0.298950161433,0.3479751879065,0.485831512348875,0.454700245538,0.5816753141045,0.7363303976182002,1.056600570564,2023-03-01
03-02,3,2,0.54100029214,0.777200419688,0.302300163242,0.7264003922560001,0.5334002880359999,0.716300386802,0.528300285282,1.064300574722,0.35310019067400006,0.388600209844,0.469900253746,0.37080020023200005,0.3200001728,0.22100011934000002,0.576600311364,0.302300163242,0.429300231822,0.660400356616,0.861100464994,0.457200246888,0.459700248238,0.472400255096,0.3150001701,0.340400183816,0.261600141264,0.426700230418,0.6553003538619999,0.629900340146,0.30730016594200005,0.457200246888,0.46480025099199995,0.26920014536799997,0.7595004101299999,0.3150001701,0.35310019067400006,0.513100277074,0.337800182412,0.434300234522,0.965200521208,0.309900167346,0.607100327834,0.48770026335800004,0.35050018927,0.355600192024,0.6477003497580001,0.5105002756699999,0.492800266112,0.42420022906800003,0.22100011934000002,0.30580016513200003,0.3479751879065,0.4900627646337499,0.458450247563,0.5842253154815,0.7363303976182002,1.064300574722,2023-03-02
03-03,3,3,0.54100029214,0.777200419688,0.304800164592,0.746800403272,0.5334002880359999,0.7061003812939999,0.535900289386,1.0668005760719999,0.35310019067400006,0.393700212598,0.518200279828,0.37080020023200005,0.335300181062,0.226100122094,0.576600311364,0.302300163242,0.434300234522,0.660400356616,0.878800474552,0.459700248238,0.459700248238,0.4750002565,0.3150001701,0.340400183816,0.261600141264,0.426700230418,0.6553003538619999,0.629900340146,0.312400168696,0.46740025239599997,0.46740025239599997,0.271800146772,0.7595004101299999,0.3150001701,0.35310019067400006,0.518200279828,0.355600192024,0.43690023592599997,0.965200521208,0.309900167346,0.617200333288,0.492800266112,0.35050018927,0.355600192024,0.6477003497580001,0.513100277074,0.495300267462,0.439400237276,0.226100122094,0.3083701665198,0.35245019032300007,0.49435235028345836,0.463550250317,0.586750316845,0.7506104053294,1.0668005760719999,2023-03-03
03-04,3,4,0.54100029214,0.777200419688,0.32510017555399995,0.749300404622,0.5334002880359999,0.688300371682,0.535900289386,1.069300577422,0.35310019067400006,0.396200213948,0.523200282528,0.386100208494,0.35050018927,0.226100122094,0.576600311364,0.302300163242,0.44450024003,0.662900357966,0.878800474552,0.472400255096,0.459700248238,0.4750002565,0.3150001701,0.340400183816,0.26670014401799996,0.426700230418,0.6553003538619999,0.629900340146,0.312400168696,0.46740025239599997,0.46740025239599997,0.274300148122,0.7798004210920001,0.31750017145000003,0.36580019753200005,0.520700281178,0.36320019612800003,0.44200023868000005,0.965200521208,0.312400168696,0.622300336042,0.492800266112,0.35310019067400006,0.355600192024,0.6477003497580001,0.5334002880359999,0.500400270216,0.452100244134,0.226100122094,0.312400168696,0.35310019067400006,0.49805026894700005,0.46740025239599997,0.5880253175335,0.7576704091418001,1.069300577422,2023-03-04
03-05,3,5,0.54100029214,0.800100432054,0.32510017555399995,0.7595004101299999,0.5334002880359999,0.688300371682,0.535900289386,1.071900578826,0.35310019067400006,0.40130021670199995,0.528300285282,0.391200211248,0.37850020439,0.226100122094,0.576600311364,0.302300163242,0.454700245538,0.6655003593699998,0.8814004759559999,0.472400255096,0.46480025099199995,0.4750002565,0.3150001701,0.340400183816,0.274300148122,0.429300231822,0.6553003538619999,0.6350003429000001,0.312400168696,0.472400255096,0.46740025239599997,0.28450015363,0.7798004210920001,0.3200001728,0.36580019753200005,0.520700281178,0.36580019753200005,0.44200023868000005,0.965200521208,0.322600174204,0.622300336042,0.492800266112,0.35310019067400006,0.36070019477799997,0.6655003593699998,0.548600296244,0.513100277074,0.452100244134,0.226100122094,0.3142201696788,0.358800193752,0.5021356878197917,0.469900253746,0.5880253175335,0.7655904134186,1.071900578826,2023-03-05
03-06,3,6,0.54100029214,0.8077004361579999,0.32510017555399995,0.7595004101299999,0.54100029214,0.688300371682,0.535900289386,1.071900578826,0.35310019067400006,0.40130021670199995,0.5334002880359999,0.41150022221,0.391200211248,0.236200127548,0.576600311364,0.304800164592,0.46740025239599997,0.670600362124,0.8814004759559999,0.4750002565,0.46480025099199995,0.4750002565,0.3150001701,0.340400183816,0.274300148122,0.429300231822,0.6553003538619999,0.6375003442499999,0.312400168696,0.472400255096,0.4750002565,0.294600159084,0.7798004210920001,0.3200001728,0.36580019753200005,0.528300285282,0.36580019753200005,0.44200023868000005,0.9881005335739999,0.322600174204,0.6350003429000001,0.492800266112,0.355600192024,0.37080020023200005,0.6833003689820001,0.5588003017519999,0.5258002839320001,0.454700245538,0.236200127548,0.3142201696788,0.36325019615500004,0.506419023466125,0.473700255798,0.591200319248,0.7655904134186,1.071900578826,2023-03-06
03-07,3,7,0.548600296244,0.8306004485240001,0.32770017695799997,0.7595004101299999,0.54100029214,0.688300371682,0.535900289386,1.071900578826,0.35310019067400006,0.40130021670199995,0.5334002880359999,0.42160022766399996,0.393700212598,0.23880012895200003,0.576600311364,0.304800164592,0.46740025239599997,0.7061003812939999,0.883900477306,0.480100259254,0.46740025239599997,0.4750002565,0.31750017145000003,0.340400183816,0.28700015498,0.429300231822,0.6553003538619999,0.6477003497580001,0.312400168696,0.472400255096,0.480100259254,0.299700161838,0.79250042795,0.32510017555399995,0.368300198882,0.528300285282,0.36580019753200005,0.44200023868000005,1.01350054729,0.322600174204,0.662900357966,0.492800266112,0.355600192024,0.37080020023200005,0.688300371682,0.5639003045059999,0.548600296244,0.46740025239599997,0.23880012895200003,0.3159701706238,0.36325019615500004,0.5116023595984583,0.473700255798,0.5943753209625,0.769400415476,1.071900578826,2023-03-07
03-08,3,8,0.553700298998,0.8331004498739999,0.32770017695799997,0.7595004101299999,0.548600296244,0.688300371682,0.54100029214,1.071900578826,0.35310019067400006,0.429300231822,0.546100294894,0.42160022766399996,0.396200213948,0.241300130302,0.576600311364,0.304800164592,0.46740025239599997,0.708700382698,0.883900477306,0.480100259254,0.4750002565,0.480100259254,0.31750017145000003,0.355600192024,0.28960015638400005,0.434300234522,0.6553003538619999,0.660400356616,0.312400168696,0.4750002565,0.480100259254,0.30730016594200005,0.79250042795,0.32510017555399995,0.368300198882,0.535900289386,0.36580019753200005,0.454700245538,1.01350054729,0.32510017555399995,0.6782003662280001,0.500400270216,0.355600192024,0.373400201636,0.6909003730859999,0.56900030726,0.548600296244,0.46740025239599997,0.241300130302,0.3159701706238,0.36325019615500004,0.5154148616572083,0.477550257877,0.5962753219885,0.769400415476,1.071900578826,2023-03-08
03-09,3,9,0.553700298998,0.8331004498739999,0.32770017695799997,0.7595004101299999,0.553700298998,0.6858003703319999,0.546100294894,1.0998005938920001,0.355600192024,0.431800233172,0.546100294894,0.42160022766399996,0.396200213948,0.241300130302,0.576600311364,0.304800164592,0.46740025239599997,0.711200384048,0.8865004787099999,0.482600260604,0.47750025784999994,0.480100259254,0.31750017145000003,0.36070019477799997,0.28960015638400005,0.43690023592599997,0.6553003538619999,0.6655003593699998,0.322600174204,0.480100259254,0.480100259254,0.30730016594200005,0.79250042795,0.32510017555399995,0.375900202986,0.53850029079,0.36580019753200005,0.454700245538,1.01350054729,0.32510017555399995,0.6985003771899999,0.500400270216,0.36070019477799997,0.38350020709000004,0.6985003771899999,0.57150030861,0.548600296244,0.46740025239599997,0.241300130302,0.3210701733778,0.36452519684350004,0.518219029838125,0.480100259254,0.5962753219885,0.769400415476,1.0998005938920001,2023-03-09
03-10,3,10,0.553700298998,0.8357004512780001,0.32770017695799997,0.7595004101299999,0.553700298998,0.6782003662280001,0.546100294894,1.107400597996,0.36320019612800003,0.431800233172,0.546100294894,0.42160022766399996,0.398800215352,0.24380013165199996,0.576600311364,0.30730016594200005,0.46740025239599997,0.711200384048,0.88900048006,0.482600260604,0.492800266112,0.48770026335800004,0.31750017145000003,0.36070019477799997,0.28960015638400005,0.43690023592599997,0.657900355266,0.6731003634739999,0.32510017555399995,0.480100259254,0.495300267462,0.312400168696,0.79250042795,0.32510017555399995,0.375900202986,0.53850029079,0.36580019753200005,0.459700248238,1.01350054729,0.32510017555399995,0.7036003799439999,0.5156002784239999,0.36320019612800003,0.40130021670199995,0.7036003799439999,0.57150030861,0.5512002976479999,0.46740025239599997,0.24380013165199996,0.32282017432279997,0.36515019718100006,0.5209169479616667,0.48515026198100003,0.5969253223395,0.769400415476,1.107400597996,2023-03-10
03-11,3,11,0.553700298998,0.8382004526279999,0.32770017695799997,0.76200041148,0.553700298998,0.675600364824,0.5613003031020001,1.11250060075,0.36580019753200005,0.44450024003,0.546100294894,0.42420022906800003,0.398800215352,0.241300130302,0.5817003141179999,0.30730016594200005,0.48510026195399997,0.713700385398,0.8915004814099999,0.482600260604,0.495300267462,0.497800268812,0.32510017555399995,0.36320019612800003,0.28960015638400005,0.43690023592599997,0.657900355266,0.6731003634739999,0.330200178308,0.480100259254,0.495300267462,0.312400168696,0.8026004334039999,0.32510017555399995,0.375900202986,0.548600296244,0.36320019612800003,0.462300249642,1.01350054729,0.32510017555399995,0.711200384048,0.5156002784239999,0.36320019612800003,0.40130021670199995,0.7595004101299999,0.57150030861,0.5512002976479999,0.46740025239599997,0.241300130302,0.32510017555399995,0.36515019718100006,0.52461278329075,0.490200264708,0.600750324405,0.7741804180572002,1.11250060075,2023-03-11
03-12,3,12,0.553700298998,0.840700453978,0.32770017695799997,0.810300437562,0.5613003031020001,0.670600362124,0.57400030996,1.122700606258,0.37850020439,0.44960024278399996,0.546100294894,0.43690023592599997,0.41150022221,0.241300130302,0.586700316818,0.309900167346,0.535900289386,0.713700385398,0.894100482814,0.48510026195399997,0.5080002743200001,0.500400270216,0.330200178308,0.36580019753200005,0.28960015638400005,0.43690023592599997,0.660400356616,0.6731003634739999,0.330200178308,0.48510026195399997,0.495300267462,0.312400168696,0.8026004334039999,0.32510017555399995,0.375900202986,0.553700298998,0.36070019477799997,0.46480025099199995,1.01350054729,0.32510017555399995,0.716300386802,0.5156002784239999,0.375900202986,0.40130021670199995,0.7595004101299999,0.57150030861,0.5512002976479999,0.46740025239599997,0.241300130302,0.32510017555399995,0.375900202986,0.52953778595025,0.49785026883899997,0.6051253267675,0.8049104346514,1.122700606258,2023-03-12
03-13,3,13,0.553700298998,0.8865004787099999,0.332700179658,0.810300437562,0.5613003031020001,0.6731003634739999,0.586700316818,1.125200607608,0.37850020439,0.452100244134,0.546100294894,0.43690023592599997,0.41150022221,0.241300130302,0.586700316818,0.309900167346,0.543600293544,0.718800388152,0.904200488268,0.48510026195399997,0.5080002743200001,0.5029002715659999,0.330200178308,0.37850020439,0.28960015638400005,0.43690023592599997,0.660400356616,0.6731003634739999,0.330200178308,0.490200264708,0.495300267462,0.31750017145000003,0.812800438912,0.32510017555399995,0.375900202986,0.556300300402,0.36320019612800003,0.46480025099199995,1.01350054729,0.32510017555399995,0.723900390906,0.520700281178,0.38100020574,0.40130021670199995,0.767100414234,0.57150030861,0.553700298998,0.46740025239599997,0.241300130302,0.32510017555399995,0.37850020439,0.5329232044450417,0.499100269514,0.6051253267675,0.811050437967,1.125200607608,2023-03-13
03-14,3,14,0.553700298998,0.88900048006,0.332700179658,0.810300437562,0.586700316818,0.6731003634739999,0.586700316818,1.125200607608,0.396200213948,0.457200246888,0.566400305856,0.44200023868000005,0.41150022221,0.241300130302,0.586700316818,0.309900167346,0.546100294894,0.723900390906,0.904200488268,0.48510026195399997,0.5080002743200001,0.50550027297,0.332700179658,0.396200213948,0.28960015638400005,0.43690023592599997,0.6680003607200001,0.6782003662280001,0.330200178308,0.492800266112,0.495300267462,0.31750017145000003,0.812800438912,0.322600174204,0.37850020439,0.556300300402,0.36320019612800003,0.46480025099199995,1.01350054729,0.32770017695799997,0.723900390906,0.520700281178,0.386100208494,0.41150022221,0.767100414234,0.584200315468,0.56900030726,0.46740025239599997,0.241300130302,0.3261701761318,0.3936752125845,0.536419039666125,0.500400270216,0.6070253277935,0.811050437967,1.125200607608,2023-03-14
03-15,3,15,0.553700298998,0.8915004814099999,0.332700179658,0.8306004485240001,0.596900322326,0.6731003634739999,0.586700316818,1.1278006090119999,0.398800215352,0.457200246888,0.57400030996,0.44700024137999994,0.41150022221,0.241300130302,0.6020003250799999,0.30730016594200005,0.546100294894,0.73150039501,0.904200488268,0.48510026195399997,0.5080002743200001,0.50550027297,0.337800182412,0.398800215352,0.297200160488,0.43690023592599997,0.6680003607200001,0.6858003703319999,0.332700179658,0.5080002743200001,0.495300267462,0.31750017145000003,0.815300440262,0.3200001728,0.37850020439,0.5588003017519999,0.36070019477799997,0.46480025099199995,1.01350054729,0.3480001879199999,0.723900390906,0.5309002866860001,0.388600209844,0.41150022221,0.7798004210920001,0.584200315468,0.56900030726,0.469900253746,0.241300130302,0.32889017760059996,0.396250213975,0.5397482081305417,0.506750273645,0.6185003339899999,0.8198904427406001,1.1278006090119999,2023-03-15
03-16,3,16,0.553700298998,0.8915004814099999,0.332700179658,0.8357004512780001,0.599400323676,0.6731003634739999,0.586700316818,1.1303006103620001,0.41150022221,0.46740025239599997,0.57400030996,0.44960024278399996,0.41400022355999994,0.241300130302,0.609600329184,0.299700161838,0.546100294894,0.73150039501,0.904200488268,0.48510026195399997,0.5080002743200001,0.50550027297,0.337800182412,0.40130021670199995,0.299700161838,0.43690023592599997,0.670600362124,0.6909003730859999,0.332700179658,0.5105002756699999,0.495300267462,0.31750017145000003,0.815300440262,0.3200001728,0.37850020439,0.5588003017519999,0.36070019477799997,0.48510026195399997,1.01350054729,0.35050018927,0.7264003922560001,0.535900289386,0.40390021810599996,0.41150022221,0.8052004348080001,0.586700316818,0.5817003141179999,0.46740025239599997,0.241300130302,0.32889017760059996,0.403250217755,0.5426023763384583,0.506750273645,0.624850337419,0.8214204435668001,1.1303006103620001,2023-03-16
03-17,3,17,0.553700298998,0.901700486918,0.35310019067400006,0.853400460836,0.599400323676,0.6909003730859999,0.586700316818,1.132800611712,0.42420022906800003,0.46740025239599997,0.594400320976,0.452100244134,0.41400022355999994,0.23880012895200003,0.617200333288,0.299700161838,0.546100294894,0.736600397764,0.9093004910220001,0.48510026195399997,0.5080002743200001,0.518200279828,0.34540018651599996,0.40890022080599997,0.309900167346,0.43690023592599997,0.6731003634739999,0.6960003758399999,0.330200178308,0.513100277074,0.495300267462,0.31750017145000003,0.8382004526279999,0.3200001728,0.37850020439,0.5639003045059999,0.36070019477799997,0.500400270216,1.01350054729,0.35310019067400006,0.7290003936599999,0.53850029079,0.40890022080599997,0.41150022221,0.8052004348080001,0.591800319572,0.5817003141179999,0.46480025099199995,0.23880012895200003,0.3271401766556,0.40890022080599997,0.5472669621906666,0.510550275697,0.6311753408345,0.8427604550904,1.132800611712,2023-03-17
03-18,3,18,0.553700298998,0.901700486918,0.358100193374,0.853400460836,0.599400323676,0.70100037854,0.586700316818,1.137900614466,0.429300231822,0.46740025239599997,0.596900322326,0.452100244134,0.416600224964,0.23880012895200003,0.6477003497580001,0.299700161838,0.546100294894,0.7391003991139999,0.9093004910220001,0.48770026335800004,0.5080002743200001,0.520700281178,0.34540018651599996,0.416600224964,0.3150001701,0.431800233172,0.6782003662280001,0.70100037854,0.32770017695799997,0.513100277074,0.495300267462,0.322600174204,0.8382004526279999,0.3200001728,0.388600209844,0.5639003045059999,0.36070019477799997,0.5029002715659999,1.01350054729,0.37080020023200005,0.7290003936599999,0.543600293544,0.40890022080599997,0.41150022221,0.8052004348080001,0.591800319572,0.589300318222,0.459700248238,0.23880012895200003,0.3261701761318,0.410850221859,0.5499086302838333,0.510550275697,0.6553253538755001,0.8427604550904,1.137900614466,2023-03-18
03-19,3,19,0.566400305856,0.904200488268,0.358100193374,0.871200470448,0.599400323676,0.7061003812939999,0.586700316818,1.137900614466,0.44200023868000005,0.46740025239599997,0.6020003250799999,0.452100244134,0.416600224964,0.24380013165199996,0.6528003525120001,0.304800164592,0.5639003045059999,0.741700400518,0.9093004910220001,0.48770026335800004,0.5080002743200001,0.5258002839320001,0.3480001879199999,0.416600224964,0.3200001728,0.42420022906800003,0.6782003662280001,0.7061003812939999,0.322600174204,0.513100277074,0.495300267462,0.322600174204,0.845800456732,0.322600174204,0.391200211248,0.5639003045059999,0.36070019477799997,0.5029002715659999,1.01350054729,0.375900202986,0.73150039501,0.546100294894,0.40890022080599997,0.41150022221,0.8077004361579999,0.591800319572,0.599400323676,0.454700245538,0.24380013165199996,0.322600174204,0.410850221859,0.5525565483803749,0.510550275697,0.6591503559410001,0.8534204608468001,1.137900614466,2023-03-19
03-20,3,20,0.566400305856,0.906800489672,0.36070019477799997,0.883900477306,0.609600329184,0.7214003895559999,0.586700316818,1.14050061587,0.44960024278399996,0.46740025239599997,0.614700331938,0.452100244134,0.426700230418,0.24380013165199996,0.6553003538619999,0.335300181062,0.57400030996,0.744200401868,0.92200049788,0.48770026335800004,0.5080002743200001,0.528300285282,0.3480001879199999,0.416600224964,0.3200001728,0.416600224964,0.6782003662280001,0.711200384048,0.3200001728,0.520700281178,0.495300267462,0.322600174204,0.845800456732,0.36070019477799997,0.391200211248,0.56900030726,0.36070019477799997,0.5029002715659999,1.01350054729,0.37850020439,0.73150039501,0.556300300402,0.40890022080599997,0.41150022221,0.812800438912,0.591800319572,0.599400323676,0.44450024003,0.24380013165199996,0.3441901858626,0.410850221859,0.5565273838579583,0.5143502777490001,0.6610253569535,0.8572304629042001,1.14050061587,2023-03-20
03-21,3,21,0.57400030996,0.906800489672,0.37080020023200005,0.883900477306,0.617200333288,0.7391003991139999,0.591800319572,1.14300061722,0.452100244134,0.469900253746,0.619800334692,0.452100244134,0.429300231822,0.24380013165199996,0.6553003538619999,0.335300181062,0.576600311364,0.746800403272,0.896600484164,0.48770026335800004,0.5080002743200001,0.546100294894,0.3480001879199999,0.416600224964,0.3200001728,0.40890022080599997,0.688300371682,0.713700385398,0.3200001728,0.5258002839320001,0.495300267462,0.322600174204,0.853400460836,0.37080020023200005,0.406400219456,0.56900030726,0.36070019477799997,0.5029002715659999,1.01350054729,0.38100020574,0.73150039501,0.556300300402,0.41910022631399996,0.41150022221,0.8179004416659998,0.591800319572,0.599400323676,0.429300231822,0.24380013165199996,0.3441901858626,0.410850221859,0.558744051721625,0.516900279126,0.6635503583169999,0.8625504657770001,1.14300061722,2023-03-21
03-22,3,22,0.5791003127139999,0.9093004910220001,0.373400201636,0.883900477306,0.617200333288,0.749300404622,0.60450032643,1.1481006199739998,0.462300249642,0.472400255096,0.624800337392,0.452100244134,0.44200023868000005,0.24380013165199996,0.6553003538619999,0.340400183816,0.6020003250799999,0.749300404622,0.894100482814,0.48770026335800004,0.520700281178,0.546100294894,0.358100193374,0.416600224964,0.3200001728,0.40130021670199995,0.6909003730859999,0.716300386802,0.32510017555399995,0.5309002866860001,0.495300267462,0.32770017695799997,0.861100464994,0.375900202986,0.41150022221,0.56900030726,0.358100193374,0.50550027297,1.021100551394,0.38100020574,0.736600397764,0.566400305856,0.42420022906800003,0.41150022221,0.82300044442,0.591800319572,0.60450032643,0.416600224964,0.24380013165199996,0.3527901905066,0.41150022221,0.5624544703919166,0.5258002839320001,0.6642003586679999,0.8679404686876,1.1481006199739998,2023-03-22
03-23,3,23,0.586700316818,0.9093004910220001,0.373400201636,0.883900477306,0.617200333288,0.7595004101299999,0.60450032643,1.1481006199739998,0.462300249642,0.4750002565,0.627400338796,0.452100244134,0.44700024137999994,0.24380013165199996,0.6553003538619999,0.35310019067400006,0.607100327834,0.749300404622,0.8915004814099999,0.48770026335800004,0.520700281178,0.546100294894,0.355600192024,0.416600224964,0.3200001728,0.396200213948,0.708700382698,0.716300386802,0.32770017695799997,0.5334002880359999,0.50550027297,0.330200178308,0.871200470448,0.375900202986,0.41400022355999994,0.56900030726,0.36070019477799997,0.50550027297,1.0312005568479998,0.40130021670199995,0.736600397764,0.56900030726,0.426700230418,0.41150022221,0.8331004498739999,0.591800319572,0.609600329184,0.406400219456,0.24380013165199996,0.354850191619,0.4102252215215,0.5650982218195417,0.527050284607,0.668650361071,0.8750104725054,1.1481006199739998,2023-03-23
03-24,3,24,0.591800319572,0.914400493776,0.375900202986,0.883900477306,0.642600347004,0.76200041148,0.60450032643,1.165900629586,0.462300249642,0.4750002565,0.627400338796,0.452100244134,0.44700024137999994,0.248900134406,0.6553003538619999,0.35310019067400006,0.617200333288,0.772200416988,0.876300473202,0.480100259254,0.520700281178,0.546100294894,0.35050018927,0.426700230418,0.32510017555399995,0.386100208494,0.716300386802,0.723900390906,0.32770017695799997,0.53850029079,0.518200279828,0.330200178308,0.871200470448,0.37080020023200005,0.41910022631399996,0.56900030726,0.375900202986,0.5156002784239999,1.041400562356,0.41400022355999994,0.744200401868,0.57150030861,0.426700230418,0.41150022221,0.8433004553819999,0.594400320976,0.609600329184,0.398800215352,0.248900134406,0.35232019025280004,0.4133752232225,0.568644057067625,0.529600285984,0.6705503620969999,0.8727304712742,1.165900629586,2023-03-24
03-25,3,25,0.591800319572,0.914400493776,0.375900202986,0.8865004787099999,0.6502003511079999,0.7696004155839999,0.60450032643,1.165900629586,0.462300249642,0.48510026195399997,0.627400338796,0.452100244134,0.44700024137999994,0.25400013716000003,0.6553003538619999,0.355600192024,0.622300336042,0.784900423846,0.8814004759559999,0.480100259254,0.520700281178,0.546100294894,0.35050018927,0.431800233172,0.32770017695799997,0.386100208494,0.723900390906,0.73150039501,0.32510017555399995,0.54100029214,0.5258002839320001,0.332700179658,0.871200470448,0.36070019477799997,0.41910022631399996,0.56900030726,0.386100208494,0.523200282528,1.041400562356,0.416600224964,0.751800405972,0.57400030996,0.426700230418,0.41150022221,0.8738004718519999,0.60450032643,0.607100327834,0.391200211248,0.25400013716000003,0.3540701911978,0.4153252242755,0.571606558667375,0.533400288036,0.6724503631229999,0.8760804730831999,1.165900629586,2023-03-25
03-26,3,26,0.599400323676,0.914400493776,0.375900202986,0.8865004787099999,0.662900357966,0.7798004210920001,0.60450032643,1.1760006350399999,0.46480025099199995,0.48510026195399997,0.627400338796,0.44960024278399996,0.459700248238,0.25650013851000003,0.657900355266,0.355600192024,0.622300336042,0.7899004265460001,0.8814004759559999,0.480100259254,0.520700281178,0.546100294894,0.335300181062,0.431800233172,0.330200178308,0.386100208494,0.7290003936599999,0.736600397764,0.31750017145000003,0.543600293544,0.5613003031020001,0.335300181062,0.8865004787099999,0.36320019612800003,0.42420022906800003,0.56900030726,0.386100208494,0.528300285282,1.043900563706,0.41910022631399996,0.7595004101299999,0.586700316818,0.43690023592599997,0.41150022221,0.8738004718519999,0.607100327834,0.607100327834,0.38100020574,0.25650013851000003,0.3495101887354,0.41720022528799994,0.5747315603548749,0.544850294219,0.6794253668895,0.8829304767821999,1.1760006350399999,2023-03-26
03-27,3,27,0.60450032643,0.932200503388,0.406400219456,0.896600484164,0.662900357966,0.79250042795,0.624800337392,1.1760006350399999,0.472400255096,0.48510026195399997,0.640100345654,0.44960024278399996,0.46480025099199995,0.25650013851000003,0.6680003607200001,0.358100193374,0.622300336042,0.7899004265460001,0.8738004718519999,0.480100259254,0.520700281178,0.548600296244,0.335300181062,0.431800233172,0.35050018927,0.386100208494,0.73150039501,0.741700400518,0.3200001728,0.543600293544,0.5613003031020001,0.340400183816,0.8865004787099999,0.36580019753200005,0.42420022906800003,0.576600311364,0.38350020709000004,0.5334002880359999,1.043900563706,0.42160022766399996,0.7595004101299999,0.607100327834,0.439400237276,0.398800215352,0.8738004718519999,0.6121003305339999,0.60450032643,0.373400201636,0.25650013851000003,0.35582019214280003,0.417800225612,0.57858781243725,0.5461002948939999,0.6838753692925001,0.8776104739094,1.1760006350399999,2023-03-27
03-28,3,28,0.622300336042,0.939800507492,0.41400022355999994,0.904200488268,0.6655003593699998,0.8026004334039999,0.6553003538619999,1.1760006350399999,0.4750002565,0.48510026195399997,0.642600347004,0.44200023868000005,0.46740025239599997,0.259100139914,0.6782003662280001,0.355600192024,0.622300336042,0.7950004293,0.868700469098,0.497800268812,0.528300285282,0.548600296244,0.335300181062,0.431800233172,0.355600192024,0.396200213948,0.736600397764,0.744200401868,0.34290018516599996,0.546100294894,0.5613003031020001,0.340400183816,0.8992004855679999,0.375900202986,0.42420022906800003,0.591800319572,0.38100020574,0.5334002880359999,1.0592005719679998,0.42160022766399996,0.7595004101299999,0.609600329184,0.439400237276,0.393700212598,0.8814004759559999,0.6350003429000001,0.596900322326,0.36320019612800003,0.259100139914,0.355600192024,0.41970022663799994,0.5833503150089999,0.547350295569,0.692800374112,0.8867404788395999,1.1760006350399999,2023-03-28
03-29,3,29,0.629900340146,0.944900510246,0.416600224964,0.916900495126,0.6807003675779999,0.810300437562,0.6807003675779999,1.1760006350399999,0.482600260604,0.490200264708,0.6528003525120001,0.44700024137999994,0.472400255096,0.261600141264,0.688300371682,0.355600192024,0.624800337392,0.7950004293,0.868700469098,0.520700281178,0.5334002880359999,0.548600296244,0.355600192024,0.431800233172,0.355600192024,0.40890022080599997,0.7569004087260001,0.7569004087260001,0.36580019753200005,0.548600296244,0.566400305856,0.340400183816,0.9093004910220001,0.38100020574,0.42420022906800003,0.599400323676,0.37850020439,0.5334002880359999,1.0668005760719999,0.429300231822,0.7595004101299999,0.609600329184,0.439400237276,0.40130021670199995,0.8865004787099999,0.6528003525120001,0.594400320976,0.35050018927,0.261600141264,0.355600192024,0.422300228042,0.589594068380625,0.548600296244,0.7054503809429999,0.8933404824036001,1.1760006350399999,2023-03-29
03-30,3,30,0.6375003442499999,0.944900510246,0.434300234522,0.916900495126,0.6833003689820001,0.812800438912,0.6807003675779999,1.1760006350399999,0.482600260604,0.492800266112,0.660400356616,0.44700024137999994,0.4750002565,0.261600141264,0.6909003730859999,0.355600192024,0.624800337392,0.800100432054,0.868700469098,0.5258002839320001,0.5334002880359999,0.5512002976479999,0.36320019612800003,0.431800233172,0.355600192024,0.41400022355999994,0.7595004101299999,0.772200416988,0.373400201636,0.548600296244,0.56900030726,0.340400183816,0.9093004910220001,0.38100020574,0.42420022906800003,0.6020003250799999,0.373400201636,0.556300300402,1.0668005760719999,0.429300231822,0.7747004183380001,0.617200333288,0.439400237276,0.416600224964,0.894100482814,0.670600362124,0.60450032643,0.34290018516599996,0.261600141264,0.36092019489680005,0.4280252311335,0.5934649038042084,0.553750299025,0.7080503823469999,0.8986604852764001,1.1760006350399999,2023-03-30
03-31,3,31,0.6477003497580001,0.944900510246,0.439400237276,0.934700504738,0.688300371682,0.812800438912,0.6807003675779999,1.181100637794,0.482600260604,0.495300267462,0.662900357966,0.44960024278399996,0.47750025784999994,0.261600141264,0.693400374436,0.355600192024,0.627400338796,0.800100432054,0.868700469098,0.5334002880359999,0.5334002880359999,0.5512002976479999,0.368300198882,0.431800233172,0.355600192024,0.41910022631399996,0.76200041148,0.772200416988,0.37850020439,0.553700298998,0.576600311364,0.340400183816,0.914400493776,0.38350020709000004,0.42420022906800003,0.617200333288,0.368300198882,0.566400305856,1.08200058428,0.429300231822,0.782300422442,0.622300336042,0.439400237276,0.416600224964,0.894100482814,0.6909003730859999,0.607100327834,0.330200178308,0.261600141264,0.3644901968246,0.4280252311335,0.5968482389645416,0.560050302427,0.710550383697,0.9001904861026001,1.181100637794,2023-03-31
04-01,4,1,0.6502003511079999,0.944900510246,0.439400237276,0.934700504738,0.70100037854,0.812800438912,0.688300371682,1.181100637794,0.482600260604,0.495300267462,0.6731003634739999,0.44200023868000005,0.47750025784999994,0.261600141264,0.693400374436,0.355600192024,0.627400338796,0.8052004348080001,0.868700469098,0.5334002880359999,0.5334002880359999,0.556300300402,0.36320019612800003,0.431800233172,0.355600192024,0.41910022631399996,0.76200041148,0.777200419688,0.38350020709000004,0.566400305856,0.596900322326,0.35310019067400006,0.914400493776,0.38100020574,0.41910022631399996,0.629900340146,0.36320019612800003,0.56900030726,1.092200589788,0.429300231822,0.784900423846,0.624800337392,0.439400237276,0.426700230418,0.901700486918,0.711200384048,0.624800337392,0.335300181062,0.261600141264,0.36092019489680005,0.428650231471,0.6002836574863334,0.567700306558,0.723900390906,0.9055104889754,1.181100637794,2023-04-01
04-02,4,2,0.6553003538619999,0.944900510246,0.439400237276,0.9576005171040001,0.70100037854,0.812800438912,0.693400374436,1.198900647406,0.482600260604,0.492800266112,0.6909003730859999,0.439400237276,0.47750025784999994,0.261600141264,0.7061003812939999,0.355600192024,0.627400338796,0.8052004348080001,0.868700469098,0.535900289386,0.535900289386,0.5588003017519999,0.35310019067400006,0.429300231822,0.355600192024,0.40130021670199995,0.7696004155839999,0.7798004210920001,0.393700212598,0.56900030726,0.596900322326,0.36070019477799997,0.914400493776,0.37850020439,0.44200023868000005,0.6477003497580001,0.36070019477799997,0.5791003127139999,1.092200589788,0.429300231822,0.784900423846,0.627400338796,0.439400237276,0.426700230418,0.9093004910220001,0.7290003936599999,0.629900340146,0.3480001879199999,0.261600141264,0.3591701939518,0.429300231822,0.6039419927951667,0.5740503099869999,0.7391503991409999,0.9108304918482001,1.198900647406,2023-04-02
04-03,4,3,0.660400356616,0.95250051435,0.452100244134,0.9576005171040001,0.708700382698,0.82300044442,0.693400374436,1.198900647406,0.482600260604,0.492800266112,0.718800388152,0.439400237276,0.47750025784999994,0.25150013581,0.7264003922560001,0.355600192024,0.627400338796,0.8052004348080001,0.871200470448,0.535900289386,0.535900289386,0.553700298998,0.37850020439,0.426700230418,0.36320019612800003,0.40390021810599996,0.7696004155839999,0.7798004210920001,0.388600209844,0.576600311364,0.619800334692,0.37850020439,0.9296005019839999,0.386100208494,0.44700024137999994,0.6477003497580001,0.36580019753200005,0.5817003141179999,1.094700591138,0.429300231822,0.8052004348080001,0.627400338796,0.439400237276,0.426700230418,0.92200049788,0.7290003936599999,0.6350003429000001,0.38100020574,0.25150013581,0.37850020439,0.428650231471,0.609444079099625,0.579150312741,0.7391503991409999,0.9242804991112,1.198900647406,2023-04-03
04-04,4,4,0.6655003593699998,0.95250051435,0.459700248238,0.965200521208,0.718800388152,0.8306004485240001,0.693400374436,1.201400648756,0.482600260604,0.492800266112,0.7341003964139999,0.439400237276,0.4750002565,0.24380013165199996,0.7264003922560001,0.36580019753200005,0.627400338796,0.815300440262,0.878800474552,0.53850029079,0.53850029079,0.553700298998,0.37850020439,0.426700230418,0.375900202986,0.396200213948,0.767100414234,0.7798004210920001,0.386100208494,0.584200315468,0.629900340146,0.398800215352,0.939800507492,0.386100208494,0.44700024137999994,0.6502003511079999,0.36580019753200005,0.5817003141179999,1.0998005938920001,0.429300231822,0.8052004348080001,0.629900340146,0.434300234522,0.42420022906800003,0.934700504738,0.7290003936599999,0.6375003442499999,0.38100020574,0.24380013165199996,0.380250205335,0.428650231471,0.612456580726375,0.582950314793,0.742350400869,0.9362305055642001,1.201400648756,2023-04-04
04-05,4,5,0.6655003593699998,0.95250051435,0.459700248238,0.98550053217,0.7214003895559999,0.8484004581360001,0.6909003730859999,1.201400648756,0.482600260604,0.492800266112,0.7391003991139999,0.439400237276,0.47750025784999994,0.236200127548,0.736600397764,0.36580019753200005,0.622300336042,0.8179004416659998,0.878800474552,0.5512002976479999,0.54100029214,0.5512002976479999,0.391200211248,0.41400022355999994,0.37850020439,0.396200213948,0.767100414234,0.7950004293,0.38100020574,0.584200315468,0.629900340146,0.406400219456,0.939800507492,0.38350020709000004,0.44700024137999994,0.6502003511079999,0.36580019753200005,0.5817003141179999,1.0998005938920001,0.431800233172,0.8077004361579999,0.6350003429000001,0.42160022766399996,0.426700230418,0.9423005088420001,0.7290003936599999,0.6375003442499999,0.37850020439,0.236200127548,0.380250205335,0.4254252297295,0.6141482483065417,0.582950314793,0.7461004028939999,0.940550507897,1.201400648756,2023-04-05
04-06,4,6,0.6655003593699998,0.9550005156999999,0.46480025099199995,0.998200539028,0.7214003895559999,0.861100464994,0.688300371682,1.2040006501599998,0.492800266112,0.492800266112,0.741700400518,0.439400237276,0.454700245538,0.231100124794,0.7391003991139999,0.37080020023200005,0.622300336042,0.8179004416659998,0.878800474552,0.5613003031020001,0.54100029214,0.528300285282,0.40130021670199995,0.406400219456,0.388600209844,0.396200213948,0.7696004155839999,0.810300437562,0.375900202986,0.586700316818,0.6325003415499999,0.43690023592599997,0.9728005253119999,0.38100020574,0.459700248238,0.6528003525120001,0.36580019753200005,0.5817003141179999,1.0998005938920001,0.434300234522,0.8077004361579999,0.6350003429000001,0.40390021810599996,0.431800233172,0.950000513,0.7290003936599999,0.6375003442499999,0.373400201636,0.231100124794,0.3794702049138,0.4336752341845,0.6164774162309583,0.584200315468,0.7486754042845,0.95150051381,1.2040006501599998,2023-04-06
04-07,4,7,0.6655003593699998,0.9601005184539999,0.469900253746,1.0058005431319998,0.7214003895559999,0.868700469098,0.6680003607200001,1.2040006501599998,0.492800266112,0.482600260604,0.741700400518,0.434300234522,0.439400237276,0.231100124794,0.7391003991139999,0.375900202986,0.622300336042,0.8179004416659998,0.894100482814,0.566400305856,0.543600293544,0.513100277074,0.40890022080599997,0.398800215352,0.388600209844,0.396200213948,0.772200416988,0.8357004512780001,0.36580019753200005,0.586700316818,0.6325003415499999,0.44200023868000005,0.9728005253119999,0.38100020574,0.459700248238,0.657900355266,0.36580019753200005,0.5817003141179999,1.0998005938920001,0.44200023868000005,0.8077004361579999,0.6350003429000001,0.41150022221,0.431800233172,0.950000513,0.736600397764,0.6350003429000001,0.368300198882,0.231100124794,0.3794702049138,0.4336752341845,0.617119083244125,0.584200315468,0.7493254046355,0.9530305146362,1.2040006501599998,2023-04-07
04-08,4,8,0.6655003593699998,0.962700519858,0.469900253746,1.008400544536,0.7214003895559999,0.8738004718519999,0.6528003525120001,1.2065006515099999,0.492800266112,0.44700024137999994,0.7341003964139999,0.439400237276,0.44960024278399996,0.228600123444,0.7391003991139999,0.38100020574,0.619800334692,0.815300440262,0.894100482814,0.57150030861,0.546100294894,0.513100277074,0.434300234522,0.388600209844,0.388600209844,0.396200213948,0.772200416988,0.845800456732,0.358100193374,0.596900322326,0.6325003415499999,0.44700024137999994,0.980400529416,0.391200211248,0.46480025099199995,0.662900357966,0.37080020023200005,0.5817003141179999,1.0998005938920001,0.469900253746,0.8077004361579999,0.6350003429000001,0.41400022355999994,0.431800233172,0.965200521208,0.744200401868,0.6350003429000001,0.36580019753200005,0.228600123444,0.38632020861280003,0.4381252365875,0.619019084270125,0.589300318222,0.751200405648,0.963450520263,1.2065006515099999,2023-04-08
04-09,4,9,0.6655003593699998,0.965200521208,0.472400255096,1.008400544536,0.7214003895559999,0.878800474552,0.6477003497580001,1.20900065286,0.492800266112,0.41910022631399996,0.718800388152,0.44960024278399996,0.452100244134,0.22350012068999997,0.7391003991139999,0.386100208494,0.629900340146,0.8077004361579999,0.894100482814,0.57400030996,0.556300300402,0.513100277074,0.44450024003,0.386100208494,0.38350020709000004,0.393700212598,0.7747004183380001,0.845800456732,0.36070019477799997,0.6020003250799999,0.6375003442499999,0.44700024137999994,1.008400544536,0.391200211248,0.497800268812,0.662900357966,0.375900202986,0.576600311364,1.107400597996,0.482600260604,0.815300440262,0.6350003429000001,0.41400022355999994,0.431800233172,0.965200521208,0.744200401868,0.6325003415499999,0.358100193374,0.22350012068999997,0.38532020807280004,0.44132523831549997,0.62081283523875,0.589300318222,0.7518254059855,0.965200521208,1.20900065286,2023-04-09
04-10,4,10,0.6680003607200001,0.965200521208,0.472400255096,1.008400544536,0.7214003895559999,0.8814004759559999,0.624800337392,1.214100655614,0.492800266112,0.40890022080599997,0.711200384048,0.452100244134,0.454700245538,0.218400117936,0.7391003991139999,0.396200213948,0.6375003442499999,0.797600430704,0.906800489672,0.576600311364,0.5639003045059999,0.513100277074,0.44450024003,0.37080020023200005,0.38100020574,0.391200211248,0.7747004183380001,0.845800456732,0.36580019753200005,0.607100327834,0.640100345654,0.44700024137999994,1.026200554148,0.388600209844,0.5029002715659999,0.662900357966,0.375900202986,0.57150030861,1.115100602154,0.482600260604,0.82300044442,0.629900340146,0.41150022221,0.431800233172,0.965200521208,0.744200401868,0.629900340146,0.35310019067400006,0.218400117936,0.3794702049138,0.44132523831549997,0.6209774186609582,0.591850319599,0.7518254059855,0.965200521208,1.214100655614,2023-04-10
04-11,4,11,0.6680003607200001,0.9703005239620001,0.469900253746,1.0109005458859999,0.7214003895559999,0.8814004759559999,0.591800319572,1.214100655614,0.492800266112,0.406400219456,0.711200384048,0.454700245538,0.46480025099199995,0.215900116586,0.7391003991139999,0.406400219456,0.6375003442499999,0.787400425196,0.9093004910220001,0.584200315468,0.5639003045059999,0.513100277074,0.44960024278399996,0.368300198882,0.37850020439,0.398800215352,0.7747004183380001,0.845800456732,0.368300198882,0.614700331938,0.642600347004,0.44700024137999994,1.026200554148,0.37850020439,0.50550027297,0.662900357966,0.375900202986,0.56900030726,1.115100602154,0.482600260604,0.8484004581360001,0.629900340146,0.40130021670199995,0.431800233172,0.965200521208,0.746800403272,0.629900340146,0.340400183816,0.215900116586,0.3777202039688,0.44320023932799996,0.6210878353872499,0.5880003175199999,0.7537754070385001,0.9667305220342001,1.214100655614,2023-04-11
04-12,4,12,0.6680003607200001,0.9703005239620001,0.469900253746,1.0109005458859999,0.7214003895559999,0.8915004814099999,0.5588003017519999,1.216700657018,0.492800266112,0.373400201636,0.711200384048,0.44960024278399996,0.469900253746,0.21080011383199998,0.7391003991139999,0.40390021810599996,0.6375003442499999,0.784900423846,0.916900495126,0.586700316818,0.5639003045059999,0.513100277074,0.44960024278399996,0.368300198882,0.36070019477799997,0.41150022221,0.782300422442,0.845800456732,0.373400201636,0.622300336042,0.657900355266,0.44960024278399996,1.026200554148,0.368300198882,0.5105002756699999,0.662900357966,0.375900202986,0.5613003031020001,1.115100602154,0.482600260604,0.85850046359,0.629900340146,0.396200213948,0.47750025784999994,0.965200521208,0.746800403272,0.627400338796,0.34540018651599996,0.21080011383199998,0.3718702008098,0.44960024278399996,0.621506585613375,0.5753003106619999,0.7556754080645001,0.9667305220342001,1.216700657018,2023-04-12
04-13,4,13,0.6680003607200001,0.9728005253119999,0.459700248238,1.008400544536,0.7214003895559999,0.896600484164,0.528300285282,1.219200658368,0.490200264708,0.355600192024,0.7061003812939999,0.44450024003,0.4750002565,0.20070010837799998,0.741700400518,0.398800215352,0.6375003442499999,0.782300422442,0.9271005006340001,0.594400320976,0.5639003045059999,0.513100277074,0.454700245538,0.36580019753200005,0.34290018516599996,0.41150022221,0.777200419688,0.8484004581360001,0.38100020574,0.622300336042,0.662900357966,0.44960024278399996,1.026200554148,0.37850020439,0.5105002756699999,0.6680003607200001,0.375900202986,0.5613003031020001,1.115100602154,0.490200264708,0.861100464994,0.6375003442499999,0.391200211248,0.47750025784999994,0.965200521208,0.746800403272,0.614700331938,0.3480001879199999,0.20070010837799998,0.37287020134980003,0.44832524209549995,0.6206107517962917,0.579150312741,0.754400407376,0.9674805224392,1.219200658368,2023-04-13
04-14,4,14,0.6680003607200001,0.9728005253119999,0.44450024003,1.0058005431319998,0.723900390906,0.901700486918,0.5156002784239999,1.229400663876,0.490200264708,0.3480001879199999,0.7061003812939999,0.439400237276,0.482600260604,0.195600105624,0.749300404622,0.398800215352,0.6375003442499999,0.800100432054,0.9271005006340001,0.60450032643,0.5639003045059999,0.513100277074,0.457200246888,0.35050018927,0.330200178308,0.398800215352,0.7747004183380001,0.8484004581360001,0.38100020574,0.622300336042,0.662900357966,0.454700245538,1.04900056646,0.38100020574,0.5309002866860001,0.693400374436,0.375900202986,0.5613003031020001,1.115100602154,0.500400270216,0.863600466344,0.640100345654,0.391200211248,0.492800266112,0.965200521208,0.746800403272,0.6121003305339999,0.355600192024,0.195600105624,0.36981019969740003,0.4432252393415,0.6223545027379166,0.584200315468,0.755650408051,0.9674805224392,1.229400663876,2023-04-14
04-15,4,15,0.6655003593699998,0.9754005267160001,0.42160022766399996,1.003300541782,0.7264003922560001,0.9093004910220001,0.497800268812,1.229400663876,0.480100259254,0.34540018651599996,0.6985003771899999,0.431800233172,0.482600260604,0.19300010422,0.749300404622,0.406400219456,0.6375003442499999,0.812800438912,0.9271005006340001,0.614700331938,0.566400305856,0.497800268812,0.459700248238,0.335300181062,0.330200178308,0.391200211248,0.7696004155839999,0.8484004581360001,0.38100020574,0.617200333288,0.6985003771899999,0.459700248238,1.04900056646,0.388600209844,0.53850029079,0.7036003799439999,0.38100020574,0.5613003031020001,1.115100602154,0.50550027297,0.866100467694,0.642600347004,0.40130021670199995,0.50550027297,0.965200521208,0.741700400518,0.6121003305339999,0.34290018516599996,0.19300010422,0.37032019997279997,0.429250231795,0.6225607528492917,0.589250318195,0.7543754073625,0.9682605228604001,1.229400663876,2023-04-15
04-16,4,16,0.662900357966,0.9754005267160001,0.42160022766399996,1.000800540432,0.7290003936599999,0.911900492426,0.497800268812,1.2421006707339999,0.46740025239599997,0.34540018651599996,0.6909003730859999,0.42420022906800003,0.48510026195399997,0.18800010152,0.749300404622,0.406400219456,0.6502003511079999,0.815300440262,0.9296005019839999,0.622300336042,0.57150030861,0.523200282528,0.457200246888,0.34290018516599996,0.332700179658,0.391200211248,0.76200041148,0.8484004581360001,0.36320019612800003,0.617200333288,0.716300386802,0.452100244134,1.056600570564,0.398800215352,0.5512002976479999,0.7036003799439999,0.386100208494,0.5639003045059999,1.115100602154,0.50550027297,0.876300473202,0.645200348408,0.40390021810599996,0.520700281178,0.967700522558,0.7391003991139999,0.60450032643,,0.18800010152,0.37694020354760005,0.43815023660100005,0.6304620425769787,0.60450032643,0.755650408051,0.9707805242212,1.2421006707339999,2023-04-16
04-17,4,17,0.657900355266,0.9754005267160001,0.42160022766399996,1.000800540432,0.73150039501,0.911900492426,0.497800268812,1.249700674838,0.44700024137999994,0.34290018516599996,0.6858003703319999,0.41910022631399996,0.47750025784999994,0.195600105624,0.751800405972,0.398800215352,0.6553003538619999,0.8179004416659998,0.934700504738,0.6325003415499999,0.5588003017519999,0.528300285282,0.44700024137999994,0.35050018927,0.332700179658,0.391200211248,0.7595004101299999,0.8509004594859999,0.36580019753200005,0.617200333288,0.723900390906,0.44200023868000005,1.064300574722,0.398800215352,0.556300300402,0.7036003799439999,0.391200211248,0.5639003045059999,1.0998005938920001,0.5105002756699999,0.883900477306,0.6553003538619999,0.42420022906800003,0.5334002880359999,0.967700522558,0.746800403272,0.594400320976,,0.195600105624,0.3810402057616,0.43310023387400004,0.631221617455234,0.594400320976,0.755650408051,0.9707805242212,1.249700674838,2023-04-17
04-18,4,18,0.6528003525120001,0.9754005267160001,0.41910022631399996,1.000800540432,0.73150039501,0.916900495126,0.5156002784239999,1.254800677592,0.41910022631399996,0.335300181062,0.6833003689820001,0.41400022355999994,0.472400255096,0.198100106974,0.751800405972,0.391200211248,0.6680003607200001,0.8255004457699999,0.91950049653,0.6350003429000001,0.546100294894,0.5258002839320001,0.439400237276,0.355600192024,0.332700179658,0.391200211248,0.754400407376,0.863600466344,0.355600192024,0.617200333288,0.723900390906,0.439400237276,1.071900578826,0.398800215352,0.5613003031020001,0.70100037854,0.391200211248,0.5639003045059999,1.084600585684,0.513100277074,0.883900477306,0.657900355266,0.42420022906800003,0.546100294894,0.967700522558,0.749300404622,0.607100327834,,0.198100106974,0.3769602035584,0.421650227691,0.6307875746676596,0.607100327834,0.753100406674,0.9707805242212,1.254800677592,2023-04-18
04-19,4,19,0.6528003525120001,0.965200521208,0.41910022631399996,0.998200539028,0.736600397764,0.916900495126,0.528300285282,1.254800677592,0.40130021670199995,0.330200178308,0.6833003689820001,0.416600224964,0.472400255096,0.21080011383199998,0.76450041283,0.38350020709000004,0.6782003662280001,0.853400460836,0.88900048006,0.6375003442499999,0.523200282528,0.523200282528,0.431800233172,0.36070019477799997,0.34540018651599996,0.38350020709000004,0.754400407376,0.863600466344,0.36580019753200005,0.617200333288,0.723900390906,0.43690023592599997,1.0998005938920001,0.40890022080599997,0.5613003031020001,0.6985003771899999,0.37850020439,0.5639003045059999,1.08200058428,0.5258002839320001,0.883900477306,0.660400356616,0.42420022906800003,0.546100294894,0.967700522558,0.749300404622,0.607100327834,,0.21080011383199998,0.3734202016468,0.421650227691,0.6314811920634894,0.607100327834,0.759450410103,0.966200521748,1.254800677592,2023-04-19
04-20,4,20,0.6528003525120001,0.9576005171040001,0.41910022631399996,0.998200539028,0.744200401868,0.914400493776,0.54100029214,1.254800677592,0.398800215352,0.340400183816,0.6807003675779999,0.406400219456,0.469900253746,0.218400117936,0.777200419688,0.373400201636,0.6909003730859999,0.8915004814099999,0.871200470448,0.6375003442499999,0.50550027297,0.5309002866860001,0.431800233172,0.368300198882,0.3480001879199999,0.398800215352,0.7696004155839999,0.866100467694,0.375900202986,0.617200333288,0.716300386802,0.426700230418,1.104900596646,0.416600224964,0.57400030996,0.6909003730859999,0.373400201636,0.56900030726,1.07700058158,0.5258002839320001,0.883900477306,0.660400356616,0.434300234522,0.543600293544,0.9703005239620001,0.746800403272,0.607100327834,,0.218400117936,0.373400201636,0.42290022836599994,0.6334365122682979,0.607100327834,0.773400417636,0.9626805198472,1.254800677592,2023-04-20
04-21,4,21,0.6528003525120001,0.9474005115959999,0.41910022631399996,0.998200539028,0.744200401868,0.914400493776,0.548600296244,1.259800680292,0.396200213948,0.3480001879199999,0.6782003662280001,0.398800215352,0.46480025099199995,0.22100011934000002,0.7696004155839999,0.36320019612800003,0.693400374436,0.896600484164,0.8738004718519999,0.642600347004,0.5156002784239999,0.53850029079,0.44700024137999994,0.38350020709000004,0.3480001879199999,0.40890022080599997,0.777200419688,0.868700469098,0.375900202986,0.617200333288,0.7036003799439999,0.41150022221,1.1278006090119999,0.42420022906800003,0.576600311364,0.6807003675779999,0.36320019612800003,0.584200315468,1.087100587034,0.528300285282,0.883900477306,0.660400356616,0.434300234522,0.543600293544,0.9779005280659999,0.744200401868,0.60450032643,,0.22100011934000002,0.37082020024280005,0.421650227691,0.635047151435915,0.60450032643,0.773400417636,0.9596005181839998,1.259800680292,2023-04-21
04-22,4,22,0.6528003525120001,0.939800507492,0.41910022631399996,0.998200539028,0.746800403272,0.914400493776,0.553700298998,1.259800680292,0.375900202986,0.37080020023200005,0.670600362124,0.391200211248,0.472400255096,0.22100011934000002,0.76200041148,0.355600192024,0.693400374436,0.9093004910220001,0.8865004787099999,0.640100345654,0.520700281178,0.5334002880359999,0.462300249642,0.388600209844,0.34290018516599996,0.426700230418,0.7798004210920001,0.8560004622399999,0.375900202986,0.617200333288,0.6985003771899999,0.40890022080599997,1.137900614466,0.42420022906800003,0.5791003127139999,0.670600362124,0.3480001879199999,0.5791003127139999,1.087100587034,0.528300285282,0.8865004787099999,0.6655003593699998,0.44200023868000005,0.535900289386,0.990600534924,0.7391003991139999,0.599400323676,,0.22100011934000002,0.37386020188440006,0.425450229743,0.6352684281511489,0.599400323676,0.770900416286,0.9601205184648,1.259800680292,2023-04-22
04-23,4,23,0.6528003525120001,0.939800507492,0.41910022631399996,0.998200539028,0.746800403272,0.916900495126,0.566400305856,1.259800680292,0.3480001879199999,0.391200211248,0.6477003497580001,0.393700212598,0.4750002565,0.218400117936,0.7569004087260001,0.340400183816,0.6985003771899999,0.9093004910220001,0.904200488268,0.6350003429000001,0.528300285282,0.5334002880359999,0.46740025239599997,0.388600209844,0.36320019612800003,0.43690023592599997,0.787400425196,0.8560004622399999,0.386100208494,0.617200333288,0.6909003730859999,0.42160022766399996,1.137900614466,0.41150022221,0.5817003141179999,0.6680003607200001,0.332700179658,0.5613003031020001,1.087100587034,0.50550027297,0.8992004855679999,0.6655003593699998,0.44200023868000005,0.5588003017519999,0.990600534924,0.73150039501,0.589300318222,,0.218400117936,0.37694020354760005,0.429250231795,0.6352705558118723,0.589300318222,0.7721504169610001,0.9601205184648,1.259800680292,2023-04-23
04-24,4,24,0.6553003538619999,0.937300506142,0.41910022631399996,0.998200539028,0.746800403272,0.924600499284,0.57400030996,1.259800680292,0.335300181062,0.40890022080599997,0.640100345654,0.391200211248,0.480100259254,0.22350012068999997,0.7569004087260001,0.330200178308,0.711200384048,0.914400493776,0.937300506142,0.627400338796,0.53850029079,0.535900289386,0.46740025239599997,0.38350020709000004,0.36320019612800003,0.434300234522,0.7899004265460001,0.845800456732,0.393700212598,0.617200333288,0.6807003675779999,0.439400237276,1.14300061722,0.40130021670199995,0.5817003141179999,0.6655003593699998,0.3200001728,0.535900289386,1.092200589788,0.482600260604,0.9093004910220001,0.662900357966,0.44200023868000005,0.57400030996,0.990600534924,0.7036003799439999,0.5791003127139999,,0.22350012068999997,0.37538020270520006,0.436850235899,0.6349960875785532,0.5817003141179999,0.7734004176360001,0.9586205176547999,1.259800680292,2023-04-24
04-25,4,25,0.6553003538619999,0.939800507492,0.41910022631399996,0.9957005376779999,0.746800403272,0.924600499284,0.57400030996,1.280200691308,0.330200178308,0.41150022221,0.627400338796,0.40390021810599996,0.482600260604,0.231100124794,0.76450041283,0.32770017695799997,0.713700385398,0.916900495126,0.937300506142,0.6325003415499999,0.5512002976479999,0.543600293544,0.462300249642,0.38100020574,0.35310019067400006,0.434300234522,0.7950004293,0.85850046359,0.38100020574,0.617200333288,0.6807003675779999,0.44450024003,1.14300061722,0.391200211248,0.5817003141179999,0.660400356616,0.312400168696,0.546100294894,1.104900596646,0.46740025239599997,0.911900492426,0.660400356616,0.439400237276,0.57400030996,1.008400544536,0.6858003703319999,0.566400305856,,0.231100124794,0.36984019971360005,0.436850235899,0.6355450240451914,0.5817003141179999,0.779750421065,0.9621605195663998,1.280200691308,2023-04-25
04-26,4,26,0.6553003538619999,0.937300506142,0.41910022631399996,0.993100536274,0.749300404622,0.924600499284,0.57400030996,1.30300070362,0.32510017555399995,0.41910022631399996,0.629900340146,0.40890022080599997,0.500400270216,0.215900116586,0.772200416988,0.32510017555399995,0.723900390906,0.91950049653,0.937300506142,0.6375003442499999,0.5639003045059999,0.5512002976479999,0.452100244134,0.373400201636,0.34290018516599996,0.434300234522,0.797600430704,0.85850046359,0.36320019612800003,0.6375003442499999,0.693400374436,0.452100244134,1.163300628182,0.373400201636,0.5791003127139999,0.6553003538619999,0.312400168696,0.553700298998,1.11250060075,0.44450024003,0.911900492426,0.657900355266,0.434300234522,0.57400030996,1.026200554148,0.6680003607200001,0.548600296244,,0.215900116586,0.3550801917432,0.434300234522,0.6362918329591064,0.5791003127139999,0.784900423846,0.9596205181947999,1.30300070362,2023-04-26
04-27,4,27,0.6553003538619999,0.934700504738,0.42160022766399996,0.9779005280659999,0.751800405972,0.924600499284,0.5791003127139999,1.308100706374,0.32510017555399995,0.426700230418,0.6502003511079999,0.41400022355999994,0.518200279828,0.20070010837799998,0.76450041283,0.337800182412,0.723900390906,0.91950049653,0.937300506142,0.642600347004,0.56900030726,0.5334002880359999,0.439400237276,0.358100193374,0.335300181062,0.429300231822,0.79250042795,0.85850046359,0.35050018927,0.6375003442499999,0.6960003758399999,0.44700024137999994,1.163300628182,0.36070019477799997,0.576600311364,0.670600362124,0.3150001701,0.57400030996,1.1278006090119999,0.42420022906800003,0.914400493776,0.6502003511079999,0.44700024137999994,0.5639003045059999,1.026200554148,0.660400356616,0.535900289386,,0.20070010837799998,0.3454201865268,0.42800023111999996,0.6355386410630213,0.5791003127139999,0.77850042039,0.9535405149115999,1.308100706374,2023-04-27
04-28,4,28,0.657900355266,0.934700504738,0.42160022766399996,0.962700519858,0.754400407376,0.924600499284,0.5791003127139999,1.3106007077239998,0.309900167346,0.426700230418,0.657900355266,0.434300234522,0.528300285282,0.18030009736199998,0.76450041283,0.34540018651599996,0.723900390906,0.92200049788,0.937300506142,0.642600347004,0.584200315468,0.5258002839320001,0.426700230418,0.37080020023200005,0.3200001728,0.416600224964,0.800100432054,0.85850046359,0.322600174204,0.6375003442499999,0.693400374436,0.43690023592599997,1.168400630936,0.355600192024,0.57400030996,0.670600362124,0.3200001728,0.586700316818,1.14300061722,0.398800215352,0.904200488268,0.640100345654,0.44700024137999994,0.543600293544,1.0160005486400001,0.670600362124,0.5258002839320001,,0.18030009736199998,0.3362801815912,0.426700230418,0.6335365123222979,0.586700316818,0.782300422442,0.9474605116284,1.3106007077239998,2023-04-28
04-29,4,29,0.657900355266,0.9296005019839999,0.41910022631399996,0.9550005156999999,0.76200041148,0.924600499284,0.5791003127139999,1.3106007077239998,0.297200160488,0.42420022906800003,0.6680003607200001,0.46740025239599997,0.5309002866860001,0.1600000864,0.76450041283,0.36320019612800003,0.7264003922560001,0.92200049788,0.9423005088420001,0.640100345654,0.607100327834,0.5080002743200001,0.406400219456,0.37850020439,0.3150001701,0.38350020709000004,0.815300440262,0.85850046359,0.292100157734,0.6375003442499999,0.6782003662280001,0.44960024278399996,1.201400648756,0.358100193374,0.5639003045059999,0.670600362124,0.302300163242,0.586700316818,1.14550061857,0.386100208494,0.8915004814099999,0.619800334692,0.44700024137999994,0.5334002880359999,1.008400544536,0.6731003634739999,0.523200282528,,0.1600000864,0.3408601840644,0.421650227691,0.6315918304211063,0.607100327834,0.789900426546,0.9473805115852,1.3106007077239998,2023-04-29
04-30,4,30,0.657900355266,0.9271005006340001,0.41400022355999994,0.9474005115959999,0.7696004155839999,0.937300506142,0.5791003127139999,1.3132007091279998,0.28190015222599996,0.42420022906800003,0.6731003634739999,0.46740025239599997,0.53850029079,0.13970007543799998,0.76450041283,0.36320019612800003,0.749300404622,0.9271005006340001,0.9550005156999999,0.624800337392,0.629900340146,0.492800266112,0.391200211248,0.368300198882,0.3150001701,0.373400201636,0.815300440262,0.853400460836,0.271800146772,0.624800337392,0.6680003607200001,0.46480025099199995,1.2040006501599998,0.355600192024,0.556300300402,0.670600362124,0.26920014536799997,0.586700316818,1.14550061857,0.38100020574,0.883900477306,0.607100327834,0.416600224964,0.5309002866860001,0.998200539028,0.670600362124,0.5105002756699999,,0.13970007543799998,0.33936018325440004,0.415300224262,0.6278662964944255,0.607100327834,0.792450427923,0.9504405132375999,1.3132007091279998,2023-04-30
05-01,5,1,0.660400356616,0.9271005006340001,0.393700212598,0.9423005088420001,0.777200419688,0.937300506142,0.57400030996,1.318300711882,0.28190015222599996,0.41150022221,0.6731003634739999,0.46740025239599997,0.5309002866860001,0.12450006723,0.777200419688,0.36070019477799997,0.7595004101299999,0.9296005019839999,0.962700519858,0.607100327834,0.640100345654,0.490200264708,0.36580019753200005,0.340400183816,0.3150001701,0.388600209844,0.82300044442,0.8433004553819999,0.25400013716000003,0.614700331938,0.6477003497580001,0.48770026335800004,1.201400648756,0.3480001879199999,0.5512002976479999,0.670600362124,0.248900134406,0.589300318222,1.137900614466,0.393700212598,0.8992004855679999,0.586700316818,0.386100208494,0.5309002866860001,0.98300053082,0.6807003675779999,0.518200279828,,0.12450006723,0.3302401783296,0.393700212598,0.6245258691586809,0.589300318222,0.8001004320539999,0.9504605132484001,1.318300711882,2023-05-01
05-02,5,2,0.660400356616,0.914400493776,0.388600209844,0.934700504738,0.787400425196,0.944900510246,0.553700298998,1.320800713232,0.28450015363,0.40890022080599997,0.670600362124,0.46740025239599997,0.520700281178,0.106700057618,0.787400425196,0.36580019753200005,0.79250042795,0.92200049788,0.9754005267160001,0.596900322326,0.642600347004,0.48770026335800004,0.3480001879199999,0.335300181062,0.312400168696,0.38350020709000004,0.8255004457699999,0.82300044442,0.236200127548,0.619800334692,0.640100345654,0.5029002715659999,1.198900647406,0.32510017555399995,0.556300300402,0.660400356616,0.22350012068999997,0.591800319572,1.1303006103620001,0.386100208494,0.904200488268,0.57150030861,0.36070019477799997,0.528300285282,0.950000513,0.6807003675779999,0.492800266112,,0.106700057618,0.3200201728108,0.387350209169,0.6196024622447234,0.591800319572,0.807750436185,0.9469405113475999,1.320800713232,2023-05-02
05-03,5,3,0.657900355266,0.9093004910220001,0.398800215352,0.934700504738,0.787400425196,0.9474005115959999,0.535900289386,1.3233007145819997,0.28450015363,0.429300231822,0.662900357966,0.46480025099199995,0.535900289386,0.09140004935599999,0.767100414234,0.358100193374,0.8077004361579999,0.916900495126,0.9754005267160001,0.584200315468,0.662900357966,0.462300249642,0.340400183816,0.3200001728,0.302300163242,0.35310019067400006,0.8331004498739999,0.8052004348080001,0.215900116586,0.624800337392,0.662900357966,0.5105002756699999,1.2065006515099999,0.31750017145000003,0.5512002976479999,0.657900355266,0.198100106974,0.594400320976,1.125200607608,0.386100208494,0.904200488268,0.543600293544,0.35310019067400006,0.50550027297,0.911900492426,0.6731003634739999,0.469900253746,,0.09140004935599999,0.3114201681668,0.392450211923,0.6141386295070212,0.584200315468,0.806450435483,0.9397805074812,1.3233007145819997,2023-05-03
05-04,5,4,0.657900355266,0.901700486918,0.406400219456,0.932200503388,0.7899004265460001,0.9474005115959999,0.5334002880359999,1.328400717336,0.28450015363,0.43690023592599997,0.6553003538619999,0.459700248238,0.5512002976479999,0.08380004525200001,0.7595004101299999,0.36070019477799997,0.8077004361579999,0.911900492426,0.95250051435,0.56900030726,0.6858003703319999,0.44200023868000005,0.340400183816,0.3150001701,0.30730016594200005,0.322600174204,0.8306004485240001,0.7899004265460001,0.22350012068999997,0.624800337392,0.675600364824,0.5156002784239999,1.2116006542639999,0.28960015638400005,0.548600296244,0.629900340146,0.17270009325799998,0.594400320976,1.120100604854,0.396200213948,0.904200488268,0.5309002866860001,0.34290018516599996,0.492800266112,0.871200470448,0.6680003607200001,0.44960024278399996,,0.08380004525200001,0.30022016211880004,0.401300216702,0.6090599033602553,0.56900030726,0.7988004313520001,0.9382805066711999,1.328400717336,2023-05-04
05-05,5,5,0.657900355266,0.894100482814,0.406400219456,0.9296005019839999,0.7950004293,0.965200521208,0.5029002715659999,1.3462007269479999,0.276900149526,0.434300234522,0.6477003497580001,0.44960024278399996,0.553700298998,0.06100003294,0.76450041283,0.35050018927,0.810300437562,0.906800489672,0.937300506142,0.56900030726,0.7061003812939999,0.41910022631399996,0.337800182412,0.302300163242,0.32770017695799997,0.292100157734,0.8280004471199999,0.7950004293,0.231100124794,0.624800337392,0.670600362124,0.518200279828,1.20900065286,0.271800146772,0.5334002880359999,0.607100327834,0.16760009050400002,0.584200315468,1.1176006035039998,0.368300198882,0.896600484164,0.5309002866860001,0.32510017555399995,0.492800266112,0.840700453978,0.6731003634739999,0.434300234522,,0.06100003294,0.28602015445080003,0.387350209169,0.6034939429078298,0.56900030726,0.8026504334310001,0.9326805036471999,1.3462007269479999,2023-05-05
05-06,5,6,0.660400356616,0.88900048006,0.406400219456,0.914400493776,0.797600430704,0.967700522558,0.490200264708,1.3564007324560001,0.25400013716000003,0.429300231822,0.629900340146,0.439400237276,0.553700298998,0.040600021923999995,0.777200419688,0.34290018516599996,0.810300437562,0.894100482814,0.937300506142,0.5613003031020001,0.708700382698,0.396200213948,0.32770017695799997,0.294600159084,0.332700179658,0.259100139914,0.8331004498739999,0.79250042795,0.236200127548,0.614700331938,0.660400356616,0.518200279828,1.1963006460019998,0.259100139914,0.5105002756699999,0.5791003127139999,0.152400082296,0.566400305856,1.092200589788,0.335300181062,0.8738004718519999,0.5334002880359999,0.30730016594200005,0.46740025239599997,0.8382004526279999,0.6528003525120001,0.431800233172,,0.040600021923999995,0.259100139914,0.36955019955699997,0.594089682510383,0.5613003031020001,0.8039504341329999,0.9235604987224,1.3564007324560001,2023-05-06
05-07,5,7,0.6655003593699998,0.894100482814,0.40890022080599997,0.8433004553819999,0.812800438912,0.9728005253119999,0.47750025784999994,1.379200744768,0.231100124794,0.416600224964,0.57150030861,0.41150022221,0.553700298998,0.020300010961999997,0.8077004361579999,0.31750017145000003,0.8179004416659998,0.878800474552,0.937300506142,0.556300300402,0.711200384048,0.38350020709000004,0.312400168696,0.26420014266799996,0.335300181062,0.23880012895200003,0.8331004498739999,0.787400425196,0.23370012619799999,0.607100327834,0.645200348408,0.5156002784239999,1.181100637794,0.248900134406,0.497800268812,0.5639003045059999,0.152400082296,0.543600293544,1.07950058293,0.309900167346,0.8560004622399999,0.528300285282,0.276900149526,0.42160022766399996,0.845800456732,0.660400356616,0.416600224964,,0.020300010961999997,0.24486013222440003,0.359400194076,0.58350031509,0.553700298998,0.815350440289,0.9113804921451999,1.379200744768,2023-05-07
05-08,5,8,0.670600362124,0.894100482814,0.40890022080599997,0.840700453978,0.812800438912,0.9754005267160001,0.44700024137999994,1.379200744768,0.20570011107800001,0.439400237276,0.5156002784239999,0.40890022080599997,0.556300300402,0.00250000135,0.810300437562,0.302300163242,0.8179004416659998,0.861100464994,0.91950049653,0.54100029214,0.708700382698,0.37080020023200005,0.294600159084,0.261600141264,0.3480001879199999,0.213400115236,0.8357004512780001,0.7696004155839999,0.23370012619799999,0.586700316818,0.6325003415499999,0.5156002784239999,1.168400630936,0.231100124794,0.490200264708,0.5639003045059999,0.149900080946,0.5309002866860001,1.056600570564,0.27940015087599995,0.853400460836,0.50550027297,0.246400133056,0.391200211248,0.8484004581360001,0.675600364824,0.40390021810599996,,0.00250000135,0.23266012563639998,0.359400194076,0.5739343524775744,0.5309002866860001,0.815350440289,0.9042604883004,1.379200744768,2023-05-08
05-09,5,9,0.670600362124,0.894100482814,0.41910022631399996,0.8280004471199999,0.812800438912,0.9754005267160001,0.426700230418,1.386800748872,0.19050010287,0.44700024137999994,0.459700248238,0.41910022631399996,0.546100294894,0.0,0.8204004430159999,0.28700015498,0.8179004416659998,0.8484004581360001,0.896600484164,0.523200282528,0.7036003799439999,0.38100020574,0.26670014401799996,0.25150013581,0.358100193374,0.19050010287,0.8357004512780001,0.7595004101299999,0.215900116586,0.57400030996,0.624800337392,0.5080002743200001,1.17350063369,0.218400117936,0.490200264708,0.566400305856,0.14480007819200003,0.5334002880359999,1.026200554148,0.248900134406,0.853400460836,0.48510026195399997,0.24380013165199996,0.38350020709000004,0.8484004581360001,0.6985003771899999,0.38350020709000004,,0.0,0.21740011739600001,0.36955019955699997,0.5667386039110213,0.523200282528,0.8191504423409999,0.8951004833539999,1.386800748872,2023-05-09
05-10,5,10,0.670600362124,0.906800489672,0.41910022631399996,0.815300440262,0.815300440262,0.9754005267160001,0.426700230418,1.4021007571339998,0.17270009325799998,0.452100244134,0.434300234522,0.41150022221,0.553700298998,0.0,0.815300440262,0.276900149526,0.8179004416659998,0.8433004553819999,0.876300473202,0.5105002756699999,0.711200384048,0.37850020439,0.241300130302,0.228600123444,0.37080020023200005,0.16260008780399998,0.8280004471199999,0.751800405972,0.18800010152,0.576600311364,0.596900322326,0.50550027297,1.1887006418980002,0.195600105624,0.469900253746,0.591800319572,0.16760009050400002,0.5512002976479999,1.003300541782,0.21080011383199998,0.868700469098,0.46740025239599997,0.24380013165199996,0.38350020709000004,0.8357004512780001,0.6985003771899999,0.35050018927,,0.0,0.1925601039824,0.360650194751,0.5609066858681702,0.5105002756699999,0.815300440262,0.8885004797899999,1.4021007571339998,2023-05-10
05-11,5,11,0.662900357966,0.906800489672,0.42160022766399996,0.815300440262,0.82300044442,0.9754005267160001,0.44700024137999994,1.4148007639920002,0.1600000864,0.452100244134,0.393700212598,0.393700212598,0.566400305856,0.007600004103999999,0.797600430704,0.25650013851000003,0.8179004416659998,0.8331004498739999,0.8484004581360001,0.5105002756699999,0.711200384048,0.368300198882,0.22100011934000002,0.228600123444,0.373400201636,0.137200074088,0.8738004718519999,0.7391003991139999,0.1600000864,0.57400030996,0.5791003127139999,0.500400270216,1.198900647406,0.175300094662,0.44700024137999994,0.596900322326,0.16760009050400002,0.556300300402,0.965200521208,0.19300010422,0.866100467694,0.46740025239599997,0.25400013716000003,0.355600192024,0.8179004416659998,0.70100037854,0.3200001728,,0.007600004103999999,0.1722200929988,0.337800182412,0.554310937625617,0.5105002756699999,0.816600440964,0.8870004789799999,1.4148007639920002,2023-05-11
05-12,5,12,0.662900357966,0.906800489672,0.42160022766399996,0.815300440262,0.840700453978,0.9550005156999999,0.459700248238,1.422400768096,0.149900080946,0.416600224964,0.373400201636,0.398800215352,0.56900030726,0.0,0.787400425196,0.23880012895200003,0.8484004581360001,0.815300440262,0.8179004416659998,0.520700281178,0.711200384048,0.36580019753200005,0.195600105624,0.228600123444,0.37080020023200005,0.106700057618,0.8865004787099999,0.7061003812939999,0.12190006582599998,0.56900030726,0.543600293544,0.5156002784239999,1.198900647406,0.149900080946,0.42420022906800003,0.586700316818,0.1600000864,0.546100294894,0.937300506142,0.195600105624,0.8382004526279999,0.426700230418,0.24380013165199996,0.3200001728,0.797600430704,0.7061003812939999,0.292100157734,,0.0,0.1559600842184,0.306050165267,0.5439407192597446,0.520700281178,0.806450435483,0.8946204830947999,1.422400768096,2023-05-12
05-13,5,13,0.660400356616,0.904200488268,0.42160022766399996,0.815300440262,0.8433004553819999,0.9271005006340001,0.459700248238,1.4199007667459997,0.13970007543799998,0.38100020574,0.36580019753200005,0.40130021670199995,0.57150030861,0.0,0.7747004183380001,0.228600123444,0.8560004622399999,0.79250042795,0.7899004265460001,0.513100277074,0.716300386802,0.373400201636,0.175300094662,0.21080011383199998,0.36320019612800003,0.114300061722,0.8915004814099999,0.6553003538619999,0.09400005076,0.54100029214,0.5156002784239999,0.5156002784239999,1.1963006460019998,0.12190006582599998,0.388600209844,0.591800319572,0.149900080946,0.548600296244,0.911900492426,0.203200109728,0.7798004210920001,0.398800215352,0.213400115236,0.3200001728,0.787400425196,0.70100037854,0.261600141264,,0.0,0.14582007874279998,0.290800157032,0.5320449681551914,0.5156002784239999,0.783600423144,0.8965804841531999,1.4199007667459997,2023-05-13
05-14,5,14,0.6528003525120001,0.901700486918,0.42160022766399996,0.812800438912,0.845800456732,0.876300473202,0.459700248238,1.3818007461719999,0.12190006582599998,0.35050018927,0.391200211248,0.40390021810599996,0.546100294894,0.0,0.76200041148,0.21080011383199998,0.866100467694,0.76450041283,0.76450041283,0.5258002839320001,0.73150039501,0.388600209844,0.16260008780399998,0.175300094662,0.358100193374,0.114300061722,0.883900477306,0.609600329184,0.058400031536,0.546100294894,0.50550027297,0.518200279828,1.1887006418980002,0.09910005351399999,0.358100193374,0.589300318222,0.13970007543799998,0.5258002839320001,0.871200470448,0.203200109728,0.7264003922560001,0.37080020023200005,0.17270009325799998,0.292100157734,0.76200041148,0.6858003703319999,0.25150013581,,0.0,0.13258007159319998,0.27180014677200004,0.5180492159166383,0.518200279828,0.76200041148,0.8732404715495999,1.3818007461719999,2023-05-14
05-15,5,15,0.642600347004,0.901700486918,0.42160022766399996,0.812800438912,0.8509004594859999,0.840700453978,0.459700248238,1.3589007338060002,0.106700057618,0.330200178308,0.37850020439,0.40130021670199995,0.543600293544,0.0,0.73150039501,0.18800010152,0.866100467694,0.7341003964139999,0.7341003964139999,0.528300285282,0.73150039501,0.37850020439,0.13210007133399998,0.154900083646,0.34540018651599996,0.116800063072,0.8738004718519999,0.56900030726,0.027900015065999997,0.546100294894,0.459700248238,0.5258002839320001,1.1760006350399999,0.073700039798,0.337800182412,0.586700316818,0.12950006993,0.490200264708,0.861100464994,0.19050010287,0.693400374436,0.36070019477799997,0.149900080946,0.246400133056,0.7391003991139999,0.6731003634739999,0.24380013165199996,,0.0,0.1244200671868,0.24510013235399997,0.5030789950667659,0.490200264708,0.732800395712,0.8631004660739999,1.3589007338060002,2023-05-15
05-16,5,16,0.617200333288,0.896600484164,0.42160022766399996,0.812800438912,0.863600466344,0.8052004348080001,0.459700248238,1.353800731052,0.086400046656,0.302300163242,0.38100020574,0.40130021670199995,0.543600293544,0.0,0.708700382698,0.17270009325799998,0.868700469098,0.7061003812939999,0.7036003799439999,0.5334002880359999,0.73150039501,0.358100193374,0.109200058968,0.12190006582599998,0.32770017695799997,0.104100056214,0.861100464994,0.535900289386,0.010200005508000001,0.5309002866860001,0.426700230418,0.523200282528,1.168400630936,0.045700024677999995,0.3150001701,0.56900030726,0.147300079542,0.44960024278399996,0.8433004553819999,0.170200091908,0.6680003607200001,0.34290018516599996,0.12450006723,0.203200109728,0.718800388152,0.6477003497580001,0.24380013165199996,,0.0,0.1071600578664,0.22350012068999997,0.4880045188414468,0.459700248238,0.707400381996,0.862100465534,1.353800731052,2023-05-16
05-17,5,17,0.553700298998,0.88900048006,0.434300234522,0.812800438912,0.8738004718519999,0.800100432054,0.44450024003,1.3513007297019999,0.06350003429000001,0.26420014266799996,0.37080020023200005,0.391200211248,0.528300285282,0.0,0.693400374436,0.16260008780399998,0.868700469098,0.670600362124,0.6807003675779999,0.523200282528,0.73150039501,0.3480001879199999,0.08130004390199999,0.111800060372,0.302300163242,0.08130004390199999,0.853400460836,0.500400270216,0.0,0.5105002756699999,0.396200213948,0.513100277074,1.1760006350399999,0.020300010961999997,0.297200160488,0.5512002976479999,0.17270009325799998,0.44200023868000005,0.8382004526279999,0.14220007678799998,0.6502003511079999,0.335300181062,0.09650005211,0.1600000864,0.6985003771899999,0.629900340146,0.241300130302,,0.0,0.08130004390199999,0.20700011178,0.4735747238153191,0.44450024003,0.687050371007,0.8595204641408,1.3513007297019999,2023-05-17
05-18,5,18,0.591800319572,0.871200470448,0.44700024137999994,0.812800438912,0.8738004718519999,0.7798004210920001,0.426700230418,1.348700728298,0.06350003429000001,0.23370012619799999,0.3480001879199999,0.355600192024,0.50550027297,0.0,0.6833003689820001,0.16260008780399998,0.863600466344,0.624800337392,0.657900355266,0.500400270216,0.7264003922560001,0.35050018927,0.053300028782,0.08130004390199999,0.294600159084,0.0,0.853400460836,0.46480025099199995,0.0,0.47750025784999994,0.36070019477799997,0.497800268812,1.1887006418980002,0.012700006858,0.28700015498,0.497800268812,0.18030009736199998,0.44700024137999994,0.845800456732,0.116800063072,0.6528003525120001,0.312400168696,0.078700042498,0.12450006723,0.6858003703319999,0.594400320976,0.241300130302,,0.0,0.05942003208680001,0.20700011178,0.4590853542889361,0.44700024137999994,0.670600362124,0.8574804630392,1.348700728298,2023-05-18
05-19,5,19,0.5791003127139999,0.85850046359,0.452100244134,0.812800438912,0.8865004787099999,0.744200401868,0.41400022355999994,1.343700725598,0.068600037044,0.228600123444,0.304800164592,0.35310019067400006,0.497800268812,0.0,0.645200348408,0.14480007819200003,0.863600466344,0.589300318222,0.627400338796,0.4750002565,0.711200384048,0.322600174204,0.03300001782,0.053300028782,0.276900149526,0.0,0.8433004553819999,0.426700230418,0.0,0.439400237276,0.322600174204,0.495300267462,1.2065006515099999,0.0,0.28960015638400005,0.452100244134,0.177800096012,0.439400237276,0.8509004594859999,0.101600054864,0.6528003525120001,0.292100157734,0.050800027432,0.086400046656,0.6680003607200001,0.584200315468,0.241300130302,,0.0,0.04368002358720001,0.203200109728,0.4448278997814042,0.439400237276,0.64900035046,0.8539404611275999,1.343700725598,2023-05-19
05-20,5,20,0.5613003031020001,0.845800456732,0.452100244134,0.812800438912,0.88900048006,0.718800388152,0.406400219456,1.3310007187399997,0.068600037044,0.22350012068999997,0.274300148122,0.335300181062,0.472400255096,0.0,0.624800337392,0.137200074088,0.85850046359,0.5791003127139999,0.6020003250799999,0.454700245538,0.6960003758399999,0.322600174204,0.0,0.017800009611999998,0.259100139914,0.0,0.8077004361579999,0.393700212598,0.0,0.40130021670199995,0.297200160488,0.495300267462,1.229400663876,0.0,0.292100157734,0.416600224964,0.177800096012,0.429300231822,0.8509004594859999,0.08130004390199999,0.670600362124,0.26420014266799996,0.03300001782,0.06600003564,0.6502003511079999,0.5588003017519999,0.241300130302,,0.0,0.010680005767200008,0.200650108351,0.431910871529617,0.406400219456,0.63750034425,0.8478404578336,1.3310007187399997,2023-05-20
05-21,5,21,0.523200282528,0.8255004457699999,0.452100244134,0.812800438912,0.8865004787099999,0.6782003662280001,0.398800215352,1.3132007091279998,0.068600037044,0.20070010837799998,0.22350012068999997,0.332700179658,0.43690023592599997,0.0,0.607100327834,0.12700006858000001,0.8560004622399999,0.57150030861,0.596900322326,0.431800233172,0.6782003662280001,0.304800164592,0.0,0.0,0.231100124794,0.0,0.76200041148,0.36580019753200005,0.0,0.36070019477799997,0.276900149526,0.48510026195399997,1.234400666576,0.0,0.26920014536799997,0.38350020709000004,0.20070010837799998,0.398800215352,0.8484004581360001,0.06350003429000001,0.675600364824,0.231100124794,0.015200008207999998,0.06600003564,0.619800334692,0.523200282528,0.228600123444,,0.0,0.0,0.20070010837799998,0.41628958649838305,0.38350020709000004,0.613450331263,0.8346604507163999,1.3132007091279998,2023-05-21
05-22,5,22,0.497800268812,0.810300437562,0.469900253746,0.812800438912,0.878800474552,0.6477003497580001,0.388600209844,1.3056007050240002,0.068600037044,0.16760009050400002,0.19050010287,0.297200160488,0.41150022221,0.0,0.586700316818,0.104100056214,0.8433004553819999,0.56900030726,0.56900030726,0.43690023592599997,0.660400356616,0.28190015222599996,0.0,0.017800009611999998,0.195600105624,0.0,0.713700385398,0.335300181062,0.0,0.332700179658,0.25150013581,0.480100259254,1.231900665226,0.0,0.246400133056,0.355600192024,0.203200109728,0.37080020023200005,0.85850046359,0.038100020574,0.6782003662280001,0.226100122094,0.015200008207999998,0.053300028782,0.60450032643,0.5334002880359999,0.16760009050400002,,0.0,0.009120004924800008,0.16760009050400002,0.4022917065991064,0.355600192024,0.595600321624,0.8250004455,1.3056007050240002,2023-05-22
05-23,5,23,0.482600260604,0.79250042795,0.469900253746,0.812800438912,0.878800474552,0.60450032643,0.38100020574,1.2954006995160001,0.068600037044,0.12950006993,0.149900080946,0.274300148122,0.38350020709000004,0.0,0.566400305856,0.078700042498,0.8306004485240001,0.546100294894,0.535900289386,0.43690023592599997,0.640100345654,0.25150013581,0.0,0.022900012366000002,0.165100089154,0.0,0.662900357966,0.3150001701,0.0,0.34290018516599996,0.231100124794,0.472400255096,1.231900665226,0.0,0.218400117936,0.31750017145000003,0.208300112482,0.386100208494,0.8433004553819999,0.025400013716,0.6833003689820001,0.20570011107800001,0.012700006858,0.040600021923999995,0.584200315468,0.5334002880359999,0.13970007543799998,,0.0,0.007620004114800007,0.13460007268399998,0.3883470182179149,0.34290018516599996,0.575300310662,0.8199204427568,1.2954006995160001,2023-05-23
05-24,5,24,0.469900253746,0.7747004183380001,0.469900253746,0.812800438912,0.8509004594859999,0.535900289386,0.36580019753200005,1.292900698166,0.068600037044,0.088900048006,0.11940006447600002,0.23880012895200003,0.37850020439,0.0,0.546100294894,0.053300028782,0.871200470448,0.518200279828,0.513100277074,0.429300231822,0.609600329184,0.22350012068999997,0.0,0.025400013716,0.12700006858000001,0.0,0.609600329184,0.30730016594200005,0.0,0.34540018651599996,0.213400115236,0.459700248238,1.277600689904,0.0,0.19300010422,0.304800164592,0.203200109728,0.398800215352,0.8052004348080001,0.0,0.708700382698,0.19050010287,0.017800009611999998,0.015200008207999998,0.553700298998,0.5309002866860001,0.109200058968,,0.0,0.0,0.099050053487,0.3750576493395319,0.34540018651599996,0.54100029214,0.8082404364496001,1.292900698166,2023-05-24
05-25,5,25,0.457200246888,0.767100414234,0.46480025099199995,0.8077004361579999,0.82300044442,0.48510026195399997,0.355600192024,1.264900683046,0.068600037044,0.050800027432,0.106700057618,0.241300130302,0.35050018927,0.0,0.520700281178,0.020300010961999997,0.876300473202,0.5156002784239999,0.518200279828,0.41910022631399996,0.57400030996,0.19050010287,0.0,0.015200008207999998,0.104100056214,0.0,0.566400305856,0.274300148122,0.0,0.35050018927,0.195600105624,0.472400255096,1.285200694008,0.0,0.16760009050400002,0.28450015363,0.20570011107800001,0.396200213948,0.767100414234,0.0,0.7214003895559999,0.18540010011600003,0.0,0.0,0.5334002880359999,0.50550027297,0.09400005076,,0.0,0.0,0.08130004390199999,0.3617555144968085,0.35050018927,0.519450280503,0.7833404230035999,1.285200694008,2023-05-25
05-26,5,26,0.42160022766399996,0.772200416988,0.452100244134,0.8077004361579999,0.8077004361579999,0.459700248238,0.335300181062,1.216700657018,0.073700039798,0.025400013716,0.088900048006,0.22100011934000002,0.335300181062,0.0,0.482600260604,0.00250000135,0.871200470448,0.520700281178,0.520700281178,0.388600209844,0.543600293544,0.170200091908,0.0,0.0,0.07110003839399999,0.0,0.5334002880359999,0.241300130302,0.0,0.35310019067400006,0.177800096012,0.46740025239599997,1.277600689904,0.0,0.137200074088,0.24380013165199996,0.195600105624,0.393700212598,0.741700400518,0.0,0.7264003922560001,0.170200091908,0.0,0.0,0.497800268812,0.5105002756699999,0.07110003839399999,,0.0,0.0,0.07110003839399999,0.34738529397093615,0.335300181062,0.5156002784239999,0.7864004246559999,1.277600689904,2023-05-26
05-27,5,27,0.368300198882,0.7798004210920001,0.406400219456,0.7899004265460001,0.7798004210920001,0.434300234522,0.299700161838,1.2040006501599998,0.088900048006,0.00250000135,0.053300028782,0.213400115236,0.322600174204,0.0,0.44960024278399996,0.0,0.871200470448,0.518200279828,0.523200282528,0.38100020574,0.513100277074,0.15750008505,0.0,0.0,0.040600021923999995,0.0,0.500400270216,0.20570011107800001,0.0,0.35310019067400006,0.154900083646,0.462300249642,1.254800677592,0.0,0.106700057618,0.208300112482,0.19050010287,0.391200211248,0.716300386802,0.0,0.716300386802,0.14480007819200003,0.007600004103999999,0.0,0.490200264708,0.523200282528,0.045700024677999995,,0.0,0.0,0.043150023301,0.33338954173238294,0.299700161838,0.506750273645,0.7798004210920001,1.254800677592,2023-05-27
05-28,5,28,0.297200160488,0.79250042795,0.368300198882,0.7899004265460001,0.751800405972,0.41400022355999994,0.261600141264,1.170900632286,0.08380004525200001,0.0,0.017800009611999998,0.18800010152,0.302300163242,0.0,0.43690023592599997,0.0,0.868700469098,0.5105002756699999,0.520700281178,0.36070019477799997,0.4750002565,0.14220007678799998,0.0,0.0,0.005100002754000001,0.0,0.454700245538,0.195600105624,0.0,0.36580019753200005,0.137200074088,0.434300234522,1.249700674838,0.010200005508000001,0.07110003839399999,0.16760009050400002,0.177800096012,0.40130021670199995,0.688300371682,0.0,0.7290003936599999,0.116800063072,0.010200005508000001,0.0,0.480100259254,0.513100277074,0.017800009611999998,,0.0,0.0,0.01400000756,0.3186916614551064,0.261600141264,0.477550257877,0.7670404142016001,1.249700674838,2023-05-28
05-29,5,29,0.28700015498,0.7950004293,0.335300181062,0.7747004183380001,0.7391003991139999,0.398800215352,0.22100011934000002,1.14550061857,0.058400031536,0.0,0.0,0.177800096012,0.292100157734,0.0,0.42420022906800003,0.0,0.861100464994,0.500400270216,0.5029002715659999,0.332700179658,0.431800233172,0.109200058968,0.0,0.0,0.0,0.0,0.41150022221,0.203200109728,0.0,0.36070019477799997,0.104100056214,0.393700212598,1.254800677592,0.017800009611999998,0.078700042498,0.13460007268399998,0.16760009050400002,0.386100208494,0.657900355266,0.0,0.7264003922560001,0.088900048006,0.0,0.00250000135,0.462300249642,0.497800268812,0.00250000135,,0.0,0.0,0.00250000135,0.3050661221824255,0.22100011934000002,0.447050241407,0.7533404068035999,1.254800677592,2023-05-29
05-30,5,30,0.259100139914,0.8052004348080001,0.30730016594200005,0.76200041148,0.723900390906,0.358100193374,0.195600105624,1.115100602154,0.03050001647,0.0,0.0,0.175300094662,0.26420014266799996,0.0,0.398800215352,0.0,0.853400460836,0.495300267462,0.480100259254,0.312400168696,0.41910022631399996,0.07110003839399999,0.0,0.0,0.0,0.0,0.38350020709000004,0.18030009736199998,0.0,0.3480001879199999,0.088900048006,0.38100020574,1.26750068445,0.00250000135,0.078700042498,0.104100056214,0.14480007819200003,0.36070019477799997,0.622300336042,0.0,0.723900390906,0.058400031536,0.0,0.017800009611999998,0.42160022766399996,0.47750025784999994,0.0,,0.0,0.0,0.001250000675,0.29123419981957444,0.195600105624,0.42035022698899993,0.7391403991355999,1.26750068445,2023-05-30
05-31,5,31,0.25650013851000003,0.8052004348080001,0.27940015087599995,0.7595004101299999,0.693400374436,0.337800182412,0.16760009050400002,1.074400580176,0.0,0.0,0.0,0.18540010011600003,0.26420014266799996,0.0,0.36320019612800003,0.0,0.845800456732,0.495300267462,0.434300234522,0.292100157734,0.38350020709000004,0.03050001647,0.0,0.0,0.0,0.0,0.37850020439,0.152400082296,0.0,0.3480001879199999,0.076200041148,0.3480001879199999,1.3106007077239998,0.0,0.06600003564,0.076200041148,0.114300061722,0.337800182412,0.57150030861,0.0,0.708700382698,0.022900012366000002,0.0,0.022900012366000002,0.386100208494,0.44700024137999994,0.0,,0.0,0.0,0.0,0.2773448306171915,0.18540010011600003,0.384800207792,0.7290203936707998,1.3106007077239998,2023-05-31
06-01,6,1,0.23880012895200003,0.8077004361579999,0.25650013851000003,0.744200401868,0.6782003662280001,0.32510017555399995,0.152400082296,1.038900561006,0.0,0.0,0.0,0.175300094662,0.26670014401799996,0.0,0.337800182412,0.0,0.8280004471199999,0.48510026195399997,0.391200211248,0.26420014266799996,0.393700212598,0.012700006858,0.0,0.0,0.0,0.0,0.35310019067400006,0.11940006447600002,0.0,0.332700179658,0.06600003564,0.31750017145000003,1.3106007077239998,0.0,0.040600021923999995,0.048300026082,0.086400046656,0.312400168696,0.5334002880359999,0.0,0.6985003771899999,0.0,0.0,0.022900012366000002,0.358100193374,0.416600224964,0.0,,0.0,0.0,0.0,0.2641065255961702,0.175300094662,0.374650202311,0.7167803870611998,1.3106007077239998,2023-06-01
06-02,6,2,0.218400117936,0.800100432054,0.23880012895200003,0.708700382698,0.6680003607200001,0.28190015222599996,0.149900080946,1.000800540432,0.0,0.0,0.0,0.18030009736199998,0.259100139914,0.0,0.322600174204,0.0,0.8179004416659998,0.480100259254,0.36070019477799997,0.23370012619799999,0.37850020439,0.005100002754000001,0.0,0.0,0.0,0.0,0.34540018651599996,0.08380004525200001,0.0,0.292100157734,0.045700024677999995,0.302300163242,1.30300070362,0.0,0.017800009611999998,0.012700006858,0.058400031536,0.276900149526,0.50550027297,0.0,0.6833003689820001,0.0,0.0,0.0,0.337800182412,0.393700212598,0.0,,0.0,0.0,0.0,0.25027673089404257,0.18030009736199998,0.35305019064699994,0.6934603744684,1.30300070362,2023-06-02
06-03,6,3,0.18800010152,0.787400425196,0.228600123444,0.6833003689820001,0.660400356616,0.248900134406,0.13210007133399998,0.9754005267160001,0.0,0.0,0.0,0.165100089154,0.25650013851000003,0.0,0.312400168696,0.0,0.7950004293,0.457200246888,0.337800182412,0.20570011107800001,0.37850020439,0.0,0.0,0.0,0.0,0.0,0.340400183816,0.050800027432,0.0,0.25650013851000003,0.03300001782,0.28190015222599996,1.280200691308,0.0,0.005100002754000001,0.0,0.017800009611999998,0.23880012895200003,0.452100244134,0.0,0.657900355266,0.0,0.0,0.0,0.32770017695799997,0.355600192024,0.0,,0.0,0.0,0.0,0.23638523403093617,0.165100089154,0.33910018311400003,0.6695603615624001,1.280200691308,2023-06-03
06-04,6,4,0.16260008780399998,0.7747004183380001,0.218400117936,0.642600347004,0.6375003442499999,0.23370012619799999,0.114300061722,0.937300506142,0.0,0.0,0.0,0.12950006993,0.25400013716000003,0.0,0.322600174204,0.0,0.79250042795,0.416600224964,0.27940015087599995,0.19050010287,0.37850020439,0.0,0.0,0.0,0.0,0.0,0.322600174204,0.03050001647,0.0,0.231100124794,0.005100002754000001,0.25150013581,1.2624006816959998,0.0,0.0,0.0,0.005100002754000001,0.20070010837799998,0.398800215352,0.0,0.6350003429000001,0.0,0.0,0.0,0.304800164592,0.3150001701,0.0,,0.0,0.0,0.0,0.22228309875621272,0.12950006993,0.31880017215199996,0.6395403453516,1.2624006816959998,2023-06-04
06-05,6,5,0.12950006993,0.767100414234,0.19050010287,0.6121003305339999,0.617200333288,0.215900116586,0.07110003839399999,0.878800474552,0.0,0.0,0.007600004103999999,0.09400005076,0.24380013165199996,0.0,0.312400168696,0.0,0.777200419688,0.375900202986,0.24380013165199996,0.195600105624,0.375900202986,0.0,0.0,0.0,0.0,0.0,0.309900167346,0.0,0.0,0.215900116586,0.0,0.215900116586,1.2421006707339999,0.0,0.0,0.0,0.0,0.1600000864,0.34540018651599996,0.0,0.607100327834,0.0,0.0,0.0,0.292100157734,0.297200160488,0.0,,0.0,0.0,0.0,0.20838309125021276,0.09400005076,0.303550163917,0.6141403316355999,1.2421006707339999,2023-06-05
06-06,6,6,0.09400005076,0.76200041148,0.152400082296,0.60450032643,0.609600329184,0.21080011383199998,0.048300026082,0.8357004512780001,0.0,0.0,0.0,0.055900030186,0.248900134406,0.0,0.309900167346,0.0,0.7595004101299999,0.332700179658,0.208300112482,0.195600105624,0.373400201636,0.0,0.0,0.0,0.0,0.0,0.274300148122,0.0,0.0,0.218400117936,0.0,0.175300094662,1.219200658368,0.0,0.0,0.0,0.0,0.116800063072,0.276900149526,0.0,0.56900030726,0.0,0.0,0.0,0.271800146772,0.25150013581,0.0,,0.0,0.0,0.0,0.19520648839017024,0.055900030186,0.27305014744699996,0.6065403275315999,1.219200658368,2023-06-06
06-07,6,7,0.06100003294,0.741700400518,0.09910005351399999,0.599400323676,0.586700316818,0.21080011383199998,0.022900012366000002,0.784900423846,0.0,0.0,0.0,0.015200008207999998,0.231100124794,0.0,0.31750017145000003,0.0,0.7391003991139999,0.294600159084,0.17270009325799998,0.18800010152,0.37080020023200005,0.0,0.0,0.0,0.0,0.0,0.271800146772,0.0,0.00250000135,0.215900116586,0.0,0.13460007268399998,1.178600636444,0.0,0.0,0.0,0.0,0.078700042498,0.226100122094,0.0,0.5512002976479999,0.0,0.0,0.0,0.236200127548,0.213400115236,0.0,,0.0,0.0,0.0,0.1817979705112766,0.022900012366000002,0.233650126171,0.5917803195611999,1.178600636444,2023-06-07
06-08,6,8,0.040600021923999995,0.660400356616,0.068600037044,0.5791003127139999,0.5613003031020001,0.213400115236,0.0,0.751800405972,0.0,0.0,0.0,0.0,0.20070010837799998,0.0,0.32510017555399995,0.0,0.7391003991139999,0.261600141264,0.149900080946,0.18540010011600003,0.355600192024,0.0,0.0,0.0,0.0,0.0,0.28450015363,0.0,0.0,0.20070010837799998,0.0,0.09650005211,1.1582006254279997,0.0,0.0,0.0,0.0,0.043200023328,0.170200091908,0.0,0.495300267462,0.010200005508000001,0.0,0.0,0.20570011107800001,0.17270009325799998,0.0,,0.0,0.0,0.0,0.1687192400445106,0.010200005508000001,0.209550113157,0.5684203069468,1.1582006254279997,2023-06-08
06-09,6,9,0.015200008207999998,0.6350003429000001,0.040600021923999995,0.548600296244,0.535900289386,0.218400117936,0.0,0.7264003922560001,0.0,0.0,0.0,0.0,0.16760009050400002,0.0,0.3200001728,0.0,0.746800403272,0.22100011934000002,0.13970007543799998,0.17270009325799998,0.32770017695799997,0.0,0.0,0.0,0.0,0.0,0.297200160488,0.0,0.0,0.203200109728,0.0,0.06600003564,1.1176006035039998,0.0,0.0,0.0,0.0,0.010200005508000001,0.13210007133399998,0.0,0.469900253746,0.020300010961999997,0.0,0.0,0.18800010152,0.12950006993,0.0,,0.0,0.0,0.0,0.1585022132507234,0.010200005508000001,0.210800113832,0.5409802921292,1.1176006035039998,2023-06-09
06-10,6,10,0.0,0.54100029214,0.015200008207999998,0.5156002784239999,0.5105002756699999,0.22100011934000002,0.0,0.7290003936599999,0.0,0.0,0.0,0.0,0.13460007268399998,0.0,0.30730016594200005,0.0,0.751800405972,0.18290009876600002,0.116800063072,0.175300094662,0.297200160488,0.0,0.0,0.0,0.0,0.0,0.292100157734,0.0,0.0,0.18030009736199998,0.0,0.027900015065999997,1.0998005938920001,0.0,0.0,0.0,0.0,0.005100002754000001,0.068600037044,0.0,0.457200246888,0.025400013716,0.0,0.0,0.17270009325799998,0.088900048006,0.0,,0.0,0.0,0.0,0.14715327095208508,0.0,0.18160009806400002,0.5125402767715999,1.0998005938920001,2023-06-10
06-11,6,11,0.0,0.5334002880359999,0.0,0.5029002715659999,0.5105002756699999,0.226100122094,0.0,0.708700382698,0.0,0.0,0.0,0.0,0.09650005211,0.0,0.26670014401799996,0.0,0.744200401868,0.147300079542,0.088900048006,0.17270009325799998,0.28960015638400005,0.0,0.0,0.0,0.0,0.0,0.292100157734,0.0,0.0,0.147300079542,0.0,0.015200008207999998,1.07700058158,0.0,0.0,0.0,0.0,0.0,0.017800009611999998,0.0,0.426700230418,0.005100002754000001,0.0,0.0,0.165100089154,0.06100003294,0.0,,0.0,0.0,0.0,0.13818730866365955,0.0,0.168900091206,0.5059402732075999,1.07700058158,2023-06-11
06-12,6,12,0.0,0.523200282528,0.0,0.48510026195399997,0.459700248238,0.228600123444,0.0,0.6655003593699998,0.0,0.0,0.0,0.00250000135,0.053300028782,0.0,0.248900134406,0.0,0.711200384048,0.12450006723,0.06100003294,0.154900083646,0.25650013851000003,0.0,0.0,0.0,0.0,0.0,0.28700015498,0.0,0.0,0.116800063072,0.0,0.012700006858,1.038900561006,0.0,0.0,0.0,0.0,0.0,0.0,0.0,0.38350020709000004,0.0,0.0,0.0,0.14220007678799998,0.020300010961999997,0.0,,0.0,0.0,0.0,0.1271553878128085,0.0,0.148550080217,0.46986025372439993,1.038900561006,2023-06-12
06-13,6,13,0.0,0.5105002756699999,0.0,0.47750025784999994,0.44700024137999994,0.228600123444,0.0,0.642600347004,0.0,0.0,0.0,0.0,0.010200005508000001,0.0,0.228600123444,0.0,0.6655003593699998,0.088900048006,0.055900030186,0.13970007543799998,0.22350012068999997,0.0,0.0,0.0,0.0,0.0,0.28450015363,0.0,0.0,0.116800063072,0.0,0.007600004103999999,1.008400544536,0.0,0.0,0.0,0.0,0.0,0.0,0.0,0.332700179658,0.0,0.0,0.0,0.111800060372,0.0,0.0,,0.0,0.0,0.0,0.11872985134812766,0.0,0.128250069255,0.4592002479679999,1.008400544536,2023-06-13
06-14,6,14,0.0,0.490200264708,0.0,0.482600260604,0.434300234522,0.228600123444,0.0,0.624800337392,0.0,0.0,0.0,0.0,0.0,0.0,0.195600105624,0.0,0.624800337392,0.058400031536,0.043200023328,0.147300079542,0.18030009736199998,0.0,0.0,0.0,0.0,0.0,0.26670014401799996,0.0,0.0,0.101600054864,0.0,0.0,0.98300053082,0.0,0.0,0.0,0.0,0.0,0.0,0.0,0.276900149526,0.0,0.0,0.0,0.08380004525200001,0.0,0.0,,0.0,0.0,0.0,0.11110857063689362,0.0,0.124450067203,0.45362024495479997,0.98300053082,2023-06-14
06-15,6,15,0.0,0.472400255096,0.0,0.47750025784999994,0.42160022766399996,0.218400117936,0.0,0.584200315468,0.0,0.0,0.0,0.0,0.0,0.0,0.154900083646,0.0,0.5817003141179999,0.03300001782,0.017800009611999998,0.14220007678799998,0.14220007678799998,0.0,0.0,0.0,0.0,0.0,0.22100011934000002,0.0,0.0,0.08130004390199999,0.0,0.0,0.9601005184539999,0.0,0.0,0.0,0.0,0.0,0.0,0.0,0.246400133056,0.0,0.0,0.0,0.068600037044,0.0,0.0,,0.0,0.0,0.0,0.10262345967195743,0.0,0.11175006034499999,0.4419202386367999,0.9601005184539999,2023-06-15
06-16,6,16,0.0,0.452100244134,0.0,0.46480025099199995,0.391200211248,0.18540010011600003,0.0,0.553700298998,0.0,0.0,0.0,0.0,0.0,0.0,0.12450006723,0.0,0.546100294894,0.00250000135,0.010200005508000001,0.12950006993,0.111800060372,0.0,0.0,0.0,0.0,0.0,0.18800010152,0.0,0.0,0.043200023328,0.0,0.0,0.911900492426,0.0,0.0,0.0,0.0,0.0,0.0,0.0,0.21080011383199998,0.0,0.0,0.0,0.058400031536,0.0,0.0,,0.0,0.0,0.0,0.09327877377476596,0.0,0.085100045954,0.4155602244023999,0.911900492426,2023-06-16
06-17,6,17,0.0,0.426700230418,0.0,0.439400237276,0.358100193374,0.152400082296,0.0,0.520700281178,0.0,0.0,0.0,0.0,0.0,0.0,0.09910005351399999,0.0,0.520700281178,0.00250000135,0.00250000135,0.137200074088,0.08130004390199999,0.0,0.0,0.0,0.0,0.0,0.154900083646,0.0,0.0,0.020300010961999997,0.0,0.0,0.863600466344,0.0,0.0,0.0,0.0,0.0,0.0,0.0,0.17270009325799998,0.0,0.0,0.0,0.03050001647,0.0,0.0,,0.0,0.0,0.0,0.08473621597029787,0.0,0.055900030185999997,0.3855402081915999,0.863600466344,2023-06-17
06-18,6,18,0.0,0.40890022080599997,0.0,0.431800233172,0.322600174204,0.12950006993,0.0,0.490200264708,0.0,0.0,0.0,0.0,0.0,0.0,0.104100056214,0.0,0.513100277074,0.00250000135,0.0,0.170200091908,0.050800027432,0.0,0.0,0.0,0.0,0.0,0.111800060372,0.0,0.0,0.0,0.0,0.0,0.8433004553819999,0.0,0.0,0.0,0.0,0.0,0.0,0.0,0.15750008505,0.0,0.0,0.0,0.007600004103999999,0.0,0.0,,0.0,0.0,0.0,0.07965748982353191,0.0,0.029200015768,0.35712019284479984,0.8433004553819999,2023-06-18
06-19,6,19,0.0,0.396200213948,0.0,0.431800233172,0.28960015638400005,0.106700057618,0.0,0.426700230418,0.0,0.0,0.0,0.0,0.0,0.0,0.08380004525200001,0.0,0.497800268812,0.0,0.0,0.1600000864,0.022900012366000002,0.0,0.0,0.0,0.0,0.0,0.078700042498,0.0,0.0,0.0,0.0,0.0,0.8026004334039999,0.0,0.0,0.0,0.0,0.0,0.0,0.0,0.12450006723,0.0,0.0,0.0,0.0,0.0,0.0,,0.0,0.0,0.0,0.07279365632982979,0.0,0.011450006183000001,0.3322401794095999,0.8026004334039999,2023-06-19
06-20,6,20,0.0,0.396200213948,0.0,0.40890022080599997,0.261600141264,0.08380004525200001,0.0,0.375900202986,0.0,0.0,0.0,0.0,0.0,0.0,0.048300026082,0.0,0.462300249642,0.0,0.0,0.14220007678799998,0.0,0.0,0.0,0.0,0.0,0.0,0.040600021923999995,0.0,0.0,0.0,0.0,0.0,0.797600430704,0.0,0.0,0.0,0.0,0.0,0.0,0.0,0.09140004935599999,0.0,0.0,0.0,0.0,0.0,0.0,,0.0,0.0,0.0,0.06614471656919149,0.0,0.0,0.3073201659527999,0.797600430704,2023-06-20
06-21,6,21,0.0,0.32770017695799997,0.0,0.398800215352,0.22100011934000002,0.06600003564,0.0,0.312400168696,0.0,0.0,0.0,0.0,0.0,0.0,0.010200005508000001,0.0,0.42160022766399996,0.0,0.0,0.114300061722,0.0,0.0,0.0,0.0,0.0,0.0,0.012700006858,0.0,0.0,0.0,0.0,0.0,0.7696004155839999,0.0,0.0,0.0,0.0,0.0,0.0,0.0,0.058400031536,0.0,0.0,0.0,0.0,0.0,0.0,,0.0,0.0,0.0,0.05771705244378723,0.0,0.0,0.2575601390823999,0.7696004155839999,2023-06-21
06-22,6,22,0.0,0.271800146772,0.0,0.393700212598,0.18030009736199998,0.048300026082,0.0,0.25400013716000003,0.0,0.0,0.0,0.0,0.0,0.0,0.0,0.0,0.38100020574,0.0,0.0,0.088900048006,0.0,0.0,0.0,0.0,0.0,0.0,0.0,0.0,0.0,0.0,0.0,0.0,0.7214003895559999,0.0,0.0,0.0,0.0,0.0,0.0,0.0,0.035600019223999996,0.0,0.0,0.0,0.0,0.0,0.0,,0.0,0.0,0.0,0.05053194218085105,0.0,0.0,0.2097801132811999,0.7214003895559999,2023-06-22
06-23,6,23,0.0,0.246400133056,0.0,0.36320019612800003,0.14220007678799998,0.025400013716,0.0,0.198100106974,0.0,0.0,0.0,0.0,0.0,0.0,0.0,0.0,0.34540018651599996,0.0,0.0,0.06100003294,0.0,0.0,0.0,0.0,0.0,0.0,0.0,0.0,0.0,0.0,0.0,0.0,0.645200348408,0.0,0.0,0.0,0.0,0.0,0.0,0.0,0.03050001647,0.0,0.0,0.0,0.0,0.0,0.0,,0.0,0.0,0.0,0.043774491723319146,0.0,0.0,0.1645600888623999,0.645200348408,2023-06-23
06-24,6,24,0.0,0.177800096012,0.0,0.3150001701,0.106700057618,0.0,0.0,0.12190006582599998,0.0,0.0,0.0,0.0,0.0,0.0,0.0,0.0,0.297200160488,0.0,0.0,0.035600019223999996,0.0,0.0,0.0,0.0,0.0,0.0,0.0,0.0,0.0,0.0,0.0,0.0,0.57400030996,0.0,0.0,0.0,0.0,0.0,0.0,0.0,0.007600004103999999,0.0,0.0,0.0,0.0,0.0,0.0,,0.0,0.0,0.0,0.03480427411344681,0.0,0.0,0.11278006090119996,0.57400030996,2023-06-24
06-25,6,25,0.0,0.137200074088,0.0,0.248900134406,0.073700039798,0.0,0.0,0.076200041148,0.0,0.0,0.0,0.0,0.0,0.0,0.0,0.0,0.25650013851000003,0.0,0.0,0.0,0.0,0.0,0.0,0.0,0.015200008207999998,0.0,0.0,0.0,0.0,0.0,0.0,0.0,0.5080002743200001,0.0,0.0,0.0,0.0,0.0,0.0,0.0,0.0,0.0,0.0,0.0,0.0,0.0,0.0,,0.0,0.0,0.0,0.02799363213782979,0.0,0.0,0.074700040338,0.5080002743200001,2023-06-25
06-26,6,26,0.0,0.101600054864,0.0,0.177800096012,0.048300026082,0.0,0.0,0.040600021923999995,0.0,0.0,0.0,0.0,0.0,0.0,0.0,0.0,0.215900116586,0.0,0.0,0.0,0.0,0.0,0.0,0.0,0.0,0.0,0.0,0.0,0.0,0.0,0.0,0.0,0.44960024278399996,0.0,0.0,0.0,0.0,0.0,0.0,0.0,0.0,0.0,0.0,0.0,0.0,0.0,0.0,,0.0,0.0,0.0,0.02199575655855319,0.0,0.0,0.04368002358719999,0.44960024278399996,2023-06-26
06-27,6,27,0.0,0.073700039798,0.0,0.104100056214,0.020300010961999997,0.0,0.0,0.0,0.0,0.0,0.0,0.0,0.0,0.0,0.0,0.0,0.177800096012,0.0,0.0,0.0,0.0,0.0,0.0,0.0,0.0,0.0,0.0,0.0,0.0,0.0,0.0,0.0,0.398800215352,0.0,0.0,0.0,0.0,0.0,0.0,0.0,0.0,0.0,0.0,0.0,0.0,0.0,0.0,,0.0,0.0,0.0,0.016482987624212766,0.0,0.0,0.00812000438479997,0.398800215352,2023-06-27
06-28,6,28,0.0,0.038100020574,0.0,0.050800027432,0.0,0.0,0.0,0.0,0.0,0.0,0.0,0.0,0.0,0.0,0.0,0.0,0.147300079542,0.0,0.0,0.0,0.0,0.0,0.0,0.0,0.0,0.0,0.0,0.0,0.0,0.0,0.0,0.0,0.34290018516599996,0.0,0.0,0.0,0.0,0.0,0.0,0.0,0.0,0.0,0.0,0.0,0.0,0.0,0.0,,0.0,0.0,0.0,0.01232128324923404,0.0,0.0,0.0,0.34290018516599996,2023-06-28
06-29,6,29,0.0,0.0,0.0,0.00250000135,0.0,0.0,0.0,0.0,0.0,0.0,0.0,0.0,0.0,0.0,0.0,0.0,0.116800063072,0.0,0.0,0.0,0.0,0.0,0.0,0.0,0.0,0.0,0.0,0.0,0.0,0.0,0.0,0.0,0.297200160488,0.0,0.0,0.0,0.0,0.0,0.0,0.0,0.0,0.0,0.0,0.0,0.0,0.0,0.0,,0.0,0.0,0.0,0.008861706912978723,0.0,0.0,0.0,0.297200160488,2023-06-29
06-30,6,30,0.0,0.0,0.0,0.0,0.0,0.0,0.0,0.0,0.0,0.0,0.0,0.0,0.0,0.0,0.0,0.0,0.09400005076,0.0,0.0,0.0,0.0,0.0,0.0,0.0,0.0,0.0,0.0,0.0,0.0,0.0,0.0,0.0,0.259100139914,0.0,0.0,0.0,0.0,0.0,0.0,0.0,0.0,0.0,0.0,0.0,0.0,0.0,0.0,,0.0,0.0,0.0,0.007512770014340426,0.0,0.0,0.0,0.259100139914,2023-06-30
07-01,7,1,0.0,0.0,0.0,0.0,0.0,0.0,0.0,0.0,0.0,0.0,0.0,0.0,0.0,0.0,0.0,0.0,0.06600003564,0.0,0.0,0.0,0.0,0.0,0.0,0.0,0.0,0.0,0.0,0.0,0.0,0.0,0.0,0.0,0.228600123444,0.0,0.0,0.0,0.0,0.0,0.0,0.0,0.0,0.0,0.0,0.0,0.0,0.0,0.0,,0.0,0.0,0.0,0.006268088491148936,0.0,0.0,0.0,0.228600123444,2023-07-01
07-02,7,2,0.0,0.0,0.0,0.0,0.0,0.0,0.0,0.0,0.0,0.0,0.0,0.0,0.0,0.0,0.0,0.0,0.043200023328,0.0,0.0,0.0,0.0,0.0,0.0,0.0,0.0,0.0,0.0,0.0,0.0,0.0,0.0,0.0,0.18540010011600003,0.0,0.0,0.0,0.0,0.0,0.0,0.0,0.0,0.0,0.0,0.0,0.0,0.0,0.0,,0.0,0.0,0.0,0.004863832413702128,0.0,0.0,0.0,0.18540010011600003,2023-07-02
07-03,7,3,0.0,0.0,0.0,0.0,0.0,0.0,0.0,0.0,0.0,0.0,0.0,0.0,0.0,0.0,0.0,0.0,0.020300010961999997,0.0,0.0,0.0,0.0,0.0,0.0,0.0,0.0,0.0,0.0,0.0,0.0,0.0,0.0,0.0,0.147300079542,0.0,0.0,0.0,0.0,0.0,0.0,0.0,0.0,0.0,0.0,0.0,0.0,0.0,0.0,,0.0,0.0,0.0,0.0035659593724255314,0.0,0.0,0.0,0.147300079542,2023-07-03
07-04,7,4,0.0,0.0,0.0,0.0,0.0,0.0,0.0,0.0,0.0,0.0,0.0,0.0,0.0,0.0,0.0,0.0,0.007600004103999999,0.0,0.0,0.0,0.0,0.0,0.0,0.0,0.0,0.0,0.0,0.0,0.0,0.0,0.0,0.0,0.09650005211,0.0,0.0,0.0,0.0,0.0,0.0,0.0,0.0,0.0,0.0,0.0,0.0,0.0,0.0,,0.0,0.0,0.0,0.0022148948130638296,0.0,0.0,0.0,0.09650005211,2023-07-04
07-05,7,5,0.0,0.0,0.0,0.0,0.0,0.0,0.0,0.0,0.0,0.0,0.0,0.0,0.0,0.0,0.0,0.0,0.0,0.0,0.0,0.0,0.0,0.0,0.0,0.0,0.0,0.0,0.0,0.0,0.0,0.0,0.0,0.0,0.068600037044,0.0,0.0,0.0,0.0,0.0,0.0,0.0,0.0,0.0,0.0,0.0,0.0,0.0,0.0,,0.0,0.0,0.0,0.0014595752562553191,0.0,0.0,0.0,0.068600037044,2023-07-05
07-06,7,6,0.0,0.0,0.0,0.0,0.0,0.0,0.0,0.0,0.0,0.0,0.0,0.0,0.0,0.0,0.0,0.0,0.0,0.0,0.0,0.0,0.0,0.0,0.0,0.0,0.0,0.0,0.0,0.0,0.0,0.0,0.0,0.0,0.03300001782,0.0,0.0,0.0,0.0,0.0,0.0,0.0,0.0,0.0,0.0,0.0,0.0,0.0,0.0,,0.0,0.0,0.0,0.0007021280387234043,0.0,0.0,0.0,0.03300001782,2023-07-06
07-07,7,7,0.0,0.0,0.0,0.0,0.0,0.0,0.0,0.0,0.0,0.0,0.0,0.0,0.0,0.0,0.0,0.0,0.0,0.0,0.0,0.0,0.0,0.0,0.0,0.0,0.0,0.0,0.0,0.0,0.0,0.0,0.0,0.0,0.007600004103999999,0.0,0.0,0.0,0.0,0.0,0.0,0.0,0.0,0.0,0.0,0.0,0.0,0.0,0.0,,0.0,0.0,0.0,0.00016170221497872339,0.0,0.0,0.0,0.007600004103999999,2023-07-07
07-08,7,8,0.0,0.0,0.0,0.0,0.0,0.0,0.0,0.0,0.0,0.0,0.0,0.0,0.0,0.0,0.0,0.0,0.0,0.0,0.0,0.0,0.0,0.0,0.0,0.0,0.0,0.0,0.0,0.0,0.0,0.0,0.0,0.0,0.0,0.0,0.0,0.0,0.0,0.0,0.0,0.0,0.0,0.0,0.0,0.0,0.0,0.0,0.0,,0.0,0.0,0.0,0.0,0.0,0.0,0.0,0.0,2023-07-08
07-09,7,9,0.0,0.0,0.0,0.0,0.0,0.0,0.0,0.0,0.0,0.0,0.0,0.0,0.0,0.0,0.0,0.0,0.0,0.0,0.0,0.0,0.0,0.0,0.0,0.0,0.0,0.0,0.0,0.0,0.0,0.0,0.0,0.0,0.0,0.0,0.0,0.0,0.0,0.0,0.0,0.0,0.0,0.0,0.0,0.0,0.0,0.0,0.0,,0.0,0.0,0.0,0.0,0.0,0.0,0.0,0.0,2023-07-09
07-10,7,10,0.0,0.0,0.0,0.0,0.0,0.0,0.0,0.0,0.0,0.0,0.0,0.0,0.0,0.0,0.0,0.0,0.0,0.0,0.0,0.0,0.0,0.0,0.0,0.0,0.0,0.0,0.0,0.0,0.0,0.0,0.0,0.0,0.0,0.0,0.0,0.0,0.0,0.0,0.0,0.0,0.0,0.0,0.0,0.0,0.0,0.0,0.0,,0.0,0.0,0.0,0.0,0.0,0.0,0.0,0.0,2023-07-10
07-11,7,11,0.0,0.0,0.0,0.0,0.0,0.0,0.0,0.0,0.0,0.0,0.0,0.0,0.0,0.0,0.0,0.0,0.0,0.0,0.0,0.0,0.0,0.0,0.0,0.0,0.0,0.0,0.0,0.0,0.0,0.0,0.0,0.0,0.0,0.0,0.0,0.0,0.0,0.0,0.0,0.0,0.0,0.0,0.0,0.0,0.0,0.0,0.0,,0.0,0.0,0.0,0.0,0.0,0.0,0.0,0.0,2023-07-11
07-12,7,12,0.0,0.0,0.0,0.0,0.0,0.0,0.0,0.0,0.0,0.0,0.0,0.0,0.0,0.0,0.0,0.0,0.0,0.0,0.0,0.0,0.0,0.0,0.0,0.0,0.0,0.0,0.0,0.0,0.0,0.0,0.0,0.0,0.0,0.0,0.0,0.0,0.0,0.0,0.0,0.0,0.0,0.0,0.0,0.0,0.0,0.0,0.0,,0.0,0.0,0.0,0.0,0.0,0.0,0.0,0.0,2023-07-12
07-13,7,13,0.0,0.0,0.0,0.0,0.0,0.0,0.0,0.0,0.0,0.0,0.0,0.0,0.0,0.0,0.0,0.0,0.0,0.0,0.0,0.0,0.0,0.0,0.0,0.0,0.0,0.0,0.0,0.0,0.0,0.0,0.0,0.0,0.0,0.0,0.0,0.0,0.0,0.0,0.0,0.0,0.0,0.0,0.0,0.0,0.0,0.0,0.0,,0.0,0.0,0.0,0.0,0.0,0.0,0.0,0.0,2023-07-13
07-14,7,14,0.0,0.0,0.0,0.0,0.0,0.0,0.0,0.0,0.0,0.0,0.0,0.0,0.0,0.0,0.0,0.0,0.0,0.0,0.0,0.0,0.0,0.0,0.0,0.0,0.0,0.0,0.0,0.0,0.0,0.0,0.0,0.0,0.0,0.0,0.0,0.0,0.0,0.0,0.0,0.0,0.0,0.0,0.0,0.0,0.0,0.0,0.0,,0.0,0.0,0.0,0.0,0.0,0.0,0.0,0.0,2023-07-14
07-15,7,15,0.0,0.0,0.0,0.0,0.0,0.0,0.0,0.0,0.0,0.0,0.0,0.0,0.0,0.0,0.0,0.0,0.0,0.0,0.0,0.0,0.0,0.0,0.0,0.0,0.0,0.0,0.0,0.0,0.0,0.0,0.0,0.0,0.0,0.0,0.0,0.0,0.0,0.0,0.0,0.0,0.0,0.0,0.0,0.0,0.0,0.0,0.0,,0.0,0.0,0.0,0.0,0.0,0.0,0.0,0.0,2023-07-15
07-16,7,16,0.0,0.0,0.0,0.0,0.0,0.0,0.0,0.0,0.0,0.0,0.0,0.0,0.0,0.0,0.0,0.0,0.0,0.0,0.0,0.0,0.0,0.0,0.0,0.0,0.0,0.0,0.0,0.0,0.0,0.0,0.0,0.0,0.0,0.0,0.0,0.0,0.0,0.0,0.0,0.0,0.0,0.0,0.0,0.0,0.0,0.0,0.0,,0.0,0.0,0.0,0.0,0.0,0.0,0.0,0.0,2023-07-16
07-17,7,17,0.0,0.0,0.0,0.0,0.0,0.0,0.0,0.0,0.0,0.0,0.0,0.0,0.0,0.0,0.0,0.0,0.0,0.0,0.0,0.0,0.0,0.0,0.0,0.0,0.0,0.0,0.0,0.0,0.0,0.0,0.0,0.0,0.0,0.0,0.0,0.0,0.0,0.0,0.0,0.0,0.0,0.0,0.0,0.0,0.0,0.0,0.0,,0.0,0.0,0.0,0.0,0.0,0.0,0.0,0.0,2023-07-17
07-18,7,18,0.0,0.0,0.0,0.0,0.0,0.0,0.0,0.0,0.0,0.0,0.0,0.0,0.0,0.0,0.0,0.0,0.0,0.0,0.0,0.0,0.0,0.0,0.0,0.0,0.0,0.0,0.0,0.0,0.0,0.0,0.0,0.0,0.0,0.0,0.0,0.0,0.0,0.0,0.0,0.0,0.0,0.0,0.0,0.0,0.0,0.0,0.0,,0.0,0.0,0.0,0.0,0.0,0.0,0.0,0.0,2023-07-18
07-19,7,19,0.0,0.0,0.0,0.0,0.0,0.0,0.0,0.0,0.0,0.0,0.0,0.0,0.0,0.0,0.0,0.0,0.0,0.0,0.0,0.0,0.0,0.0,0.0,0.0,0.0,0.0,0.0,0.0,0.0,0.0,0.0,0.0,0.0,0.0,0.0,0.0,0.0,0.0,0.0,0.0,0.0,0.0,0.0,0.0,0.0,0.0,0.0,,0.0,0.0,0.0,0.0,0.0,0.0,0.0,0.0,2023-07-19
07-20,7,20,0.0,0.0,0.0,0.0,0.0,0.0,0.0,0.0,0.0,0.0,0.0,0.0,0.0,0.0,0.0,0.0,0.0,0.0,0.0,0.0,0.0,0.0,0.0,0.0,0.0,0.0,0.0,0.0,0.0,0.0,0.0,0.0,0.0,0.0,0.0,0.0,0.0,0.0,0.0,0.0,0.0,0.0,0.0,0.0,0.0,0.0,0.0,,0.0,0.0,0.0,0.0,0.0,0.0,0.0,0.0,2023-07-20
07-21,7,21,0.0,0.0,0.0,0.0,0.0,0.0,0.0,0.0,0.0,0.0,0.0,0.0,0.0,0.0,0.0,0.0,0.0,0.0,0.0,0.0,0.0,0.0,0.0,0.0,0.0,0.0,0.0,0.0,0.0,0.0,0.0,0.0,0.0,0.0,0.0,0.0,0.0,0.0,0.0,0.0,0.0,0.0,0.0,0.0,0.0,0.0,0.0,,0.0,0.0,0.0,0.0,0.0,0.0,0.0,0.0,2023-07-21
07-22,7,22,0.0,0.0,0.0,0.0,0.0,0.0,0.0,0.0,0.0,0.0,0.0,0.0,0.0,0.0,0.0,0.0,0.0,0.0,0.0,0.0,0.0,0.0,0.0,0.0,0.0,0.0,0.0,0.0,0.0,0.0,0.0,0.0,0.0,0.0,0.0,0.0,0.0,0.0,0.0,0.0,0.0,0.0,0.0,0.0,0.0,0.0,0.0,,0.0,0.0,0.0,0.0,0.0,0.0,0.0,0.0,2023-07-22
07-23,7,23,0.0,0.0,0.0,0.0,0.0,0.0,0.0,0.0,0.0,0.0,0.0,0.0,0.0,0.0,0.0,0.0,0.0,0.0,0.0,0.0,0.0,0.0,0.0,0.0,0.0,0.0,0.0,0.0,0.0,0.0,0.0,0.0,0.0,0.0,0.0,0.0,0.0,0.0,0.0,0.0,0.0,0.0,0.0,0.0,0.0,0.0,0.0,,0.0,0.0,0.0,0.0,0.0,0.0,0.0,0.0,2023-07-23
07-24,7,24,0.0,0.0,0.0,0.0,0.0,0.0,0.0,0.0,0.0,0.0,0.0,0.0,0.0,0.0,0.0,0.0,0.0,0.0,0.0,0.0,0.0,0.0,0.0,0.0,0.0,0.0,0.0,0.0,0.0,0.0,0.0,0.0,0.0,0.0,0.0,0.0,0.0,0.0,0.0,0.0,0.0,0.0,0.0,0.0,0.0,0.0,0.0,,0.0,0.0,0.0,0.0,0.0,0.0,0.0,0.0,2023-07-24
07-25,7,25,0.0,0.0,0.0,0.0,0.0,0.0,0.0,0.0,0.0,0.0,0.0,0.0,0.0,0.0,0.0,0.0,0.0,0.0,0.0,0.0,0.0,0.0,0.0,0.0,0.0,0.0,0.0,0.0,0.0,0.0,0.0,0.0,0.0,0.0,0.0,0.0,0.0,0.0,0.0,0.0,0.0,0.0,0.0,0.0,0.0,0.0,0.0,,0.0,0.0,0.0,0.0,0.0,0.0,0.0,0.0,2023-07-25
07-26,7,26,0.0,0.0,0.0,0.0,0.0,0.0,0.0,0.0,0.0,0.0,0.0,0.0,0.0,0.0,0.0,0.0,0.0,0.0,0.0,0.0,0.0,0.0,0.0,0.0,0.0,0.0,0.0,0.0,0.0,0.0,0.0,0.0,0.0,0.0,0.0,0.0,0.0,0.0,0.0,0.0,0.0,0.0,0.0,0.0,0.0,0.0,0.0,,0.0,0.0,0.0,0.0,0.0,0.0,0.0,0.0,2023-07-26
07-27,7,27,0.0,0.0,0.0,0.0,0.0,0.0,0.0,0.0,0.0,0.0,0.0,0.0,0.0,0.0,0.0,0.0,0.0,0.0,0.0,0.0,0.0,0.0,0.0,0.0,0.0,0.0,0.0,0.0,0.0,0.0,0.0,0.0,0.0,0.0,0.0,0.0,0.0,0.0,0.0,0.0,0.0,0.0,0.0,0.0,0.0,0.0,0.0,,0.0,0.0,0.0,0.0,0.0,0.0,0.0,0.0,2023-07-27
07-28,7,28,0.0,0.0,0.0,0.0,0.0,0.0,0.0,0.0,0.0,0.0,0.0,0.0,0.0,0.0,0.0,0.0,0.0,0.0,0.0,0.0,0.0,0.0,0.0,0.0,0.0,0.0,0.0,0.0,0.0,0.0,0.0,0.0,0.0,0.0,0.0,0.0,0.0,0.0,0.0,0.0,0.0,0.0,0.0,0.0,0.0,0.0,0.0,,0.0,0.0,0.0,0.0,0.0,0.0,0.0,0.0,2023-07-28
07-29,7,29,0.0,0.0,0.0,0.0,0.0,0.0,0.0,0.0,0.0,0.0,0.0,0.0,0.0,0.0,0.0,0.0,0.0,0.0,0.0,0.0,0.0,0.0,0.0,0.0,0.0,0.0,0.0,0.0,0.0,0.0,0.0,0.0,0.0,0.0,0.0,0.0,0.0,0.0,0.0,0.0,0.0,0.0,0.0,0.0,0.0,0.0,0.0,,0.0,0.0,0.0,0.0,0.0,0.0,0.0,0.0,2023-07-29
07-30,7,30,0.0,0.0,0.0,0.0,0.0,0.0,0.0,0.0,0.0,0.0,0.0,0.0,0.0,0.0,0.0,0.0,0.0,0.0,0.0,0.0,0.0,0.0,0.0,0.0,0.0,0.0,0.0,0.0,0.0,0.0,0.0,0.0,0.0,0.0,0.0,0.0,0.0,0.0,0.0,0.0,0.0,0.0,0.0,0.0,0.0,0.0,0.0,,0.0,0.0,0.0,0.0,0.0,0.0,0.0,0.0,2023-07-30
07-31,7,31,0.0,0.0,0.0,0.0,0.0,0.0,0.0,0.0,0.0,0.0,0.0,0.0,0.0,0.0,0.0,0.0,0.0,0.0,0.0,0.0,0.0,0.0,0.0,0.0,0.0,0.0,0.0,0.0,0.0,0.0,0.0,0.0,0.0,0.0,0.0,0.0,0.0,0.0,0.0,0.0,0.0,0.0,0.0,0.0,0.0,0.0,0.0,,0.0,0.0,0.0,0.0,0.0,0.0,0.0,0.0,2023-07-31
