M-D,M,D,1979_SWE_in,1980_SWE_in,1981_SWE_in,1982_SWE_in,1983_SWE_in,1984_SWE_in,1985_SWE_in,1986_SWE_in,1987_SWE_in,1988_SWE_in,1989_SWE_in,1990_SWE_in,1991_SWE_in,1992_SWE_in,1993_SWE_in,1994_SWE_in,1995_SWE_in,1996_SWE_in,1997_SWE_in,1998_SWE_in,1999_SWE_in,2000_SWE_in,2001_SWE_in,2002_SWE_in,2003_SWE_in,2004_SWE_in,2005_SWE_in,2006_SWE_in,2007_SWE_in,2008_SWE_in,2009_SWE_in,2010_SWE_in,2011_SWE_in,2012_SWE_in,2013_SWE_in,2014_SWE_in,2015_SWE_in,2016_SWE_in,2017_SWE_in,2018_SWE_in,2019_SWE_in,2020_SWE_in,2021_SWE_in,2022_SWE_in,2023_SWE_in,2024_SWE_in,2025_SWE_in,2026_SWE_in,min,Q10,Q25,mean,median,Q75,Q90,max,date
10-01,10,1,0.0,0.0,0.0,0.0,0.055900030186,0.0,0.0,0.0,0.025400013716,0.0,0.0,0.0,0.0,0.0,0.0,0.0,0.0,0.0,0.0,0.0,0.0,0.0,0.0,0.0,0.00250000135,0.0,0.0,0.0,0.0,0.0,0.0,0.0,0.0,0.0,0.0,0.0,0.0,0.0,0.0,0.0,0.0,0.0,0.0,0.0,0.0,0.0,0.0,0.0,0.0,0.0,0.0,0.0017458342760833334,0.0,0.0,0.0,0.055900030186,2023-10-01
10-02,10,2,0.0,0.0,0.0,0.0,0.055900030186,0.0,0.00250000135,0.0,0.035600019223999996,0.0,0.0,0.0,0.0,0.0,0.0,0.0,0.0,0.0,0.0,0.0,0.0,0.0,0.0,0.0,0.007600004103999999,0.0,0.0,0.0,0.0,0.0,0.0,0.0,0.0,0.0,0.0,0.0,0.0,0.0,0.0,0.005100002754000001,0.0,0.0,0.0,0.0,0.0,0.010200005508000001,0.0,0.0,0.0,0.0,0.0,0.0024354179817916662,0.0,0.0,0.0032800017712000112,0.055900030186,2023-10-02
10-03,10,3,0.0,0.0,0.0,0.0,0.055900030186,0.0,0.0,0.0,0.040600021923999995,0.0,0.0,0.0,0.0,0.0,0.0,0.0,0.012700006858,0.0,0.0,0.0,0.0,0.0,0.0,0.0,0.005100002754000001,0.0,0.0,0.0,0.0,0.0,0.0,0.0,0.0,0.0,0.0,0.0,0.0,0.0,0.0,0.012700006858,0.0,0.0,0.0,0.0,0.0,0.0,0.0,0.0,0.0,0.0,0.0,0.002645834762083333,0.0,0.0,0.001530000826200022,0.055900030186,2023-10-03
10-04,10,4,0.0,0.0,0.0,0.0,0.055900030186,0.0,0.0,0.0,0.040600021923999995,0.0,0.0,0.0,0.0,0.0,0.0,0.0,0.06100003294,0.0,0.0,0.0,0.007600004103999999,0.0,0.0,0.0,0.007600004103999999,0.0,0.0,0.0,0.0,0.0,0.0,0.0,0.0,0.0,0.0,0.017800009611999998,0.0,0.0,0.005100002754000001,0.012700006858,0.0,0.0,0.0,0.0,0.0,0.0,0.0,0.0,0.0,0.0,0.0,0.004339585676708333,0.0,0.0,0.009130004930200022,0.06100003294,2023-10-04
10-05,10,5,0.0,0.0,0.0,0.007600004103999999,0.053300028782,0.0,0.0,0.0,0.040600021923999995,0.0,0.0,0.0,0.0,0.0,0.0,0.0,0.06100003294,0.0,0.0,0.0,0.0,0.0,0.0,0.0,0.005100002754000001,0.0,0.0,0.0,0.0,0.0,0.0,0.025400013716,0.0,0.00250000135,0.0,0.020300010961999997,0.0,0.0,0.005100002754000001,0.005100002754000001,0.0,0.0,0.0,0.0,0.0,0.0,0.0,0.0,0.0,0.0,0.0,0.004708335875833333,0.0,0.0,0.011410006161400053,0.06100003294,2023-10-05
10-06,10,6,0.0,0.0,0.0,0.007600004103999999,0.055900030186,0.0,0.0,0.0,0.038100020574,0.0,0.0,0.0,0.0,0.0,0.0,0.0,0.058400031536,0.0,0.0,0.0,0.0,0.0,0.0,0.0,0.0,0.0,0.0,0.0,0.0,0.0,0.0,0.025400013716,0.0,0.017800009611999998,0.0,0.015200008207999998,0.0,0.0,0.005100002754000001,0.00250000135,0.0,0.0,0.0,0.0,0.0,0.0,0.0,0.0,0.0,0.0,0.0,0.004708335875833333,0.0,0.0,0.01598000862920001,0.058400031536,2023-10-06
10-07,10,7,0.0,0.0,0.0,0.007600004103999999,0.050800027432,0.0,0.0,0.0,0.035600019223999996,0.0,0.0,0.0,0.0,0.0,0.0,0.00250000135,0.058400031536,0.0,0.0,0.0,0.0,0.0,0.0,0.0,0.0,0.0,0.0,0.0,0.0,0.010200005508000001,0.0,0.022900012366000002,0.0,0.043200023328,0.0,0.0,0.0,0.0,0.007600004103999999,0.0,0.0,0.0,0.0,0.0,0.0,0.0,0.0,0.0,0.0,0.0,0.0,0.0049750026865,0.0,0.0,0.014010007565400055,0.058400031536,2023-10-07
10-08,10,8,0.0,0.0,0.0,0.007600004103999999,0.050800027432,0.0,0.0,0.0,0.03300001782,0.0,0.0,0.0,0.0,0.0,0.0,0.00250000135,0.050800027432,0.0,0.0,0.012700006858,0.0,0.0,0.0,0.0,0.0,0.0,0.0,0.0,0.0,0.012700006858,0.0,0.017800009611999998,0.0,0.050800027432,0.0,0.0,0.0,0.0,0.00250000135,0.0,0.0,0.0,0.0,0.0,0.0,0.0,0.0,0.0,0.0,0.0,0.0,0.0050250027135,0.0,0.0,0.014230007684200022,0.050800027432,2023-10-08
10-09,10,9,0.0,0.0,0.0,0.007600004103999999,0.045700024677999995,0.0,0.0,0.005100002754000001,0.027900015065999997,0.0,0.0,0.0,0.0,0.0,0.0,0.005100002754000001,0.045700024677999995,0.0,0.0,0.012700006858,0.0,0.0,0.0,0.0,0.0,0.0,0.0,0.0,0.0,0.005100002754000001,0.0,0.015200008207999998,0.0,0.06350003429000001,0.0,0.0,0.0,0.0,0.0,0.010200005508000001,0.0,0.0,0.0,0.0,0.0,0.0,0.0,0.0,0.0,0.0,0.0,0.005079169409416666,0.0,0.0,0.01345000726300001,0.06350003429000001,2023-10-09
10-10,10,10,0.0,0.0,0.0,0.007600004103999999,0.043200023328,0.0,0.0,0.007600004103999999,0.017800009611999998,0.0,0.0,0.0,0.0,0.0,0.0,0.005100002754000001,0.040600021923999995,0.0,0.0,0.010200005508000001,0.0,0.0,0.0,0.0,0.0,0.0,0.0,0.0,0.010200005508000001,0.0,0.0,0.020300010961999997,0.0,0.058400031536,0.0,0.0,0.0,0.0,0.0,0.015200008207999998,0.005100002754000001,0.0,0.0,0.0,0.0,0.0,0.0,0.0,0.0,0.0,0.0,0.0050270860479583335,0.0,0.0012750006885000002,0.01598000862920001,0.058400031536,2023-10-10
10-11,10,11,0.0,0.0,0.0,0.007600004103999999,0.038100020574,0.0,0.0,0.0,0.012700006858,0.0,0.0,0.0,0.0,0.0,0.0,0.00250000135,0.03300001782,0.0,0.0,0.005100002754000001,0.0,0.0,0.00250000135,0.0,0.0,0.0,0.0,0.0,0.0,0.0,0.0,0.020300010961999997,0.0,0.055900030186,0.0,0.017800009611999998,0.0,0.0,0.0,0.010200005508000001,0.015200008207999998,0.0,0.0,0.0,0.0,0.0,0.0,0.0,0.0,0.0,0.0,0.004602085818458334,0.0,0.0006250003375,0.01598000862920001,0.055900030186,2023-10-11
10-12,10,12,0.0,0.0,0.0,0.027900015065999997,0.03300001782,0.0,0.00250000135,0.0,0.017800009611999998,0.0,0.0,0.0,0.0,0.0,0.0,0.0,0.025400013716,0.0,0.0,0.005100002754000001,0.0,0.0,0.012700006858,0.0,0.0,0.0,0.0,0.0,0.0,0.0,0.0,0.015200008207999998,0.0,0.050800027432,0.0,0.017800009611999998,0.0,0.0,0.0,0.007600004103999999,0.017800009611999998,0.0,0.0,0.0,0.0,0.0,0.0,0.0,0.0,0.0,0.0,0.004866669294666666,0.0,0.0006250003375,0.017800009611999998,0.050800027432,2023-10-12
10-13,10,13,0.0,0.0,0.0,0.03300001782,0.03300001782,0.0,0.010200005508000001,0.00250000135,0.03050001647,0.0,0.0,0.0,0.0,0.0,0.0,0.0,0.017800009611999998,0.0,0.0,0.0,0.0,0.0,0.015200008207999998,0.0,0.0,0.0,0.0,0.0,0.0,0.0,0.007600004103999999,0.010200005508000001,0.0,0.048300026082,0.005100002754000001,0.015200008207999998,0.0,0.0,0.0,0.0,0.015200008207999998,0.0,0.0,0.010200005508000001,0.0,0.007600004103999999,0.0,0.0,0.0,0.0,0.0,0.005450002943,0.0,0.007600004103999999,0.01598000862920001,0.048300026082,2023-10-13
10-14,10,14,0.0,0.0,0.0,0.03300001782,0.027900015065999997,0.0,0.010200005508000001,0.00250000135,0.03050001647,0.0,0.0,0.0,0.0,0.0,0.0,0.012700006858,0.010200005508000001,0.0,0.0,0.0,0.0,0.0,0.010200005508000001,0.0,0.0,0.0,0.0,0.0,0.0,0.0,0.005100002754000001,0.005100002754000001,0.0,0.043200023328,0.00250000135,0.012700006858,0.0,0.0,0.0,0.0,0.012700006858,0.0,0.0,0.010200005508000001,0.0,0.0,0.0,0.0,0.0,0.0,0.0,0.004764585906208333,0.0,0.005100002754000001,0.012700006858,0.043200023328,2023-10-14
10-15,10,15,0.0,0.0,0.022900012366000002,0.038100020574,0.027900015065999997,0.0,0.007600004103999999,0.00250000135,0.027900015065999997,0.0,0.0,0.0,0.0,0.0,0.0,0.012700006858,0.010200005508000001,0.0,0.0,0.0,0.0,0.0,0.010200005508000001,0.0,0.0,0.0,0.0,0.0,0.0,0.0,0.00250000135,0.0,0.0,0.035600019223999996,0.0,0.0,0.0,0.0,0.0,0.0,0.0,0.0,0.0,0.010200005508000001,0.0,0.0,0.0,0.0,0.0,0.0,0.0,0.004339585676708333,0.0,0.0006250003375,0.015760008510400044,0.038100020574,2023-10-15
10-16,10,16,0.0,0.0,0.03300001782,0.045700024677999995,0.025400013716,0.0,0.007600004103999999,0.00250000135,0.022900012366000002,0.0,0.0,0.0,0.0,0.0,0.0,0.012700006858,0.027900015065999997,0.0,0.0,0.0,0.0,0.0,0.010200005508000001,0.0,0.0,0.0,0.0,0.0,0.0,0.0,0.0,0.0,0.0,0.0,0.0,0.0,0.0,0.0,0.0,0.0,0.0,0.0,0.0,0.010200005508000001,0.0,0.0,0.0,0.0,0.0,0.0,0.0,0.004127085561958334,0.0,0.0,0.015760008510400044,0.045700024677999995,2023-10-16
10-17,10,17,0.0,0.0,0.043200023328,0.06600003564,0.022900012366000002,0.0,0.017800009611999998,0.0,0.012700006858,0.0,0.0,0.005100002754000001,0.0,0.0,0.0,0.012700006858,0.038100020574,0.0,0.0,0.0,0.007600004103999999,0.0,0.007600004103999999,0.0,0.0,0.0,0.0,0.0,0.017800009611999998,0.0,0.0,0.0,0.0,0.0,0.0,0.0,0.0,0.0,0.0,0.0,0.007600004103999999,0.0,0.0,0.0,0.0,0.0,0.0,0.0,0.0,0.0,0.0,0.0053979195815416665,0.0,0.0012750006885000002,0.017800009611999998,0.06600003564,2023-10-17
10-18,10,18,0.0,0.0,0.043200023328,0.06600003564,0.020300010961999997,0.0,0.017800009611999998,0.0,0.005100002754000001,0.0,0.0,0.005100002754000001,0.0,0.0,0.0,0.012700006858,0.043200023328,0.0,0.0,0.0,0.007600004103999999,0.0,0.00250000135,0.0,0.0,0.0,0.0,0.0,0.025400013716,0.012700006858,0.0,0.0,0.0,0.0,0.0,0.0,0.0,0.0,0.0,0.0,0.010200005508000001,0.0,0.0,0.0,0.0,0.0,0.010200005508000001,0.0,0.0,0.0,0.0,0.0058750031725,0.0,0.005100002754000001,0.018550010017000008,0.06600003564,2023-10-18
10-19,10,19,0.0,0.0,0.043200023328,0.06600003564,0.017800009611999998,0.0,0.020300010961999997,0.0,0.007600004103999999,0.0,0.0,0.005100002754000001,0.0,0.0,0.0,0.012700006858,0.048300026082,0.0,0.0,0.0,0.0,0.0,0.0,0.0,0.0,0.0,0.005100002754000001,0.0,0.025400013716,0.012700006858,0.0,0.0,0.0,0.0,0.0,0.0,0.0,0.0,0.0,0.0,0.007600004103999999,0.0,0.0,0.010200005508000001,0.0,0.0,0.03050001647,0.0,0.0,0.0,0.0,0.006510420182291666,0.0,0.0057250030915000005,0.02183001178820002,0.06600003564,2023-10-19
10-20,10,20,0.0,0.015200008207999998,0.043200023328,0.06600003564,0.015200008207999998,0.0,0.025400013716,0.0,0.010200005508000001,0.0,0.0,0.005100002754000001,0.007600004103999999,0.0,0.0,0.012700006858,0.045700024677999995,0.0,0.005100002754000001,0.0,0.0,0.0,0.0,0.0,0.0,0.0,0.020300010961999997,0.0,0.025400013716,0.007600004103999999,0.0,0.0,0.0,0.0,0.0,0.0,0.0,0.0,0.0,0.0,0.0,0.0,0.0,0.020300010961999997,0.0,0.0,0.027900015065999997,0.0,0.0,0.0,0.0,0.0073520873034583325,0.0,0.008250004455,0.025400013716,0.06600003564,2023-10-20
10-21,10,21,0.0,0.027900015065999997,0.043200023328,0.06600003564,0.015200008207999998,0.0,0.025400013716,0.0,0.010200005508000001,0.0,0.0,0.005100002754000001,0.005100002754000001,0.0,0.0,0.012700006858,0.043200023328,0.0,0.00250000135,0.0,0.0,0.0,0.0,0.0,0.0,0.0,0.040600021923999995,0.0,0.03050001647,0.007600004103999999,0.0,0.0,0.0,0.0,0.0,0.0,0.0,0.0,0.0,0.0,0.0,0.0,0.0,0.020300010961999997,0.0,0.0,0.022900012366000002,0.0,0.0,0.0,0.0,0.007883337590333333,0.0,0.008250004455,0.02868001548720001,0.06600003564,2023-10-21
10-22,10,22,0.0,0.027900015065999997,0.040600021923999995,0.06600003564,0.015200008207999998,0.0,0.025400013716,0.007600004103999999,0.012700006858,0.0,0.0,0.005100002754000001,0.00250000135,0.0,0.0,0.012700006858,0.040600021923999995,0.0,0.0,0.0,0.0,0.0,0.00250000135,0.0,0.0,0.0,0.06350003429000001,0.0,0.03050001647,0.007600004103999999,0.0,0.0,0.0,0.0,0.0,0.0,0.0,0.0,0.0,0.0,0.0,0.005100002754000001,0.0,0.017800009611999998,0.0,0.0,0.007600004103999999,0.0,0.0,0.0,0.0,0.008143754397625,0.0,0.007600004103999999,0.02868001548720001,0.06600003564,2023-10-22
10-23,10,23,0.0,0.027900015065999997,0.040600021923999995,0.06600003564,0.015200008207999998,0.0,0.025400013716,0.007600004103999999,0.017800009611999998,0.0,0.0,0.012700006858,0.00250000135,0.0,0.0,0.012700006858,0.038100020574,0.010200005508000001,0.0,0.0,0.0,0.0,0.005100002754000001,0.0,0.0,0.0,0.08380004525200001,0.0,0.027900015065999997,0.007600004103999999,0.0,0.0,0.0,0.0,0.005100002754000001,0.0,0.0,0.0,0.0,0.0,0.0,0.005100002754000001,0.0,0.015200008207999998,0.012700006858,0.0,0.0,0.0,0.0,0.0,0.0,0.009150004941,0.0,0.012700006858,0.027900015065999997,0.08380004525200001,2023-10-23
10-24,10,24,0.0,0.027900015065999997,0.040600021923999995,0.06600003564,0.015200008207999998,0.0,0.025400013716,0.007600004103999999,0.017800009611999998,0.0,0.0,0.012700006858,0.0,0.017800009611999998,0.0,0.012700006858,0.038100020574,0.007600004103999999,0.0,0.010200005508000001,0.0,0.0,0.00250000135,0.0,0.007600004103999999,0.0,0.08380004525200001,0.0,0.027900015065999997,0.0,0.0,0.0,0.0,0.0,0.007600004103999999,0.0,0.0,0.0,0.0,0.0,0.0,0.010200005508000001,0.0,0.012700006858,0.015200008207999998,0.0,0.0,0.0,0.0,0.0,0.0,0.009731255254874999,0.0,0.012700006858,0.027900015065999997,0.08380004525200001,2023-10-24
10-25,10,25,0.0,0.027900015065999997,0.040600021923999995,0.06600003564,0.015200008207999998,0.0,0.025400013716,0.00250000135,0.017800009611999998,0.0,0.0,0.012700006858,0.0,0.022900012366000002,0.0,0.012700006858,0.038100020574,0.007600004103999999,0.005100002754000001,0.055900030186,0.0,0.0,0.0,0.0,0.007600004103999999,0.0,0.086400046656,0.0,0.027900015065999997,0.0,0.0,0.0,0.0,0.0,0.015200008207999998,0.0,0.0,0.0,0.0,0.0,0.0,0.010200005508000001,0.0,0.010200005508000001,0.015200008207999998,0.0,0.0,0.0,0.0,0.0,0.0,0.010897922551541666,0.0,0.015200008207999998,0.03096001671840004,0.086400046656,2023-10-25
10-26,10,26,0.0,0.027900015065999997,0.040600021923999995,0.06600003564,0.015200008207999998,0.0,0.025400013716,0.0,0.017800009611999998,0.0,0.0,0.017800009611999998,0.0,0.03050001647,0.0,0.012700006858,0.038100020574,0.005100002754000001,0.020300010961999997,0.055900030186,0.007600004103999999,0.0,0.0,0.0,0.007600004103999999,0.0,0.101600054864,0.0,0.045700024677999995,0.0,0.0,0.0,0.005100002754000001,0.0,0.017800009611999998,0.0,0.0,0.0,0.0,0.0,0.0,0.0,0.0,0.007600004103999999,0.015200008207999998,0.0,0.0,0.0,0.0,0.0,0.0,0.012114589875208333,0.0,0.017800009611999998,0.038850020979000005,0.101600054864,2023-10-26
10-27,10,27,0.0,0.027900015065999997,0.040600021923999995,0.06600003564,0.027900015065999997,0.0,0.038100020574,0.0,0.017800009611999998,0.0,0.0,0.020300010961999997,0.0,0.03050001647,0.0,0.012700006858,0.038100020574,0.005100002754000001,0.03050001647,0.055900030186,0.0,0.0,0.0,0.0,0.007600004103999999,0.0,0.101600054864,0.00250000135,0.048300026082,0.0,0.0,0.0,0.005100002754000001,0.0,0.017800009611999998,0.0,0.0,0.0,0.0,0.0,0.0,0.0,0.0,0.017800009611999998,0.015200008207999998,0.0,0.0,0.0,0.0,0.0,0.0,0.013068757057125,0.0,0.0184250099495,0.038850020979000005,0.101600054864,2023-10-27
10-28,10,28,0.0,0.027900015065999997,0.040600021923999995,0.06600003564,0.027900015065999997,0.0,0.038100020574,0.0,0.017800009611999998,0.0,0.0,0.022900012366000002,0.0,0.040600021923999995,0.005100002754000001,0.012700006858,0.038100020574,0.0,0.03050001647,0.055900030186,0.0,0.0,0.0,0.0,0.007600004103999999,0.0,0.116800063072,0.00250000135,0.048300026082,0.0,0.0,0.007600004103999999,0.005100002754000001,0.0,0.017800009611999998,0.005100002754000001,0.0,0.0,0.0,0.0,0.0,0.0,0.0,0.015200008207999998,0.012700006858,0.0,0.0,0.0,0.0,0.0,0.0,0.013808340789833333,0.0,0.0190750103005,0.040600021923999995,0.116800063072,2023-10-28
10-29,10,29,0.0,0.027900015065999997,0.040600021923999995,0.08380004525200001,0.027900015065999997,0.0,0.040600021923999995,0.00250000135,0.017800009611999998,0.0,0.0,0.022900012366000002,0.0,0.050800027432,0.005100002754000001,0.012700006858,0.038100020574,0.0,0.03300001782,0.053300028782,0.0,0.0,0.0,0.0,0.012700006858,0.0,0.14220007678799998,0.020300010961999997,0.048300026082,0.0,0.0,0.048300026082,0.005100002754000001,0.0,0.012700006858,0.022900012366000002,0.0,0.0,0.0,0.0,0.0,0.005100002754000001,0.0,0.0,0.012700006858,0.0,0.0,0.0,0.0,0.0,0.0,0.016402092190458333,0.001250000675,0.024150013041,0.048300026082,0.14220007678799998,2023-10-29
10-30,10,30,0.0,0.027900015065999997,0.040600021923999995,0.104100056214,0.027900015065999997,0.0,0.040600021923999995,0.00250000135,0.010200005508000001,0.0,0.0,0.022900012366000002,0.0,0.050800027432,0.010200005508000001,0.020300010961999997,0.038100020574,0.0,0.03300001782,0.053300028782,0.007600004103999999,0.0,0.0,0.0,0.015200008207999998,0.0,0.14220007678799998,0.020300010961999997,0.048300026082,0.0,0.0,0.050800027432,0.00250000135,0.0,0.007600004103999999,0.022900012366000002,0.0,0.0,0.0,0.0,0.0,0.010200005508000001,0.0,0.0,0.012700006858,0.0,0.010200005508000001,0.0,0.0,0.0,0.0,0.017352092703458333,0.005050002727,0.024150013041,0.04905002648700001,0.14220007678799998,2023-10-30
10-31,10,31,0.00250000135,0.050800027432,0.040600021923999995,0.104100056214,0.027900015065999997,0.0,0.040600021923999995,0.00250000135,0.010200005508000001,0.0,0.0,0.022900012366000002,0.0,0.050800027432,0.015200008207999998,0.020300010961999997,0.038100020574,0.0,0.03300001782,0.053300028782,0.007600004103999999,0.0,0.0,0.0,0.015200008207999998,0.00250000135,0.14220007678799998,0.020300010961999997,0.048300026082,0.0,0.0,0.06100003294,0.005100002754000001,0.0,0.00250000135,0.025400013716,0.0,0.0,0.0,0.0,0.0,0.010200005508000001,0.0,0.0,0.010200005508000001,0.0,0.012700006858,0.0,0.0,0.0,0.0,0.018250009855,0.003800002052,0.026025014053500002,0.050800027432,0.14220007678799998,2023-10-31
11-01,11,1,0.00250000135,0.050800027432,0.040600021923999995,0.104100056214,0.03300001782,0.0,0.040600021923999995,0.00250000135,0.012700006858,0.0,0.0,0.027900015065999997,0.0,0.050800027432,0.015200008207999998,0.020300010961999997,0.038100020574,0.0,0.03300001782,0.048300026082,0.0,0.0,0.020300010961999997,0.0,0.015200008207999998,0.012700006858,0.14480007819200003,0.020300010961999997,0.048300026082,0.0,0.0,0.058400031536,0.010200005508000001,0.0,0.00250000135,0.025400013716,0.0,0.0,0.0,0.0,0.0,0.010200005508000001,0.0,0.0,0.010200005508000001,0.0,0.012700006858,0.0,0.0,0.0,0.0,0.018991676922166665,0.010200005508000001,0.029175015754499996,0.04905002648700001,0.14480007819200003,2023-11-01
11-02,11,2,0.00250000135,0.050800027432,0.040600021923999995,0.104100056214,0.03300001782,0.0,0.040600021923999995,0.00250000135,0.012700006858,0.0,0.0,0.027900015065999997,0.005100002754000001,0.053300028782,0.017800009611999998,0.020300010961999997,0.038100020574,0.0,0.03300001782,0.048300026082,0.005100002754000001,0.0,0.020300010961999997,0.0,0.015200008207999998,0.012700006858,0.14480007819200003,0.020300010961999997,0.048300026082,0.0,0.0,0.058400031536,0.005100002754000001,0.005100002754000001,0.00250000135,0.025400013716,0.0,0.0,0.0,0.0,0.00250000135,0.010200005508000001,0.0,0.0,0.010200005508000001,0.0,0.010200005508000001,0.0,0.0,0.0,0.0,0.019310427094291666,0.007650004131000001,0.029175015754499996,0.04905002648700001,0.14480007819200003,2023-11-02
11-03,11,3,0.00250000135,0.053300028782,0.040600021923999995,0.104100056214,0.03300001782,0.0,0.040600021923999995,0.00250000135,0.022900012366000002,0.0,0.0,0.027900015065999997,0.007600004103999999,0.055900030186,0.038100020574,0.020300010961999997,0.045700024677999995,0.0,0.03300001782,0.045700024677999995,0.007600004103999999,0.0,0.020300010961999997,0.0,0.015200008207999998,0.012700006858,0.14480007819200003,0.020300010961999997,0.048300026082,0.0,0.0,0.055900030186,0.0,0.005100002754000001,0.00250000135,0.025400013716,0.00250000135,0.0,0.0,0.0,0.007600004103999999,0.007600004103999999,0.0,0.0,0.027900015065999997,0.0,0.010200005508000001,0.0,0.0,0.0,0.0,0.0205750111105,0.007600004103999999,0.03300001782,0.04980002689200002,0.14480007819200003,2023-11-03
11-04,11,4,0.00250000135,0.053300028782,0.040600021923999995,0.104100056214,0.03300001782,0.0,0.040600021923999995,0.00250000135,0.03300001782,0.0,0.0,0.03050001647,0.007600004103999999,0.055900030186,0.038100020574,0.020300010961999997,0.050800027432,0.0,0.03300001782,0.045700024677999995,0.007600004103999999,0.0,0.020300010961999997,0.0,0.015200008207999998,0.012700006858,0.14480007819200003,0.017800009611999998,0.045700024677999995,0.0,0.0,0.055900030186,0.0,0.005100002754000001,0.00250000135,0.027900015065999997,0.00250000135,0.00250000135,0.0,0.0,0.007600004103999999,0.007600004103999999,0.0,0.0,0.027900015065999997,0.0,0.010200005508000001,0.0,0.0,0.0,0.0,0.020943761309624997,0.007600004103999999,0.03300001782,0.05155002783700001,0.14480007819200003,2023-11-04
11-05,11,5,0.00250000135,0.053300028782,0.040600021923999995,0.104100056214,0.03300001782,0.0,0.040600021923999995,0.00250000135,0.035600019223999996,0.0,0.0,0.03050001647,0.010200005508000001,0.040600021923999995,0.038100020574,0.022900012366000002,0.050800027432,0.0,0.040600021923999995,0.045700024677999995,0.007600004103999999,0.0,0.020300010961999997,0.0,0.015200008207999998,0.012700006858,0.14220007678799998,0.017800009611999998,0.045700024677999995,0.0,0.005100002754000001,0.055900030186,0.0,0.025400013716,0.00250000135,0.027900015065999997,0.00250000135,0.010200005508000001,0.0,0.00250000135,0.010200005508000001,0.007600004103999999,0.0,0.0,0.027900015065999997,0.0,0.010200005508000001,0.0,0.0,0.0,0.0,0.021687511711249996,0.010200005508000001,0.036225019561499996,0.04723002550420002,0.14220007678799998,2023-11-05
11-06,11,6,0.00250000135,0.053300028782,0.040600021923999995,0.104100056214,0.03300001782,0.0,0.040600021923999995,0.017800009611999998,0.040600021923999995,0.007600004103999999,0.0,0.03050001647,0.020300010961999997,0.040600021923999995,0.038100020574,0.022900012366000002,0.050800027432,0.0,0.040600021923999995,0.045700024677999995,0.015200008207999998,0.0,0.020300010961999997,0.0,0.015200008207999998,0.012700006858,0.13970007543799998,0.017800009611999998,0.048300026082,0.0,0.007600004103999999,0.053300028782,0.0,0.025400013716,0.00250000135,0.027900015065999997,0.0,0.010200005508000001,0.0,0.00250000135,0.010200005508000001,0.007600004103999999,0.0,0.0,0.027900015065999997,0.0,0.010200005508000001,0.0,0.0,0.0,0.0,0.022585428862791662,0.015200008207999998,0.0387250209115,0.04905002648700001,0.13970007543799998,2023-11-06
11-07,11,7,0.00250000135,0.053300028782,0.040600021923999995,0.104100056214,0.038100020574,0.0,0.040600021923999995,0.017800009611999998,0.045700024677999995,0.007600004103999999,0.0,0.03050001647,0.020300010961999997,0.038100020574,0.038100020574,0.022900012366000002,0.050800027432,0.0,0.040600021923999995,0.045700024677999995,0.020300010961999997,0.0,0.020300010961999997,0.0,0.015200008207999998,0.012700006858,0.13970007543799998,0.017800009611999998,0.045700024677999995,0.0,0.007600004103999999,0.050800027432,0.0,0.025400013716,0.0,0.027900015065999997,0.0,0.015200008207999998,0.0,0.015200008207999998,0.010200005508000001,0.007600004103999999,0.0,0.0,0.027900015065999997,0.0,0.015200008207999998,0.0,0.0,0.0,0.0,0.023166679176666663,0.01650000891,0.038100020574,0.04723002550420002,0.13970007543799998,2023-11-07
11-08,11,8,0.00250000135,0.053300028782,0.040600021923999995,0.104100056214,0.043200023328,0.010200005508000001,0.043200023328,0.017800009611999998,0.040600021923999995,0.015200008207999998,0.0,0.027900015065999997,0.020300010961999997,0.038100020574,0.038100020574,0.022900012366000002,0.050800027432,0.0,0.040600021923999995,0.045700024677999995,0.020300010961999997,0.0,0.020300010961999997,0.0,0.015200008207999998,0.012700006858,0.13460007268399998,0.015200008207999998,0.038100020574,0.0,0.007600004103999999,0.050800027432,0.0,0.025400013716,0.0,0.027900015065999997,0.0,0.015200008207999998,0.0,0.015200008207999998,0.017800009611999998,0.007600004103999999,0.012700006858,0.0,0.03050001647,0.0,0.015200008207999998,0.0,0.0,0.0,0.0018750010125,0.023695846129083334,0.01650000891,0.038100020574,0.04723002550420002,0.13460007268399998,2023-11-08
11-09,11,9,0.00250000135,0.053300028782,0.045700024677999995,0.104100056214,0.053300028782,0.012700006858,0.058400031536,0.017800009611999998,0.048300026082,0.015200008207999998,0.0,0.027900015065999997,0.020300010961999997,0.038100020574,0.038100020574,0.022900012366000002,0.050800027432,0.0,0.043200023328,0.050800027432,0.03300001782,0.0,0.020300010961999997,0.0,0.03300001782,0.012700006858,0.13460007268399998,0.012700006858,0.03050001647,0.0,0.007600004103999999,0.048300026082,0.022900012366000002,0.025400013716,0.005100002754000001,0.025400013716,0.0,0.015200008207999998,0.0,0.015200008207999998,0.017800009611999998,0.007600004103999999,0.022900012366000002,0.0,0.03050001647,0.0,0.015200008207999998,0.0,0.0,0.0,0.006975003766499999,0.025818763942124998,0.020300010961999997,0.038100020574,0.05155002783700001,0.13460007268399998,2023-11-09
11-10,11,10,0.00250000135,0.053300028782,0.040600021923999995,0.104100056214,0.06100003294,0.012700006858,0.058400031536,0.020300010961999997,0.053300028782,0.015200008207999998,0.0,0.027900015065999997,0.020300010961999997,0.038100020574,0.038100020574,0.022900012366000002,0.050800027432,0.0,0.043200023328,0.050800027432,0.03300001782,0.0,0.027900015065999997,0.0,0.035600019223999996,0.012700006858,0.13970007543799998,0.007600004103999999,0.027900015065999997,0.0,0.017800009611999998,0.045700024677999995,0.022900012366000002,0.025400013716,0.050800027432,0.025400013716,0.0,0.015200008207999998,0.0,0.015200008207999998,0.017800009611999998,0.007600004103999999,0.022900012366000002,0.0,0.035600019223999996,0.0,0.015200008207999998,0.0,0.0,0.0,0.007600004103999999,0.027404181464916664,0.022900012366000002,0.0387250209115,0.053300028782,0.13970007543799998,2023-11-10
11-11,11,11,0.058400031536,0.053300028782,0.043200023328,0.104100056214,0.078700042498,0.012700006858,0.058400031536,0.025400013716,0.055900030186,0.015200008207999998,0.00250000135,0.025400013716,0.020300010961999997,0.038100020574,0.038100020574,0.025400013716,0.050800027432,0.0,0.043200023328,0.050800027432,0.03300001782,0.0,0.03300001782,0.0,0.035600019223999996,0.015200008207999998,0.13970007543799998,0.005100002754000001,0.027900015065999997,0.0,0.022900012366000002,0.048300026082,0.022900012366000002,0.025400013716,0.050800027432,0.022900012366000002,0.0,0.027900015065999997,0.0,0.015200008207999998,0.017800009611999998,0.007600004103999999,0.022900012366000002,0.0,0.035600019223999996,0.0,0.015200008207999998,0.0,0.0,0.0,0.0114250061695,0.02968334936233333,0.025400013716,0.043200023328,0.05665003059100001,0.13970007543799998,2023-11-11
11-12,11,12,0.06600003564,0.053300028782,0.043200023328,0.104100056214,0.078700042498,0.012700006858,0.058400031536,0.048300026082,0.055900030186,0.015200008207999998,0.005100002754000001,0.022900012366000002,0.020300010961999997,0.038100020574,0.038100020574,0.025400013716,0.050800027432,0.0,0.043200023328,0.053300028782,0.03300001782,0.0,0.03300001782,0.0,0.035600019223999996,0.015200008207999998,0.147300079542,0.007600004103999999,0.03300001782,0.0,0.022900012366000002,0.048300026082,0.022900012366000002,0.025400013716,0.050800027432,0.020300010961999997,0.005100002754000001,0.027900015065999997,0.0,0.015200008207999998,0.022900012366000002,0.007600004103999999,0.025400013716,0.0,0.035600019223999996,0.0,0.015200008207999998,0.0,0.0,0.0,0.0114250061695,0.030900016686,0.025400013716,0.0444750240165,0.05665003059100001,0.147300079542,2023-11-12
11-13,11,13,0.07110003839399999,0.053300028782,0.038100020574,0.104100056214,0.08130004390199999,0.017800009611999998,0.058400031536,0.055900030186,0.055900030186,0.015200008207999998,0.005100002754000001,0.015200008207999998,0.020300010961999997,0.038100020574,0.038100020574,0.03050001647,0.058400031536,0.0,0.043200023328,0.053300028782,0.03300001782,0.0,0.03300001782,0.0,0.035600019223999996,0.015200008207999998,0.154900083646,0.007600004103999999,0.035600019223999996,0.0,0.022900012366000002,0.048300026082,0.022900012366000002,0.025400013716,0.050800027432,0.017800009611999998,0.012700006858,0.027900015065999997,0.0,0.015200008207999998,0.025400013716,0.007600004103999999,0.025400013716,0.0,0.035600019223999996,0.0,0.022900012366000002,0.0,0.0,0.0,0.0145750078705,0.03185418386791666,0.025400013716,0.0444750240165,0.058400031536,0.154900083646,2023-11-13
11-14,11,14,0.07110003839399999,0.053300028782,0.038100020574,0.106700057618,0.08380004525200001,0.025400013716,0.06100003294,0.06600003564,0.055900030186,0.017800009611999998,0.010200005508000001,0.010200005508000001,0.020300010961999997,0.038100020574,0.038100020574,0.03050001647,0.06100003294,0.0,0.043200023328,0.053300028782,0.03300001782,0.0,0.03300001782,0.0,0.035600019223999996,0.027900015065999997,0.154900083646,0.010200005508000001,0.040600021923999995,0.0,0.022900012366000002,0.053300028782,0.022900012366000002,0.025400013716,0.048300026082,0.017800009611999998,0.017800009611999998,0.027900015065999997,0.0,0.012700006858,0.027900015065999997,0.007600004103999999,0.027900015065999997,0.0,0.035600019223999996,0.0,0.022900012366000002,0.0,0.0,0.0,0.0120750065205,0.03312710122195833,0.027900015065999997,0.0444750240165,0.06250003375000002,0.154900083646,2023-11-14
11-15,11,15,0.07110003839399999,0.053300028782,0.043200023328,0.106700057618,0.08380004525200001,0.025400013716,0.06100003294,0.07110003839399999,0.058400031536,0.022900012366000002,0.03300001782,0.010200005508000001,0.020300010961999997,0.038100020574,0.038100020574,0.03050001647,0.06100003294,0.0,0.043200023328,0.053300028782,0.03300001782,0.0,0.03300001782,0.0,0.035600019223999996,0.027900015065999997,0.154900083646,0.017800009611999998,0.045700024677999995,0.0,0.022900012366000002,0.053300028782,0.025400013716,0.025400013716,0.048300026082,0.017800009611999998,0.020300010961999997,0.027900015065999997,0.0,0.012700006858,0.027900015065999997,0.007600004103999999,0.027900015065999997,0.0,0.035600019223999996,0.0,0.022900012366000002,0.0,0.0,0.0,0.017800009611999998,0.03434168521116667,0.027900015065999997,0.046350025029,0.06403003457620003,0.154900083646,2023-11-15
11-16,11,16,0.07110003839399999,0.053300028782,0.043200023328,0.106700057618,0.086400046656,0.025400013716,0.06100003294,0.07110003839399999,0.058400031536,0.022900012366000002,0.03300001782,0.010200005508000001,0.020300010961999997,0.040600021923999995,0.038100020574,0.03050001647,0.06100003294,0.0,0.038100020574,0.053300028782,0.03300001782,0.0,0.03300001782,0.0,0.035600019223999996,0.027900015065999997,0.154900083646,0.017800009611999998,0.045700024677999995,0.0,0.020300010961999997,0.053300028782,0.03300001782,0.022900012366000002,0.048300026082,0.020300010961999997,0.020300010961999997,0.03050001647,0.0,0.010200005508000001,0.027900015065999997,0.007600004103999999,0.027900015065999997,0.0,0.035600019223999996,0.0,0.022900012366000002,0.0,0.0,0.0,0.019675010624499997,0.03444793526854167,0.03050001647,0.046350025029,0.06403003457620003,0.154900083646,2023-11-16
11-17,11,17,0.07110003839399999,0.053300028782,0.043200023328,0.106700057618,0.086400046656,0.025400013716,0.06100003294,0.07110003839399999,0.06100003294,0.025400013716,0.03300001782,0.010200005508000001,0.020300010961999997,0.043200023328,0.038100020574,0.03050001647,0.078700042498,0.0,0.035600019223999996,0.053300028782,0.03300001782,0.0,0.03300001782,0.0,0.035600019223999996,0.03300001782,0.154900083646,0.020300010961999997,0.048300026082,0.0,0.017800009611999998,0.053300028782,0.03300001782,0.022900012366000002,0.048300026082,0.025400013716,0.020300010961999997,0.038100020574,0.0,0.010200005508000001,0.027900015065999997,0.007600004103999999,0.027900015065999997,0.0,0.035600019223999996,0.005100002754000001,0.022900012366000002,0.007600004103999999,0.0,0.0,0.019675010624499997,0.03561460256520833,0.03300001782,0.048300026082,0.07110003839399999,0.154900083646,2023-11-17
11-18,11,18,0.07110003839399999,0.053300028782,0.043200023328,0.109200058968,0.086400046656,0.025400013716,0.058400031536,0.073700039798,0.06350003429000001,0.025400013716,0.040600021923999995,0.010200005508000001,0.020300010961999997,0.053300028782,0.038100020574,0.03050001647,0.078700042498,0.0,0.03300001782,0.053300028782,0.03300001782,0.0,0.03300001782,0.0,0.035600019223999996,0.035600019223999996,0.154900083646,0.020300010961999997,0.050800027432,0.0,0.017800009611999998,0.053300028782,0.03300001782,0.022900012366000002,0.058400031536,0.025400013716,0.020300010961999997,0.035600019223999996,0.007600004103999999,0.022900012366000002,0.027900015065999997,0.007600004103999999,0.027900015065999997,0.0,0.035600019223999996,0.005100002754000001,0.022900012366000002,0.012700006858,0.0,0.0035700019278000015,0.020300010961999997,0.036827103219958336,0.03300001782,0.053300028782,0.0718800388152,0.154900083646,2023-11-18
11-19,11,19,0.07110003839399999,0.053300028782,0.043200023328,0.109200058968,0.09910005351399999,0.025400013716,0.058400031536,0.073700039798,0.06350003429000001,0.025400013716,0.043200023328,0.010200005508000001,0.020300010961999997,0.055900030186,0.048300026082,0.03050001647,0.104100056214,0.0,0.040600021923999995,0.053300028782,0.03300001782,0.0,0.03300001782,0.0,0.035600019223999996,0.035600019223999996,0.154900083646,0.020300010961999997,0.050800027432,0.0,0.017800009611999998,0.053300028782,0.03300001782,0.03300001782,0.058400031536,0.027900015065999997,0.020300010961999997,0.035600019223999996,0.007600004103999999,0.022900012366000002,0.027900015065999997,0.007600004103999999,0.027900015065999997,0.0,0.035600019223999996,0.010200005508000001,0.022900012366000002,0.012700006858,0.0,0.0053200028728000014,0.020300010961999997,0.038468770773125,0.03300001782,0.053300028782,0.0718800388152,0.154900083646,2023-11-19
11-20,11,20,0.07110003839399999,0.088900048006,0.043200023328,0.109200058968,0.106700057618,0.025400013716,0.058400031536,0.073700039798,0.06350003429000001,0.025400013716,0.043200023328,0.010200005508000001,0.027900015065999997,0.058400031536,0.050800027432,0.03050001647,0.104100056214,0.0,0.043200023328,0.053300028782,0.03300001782,0.0,0.03300001782,0.0,0.035600019223999996,0.035600019223999996,0.154900083646,0.020300010961999997,0.050800027432,0.0,0.017800009611999998,0.053300028782,0.03300001782,0.03300001782,0.058400031536,0.03050001647,0.020300010961999997,0.035600019223999996,0.005100002754000001,0.022900012366000002,0.027900015065999997,0.007600004103999999,0.020300010961999997,0.0,0.035600019223999996,0.015200008207999998,0.022900012366000002,0.017800009611999998,0.0,0.0035700019278000015,0.020300010961999997,0.039739604792708334,0.03300001782,0.053300028782,0.07826004226040006,0.154900083646,2023-11-20
11-21,11,21,0.07110003839399999,0.09650005211,0.043200023328,0.109200058968,0.109200058968,0.03300001782,0.058400031536,0.076200041148,0.07110003839399999,0.025400013716,0.043200023328,0.010200005508000001,0.06100003294,0.06100003294,0.06100003294,0.03050001647,0.106700057618,0.0,0.043200023328,0.053300028782,0.03300001782,0.0,0.03300001782,0.0,0.035600019223999996,0.035600019223999996,0.15750008505,0.020300010961999997,0.050800027432,0.0,0.017800009611999998,0.053300028782,0.055900030186,0.035600019223999996,0.058400031536,0.03300001782,0.020300010961999997,0.035600019223999996,0.005100002754000001,0.022900012366000002,0.027900015065999997,0.027900015065999997,0.017800009611999998,0.0,0.035600019223999996,0.015200008207999998,0.025400013716,0.017800009611999998,0.0,0.0035700019278000015,0.020300010961999997,0.04238960622370833,0.035600019223999996,0.058400031536,0.08229004443660008,0.15750008505,2023-11-21
11-22,11,22,0.07110003839399999,0.09650005211,0.043200023328,0.109200058968,0.111800060372,0.053300028782,0.058400031536,0.076200041148,0.07110003839399999,0.025400013716,0.043200023328,0.010200005508000001,0.06100003294,0.06100003294,0.06100003294,0.03050001647,0.106700057618,0.0,0.050800027432,0.053300028782,0.03300001782,0.010200005508000001,0.03300001782,0.0,0.035600019223999996,0.038100020574,0.1600000864,0.017800009611999998,0.050800027432,0.005100002754000001,0.017800009611999998,0.053300028782,0.068600037044,0.035600019223999996,0.055900030186,0.035600019223999996,0.020300010961999997,0.035600019223999996,0.010200005508000001,0.022900012366000002,0.027900015065999997,0.027900015065999997,0.017800009611999998,0.0,0.035600019223999996,0.015200008207999998,0.025400013716,0.017800009611999998,0.0,0.010200005508000001,0.019675010624499997,0.043768773635125,0.035600019223999996,0.059050031887,0.08229004443660008,0.1600000864,2023-11-22
11-23,11,23,0.07110003839399999,0.09650005211,0.048300026082,0.109200058968,0.114300061722,0.053300028782,0.058400031536,0.078700042498,0.076200041148,0.025400013716,0.043200023328,0.010200005508000001,0.06100003294,0.068600037044,0.06600003564,0.03300001782,0.106700057618,0.0,0.068600037044,0.053300028782,0.03300001782,0.010200005508000001,0.03300001782,0.007600004103999999,0.035600019223999996,0.038100020574,0.1600000864,0.017800009611999998,0.050800027432,0.005100002754000001,0.017800009611999998,0.058400031536,0.07110003839399999,0.038100020574,0.055900030186,0.035600019223999996,0.022900012366000002,0.035600019223999996,0.010200005508000001,0.020300010961999997,0.03300001782,0.027900015065999997,0.017800009611999998,0.0,0.035600019223999996,0.017800009611999998,0.025400013716,0.015200008207999998,0.0,0.010200005508000001,0.019675010624499997,0.045245857766083336,0.035600019223999996,0.062250033615,0.08404004538160008,0.1600000864,2023-11-23
11-24,11,24,0.073700039798,0.09650005211,0.048300026082,0.109200058968,0.114300061722,0.053300028782,0.058400031536,0.08130004390199999,0.076200041148,0.027900015065999997,0.045700024677999995,0.010200005508000001,0.06100003294,0.068600037044,0.068600037044,0.03300001782,0.106700057618,0.0,0.068600037044,0.053300028782,0.03300001782,0.010200005508000001,0.03300001782,0.007600004103999999,0.035600019223999996,0.038100020574,0.1600000864,0.017800009611999998,0.050800027432,0.005100002754000001,0.017800009611999998,0.058400031536,0.09140004935599999,0.038100020574,0.055900030186,0.035600019223999996,0.022900012366000002,0.035600019223999996,0.015200008207999998,0.020300010961999997,0.03300001782,0.027900015065999997,0.020300010961999997,0.0,0.035600019223999996,0.017800009611999998,0.025400013716,0.015200008207999998,0.0,0.010200005508000001,0.020300010961999997,0.04609169155616666,0.035600019223999996,0.062900033966,0.09293005018220002,0.1600000864,2023-11-24
11-25,11,25,0.073700039798,0.09650005211,0.048300026082,0.109200058968,0.116800063072,0.058400031536,0.07110003839399999,0.09650005211,0.076200041148,0.03050001647,0.048300026082,0.022900012366000002,0.06100003294,0.073700039798,0.068600037044,0.03300001782,0.109200058968,0.0,0.068600037044,0.053300028782,0.03300001782,0.010200005508000001,0.03300001782,0.007600004103999999,0.038100020574,0.038100020574,0.1600000864,0.022900012366000002,0.050800027432,0.005100002754000001,0.017800009611999998,0.058400031536,0.09140004935599999,0.035600019223999996,0.055900030186,0.038100020574,0.022900012366000002,0.035600019223999996,0.015200008207999998,0.017800009611999998,0.038100020574,0.027900015065999997,0.020300010961999997,0.0,0.038100020574,0.025400013716,0.045700024677999995,0.015200008207999998,0.0,0.013700007398,0.022900012366000002,0.04820835936583332,0.038100020574,0.068600037044,0.09650005211,0.1600000864,2023-11-25
11-26,11,26,0.073700039798,0.09650005211,0.048300026082,0.12700006858000001,0.116800063072,0.086400046656,0.07110003839399999,0.101600054864,0.076200041148,0.03050001647,0.048300026082,0.027900015065999997,0.06100003294,0.073700039798,0.068600037044,0.03300001782,0.109200058968,0.0,0.068600037044,0.053300028782,0.03300001782,0.010200005508000001,0.03300001782,0.03050001647,0.038100020574,0.038100020574,0.1600000864,0.027900015065999997,0.050800027432,0.005100002754000001,0.017800009611999998,0.058400031536,0.09140004935599999,0.035600019223999996,0.055900030186,0.038100020574,0.022900012366000002,0.038100020574,0.015200008207999998,0.017800009611999998,0.038100020574,0.035600019223999996,0.020300010961999997,0.0,0.038100020574,0.025400013716,0.050800027432,0.015200008207999998,0.0,0.015200008207999998,0.027900015065999997,0.05027294381404166,0.038100020574,0.0692250373815,0.09803005293620003,0.1600000864,2023-11-26
11-27,11,27,0.078700042498,0.106700057618,0.048300026082,0.13210007133399998,0.116800063072,0.09400005076,0.07110003839399999,0.101600054864,0.076200041148,0.03300001782,0.050800027432,0.045700024677999995,0.06350003429000001,0.073700039798,0.068600037044,0.03300001782,0.116800063072,0.0,0.068600037044,0.055900030186,0.03300001782,0.010200005508000001,0.03300001782,0.03050001647,0.038100020574,0.038100020574,0.1600000864,0.027900015065999997,0.050800027432,0.015200008207999998,0.020300010961999997,0.058400031536,0.09140004935599999,0.035600019223999996,0.055900030186,0.038100020574,0.022900012366000002,0.038100020574,0.015200008207999998,0.015200008207999998,0.038100020574,0.040600021923999995,0.020300010961999997,0.0,0.038100020574,0.025400013716,0.050800027432,0.015200008207999998,0.0,0.015200008207999998,0.029850016118999997,0.051906278029374996,0.039350021249,0.0692250373815,0.10313005569020002,0.1600000864,2023-11-27
11-28,11,28,0.08130004390199999,0.106700057618,0.048300026082,0.13210007133399998,0.116800063072,0.09400005076,0.07110003839399999,0.101600054864,0.076200041148,0.03300001782,0.050800027432,0.045700024677999995,0.06350003429000001,0.073700039798,0.068600037044,0.035600019223999996,0.116800063072,0.0,0.068600037044,0.068600037044,0.03300001782,0.010200005508000001,0.03300001782,0.03050001647,0.038100020574,0.038100020574,0.16260008780399998,0.027900015065999997,0.073700039798,0.015200008207999998,0.020300010961999997,0.058400031536,0.09140004935599999,0.035600019223999996,0.055900030186,0.038100020574,0.022900012366000002,0.045700024677999995,0.025400013716,0.015200008207999998,0.038100020574,0.048300026082,0.020300010961999997,0.0,0.038100020574,0.027900015065999997,0.050800027432,0.015200008207999998,0.0,0.015200008207999998,0.029850016118999997,0.053393778832625,0.045700024677999995,0.071750038745,0.10313005569020002,0.16260008780399998,2023-11-28
11-29,11,29,0.08130004390199999,0.106700057618,0.048300026082,0.13210007133399998,0.11940006447600002,0.09650005211,0.07110003839399999,0.104100056214,0.076200041148,0.03300001782,0.050800027432,0.045700024677999995,0.06600003564,0.076200041148,0.07110003839399999,0.035600019223999996,0.116800063072,0.0,0.068600037044,0.068600037044,0.043200023328,0.010200005508000001,0.03300001782,0.03050001647,0.038100020574,0.040600021923999995,0.177800096012,0.03050001647,0.073700039798,0.015200008207999998,0.020300010961999997,0.058400031536,0.09140004935599999,0.035600019223999996,0.055900030186,0.038100020574,0.022900012366000002,0.045700024677999995,0.03300001782,0.015200008207999998,0.038100020574,0.076200041148,0.020300010961999997,0.0,0.038100020574,0.027900015065999997,0.050800027432,0.015200008207999998,0.0,0.015200008207999998,0.0323750174825,0.055083363078333336,0.045700024677999995,0.0743250401355,0.1048800566352,0.177800096012,2023-11-29
11-30,11,30,0.08130004390199999,0.106700057618,0.048300026082,0.13210007133399998,0.12190006582599998,0.09650005211,0.07110003839399999,0.111800060372,0.08130004390199999,0.03300001782,0.050800027432,0.045700024677999995,0.06600003564,0.08380004525200001,0.07110003839399999,0.035600019223999996,0.116800063072,0.0,0.07110003839399999,0.07110003839399999,0.043200023328,0.010200005508000001,0.03300001782,0.03050001647,0.038100020574,0.040600021923999995,0.177800096012,0.035600019223999996,0.073700039798,0.015200008207999998,0.020300010961999997,0.058400031536,0.09140004935599999,0.035600019223999996,0.055900030186,0.038100020574,0.022900012366000002,0.045700024677999995,0.03300001782,0.015200008207999998,0.050800027432,0.101600054864,0.020300010961999997,0.0,0.038100020574,0.027900015065999997,0.053300028782,0.015200008207999998,0.0,0.015200008207999998,0.03300001782,0.05661669723966667,0.04700002538,0.07560004082399999,0.10823005844420003,0.177800096012,2023-11-30
12-01,12,1,0.08130004390199999,0.106700057618,0.048300026082,0.08380004525200001,0.195600105624,0.09650005211,0.073700039798,0.111800060372,0.08130004390199999,0.03300001782,0.050800027432,0.045700024677999995,0.06600003564,0.086400046656,0.07110003839399999,0.035600019223999996,0.11940006447600002,0.0,0.07110003839399999,0.07110003839399999,0.043200023328,0.010200005508000001,0.03300001782,0.03050001647,0.038100020574,0.040600021923999995,0.177800096012,0.035600019223999996,0.073700039798,0.027900015065999997,0.020300010961999997,0.058400031536,0.09140004935599999,0.040600021923999995,0.055900030186,0.038100020574,0.022900012366000002,0.050800027432,0.03300001782,0.015200008207999998,0.050800027432,0.101600054864,0.020300010961999997,0.0,0.038100020574,0.027900015065999997,0.053300028782,0.022900012366000002,0.0,0.020300010961999997,0.03300001782,0.057943781289625,0.049550026757,0.07560004082399999,0.10313005569020002,0.195600105624,2023-12-01
12-02,12,2,0.086400046656,0.106700057618,0.048300026082,0.08380004525200001,0.20070010837799998,0.09910005351399999,0.073700039798,0.111800060372,0.08130004390199999,0.035600019223999996,0.050800027432,0.045700024677999995,0.06600003564,0.086400046656,0.07110003839399999,0.035600019223999996,0.11940006447600002,0.0,0.07110003839399999,0.07110003839399999,0.043200023328,0.010200005508000001,0.03300001782,0.03050001647,0.038100020574,0.040600021923999995,0.177800096012,0.038100020574,0.073700039798,0.03300001782,0.017800009611999998,0.058400031536,0.09140004935599999,0.045700024677999995,0.055900030186,0.038100020574,0.025400013716,0.050800027432,0.03300001782,0.015200008207999998,0.050800027432,0.101600054864,0.020300010961999997,0.0,0.048300026082,0.03300001782,0.053300028782,0.022900012366000002,0.0,0.019550010556999998,0.03300001782,0.058847948444541665,0.049550026757,0.07560004082399999,0.10313005569020002,0.20070010837799998,2023-12-02
12-03,12,3,0.086400046656,0.106700057618,0.048300026082,0.08380004525200001,0.20570011107800001,0.09910005351399999,0.073700039798,0.114300061722,0.08130004390199999,0.035600019223999996,0.050800027432,0.045700024677999995,0.06600003564,0.086400046656,0.07110003839399999,0.035600019223999996,0.11940006447600002,0.0,0.07110003839399999,0.07110003839399999,0.043200023328,0.010200005508000001,0.03300001782,0.03300001782,0.038100020574,0.040600021923999995,0.177800096012,0.038100020574,0.073700039798,0.03300001782,0.017800009611999998,0.058400031536,0.09140004935599999,0.048300026082,0.06100003294,0.038100020574,0.025400013716,0.050800027432,0.03300001782,0.015200008207999998,0.053300028782,0.101600054864,0.022900012366000002,0.0,0.048300026082,0.038100020574,0.053300028782,0.025400013716,0.0,0.0213700115398,0.034950018873,0.059481282119875,0.049550026757,0.07560004082399999,0.10313005569020002,0.20570011107800001,2023-12-03
12-04,12,4,0.088900048006,0.106700057618,0.048300026082,0.08380004525200001,0.208300112482,0.109200058968,0.073700039798,0.116800063072,0.08130004390199999,0.035600019223999996,0.050800027432,0.045700024677999995,0.06600003564,0.086400046656,0.07110003839399999,0.035600019223999996,0.12190006582599998,0.0,0.07110003839399999,0.07110003839399999,0.043200023328,0.010200005508000001,0.03300001782,0.038100020574,0.038100020574,0.040600021923999995,0.177800096012,0.038100020574,0.073700039798,0.035600019223999996,0.017800009611999998,0.058400031536,0.09140004935599999,0.048300026082,0.06100003294,0.050800027432,0.025400013716,0.050800027432,0.03300001782,0.025400013716,0.055900030186,0.101600054864,0.022900012366000002,0.0,0.06100003294,0.043200023328,0.053300028782,0.025400013716,0.0,0.024650013311000002,0.035600019223999996,0.06096461625420833,0.050800027432,0.07560004082399999,0.107450058023,0.208300112482,2023-12-04
12-05,12,5,0.09140004935599999,0.106700057618,0.055900030186,0.08380004525200001,0.213400115236,0.111800060372,0.073700039798,0.116800063072,0.08130004390199999,0.035600019223999996,0.050800027432,0.045700024677999995,0.06600003564,0.086400046656,0.07110003839399999,0.035600019223999996,0.12450006723,0.0,0.07110003839399999,0.07110003839399999,0.043200023328,0.010200005508000001,0.03300001782,0.045700024677999995,0.038100020574,0.040600021923999995,0.177800096012,0.038100020574,0.076200041148,0.035600019223999996,0.017800009611999998,0.058400031536,0.09140004935599999,0.048300026082,0.06100003294,0.053300028782,0.025400013716,0.050800027432,0.035600019223999996,0.025400013716,0.055900030186,0.104100056214,0.022900012366000002,0.0,0.06100003294,0.043200023328,0.053300028782,0.03050001647,0.0,0.024650013311000002,0.035600019223999996,0.06186461674020832,0.053300028782,0.0774750418365,0.10823005844420003,0.213400115236,2023-12-05
12-06,12,6,0.09400005076,0.106700057618,0.06100003294,0.08380004525200001,0.215900116586,0.111800060372,0.073700039798,0.116800063072,0.08130004390199999,0.035600019223999996,0.050800027432,0.045700024677999995,0.06600003564,0.086400046656,0.07110003839399999,0.040600021923999995,0.12450006723,0.00250000135,0.07110003839399999,0.07110003839399999,0.043200023328,0.010200005508000001,0.03300001782,0.050800027432,0.038100020574,0.040600021923999995,0.177800096012,0.043200023328,0.078700042498,0.035600019223999996,0.017800009611999998,0.06100003294,0.09140004935599999,0.050800027432,0.06100003294,0.053300028782,0.025400013716,0.050800027432,0.038100020574,0.025400013716,0.055900030186,0.106700057618,0.022900012366000002,0.0,0.06100003294,0.043200023328,0.053300028782,0.03300001782,0.0,0.024650013311000002,0.038100020574,0.06276253389175,0.053300028782,0.07935004284899999,0.10823005844420003,0.215900116586,2023-12-06
12-07,12,7,0.109200058968,0.106700057618,0.06100003294,0.08380004525200001,0.218400117936,0.111800060372,0.073700039798,0.116800063072,0.08130004390199999,0.038100020574,0.053300028782,0.045700024677999995,0.06600003564,0.086400046656,0.07110003839399999,0.040600021923999995,0.12700006858000001,0.00250000135,0.07110003839399999,0.07110003839399999,0.043200023328,0.010200005508000001,0.03300001782,0.053300028782,0.038100020574,0.040600021923999995,0.177800096012,0.045700024677999995,0.078700042498,0.040600021923999995,0.017800009611999998,0.06350003429000001,0.09400005076,0.050800027432,0.06100003294,0.053300028782,0.025400013716,0.050800027432,0.038100020574,0.025400013716,0.055900030186,0.104100056214,0.022900012366000002,0.0,0.06100003294,0.043200023328,0.053300028782,0.03300001782,0.0,0.024650013311000002,0.039975021586499994,0.06354795098254166,0.053300028782,0.07935004284899999,0.10998005938920001,0.218400117936,2023-12-07
12-08,12,8,0.109200058968,0.104100056214,0.06100003294,0.08380004525200001,0.22350012068999997,0.111800060372,0.073700039798,0.12190006582599998,0.08130004390199999,0.040600021923999995,0.06350003429000001,0.048300026082,0.06600003564,0.086400046656,0.07110003839399999,0.040600021923999995,0.137200074088,0.00250000135,0.07110003839399999,0.07110003839399999,0.043200023328,0.022900012366000002,0.03300001782,0.055900030186,0.038100020574,0.045700024677999995,0.177800096012,0.048300026082,0.078700042498,0.048300026082,0.017800009611999998,0.06600003564,0.09400005076,0.050800027432,0.06350003429000001,0.055900030186,0.025400013716,0.050800027432,0.043200023328,0.025400013716,0.055900030186,0.104100056214,0.022900012366000002,0.0,0.06100003294,0.043200023328,0.053300028782,0.03300001782,0.0,0.024650013311000002,0.042550022977,0.06514170184316666,0.055900030186,0.07935004284899999,0.10998005938920001,0.22350012068999997,2023-12-08
12-09,12,9,0.109200058968,0.104100056214,0.06100003294,0.08380004525200001,0.226100122094,0.111800060372,0.073700039798,0.12700006858000001,0.086400046656,0.040600021923999995,0.06350003429000001,0.048300026082,0.06600003564,0.086400046656,0.07110003839399999,0.043200023328,0.137200074088,0.00250000135,0.073700039798,0.076200041148,0.045700024677999995,0.022900012366000002,0.03300001782,0.058400031536,0.038100020574,0.053300028782,0.18030009736199998,0.053300028782,0.078700042498,0.055900030186,0.020300010961999997,0.068600037044,0.09400005076,0.050800027432,0.06350003429000001,0.06350003429000001,0.025400013716,0.050800027432,0.043200023328,0.025400013716,0.055900030186,0.106700057618,0.022900012366000002,0.0,0.06600003564,0.043200023328,0.053300028782,0.03300001782,0.0,0.024650013311000002,0.043200023328,0.06662295264304167,0.059700032237999995,0.0799750431865,0.10998005938920001,0.226100122094,2023-12-09
12-10,12,10,0.109200058968,0.104100056214,0.06100003294,0.08380004525200001,0.226100122094,0.111800060372,0.073700039798,0.12950006993,0.088900048006,0.040600021923999995,0.06350003429000001,0.048300026082,0.06600003564,0.086400046656,0.073700039798,0.043200023328,0.137200074088,0.00250000135,0.078700042498,0.078700042498,0.045700024677999995,0.022900012366000002,0.03300001782,0.058400031536,0.038100020574,0.050800027432,0.18030009736199998,0.053300028782,0.078700042498,0.058400031536,0.020300010961999997,0.068600037044,0.09400005076,0.050800027432,0.06350003429000001,0.06350003429000001,0.025400013716,0.050800027432,0.043200023328,0.025400013716,0.055900030186,0.104100056214,0.022900012366000002,0.017800009611999998,0.06600003564,0.043200023328,0.053300028782,0.03300001782,0.00250000135,0.024650013311000002,0.043200023328,0.06725420298391667,0.059700032237999995,0.0799750431865,0.10998005938920001,0.226100122094,2023-12-10
12-11,12,11,0.109200058968,0.104100056214,0.06100003294,0.08380004525200001,0.226100122094,0.111800060372,0.073700039798,0.13210007133399998,0.088900048006,0.040600021923999995,0.06350003429000001,0.048300026082,0.06600003564,0.086400046656,0.076200041148,0.043200023328,0.137200074088,0.00250000135,0.086400046656,0.078700042498,0.048300026082,0.022900012366000002,0.045700024677999995,0.058400031536,0.038100020574,0.050800027432,0.18030009736199998,0.053300028782,0.078700042498,0.058400031536,0.020300010961999997,0.07110003839399999,0.09650005211,0.050800027432,0.06600003564,0.06350003429000001,0.025400013716,0.050800027432,0.050800027432,0.025400013716,0.055900030186,0.104100056214,0.022900012366000002,0.017800009611999998,0.06600003564,0.048300026082,0.053300028782,0.03300001782,0.00250000135,0.024650013311000002,0.047650025730999995,0.06826045352729167,0.059700032237999995,0.08445004560300001,0.10998005938920001,0.226100122094,2023-12-11
12-12,12,12,0.109200058968,0.104100056214,0.06100003294,0.08380004525200001,0.228600123444,0.111800060372,0.073700039798,0.13210007133399998,0.088900048006,0.040600021923999995,0.06350003429000001,0.048300026082,0.06600003564,0.086400046656,0.078700042498,0.043200023328,0.137200074088,0.00250000135,0.09910005351399999,0.078700042498,0.053300028782,0.022900012366000002,0.045700024677999995,0.06100003294,0.040600021923999995,0.050800027432,0.18030009736199998,0.053300028782,0.078700042498,0.058400031536,0.020300010961999997,0.073700039798,0.09650005211,0.050800027432,0.06600003564,0.06350003429000001,0.025400013716,0.053300028782,0.050800027432,0.025400013716,0.055900030186,0.104100056214,0.027900015065999997,0.020300010961999997,0.076200041148,0.048300026082,0.053300028782,0.03300001782,0.00250000135,0.025400013716,0.047650025730999995,0.06931462076320834,0.06100003294,0.08445004560300001,0.10998005938920001,0.228600123444,2023-12-12
12-13,12,13,0.109200058968,0.104100056214,0.06100003294,0.08380004525200001,0.228600123444,0.111800060372,0.073700039798,0.13210007133399998,0.088900048006,0.048300026082,0.06350003429000001,0.048300026082,0.06600003564,0.086400046656,0.088900048006,0.043200023328,0.137200074088,0.005100002754000001,0.09910005351399999,0.078700042498,0.055900030186,0.025400013716,0.045700024677999995,0.06100003294,0.040600021923999995,0.050800027432,0.18030009736199998,0.053300028782,0.078700042498,0.06350003429000001,0.020300010961999997,0.076200041148,0.09650005211,0.053300028782,0.06600003564,0.06350003429000001,0.025400013716,0.053300028782,0.050800027432,0.025400013716,0.055900030186,0.109200058968,0.03050001647,0.020300010961999997,0.09140004935599999,0.048300026082,0.055900030186,0.03300001782,0.005100002754000001,0.025400013716,0.048300026082,0.07058962145170833,0.062250033615000006,0.088900048006,0.10998005938920001,0.228600123444,2023-12-13
12-14,12,14,0.109200058968,0.104100056214,0.06100003294,0.08380004525200001,0.231100124794,0.11940006447600002,0.076200041148,0.13210007133399998,0.088900048006,0.048300026082,0.06350003429000001,0.048300026082,0.076200041148,0.086400046656,0.088900048006,0.043200023328,0.14480007819200003,0.005100002754000001,0.09910005351399999,0.078700042498,0.055900030186,0.027900015065999997,0.045700024677999995,0.06100003294,0.040600021923999995,0.050800027432,0.18030009736199998,0.053300028782,0.08130004390199999,0.06350003429000001,0.025400013716,0.08380004525200001,0.09650005211,0.055900030186,0.06600003564,0.06350003429000001,0.035600019223999996,0.055900030186,0.050800027432,0.03050001647,0.055900030186,0.111800060372,0.03050001647,0.020300010961999997,0.09910005351399999,0.048300026082,0.055900030186,0.03300001782,0.005100002754000001,0.03050001647,0.048300026082,0.07223545567379165,0.062250033615000006,0.088900048006,0.11408006160320004,0.231100124794,2023-12-14
12-15,12,15,0.109200058968,0.104100056214,0.06100003294,0.08380004525200001,0.231100124794,0.13460007268399998,0.076200041148,0.13210007133399998,0.088900048006,0.048300026082,0.06600003564,0.048300026082,0.078700042498,0.086400046656,0.088900048006,0.045700024677999995,0.14480007819200003,0.005100002754000001,0.09910005351399999,0.078700042498,0.055900030186,0.027900015065999997,0.045700024677999995,0.06600003564,0.040600021923999995,0.053300028782,0.18030009736199998,0.053300028782,0.08130004390199999,0.06350003429000001,0.027900015065999997,0.08380004525200001,0.09650005211,0.055900030186,0.07110003839399999,0.06350003429000001,0.035600019223999996,0.06100003294,0.050800027432,0.03050001647,0.055900030186,0.111800060372,0.03050001647,0.022900012366000002,0.09910005351399999,0.048300026082,0.06100003294,0.03300001782,0.005100002754000001,0.03050001647,0.048300026082,0.07328962290970832,0.06350003429000001,0.088900048006,0.11789006366060009,0.231100124794,2023-12-15
12-16,12,16,0.109200058968,0.104100056214,0.06100003294,0.088900048006,0.231100124794,0.13970007543799998,0.08380004525200001,0.13210007133399998,0.088900048006,0.053300028782,0.06600003564,0.050800027432,0.078700042498,0.086400046656,0.088900048006,0.045700024677999995,0.14480007819200003,0.005100002754000001,0.09910005351399999,0.078700042498,0.055900030186,0.027900015065999997,0.050800027432,0.07110003839399999,0.043200023328,0.053300028782,0.18030009736199998,0.053300028782,0.08130004390199999,0.06350003429000001,0.03050001647,0.08380004525200001,0.101600054864,0.055900030186,0.07110003839399999,0.06350003429000001,0.035600019223999996,0.068600037044,0.055900030186,0.03050001647,0.055900030186,0.111800060372,0.035600019223999996,0.035600019223999996,0.09910005351399999,0.048300026082,0.06100003294,0.03300001782,0.005100002754000001,0.034820018802799994,0.050800027432,0.07487920710141667,0.06475003496500001,0.088900048006,0.11789006366060009,0.231100124794,2023-12-16
12-17,12,17,0.12700006858000001,0.104100056214,0.06100003294,0.088900048006,0.231100124794,0.13970007543799998,0.09650005211,0.13210007133399998,0.088900048006,0.058400031536,0.06600003564,0.053300028782,0.08380004525200001,0.086400046656,0.088900048006,0.045700024677999995,0.14480007819200003,0.005100002754000001,0.109200058968,0.078700042498,0.055900030186,0.03050001647,0.050800027432,0.07110003839399999,0.045700024677999995,0.053300028782,0.18030009736199998,0.053300028782,0.088900048006,0.06350003429000001,0.03050001647,0.08380004525200001,0.101600054864,0.055900030186,0.073700039798,0.06350003429000001,0.038100020574,0.068600037044,0.076200041148,0.03050001647,0.055900030186,0.114300061722,0.035600019223999996,0.040600021923999995,0.09910005351399999,0.048300026082,0.06100003294,0.03300001782,0.005100002754000001,0.034820018802799994,0.0526750284445,0.07693962488070834,0.06730003634199999,0.09080004903200001,0.12853006940620001,0.231100124794,2023-12-17
12-18,12,18,0.137200074088,0.104100056214,0.06100003294,0.088900048006,0.231100124794,0.13970007543799998,0.09910005351399999,0.13210007133399998,0.088900048006,0.058400031536,0.068600037044,0.058400031536,0.086400046656,0.086400046656,0.088900048006,0.045700024677999995,0.147300079542,0.007600004103999999,0.109200058968,0.078700042498,0.055900030186,0.03050001647,0.053300028782,0.073700039798,0.050800027432,0.053300028782,0.18030009736199998,0.053300028782,0.09650005211,0.06350003429000001,0.03050001647,0.08380004525200001,0.101600054864,0.055900030186,0.076200041148,0.06350003429000001,0.038100020574,0.068600037044,0.076200041148,0.03050001647,0.055900030186,0.114300061722,0.035600019223999996,0.040600021923999995,0.09910005351399999,0.048300026082,0.06100003294,0.03300001782,0.007600004103999999,0.034820018802799994,0.053300028782,0.07794795875854166,0.068600037044,0.097150052461,0.1336300721602,0.231100124794,2023-12-18
12-19,12,19,0.14220007678799998,0.104100056214,0.06100003294,0.088900048006,0.231100124794,0.14220007678799998,0.09910005351399999,0.13210007133399998,0.088900048006,0.058400031536,0.068600037044,0.058400031536,0.09140004935599999,0.086400046656,0.088900048006,0.045700024677999995,0.147300079542,0.007600004103999999,0.109200058968,0.078700042498,0.055900030186,0.03050001647,0.053300028782,0.073700039798,0.050800027432,0.053300028782,0.18030009736199998,0.053300028782,0.09650005211,0.06600003564,0.035600019223999996,0.08380004525200001,0.104100056214,0.055900030186,0.08380004525200001,0.06350003429000001,0.038100020574,0.068600037044,0.076200041148,0.03050001647,0.055900030186,0.114300061722,0.038100020574,0.040600021923999995,0.09910005351399999,0.050800027432,0.06350003429000001,0.03300001782,0.007600004103999999,0.037350020169,0.053300028782,0.07873337584933333,0.068600037044,0.097150052461,0.13513007297020002,0.231100124794,2023-12-19
12-20,12,20,0.152400082296,0.104100056214,0.06100003294,0.088900048006,0.231100124794,0.14220007678799998,0.104100056214,0.13210007133399998,0.088900048006,0.058400031536,0.068600037044,0.058400031536,0.12190006582599998,0.086400046656,0.088900048006,0.045700024677999995,0.147300079542,0.007600004103999999,0.111800060372,0.078700042498,0.058400031536,0.03050001647,0.053300028782,0.073700039798,0.050800027432,0.053300028782,0.18030009736199998,0.053300028782,0.09910005351399999,0.06600003564,0.040600021923999995,0.08380004525200001,0.12950006993,0.055900030186,0.08380004525200001,0.06600003564,0.038100020574,0.068600037044,0.078700042498,0.03050001647,0.055900030186,0.114300061722,0.038100020574,0.040600021923999995,0.09910005351399999,0.050800027432,0.06350003429000001,0.035600019223999996,0.007600004103999999,0.038100020574,0.053300028782,0.08063754354425,0.068600037044,0.10035005418899999,0.13513007297020002,0.231100124794,2023-12-20
12-21,12,21,0.152400082296,0.104100056214,0.06100003294,0.088900048006,0.231100124794,0.14220007678799998,0.106700057618,0.13460007268399998,0.088900048006,0.06100003294,0.073700039798,0.058400031536,0.12450006723,0.086400046656,0.088900048006,0.050800027432,0.147300079542,0.007600004103999999,0.111800060372,0.078700042498,0.058400031536,0.03300001782,0.053300028782,0.073700039798,0.050800027432,0.053300028782,0.18030009736199998,0.053300028782,0.09910005351399999,0.073700039798,0.040600021923999995,0.08380004525200001,0.154900083646,0.055900030186,0.08380004525200001,0.06600003564,0.040600021923999995,0.07110003839399999,0.078700042498,0.038100020574,0.055900030186,0.114300061722,0.038100020574,0.040600021923999995,0.09910005351399999,0.050800027432,0.06350003429000001,0.035600019223999996,0.007600004103999999,0.039850021518999995,0.053300028782,0.08206879431712501,0.073700039798,0.10035005418899999,0.1437300776142,0.231100124794,2023-12-21
12-22,12,22,0.152400082296,0.114300061722,0.06100003294,0.09650005211,0.231100124794,0.14220007678799998,0.109200058968,0.137200074088,0.088900048006,0.06100003294,0.09650005211,0.06100003294,0.12450006723,0.086400046656,0.088900048006,0.053300028782,0.147300079542,0.007600004103999999,0.116800063072,0.078700042498,0.058400031536,0.038100020574,0.053300028782,0.073700039798,0.050800027432,0.06350003429000001,0.18030009736199998,0.053300028782,0.09910005351399999,0.076200041148,0.043200023328,0.08380004525200001,0.17270009325799998,0.06350003429000001,0.08380004525200001,0.073700039798,0.040600021923999995,0.073700039798,0.078700042498,0.038100020574,0.058400031536,0.114300061722,0.040600021923999995,0.040600021923999995,0.101600054864,0.050800027432,0.06350003429000001,0.035600019223999996,0.007600004103999999,0.040600021923999995,0.053300028782,0.084556295660375,0.074950040473,0.10350005589,0.1437300776142,0.231100124794,2023-12-22
12-23,12,23,0.152400082296,0.114300061722,0.06100003294,0.09650005211,0.231100124794,0.14220007678799998,0.109200058968,0.137200074088,0.088900048006,0.06600003564,0.09910005351399999,0.06100003294,0.12450006723,0.086400046656,0.088900048006,0.058400031536,0.147300079542,0.007600004103999999,0.13460007268399998,0.078700042498,0.058400031536,0.038100020574,0.053300028782,0.073700039798,0.053300028782,0.06600003564,0.18030009736199998,0.053300028782,0.09910005351399999,0.078700042498,0.045700024677999995,0.086400046656,0.198100106974,0.06350003429000001,0.08380004525200001,0.073700039798,0.048300026082,0.076200041148,0.078700042498,0.038100020574,0.058400031536,0.114300061722,0.040600021923999995,0.040600021923999995,0.101600054864,0.050800027432,0.06350003429000001,0.035600019223999996,0.007600004103999999,0.040600021923999995,0.0571250308475,0.08619587987908332,0.077450041823,0.10350005589,0.1437300776142,0.231100124794,2023-12-23
12-24,12,24,0.152400082296,0.114300061722,0.06100003294,0.09650005211,0.248900134406,0.14220007678799998,0.109200058968,0.137200074088,0.088900048006,0.07110003839399999,0.101600054864,0.06100003294,0.12450006723,0.086400046656,0.088900048006,0.058400031536,0.147300079542,0.007600004103999999,0.137200074088,0.078700042498,0.058400031536,0.038100020574,0.053300028782,0.073700039798,0.053300028782,0.06600003564,0.18290009876600002,0.053300028782,0.101600054864,0.08130004390199999,0.045700024677999995,0.086400046656,0.198100106974,0.06350003429000001,0.08380004525200001,0.073700039798,0.050800027432,0.078700042498,0.078700042498,0.043200023328,0.058400031536,0.114300061722,0.040600021923999995,0.055900030186,0.104100056214,0.053300028782,0.06600003564,0.035600019223999996,0.007600004103999999,0.044950024272999996,0.0577750311985,0.08762504731749998,0.078700042498,0.1053750569025,0.1437300776142,0.248900134406,2023-12-24
12-25,12,25,0.152400082296,0.114300061722,0.06100003294,0.09910005351399999,0.259100139914,0.14220007678799998,0.109200058968,0.137200074088,0.088900048006,0.07110003839399999,0.104100056214,0.06100003294,0.12450006723,0.086400046656,0.088900048006,0.058400031536,0.147300079542,0.007600004103999999,0.137200074088,0.078700042498,0.058400031536,0.038100020574,0.055900030186,0.073700039798,0.053300028782,0.06600003564,0.18290009876600002,0.053300028782,0.101600054864,0.08130004390199999,0.048300026082,0.086400046656,0.198100106974,0.06350003429000001,0.086400046656,0.073700039798,0.050800027432,0.078700042498,0.111800060372,0.048300026082,0.058400031536,0.12450006723,0.040600021923999995,0.06600003564,0.104100056214,0.053300028782,0.06600003564,0.048300026082,0.007600004103999999,0.048300026082,0.058400031536,0.08958963171170835,0.078700042498,0.109850059319,0.1437300776142,0.259100139914,2023-12-25
12-26,12,26,0.16260008780399998,0.114300061722,0.06100003294,0.09910005351399999,0.259100139914,0.14220007678799998,0.109200058968,0.137200074088,0.088900048006,0.078700042498,0.11940006447600002,0.06100003294,0.12450006723,0.086400046656,0.088900048006,0.058400031536,0.147300079542,0.007600004103999999,0.137200074088,0.078700042498,0.058400031536,0.038100020574,0.06350003429000001,0.073700039798,0.055900030186,0.09650005211,0.18290009876600002,0.053300028782,0.101600054864,0.08130004390199999,0.076200041148,0.086400046656,0.198100106974,0.06350003429000001,0.086400046656,0.073700039798,0.053300028782,0.08130004390199999,0.11940006447600002,0.048300026082,0.06600003564,0.12950006993,0.040600021923999995,0.073700039798,0.104100056214,0.053300028782,0.07110003839399999,0.058400031536,0.007600004103999999,0.053300028782,0.06100003294,0.09271255006474999,0.08130004390199999,0.1155750624105,0.1437300776142,0.259100139914,2023-12-26
12-27,12,27,0.165100089154,0.114300061722,0.06100003294,0.09910005351399999,0.259100139914,0.149900080946,0.109200058968,0.137200074088,0.088900048006,0.078700042498,0.12450006723,0.06100003294,0.12450006723,0.086400046656,0.088900048006,0.058400031536,0.147300079542,0.007600004103999999,0.14480007819200003,0.078700042498,0.058400031536,0.038100020574,0.06350003429000001,0.073700039798,0.055900030186,0.13460007268399998,0.18290009876600002,0.053300028782,0.101600054864,0.08130004390199999,0.076200041148,0.086400046656,0.198100106974,0.06350003429000001,0.086400046656,0.073700039798,0.053300028782,0.08380004525200001,0.11940006447600002,0.048300026082,0.06600003564,0.13210007133399998,0.040600021923999995,0.086400046656,0.104100056214,0.053300028782,0.07110003839399999,0.06600003564,0.007600004103999999,0.053300028782,0.0628750339525,0.09451255103675,0.085100045954,0.12067506516450001,0.1480800799632,0.259100139914,2023-12-27
12-28,12,28,0.16760009050400002,0.116800063072,0.06100003294,0.109200058968,0.259100139914,0.15750008505,0.12700006858000001,0.137200074088,0.088900048006,0.078700042498,0.12450006723,0.06100003294,0.12450006723,0.086400046656,0.088900048006,0.058400031536,0.147300079542,0.007600004103999999,0.149900080946,0.078700042498,0.058400031536,0.040600021923999995,0.06350003429000001,0.073700039798,0.055900030186,0.13460007268399998,0.18290009876600002,0.050800027432,0.106700057618,0.08130004390199999,0.078700042498,0.086400046656,0.198100106974,0.06350003429000001,0.088900048006,0.073700039798,0.053300028782,0.08380004525200001,0.12190006582599998,0.048300026082,0.06600003564,0.13460007268399998,0.040600021923999995,0.09910005351399999,0.106700057618,0.053300028782,0.076200041148,0.06600003564,0.007600004103999999,0.052550028377,0.0628750339525,0.09620213528245836,0.085100045954,0.12450006723,0.15218008217720003,0.259100139914,2023-12-28
12-29,12,29,0.170200091908,0.12450006723,0.06100003294,0.109200058968,0.259100139914,0.15750008505,0.13210007133399998,0.137200074088,0.088900048006,0.078700042498,0.12700006858000001,0.06100003294,0.12450006723,0.086400046656,0.101600054864,0.058400031536,0.147300079542,0.007600004103999999,0.152400082296,0.078700042498,0.058400031536,0.040600021923999995,0.06350003429000001,0.073700039798,0.055900030186,0.13460007268399998,0.18290009876600002,0.055900030186,0.114300061722,0.08130004390199999,0.078700042498,0.088900048006,0.198100106974,0.06350003429000001,0.088900048006,0.073700039798,0.055900030186,0.08380004525200001,0.12190006582599998,0.048300026082,0.068600037044,0.13460007268399998,0.048300026082,0.101600054864,0.106700057618,0.053300028782,0.076200041148,0.06600003564,0.007600004103999999,0.0551200297648,0.0628750339525,0.09752921933241665,0.085100045954,0.1251250675675,0.15393008312220002,0.259100139914,2023-12-29
12-30,12,30,0.170200091908,0.12450006723,0.06100003294,0.111800060372,0.259100139914,0.15750008505,0.13460007268399998,0.137200074088,0.088900048006,0.08130004390199999,0.12700006858000001,0.06100003294,0.12450006723,0.086400046656,0.109200058968,0.058400031536,0.147300079542,0.007600004103999999,0.152400082296,0.08130004390199999,0.058400031536,0.040600021923999995,0.06350003429000001,0.073700039798,0.058400031536,0.13460007268399998,0.20070010837799998,0.055900030186,0.114300061722,0.08130004390199999,0.078700042498,0.088900048006,0.20070010837799998,0.06350003429000001,0.088900048006,0.073700039798,0.055900030186,0.08380004525200001,0.12190006582599998,0.048300026082,0.068600037044,0.137200074088,0.050800027432,0.101600054864,0.106700057618,0.053300028782,0.078700042498,0.06600003564,0.007600004103999999,0.0551200297648,0.0628750339525,0.09853755321025,0.085100045954,0.1251250675675,0.15393008312220002,0.259100139914,2023-12-30
12-31,12,31,0.170200091908,0.12450006723,0.06100003294,0.111800060372,0.259100139914,0.1600000864,0.13460007268399998,0.137200074088,0.088900048006,0.08130004390199999,0.12700006858000001,0.06350003429000001,0.12450006723,0.086400046656,0.11940006447600002,0.058400031536,0.147300079542,0.007600004103999999,0.154900083646,0.08130004390199999,0.06100003294,0.040600021923999995,0.06350003429000001,0.073700039798,0.058400031536,0.13460007268399998,0.20570011107800001,0.055900030186,0.114300061722,0.08130004390199999,0.078700042498,0.09400005076,0.20070010837799998,0.06350003429000001,0.088900048006,0.076200041148,0.055900030186,0.086400046656,0.12190006582599998,0.048300026082,0.068600037044,0.137200074088,0.050800027432,0.106700057618,0.106700057618,0.053300028782,0.078700042498,0.06350003429000001,0.007600004103999999,0.0551200297648,0.06350003429000001,0.09933130363887499,0.086400046656,0.1251250675675,0.15643008447220003,0.259100139914,2023-12-31
01-01,1,1,0.170200091908,0.12700006858000001,0.06100003294,0.111800060372,0.259100139914,0.1600000864,0.137200074088,0.137200074088,0.088900048006,0.08130004390199999,0.12700006858000001,0.06350003429000001,0.12450006723,0.086400046656,0.12190006582599998,0.058400031536,0.147300079542,0.020300010961999997,0.154900083646,0.08130004390199999,0.06350003429000001,0.040600021923999995,0.06350003429000001,0.076200041148,0.058400031536,0.13460007268399998,0.22350012068999997,0.06350003429000001,0.114300061722,0.08130004390199999,0.078700042498,0.09400005076,0.20070010837799998,0.06350003429000001,0.088900048006,0.076200041148,0.055900030186,0.086400046656,0.12190006582599998,0.048300026082,0.068600037044,0.13970007543799998,0.050800027432,0.111800060372,0.12450006723,0.053300028782,0.078700042498,0.06350003429000001,0.020300010961999997,0.0551200297648,0.06350003429000001,0.10091672116166665,0.086400046656,0.12700006858000001,0.15643008447220003,0.259100139914,2023-01-01
01-02,1,2,0.170200091908,0.12700006858000001,0.06100003294,0.12950006993,0.259100139914,0.16260008780399998,0.137200074088,0.137200074088,0.088900048006,0.08130004390199999,0.12700006858000001,0.06350003429000001,0.12450006723,0.086400046656,0.12700006858000001,0.058400031536,0.147300079542,0.027900015065999997,0.154900083646,0.08380004525200001,0.06350003429000001,0.040600021923999995,0.06350003429000001,0.08380004525200001,0.058400031536,0.147300079542,0.226100122094,0.06350003429000001,0.114300061722,0.08130004390199999,0.078700042498,0.09400005076,0.20070010837799998,0.06350003429000001,0.088900048006,0.078700042498,0.055900030186,0.08380004525200001,0.12190006582599998,0.048300026082,0.068600037044,0.14480007819200003,0.050800027432,0.114300061722,0.16760009050400002,0.053300028782,0.078700042498,0.06350003429000001,0.027900015065999997,0.0551200297648,0.06350003429000001,0.10318755572125,0.085100045954,0.13142507096949999,0.16410008861400002,0.259100139914,2023-01-02
01-03,1,3,0.170200091908,0.12700006858000001,0.06100003294,0.12950006993,0.259100139914,0.16260008780399998,0.137200074088,0.13970007543799998,0.088900048006,0.08130004390199999,0.12700006858000001,0.073700039798,0.12450006723,0.086400046656,0.13970007543799998,0.058400031536,0.147300079542,0.027900015065999997,0.15750008505,0.08380004525200001,0.06350003429000001,0.040600021923999995,0.06350003429000001,0.08380004525200001,0.058400031536,0.15750008505,0.228600123444,0.073700039798,0.114300061722,0.08380004525200001,0.08130004390199999,0.09400005076,0.20070010837799998,0.06350003429000001,0.088900048006,0.078700042498,0.058400031536,0.08380004525200001,0.14220007678799998,0.048300026082,0.07110003839399999,0.147300079542,0.050800027432,0.114300061722,0.175300094662,0.053300028782,0.08380004525200001,0.06600003564,0.027900015065999997,0.0568700307098,0.0653750353025,0.10525214016945834,0.085100045954,0.13970007543799998,0.16488008903520002,0.259100139914,2023-01-03
01-04,1,4,0.170200091908,0.12700006858000001,0.06100003294,0.12950006993,0.259100139914,0.16260008780399998,0.137200074088,0.13970007543799998,0.088900048006,0.08130004390199999,0.12700006858000001,0.073700039798,0.12450006723,0.086400046656,0.13970007543799998,0.058400031536,0.147300079542,0.03050001647,0.165100089154,0.08380004525200001,0.06350003429000001,0.043200023328,0.06350003429000001,0.08380004525200001,0.058400031536,0.15750008505,0.228600123444,0.076200041148,0.114300061722,0.08380004525200001,0.08130004390199999,0.09400005076,0.20070010837799998,0.06350003429000001,0.088900048006,0.078700042498,0.058400031536,0.08380004525200001,0.147300079542,0.048300026082,0.07110003839399999,0.147300079542,0.050800027432,0.114300061722,0.175300094662,0.053300028782,0.086400046656,0.06600003564,0.03050001647,0.0568700307098,0.0653750353025,0.105731307094875,0.086400046656,0.13970007543799998,0.16663008998020004,0.259100139914,2023-01-04
01-05,1,5,0.170200091908,0.12700006858000001,0.07110003839399999,0.12950006993,0.259100139914,0.16260008780399998,0.137200074088,0.14220007678799998,0.09140004935599999,0.088900048006,0.12950006993,0.076200041148,0.12450006723,0.086400046656,0.13970007543799998,0.058400031536,0.147300079542,0.03050001647,0.165100089154,0.088900048006,0.06600003564,0.043200023328,0.06350003429000001,0.08380004525200001,0.058400031536,0.15750008505,0.236200127548,0.076200041148,0.12190006582599998,0.09140004935599999,0.08130004390199999,0.09400005076,0.20070010837799998,0.06350003429000001,0.088900048006,0.078700042498,0.058400031536,0.08380004525200001,0.152400082296,0.048300026082,0.07110003839399999,0.147300079542,0.053300028782,0.114300061722,0.175300094662,0.053300028782,0.086400046656,0.073700039798,0.03050001647,0.0568700307098,0.07110003839399999,0.10726047458729167,0.088900048006,0.14032507577549996,0.16663008998020004,0.259100139914,2023-01-05
01-06,1,6,0.16760009050400002,0.12700006858000001,0.076200041148,0.12950006993,0.259100139914,0.16260008780399998,0.137200074088,0.14480007819200003,0.116800063072,0.088900048006,0.13460007268399998,0.076200041148,0.12700006858000001,0.086400046656,0.13970007543799998,0.058400031536,0.149900080946,0.03050001647,0.165100089154,0.088900048006,0.068600037044,0.043200023328,0.06350003429000001,0.08380004525200001,0.058400031536,0.15750008505,0.241300130302,0.076200041148,0.12190006582599998,0.12950006993,0.08380004525200001,0.09400005076,0.20070010837799998,0.06350003429000001,0.088900048006,0.078700042498,0.058400031536,0.088900048006,0.154900083646,0.048300026082,0.073700039798,0.149900080946,0.053300028782,0.114300061722,0.18030009736199998,0.053300028782,0.086400046656,0.078700042498,0.03050001647,0.0568700307098,0.0755750408105,0.10958964251170833,0.088900048006,0.14097507612649998,0.16585008955900002,0.259100139914,2023-01-06
01-07,1,7,0.170200091908,0.152400082296,0.078700042498,0.12950006993,0.259100139914,0.16260008780399998,0.137200074088,0.14480007819200003,0.116800063072,0.088900048006,0.14480007819200003,0.076200041148,0.12950006993,0.09650005211,0.13970007543799998,0.06100003294,0.154900083646,0.03050001647,0.165100089154,0.088900048006,0.068600037044,0.043200023328,0.06350003429000001,0.088900048006,0.06100003294,0.15750008505,0.246400133056,0.076200041148,0.12190006582599998,0.13210007133399998,0.086400046656,0.09400005076,0.20070010837799998,0.06350003429000001,0.088900048006,0.078700042498,0.058400031536,0.088900048006,0.154900083646,0.053300028782,0.08380004525200001,0.149900080946,0.053300028782,0.114300061722,0.18030009736199998,0.053300028782,0.088900048006,0.078700042498,0.03050001647,0.0568700307098,0.076200041148,0.111600060264,0.091450049383,0.14607507888050003,0.16663008998020004,0.259100139914,2023-01-07
01-08,1,8,0.170200091908,0.165100089154,0.078700042498,0.12950006993,0.259100139914,0.16260008780399998,0.137200074088,0.14480007819200003,0.116800063072,0.088900048006,0.14480007819200003,0.076200041148,0.12950006993,0.09650005211,0.13970007543799998,0.068600037044,0.15750008505,0.03300001782,0.170200091908,0.088900048006,0.068600037044,0.043200023328,0.06350003429000001,0.088900048006,0.06100003294,0.15750008505,0.246400133056,0.076200041148,0.12190006582599998,0.13210007133399998,0.086400046656,0.09400005076,0.20070010837799998,0.06600003564,0.088900048006,0.078700042498,0.058400031536,0.09140004935599999,0.15750008505,0.053300028782,0.086400046656,0.149900080946,0.053300028782,0.114300061722,0.18030009736199998,0.058400031536,0.088900048006,0.078700042498,0.03300001782,0.058400031536,0.076200041148,0.11255422744591666,0.092700050058,0.14607507888050003,0.170200091908,0.259100139914,2023-01-08
01-09,1,9,0.170200091908,0.165100089154,0.078700042498,0.12950006993,0.259100139914,0.16260008780399998,0.13970007543799998,0.14220007678799998,0.116800063072,0.088900048006,0.14480007819200003,0.076200041148,0.12950006993,0.09650005211,0.14220007678799998,0.07110003839399999,0.15750008505,0.03300001782,0.170200091908,0.088900048006,0.068600037044,0.043200023328,0.06350003429000001,0.088900048006,0.06100003294,0.15750008505,0.26670014401799996,0.076200041148,0.12190006582599998,0.13460007268399998,0.088900048006,0.09650005211,0.20070010837799998,0.06600003564,0.088900048006,0.08130004390199999,0.058400031536,0.09140004935599999,0.1600000864,0.053300028782,0.086400046656,0.149900080946,0.053300028782,0.114300061722,0.18030009736199998,0.058400031536,0.088900048006,0.078700042498,0.03300001782,0.058400031536,0.076200041148,0.11334172787116666,0.093950050733,0.14607507888050003,0.170200091908,0.26670014401799996,2023-01-09
01-10,1,10,0.170200091908,0.165100089154,0.078700042498,0.12950006993,0.259100139914,0.16260008780399998,0.14480007819200003,0.14220007678799998,0.116800063072,0.09400005076,0.14480007819200003,0.076200041148,0.12950006993,0.09650005211,0.16260008780399998,0.07110003839399999,0.15750008505,0.03300001782,0.17270009325799998,0.088900048006,0.068600037044,0.043200023328,0.06350003429000001,0.088900048006,0.06100003294,0.15750008505,0.292100157734,0.076200041148,0.12190006582599998,0.13460007268399998,0.088900048006,0.09650005211,0.203200109728,0.06600003564,0.088900048006,0.08380004525200001,0.058400031536,0.09140004935599999,0.16760009050400002,0.06100003294,0.086400046656,0.149900080946,0.053300028782,0.114300061722,0.18290009876600002,0.06100003294,0.09140004935599999,0.078700042498,0.03300001782,0.06100003294,0.076200041148,0.115143812177625,0.095250051435,0.15180008197199998,0.170950092313,0.292100157734,2023-01-10
01-11,1,11,0.170200091908,0.16760009050400002,0.08130004390199999,0.12950006993,0.259100139914,0.16260008780399998,0.14480007819200003,0.14220007678799998,0.116800063072,0.09400005076,0.14480007819200003,0.076200041148,0.12950006993,0.09650005211,0.203200109728,0.07110003839399999,0.15750008505,0.03300001782,0.175300094662,0.088900048006,0.068600037044,0.045700024677999995,0.06350003429000001,0.088900048006,0.06100003294,0.15750008505,0.309900167346,0.076200041148,0.12190006582599998,0.137200074088,0.088900048006,0.09650005211,0.203200109728,0.06600003564,0.09140004935599999,0.08380004525200001,0.058400031536,0.09140004935599999,0.17270009325799998,0.06350003429000001,0.088900048006,0.149900080946,0.053300028782,0.114300061722,0.20070010837799998,0.06100003294,0.09400005076,0.078700042498,0.03300001782,0.06100003294,0.076200041148,0.11731464668320835,0.095250051435,0.15180008197199998,0.1829200987768001,0.309900167346,2023-01-11
01-12,1,12,0.170200091908,0.17270009325799998,0.08130004390199999,0.12950006993,0.259100139914,0.16260008780399998,0.14480007819200003,0.14220007678799998,0.116800063072,0.09650005211,0.14480007819200003,0.078700042498,0.12950006993,0.09650005211,0.215900116586,0.07110003839399999,0.170200091908,0.03300001782,0.18290009876600002,0.09140004935599999,0.068600037044,0.048300026082,0.06350003429000001,0.088900048006,0.06100003294,0.15750008505,0.358100193374,0.076200041148,0.13210007133399998,0.13970007543799998,0.088900048006,0.09650005211,0.203200109728,0.06350003429000001,0.09400005076,0.08380004525200001,0.058400031536,0.088900048006,0.18030009736199998,0.06350003429000001,0.088900048006,0.154900083646,0.053300028782,0.114300061722,0.20070010837799998,0.06100003294,0.09400005076,0.078700042498,0.03300001782,0.06100003294,0.0780750421605,0.119800064692,0.09650005211,0.155550083997,0.1882401016496001,0.358100193374,2023-01-12
01-13,1,13,0.170200091908,0.17270009325799998,0.08130004390199999,0.12950006993,0.259100139914,0.16260008780399998,0.14480007819200003,0.14220007678799998,0.116800063072,0.09650005211,0.14480007819200003,0.078700042498,0.12950006993,0.09650005211,0.215900116586,0.07110003839399999,0.170200091908,0.03300001782,0.19050010287,0.09140004935599999,0.068600037044,0.048300026082,0.08380004525200001,0.088900048006,0.06100003294,0.15750008505,0.358100193374,0.076200041148,0.137200074088,0.13970007543799998,0.09140004935599999,0.09650005211,0.203200109728,0.06350003429000001,0.09910005351399999,0.08380004525200001,0.06100003294,0.088900048006,0.18290009876600002,0.06350003429000001,0.088900048006,0.154900083646,0.053300028782,0.114300061722,0.203200109728,0.06600003564,0.09400005076,0.078700042498,0.03300001782,0.062750033885,0.078700042498,0.12091048195829167,0.09650005211,0.155550083997,0.19431010492740006,0.358100193374,2023-01-13
01-14,1,14,0.170200091908,0.17270009325799998,0.08130004390199999,0.12950006993,0.259100139914,0.16260008780399998,0.14480007819200003,0.13970007543799998,0.116800063072,0.101600054864,0.14480007819200003,0.08130004390199999,0.13210007133399998,0.09650005211,0.215900116586,0.07110003839399999,0.17270009325799998,0.03300001782,0.208300112482,0.101600054864,0.068600037044,0.048300026082,0.086400046656,0.088900048006,0.06100003294,0.15750008505,0.358100193374,0.076200041148,0.137200074088,0.13970007543799998,0.09140004935599999,0.09650005211,0.203200109728,0.06350003429000001,0.09910005351399999,0.08380004525200001,0.06350003429000001,0.088900048006,0.18290009876600002,0.06350003429000001,0.088900048006,0.15750008505,0.053300028782,0.114300061722,0.203200109728,0.068600037044,0.09400005076,0.078700042498,0.03300001782,0.06350003429000001,0.080650043551,0.12192298250504167,0.100350054189,0.15750008505,0.203200109728,0.358100193374,2023-01-14
01-15,1,15,0.170200091908,0.18290009876600002,0.08130004390199999,0.12950006993,0.259100139914,0.16260008780399998,0.14480007819200003,0.13970007543799998,0.116800063072,0.104100056214,0.14480007819200003,0.09140004935599999,0.13460007268399998,0.101600054864,0.215900116586,0.07110003839399999,0.17270009325799998,0.03300001782,0.21080011383199998,0.101600054864,0.068600037044,0.048300026082,0.088900048006,0.088900048006,0.06100003294,0.15750008505,0.358100193374,0.076200041148,0.137200074088,0.13970007543799998,0.09140004935599999,0.09650005211,0.203200109728,0.06350003429000001,0.09910005351399999,0.08380004525200001,0.06350003429000001,0.086400046656,0.18290009876600002,0.06350003429000001,0.09140004935599999,0.15750008505,0.053300028782,0.114300061722,0.21080011383199998,0.068600037044,0.09400005076,0.078700042498,0.03300001782,0.06350003429000001,0.080650043551,0.12281881632212499,0.101600054864,0.15750008505,0.20548011095920005,0.358100193374,2023-01-15
01-16,1,16,0.17270009325799998,0.19300010422,0.08130004390199999,0.12950006993,0.259100139914,0.16260008780399998,0.14480007819200003,0.147300079542,0.11940006447600002,0.104100056214,0.14480007819200003,0.101600054864,0.147300079542,0.101600054864,0.215900116586,0.07110003839399999,0.18540010011600003,0.03300001782,0.21080011383199998,0.101600054864,0.068600037044,0.048300026082,0.09140004935599999,0.088900048006,0.06100003294,0.15750008505,0.358100193374,0.078700042498,0.137200074088,0.13970007543799998,0.09140004935599999,0.09650005211,0.203200109728,0.06350003429000001,0.09910005351399999,0.08380004525200001,0.06350003429000001,0.088900048006,0.18290009876600002,0.06350003429000001,0.09650005211,0.15750008505,0.053300028782,0.114300061722,0.218400117936,0.068600037044,0.09400005076,0.078700042498,0.03300001782,0.06350003429000001,0.080650043551,0.124456317206375,0.101600054864,0.15750008505,0.20548011095920005,0.358100193374,2023-01-16
01-17,1,17,0.177800096012,0.203200109728,0.08130004390199999,0.13460007268399998,0.259100139914,0.16260008780399998,0.152400082296,0.14480007819200003,0.11940006447600002,0.104100056214,0.14480007819200003,0.104100056214,0.147300079542,0.101600054864,0.218400117936,0.07110003839399999,0.18540010011600003,0.038100020574,0.21080011383199998,0.104100056214,0.068600037044,0.048300026082,0.09140004935599999,0.088900048006,0.06100003294,0.15750008505,0.358100193374,0.08130004390199999,0.137200074088,0.13970007543799998,0.09140004935599999,0.09650005211,0.203200109728,0.06350003429000001,0.09910005351399999,0.08380004525200001,0.06350003429000001,0.09140004935599999,0.18290009876600002,0.06350003429000001,0.09650005211,0.1600000864,0.053300028782,0.114300061722,0.22350012068999997,0.068600037044,0.09400005076,0.078700042498,0.038100020574,0.06350003429000001,0.08130004390199999,0.12551465111120833,0.104100056214,0.15812508538749998,0.20548011095920005,0.358100193374,2023-01-17
01-18,1,18,0.18290009876600002,0.208300112482,0.08130004390199999,0.13460007268399998,0.259100139914,0.16260008780399998,0.152400082296,0.147300079542,0.11940006447600002,0.111800060372,0.14480007819200003,0.104100056214,0.147300079542,0.101600054864,0.218400117936,0.07110003839399999,0.18800010152,0.038100020574,0.21080011383199998,0.106700057618,0.068600037044,0.050800027432,0.09140004935599999,0.088900048006,0.06100003294,0.15750008505,0.358100193374,0.08130004390199999,0.137200074088,0.147300079542,0.09140004935599999,0.09650005211,0.203200109728,0.06350003429000001,0.09910005351399999,0.08380004525200001,0.06350003429000001,0.09400005076,0.18290009876600002,0.06350003429000001,0.104100056214,0.16760009050400002,0.053300028782,0.114300061722,0.231100124794,0.073700039798,0.09650005211,0.078700042498,0.038100020574,0.06350003429000001,0.08130004390199999,0.12694590188408333,0.10540005691599999,0.1587750857385,0.209050112887,0.358100193374,2023-01-18
01-19,1,19,0.18290009876600002,0.208300112482,0.08130004390199999,0.13460007268399998,0.259100139914,0.16260008780399998,0.152400082296,0.147300079542,0.12450006723,0.116800063072,0.14220007678799998,0.104100056214,0.147300079542,0.101600054864,0.22350012068999997,0.07110003839399999,0.18800010152,0.038100020574,0.213400115236,0.106700057618,0.073700039798,0.055900030186,0.09140004935599999,0.088900048006,0.06100003294,0.15750008505,0.358100193374,0.08380004525200001,0.137200074088,0.149900080946,0.09140004935599999,0.101600054864,0.203200109728,0.068600037044,0.09910005351399999,0.08380004525200001,0.06350003429000001,0.09400005076,0.18290009876600002,0.06350003429000001,0.104100056214,0.16760009050400002,0.053300028782,0.114300061722,0.231100124794,0.073700039798,0.09650005211,0.078700042498,0.038100020574,0.06350003429000001,0.08317504491450001,0.127793819008625,0.10540005691599999,0.1587750857385,0.20983011330820003,0.358100193374,2023-01-19
01-20,1,20,0.19050010287,0.208300112482,0.08130004390199999,0.13460007268399998,0.259100139914,0.16260008780399998,0.152400082296,0.149900080946,0.12700006858000001,0.116800063072,0.14220007678799998,0.106700057618,0.149900080946,0.101600054864,0.228600123444,0.07110003839399999,0.18800010152,0.040600021923999995,0.213400115236,0.116800063072,0.078700042498,0.055900030186,0.09140004935599999,0.088900048006,0.06100003294,0.15750008505,0.358100193374,0.08380004525200001,0.137200074088,0.149900080946,0.09140004935599999,0.101600054864,0.20570011107800001,0.068600037044,0.09910005351399999,0.08380004525200001,0.06350003429000001,0.09400005076,0.18540010011600003,0.06350003429000001,0.104100056214,0.16760009050400002,0.053300028782,0.114300061722,0.231100124794,0.073700039798,0.101600054864,0.078700042498,0.040600021923999995,0.06350003429000001,0.08317504491450001,0.128850069579,0.11050005967,0.1587750857385,0.20983011330820003,0.358100193374,2023-01-20
01-21,1,21,0.195600105624,0.218400117936,0.08130004390199999,0.152400082296,0.259100139914,0.16260008780399998,0.152400082296,0.149900080946,0.12700006858000001,0.116800063072,0.14220007678799998,0.109200058968,0.149900080946,0.101600054864,0.228600123444,0.07110003839399999,0.18800010152,0.040600021923999995,0.213400115236,0.116800063072,0.088900048006,0.055900030186,0.09140004935599999,0.088900048006,0.06100003294,0.15750008505,0.358100193374,0.08380004525200001,0.137200074088,0.149900080946,0.09140004935599999,0.109200058968,0.20570011107800001,0.068600037044,0.09910005351399999,0.08380004525200001,0.06350003429000001,0.09400005076,0.18800010152,0.088900048006,0.104100056214,0.16760009050400002,0.053300028782,0.114300061722,0.231100124794,0.073700039798,0.101600054864,0.078700042498,0.040600021923999995,0.0670700362178,0.08762504731750001,0.13054382049362498,0.111750060345,0.1587750857385,0.214900116046,0.358100193374,2023-01-21
01-22,1,22,0.20070010837799998,0.22100011934000002,0.08130004390199999,0.16760009050400002,0.259100139914,0.16260008780399998,0.152400082296,0.149900080946,0.12700006858000001,0.11940006447600002,0.14220007678799998,0.109200058968,0.149900080946,0.101600054864,0.228600123444,0.07110003839399999,0.18800010152,0.045700024677999995,0.213400115236,0.116800063072,0.09400005076,0.058400031536,0.09140004935599999,0.088900048006,0.06100003294,0.15750008505,0.36070019477799997,0.08380004525200001,0.137200074088,0.149900080946,0.09140004935599999,0.12700006858000001,0.20570011107800001,0.08130004390199999,0.09910005351399999,0.08380004525200001,0.06350003429000001,0.09400005076,0.18800010152,0.09140004935599999,0.11940006447600002,0.17270009325799998,0.053300028782,0.114300061722,0.231100124794,0.073700039798,0.104100056214,0.078700042498,0.045700024677999995,0.0688200371628,0.08762504731750001,0.1325584049148333,0.11810006377400001,0.16385008847899998,0.21568011646720003,0.36070019477799997,2023-01-22
01-23,1,23,0.20070010837799998,0.22100011934000002,0.08130004390199999,0.16760009050400002,0.259100139914,0.16260008780399998,0.152400082296,0.149900080946,0.12700006858000001,0.11940006447600002,0.14220007678799998,0.109200058968,0.149900080946,0.101600054864,0.231100124794,0.07110003839399999,0.18800010152,0.045700024677999995,0.215900116586,0.116800063072,0.09400005076,0.058400031536,0.09140004935599999,0.088900048006,0.06100003294,0.15750008505,0.368300198882,0.08380004525200001,0.137200074088,0.149900080946,0.09140004935599999,0.14480007819200003,0.20570011107800001,0.08130004390199999,0.09910005351399999,0.08380004525200001,0.06350003429000001,0.09400005076,0.19050010287,0.09400005076,0.12950006993,0.17270009325799998,0.058400031536,0.114300061722,0.231100124794,0.076200041148,0.104100056214,0.078700042498,0.045700024677999995,0.0688200371628,0.08762504731750001,0.13366673884666666,0.11810006377400001,0.16385008847899998,0.21743011741220003,0.368300198882,2023-01-23
01-24,1,24,0.203200109728,0.22350012068999997,0.08380004525200001,0.16760009050400002,0.259100139914,0.16260008780399998,0.152400082296,0.152400082296,0.12700006858000001,0.11940006447600002,0.14220007678799998,0.109200058968,0.149900080946,0.101600054864,0.231100124794,0.07110003839399999,0.18800010152,0.045700024677999995,0.215900116586,0.116800063072,0.09910005351399999,0.058400031536,0.09140004935599999,0.088900048006,0.06100003294,0.15750008505,0.368300198882,0.086400046656,0.137200074088,0.149900080946,0.09400005076,0.14480007819200003,0.20570011107800001,0.08130004390199999,0.09910005351399999,0.08380004525200001,0.06350003429000001,0.09400005076,0.208300112482,0.09400005076,0.12950006993,0.17270009325799998,0.06600003564,0.116800063072,0.231100124794,0.076200041148,0.106700057618,0.078700042498,0.045700024677999995,0.06957003756779999,0.0882750476685,0.1347250727515,0.11810006377400001,0.16385008847899998,0.21818011781720004,0.368300198882,2023-01-24
01-25,1,25,0.203200109728,0.22350012068999997,0.09650005211,0.16760009050400002,0.261600141264,0.16260008780399998,0.152400082296,0.152400082296,0.12700006858000001,0.11940006447600002,0.14220007678799998,0.109200058968,0.149900080946,0.101600054864,0.231100124794,0.07110003839399999,0.18800010152,0.050800027432,0.215900116586,0.116800063072,0.111800060372,0.058400031536,0.09140004935599999,0.088900048006,0.06100003294,0.15750008505,0.368300198882,0.086400046656,0.137200074088,0.154900083646,0.09650005211,0.14480007819200003,0.20570011107800001,0.08130004390199999,0.09910005351399999,0.08380004525200001,0.06350003429000001,0.106700057618,0.208300112482,0.09400005076,0.12950006993,0.175300094662,0.06600003564,0.116800063072,0.23880012895200003,0.078700042498,0.106700057618,0.078700042498,0.050800027432,0.06957003756779999,0.09077504901849999,0.136100073494,0.11810006377400001,0.16385008847899998,0.21818011781720004,0.368300198882,2023-01-25
01-26,1,26,0.203200109728,0.228600123444,0.09650005211,0.16760009050400002,0.261600141264,0.16260008780399998,0.152400082296,0.152400082296,0.12700006858000001,0.11940006447600002,0.14220007678799998,0.109200058968,0.149900080946,0.101600054864,0.231100124794,0.07110003839399999,0.195600105624,0.06100003294,0.218400117936,0.116800063072,0.111800060372,0.058400031536,0.101600054864,0.088900048006,0.06100003294,0.15750008505,0.37080020023200005,0.09140004935599999,0.137200074088,0.154900083646,0.104100056214,0.147300079542,0.20570011107800001,0.08130004390199999,0.09910005351399999,0.08380004525200001,0.06350003429000001,0.109200058968,0.208300112482,0.09400005076,0.12950006993,0.175300094662,0.06600003564,0.11940006447600002,0.246400133056,0.08130004390199999,0.106700057618,0.08380004525200001,0.058400031536,0.06957003756779999,0.09335005040899999,0.13763340765533333,0.11940006447600002,0.16385008847899998,0.22146011958840003,0.37080020023200005,2023-01-26
01-27,1,27,0.203200109728,0.228600123444,0.09650005211,0.16760009050400002,0.261600141264,0.16260008780399998,0.152400082296,0.152400082296,0.12700006858000001,0.11940006447600002,0.14220007678799998,0.109200058968,0.149900080946,0.101600054864,0.231100124794,0.073700039798,0.198100106974,0.06100003294,0.218400117936,0.116800063072,0.12190006582599998,0.058400031536,0.101600054864,0.088900048006,0.06100003294,0.15750008505,0.37080020023200005,0.09140004935599999,0.137200074088,0.15750008505,0.106700057618,0.149900080946,0.20570011107800001,0.08130004390199999,0.101600054864,0.08380004525200001,0.06350003429000001,0.109200058968,0.208300112482,0.09400005076,0.12950006993,0.175300094662,0.06600003564,0.11940006447600002,0.246400133056,0.08130004390199999,0.106700057618,0.08380004525200001,0.058400031536,0.0713900385506,0.09335005040899999,0.13816465794220834,0.12065006515099999,0.16385008847899998,0.22146011958840003,0.37080020023200005,2023-01-27
01-28,1,28,0.20570011107800001,0.236200127548,0.09650005211,0.16760009050400002,0.26420014266799996,0.16260008780399998,0.152400082296,0.152400082296,0.12700006858000001,0.11940006447600002,0.14220007678799998,0.109200058968,0.147300079542,0.101600054864,0.231100124794,0.073700039798,0.198100106974,0.06100003294,0.218400117936,0.116800063072,0.12700006858000001,0.058400031536,0.104100056214,0.09400005076,0.06100003294,0.15750008505,0.37080020023200005,0.09650005211,0.137200074088,0.17270009325799998,0.111800060372,0.152400082296,0.20570011107800001,0.08130004390199999,0.114300061722,0.08380004525200001,0.06350003429000001,0.109200058968,0.208300112482,0.09400005076,0.12950006993,0.175300094662,0.073700039798,0.12190006582599998,0.246400133056,0.08380004525200001,0.111800060372,0.08380004525200001,0.058400031536,0.073700039798,0.0958750517725,0.139856325522375,0.124450067203,0.1688750911925,0.22221011999340007,0.37080020023200005,2023-01-28
01-29,1,29,0.20570011107800001,0.241300130302,0.09910005351399999,0.16760009050400002,0.26670014401799996,0.16260008780399998,0.152400082296,0.149900080946,0.13210007133399998,0.11940006447600002,0.14220007678799998,0.109200058968,0.147300079542,0.101600054864,0.231100124794,0.073700039798,0.198100106974,0.06350003429000001,0.218400117936,0.116800063072,0.12700006858000001,0.058400031536,0.106700057618,0.09650005211,0.06100003294,0.15750008505,0.373400201636,0.09910005351399999,0.137200074088,0.19300010422,0.111800060372,0.152400082296,0.20570011107800001,0.08130004390199999,0.116800063072,0.08380004525200001,0.06350003429000001,0.109200058968,0.208300112482,0.09400005076,0.13460007268399998,0.175300094662,0.073700039798,0.12190006582599998,0.246400133056,0.08380004525200001,0.111800060372,0.08380004525200001,0.058400031536,0.073700039798,0.09845005316299998,0.1409709094575833,0.124450067203,0.1695250915435,0.22221011999340007,0.373400201636,2023-01-29
01-30,1,30,0.20570011107800001,0.241300130302,0.101600054864,0.16760009050400002,0.276900149526,0.16260008780399998,0.152400082296,0.14480007819200003,0.13210007133399998,0.11940006447600002,0.14220007678799998,0.109200058968,0.147300079542,0.101600054864,0.231100124794,0.086400046656,0.198100106974,0.06350003429000001,0.218400117936,0.116800063072,0.12700006858000001,0.058400031536,0.109200058968,0.09650005211,0.06100003294,0.15750008505,0.38100020574,0.09910005351399999,0.137200074088,0.19300010422,0.111800060372,0.152400082296,0.20570011107800001,0.08130004390199999,0.11940006447600002,0.088900048006,0.06350003429000001,0.109200058968,0.208300112482,0.09400005076,0.13460007268399998,0.175300094662,0.078700042498,0.12190006582599998,0.25150013581,0.08380004525200001,0.111800060372,0.08380004525200001,0.058400031536,0.0805200434808,0.09845005316299998,0.1419750766665,0.124450067203,0.1695250915435,0.22221011999340007,0.38100020574,2023-01-30
01-31,1,31,0.20570011107800001,0.241300130302,0.12190006582599998,0.16760009050400002,0.276900149526,0.16260008780399998,0.152400082296,0.14220007678799998,0.13210007133399998,0.11940006447600002,0.14220007678799998,0.111800060372,0.147300079542,0.101600054864,0.231100124794,0.086400046656,0.20570011107800001,0.068600037044,0.218400117936,0.116800063072,0.12700006858000001,0.058400031536,0.111800060372,0.09650005211,0.06100003294,0.15750008505,0.391200211248,0.101600054864,0.137200074088,0.19300010422,0.111800060372,0.152400082296,0.20570011107800001,0.08130004390199999,0.11940006447600002,0.088900048006,0.06600003564,0.116800063072,0.208300112482,0.09400005076,0.13460007268399998,0.18030009736199998,0.078700042498,0.12190006582599998,0.25150013581,0.08380004525200001,0.111800060372,0.08380004525200001,0.058400031536,0.0805200434808,0.1003250541755,0.14329591071308334,0.124450067203,0.1707750922185,0.22221011999340007,0.391200211248,2023-01-31
02-01,2,1,0.208300112482,0.241300130302,0.12950006993,0.175300094662,0.276900149526,0.16260008780399998,0.152400082296,0.13970007543799998,0.13210007133399998,0.11940006447600002,0.14220007678799998,0.116800063072,0.147300079542,0.101600054864,0.231100124794,0.086400046656,0.208300112482,0.07110003839399999,0.218400117936,0.116800063072,0.12700006858000001,0.058400031536,0.111800060372,0.09650005211,0.06100003294,0.15750008505,0.391200211248,0.101600054864,0.13970007543799998,0.195600105624,0.111800060372,0.152400082296,0.20570011107800001,0.076200041148,0.11940006447600002,0.088900048006,0.068600037044,0.116800063072,0.208300112482,0.09400005076,0.13460007268399998,0.18030009736199998,0.078700042498,0.12190006582599998,0.25150013581,0.08380004525200001,0.111800060372,0.086400046656,0.058400031536,0.077950042093,0.1003250541755,0.14393549439179165,0.128250069255,0.176550095337,0.22221011999340007,0.391200211248,2023-02-01
02-02,2,2,0.20570011107800001,0.246400133056,0.13210007133399998,0.175300094662,0.276900149526,0.16260008780399998,0.152400082296,0.13970007543799998,0.13210007133399998,0.11940006447600002,0.15750008505,0.12450006723,0.147300079542,0.101600054864,0.241300130302,0.086400046656,0.208300112482,0.07110003839399999,0.218400117936,0.116800063072,0.12700006858000001,0.06100003294,0.111800060372,0.09650005211,0.06100003294,0.15750008505,0.393700212598,0.104100056214,0.14480007819200003,0.198100106974,0.111800060372,0.152400082296,0.20570011107800001,0.076200041148,0.11940006447600002,0.088900048006,0.068600037044,0.12700006858000001,0.208300112482,0.09400005076,0.13460007268399998,0.18030009736199998,0.078700042498,0.12190006582599998,0.25150013581,0.09140004935599999,0.111800060372,0.086400046656,0.06100003294,0.077950042093,0.1003250541755,0.14542091186058334,0.129550069957,0.176550095337,0.2252701216458001,0.393700212598,2023-02-02
02-03,2,3,0.20570011107800001,0.246400133056,0.13460007268399998,0.177800096012,0.276900149526,0.16260008780399998,0.152400082296,0.13970007543799998,0.13210007133399998,0.12190006582599998,0.170200091908,0.12700006858000001,0.147300079542,0.101600054864,0.241300130302,0.088900048006,0.208300112482,0.07110003839399999,0.231100124794,0.116800063072,0.12700006858000001,0.06350003429000001,0.114300061722,0.101600054864,0.101600054864,0.15750008505,0.393700212598,0.104100056214,0.14480007819200003,0.203200109728,0.111800060372,0.152400082296,0.20570011107800001,0.086400046656,0.11940006447600002,0.088900048006,0.068600037044,0.12950006993,0.208300112482,0.09400005076,0.13970007543799998,0.18030009736199998,0.078700042498,0.12190006582599998,0.25150013581,0.101600054864,0.114300061722,0.086400046656,0.06350003429000001,0.086400046656,0.101600054864,0.14800841325783334,0.130800070632,0.1784250963495,0.23416012644640005,0.393700212598,2023-02-03
02-04,2,4,0.208300112482,0.246400133056,0.13460007268399998,0.18540010011600003,0.276900149526,0.16260008780399998,0.152400082296,0.13970007543799998,0.13210007133399998,0.12450006723,0.18540010011600003,0.12700006858000001,0.147300079542,0.101600054864,0.241300130302,0.088900048006,0.208300112482,0.07110003839399999,0.231100124794,0.116800063072,0.12700006858000001,0.06350003429000001,0.114300061722,0.101600054864,0.101600054864,0.15750008505,0.393700212598,0.104100056214,0.14480007819200003,0.215900116586,0.111800060372,0.152400082296,0.20570011107800001,0.086400046656,0.11940006447600002,0.088900048006,0.068600037044,0.12950006993,0.21080011383199998,0.09400005076,0.1600000864,0.19300010422,0.08130004390199999,0.12190006582599998,0.25150013581,0.101600054864,0.114300061722,0.086400046656,0.06350003429000001,0.086400046656,0.101600054864,0.14965008081099998,0.130800070632,0.18730010114200002,0.23416012644640005,0.393700212598,2023-02-04
02-05,2,5,0.21080011383199998,0.246400133056,0.13970007543799998,0.18540010011600003,0.276900149526,0.16260008780399998,0.152400082296,0.14220007678799998,0.13210007133399998,0.12950006993,0.19050010287,0.12700006858000001,0.149900080946,0.101600054864,0.241300130302,0.088900048006,0.208300112482,0.07110003839399999,0.231100124794,0.116800063072,0.12950006993,0.06350003429000001,0.114300061722,0.101600054864,0.101600054864,0.16260008780399998,0.393700212598,0.104100056214,0.14480007819200003,0.218400117936,0.111800060372,0.152400082296,0.20570011107800001,0.086400046656,0.11940006447600002,0.09650005211,0.068600037044,0.13210007133399998,0.21080011383199998,0.09400005076,0.170200091908,0.195600105624,0.08130004390199999,0.12190006582599998,0.25150013581,0.101600054864,0.114300061722,0.086400046656,0.06350003429000001,0.086400046656,0.101600054864,0.15081466477320835,0.13210007133399998,0.1917751035585,0.23416012644640005,0.393700212598,2023-02-05
02-06,2,6,0.21080011383199998,0.271800146772,0.13970007543799998,0.18540010011600003,0.276900149526,0.16260008780399998,0.152400082296,0.14480007819200003,0.13210007133399998,0.13210007133399998,0.19300010422,0.12700006858000001,0.149900080946,0.101600054864,0.241300130302,0.088900048006,0.208300112482,0.073700039798,0.231100124794,0.11940006447600002,0.13210007133399998,0.06350003429000001,0.114300061722,0.101600054864,0.101600054864,0.16260008780399998,0.393700212598,0.104100056214,0.14480007819200003,0.218400117936,0.111800060372,0.152400082296,0.208300112482,0.08130004390199999,0.11940006447600002,0.09910005351399999,0.06600003564,0.13210007133399998,0.21080011383199998,0.09400005076,0.20070010837799998,0.198100106974,0.08130004390199999,0.12190006582599998,0.25150013581,0.109200058968,0.114300061722,0.086400046656,0.06350003429000001,0.0848700458298,0.1034750558765,0.15246049899529165,0.13210007133399998,0.19875010732499998,0.23416012644640005,0.393700212598,2023-02-06
02-07,2,7,0.21080011383199998,0.27940015087599995,0.14220007678799998,0.18540010011600003,0.276900149526,0.16260008780399998,0.152400082296,0.154900083646,0.13210007133399998,0.13460007268399998,0.195600105624,0.13210007133399998,0.149900080946,0.101600054864,0.241300130302,0.088900048006,0.208300112482,0.076200041148,0.23370012619799999,0.11940006447600002,0.13210007133399998,0.06350003429000001,0.114300061722,0.101600054864,0.101600054864,0.16260008780399998,0.393700212598,0.104100056214,0.14480007819200003,0.22100011934000002,0.111800060372,0.152400082296,0.21080011383199998,0.08130004390199999,0.11940006447600002,0.101600054864,0.06600003564,0.13210007133399998,0.21080011383199998,0.09400005076,0.208300112482,0.198100106974,0.08130004390199999,0.12190006582599998,0.25150013581,0.137200074088,0.114300061722,0.086400046656,0.06350003429000001,0.0848700458298,0.1034750558765,0.154100083214,0.135900073386,0.200650108351,0.23598012742920002,0.393700212598,2023-02-07
02-08,2,8,0.21080011383199998,0.28450015363,0.14220007678799998,0.18540010011600003,0.276900149526,0.16260008780399998,0.152400082296,0.1600000864,0.13210007133399998,0.13460007268399998,0.195600105624,0.147300079542,0.149900080946,0.101600054864,0.241300130302,0.109200058968,0.208300112482,0.076200041148,0.23370012619799999,0.12950006993,0.13460007268399998,0.06350003429000001,0.12190006582599998,0.101600054864,0.101600054864,0.16760009050400002,0.416600224964,0.104100056214,0.14480007819200003,0.226100122094,0.111800060372,0.152400082296,0.215900116586,0.08130004390199999,0.11940006447600002,0.101600054864,0.06600003564,0.13210007133399998,0.213400115236,0.09400005076,0.208300112482,0.198100106974,0.08130004390199999,0.12190006582599998,0.25150013581,0.152400082296,0.114300061722,0.086400046656,0.06350003429000001,0.0848700458298,0.1079250582795,0.15663758458425,0.14350007749,0.200650108351,0.23598012742920002,0.416600224964,2023-02-08
02-09,2,9,0.21080011383199998,0.28700015498,0.14480007819200003,0.18540010011600003,0.276900149526,0.16260008780399998,0.15750008505,0.165100089154,0.13210007133399998,0.13460007268399998,0.195600105624,0.147300079542,0.149900080946,0.101600054864,0.24380013165199996,0.11940006447600002,0.208300112482,0.078700042498,0.23370012619799999,0.137200074088,0.137200074088,0.06350003429000001,0.12190006582599998,0.101600054864,0.101600054864,0.17270009325799998,0.416600224964,0.104100056214,0.14480007819200003,0.226100122094,0.116800063072,0.152400082296,0.215900116586,0.088900048006,0.12950006993,0.101600054864,0.06600003564,0.13210007133399998,0.213400115236,0.09400005076,0.208300112482,0.198100106974,0.08130004390199999,0.12190006582599998,0.25150013581,0.152400082296,0.114300061722,0.086400046656,0.06350003429000001,0.088150047601,0.111750060345,0.15806675202266668,0.14480007819200003,0.200650108351,0.23673012783420003,0.416600224964,2023-02-09
02-10,2,10,0.21080011383199998,0.28700015498,0.14480007819200003,0.18540010011600003,0.276900149526,0.16260008780399998,0.15750008505,0.175300094662,0.13210007133399998,0.137200074088,0.195600105624,0.147300079542,0.149900080946,0.101600054864,0.25400013716000003,0.11940006447600002,0.208300112482,0.078700042498,0.23370012619799999,0.137200074088,0.15750008505,0.06350003429000001,0.12450006723,0.101600054864,0.101600054864,0.175300094662,0.416600224964,0.104100056214,0.14480007819200003,0.226100122094,0.11940006447600002,0.152400082296,0.215900116586,0.088900048006,0.13210007133399998,0.101600054864,0.06600003564,0.13210007133399998,0.213400115236,0.09400005076,0.208300112482,0.198100106974,0.08130004390199999,0.12190006582599998,0.25150013581,0.15750008505,0.114300061722,0.086400046656,0.06350003429000001,0.088150047601,0.111750060345,0.15929175268416665,0.146050078867,0.200650108351,0.23904012908160008,0.416600224964,2023-02-10
02-11,2,11,0.21080011383199998,0.28960015638400005,0.14480007819200003,0.18540010011600003,0.276900149526,0.16260008780399998,0.15750008505,0.19050010287,0.13210007133399998,0.137200074088,0.195600105624,0.147300079542,0.149900080946,0.114300061722,0.25650013851000003,0.12700006858000001,0.208300112482,0.078700042498,0.23370012619799999,0.137200074088,0.17270009325799998,0.08130004390199999,0.12450006723,0.101600054864,0.101600054864,0.175300094662,0.416600224964,0.104100056214,0.14480007819200003,0.226100122094,0.11940006447600002,0.152400082296,0.215900116586,0.088900048006,0.137200074088,0.101600054864,0.06600003564,0.13210007133399998,0.215900116586,0.09400005076,0.218400117936,0.20070010837799998,0.08130004390199999,0.12190006582599998,0.25150013581,0.15750008505,0.114300061722,0.086400046656,0.06600003564,0.088150047601,0.114300061722,0.16124800374054168,0.146050078867,0.20260010940399997,0.23904012908160008,0.416600224964,2023-02-11
02-12,2,12,0.21080011383199998,0.28960015638400005,0.14480007819200003,0.18540010011600003,0.276900149526,0.16260008780399998,0.15750008505,0.18290009876600002,0.13210007133399998,0.137200074088,0.195600105624,0.149900080946,0.149900080946,0.12700006858000001,0.259100139914,0.13460007268399998,0.215900116586,0.078700042498,0.23370012619799999,0.137200074088,0.17270009325799998,0.08380004525200001,0.13460007268399998,0.101600054864,0.101600054864,0.177800096012,0.416600224964,0.104100056214,0.149900080946,0.22350012068999997,0.11940006447600002,0.154900083646,0.215900116586,0.088900048006,0.137200074088,0.101600054864,0.06600003564,0.13210007133399998,0.22100011934000002,0.09400005076,0.218400117936,0.20570011107800001,0.08130004390199999,0.12190006582599998,0.25150013581,0.1600000864,0.114300061722,0.088900048006,0.06600003564,0.088900048006,0.11812506378750001,0.16251258775675,0.149900080946,0.20697511176650002,0.23904012908160008,0.416600224964,2023-02-12
02-13,2,13,0.21080011383199998,0.28960015638400005,0.14480007819200003,0.18540010011600003,0.276900149526,0.16260008780399998,0.15750008505,0.18290009876600002,0.137200074088,0.137200074088,0.198100106974,0.165100089154,0.149900080946,0.13460007268399998,0.259100139914,0.13460007268399998,0.22100011934000002,0.078700042498,0.23370012619799999,0.137200074088,0.17270009325799998,0.101600054864,0.137200074088,0.101600054864,0.101600054864,0.177800096012,0.416600224964,0.104100056214,0.149900080946,0.226100122094,0.12450006723,0.15750008505,0.215900116586,0.09910005351399999,0.137200074088,0.101600054864,0.06600003564,0.13210007133399998,0.22100011934000002,0.09400005076,0.218400117936,0.208300112482,0.08380004525200001,0.12190006582599998,0.25150013581,0.1600000864,0.114300061722,0.09140004935599999,0.06600003564,0.09757005268779999,0.12000006479999999,0.16426258870175,0.149900080946,0.2089251128195,0.23904012908160008,0.416600224964,2023-02-13
02-14,2,14,0.21080011383199998,0.299700161838,0.14480007819200003,0.18540010011600003,0.276900149526,0.16760009050400002,0.15750008505,0.18290009876600002,0.13970007543799998,0.137200074088,0.20070010837799998,0.18030009736199998,0.149900080946,0.13970007543799998,0.259100139914,0.13460007268399998,0.231100124794,0.078700042498,0.23370012619799999,0.137200074088,0.17270009325799998,0.104100056214,0.13970007543799998,0.101600054864,0.101600054864,0.177800096012,0.416600224964,0.104100056214,0.149900080946,0.23370012619799999,0.12950006993,0.1600000864,0.215900116586,0.106700057618,0.137200074088,0.101600054864,0.06600003564,0.13210007133399998,0.22100011934000002,0.09400005076,0.22100011934000002,0.208300112482,0.086400046656,0.12190006582599998,0.25150013581,0.1600000864,0.12700006858000001,0.09400005076,0.06600003564,0.0993200536328,0.1257250678915,0.16632092314658334,0.149900080946,0.2089251128195,0.23904012908160008,0.416600224964,2023-02-14
02-15,2,15,0.213400115236,0.299700161838,0.14480007819200003,0.18540010011600003,0.27940015087599995,0.170200091908,0.15750008505,0.18540010011600003,0.14480007819200003,0.137200074088,0.20070010837799998,0.18290009876600002,0.149900080946,0.14480007819200003,0.259100139914,0.137200074088,0.261600141264,0.078700042498,0.23370012619799999,0.13970007543799998,0.17270009325799998,0.111800060372,0.147300079542,0.104100056214,0.109200058968,0.177800096012,0.416600224964,0.104100056214,0.152400082296,0.241300130302,0.13460007268399998,0.1600000864,0.215900116586,0.106700057618,0.137200074088,0.101600054864,0.06600003564,0.13210007133399998,0.22100011934000002,0.09650005211,0.228600123444,0.208300112482,0.086400046656,0.12190006582599998,0.25150013581,0.16260008780399998,0.13460007268399998,0.09400005076,0.06600003564,0.1000700540378,0.12955006995699997,0.16881050782429166,0.151150081621,0.2095751131705,0.25378013704120006,0.416600224964,2023-02-15
02-16,2,16,0.215900116586,0.299700161838,0.14480007819200003,0.18540010011600003,0.28190015222599996,0.17270009325799998,0.15750008505,0.198100106974,0.14480007819200003,0.137200074088,0.20070010837799998,0.18540010011600003,0.149900080946,0.14480007819200003,0.259100139914,0.137200074088,0.26420014266799996,0.078700042498,0.23370012619799999,0.14220007678799998,0.17270009325799998,0.111800060372,0.147300079542,0.104100056214,0.111800060372,0.177800096012,0.426700230418,0.106700057618,0.152400082296,0.241300130302,0.137200074088,0.170200091908,0.215900116586,0.114300061722,0.137200074088,0.101600054864,0.06600003564,0.13210007133399998,0.22100011934000002,0.09910005351399999,0.228600123444,0.208300112482,0.086400046656,0.12190006582599998,0.25150013581,0.16260008780399998,0.13460007268399998,0.09400005076,0.06600003564,0.100850054459,0.12955006995699997,0.17018759190125,0.151150081621,0.210200113508,0.25378013704120006,0.426700230418,2023-02-16
02-17,2,17,0.218400117936,0.304800164592,0.14480007819200003,0.18540010011600003,0.28700015498,0.17270009325799998,0.15750008505,0.20070010837799998,0.149900080946,0.137200074088,0.20070010837799998,0.19050010287,0.149900080946,0.152400082296,0.259100139914,0.137200074088,0.26420014266799996,0.078700042498,0.23370012619799999,0.14480007819200003,0.17270009325799998,0.11940006447600002,0.147300079542,0.106700057618,0.11940006447600002,0.177800096012,0.426700230418,0.106700057618,0.152400082296,0.24380013165199996,0.14220007678799998,0.170200091908,0.22350012068999997,0.114300061722,0.137200074088,0.101600054864,0.07110003839399999,0.13210007133399998,0.218400117936,0.09910005351399999,0.236200127548,0.208300112482,0.09140004935599999,0.12700006858000001,0.25150013581,0.16260008780399998,0.137200074088,0.09910005351399999,0.07110003839399999,0.100850054459,0.13082507064549997,0.17219800965354168,0.152400082296,0.2108251138455,0.25378013704120006,0.426700230418,2023-02-17
02-18,2,18,0.22100011934000002,0.30730016594200005,0.14480007819200003,0.18540010011600003,0.28700015498,0.17270009325799998,0.15750008505,0.208300112482,0.149900080946,0.14220007678799998,0.20070010837799998,0.203200109728,0.149900080946,0.152400082296,0.261600141264,0.165100089154,0.26420014266799996,0.078700042498,0.23370012619799999,0.14480007819200003,0.17270009325799998,0.12700006858000001,0.147300079542,0.106700057618,0.11940006447600002,0.177800096012,0.426700230418,0.106700057618,0.152400082296,0.24380013165199996,0.154900083646,0.170200091908,0.22350012068999997,0.114300061722,0.137200074088,0.101600054864,0.07110003839399999,0.13210007133399998,0.226100122094,0.09910005351399999,0.236200127548,0.208300112482,0.09140004935599999,0.12700006858000001,0.25150013581,0.16260008780399998,0.137200074088,0.101600054864,0.07110003839399999,0.101600054864,0.13082507064549997,0.17410009401399998,0.15620008434799998,0.2114751141965,0.25453013744620007,0.426700230418,2023-02-18
02-19,2,19,0.22100011934000002,0.30730016594200005,0.14480007819200003,0.18540010011600003,0.28700015498,0.17270009325799998,0.15750008505,0.22350012068999997,0.152400082296,0.14220007678799998,0.20070010837799998,0.218400117936,0.149900080946,0.152400082296,0.26670014401799996,0.17270009325799998,0.26420014266799996,0.078700042498,0.23370012619799999,0.14480007819200003,0.17270009325799998,0.12700006858000001,0.147300079542,0.109200058968,0.11940006447600002,0.177800096012,0.426700230418,0.109200058968,0.152400082296,0.24380013165199996,0.154900083646,0.17270009325799998,0.22350012068999997,0.116800063072,0.137200074088,0.101600054864,0.07110003839399999,0.147300079542,0.236200127548,0.09910005351399999,0.236200127548,0.208300112482,0.09140004935599999,0.12700006858000001,0.25150013581,0.16760009050400002,0.137200074088,0.12190006582599998,0.07110003839399999,0.10692005773680001,0.134650072711,0.17631259520875,0.15620008434799998,0.2216251196775,0.25531013786740003,0.426700230418,2023-02-19
02-20,2,20,0.22100011934000002,0.30730016594200005,0.14480007819200003,0.18540010011600003,0.28700015498,0.17270009325799998,0.15750008505,0.236200127548,0.15750008505,0.14220007678799998,0.203200109728,0.22100011934000002,0.152400082296,0.152400082296,0.28450015363,0.175300094662,0.26420014266799996,0.078700042498,0.23370012619799999,0.14480007819200003,0.175300094662,0.12700006858000001,0.149900080946,0.111800060372,0.11940006447600002,0.18290009876600002,0.429300231822,0.109200058968,0.1600000864,0.24380013165199996,0.154900083646,0.175300094662,0.25400013716000003,0.12950006993,0.137200074088,0.101600054864,0.07110003839399999,0.147300079542,0.24380013165199996,0.11940006447600002,0.23880012895200003,0.208300112482,0.09140004935599999,0.12700006858000001,0.25150013581,0.16760009050400002,0.13970007543799998,0.12190006582599998,0.07110003839399999,0.11102005995080001,0.1352750730485,0.17938968020370835,0.158750085725,0.22417512105450002,0.25706013881240003,0.429300231822,2023-02-20
02-21,2,21,0.241300130302,0.30730016594200005,0.14480007819200003,0.18540010011600003,0.28700015498,0.17270009325799998,0.177800096012,0.241300130302,0.15750008505,0.14220007678799998,0.208300112482,0.22100011934000002,0.154900083646,0.154900083646,0.292100157734,0.177800096012,0.26420014266799996,0.09650005211,0.236200127548,0.14480007819200003,0.175300094662,0.12700006858000001,0.149900080946,0.111800060372,0.11940006447600002,0.18290009876600002,0.434300234522,0.109200058968,0.1600000864,0.246400133056,0.154900083646,0.18030009736199998,0.261600141264,0.12950006993,0.137200074088,0.101600054864,0.073700039798,0.147300079542,0.24380013165199996,0.12190006582599998,0.23880012895200003,0.208300112482,0.09140004935599999,0.12700006858000001,0.25150013581,0.175300094662,0.14220007678799998,0.12190006582599998,0.073700039798,0.11102005995080001,0.1352750730485,0.18192509823949998,0.166350089829,0.236850127899,0.2623801416852,0.434300234522,2023-02-21
02-22,2,22,0.241300130302,0.30730016594200005,0.14480007819200003,0.18540010011600003,0.28700015498,0.17270009325799998,0.18030009736199998,0.236200127548,0.15750008505,0.14220007678799998,0.208300112482,0.22100011934000002,0.154900083646,0.154900083646,0.292100157734,0.18030009736199998,0.26420014266799996,0.104100056214,0.236200127548,0.14480007819200003,0.177800096012,0.13970007543799998,0.149900080946,0.114300061722,0.11940006447600002,0.18540010011600003,0.434300234522,0.111800060372,0.16260008780399998,0.246400133056,0.154900083646,0.18290009876600002,0.261600141264,0.12950006993,0.137200074088,0.101600054864,0.076200041148,0.147300079542,0.24380013165199996,0.12190006582599998,0.246400133056,0.20570011107800001,0.09140004935599999,0.137200074088,0.274300148122,0.18030009736199998,0.14220007678799998,0.12190006582599998,0.076200041148,0.113550061317,0.1390750751005,0.18361259915075,0.167650090531,0.236200127548,0.2672301443042,0.434300234522,2023-02-22
02-23,2,23,0.241300130302,0.30730016594200005,0.14480007819200003,0.18540010011600003,0.28700015498,0.17270009325799998,0.18800010152,0.236200127548,0.15750008505,0.14220007678799998,0.21080011383199998,0.22100011934000002,0.154900083646,0.1600000864,0.294600159084,0.18030009736199998,0.26420014266799996,0.109200058968,0.236200127548,0.152400082296,0.177800096012,0.14220007678799998,0.16260008780399998,0.116800063072,0.11940006447600002,0.18800010152,0.43690023592599997,0.111800060372,0.16260008780399998,0.25150013581,0.154900083646,0.18290009876600002,0.26420014266799996,0.12950006993,0.137200074088,0.101600054864,0.076200041148,0.147300079542,0.259100139914,0.12190006582599998,0.248900134406,0.20570011107800001,0.09140004935599999,0.14220007678799998,0.299700161838,0.18030009736199998,0.14220007678799998,0.12700006858000001,0.076200041148,0.115300062262,0.14220007678799998,0.18599593377108334,0.167650090531,0.236200127548,0.27104014636160007,0.43690023592599997,2023-02-23
02-24,2,24,0.25400013716000003,0.309900167346,0.14480007819200003,0.18800010152,0.28700015498,0.17270009325799998,0.19050010287,0.236200127548,0.170200091908,0.14220007678799998,0.213400115236,0.22350012068999997,0.154900083646,0.1600000864,0.299700161838,0.18030009736199998,0.26420014266799996,0.109200058968,0.23880012895200003,0.16260008780399998,0.177800096012,0.149900080946,0.17270009325799998,0.116800063072,0.11940006447600002,0.19050010287,0.43690023592599997,0.114300061722,0.16760009050400002,0.25400013716000003,0.154900083646,0.18290009876600002,0.26420014266799996,0.12950006993,0.13970007543799998,0.101600054864,0.076200041148,0.149900080946,0.26420014266799996,0.12450006723,0.248900134406,0.20570011107800001,0.09140004935599999,0.147300079542,0.304800164592,0.18030009736199998,0.14220007678799998,0.12700006858000001,0.076200041148,0.11605006266699999,0.14220007678799998,0.1882751016685,0.17270009325799998,0.236850127899,0.27104014636160007,0.43690023592599997,2023-02-24
02-25,2,25,0.25650013851000003,0.31750017145000003,0.14480007819200003,0.18800010152,0.28700015498,0.17270009325799998,0.19050010287,0.236200127548,0.19300010422,0.14480007819200003,0.213400115236,0.22350012068999997,0.15750008505,0.1600000864,0.302300163242,0.18290009876600002,0.26420014266799996,0.111800060372,0.23880012895200003,0.18540010011600003,0.177800096012,0.18540010011600003,0.19050010287,0.11940006447600002,0.11940006447600002,0.19050010287,0.43690023592599997,0.114300061722,0.16760009050400002,0.271800146772,0.154900083646,0.18540010011600003,0.26420014266799996,0.13210007133399998,0.147300079542,0.101600054864,0.076200041148,0.149900080946,0.271800146772,0.12450006723,0.248900134406,0.20570011107800001,0.09650005211,0.149900080946,0.309900167346,0.18030009736199998,0.14220007678799998,0.12700006858000001,0.076200041148,0.11787006364980002,0.14480007819200003,0.19193135364287497,0.18415009944100003,0.236850127899,0.27636014923440005,0.43690023592599997,2023-02-25
02-26,2,26,0.25650013851000003,0.322600174204,0.14480007819200003,0.18800010152,0.28700015498,0.17270009325799998,0.19050010287,0.236200127548,0.19300010422,0.14480007819200003,0.213400115236,0.22350012068999997,0.15750008505,0.1600000864,0.304800164592,0.18290009876600002,0.26420014266799996,0.114300061722,0.23880012895200003,0.18540010011600003,0.177800096012,0.18540010011600003,0.19300010422,0.11940006447600002,0.11940006447600002,0.19050010287,0.43690023592599997,0.114300061722,0.170200091908,0.274300148122,0.154900083646,0.18540010011600003,0.28190015222599996,0.13210007133399998,0.147300079542,0.101600054864,0.078700042498,0.149900080946,0.271800146772,0.12700006858000001,0.248900134406,0.208300112482,0.09650005211,0.152400082296,0.312400168696,0.18290009876600002,0.14220007678799998,0.12450006723,0.078700042498,0.11787006364980002,0.14480007819200003,0.19293343751733336,0.18415009944100003,0.236850127899,0.2834301530522,0.43690023592599997,2023-02-26
02-27,2,27,0.25650013851000003,0.332700179658,0.14480007819200003,0.195600105624,0.28960015638400005,0.17270009325799998,0.19300010422,0.236200127548,0.195600105624,0.14480007819200003,0.22350012068999997,0.22350012068999997,0.15750008505,0.1600000864,0.304800164592,0.18290009876600002,0.26420014266799996,0.13210007133399998,0.23880012895200003,0.18540010011600003,0.177800096012,0.18540010011600003,0.19300010422,0.11940006447600002,0.12450006723,0.213400115236,0.43690023592599997,0.114300061722,0.175300094662,0.274300148122,0.154900083646,0.18540010011600003,0.292100157734,0.13210007133399998,0.147300079542,0.101600054864,0.08380004525200001,0.149900080946,0.271800146772,0.12700006858000001,0.248900134406,0.208300112482,0.09650005211,0.152400082296,0.312400168696,0.18540010011600003,0.14220007678799998,0.12450006723,0.08380004525200001,0.12297006640380001,0.14480007819200003,0.19510427202291666,0.18540010011600003,0.236850127899,0.29035015678900006,0.43690023592599997,2023-02-27
02-28,2,28,0.25650013851000003,0.337800182412,0.147300079542,0.198100106974,0.299700161838,0.17270009325799998,0.19300010422,0.236200127548,0.195600105624,0.14480007819200003,0.22350012068999997,0.22350012068999997,0.15750008505,0.1600000864,0.304800164592,0.18290009876600002,0.26420014266799996,0.13210007133399998,0.261600141264,0.18540010011600003,0.177800096012,0.18800010152,0.19300010422,0.11940006447600002,0.12950006993,0.23880012895200003,0.43690023592599997,0.114300061722,0.18030009736199998,0.274300148122,0.154900083646,0.18800010152,0.292100157734,0.13970007543799998,0.147300079542,0.104100056214,0.08380004525200001,0.149900080946,0.28700015498,0.12700006858000001,0.248900134406,0.208300112482,0.09650005211,0.152400082296,0.32770017695799997,0.18540010011600003,0.14220007678799998,0.12450006723,0.08380004525200001,0.12297006640380001,0.14667507920450001,0.19769177342016667,0.18540010011600003,0.2413251303155,0.29438015896520003,0.43690023592599997,2023-02-28
03-01,3,1,0.25650013851000003,0.337800182412,0.147300079542,0.198100106974,0.304800164592,0.177800096012,0.19300010422,0.236200127548,0.195600105624,0.14480007819200003,0.22350012068999997,0.22350012068999997,0.16260008780399998,0.1600000864,0.304800164592,0.18290009876600002,0.26420014266799996,0.13210007133399998,0.271800146772,0.18540010011600003,0.18030009736199998,0.19300010422,0.19300010422,0.11940006447600002,0.13460007268399998,0.25400013716000003,0.43690023592599997,0.12950006993,0.18290009876600002,0.274300148122,0.154900083646,0.18800010152,0.292100157734,0.14220007678799998,0.154900083646,0.114300061722,0.088900048006,0.149900080946,0.28700015498,0.13210007133399998,0.248900134406,0.208300112482,0.09650005211,0.152400082296,0.332700179658,0.18540010011600003,0.14220007678799998,0.12700006858000001,0.088900048006,0.128750069525,0.14667507920450001,0.19996469131420833,0.18540010011600003,0.2501751350945,0.29591015979140006,0.43690023592599997,2023-03-01
03-02,3,2,0.25650013851000003,0.337800182412,0.147300079542,0.198100106974,0.3150001701,0.177800096012,0.19300010422,0.236200127548,0.195600105624,0.13970007543799998,0.22350012068999997,0.226100122094,0.175300094662,0.1600000864,0.304800164592,0.18290009876600002,0.26920014536799997,0.13210007133399998,0.274300148122,0.18540010011600003,0.18030009736199998,0.195600105624,0.19300010422,0.11940006447600002,0.13970007543799998,0.259100139914,0.43690023592599997,0.12950006993,0.18540010011600003,0.274300148122,0.154900083646,0.18800010152,0.292100157734,0.15750008505,0.154900083646,0.12190006582599998,0.09140004935599999,0.149900080946,0.28700015498,0.13460007268399998,0.248900134406,0.208300112482,0.09650005211,0.152400082296,0.335300181062,0.18540010011600003,0.14220007678799998,0.12950006993,0.09140004935599999,0.12950006993,0.149250080595,0.20155219217145834,0.18540010011600003,0.250800135432,0.29591015979140006,0.43690023592599997,2023-03-02
03-03,3,3,0.25650013851000003,0.358100193374,0.1600000864,0.208300112482,0.322600174204,0.177800096012,0.203200109728,0.236200127548,0.195600105624,0.137200074088,0.22350012068999997,0.226100122094,0.175300094662,0.1600000864,0.304800164592,0.18290009876600002,0.274300148122,0.13460007268399998,0.276900149526,0.18800010152,0.18030009736199998,0.198100106974,0.19300010422,0.11940006447600002,0.13970007543799998,0.261600141264,0.43690023592599997,0.12950006993,0.19050010287,0.276900149526,0.154900083646,0.18800010152,0.292100157734,0.15750008505,0.154900083646,0.12450006723,0.109200058968,0.149900080946,0.28700015498,0.13460007268399998,0.25400013716000003,0.218400117936,0.09650005211,0.152400082296,0.337800182412,0.18800010152,0.14220007678799998,0.12950006993,0.09650005211,0.12950006993,0.15177508195849998,0.20415011024100002,0.18800010152,0.25462513749750004,0.29591015979140006,0.43690023592599997,2023-03-03
03-04,3,4,0.25650013851000003,0.368300198882,0.16260008780399998,0.213400115236,0.32770017695799997,0.18030009736199998,0.21080011383199998,0.236200127548,0.195600105624,0.137200074088,0.228600123444,0.23370012619799999,0.175300094662,0.1600000864,0.304800164592,0.18290009876600002,0.28190015222599996,0.137200074088,0.27940015087599995,0.19300010422,0.18030009736199998,0.20070010837799998,0.19300010422,0.11940006447600002,0.13970007543799998,0.261600141264,0.43690023592599997,0.12950006993,0.19050010287,0.28190015222599996,0.154900083646,0.18800010152,0.294600159084,0.1600000864,0.15750008505,0.12700006858000001,0.114300061722,0.149900080946,0.28700015498,0.13460007268399998,0.25400013716000003,0.218400117936,0.09650005211,0.152400082296,0.337800182412,0.203200109728,0.14480007819200003,0.13210007133399998,0.09650005211,0.13132007091279999,0.15177508195849998,0.20637302810804167,0.191750103545,0.25462513749750004,0.29766016073640006,0.43690023592599997,2023-03-04
03-05,3,5,0.25650013851000003,0.38350020709000004,0.165100089154,0.213400115236,0.3480001879199999,0.18290009876600002,0.21080011383199998,0.236200127548,0.195600105624,0.137200074088,0.231100124794,0.236200127548,0.20070010837799998,0.165100089154,0.304800164592,0.18290009876600002,0.28700015498,0.137200074088,0.276900149526,0.198100106974,0.19050010287,0.20070010837799998,0.19300010422,0.12190006582599998,0.149900080946,0.261600141264,0.43690023592599997,0.12950006993,0.19050010287,0.28190015222599996,0.154900083646,0.195600105624,0.294600159084,0.1600000864,0.15750008505,0.12700006858000001,0.116800063072,0.149900080946,0.28700015498,0.137200074088,0.25400013716000003,0.218400117936,0.101600054864,0.16260008780399998,0.34540018651599996,0.203200109728,0.147300079542,0.13460007268399998,0.101600054864,0.13307007185779998,0.153650082971,0.20944177976516665,0.195600105624,0.25462513749750004,0.29766016073640006,0.43690023592599997,2023-03-05
03-06,3,6,0.28960015638400005,0.386100208494,0.165100089154,0.213400115236,0.355600192024,0.18800010152,0.21080011383199998,0.236200127548,0.195600105624,0.137200074088,0.231100124794,0.248900134406,0.20570011107800001,0.16760009050400002,0.304800164592,0.18540010011600003,0.28700015498,0.137200074088,0.276900149526,0.198100106974,0.19050010287,0.203200109728,0.19300010422,0.12190006582599998,0.154900083646,0.26420014266799996,0.43690023592599997,0.12950006993,0.19050010287,0.28190015222599996,0.154900083646,0.20570011107800001,0.294600159084,0.1600000864,0.15750008505,0.12700006858000001,0.116800063072,0.149900080946,0.28960015638400005,0.137200074088,0.25650013851000003,0.218400117936,0.101600054864,0.18540010011600003,0.355600192024,0.203200109728,0.149900080946,0.13970007543799998,0.101600054864,0.1348900728406,0.154900083646,0.21229803130754168,0.196850106299,0.2584251395495,0.29766016073640006,0.43690023592599997,2023-03-06
03-07,3,7,0.294600159084,0.41910022631399996,0.165100089154,0.218400117936,0.358100193374,0.19050010287,0.21080011383199998,0.236200127548,0.195600105624,0.137200074088,0.231100124794,0.28190015222599996,0.20570011107800001,0.16760009050400002,0.304800164592,0.18540010011600003,0.28700015498,0.147300079542,0.276900149526,0.213400115236,0.19050010287,0.20570011107800001,0.19300010422,0.12190006582599998,0.154900083646,0.26670014401799996,0.43690023592599997,0.12950006993,0.19050010287,0.28190015222599996,0.154900083646,0.20570011107800001,0.297200160488,0.1600000864,0.15750008505,0.12700006858000001,0.116800063072,0.149900080946,0.28960015638400005,0.137200074088,0.26420014266799996,0.218400117936,0.101600054864,0.18540010011600003,0.36320019612800003,0.208300112482,0.18800010152,0.15750008505,0.101600054864,0.1348900728406,0.15750008505,0.21626261678175,0.200650108351,0.269250145395,0.29948016171920006,0.43690023592599997,2023-03-07
03-08,3,8,0.299700161838,0.426700230418,0.170200091908,0.218400117936,0.36320019612800003,0.19050010287,0.21080011383199998,0.236200127548,0.195600105624,0.14220007678799998,0.231100124794,0.28190015222599996,0.20570011107800001,0.170200091908,0.304800164592,0.18800010152,0.28700015498,0.147300079542,0.27940015087599995,0.213400115236,0.19050010287,0.215900116586,0.19300010422,0.12700006858000001,0.154900083646,0.26670014401799996,0.43690023592599997,0.13460007268399998,0.19050010287,0.28190015222599996,0.154900083646,0.208300112482,0.302300163242,0.1600000864,0.15750008505,0.12700006858000001,0.116800063072,0.16260008780399998,0.28960015638400005,0.137200074088,0.26920014536799997,0.218400117936,0.101600054864,0.18540010011600003,0.36580019753200005,0.21080011383199998,0.18800010152,0.1600000864,0.101600054864,0.1364200736668,0.1600000864,0.21811678444966665,0.200650108351,0.271750146745,0.303050163647,0.43690023592599997,2023-03-08
03-09,3,9,0.299700161838,0.426700230418,0.175300094662,0.218400117936,0.36320019612800003,0.19050010287,0.21080011383199998,0.248900134406,0.195600105624,0.14480007819200003,0.231100124794,0.28450015363,0.20570011107800001,0.170200091908,0.304800164592,0.18800010152,0.28700015498,0.147300079542,0.28450015363,0.213400115236,0.19050010287,0.218400117936,0.19300010422,0.12700006858000001,0.154900083646,0.26670014401799996,0.43690023592599997,0.13970007543799998,0.19050010287,0.28190015222599996,0.154900083646,0.208300112482,0.302300163242,0.1600000864,0.1600000864,0.12700006858000001,0.116800063072,0.177800096012,0.28960015638400005,0.137200074088,0.274300148122,0.218400117936,0.101600054864,0.198100106974,0.368300198882,0.218400117936,0.18800010152,0.1600000864,0.101600054864,0.138950075033,0.1600000864,0.21981053536429163,0.201900109026,0.27620014914799995,0.303050163647,0.43690023592599997,2023-03-09
03-10,3,10,0.299700161838,0.431800233172,0.175300094662,0.218400117936,0.36320019612800003,0.19050010287,0.21080011383199998,0.25400013716000003,0.195600105624,0.14480007819200003,0.231100124794,0.28450015363,0.20570011107800001,0.177800096012,0.304800164592,0.18800010152,0.28700015498,0.149900080946,0.28700015498,0.213400115236,0.198100106974,0.226100122094,0.19300010422,0.12700006858000001,0.15750008505,0.26670014401799996,0.43690023592599997,0.14480007819200003,0.19050010287,0.28700015498,0.165100089154,0.208300112482,0.302300163242,0.1600000864,0.18030009736199998,0.12700006858000001,0.116800063072,0.177800096012,0.28960015638400005,0.137200074088,0.276900149526,0.22350012068999997,0.104100056214,0.198100106974,0.37080020023200005,0.218400117936,0.18800010152,0.1600000864,0.104100056214,0.14252007696080002,0.17275009328500002,0.22177303642404167,0.201900109026,0.278800150552,0.303050163647,0.43690023592599997,2023-03-10
03-11,3,11,0.302300163242,0.434300234522,0.177800096012,0.218400117936,0.36320019612800003,0.19300010422,0.215900116586,0.26420014266799996,0.195600105624,0.15750008505,0.22100011934000002,0.28700015498,0.208300112482,0.18030009736199998,0.309900167346,0.18800010152,0.28700015498,0.149900080946,0.28700015498,0.215900116586,0.198100106974,0.241300130302,0.203200109728,0.12700006858000001,0.15750008505,0.261600141264,0.43690023592599997,0.14480007819200003,0.19050010287,0.28700015498,0.165100089154,0.21080011383199998,0.304800164592,0.1600000864,0.18030009736199998,0.12950006993,0.114300061722,0.177800096012,0.28960015638400005,0.137200074088,0.27940015087599995,0.22350012068999997,0.111800060372,0.198100106974,0.38350020709000004,0.218400117936,0.18800010152,0.1600000864,0.111800060372,0.14252007696080002,0.1746250942975,0.2236772041189583,0.20575011110500002,0.281300151902,0.3063301654182,0.43690023592599997,2023-03-11
03-12,3,12,0.302300163242,0.434300234522,0.177800096012,0.226100122094,0.36320019612800003,0.198100106974,0.228600123444,0.271800146772,0.198100106974,0.170200091908,0.213400115236,0.299700161838,0.213400115236,0.18030009736199998,0.3150001701,0.18800010152,0.335300181062,0.149900080946,0.28700015498,0.215900116586,0.20070010837799998,0.24380013165199996,0.21080011383199998,0.12700006858000001,0.15750008505,0.261600141264,0.43690023592599997,0.154900083646,0.19050010287,0.28700015498,0.165100089154,0.21080011383199998,0.304800164592,0.1600000864,0.18030009736199998,0.13460007268399998,0.114300061722,0.175300094662,0.28960015638400005,0.137200074088,0.27940015087599995,0.226100122094,0.11940006447600002,0.20070010837799998,0.38350020709000004,0.218400117936,0.18800010152,0.1600000864,0.114300061722,0.14609007888859998,0.1740250939735,0.22680428914091663,0.21080011383199998,0.281300151902,0.3210901733886001,0.43690023592599997,2023-03-12
03-13,3,13,0.302300163242,0.44450024003,0.18030009736199998,0.228600123444,0.36320019612800003,0.203200109728,0.24380013165199996,0.27940015087599995,0.198100106974,0.170200091908,0.20570011107800001,0.304800164592,0.213400115236,0.18030009736199998,0.3150001701,0.19050010287,0.335300181062,0.149900080946,0.28700015498,0.215900116586,0.20070010837799998,0.246400133056,0.21080011383199998,0.12950006993,0.152400082296,0.261600141264,0.43690023592599997,0.1600000864,0.19050010287,0.28700015498,0.165100089154,0.215900116586,0.304800164592,0.1600000864,0.18030009736199998,0.13460007268399998,0.114300061722,0.175300094662,0.28960015638400005,0.137200074088,0.27940015087599995,0.226100122094,0.12450006723,0.20070010837799998,0.388600209844,0.218400117936,0.18800010152,0.1600000864,0.114300061722,0.14609007888859998,0.1740250939735,0.22812512318749997,0.208250112455,0.281300151902,0.3210901733886001,0.44450024003,2023-03-13
03-14,3,14,0.302300163242,0.44450024003,0.18030009736199998,0.228600123444,0.368300198882,0.208300112482,0.246400133056,0.294600159084,0.20070010837799998,0.17270009325799998,0.226100122094,0.309900167346,0.213400115236,0.18030009736199998,0.3150001701,0.19300010422,0.335300181062,0.152400082296,0.28700015498,0.215900116586,0.20070010837799998,0.246400133056,0.213400115236,0.14480007819200003,0.147300079542,0.261600141264,0.43690023592599997,0.1600000864,0.19050010287,0.28700015498,0.165100089154,0.22100011934000002,0.304800164592,0.1600000864,0.177800096012,0.13460007268399998,0.114300061722,0.175300094662,0.28450015363,0.137200074088,0.28960015638400005,0.226100122094,0.149900080946,0.20070010837799998,0.391200211248,0.22100011934000002,0.203200109728,0.1600000864,0.114300061722,0.1491200805248,0.17465009431099998,0.23083137464887496,0.213400115236,0.28700015498,0.3210901733886001,0.44450024003,2023-03-14
03-15,3,15,0.302300163242,0.44450024003,0.18030009736199998,0.24380013165199996,0.373400201636,0.208300112482,0.248900134406,0.30730016594200005,0.20070010837799998,0.175300094662,0.24380013165199996,0.312400168696,0.228600123444,0.18030009736199998,0.3200001728,0.19300010422,0.335300181062,0.177800096012,0.28700015498,0.215900116586,0.20070010837799998,0.248900134406,0.213400115236,0.14480007819200003,0.147300079542,0.261600141264,0.43690023592599997,0.16760009050400002,0.19300010422,0.294600159084,0.165100089154,0.22350012068999997,0.304800164592,0.1600000864,0.17270009325799998,0.13460007268399998,0.111800060372,0.177800096012,0.274300148122,0.14220007678799998,0.28960015638400005,0.23370012619799999,0.19300010422,0.20070010837799998,0.398800215352,0.22100011934000002,0.208300112482,0.1600000864,0.111800060372,0.15619008434259998,0.177800096012,0.23457512667049998,0.214650115911,0.287650155331,0.32459017527860007,0.44450024003,2023-03-15
03-16,3,16,0.304800164592,0.44450024003,0.18030009736199998,0.25650013851000003,0.386100208494,0.215900116586,0.25150013581,0.312400168696,0.21080011383199998,0.177800096012,0.248900134406,0.3150001701,0.23370012619799999,0.18030009736199998,0.3200001728,0.19300010422,0.335300181062,0.177800096012,0.28700015498,0.215900116586,0.20070010837799998,0.248900134406,0.213400115236,0.14480007819200003,0.149900080946,0.261600141264,0.43690023592599997,0.16760009050400002,0.19300010422,0.294600159084,0.165100089154,0.22350012068999997,0.304800164592,0.15750008505,0.17270009325799998,0.13460007268399998,0.109200058968,0.18290009876600002,0.261600141264,0.154900083646,0.28960015638400005,0.248900134406,0.19300010422,0.20070010837799998,0.41400022355999994,0.231100124794,0.208300112482,0.1600000864,0.109200058968,0.1567200846288,0.1796750970245,0.23690221126045832,0.215900116586,0.287650155331,0.32459017527860007,0.44450024003,2023-03-16
03-17,3,17,0.30730016594200005,0.44450024003,0.18290009876600002,0.28960015638400005,0.393700212598,0.22100011934000002,0.25150013581,0.332700179658,0.22350012068999997,0.18290009876600002,0.248900134406,0.3150001701,0.23370012619799999,0.18030009736199998,0.31750017145000003,0.19300010422,0.335300181062,0.177800096012,0.28700015498,0.215900116586,0.203200109728,0.25150013581,0.218400117936,0.147300079542,0.1600000864,0.259100139914,0.43690023592599997,0.170200091908,0.19300010422,0.302300163242,0.165100089154,0.22350012068999997,0.304800164592,0.15750008505,0.170200091908,0.13460007268399998,0.106700057618,0.18540010011600003,0.259100139914,0.154900083646,0.28960015638400005,0.25400013716000003,0.19300010422,0.20070010837799998,0.41400022355999994,0.231100124794,0.21080011383199998,0.1600000864,0.106700057618,0.15925008599499998,0.182250098415,0.23939387927262498,0.222250120015,0.28960015638400005,0.3334801800792,0.44450024003,2023-03-17
03-18,3,18,0.309900167346,0.452100244134,0.18290009876600002,0.28960015638400005,0.406400219456,0.22350012068999997,0.25150013581,0.34290018516599996,0.226100122094,0.18800010152,0.248900134406,0.31750017145000003,0.23370012619799999,0.18030009736199998,0.31750017145000003,0.19300010422,0.335300181062,0.177800096012,0.28700015498,0.215900116586,0.203200109728,0.25150013581,0.22100011934000002,0.1600000864,0.18800010152,0.259100139914,0.43690023592599997,0.17270009325799998,0.18540010011600003,0.304800164592,0.165100089154,0.22350012068999997,0.309900167346,0.154900083646,0.17270009325799998,0.13460007268399998,0.106700057618,0.18540010011600003,0.25400013716000003,0.170200091908,0.28960015638400005,0.25400013716000003,0.19300010422,0.20070010837799998,0.41400022355999994,0.231100124794,0.21080011383199998,0.1600000864,0.106700057618,0.1635700883278,0.18477509977850004,0.24151263041675,0.22350012068999997,0.28960015638400005,0.3375801822932,0.452100244134,2023-03-18
03-19,3,19,0.312400168696,0.452100244134,0.18290009876600002,0.294600159084,0.40890022080599997,0.231100124794,0.25150013581,0.35310019067400006,0.23880012895200003,0.18800010152,0.25150013581,0.3200001728,0.23370012619799999,0.18030009736199998,0.3150001701,0.19300010422,0.335300181062,0.18030009736199998,0.28700015498,0.226100122094,0.20070010837799998,0.25400013716000003,0.22350012068999997,0.165100089154,0.21080011383199998,0.25650013851000003,0.43690023592599997,0.19050010287,0.18290009876600002,0.30730016594200005,0.165100089154,0.228600123444,0.309900167346,0.154900083646,0.17270009325799998,0.137200074088,0.104100056214,0.18540010011600003,0.248900134406,0.18030009736199998,0.28960015638400005,0.25400013716000003,0.19300010422,0.20070010837799998,0.41400022355999994,0.231100124794,0.21080011383199998,0.152400082296,0.104100056214,0.165100089154,0.18477509977850004,0.24367721491895833,0.229850124119,0.290850157059,0.3406401839456001,0.452100244134,2023-03-19
03-20,3,20,0.3150001701,0.452100244134,0.18290009876600002,0.299700161838,0.41400022355999994,0.231100124794,0.25400013716000003,0.358100193374,0.25150013581,0.18800010152,0.25650013851000003,0.3200001728,0.236200127548,0.18030009736199998,0.3150001701,0.203200109728,0.337800182412,0.18030009736199998,0.274300148122,0.226100122094,0.198100106974,0.25650013851000003,0.215900116586,0.165100089154,0.21080011383199998,0.248900134406,0.439400237276,0.195600105624,0.177800096012,0.30730016594200005,0.16260008780399998,0.23370012619799999,0.309900167346,0.16760009050400002,0.17270009325799998,0.13970007543799998,0.104100056214,0.18540010011600003,0.241300130302,0.18030009736199998,0.28960015638400005,0.261600141264,0.19300010422,0.20070010837799998,0.416600224964,0.231100124794,0.21080011383199998,0.147300079542,0.104100056214,0.166850090099,0.18477509977850004,0.24457304873604166,0.231100124794,0.29212515774750003,0.3438901857006001,0.452100244134,2023-03-20
03-21,3,21,0.31750017145000003,0.452100244134,0.18800010152,0.304800164592,0.41400022355999994,0.231100124794,0.25400013716000003,0.36320019612800003,0.25400013716000003,0.18800010152,0.25650013851000003,0.3200001728,0.236200127548,0.18290009876600002,0.312400168696,0.20570011107800001,0.337800182412,0.18030009736199998,0.26920014536799997,0.226100122094,0.19050010287,0.26920014536799997,0.20570011107800001,0.165100089154,0.21080011383199998,0.23880012895200003,0.44700024137999994,0.198100106974,0.175300094662,0.30730016594200005,0.1600000864,0.23370012619799999,0.309900167346,0.16760009050400002,0.17270009325799998,0.13970007543799998,0.104100056214,0.18540010011600003,0.236200127548,0.18290009876600002,0.28960015638400005,0.26920014536799997,0.198100106974,0.20570011107800001,0.42420022906800003,0.231100124794,0.21080011383199998,0.137200074088,0.104100056214,0.166850090099,0.187350101169,0.244993882296625,0.231100124794,0.29340015843600004,0.3454201865268001,0.452100244134,2023-03-21
03-22,3,22,0.322600174204,0.452100244134,0.18800010152,0.309900167346,0.41910022631399996,0.23370012619799999,0.25400013716000003,0.36320019612800003,0.25400013716000003,0.18800010152,0.259100139914,0.3200001728,0.236200127548,0.18540010011600003,0.312400168696,0.20570011107800001,0.337800182412,0.18030009736199998,0.26420014266799996,0.226100122094,0.18800010152,0.294600159084,0.213400115236,0.165100089154,0.21080011383199998,0.23370012619799999,0.44960024278399996,0.208300112482,0.18030009736199998,0.30730016594200005,0.15750008505,0.23370012619799999,0.3150001701,0.17270009325799998,0.177800096012,0.13970007543799998,0.09650005211,0.175300094662,0.226100122094,0.18290009876600002,0.297200160488,0.274300148122,0.198100106974,0.20570011107800001,0.42420022906800003,0.228600123444,0.213400115236,0.12450006723,0.09650005211,0.1704200920268,0.187350101169,0.24596054948529167,0.227350122769,0.2997251618515,0.3454201865268001,0.452100244134,2023-03-22
03-23,3,23,0.32770017695799997,0.452100244134,0.19050010287,0.312400168696,0.426700230418,0.236200127548,0.25400013716000003,0.36580019753200005,0.25400013716000003,0.18290009876600002,0.26670014401799996,0.3200001728,0.236200127548,0.19050010287,0.30730016594200005,0.21080011383199998,0.34290018516599996,0.18030009736199998,0.26420014266799996,0.22350012068999997,0.18800010152,0.294600159084,0.213400115236,0.165100089154,0.208300112482,0.22350012068999997,0.454700245538,0.208300112482,0.18030009736199998,0.30730016594200005,0.16260008780399998,0.23370012619799999,0.3150001701,0.17270009325799998,0.177800096012,0.14220007678799998,0.088900048006,0.175300094662,0.23370012619799999,0.19050010287,0.304800164592,0.274300148122,0.198100106974,0.208300112482,0.434300234522,0.228600123444,0.213400115236,0.116800063072,0.088900048006,0.1704200920268,0.1898751025325,0.24706680008266668,0.22605012206699998,0.3054251649295,0.3497701888758001,0.454700245538,2023-03-23
03-24,3,24,0.330200178308,0.452100244134,0.19300010422,0.31750017145000003,0.431800233172,0.23880012895200003,0.25650013851000003,0.36580019753200005,0.25400013716000003,0.18030009736199998,0.26920014536799997,0.3200001728,0.236200127548,0.19300010422,0.297200160488,0.21080011383199998,0.34290018516599996,0.18030009736199998,0.259100139914,0.22100011934000002,0.18800010152,0.294600159084,0.213400115236,0.165100089154,0.208300112482,0.21080011383199998,0.480100259254,0.208300112482,0.177800096012,0.30730016594200005,0.16760009050400002,0.24380013165199996,0.3150001701,0.16760009050400002,0.18290009876600002,0.14220007678799998,0.088900048006,0.18030009736199998,0.246400133056,0.195600105624,0.309900167346,0.276900149526,0.203200109728,0.208300112482,0.44700024137999994,0.228600123444,0.213400115236,0.104100056214,0.088900048006,0.16760009050400002,0.191750103545,0.24843971749070834,0.224800121392,0.2997251618515,0.3497701888758001,0.480100259254,2023-03-24
03-25,3,25,0.337800182412,0.452100244134,0.19300010422,0.31750017145000003,0.439400237276,0.24380013165199996,0.25650013851000003,0.36580019753200005,0.259100139914,0.18030009736199998,0.26920014536799997,0.3200001728,0.23880012895200003,0.208300112482,0.297200160488,0.213400115236,0.355600192024,0.19050010287,0.271800146772,0.218400117936,0.18540010011600003,0.294600159084,0.215900116586,0.165100089154,0.218400117936,0.20570011107800001,0.490200264708,0.208300112482,0.177800096012,0.30730016594200005,0.18030009736199998,0.246400133056,0.3150001701,0.16260008780399998,0.18290009876600002,0.13970007543799998,0.088900048006,0.19050010287,0.246400133056,0.195600105624,0.312400168696,0.27940015087599995,0.203200109728,0.208300112482,0.457200246888,0.236200127548,0.208300112482,0.08380004525200001,0.08380004525200001,0.1739900939546,0.1923751038825,0.2507147187192083,0.227300122742,0.2997251618515,0.35866019367640006,0.490200264708,2023-03-25
03-26,3,26,0.34290018516599996,0.452100244134,0.19300010422,0.322600174204,0.459700248238,0.24380013165199996,0.25650013851000003,0.36580019753200005,0.259100139914,0.177800096012,0.26920014536799997,0.3200001728,0.24380013165199996,0.208300112482,0.28700015498,0.22100011934000002,0.355600192024,0.19300010422,0.274300148122,0.22350012068999997,0.177800096012,0.294600159084,0.215900116586,0.18030009736199998,0.218400117936,0.20070010837799998,0.497800268812,0.208300112482,0.16760009050400002,0.309900167346,0.18540010011600003,0.248900134406,0.31750017145000003,0.15750008505,0.18290009876600002,0.13460007268399998,0.088900048006,0.19300010422,0.248900134406,0.195600105624,0.312400168696,0.292100157734,0.21080011383199998,0.20570011107800001,0.457200246888,0.23880012895200003,0.20070010837799998,0.053300028782,0.053300028782,0.1747400943596,0.19300010422,0.251343885725625,0.231150124821,0.2984251611495,0.35866019367640006,0.497800268812,2023-03-26
03-27,3,27,0.34540018651599996,0.452100244134,0.20070010837799998,0.32510017555399995,0.459700248238,0.248900134406,0.26420014266799996,0.36580019753200005,0.261600141264,0.177800096012,0.26920014536799997,0.32510017555399995,0.248900134406,0.208300112482,0.28700015498,0.23370012619799999,0.355600192024,0.19300010422,0.271800146772,0.22350012068999997,0.17270009325799998,0.297200160488,0.218400117936,0.18290009876600002,0.22100011934000002,0.19300010422,0.497800268812,0.208300112482,0.15750008505,0.309900167346,0.19050010287,0.248900134406,0.31750017145000003,0.149900080946,0.18540010011600003,0.137200074088,0.08130004390199999,0.198100106974,0.248900134406,0.195600105624,0.312400168696,0.297200160488,0.21080011383199998,0.20570011107800001,0.457200246888,0.23880012895200003,0.18540010011600003,0.040600021923999995,0.040600021923999995,0.1681400907956,0.19300010422,0.25161471920520834,0.23625012757500002,0.30037516220250005,0.35866019367640006,0.497800268812,2023-03-27
03-28,3,28,0.355600192024,0.457200246888,0.208300112482,0.32770017695799997,0.469900253746,0.25400013716000003,0.28190015222599996,0.36580019753200005,0.26670014401799996,0.177800096012,0.271800146772,0.3200001728,0.25150013581,0.208300112482,0.294600159084,0.23370012619799999,0.358100193374,0.19300010422,0.26670014401799996,0.25150013581,0.170200091908,0.297200160488,0.218400117936,0.18290009876600002,0.228600123444,0.195600105624,0.5029002715659999,0.208300112482,0.16260008780399998,0.309900167346,0.19050010287,0.248900134406,0.31750017145000003,0.152400082296,0.18540010011600003,0.137200074088,0.068600037044,0.198100106974,0.25400013716000003,0.198100106974,0.312400168696,0.299700161838,0.21080011383199998,0.198100106974,0.459700248238,0.23880012895200003,0.177800096012,0.03050001647,0.03050001647,0.1679200906768,0.194950105273,0.25352513690350004,0.24385013167900002,0.30225016321500003,0.36041019462140006,0.5029002715659999,2023-03-28
03-29,3,29,0.375900202986,0.457200246888,0.213400115236,0.337800182412,0.472400255096,0.259100139914,0.28450015363,0.36580019753200005,0.26920014536799997,0.177800096012,0.274300148122,0.330200178308,0.25150013581,0.208300112482,0.312400168696,0.236200127548,0.36070019477799997,0.19300010422,0.26420014266799996,0.294600159084,0.16760009050400002,0.297200160488,0.218400117936,0.18290009876600002,0.231100124794,0.198100106974,0.5105002756699999,0.22100011934000002,0.165100089154,0.3150001701,0.19050010287,0.248900134406,0.3200001728,0.147300079542,0.18540010011600003,0.137200074088,0.058400031536,0.198100106974,0.261600141264,0.198100106974,0.312400168696,0.302300163242,0.21080011383199998,0.19300010422,0.459700248238,0.23880012895200003,0.175300094662,0.012700006858,0.012700006858,0.166850090099,0.19300010422,0.25616472166220833,0.24385013167900002,0.312400168696,0.3688301991682001,0.5105002756699999,2023-03-29
03-30,3,30,0.38350020709000004,0.46480025099199995,0.218400117936,0.34290018516599996,0.472400255096,0.26420014266799996,0.297200160488,0.36580019753200005,0.26920014536799997,0.175300094662,0.274300148122,0.32770017695799997,0.25650013851000003,0.20070010837799998,0.31750017145000003,0.236200127548,0.36070019477799997,0.19300010422,0.261600141264,0.304800164592,0.16260008780399998,0.304800164592,0.22350012068999997,0.18290009876600002,0.231100124794,0.203200109728,0.5258002839320001,0.246400133056,0.18030009736199998,0.312400168696,0.19050010287,0.248900134406,0.3200001728,0.13460007268399998,0.18540010011600003,0.14220007678799998,0.050800027432,0.213400115236,0.259100139914,0.198100106974,0.312400168696,0.304800164592,0.21080011383199998,0.236200127548,0.462300249642,0.24380013165199996,0.177800096012,0.0,0.0,0.1714900926046,0.19682510628549998,0.2593918067381667,0.247650133731,0.312400168696,0.3711102003994001,0.5258002839320001,2023-03-30
03-31,3,31,0.391200211248,0.469900253746,0.22100011934000002,0.3480001879199999,0.472400255096,0.271800146772,0.299700161838,0.36580019753200005,0.26920014536799997,0.17270009325799998,0.274300148122,0.332700179658,0.25650013851000003,0.20070010837799998,0.3200001728,0.23880012895200003,0.36320019612800003,0.195600105624,0.259100139914,0.309900167346,0.1600000864,0.30730016594200005,0.22100011934000002,0.18030009736199998,0.231100124794,0.20070010837799998,0.5258002839320001,0.25400013716000003,0.18540010011600003,0.30730016594200005,0.198100106974,0.246400133056,0.3200001728,0.12950006993,0.18540010011600003,0.154900083646,0.03300001782,0.24380013165199996,0.26670014401799996,0.198100106974,0.312400168696,0.304800164592,0.21080011383199998,0.236200127548,0.46740025239599997,0.24380013165199996,0.18030009736199998,0.0,0.0,0.16889009120059997,0.198100106974,0.26118764104125,0.250200135108,0.3105251676835,0.3734202016468001,0.5258002839320001,2023-03-31
04-01,4,1,0.396200213948,0.482600260604,0.22350012068999997,0.3480001879199999,0.472400255096,0.27940015087599995,0.304800164592,0.36580019753200005,0.26420014266799996,0.18800010152,0.261600141264,0.330200178308,0.25650013851000003,0.198100106974,0.322600174204,0.23880012895200003,0.36580019753200005,0.195600105624,0.259100139914,0.309900167346,0.1600000864,0.30730016594200005,0.213400115236,0.175300094662,0.22100011934000002,0.198100106974,0.5258002839320001,0.259100139914,0.18290009876600002,0.3200001728,0.20070010837799998,0.26420014266799996,0.3200001728,0.114300061722,0.18290009876600002,0.16260008780399998,0.025400013716,0.246400133056,0.28190015222599996,0.198100106974,0.312400168696,0.30730016594200005,0.21080011383199998,0.236200127548,0.47750025784999994,0.25400013716000003,0.18800010152,0.0,0.0,0.1714900926046,0.198100106974,0.262681391847875,0.257800139212,0.31430016972200003,0.37492020245680013,0.5258002839320001,2023-04-01
04-02,4,2,0.396200213948,0.482600260604,0.22350012068999997,0.3480001879199999,0.47750025784999994,0.28700015498,0.309900167346,0.386100208494,0.26420014266799996,0.18800010152,0.25400013716000003,0.3200001728,0.24380013165199996,0.195600105624,0.322600174204,0.23880012895200003,0.36580019753200005,0.198100106974,0.261600141264,0.309900167346,0.170200091908,0.30730016594200005,0.213400115236,0.17270009325799998,0.21080011383199998,0.18800010152,0.5309002866860001,0.26420014266799996,0.18290009876600002,0.3200001728,0.208300112482,0.26920014536799997,0.28960015638400005,0.09400005076,0.19050010287,0.175300094662,0.025400013716,0.26420014266799996,0.28190015222599996,0.198100106974,0.3150001701,0.30730016594200005,0.20570011107800001,0.23370012619799999,0.47750025784999994,0.26670014401799996,0.18800010152,0.010200005508000001,0.010200005508000001,0.1745200942408,0.19747510663649998,0.26321264213475,0.262900141966,0.3111751680345,0.38913021013020005,0.5309002866860001,2023-04-02
04-03,4,3,0.406400219456,0.482600260604,0.22350012068999997,0.35050018927,0.482600260604,0.297200160488,0.3150001701,0.393700212598,0.261600141264,0.18540010011600003,0.23370012619799999,0.3150001701,0.228600123444,0.19300010422,0.32770017695799997,0.23880012895200003,0.368300198882,0.198100106974,0.276900149526,0.322600174204,0.175300094662,0.309900167346,0.228600123444,0.16760009050400002,0.215900116586,0.18540010011600003,0.535900289386,0.26420014266799996,0.18290009876600002,0.3200001728,0.215900116586,0.26920014536799997,0.271800146772,0.08380004525200001,0.198100106974,0.18540010011600003,0.025400013716,0.26670014401799996,0.28450015363,0.195600105624,0.3200001728,0.30730016594200005,0.198100106974,0.228600123444,0.47750025784999994,0.26670014401799996,0.198100106974,0.012700006858,0.012700006858,0.18062009753480002,0.198100106974,0.2644230594550417,0.262900141966,0.31625017077499995,0.39751021465540004,0.535900289386,2023-04-03
04-04,4,4,0.406400219456,0.482600260604,0.226100122094,0.35310019067400006,0.48510026195399997,0.304800164592,0.3150001701,0.398800215352,0.25650013851000003,0.18540010011600003,0.22350012068999997,0.299700161838,0.226100122094,0.18800010152,0.32770017695799997,0.23880012895200003,0.35310019067400006,0.198100106974,0.28450015363,0.322600174204,0.177800096012,0.309900167346,0.228600123444,0.16260008780399998,0.218400117936,0.175300094662,0.5309002866860001,0.26420014266799996,0.175300094662,0.3200001728,0.231100124794,0.276900149526,0.274300148122,0.086400046656,0.198100106974,0.18800010152,0.025400013716,0.26420014266799996,0.28960015638400005,0.19300010422,0.32510017555399995,0.309900167346,0.195600105624,0.228600123444,0.5029002715659999,0.26420014266799996,0.198100106974,0.007600004103999999,0.007600004103999999,0.175300094662,0.19747510663649998,0.26453972618470833,0.26035014058899997,0.31625017077499995,0.40108021658320003,0.5309002866860001,2023-04-04
04-05,4,5,0.406400219456,0.482600260604,0.226100122094,0.35310019067400006,0.495300267462,0.30730016594200005,0.3150001701,0.40390021810599996,0.25650013851000003,0.18540010011600003,0.22350012068999997,0.294600159084,0.215900116586,0.18540010011600003,0.32770017695799997,0.248900134406,0.332700179658,0.198100106974,0.297200160488,0.32770017695799997,0.177800096012,0.309900167346,0.228600123444,0.15750008505,0.218400117936,0.170200091908,0.5309002866860001,0.25650013851000003,0.16760009050400002,0.3200001728,0.25650013851000003,0.28190015222599996,0.271800146772,0.08380004525200001,0.19050010287,0.18800010152,0.025400013716,0.261600141264,0.28960015638400005,0.19300010422,0.32510017555399995,0.309900167346,0.18800010152,0.226100122094,0.5156002784239999,0.26420014266799996,0.20570011107800001,0.0,0.0,0.1694200914868,0.1923751038825,0.26452930951241665,0.25650013851000003,0.31625017077499995,0.40465021851099997,0.5309002866860001,2023-04-05
04-06,4,6,0.416600224964,0.482600260604,0.228600123444,0.355600192024,0.497800268812,0.30730016594200005,0.3150001701,0.40390021810599996,0.261600141264,0.18540010011600003,0.203200109728,0.28190015222599996,0.195600105624,0.177800096012,0.34290018516599996,0.25400013716000003,0.3150001701,0.203200109728,0.304800164592,0.330200178308,0.18800010152,0.302300163242,0.23370012619799999,0.14220007678799998,0.231100124794,0.16260008780399998,0.5258002839320001,0.274300148122,0.154900083646,0.322600174204,0.25650013851000003,0.28960015638400005,0.26420014266799996,0.06600003564,0.19050010287,0.19050010287,0.025400013716,0.25400013716000003,0.28960015638400005,0.19300010422,0.32510017555399995,0.309900167346,0.165100089154,0.226100122094,0.523200282528,0.26420014266799996,0.20570011107800001,0.0,0.0,0.1602900865566,0.1923751038825,0.26331472552320834,0.259050139887,0.3150001701,0.40771022016340003,0.5258002839320001,2023-04-06
04-07,4,7,0.416600224964,0.482600260604,0.228600123444,0.36070019477799997,0.497800268812,0.30730016594200005,0.3150001701,0.40390021810599996,0.261600141264,0.18540010011600003,0.198100106974,0.26670014401799996,0.18800010152,0.175300094662,0.34290018516599996,0.25400013716000003,0.302300163242,0.20570011107800001,0.309900167346,0.34290018516599996,0.19300010422,0.299700161838,0.25650013851000003,0.137200074088,0.241300130302,0.147300079542,0.5156002784239999,0.28190015222599996,0.14220007678799998,0.32510017555399995,0.25400013716000003,0.292100157734,0.26420014266799996,0.058400031536,0.19300010422,0.19300010422,0.025400013716,0.248900134406,0.28450015363,0.195600105624,0.32770017695799997,0.309900167346,0.17270009325799998,0.226100122094,0.523200282528,0.26420014266799996,0.20570011107800001,0.0,0.0,0.1457700787158,0.19300010422,0.262993892016625,0.259050139887,0.3111751680345,0.40771022016340003,0.523200282528,2023-04-07
04-08,4,8,0.42160022766399996,0.482600260604,0.228600123444,0.36070019477799997,0.5029002715659999,0.309900167346,0.3150001701,0.40390021810599996,0.261600141264,0.175300094662,0.18800010152,0.25150013581,0.19300010422,0.16760009050400002,0.34290018516599996,0.25400013716000003,0.28700015498,0.195600105624,0.3200001728,0.34540018651599996,0.20070010837799998,0.28700015498,0.297200160488,0.12700006858000001,0.24380013165199996,0.137200074088,0.492800266112,0.28190015222599996,0.13210007133399998,0.322600174204,0.24380013165199996,0.28960015638400005,0.276900149526,0.048300026082,0.195600105624,0.18800010152,0.025400013716,0.23880012895200003,0.271800146772,0.198100106974,0.32770017695799997,0.302300163242,0.16260008780399998,0.22350012068999997,0.523200282528,0.26420014266799996,0.195600105624,0.0,0.0,0.1356700732618,0.194950105273,0.2605168073456667,0.257800139212,0.31625017077499995,0.40921022097340004,0.523200282528,2023-04-08
04-09,4,9,0.42420022906800003,0.482600260604,0.226100122094,0.368300198882,0.5080002743200001,0.3150001701,0.28700015498,0.40390021810599996,0.261600141264,0.16760009050400002,0.18290009876600002,0.259100139914,0.19300010422,0.1600000864,0.34290018516599996,0.25400013716000003,0.28450015363,0.18800010152,0.32770017695799997,0.35310019067400006,0.203200109728,0.28190015222599996,0.30730016594200005,0.11940006447600002,0.228600123444,0.13970007543799998,0.495300267462,0.276900149526,0.13460007268399998,0.322600174204,0.24380013165199996,0.28190015222599996,0.302300163242,0.038100020574,0.215900116586,0.18290009876600002,0.050800027432,0.226100122094,0.276900149526,0.198100106974,0.3200001728,0.297200160488,0.154900083646,0.215900116586,0.523200282528,0.26420014266799996,0.18290009876600002,0.0,0.0,0.13817007461179998,0.1867251008315,0.2598772236669583,0.26035014058899997,0.31625017077499995,0.40999022139460006,0.523200282528,2023-04-09
04-10,4,10,0.42420022906800003,0.482600260604,0.226100122094,0.373400201636,0.5080002743200001,0.3150001701,0.25400013716000003,0.40390021810599996,0.261600141264,0.165100089154,0.18030009736199998,0.26420014266799996,0.19300010422,0.154900083646,0.34290018516599996,0.25400013716000003,0.28190015222599996,0.177800096012,0.375900202986,0.355600192024,0.213400115236,0.26920014536799997,0.30730016594200005,0.111800060372,0.228600123444,0.14480007819200003,0.50550027297,0.26920014536799997,0.13460007268399998,0.322600174204,0.24380013165199996,0.28190015222599996,0.312400168696,0.020300010961999997,0.22350012068999997,0.175300094662,0.050800027432,0.213400115236,0.27940015087599995,0.198100106974,0.312400168696,0.292100157734,0.14480007819200003,0.215900116586,0.518200279828,0.26420014266799996,0.17270009325799998,0.0,0.0,0.14174007653960002,0.1796750970245,0.25876263973174995,0.257800139212,0.313050169047,0.40999022139460006,0.518200279828,2023-04-10
04-11,4,11,0.434300234522,0.482600260604,0.218400117936,0.373400201636,0.5105002756699999,0.32510017555399995,0.23880012895200003,0.40890022080599997,0.261600141264,0.16260008780399998,0.16760009050400002,0.25400013716000003,0.208300112482,0.152400082296,0.34540018651599996,0.261600141264,0.28190015222599996,0.165100089154,0.396200213948,0.35050018927,0.22100011934000002,0.25400013716000003,0.31750017145000003,0.109200058968,0.21080011383199998,0.147300079542,0.5105002756699999,0.25650013851000003,0.13460007268399998,0.332700179658,0.241300130302,0.28450015363,0.312400168696,0.007600004103999999,0.226100122094,0.16760009050400002,0.038100020574,0.203200109728,0.27940015087599995,0.18290009876600002,0.335300181062,0.292100157734,0.13210007133399998,0.213400115236,0.50550027297,0.259100139914,0.152400082296,0.0,0.0,0.13385007227899998,0.16760009050400002,0.2567980553375417,0.25400013716000003,0.32700017657999997,0.4165202249208001,0.5105002756699999,2023-04-11
04-12,4,12,0.43690023592599997,0.482600260604,0.21080011383199998,0.37850020439,0.520700281178,0.32510017555399995,0.228600123444,0.41400022355999994,0.261600141264,0.1600000864,0.16260008780399998,0.24380013165199996,0.22100011934000002,0.14220007678799998,0.34540018651599996,0.26420014266799996,0.28190015222599996,0.154900083646,0.406400219456,0.34540018651599996,0.228600123444,0.25150013581,0.31750017145000003,0.106700057618,0.19050010287,0.16260008780399998,0.5105002756699999,0.259100139914,0.13970007543799998,0.337800182412,0.248900134406,0.276900149526,0.312400168696,0.005100002754000001,0.226100122094,0.16260008780399998,0.025400013716,0.195600105624,0.274300148122,0.16760009050400002,0.340400183816,0.292100157734,0.12190006582599998,0.218400117936,0.492800266112,0.248900134406,0.13210007133399998,0.0,0.0,0.12904006968159998,0.16260008780399998,0.2548459709500833,0.248900134406,0.3282751772685,0.42087022726980006,0.520700281178,2023-04-12
04-13,4,13,0.44200023868000005,0.482600260604,0.20070010837799998,0.38100020574,0.528300285282,0.32510017555399995,0.215900116586,0.41400022355999994,0.261600141264,0.147300079542,0.152400082296,0.23880012895200003,0.22350012068999997,0.137200074088,0.3480001879199999,0.259100139914,0.26420014266799996,0.15750008505,0.40890022080599997,0.35050018927,0.22100011934000002,0.246400133056,0.32770017695799997,0.104100056214,0.18290009876600002,0.1600000864,0.492800266112,0.241300130302,0.137200074088,0.337800182412,0.248900134406,0.26920014536799997,0.30730016594200005,0.005100002754000001,0.22350012068999997,0.15750008505,0.017800009611999998,0.18800010152,0.25400013716000003,0.170200091908,0.34290018516599996,0.292100157734,0.114300061722,0.218400117936,0.48770026335800004,0.231100124794,0.12190006582599998,0.0,0.0,0.11962006459479999,0.1593750860625,0.25082721877995834,0.240050129627,0.3302251783215,0.4224002280960001,0.528300285282,2023-04-13
04-14,4,14,0.44450024003,0.48770026335800004,0.19300010422,0.38100020574,0.528300285282,0.32510017555399995,0.208300112482,0.41910022631399996,0.261600141264,0.13210007133399998,0.13970007543799998,0.23370012619799999,0.226100122094,0.12450006723,0.355600192024,0.246400133056,0.248900134406,0.16260008780399998,0.416600224964,0.358100193374,0.20570011107800001,0.226100122094,0.32770017695799997,0.088900048006,0.165100089154,0.149900080946,0.469900253746,0.218400117936,0.13460007268399998,0.337800182412,0.24380013165199996,0.271800146772,0.312400168696,0.007600004103999999,0.218400117936,0.16260008780399998,0.007600004103999999,0.18290009876600002,0.23370012619799999,0.170200091908,0.34290018516599996,0.294600159084,0.106700057618,0.218400117936,0.495300267462,0.22100011934000002,0.12190006582599998,0.0,0.0,0.11734006336359999,0.16260008780399998,0.24643346640733332,0.226100122094,0.3302251783215,0.4267202304288001,0.528300285282,2023-04-14
04-15,4,15,0.44450024003,0.490200264708,0.18030009736199998,0.38100020574,0.5334002880359999,0.332700179658,0.12190006582599998,0.41910022631399996,0.25400013716000003,0.12190006582599998,0.12450006723,0.21080011383199998,0.228600123444,0.111800060372,0.355600192024,0.23880012895200003,0.248900134406,0.165100089154,0.41910022631399996,0.358100193374,0.203200109728,0.21080011383199998,0.335300181062,0.078700042498,0.152400082296,0.13210007133399998,0.454700245538,0.203200109728,0.11940006447600002,0.330200178308,0.25650013851000003,0.26420014266799996,0.312400168696,0.005100002754000001,0.218400117936,0.16260008780399998,0.0,0.170200091908,0.228600123444,0.170200091908,0.34290018516599996,0.294600159084,0.116800063072,0.208300112482,0.5029002715659999,0.21080011383199998,0.111800060372,0.0,0.0,0.111800060372,0.1473250795555,0.2403459631200833,0.214600115884,0.33335018000899996,0.4267202304288001,0.5334002880359999,2023-04-15
04-16,4,16,0.44200023868000005,0.490200264708,0.18030009736199998,0.38100020574,0.535900289386,0.330200178308,0.12190006582599998,0.42160022766399996,0.25650013851000003,0.109200058968,0.111800060372,0.198100106974,0.228600123444,0.101600054864,0.355600192024,0.228600123444,0.261600141264,0.170200091908,0.42160022766399996,0.36070019477799997,0.20070010837799998,0.218400117936,0.332700179658,0.078700042498,0.14220007678799998,0.12450006723,0.44700024137999994,0.198100106974,0.09910005351399999,0.322600174204,0.26420014266799996,0.246400133056,0.304800164592,0.027900015065999997,0.231100124794,0.149900080946,0.020300010961999997,0.165100089154,0.226100122094,0.1600000864,0.34290018516599996,0.297200160488,0.116800063072,0.20070010837799998,0.5029002715659999,0.20070010837799998,0.09650005211,,0.020300010961999997,0.100600054324,0.146050078867,0.24307885466676596,0.226100122094,0.331450178983,0.4297602320704,0.535900289386,2023-04-16
04-17,4,17,0.42420022906800003,0.490200264708,0.18030009736199998,0.38100020574,0.535900289386,0.304800164592,0.12700006858000001,0.42160022766399996,0.25150013581,0.101600054864,0.101600054864,0.18030009736199998,0.22350012068999997,0.106700057618,0.355600192024,0.21080011383199998,0.26420014266799996,0.16260008780399998,0.41150022221,0.36580019753200005,0.19300010422,0.231100124794,0.322600174204,0.078700042498,0.13210007133399998,0.114300061722,0.431800233172,0.18540010011600003,0.086400046656,0.3150001701,0.26670014401799996,0.23370012619799999,0.302300163242,0.027900015065999997,0.248900134406,0.147300079542,0.03300001782,0.165100089154,0.20570011107800001,0.14480007819200003,0.34290018516599996,0.304800164592,0.114300061722,0.19300010422,0.497800268812,0.203200109728,0.08130004390199999,,0.027900015065999997,0.09552005158080001,0.138450074763,0.23837885212876594,0.21080011383199998,0.31880017215199996,0.4226402282256,0.535900289386,2023-04-17
04-18,4,18,0.40130021670199995,0.490200264708,0.16260008780399998,0.375900202986,0.535900289386,0.271800146772,0.13210007133399998,0.431800233172,0.23880012895200003,0.088900048006,0.086400046656,0.16260008780399998,0.22100011934000002,0.104100056214,0.355600192024,0.18800010152,0.276900149526,0.149900080946,0.391200211248,0.373400201636,0.18540010011600003,0.228600123444,0.30730016594200005,0.078700042498,0.12450006723,0.09650005211,0.41150022221,0.18540010011600003,0.08130004390199999,0.312400168696,0.276900149526,0.226100122094,0.297200160488,0.022900012366000002,0.25150013581,0.13460007268399998,0.050800027432,0.17270009325799998,0.195600105624,0.149900080946,0.340400183816,0.304800164592,0.109200058968,0.19300010422,0.495300267462,0.19300010422,0.09650005211,,0.022900012366000002,0.087900047466,0.13335007200899998,0.23320012592800002,0.195600105624,0.30985016731900006,0.40538021890519993,0.535900289386,2023-04-18
04-19,4,19,0.393700212598,0.490200264708,0.14480007819200003,0.37080020023200005,0.535900289386,0.24380013165199996,0.137200074088,0.431800233172,0.22350012068999997,0.078700042498,0.07110003839399999,0.15750008505,0.22100011934000002,0.09140004935599999,0.355600192024,0.170200091908,0.28960015638400005,0.16260008780399998,0.388600209844,0.37850020439,0.17270009325799998,0.226100122094,0.294600159084,0.08130004390199999,0.137200074088,0.086400046656,0.398800215352,0.18540010011600003,0.078700042498,0.30730016594200005,0.276900149526,0.215900116586,0.28960015638400005,0.025400013716,0.25650013851000003,0.114300061722,0.050800027432,0.18540010011600003,0.17270009325799998,0.14220007678799998,0.335300181062,0.304800164592,0.101600054864,0.17270009325799998,0.497800268812,0.18030009736199998,0.09650005211,,0.025400013716,0.08026004334039999,0.137200074088,0.22816395299570214,0.18540010011600003,0.306050165267,0.3957402136996,0.535900289386,2023-04-19
04-20,4,20,0.406400219456,0.4750002565,0.14480007819200003,0.36320019612800003,0.535900289386,0.231100124794,0.13970007543799998,0.434300234522,0.22350012068999997,0.07110003839399999,0.050800027432,0.13970007543799998,0.22100011934000002,0.09140004935599999,0.36320019612800003,0.15750008505,0.304800164592,0.16760009050400002,0.37080020023200005,0.37850020439,0.149900080946,0.22350012068999997,0.28190015222599996,0.088900048006,0.147300079542,0.09650005211,0.393700212598,0.18540010011600003,0.078700042498,0.299700161838,0.26920014536799997,0.20570011107800001,0.297200160488,0.025400013716,0.26920014536799997,0.111800060372,0.050800027432,0.18800010152,0.177800096012,0.13460007268399998,0.30730016594200005,0.304800164592,0.09140004935599999,0.15750008505,0.497800268812,0.17270009325799998,0.101600054864,,0.025400013716,0.0848200458028,0.137150074061,0.22507671728604256,0.18800010152,0.304800164592,0.39878021534119995,0.535900289386,2023-04-20
04-21,4,21,0.40390021810599996,0.472400255096,0.14480007819200003,0.355600192024,0.535900289386,0.246400133056,0.14220007678799998,0.41910022631399996,0.22350012068999997,0.06600003564,0.017800009611999998,0.12700006858000001,0.218400117936,0.08380004525200001,0.35050018927,0.14480007819200003,0.30730016594200005,0.175300094662,0.340400183816,0.37850020439,0.14480007819200003,0.231100124794,0.292100157734,0.09400005076,0.147300079542,0.09910005351399999,0.393700212598,0.177800096012,0.076200041148,0.294600159084,0.25650013851000003,0.18290009876600002,0.299700161838,0.03050001647,0.274300148122,0.09910005351399999,0.045700024677999995,0.203200109728,0.16760009050400002,0.149900080946,0.294600159084,0.30730016594200005,0.088900048006,0.154900083646,0.497800268812,0.16260008780399998,0.101600054864,,0.017800009611999998,0.08076004361040001,0.13460007268399998,0.22173203462885108,0.18290009876600002,0.30350016389,0.39778021480119996,0.535900289386,2023-04-21
04-22,4,22,0.37080020023200005,0.426700230418,0.14480007819200003,0.35050018927,0.535900289386,0.259100139914,0.147300079542,0.393700212598,0.218400117936,0.06600003564,0.0,0.114300061722,0.22350012068999997,0.07110003839399999,0.337800182412,0.109200058968,0.312400168696,0.177800096012,0.332700179658,0.375900202986,0.1600000864,0.22100011934000002,0.30730016594200005,0.088900048006,0.14480007819200003,0.109200058968,0.393700212598,0.1600000864,0.068600037044,0.28450015363,0.23880012895200003,0.18030009736199998,0.302300163242,0.012700006858,0.274300148122,0.08130004390199999,0.043200023328,0.198100106974,0.17270009325799998,0.14480007819200003,0.304800164592,0.30730016594200005,0.08130004390199999,0.12700006858000001,0.500400270216,0.1600000864,0.09400005076,,0.0,0.070100037854,0.111750060345,0.21551500999506382,0.18030009736199998,0.30730016594200005,0.38302020683079996,0.535900289386,2023-04-22
04-23,4,23,0.335300181062,0.41150022221,0.12950006993,0.34540018651599996,0.535900289386,0.261600141264,0.147300079542,0.375900202986,0.20570011107800001,0.076200041148,0.0,0.09910005351399999,0.23370012619799999,0.055900030186,0.3200001728,0.07110003839399999,0.312400168696,0.18290009876600002,0.332700179658,0.358100193374,0.165100089154,0.22100011934000002,0.3150001701,0.086400046656,0.14480007819200003,0.111800060372,0.386100208494,0.137200074088,0.068600037044,0.28190015222599996,0.22350012068999997,0.18290009876600002,0.312400168696,0.005100002754000001,0.276900149526,0.06100003294,0.040600021923999995,0.18540010011600003,0.152400082296,0.12450006723,0.30730016594200005,0.302300163242,0.076200041148,0.14220007678799998,0.500400270216,0.14220007678799998,0.076200041148,,0.0,0.0655600354024,0.105450056943,0.20892777239540425,0.18290009876600002,0.312400168696,0.3652201972188,0.535900289386,2023-04-23
04-24,4,24,0.3150001701,0.388600209844,0.114300061722,0.34290018516599996,0.535900289386,0.26420014266799996,0.1600000864,0.36580019753200005,0.18800010152,0.09400005076,0.0,0.08380004525200001,0.23370012619799999,0.045700024677999995,0.3150001701,0.055900030186,0.32770017695799997,0.18030009736199998,0.34290018516599996,0.337800182412,0.19300010422,0.213400115236,0.3150001701,0.06350003429000001,0.14480007819200003,0.12950006993,0.355600192024,0.11940006447600002,0.06600003564,0.274300148122,0.20570011107800001,0.21080011383199998,0.312400168696,0.00250000135,0.276900149526,0.06350003429000001,0.03300001782,0.18290009876600002,0.12450006723,0.101600054864,0.294600159084,0.28700015498,0.07110003839399999,0.14220007678799998,0.500400270216,0.12450006723,0.058400031536,,0.0,0.057400030996,0.097800052812,0.20336181194297873,0.18800010152,0.313700169398,0.34798018790919993,0.535900289386,2023-04-24
04-25,4,25,0.30730016594200005,0.37080020023200005,0.09400005076,0.32510017555399995,0.535900289386,0.26670014401799996,0.16260008780399998,0.36580019753200005,0.170200091908,0.09400005076,0.0,0.101600054864,0.23370012619799999,0.025400013716,0.312400168696,0.053300028782,0.32770017695799997,0.170200091908,0.35310019067400006,0.31750017145000003,0.215900116586,0.22100011934000002,0.309900167346,0.040600021923999995,0.13970007543799998,0.12190006582599998,0.37850020439,0.12190006582599998,0.073700039798,0.26670014401799996,0.195600105624,0.20570011107800001,0.3150001701,0.0,0.276900149526,0.040600021923999995,0.03300001782,0.18030009736199998,0.12450006723,0.09140004935599999,0.28190015222599996,0.28700015498,0.06600003564,0.14220007678799998,0.500400270216,0.114300061722,0.050800027432,,0.0,0.040600021923999995,0.09400005076,0.19963202269485106,0.18030009736199998,0.30860016664400003,0.35818019341720003,0.535900289386,2023-04-25
04-26,4,26,0.276900149526,0.340400183816,0.058400031536,0.3150001701,0.535900289386,0.26920014536799997,0.16260008780399998,0.36580019753200005,0.154900083646,0.09400005076,0.0,0.09400005076,0.261600141264,0.005100002754000001,0.297200160488,0.06100003294,0.32510017555399995,0.15750008505,0.34540018651599996,0.330200178308,0.24380013165199996,0.231100124794,0.28450015363,0.027900015065999997,0.11940006447600002,0.111800060372,0.38350020709000004,0.12450006723,0.06350003429000001,0.26420014266799996,0.20570011107800001,0.198100106974,0.3200001728,0.0,0.259100139914,0.017800009611999998,0.038100020574,0.177800096012,0.12700006858000001,0.07110003839399999,0.26920014536799997,0.27940015087599995,0.053300028782,0.13970007543799998,0.50550027297,0.09140004935599999,0.025400013716,,0.0,0.026900014526,0.08125004387499998,0.19325542350680852,0.177800096012,0.28195015225299996,0.342400184896,0.535900289386,2023-04-26
04-27,4,27,0.276900149526,0.31750017145000003,0.043200023328,0.3150001701,0.535900289386,0.28190015222599996,0.16260008780399998,0.36580019753200005,0.14480007819200003,0.09650005211,0.0,0.08380004525200001,0.26670014401799996,0.0,0.28450015363,0.08130004390199999,0.32510017555399995,0.14480007819200003,0.34290018516599996,0.335300181062,0.241300130302,0.208300112482,0.26420014266799996,0.020300010961999997,0.09650005211,0.09910005351399999,0.375900202986,0.111800060372,0.048300026082,0.261600141264,0.21080011383199998,0.19300010422,0.330200178308,0.0,0.25150013581,0.03050001647,0.038100020574,0.177800096012,0.13970007543799998,0.043200023328,0.26420014266799996,0.26420014266799996,0.058400031536,0.12190006582599998,0.500400270216,0.073700039798,0.010200005508000001,,0.0,0.026420014266800004,0.07750004184999999,0.18807669730604254,0.177800096012,0.279400150876,0.33834018270359995,0.535900289386,2023-04-27
04-28,4,28,0.259100139914,0.30730016594200005,0.025400013716,0.3150001701,0.535900289386,0.292100157734,0.17270009325799998,0.36580019753200005,0.12950006993,0.09400005076,0.0,0.09650005211,0.26920014536799997,0.0,0.271800146772,0.08380004525200001,0.312400168696,0.12190006582599998,0.299700161838,0.332700179658,0.25150013581,0.19050010287,0.23880012895200003,0.015200008207999998,0.073700039798,0.06100003294,0.375900202986,0.086400046656,0.00250000135,0.259100139914,0.21080011383199998,0.18800010152,0.337800182412,0.0,0.22350012068999997,0.03050001647,0.038100020574,0.19050010287,0.13970007543799998,0.022900012366000002,0.246400133056,0.259100139914,0.073700039798,0.09910005351399999,0.482600260604,0.07110003839399999,0.0,,0.0,0.010120005464800005,0.07240003909599999,0.17985541627080853,0.18800010152,0.27050014606999995,0.3347401807596,0.535900289386,2023-04-28
04-29,4,29,0.25400013716000003,0.28960015638400005,0.012700006858,0.299700161838,0.535900289386,0.294600159084,0.15750008505,0.36580019753200005,0.12190006582599998,0.09400005076,0.020300010961999997,0.09140004935599999,0.274300148122,0.0,0.25400013716000003,0.09910005351399999,0.3200001728,0.101600054864,0.28960015638400005,0.31750017145000003,0.261600141264,0.16760009050400002,0.226100122094,0.012700006858,0.06350003429000001,0.025400013716,0.368300198882,0.06600003564,0.0,0.248900134406,0.203200109728,0.18800010152,0.31750017145000003,0.0,0.213400115236,0.03300001782,0.025400013716,0.203200109728,0.149900080946,0.0,0.236200127548,0.23880012895200003,0.068600037044,0.078700042498,0.469900253746,0.068600037044,0.0,,0.0,0.007620004114800007,0.06475003496500001,0.1729362635982979,0.16760009050400002,0.267950144693,0.31850017199,0.535900289386,2023-04-29
04-30,4,30,0.25650013851000003,0.271800146772,0.0,0.28450015363,0.54100029214,0.297200160488,0.12700006858000001,0.36580019753200005,0.111800060372,0.086400046656,0.03050001647,0.106700057618,0.28450015363,0.0,0.241300130302,0.09910005351399999,0.32510017555399995,0.111800060372,0.292100157734,0.304800164592,0.274300148122,0.13970007543799998,0.215900116586,0.00250000135,0.055900030186,0.020300010961999997,0.373400201636,0.038100020574,0.0,0.226100122094,0.18540010011600003,0.18800010152,0.32510017555399995,0.0,0.19300010422,0.022900012366000002,0.010200005508000001,0.215900116586,0.149900080946,0.0,0.23370012619799999,0.22100011934000002,0.045700024677999995,0.053300028782,0.44450024003,0.058400031536,0.0,,0.0,0.0,0.041900022626,0.16661923891051064,0.149900080946,0.27305014744699996,0.32510017555399995,0.54100029214,2023-04-30
05-01,5,1,0.25150013581,0.261600141264,0.0,0.25400013716000003,0.546100294894,0.302300163242,0.101600054864,0.330200178308,0.088900048006,0.08130004390199999,0.03050001647,0.09650005211,0.28960015638400005,0.0,0.24380013165199996,0.09910005351399999,0.31750017145000003,0.104100056214,0.28700015498,0.292100157734,0.28190015222599996,0.137200074088,0.18800010152,0.0,0.068600037044,0.03300001782,0.37080020023200005,0.017800009611999998,0.0,0.20570011107800001,0.170200091908,0.19300010422,0.32510017555399995,0.0,0.18540010011600003,0.015200008207999998,0.005100002754000001,0.22350012068999997,0.149900080946,0.0,0.23880012895200003,0.20070010837799998,0.025400013716,0.035600019223999996,0.431800233172,0.050800027432,0.0,,0.0,0.0,0.031750017145,0.16023838440102128,0.149900080946,0.257800139212,0.3205401730916,0.546100294894,2023-05-01
05-02,5,2,0.24380013165199996,0.261600141264,0.0,0.22350012068999997,0.5613003031020001,0.309900167346,0.07110003839399999,0.309900167346,0.08380004525200001,0.06350003429000001,0.03050001647,0.08130004390199999,0.274300148122,0.0,0.24380013165199996,0.101600054864,0.31750017145000003,0.101600054864,0.297200160488,0.27940015087599995,0.28190015222599996,0.111800060372,0.16760009050400002,0.0,0.073700039798,0.03300001782,0.37850020439,0.007600004103999999,0.0,0.20570011107800001,0.1600000864,0.203200109728,0.32510017555399995,0.0,0.18030009736199998,0.0,0.0,0.23370012619799999,0.13970007543799998,0.005100002754000001,0.24380013165199996,0.175300094662,0.0,0.03050001647,0.40390021810599996,0.040600021923999995,0.0,,0.0,0.0,0.03050001647,0.15439582805455318,0.13970007543799998,0.252700136458,0.3129401689876,0.5613003031020001,2023-05-02
05-03,5,3,0.24380013165199996,0.261600141264,0.0,0.19300010422,0.5613003031020001,0.3150001701,0.03300001782,0.276900149526,0.08380004525200001,0.078700042498,0.027900015065999997,0.073700039798,0.28190015222599996,0.0,0.241300130302,0.101600054864,0.322600174204,0.086400046656,0.28960015638400005,0.261600141264,0.27940015087599995,0.08130004390199999,0.18030009736199998,0.0,0.073700039798,0.015200008207999998,0.375900202986,0.0,0.0,0.208300112482,0.16260008780399998,0.20570011107800001,0.32510017555399995,0.0,0.17270009325799998,0.0,0.0,0.23370012619799999,0.13970007543799998,0.010200005508000001,0.248900134406,0.170200091908,0.0,0.025400013716,0.386100208494,0.022900012366000002,0.0,,0.0,0.0,0.019050010287,0.15002135760723403,0.13970007543799998,0.255250137835,0.3180401717416,0.5613003031020001,2023-05-03
05-04,5,4,0.23880012895200003,0.261600141264,0.0,0.18290009876600002,0.57400030996,0.322600174204,0.015200008207999998,0.246400133056,0.058400031536,0.078700042498,0.017800009611999998,0.053300028782,0.302300163242,0.0,0.215900116586,0.101600054864,0.31750017145000003,0.06350003429000001,0.271800146772,0.24380013165199996,0.32770017695799997,0.045700024677999995,0.208300112482,0.0,0.07110003839399999,0.0,0.37080020023200005,0.0,0.012700006858,0.208300112482,0.15750008505,0.20070010837799998,0.322600174204,0.0,0.152400082296,0.0,0.0,0.228600123444,0.109200058968,0.0,0.24380013165199996,0.1600000864,0.0,0.035600019223999996,0.36070019477799997,0.012700006858,0.0,,0.0,0.0,0.012700006858,0.14456390785170212,0.109200058968,0.24380013165199996,0.322600174204,0.57400030996,2023-05-04
05-05,5,5,0.213400115236,0.25650013851000003,0.0,0.16760009050400002,0.57150030861,0.322600174204,0.0,0.23880012895200003,0.038100020574,0.078700042498,0.005100002754000001,0.040600021923999995,0.302300163242,0.0,0.23880012895200003,0.086400046656,0.304800164592,0.045700024677999995,0.25150013581,0.228600123444,0.330200178308,0.03050001647,0.20570011107800001,0.0,0.076200041148,0.0,0.36320019612800003,0.0,0.017800009611999998,0.20070010837799998,0.154900083646,0.195600105624,0.3200001728,0.0,0.13460007268399998,0.0,0.0,0.213400115236,0.068600037044,0.0,0.241300130302,0.15750008505,0.0,0.035600019223999996,0.355600192024,0.0,0.0,,0.0,0.0,0.0,0.13813624480629788,0.086400046656,0.23880012895200003,0.3210401733616,0.57150030861,2023-05-05
05-06,5,6,0.195600105624,0.25400013716000003,0.0,0.1600000864,0.566400305856,0.322600174204,0.0,0.231100124794,0.007600004103999999,0.06350003429000001,0.0,0.03300001782,0.292100157734,0.0,0.25650013851000003,0.06600003564,0.312400168696,0.035600019223999996,0.22100011934000002,0.22350012068999997,0.32770017695799997,0.015200008207999998,0.198100106974,0.0,0.076200041148,0.0,0.335300181062,0.0,0.025400013716,0.18290009876600002,0.137200074088,0.175300094662,0.276900149526,0.0,0.12450006723,0.0,0.0,0.19300010422,0.022900012366000002,0.0,0.228600123444,0.14220007678799998,0.0,0.025400013716,0.3480001879199999,0.0,0.012700006858,,0.0,0.0,0.0,0.1295404954837447,0.076200041148,0.22605012206699998,0.3164801708992,0.566400305856,2023-05-06
05-07,5,7,0.18290009876600002,0.25150013581,0.0,0.14480007819200003,0.566400305856,0.330200178308,0.0,0.246400133056,0.0,0.050800027432,0.0,0.017800009611999998,0.28450015363,0.0,0.259100139914,0.043200023328,0.322600174204,0.025400013716,0.198100106974,0.22100011934000002,0.322600174204,0.0,0.19300010422,0.0,0.073700039798,0.0,0.3200001728,0.0,0.027900015065999997,0.15750008505,0.111800060372,0.16760009050400002,0.246400133056,0.0,0.109200058968,0.0,0.0,0.170200091908,0.015200008207999998,0.0,0.218400117936,0.12190006582599998,0.0,0.0,0.340400183816,0.020300010961999997,0.0,,0.0,0.0,0.0,0.12257027895387235,0.073700039798,0.219700118638,0.3210401733616,0.566400305856,2023-05-07
05-08,5,8,0.18290009876600002,0.241300130302,0.0,0.137200074088,0.5588003017519999,0.330200178308,0.0,0.259100139914,0.0,0.055900030186,0.0,0.0,0.276900149526,0.0,0.26670014401799996,0.025400013716,0.32770017695799997,0.015200008207999998,0.17270009325799998,0.20570011107800001,0.312400168696,0.0,0.16760009050400002,0.0,0.08130004390199999,0.0,0.330200178308,0.0,0.010200005508000001,0.147300079542,0.09140004935599999,0.1600000864,0.208300112482,0.0,0.09140004935599999,0.0,0.0,0.152400082296,0.007600004103999999,0.0,0.213400115236,0.101600054864,0.0,0.0,0.337800182412,0.017800009611999998,0.0,,0.0,0.0,0.0,0.11673197792885107,0.08130004390199999,0.20700011178,0.31852017200079996,0.5588003017519999,2023-05-08
05-09,5,9,0.18290009876600002,0.228600123444,0.0,0.116800063072,0.535900289386,0.330200178308,0.0,0.26920014536799997,0.0,0.050800027432,0.0,0.0,0.24380013165199996,0.0,0.26920014536799997,0.005100002754000001,0.322600174204,0.007600004103999999,0.14480007819200003,0.203200109728,0.28960015638400005,0.0,0.13210007133399998,0.0,0.09910005351399999,0.0,0.335300181062,0.0,0.0,0.12450006723,0.078700042498,0.13460007268399998,0.17270009325799998,0.0,0.088900048006,0.0,0.015200008207999998,0.149900080946,0.0,0.0,0.22100011934000002,0.08130004390199999,0.0,0.0,0.32510017555399995,0.010200005508000001,0.0,,0.0,0.0,0.0,0.10997665513204256,0.078700042498,0.19305010424700003,0.302800163512,0.535900289386,2023-05-09
05-10,5,10,0.18540010011600003,0.22350012068999997,0.0,0.109200058968,0.523200282528,0.3200001728,0.00250000135,0.274300148122,0.0,0.055900030186,0.0,0.0,0.236200127548,0.0,0.259100139914,0.0,0.312400168696,0.00250000135,0.109200058968,0.18800010152,0.28960015638400005,0.0,0.101600054864,0.0,0.109200058968,0.0,0.30730016594200005,0.0,0.0,0.116800063072,0.053300028782,0.111800060372,0.19300010422,0.0,0.073700039798,0.0,0.025400013716,0.19050010287,0.0,0.0,0.22100011934000002,0.053300028782,0.0,0.0,0.299700161838,0.010200005508000001,0.0,,0.0,0.0,0.0,0.10548516334493616,0.053300028782,0.191750103545,0.29364015856560005,0.523200282528,2023-05-10
05-11,5,11,0.19050010287,0.22350012068999997,0.0,0.12190006582599998,0.5029002715659999,0.299700161838,0.005100002754000001,0.274300148122,0.0,0.050800027432,0.0,0.0,0.23370012619799999,0.0,0.228600123444,0.0,0.297200160488,0.022900012366000002,0.078700042498,0.17270009325799998,0.28960015638400005,0.0,0.06350003429000001,0.0,0.13970007543799998,0.0,0.31750017145000003,0.0,0.0,0.09400005076,0.03050001647,0.12190006582599998,0.203200109728,0.0,0.038100020574,0.005100002754000001,0.017800009611999998,0.18030009736199998,0.0,0.0,0.22100011934000002,0.03050001647,0.0,0.0,0.274300148122,0.015200008207999998,0.0,,0.0,0.0,0.0,0.10095111834336169,0.03050001647,0.19685010629900002,0.2804201514268,0.5029002715659999,2023-05-11
05-12,5,12,0.20070010837799998,0.228600123444,0.0,0.12450006723,0.54100029214,0.274300148122,0.007600004103999999,0.26670014401799996,0.0,0.03300001782,0.0,0.0,0.226100122094,0.0,0.21080011383199998,0.0,0.292100157734,0.00250000135,0.045700024677999995,0.175300094662,0.28700015498,0.0,0.022900012366000002,0.0,0.13460007268399998,0.0,0.32510017555399995,0.0,0.0,0.07110003839399999,0.00250000135,0.13210007133399998,0.203200109728,0.0,0.025400013716,0.043200023328,0.005100002754000001,0.18540010011600003,0.0,0.0,0.203200109728,0.012700006858,0.0,0.0,0.241300130302,0.0,0.0,,0.0,0.0,0.0,0.09624898814463828,0.022900012366000002,0.20195010905299998,0.2697401456596,0.54100029214,2023-05-12
05-13,5,13,0.198100106974,0.23880012895200003,0.0,0.12700006858000001,0.546100294894,0.25400013716000003,0.010200005508000001,0.26420014266799996,0.0,0.007600004103999999,0.0,0.0,0.20570011107800001,0.0,0.177800096012,0.0,0.299700161838,0.0,0.03050001647,0.154900083646,0.271800146772,0.0,0.005100002754000001,0.0,0.12190006582599998,0.0,0.340400183816,0.0,0.0,0.038100020574,0.0,0.13460007268399998,0.19050010287,0.0,0.007600004103999999,0.048300026082,0.010200005508000001,0.18290009876600002,0.0,0.0,0.177800096012,0.0,0.0,0.0,0.231100124794,0.0,0.0,,0.0,0.0,0.0,0.09095536826480852,0.007600004103999999,0.180350097389,0.2580801393632,0.546100294894,2023-05-13
05-14,5,14,0.17270009325799998,0.248900134406,0.0,0.12190006582599998,0.546100294894,0.236200127548,0.00250000135,0.26420014266799996,0.0,0.0,0.0,0.0,0.16760009050400002,0.0,0.154900083646,0.0,0.299700161838,0.0,0.017800009611999998,0.16260008780399998,0.271800146772,0.0,0.0,0.0,0.111800060372,0.0,0.332700179658,0.0,0.0,0.035600019223999996,0.0,0.137200074088,0.165100089154,0.0,0.0,0.040600021923999995,0.015200008207999998,0.170200091908,0.0,0.0,0.1600000864,0.0,0.0,0.0,0.215900116586,0.0,0.0,,0.0,0.0,0.0,0.08619579122655317,0.0,0.163850088479,0.25502013771079995,0.546100294894,2023-05-14
05-15,5,15,0.147300079542,0.25150013581,0.0,0.11940006447600002,0.548600296244,0.20570011107800001,0.0,0.259100139914,0.0,0.0,0.0,0.0,0.154900083646,0.0,0.13210007133399998,0.0,0.297200160488,0.0,0.010200005508000001,0.15750008505,0.28450015363,0.0,0.0,0.0,0.088900048006,0.0,0.312400168696,0.0,0.0,0.022900012366000002,0.0,0.137200074088,0.149900080946,0.0,0.0,0.03300001782,0.015200008207999998,0.14220007678799998,0.0,0.0,0.13210007133399998,0.0,0.0,0.0,0.20070010837799998,0.0,0.0,,0.0,0.0,0.0,0.0809042990074468,0.0,0.144750078165,0.2545401374516,0.548600296244,2023-05-15
05-16,5,16,0.11940006447600002,0.25150013581,0.0,0.09910005351399999,0.553700298998,0.175300094662,0.0,0.25400013716000003,0.0,0.0,0.0,0.0,0.1600000864,0.0,0.104100056214,0.0,0.261600141264,0.0,0.0,0.147300079542,0.261600141264,0.0,0.0,0.0,0.073700039798,0.0,0.28700015498,0.0,0.0,0.017800009611999998,0.0,0.12950006993,0.111800060372,0.0,0.0,0.0,0.022900012366000002,0.116800063072,0.0,0.0,0.111800060372,0.0,0.0,0.0,0.177800096012,0.0,0.0,,0.0,0.0,0.0,0.07312131608123404,0.0,0.11810006377400001,0.25250013635,0.553700298998,2023-05-16
05-17,5,17,0.08380004525200001,0.25150013581,0.0,0.08380004525200001,0.566400305856,0.154900083646,0.0,0.25150013581,0.0,0.0,0.0,0.0,0.147300079542,0.0,0.09400005076,0.0,0.25650013851000003,0.0,0.0,0.12450006723,0.26920014536799997,0.0,0.0,0.0,0.038100020574,0.0,0.24380013165199996,0.0,0.0,0.010200005508000001,0.0,0.106700057618,0.106700057618,0.0,0.0,0.0,0.027900015065999997,0.114300061722,0.0,0.0,0.086400046656,0.0,0.0,0.0,0.15750008505,0.0,0.0,,0.0,0.0,0.0,0.0675532279680851,0.0,0.106700057618,0.24688013331519998,0.566400305856,2023-05-17
05-18,5,18,0.055900030186,0.25150013581,0.0,0.055900030186,0.57400030996,0.12950006993,0.0,0.25150013581,0.0,0.0,0.0,0.0,0.12450006723,0.0,0.058400031536,0.0,0.25650013851000003,0.0,0.0,0.09400005076,0.25400013716000003,0.0,0.0,0.0,0.012700006858,0.0,0.248900134406,0.0,0.0,0.0,0.0,0.07110003839399999,0.12450006723,0.0,0.0,0.0,0.022900012366000002,0.109200058968,0.015200008207999998,0.0,0.076200041148,0.0,0.0,0.0,0.13970007543799998,0.0,0.0,,0.0,0.0,0.0,0.06225748042753192,0.0,0.085100045954,0.2499401349676,0.57400030996,2023-05-18
05-19,5,19,0.027900015065999997,0.248900134406,0.0,0.045700024677999995,0.5791003127139999,0.09650005211,0.0,0.22350012068999997,0.0,0.0,0.0,0.0,0.101600054864,0.0,0.035600019223999996,0.0,0.248900134406,0.0,0.0,0.053300028782,0.231100124794,0.0,0.0,0.0,0.0,0.0,0.213400115236,0.0,0.0,0.0,0.0,0.048300026082,0.154900083646,0.0,0.0,0.0,0.0,0.106700057618,0.027900015065999997,0.0,0.08130004390199999,0.0,0.0,0.0,0.116800063072,0.0,0.0,,0.0,0.0,0.0,0.05620003034799999,0.0,0.06730003634199999,0.21744011741759997,0.5791003127139999,2023-05-19
05-20,5,20,0.020300010961999997,0.246400133056,0.0,0.022900012366000002,0.586700316818,0.08130004390199999,0.0,0.175300094662,0.0,0.0,0.0,0.0,0.058400031536,0.0,0.025400013716,0.0,0.231100124794,0.0,0.0,0.020300010961999997,0.20570011107800001,0.0,0.0,0.0,0.0,0.0,0.16760009050400002,0.0,0.0,0.0,0.0,0.017800009611999998,0.165100089154,0.0,0.0,0.0,0.0,0.09140004935599999,0.025400013716,0.0,0.08380004525200001,0.0,0.0,0.0,0.086400046656,0.0,0.0,,0.0,0.0,0.0,0.049176622300042556,0.0,0.041900022626,0.1706800921672,0.586700316818,2023-05-20
05-21,5,21,0.012700006858,0.24380013165199996,0.0,0.00250000135,0.586700316818,0.040600021923999995,0.0,0.12950006993,0.0,0.0,0.0,0.0,0.010200005508000001,0.0,0.017800009611999998,0.0,0.21080011383199998,0.0,0.0,0.010200005508000001,0.18290009876600002,0.0,0.0,0.0,0.0,0.0,0.116800063072,0.0,0.0,0.0,0.0,0.0,0.16260008780399998,0.0,0.0,0.0,0.0,0.055900030186,0.010200005508000001,0.0,0.08380004525200001,0.0,0.0,0.0,0.053300028782,0.0,0.0,,0.0,0.0,0.0,0.04107023494387234,0.0,0.015250008235,0.14274007707959993,0.586700316818,2023-05-21
05-22,5,22,0.012700006858,0.23370012619799999,0.0,0.0,0.584200315468,0.00250000135,0.0,0.086400046656,0.0,0.0,0.0,0.0,0.0,0.0,0.0,0.0,0.18290009876600002,0.0,0.0,0.0,0.15750008505,0.0,0.0,0.0,0.0,0.0,0.076200041148,0.0,0.007600004103999999,0.0,0.0,0.0,0.149900080946,0.0,0.0,0.0,0.0,0.022900012366000002,0.0,0.0,0.088900048006,0.0,0.0,0.0,0.025400013716,0.0,0.0,,0.0,0.0,0.0,0.034697891077276596,0.0,0.005050002727,0.11330006118199991,0.584200315468,2023-05-22
05-23,5,23,0.0,0.20570011107800001,0.0,0.0,0.566400305856,0.0,0.0,0.050800027432,0.0,0.0,0.0,0.0,0.0,0.0,0.0,0.0,0.165100089154,0.0,0.0,0.0,0.11940006447600002,0.0,0.0,0.0,0.0,0.0,0.010200005508000001,0.0,0.012700006858,0.010200005508000001,0.0,0.0,0.13460007268399998,0.0,0.0,0.0,0.0,0.015200008207999998,0.0,0.0,0.09910005351399999,0.0,0.0,0.0,0.0,0.0,0.0,,0.0,0.0,0.0,0.029561718090978722,0.0,0.0,0.10722005789879997,0.566400305856,2023-05-23
05-24,5,24,0.0,0.17270009325799998,0.0,0.0,0.546100294894,0.0,0.0,0.03300001782,0.0,0.0,0.0,0.0,0.0,0.0,0.0,0.0,0.16760009050400002,0.005100002754000001,0.0,0.0,0.073700039798,0.0,0.0,0.0,0.0,0.0,0.0,0.0,0.0,0.0,0.0,0.0,0.13210007133399998,0.0,0.0,0.0,0.0,0.007600004103999999,0.0,0.0,0.12950006993,0.0,0.0,0.0,0.0,0.0,0.0,,0.0,0.0,0.0,0.026965972008425525,0.0,0.0,0.09602005185079991,0.546100294894,2023-05-24
05-25,5,25,0.0,0.154900083646,0.0,0.0,0.523200282528,0.0,0.0,0.0,0.0,0.0,0.0,0.0,0.0,0.0,0.0,0.0,0.18030009736199998,0.010200005508000001,0.005100002754000001,0.0,0.038100020574,0.0,0.0,0.0,0.0,0.0,0.0,0.0,0.0,0.005100002754000001,0.0,0.0,0.12450006723,0.0,0.0,0.0,0.0,0.005100002754000001,0.0,0.0,0.13210007133399998,0.0,0.0,0.0,0.0,0.0,0.0,,0.0,0.0,0.0,0.025076609286042554,0.0,0.0,0.07266003923639988,0.523200282528,2023-05-25
05-26,5,26,0.0,0.154900083646,0.0,0.0,0.497800268812,0.0,0.0,0.0,0.0,0.0,0.0,0.0,0.0,0.0,0.0,0.0,0.18290009876600002,0.00250000135,0.00250000135,0.0,0.022900012366000002,0.0,0.0,0.0,0.0,0.0,0.0,0.0,0.0,0.0,0.0,0.0,0.09650005211,0.0,0.0,0.0,0.0,0.0,0.0,0.0,0.12450006723,0.0,0.0,0.0,0.0,0.0,0.0,,0.0,0.0,0.0,0.02307448054531915,0.0,0.0,0.052340028263599896,0.497800268812,2023-05-26
05-27,5,27,0.0,0.154900083646,0.0,0.0,0.459700248238,0.0,0.0,0.0,0.0,0.0,0.0,0.0,0.0,0.0,0.0,0.0,0.18290009876600002,0.007600004103999999,0.0,0.0,0.012700006858,0.0,0.0,0.0,0.0,0.0,0.0,0.0,0.0,0.0,0.0,0.0,0.078700042498,0.0,0.0,0.0,0.0,0.0,0.0,0.0,0.111800060372,0.0,0.0,0.0,0.0,0.0,0.0,,0.0,0.0,0.0,0.021453203074085103,0.0,0.0,0.039100021113999905,0.459700248238,2023-05-27
05-28,5,28,0.0,0.13970007543799998,0.0,0.0,0.426700230418,0.0,0.0,0.0,0.0,0.0,0.0,0.0,0.0,0.0,0.0,0.0,0.18800010152,0.0,0.0,0.0,0.0,0.0,0.0,0.0,0.0,0.0,0.0,0.0,0.0,0.0,0.0,0.0,0.053300028782,0.0,0.0,0.0,0.0,0.0,0.0,0.0,0.12190006582599998,0.0,0.0,0.0,0.0,0.0,0.0,,0.0,0.0,0.0,0.019778734084765954,0.0,0.0,0.021320011512799924,0.426700230418,2023-05-28
05-29,5,29,0.0,0.114300061722,0.0,0.0,0.398800215352,0.0,0.0,0.0,0.0,0.0,0.0,0.0,0.0,0.0,0.0,0.0,0.18540010011600003,0.0,0.0,0.0,0.0,0.0,0.0,0.0,0.0,0.0,0.0,0.0,0.0,0.0,0.0,0.0,0.040600021923999995,0.0,0.0,0.0,0.0,0.0,0.0,0.0,0.12190006582599998,0.0,0.0,0.0,0.0,0.0,0.0,,0.0,0.0,0.0,0.01831915882851064,0.0,0.0,0.01624000876959994,0.398800215352,2023-05-29
05-30,5,30,0.0,0.08130004390199999,0.0,0.0,0.36580019753200005,0.0,0.0,0.0,0.0,0.0,0.0,0.0,0.0,0.0,0.0,0.0,0.175300094662,0.0,0.0,0.0,0.0,0.0,0.0,0.0,0.0,0.0,0.0,0.0,0.0,0.0,0.0,0.0,0.038100020574,0.0,0.0,0.0,0.0,0.0,0.0,0.0,0.11940006447600002,0.0,0.0,0.0,0.0,0.0,0.0,,0.0,0.0,0.0,0.01659362598182979,0.0,0.0,0.015240008229599946,0.36580019753200005,2023-05-30
05-31,5,31,0.0,0.06600003564,0.0,0.0,0.32770017695799997,0.0,0.0,0.0,0.0,0.0,0.0,0.0,0.007600004103999999,0.0,0.0,0.0,0.16760009050400002,0.0,0.0,0.0,0.0,0.0,0.0,0.0,0.0,0.0,0.0,0.0,0.0,0.0,0.0,0.0,0.043200023328,0.0,0.0,0.0,0.0,0.0,0.0,0.0,0.11940006447600002,0.0,0.0,0.0,0.0,0.0,0.0,,0.0,0.0,0.0,0.01556383819170213,0.0,0.0,0.02184001179359995,0.32770017695799997,2023-05-31
06-01,6,1,0.0,0.027900015065999997,0.0,0.0,0.32510017555399995,0.0,0.0,0.0,0.0,0.0,0.0,0.005100002754000001,0.0,0.0,0.0,0.0,0.14480007819200003,0.0,0.0,0.0,0.0,0.0,0.0,0.0,0.0,0.0,0.0,0.0,0.0,0.0,0.0,0.0,0.020300010961999997,0.0,0.0,0.0,0.0,0.0,0.0,0.0,0.09910005351399999,0.0,0.0,0.0,0.0,0.0,0.0,,0.0,0.0,0.0,0.01324043268174468,0.0,0.0,0.011180006037199978,0.32510017555399995,2023-06-01
06-02,6,2,0.0,0.020300010961999997,0.0,0.0,0.312400168696,0.0,0.0,0.0,0.0,0.0,0.0,0.025400013716,0.0,0.0,0.0,0.0,0.116800063072,0.0,0.0,0.0,0.0,0.0,0.0,0.0,0.0,0.0,0.0,0.0,0.0,0.0,0.0,0.0,0.007600004103999999,0.0,0.0,0.0,0.0,0.0,0.0,0.0,0.078700042498,0.0,0.0,0.0,0.0,0.0,0.0,,0.0,0.0,0.0,0.011940431979744679,0.0,0.0,0.012680006847199981,0.312400168696,2023-06-02
06-03,6,3,0.0,0.0,0.0,0.0,0.30730016594200005,0.0,0.0,0.0,0.0,0.0,0.0,0.007600004103999999,0.0,0.0,0.0,0.0,0.088900048006,0.0,0.0,0.0,0.00250000135,0.0,0.0,0.0,0.0,0.0,0.0,0.0,0.0,0.0,0.0,0.0,0.0,0.0,0.0,0.0,0.0,0.0,0.0,0.0,0.048300026082,0.0,0.0,0.0,0.0,0.0,0.0,,0.0,0.0,0.0,0.009672345648595745,0.0,0.0,0.0010000005399999963,0.30730016594200005,2023-06-03
06-04,6,4,0.0,0.0,0.0,0.0,0.26920014536799997,0.0,0.0,0.0,0.0,0.0,0.0,0.0,0.0,0.0,0.0,0.0,0.078700042498,0.0,0.0,0.0,0.0,0.0,0.0,0.0,0.0,0.0,0.0,0.0,0.0,0.0,0.0,0.0,0.0,0.0,0.0,0.0,0.0,0.0,0.0,0.0,0.020300010961999997,0.0,0.0,0.0,0.0,0.0,0.0,,0.0,0.0,0.0,0.007834046783574468,0.0,0.0,0.0,0.26920014536799997,2023-06-04
06-05,6,5,0.0,0.0,0.0,0.0,0.25400013716000003,0.0,0.0,0.0,0.0,0.0,0.0,0.0,0.0,0.0,0.0,0.0,0.06100003294,0.0,0.0,0.0,0.0,0.0,0.0,0.0,0.0,0.0,0.0,0.0,0.0,0.0,0.0,0.0,0.0,0.0,0.0,0.0,0.0,0.0,0.0,0.0,0.0,0.0,0.0,0.0,0.0,0.0,0.0,,0.0,0.0,0.0,0.006702131278723405,0.0,0.0,0.0,0.25400013716000003,2023-06-05
06-06,6,6,0.0,0.0,0.0,0.0,0.22100011934000002,0.007600004103999999,0.0,0.0,0.0,0.0,0.0,0.0,0.0,0.0,0.0,0.0,0.022900012366000002,0.0,0.0,0.0,0.0,0.0,0.0,0.0,0.0,0.0,0.0,0.0,0.0,0.0,0.0,0.0,0.0,0.0,0.0,0.0,0.0,0.0,0.0,0.0,0.0,0.0,0.0,0.0,0.0,0.0,0.0,,0.0,0.0,0.0,0.005351066719361703,0.0,0.0,0.0,0.22100011934000002,2023-06-06
06-07,6,7,0.0,0.0,0.0,0.0,0.208300112482,0.015200008207999998,0.0,0.0,0.0,0.0,0.0,0.0,0.0,0.0,0.0,0.0,0.0,0.0,0.0,0.0,0.0,0.0,0.0,0.0,0.0,0.0,0.0,0.0,0.00250000135,0.0,0.0,0.0,0.0,0.0,0.0,0.0,0.0,0.0,0.0,0.0,0.0,0.0,0.0,0.0,0.0,0.0,0.0,,0.0,0.0,0.0,0.004808513234893617,0.0,0.0,0.0,0.208300112482,2023-06-07
06-08,6,8,0.0,0.0,0.0,0.0,0.18800010152,0.025400013716,0.0,0.0,0.0,0.0,0.0,0.0,0.0,0.0,0.0,0.0,0.005100002754000001,0.0,0.0,0.0,0.0,0.0,0.0,0.0,0.0,0.0,0.0,0.0,0.00250000135,0.0,0.0,0.0,0.0,0.0,0.0,0.0,0.0,0.0,0.0,0.0,0.0,0.0,0.0,0.0,0.0,0.0,0.0,,0.0,0.0,0.0,0.004702130198723404,0.0,0.0,0.0,0.18800010152,2023-06-08
06-09,6,9,0.0,0.0,0.0,0.0,0.16760009050400002,0.015200008207999998,0.0,0.0,0.0,0.0,0.0,0.0,0.0,0.0,0.0,0.0,0.005100002754000001,0.0,0.0,0.0,0.0,0.0,0.0,0.0,0.0,0.0,0.0,0.0,0.0,0.0,0.0,0.0,0.0,0.0,0.0,0.0,0.0,0.0,0.0,0.0,0.0,0.0,0.0,0.0,0.0,0.0,0.0,,0.0,0.0,0.0,0.003997874499276596,0.0,0.0,0.0,0.16760009050400002,2023-06-09
06-10,6,10,0.0,0.0,0.0,0.0,0.14480007819200003,0.027900015065999997,0.0,0.0,0.0,0.0,0.0,0.0,0.0,0.0,0.0,0.0,0.0,0.0,0.0,0.0,0.0,0.0,0.0,0.0,0.0,0.0,0.0,0.0,0.0,0.0,0.0,0.0,0.0,0.0,0.0,0.0,0.0,0.0,0.0,0.0,0.0,0.0,0.0,0.0,0.0,0.0,0.0,,0.0,0.0,0.0,0.003674470069319149,0.0,0.0,0.0,0.14480007819200003,2023-06-10
06-11,6,11,0.0,0.0,0.0,0.0,0.104100056214,0.03300001782,0.0,0.0,0.0,0.0,0.0,0.0,0.0,0.0,0.0,0.0,0.0,0.0,0.0,0.0,0.0,0.0,0.0,0.0,0.0,0.0,0.0,0.0,0.0,0.0,0.0,0.0,0.0,0.0,0.0,0.0,0.0,0.0,0.0,0.0,0.0,0.0,0.0,0.0,0.0,0.0,0.0,,0.0,0.0,0.0,0.0029170228517872336,0.0,0.0,0.0,0.104100056214,2023-06-11
06-12,6,12,0.0,0.0,0.0,0.0,0.06100003294,0.022900012366000002,0.0,0.0,0.0,0.0,0.0,0.0,0.0,0.0,0.0,0.0,0.0,0.0,0.0,0.0,0.0,0.0,0.0,0.0,0.0,0.0,0.0,0.0,0.0,0.0,0.0,0.0,0.0,0.0,0.0,0.0,0.0,0.0,0.0,0.0,0.0,0.0,0.0,0.0,0.0,0.0,0.0,,0.0,0.0,0.0,0.00178510734693617,0.0,0.0,0.0,0.06100003294,2023-06-12
06-13,6,13,0.0,0.0,0.0,0.0,0.050800027432,0.00250000135,0.0,0.0,0.0,0.0,0.0,0.0,0.0,0.0,0.0,0.0,0.0,0.0,0.0,0.0,0.0,0.0,0.0,0.0,0.0,0.0,0.0,0.0,0.0,0.0,0.0,0.0,0.0,0.0,0.0,0.0,0.0,0.0,0.0,0.0,0.0,0.0,0.0,0.0,0.0,0.0,0.0,,0.0,0.0,0.0,0.0011340431655744681,0.0,0.0,0.0,0.050800027432,2023-06-13
06-14,6,14,0.0,0.0,0.0,0.0,0.050800027432,0.0,0.0,0.0,0.0,0.0,0.0,0.0,0.0,0.0,0.0,0.0,0.0,0.0,0.0,0.0,0.0,0.0,0.0,0.0,0.0,0.0,0.0,0.0,0.0,0.0,0.0,0.0,0.0,0.0,0.0,0.0,0.0,0.0,0.0,0.0,0.0,0.0,0.0,0.0,0.0,0.0,0.0,,0.0,0.0,0.0,0.0010808516474893617,0.0,0.0,0.0,0.050800027432,2023-06-14
06-15,6,15,0.0,0.0,0.0,0.0,0.038100020574,0.0,0.0,0.0,0.0,0.0,0.0,0.0,0.0,0.0,0.0,0.0,0.0,0.0,0.0,0.0,0.0,0.0,0.0,0.0,0.0,0.0,0.0,0.0,0.0,0.0,0.0,0.0,0.0,0.0,0.0,0.0,0.0,0.0,0.0,0.0,0.0,0.0,0.0,0.0,0.0,0.0,0.0,,0.0,0.0,0.0,0.0008106387356170212,0.0,0.0,0.0,0.038100020574,2023-06-15
06-16,6,16,0.0,0.0,0.0,0.0,0.017800009611999998,0.0,0.0,0.0,0.0,0.0,0.0,0.0,0.0,0.0,0.0,0.0,0.0,0.0,0.0,0.0,0.0,0.0,0.0,0.0,0.0,0.0,0.0,0.0,0.0,0.0,0.0,0.0,0.0,0.0,0.0,0.0,0.0,0.0,0.0,0.0,0.0,0.0,0.0,0.0,0.0,0.0,0.0,,0.0,0.0,0.0,0.0003787236087659574,0.0,0.0,0.0,0.017800009611999998,2023-06-16
06-17,6,17,0.0,0.0,0.0,0.0,0.0,0.0,0.0,0.0,0.0,0.0,0.0,0.0,0.0,0.0,0.0,0.0,0.0,0.0,0.0,0.020300010961999997,0.0,0.0,0.0,0.0,0.0,0.0,0.0,0.0,0.0,0.0,0.0,0.0,0.0,0.0,0.0,0.0,0.0,0.0,0.0,0.0,0.0,0.0,0.0,0.0,0.0,0.0,0.0,,0.0,0.0,0.0,0.0004319151268510638,0.0,0.0,0.0,0.020300010961999997,2023-06-17
06-18,6,18,0.0,0.0,0.0,0.0,0.0,0.0,0.0,0.0,0.0,0.0,0.0,0.0,0.0,0.0,0.0,0.0,0.0,0.0,0.0,0.038100020574,0.0,0.0,0.0,0.0,0.0,0.0,0.0,0.0,0.0,0.0,0.0,0.0,0.0,0.0,0.0,0.0,0.0,0.0,0.0,0.0,0.0,0.0,0.0,0.0,0.0,0.0,0.0,,0.0,0.0,0.0,0.0008106387356170212,0.0,0.0,0.0,0.038100020574,2023-06-18
06-19,6,19,0.0,0.0,0.0,0.0,0.0,0.0,0.0,0.0,0.0,0.0,0.0,0.0,0.0,0.0,0.0,0.0,0.0,0.0,0.0,0.020300010961999997,0.0,0.0,0.0,0.0,0.0,0.0,0.0,0.0,0.0,0.0,0.0,0.0,0.0,0.0,0.0,0.0,0.0,0.0,0.0,0.0,0.0,0.0,0.0,0.0,0.0,0.0,0.0,,0.0,0.0,0.0,0.0004319151268510638,0.0,0.0,0.0,0.020300010961999997,2023-06-19
06-20,6,20,0.0,0.0,0.0,0.0,0.0,0.0,0.0,0.0,0.0,0.0,0.0,0.0,0.0,0.0,0.0,0.0,0.0,0.0,0.0,0.00250000135,0.0,0.0,0.0,0.0,0.0,0.0,0.0,0.0,0.0,0.0,0.0,0.0,0.0,0.0,0.0,0.0,0.0,0.0,0.0,0.0,0.0,0.0,0.0,0.0,0.0,0.0,0.0,,0.0,0.0,0.0,5.319151808510638e-05,0.0,0.0,0.0,0.00250000135,2023-06-20
06-21,6,21,0.0,0.0,0.0,0.0,0.0,0.0,0.0,0.0,0.0,0.0,0.0,0.0,0.0,0.0,0.0,0.0,0.0,0.0,0.0,0.0,0.0,0.0,0.0,0.0,0.0,0.0,0.0,0.0,0.0,0.0,0.0,0.0,0.0,0.0,0.0,0.0,0.0,0.0,0.0,0.0,0.0,0.0,0.0,0.0,0.0,0.0,0.0,,0.0,0.0,0.0,0.0,0.0,0.0,0.0,0.0,2023-06-21
06-22,6,22,0.0,0.0,0.0,0.0,0.0,0.0,0.0,0.0,0.0,0.0,0.0,0.0,0.0,0.0,0.0,0.0,0.0,0.0,0.0,0.0,0.0,0.0,0.0,0.0,0.0,0.0,0.0,0.0,0.0,0.0,0.0,0.0,0.0,0.0,0.0,0.0,0.0,0.0,0.0,0.0,0.0,0.0,0.0,0.0,0.0,0.0,0.0,,0.0,0.0,0.0,0.0,0.0,0.0,0.0,0.0,2023-06-22
06-23,6,23,0.0,0.0,0.0,0.0,0.0,0.0,0.0,0.0,0.0,0.0,0.0,0.0,0.0,0.0,0.0,0.0,0.0,0.0,0.0,0.0,0.0,0.0,0.0,0.0,0.0,0.0,0.0,0.0,0.0,0.0,0.0,0.0,0.0,0.0,0.0,0.0,0.0,0.0,0.0,0.0,0.0,0.0,0.0,0.0,0.0,0.0,0.0,,0.0,0.0,0.0,0.0,0.0,0.0,0.0,0.0,2023-06-23
06-24,6,24,0.0,0.0,0.0,0.0,0.0,0.0,0.0,0.0,0.0,0.0,0.0,0.0,0.0,0.0,0.0,0.0,0.0,0.0,0.0,0.0,0.0,0.0,0.0,0.0,0.0,0.0,0.0,0.0,0.0,0.0,0.0,0.0,0.0,0.0,0.0,0.0,0.0,0.0,0.0,0.0,0.0,0.0,0.0,0.0,0.0,0.0,0.0,,0.0,0.0,0.0,0.0,0.0,0.0,0.0,0.0,2023-06-24
06-25,6,25,0.0,0.0,0.0,0.0,0.0,0.0,0.0,0.0,0.0,0.0,0.0,0.0,0.0,0.0,0.0,0.0,0.0,0.0,0.0,0.0,0.0,0.0,0.0,0.0,0.0,0.0,0.0,0.0,0.0,0.0,0.0,0.0,0.0,0.0,0.0,0.0,0.0,0.0,0.0,0.0,0.0,0.0,0.0,0.0,0.0,0.0,0.0,,0.0,0.0,0.0,0.0,0.0,0.0,0.0,0.0,2023-06-25
06-26,6,26,0.0,0.0,0.0,0.0,0.0,0.0,0.0,0.0,0.0,0.0,0.0,0.0,0.0,0.0,0.0,0.0,0.0,0.0,0.0,0.0,0.0,0.0,0.0,0.0,0.0,0.0,0.0,0.0,0.0,0.0,0.0,0.0,0.0,0.0,0.0,0.0,0.0,0.0,0.0,0.0,0.0,0.0,0.0,0.0,0.0,0.0,0.0,,0.0,0.0,0.0,0.0,0.0,0.0,0.0,0.0,2023-06-26
06-27,6,27,0.0,0.0,0.0,0.0,0.0,0.0,0.0,0.0,0.0,0.0,0.0,0.0,0.0,0.0,0.0,0.0,0.0,0.0,0.0,0.0,0.0,0.0,0.0,0.0,0.0,0.0,0.0,0.0,0.0,0.0,0.0,0.0,0.0,0.0,0.0,0.0,0.0,0.0,0.0,0.0,0.0,0.0,0.0,0.0,0.0,0.0,0.0,,0.0,0.0,0.0,0.0,0.0,0.0,0.0,0.0,2023-06-27
06-28,6,28,0.0,0.0,0.0,0.0,0.0,0.0,0.0,0.0,0.0,0.0,0.0,0.0,0.0,0.0,0.0,0.0,0.0,0.0,0.0,0.0,0.0,0.0,0.0,0.0,0.0,0.0,0.0,0.0,0.0,0.0,0.0,0.0,0.0,0.0,0.0,0.0,0.0,0.0,0.0,0.0,0.0,0.0,0.0,0.0,0.0,0.0,0.0,,0.0,0.0,0.0,0.0,0.0,0.0,0.0,0.0,2023-06-28
06-29,6,29,0.0,0.0,0.0,0.0,0.0,0.0,0.0,0.0,0.0,0.0,0.0,0.0,0.0,0.0,0.0,0.0,0.0,0.0,0.0,0.0,0.0,0.0,0.0,0.0,0.0,0.0,0.0,0.0,0.0,0.0,0.0,0.0,0.0,0.0,0.0,0.0,0.0,0.0,0.0,0.0,0.0,0.0,0.0,0.0,0.0,0.0,0.0,,0.0,0.0,0.0,0.0,0.0,0.0,0.0,0.0,2023-06-29
06-30,6,30,0.0,0.0,0.0,0.0,0.0,0.0,0.0,0.0,0.0,0.0,0.0,0.0,0.0,0.0,0.0,0.0,0.0,0.0,0.0,0.0,0.0,0.0,0.0,0.0,0.0,0.0,0.0,0.0,0.0,0.0,0.0,0.0,0.0,0.0,0.0,0.0,0.0,0.0,0.0,0.0,0.0,0.0,0.0,0.0,0.0,0.0,0.0,,0.0,0.0,0.0,0.0,0.0,0.0,0.0,0.0,2023-06-30
07-01,7,1,0.0,0.0,0.0,0.0,0.0,0.0,0.0,0.0,0.0,0.0,0.0,0.0,0.0,0.0,0.0,0.0,0.0,0.0,0.0,0.0,0.0,0.0,0.0,0.0,0.0,0.0,0.0,0.0,0.0,0.0,0.0,0.0,0.0,0.0,0.0,0.0,0.0,0.0,0.0,0.0,0.0,0.0,0.0,0.0,0.0,0.0,0.0,,0.0,0.0,0.0,0.0,0.0,0.0,0.0,0.0,2023-07-01
07-02,7,2,0.0,0.0,0.0,0.0,0.0,0.0,0.0,0.0,0.0,0.0,0.0,0.0,0.0,0.0,0.0,0.0,0.0,0.0,0.0,0.0,0.0,0.0,0.0,0.0,0.0,0.0,0.0,0.0,0.0,0.0,0.0,0.0,0.0,0.0,0.0,0.0,0.0,0.0,0.0,0.0,0.0,0.0,0.0,0.0,0.0,0.0,0.0,,0.0,0.0,0.0,0.0,0.0,0.0,0.0,0.0,2023-07-02
07-03,7,3,0.0,0.0,0.0,0.0,0.0,0.0,0.0,0.0,0.0,0.0,0.0,0.0,0.0,0.0,0.0,0.0,0.0,0.0,0.0,0.0,0.0,0.0,0.0,0.0,0.0,0.0,0.0,0.0,0.0,0.0,0.0,0.0,0.0,0.0,0.0,0.0,0.0,0.0,0.0,0.0,0.0,0.0,0.0,0.0,0.0,0.0,0.0,,0.0,0.0,0.0,0.0,0.0,0.0,0.0,0.0,2023-07-03
07-04,7,4,0.0,0.0,0.0,0.0,0.0,0.0,0.0,0.0,0.0,0.0,0.0,0.0,0.0,0.0,0.0,0.0,0.0,0.0,0.0,0.0,0.0,0.0,0.0,0.0,0.0,0.0,0.0,0.0,0.0,0.0,0.0,0.0,0.0,0.0,0.0,0.0,0.0,0.0,0.0,0.0,0.0,0.0,0.0,0.0,0.0,0.0,0.0,,0.0,0.0,0.0,0.0,0.0,0.0,0.0,0.0,2023-07-04
07-05,7,5,0.0,0.0,0.0,0.0,0.0,0.0,0.0,0.0,0.0,0.0,0.0,0.0,0.0,0.0,0.0,0.0,0.0,0.0,0.0,0.0,0.0,0.0,0.0,0.0,0.0,0.0,0.0,0.0,0.0,0.0,0.0,0.0,0.0,0.0,0.0,0.0,0.0,0.0,0.0,0.0,0.0,0.0,0.0,0.0,0.0,0.0,0.0,,0.0,0.0,0.0,0.0,0.0,0.0,0.0,0.0,2023-07-05
07-06,7,6,0.0,0.0,0.0,0.0,0.0,0.0,0.0,0.0,0.0,0.0,0.0,0.0,0.0,0.0,0.0,0.0,0.0,0.0,0.0,0.0,0.0,0.0,0.0,0.0,0.0,0.0,0.0,0.0,0.0,0.0,0.0,0.0,0.0,0.0,0.0,0.0,0.0,0.0,0.0,0.0,0.0,0.0,0.0,0.0,0.0,0.0,0.0,,0.0,0.0,0.0,0.0,0.0,0.0,0.0,0.0,2023-07-06
07-07,7,7,0.0,0.0,0.0,0.0,0.0,0.0,0.0,0.0,0.0,0.0,0.0,0.0,0.0,0.0,0.0,0.0,0.0,0.0,0.0,0.0,0.0,0.0,0.0,0.0,0.0,0.0,0.0,0.0,0.0,0.0,0.0,0.0,0.0,0.0,0.0,0.0,0.0,0.0,0.0,0.0,0.0,0.0,0.0,0.0,0.0,0.0,0.0,,0.0,0.0,0.0,0.0,0.0,0.0,0.0,0.0,2023-07-07
07-08,7,8,0.0,0.0,0.0,0.0,0.0,0.0,0.0,0.0,0.0,0.0,0.0,0.0,0.0,0.0,0.0,0.0,0.0,0.0,0.0,0.0,0.0,0.0,0.0,0.0,0.0,0.0,0.0,0.0,0.0,0.0,0.0,0.0,0.0,0.0,0.0,0.0,0.0,0.0,0.0,0.0,0.0,0.0,0.0,0.0,0.0,0.0,0.0,,0.0,0.0,0.0,0.0,0.0,0.0,0.0,0.0,2023-07-08
07-09,7,9,0.0,0.0,0.0,0.0,0.0,0.0,0.0,0.0,0.0,0.0,0.0,0.0,0.0,0.0,0.0,0.0,0.0,0.0,0.0,0.0,0.0,0.0,0.0,0.0,0.0,0.0,0.0,0.0,0.0,0.0,0.0,0.0,0.0,0.0,0.0,0.0,0.0,0.0,0.0,0.0,0.0,0.0,0.0,0.0,0.0,0.0,0.0,,0.0,0.0,0.0,0.0,0.0,0.0,0.0,0.0,2023-07-09
07-10,7,10,0.0,0.0,0.0,0.0,0.0,0.0,0.0,0.0,0.0,0.0,0.0,0.0,0.0,0.0,0.0,0.0,0.0,0.0,0.0,0.0,0.0,0.0,0.0,0.0,0.0,0.0,0.0,0.0,0.0,0.0,0.0,0.0,0.0,0.0,0.0,0.0,0.0,0.0,0.0,0.0,0.0,0.0,0.0,0.0,0.0,0.0,0.0,,0.0,0.0,0.0,0.0,0.0,0.0,0.0,0.0,2023-07-10
07-11,7,11,0.0,0.0,0.0,0.0,0.0,0.0,0.0,0.0,0.0,0.0,0.0,0.0,0.0,0.0,0.0,0.0,0.0,0.0,0.0,0.0,0.0,0.0,0.0,0.0,0.0,0.0,0.0,0.0,0.0,0.0,0.0,0.0,0.0,0.0,0.0,0.0,0.0,0.0,0.0,0.0,0.0,0.0,0.0,0.0,0.0,0.0,0.0,,0.0,0.0,0.0,0.0,0.0,0.0,0.0,0.0,2023-07-11
07-12,7,12,0.0,0.0,0.0,0.0,0.0,0.0,0.0,0.0,0.0,0.0,0.0,0.0,0.0,0.0,0.0,0.0,0.0,0.0,0.0,0.0,0.0,0.0,0.0,0.0,0.0,0.0,0.0,0.0,0.0,0.0,0.0,0.0,0.0,0.0,0.0,0.0,0.0,0.0,0.0,0.0,0.0,0.0,0.0,0.0,0.0,0.0,0.0,,0.0,0.0,0.0,0.0,0.0,0.0,0.0,0.0,2023-07-12
07-13,7,13,0.0,0.0,0.0,0.0,0.0,0.0,0.0,0.0,0.0,0.0,0.0,0.0,0.0,0.0,0.0,0.0,0.0,0.0,0.0,0.0,0.0,0.0,0.0,0.0,0.0,0.0,0.0,0.0,0.0,0.0,0.0,0.0,0.0,0.0,0.0,0.0,0.0,0.0,0.0,0.0,0.0,0.0,0.0,0.0,0.0,0.0,0.0,,0.0,0.0,0.0,0.0,0.0,0.0,0.0,0.0,2023-07-13
07-14,7,14,0.0,0.0,0.0,0.0,0.0,0.0,0.0,0.0,0.0,0.0,0.0,0.0,0.0,0.0,0.0,0.0,0.0,0.0,0.0,0.0,0.0,0.0,0.0,0.0,0.0,0.0,0.0,0.0,0.0,0.0,0.0,0.0,0.0,0.0,0.0,0.0,0.0,0.0,0.0,0.0,0.0,0.0,0.0,0.0,0.0,0.0,0.0,,0.0,0.0,0.0,0.0,0.0,0.0,0.0,0.0,2023-07-14
07-15,7,15,0.0,0.0,0.0,0.0,0.0,0.0,0.0,0.0,0.0,0.0,0.0,0.0,0.0,0.0,0.0,0.0,0.0,0.0,0.0,0.0,0.0,0.0,0.0,0.0,0.0,0.0,0.0,0.0,0.0,0.0,0.0,0.0,0.0,0.0,0.0,0.0,0.0,0.0,0.0,0.0,0.0,0.0,0.0,0.0,0.0,0.0,0.0,,0.0,0.0,0.0,0.0,0.0,0.0,0.0,0.0,2023-07-15
07-16,7,16,0.0,0.0,0.0,0.0,0.0,0.0,0.0,0.0,0.0,0.0,0.0,0.0,0.0,0.0,0.0,0.0,0.0,0.0,0.0,0.0,0.0,0.0,0.0,0.0,0.0,0.0,0.0,0.0,0.0,0.0,0.0,0.0,0.0,0.0,0.0,0.0,0.0,0.0,0.0,0.0,0.0,0.0,0.0,0.0,0.0,0.0,0.0,,0.0,0.0,0.0,0.0,0.0,0.0,0.0,0.0,2023-07-16
07-17,7,17,0.0,0.0,0.0,0.0,0.0,0.0,0.0,0.0,0.0,0.0,0.0,0.0,0.0,0.0,0.0,0.0,0.0,0.0,0.0,0.0,0.0,0.0,0.0,0.0,0.0,0.0,0.0,0.0,0.0,0.0,0.0,0.0,0.0,0.0,0.0,0.0,0.0,0.0,0.0,0.0,0.0,0.0,0.0,0.0,0.0,0.0,0.0,,0.0,0.0,0.0,0.0,0.0,0.0,0.0,0.0,2023-07-17
07-18,7,18,0.0,0.0,0.0,0.0,0.0,0.0,0.0,0.0,0.0,0.0,0.0,0.0,0.0,0.0,0.0,0.0,0.0,0.0,0.0,0.0,0.0,0.0,0.0,0.0,0.0,0.0,0.0,0.0,0.0,0.0,0.0,0.0,0.0,0.0,0.0,0.0,0.0,0.0,0.0,0.0,0.0,0.0,0.0,0.0,0.0,0.0,0.0,,0.0,0.0,0.0,0.0,0.0,0.0,0.0,0.0,2023-07-18
07-19,7,19,0.0,0.0,0.0,0.0,0.0,0.0,0.0,0.0,0.0,0.0,0.0,0.0,0.0,0.0,0.0,0.0,0.0,0.0,0.0,0.0,0.0,0.0,0.0,0.0,0.0,0.0,0.0,0.0,0.0,0.0,0.0,0.0,0.0,0.0,0.0,0.0,0.0,0.0,0.0,0.0,0.0,0.0,0.0,0.0,0.0,0.0,0.0,,0.0,0.0,0.0,0.0,0.0,0.0,0.0,0.0,2023-07-19
07-20,7,20,0.0,0.0,0.0,0.0,0.0,0.0,0.0,0.0,0.0,0.0,0.0,0.0,0.0,0.0,0.0,0.0,0.0,0.0,0.0,0.0,0.0,0.0,0.0,0.0,0.0,0.0,0.0,0.0,0.0,0.0,0.0,0.0,0.0,0.0,0.0,0.0,0.0,0.0,0.0,0.0,0.0,0.0,0.0,0.0,0.0,0.0,0.0,,0.0,0.0,0.0,0.0,0.0,0.0,0.0,0.0,2023-07-20
07-21,7,21,0.0,0.0,0.0,0.0,0.0,0.0,0.0,0.0,0.0,0.0,0.0,0.0,0.0,0.0,0.0,0.0,0.0,0.0,0.0,0.0,0.0,0.0,0.0,0.0,0.0,0.0,0.0,0.0,0.0,0.0,0.0,0.0,0.0,0.0,0.0,0.0,0.0,0.0,0.0,0.0,0.0,0.0,0.0,0.0,0.0,0.0,0.0,,0.0,0.0,0.0,0.0,0.0,0.0,0.0,0.0,2023-07-21
07-22,7,22,0.0,0.0,0.0,0.0,0.0,0.0,0.0,0.0,0.0,0.0,0.0,0.0,0.0,0.0,0.0,0.0,0.0,0.0,0.0,0.0,0.0,0.0,0.0,0.0,0.0,0.0,0.0,0.0,0.0,0.0,0.0,0.0,0.0,0.0,0.0,0.0,0.0,0.0,0.0,0.0,0.0,0.0,0.0,0.0,0.0,0.0,0.0,,0.0,0.0,0.0,0.0,0.0,0.0,0.0,0.0,2023-07-22
07-23,7,23,0.0,0.0,0.0,0.0,0.0,0.0,0.0,0.0,0.0,0.0,0.0,0.0,0.0,0.0,0.0,0.0,0.0,0.0,0.0,0.0,0.0,0.0,0.0,0.0,0.0,0.0,0.0,0.0,0.0,0.0,0.0,0.0,0.0,0.0,0.0,0.0,0.0,0.0,0.0,0.0,0.0,0.0,0.0,0.0,0.0,0.0,0.0,,0.0,0.0,0.0,0.0,0.0,0.0,0.0,0.0,2023-07-23
07-24,7,24,0.0,0.0,0.0,0.0,0.0,0.0,0.0,0.0,0.0,0.0,0.0,0.0,0.0,0.0,0.0,0.0,0.0,0.0,0.0,0.0,0.0,0.0,0.0,0.0,0.0,0.0,0.0,0.0,0.0,0.0,0.0,0.0,0.0,0.0,0.0,0.0,0.0,0.0,0.0,0.0,0.0,0.0,0.0,0.0,0.0,0.0,0.0,,0.0,0.0,0.0,0.0,0.0,0.0,0.0,0.0,2023-07-24
07-25,7,25,0.0,0.0,0.0,0.0,0.0,0.0,0.0,0.0,0.0,0.0,0.0,0.0,0.0,0.0,0.0,0.0,0.0,0.0,0.0,0.0,0.0,0.0,0.0,0.0,0.0,0.0,0.0,0.0,0.0,0.0,0.0,0.0,0.0,0.0,0.0,0.0,0.0,0.0,0.0,0.0,0.0,0.0,0.0,0.0,0.0,0.0,0.0,,0.0,0.0,0.0,0.0,0.0,0.0,0.0,0.0,2023-07-25
07-26,7,26,0.0,0.0,0.0,0.0,0.0,0.0,0.0,0.0,0.0,0.0,0.0,0.0,0.0,0.0,0.0,0.0,0.0,0.0,0.0,0.0,0.0,0.0,0.0,0.0,0.0,0.0,0.0,0.0,0.0,0.0,0.0,0.0,0.0,0.0,0.0,0.0,0.0,0.0,0.0,0.0,0.0,0.0,0.0,0.0,0.0,0.0,0.0,,0.0,0.0,0.0,0.0,0.0,0.0,0.0,0.0,2023-07-26
07-27,7,27,0.0,0.0,0.0,0.0,0.0,0.0,0.0,0.0,0.0,0.0,0.0,0.0,0.0,0.0,0.0,0.0,0.0,0.0,0.0,0.0,0.0,0.0,0.0,0.0,0.0,0.0,0.0,0.0,0.0,0.0,0.0,0.0,0.0,0.0,0.0,0.0,0.0,0.0,0.0,0.0,0.0,0.0,0.0,0.0,0.0,0.0,0.0,,0.0,0.0,0.0,0.0,0.0,0.0,0.0,0.0,2023-07-27
07-28,7,28,0.0,0.0,0.0,0.0,0.0,0.0,0.0,0.0,0.0,0.0,0.0,0.0,0.0,0.0,0.0,0.0,0.0,0.0,0.0,0.0,0.0,0.0,0.0,0.0,0.0,0.0,0.0,0.0,0.0,0.0,0.0,0.0,0.0,0.0,0.0,0.0,0.0,0.0,0.0,0.0,0.0,0.0,0.0,0.0,0.0,0.0,0.0,,0.0,0.0,0.0,0.0,0.0,0.0,0.0,0.0,2023-07-28
07-29,7,29,0.0,0.0,0.0,0.0,0.0,0.0,0.0,0.0,0.0,0.0,0.0,0.0,0.0,0.0,0.0,0.0,0.0,0.0,0.0,0.0,0.0,0.0,0.0,0.0,0.0,0.0,0.0,0.0,0.0,0.0,0.0,0.0,0.0,0.0,0.0,0.0,0.0,0.0,0.0,0.0,0.0,0.0,0.0,0.0,0.0,0.0,0.0,,0.0,0.0,0.0,0.0,0.0,0.0,0.0,0.0,2023-07-29
07-30,7,30,0.0,0.0,0.0,0.0,0.0,0.0,0.0,0.0,0.0,0.0,0.0,0.0,0.0,0.0,0.0,0.0,0.0,0.0,0.0,0.0,0.0,0.0,0.0,0.0,0.0,0.0,0.0,0.0,0.0,0.0,0.0,0.0,0.0,0.0,0.0,0.0,0.0,0.0,0.0,0.0,0.0,0.0,0.0,0.0,0.0,0.0,0.0,,0.0,0.0,0.0,0.0,0.0,0.0,0.0,0.0,2023-07-30
07-31,7,31,0.0,0.0,0.0,0.0,0.0,0.0,0.0,0.0,0.0,0.0,0.0,0.0,0.0,0.0,0.0,0.0,0.0,0.0,0.0,0.0,0.0,0.0,0.0,0.0,0.0,0.0,0.0,0.0,0.0,0.0,0.0,0.0,0.0,0.0,0.0,0.0,0.0,0.0,0.0,0.0,0.0,0.0,0.0,0.0,0.0,0.0,0.0,,0.0,0.0,0.0,0.0,0.0,0.0,0.0,0.0,2023-07-31
