Date,gage_id,dayl_s,prcp_mm_day,srad_W_m2,tmax_C,tmin_C,vp_Pa,tmean_C,site_no,flow_cms
1996-08-06,09292000,50173.97,0.0,702.84,16.83,0.69,462.19,8.76,9292000.0,2.2370272
1996-08-07,09292000,50038.52,0.0,772.0,18.86,-0.98,360.28,8.94,9292000.0,2.0671264
1996-08-08,09292000,49901.45,0.0,767.64,21.37,1.21,398.29,11.29,9292000.0,1.8972256
1996-08-09,09292000,49762.83,0.0,701.32,20.1,3.29,503.69,11.695,9292000.0,1.8122752
1996-08-10,09292000,49622.71,0.0,730.87,21.44,3.06,474.67,12.25,9292000.0,1.8122752
1996-08-11,09292000,49481.14,0.0,738.44,23.18,3.95,493.54,13.565,9292000.0,1.7556416
1996-08-12,09292000,49338.17,0.0,708.63,22.84,4.93,549.35,13.885,9292000.0,1.6706912
1996-08-13,09292000,49193.85,0.0,684.06,23.38,6.44,625.01,14.91,9292000.0,1.6423744
1996-08-14,09292000,49048.23,0.0,656.34,20.83,5.03,599.52,12.93,9292000.0,1.8122752
1996-08-15,09292000,48901.36,0.0,644.52,19.17,3.83,568.18,11.5,9292000.0,2.2370272
1996-08-16,09292000,48753.29,0.0,708.52,20.93,2.65,481.95,11.79,9292000.0,2.2370272
1996-08-17,09292000,48604.05,0.0,609.7,18.21,3.87,589.94,11.04,9292000.0,2.2087104
1996-08-18,09292000,48453.7,2.5,419.11,15.95,3.06,692.47,9.505,9292000.0,2.3502944
1996-08-19,09292000,48302.28,0.0,680.71,19.09,1.93,482.17,10.51,9292000.0,2.265344
1996-08-20,09292000,48149.84,0.0,609.29,19.17,4.69,630.18,11.93,9292000.0,2.0954432
1996-08-21,09292000,47996.41,0.0,657.5,19.68,3.34,529.51,11.51,9292000.0,2.0388096
1996-08-22,09292000,47842.04,0.0,674.34,19.6,2.44,458.41,11.02,9292000.0,2.0954432
1996-08-23,09292000,47686.78,0.0,689.85,20.72,2.55,435.4,11.635,9292000.0,2.265344
1996-08-24,09292000,47530.65,0.0,664.61,20.51,3.35,444.41,11.93,9292000.0,2.1520768
1996-08-25,09292000,47373.71,0.0,551.47,17.44,4.47,566.83,10.955,9292000.0,2.2370272
1996-08-26,09292000,47215.98,3.59,410.87,17.49,4.37,641.36,10.93,9292000.0,2.6617792
1996-08-27,09292000,47057.51,0.0,591.85,17.82,3.26,445.22,10.54,9292000.0,2.8599968
1996-08-28,09292000,46898.33,0.0,657.87,20.16,2.62,355.08,11.39,9292000.0,2.8599968
1996-08-29,09292000,46738.48,0.0,626.29,19.52,3.25,381.56,11.385,9292000.0,2.5768288
1996-08-30,09292000,46577.99,0.0,662.08,19.7,1.6,320.15,10.65,9292000.0,2.4635616
1996-08-31,09292000,46416.91,0.0,617.89,21.05,4.66,421.53,12.855,9292000.0,2.3786112
1996-09-01,09292000,46255.26,0.0,636.81,21.12,3.64,381.25,12.38,9292000.0,2.2936608
1996-09-02,09292000,46093.07,0.0,610.0,20.22,3.74,408.36,11.98,9292000.0,2.2087104
1996-09-03,09292000,45930.38,0.0,617.71,20.85,3.63,398.46,12.24,9292000.0,2.1520768
1996-09-04,09292000,45767.23,0.0,557.07,19.81,4.99,492.74,12.4,9292000.0,2.0671264
1996-09-05,09292000,45603.64,0.0,529.0,16.11,2.38,450.89,9.245,9292000.0,2.0388096
1996-09-06,09292000,45439.64,0.0,506.62,11.7,-1.09,386.86,5.305,9292000.0,2.0104928
1996-09-07,09292000,45275.26,0.0,614.72,15.27,-1.92,296.56,6.675,9292000.0,1.8972256
1996-09-08,09292000,45110.54,0.0,619.1,18.57,0.8,342.25,9.685,9292000.0,1.7556416
1996-09-09,09292000,44945.5,0.0,606.79,18.28,0.97,356.01,9.625,9292000.0,1.6423744
1996-09-10,09292000,44780.17,0.0,547.71,17.15,2.39,439.71,9.77,9292000.0,1.557424
1996-09-11,09292000,44614.58,13.26,123.35,7.11,3.46,782.57,5.285,9292000.0,1.840592
1996-09-12,09292000,44448.77,6.33,401.46,14.54,0.13,521.33,7.335,9292000.0,2.3502944
1996-09-13,09292000,44282.75,13.87,268.75,9.1,0.47,632.0,4.785,9292000.0,2.7184128
1996-09-14,09292000,44116.55,6.81,272.2,6.79,-1.85,533.16,2.47,9292000.0,2.9166304
1996-09-15,09292000,43950.2,5.61,421.07,12.31,-3.19,456.04,4.5600000000000005,9292000.0,2.6617792
1996-09-16,09292000,43783.74,13.39,299.94,3.12,-6.3,381.55,-1.59,9292000.0,2.6051456
1996-09-17,09292000,43617.18,5.44,414.4,4.8,-9.8,290.37,-2.5000000000000004,9292000.0,2.7184128
1996-09-18,09292000,43450.55,0.0,601.47,5.46,-11.51,241.13,-3.025,9292000.0,2.548512
1996-09-19,09292000,43283.89,0.0,492.72,4.72,-7.66,343.51,-1.4700000000000002,9292000.0,2.3786112
1996-09-20,09292000,43117.21,0.0,554.21,9.62,-5.36,359.35,2.1299999999999994,9292000.0,2.265344
1996-09-21,09292000,42950.54,0.0,507.8,13.07,-0.26,526.85,6.405,9292000.0,2.265344
1996-09-22,09292000,42783.91,0.0,422.59,11.09,0.68,616.77,5.885,9292000.0,2.2936608
1996-09-23,09292000,42617.35,0.0,464.52,11.16,-0.52,546.59,5.32,9292000.0,2.6051456
1996-09-24,09292000,42450.89,0.0,497.91,13.48,0.38,557.28,6.930000000000001,9292000.0,2.690096
1996-09-25,09292000,42284.54,0.0,526.84,7.34,-6.84,333.12,0.25,9292000.0,2.406928
1996-09-26,09292000,42118.34,0.0,403.28,1.09,-8.61,318.94,-3.76,9292000.0,1.982176
1996-09-27,09292000,41952.32,0.0,572.82,8.09,-8.52,249.71,-0.2149999999999998,9292000.0,1.8689088
1996-09-28,09292000,41786.5,0.0,578.02,15.15,-2.5,356.27,6.325,9292000.0,1.8972256
1996-09-29,09292000,41620.92,0.0,605.58,16.11,-4.44,296.98,5.834999999999999,9292000.0,1.840592
1996-09-30,09292000,41455.59,0.0,553.05,15.89,-0.95,409.56,7.470000000000001,9292000.0,1.7839584
1996-10-01,09292000,41290.54,0.0,535.78,15.33,-0.69,429.8,7.32,9292000.0,1.7556416
1996-10-02,09292000,41125.82,3.63,349.33,12.76,-0.27,563.24,6.245,9292000.0,1.7273248
1996-10-03,09292000,40961.44,5.02,251.54,7.96,-0.45,590.93,3.755,9292000.0,1.8689088
1996-10-04,09292000,40797.44,0.0,509.5,13.49,-1.46,450.43,6.015000000000001,9292000.0,1.8689088
1996-10-05,09292000,40633.84,0.0,535.84,14.93,-1.99,417.15,6.47,9292000.0,1.7273248
1996-10-06,09292000,40470.68,0.0,527.52,16.53,-0.53,462.18,8.0,9292000.0,1.6706912
1996-10-07,09292000,40307.99,0.0,535.44,17.14,-0.88,436.97,8.13,9292000.0,1.6140576
1996-10-08,09292000,40145.81,0.0,498.65,17.84,1.97,541.94,9.905,9292000.0,1.5857408
1996-10-09,09292000,39984.15,0.0,518.84,17.33,-0.12,459.65,8.604999999999999,9292000.0,1.5291072
1996-10-10,09292000,39823.06,0.0,526.37,18.58,-0.23,448.32,9.175,9292000.0,1.5007904
1996-10-11,09292000,39662.57,0.0,478.16,17.26,1.2,532.34,9.23,9292000.0,1.5291072
1996-10-12,09292000,39502.72,0.0,485.59,16.05,-0.7,466.68,7.675000000000001,9292000.0,1.5291072
1996-10-13,09292000,39343.54,5.31,344.82,14.26,-1.71,516.36,6.275,9292000.0,1.4724736
1996-10-14,09292000,39185.06,0.0,433.02,9.96,-4.38,402.67,2.7900000000000005,9292000.0,1.5291072
1996-10-15,09292000,39027.33,0.0,406.14,9.67,-3.48,434.34,3.095,9292000.0,1.5007904
1996-10-16,09292000,38870.38,0.0,411.28,0.46,-12.87,225.38,-6.204999999999999,9292000.0,1.4724736
1996-10-17,09292000,38714.24,0.0,413.99,0.68,-12.97,222.98,-6.1450000000000005,9292000.0,1.41584
1996-10-18,09292000,38558.97,0.0,473.16,8.68,-9.05,262.49,-0.1850000000000005,9292000.0,1.41584
1996-10-19,09292000,38404.6,10.49,326.64,-0.14,-15.39,184.62,-7.765000000000001,9292000.0,1.3592064
1996-10-20,09292000,38251.17,0.0,408.76,-4.69,-18.37,143.64,-11.53,9292000.0,1.3592064
1996-10-21,09292000,38098.72,0.0,382.05,-3.23,-15.84,177.78,-9.535,9292000.0,1.3025728
1996-10-22,09292000,37947.29,0.0,447.14,5.54,-11.37,245.88,-2.915,9292000.0,1.2459392
1996-10-23,09292000,37796.93,0.0,422.92,4.17,-11.43,253.17,-3.63,9292000.0,1.274256
1996-10-24,09292000,37647.69,7.87,278.27,1.08,-11.83,247.0,-5.375,9292000.0,1.2176224
1996-10-25,09292000,37499.61,7.61,231.76,-2.58,-12.72,229.9,-7.65,9292000.0,1.2176224
1996-10-26,09292000,37352.73,4.27,280.45,-5.39,-18.47,142.41,-11.93,9292000.0,1.2176224
1996-10-27,09292000,37207.1,0.0,488.3,4.49,-18.35,143.96,-6.930000000000001,9292000.0,1.2459392
1996-10-28,09292000,37062.77,7.9,243.23,2.64,-8.54,320.7,-2.9499999999999997,9292000.0,1.274256
1996-10-29,09292000,36919.79,4.68,311.81,6.8,-9.44,298.83,-1.3199999999999998,9292000.0,1.274256
1996-10-30,09292000,36778.21,0.0,205.96,-2.24,-8.77,315.02,-5.505,9292000.0,1.2459392
1996-10-31,09292000,36638.08,4.49,220.33,-2.57,-12.22,239.3,-7.395,9292000.0,1.2459392
1996-11-01,09292000,36499.45,3.44,334.87,6.14,-13.06,223.61,-3.4600000000000004,9292000.0,1.2176224
1996-11-02,09292000,36362.38,0.0,456.3,9.76,-11.32,257.46,-0.7800000000000002,9292000.0,1.1893056
1996-11-03,09292000,36226.91,0.0,352.26,3.32,-9.74,291.82,-3.21,9292000.0,1.2176224
1996-11-04,09292000,36093.1,7.32,273.62,4.24,-9.66,293.74,-2.71,9292000.0,1.2176224
1996-11-05,09292000,35961.0,6.5,333.22,-1.06,-21.35,110.98,-11.205,9292000.0,1.1893056
1996-11-06,09292000,35830.68,0.0,466.6,-0.62,-24.69,82.43,-12.655,9292000.0,1.1609888
1996-11-07,09292000,35702.18,0.0,353.11,-0.75,-14.34,201.33,-7.545,9292000.0,1.2176224
1996-11-08,09292000,35575.56,0.0,366.28,6.68,-8.07,332.73,-0.6950000000000003,9292000.0,1.274256
1996-11-09,09292000,35450.88,0.0,398.16,11.26,-6.29,381.91,2.485,9292000.0,1.2176224
1996-11-10,09292000,35328.19,0.0,422.44,13.43,-7.33,352.49,3.05,9292000.0,1.1893056
1996-11-11,09292000,35207.56,0.0,410.81,12.43,-7.35,351.83,2.54,9292000.0,1.1893056
1996-11-12,09292000,35089.04,0.0,380.45,12.48,-4.85,426.12,3.815,9292000.0,1.2459392
1996-11-13,09292000,34972.69,0.0,346.64,10.02,-4.87,425.57,2.575,9292000.0,1.2459392
1996-11-14,09292000,34858.56,0.0,349.98,1.87,-13.09,223.14,-5.609999999999999,9292000.0,1.2176224
1996-11-15,09292000,34746.73,4.43,238.77,-5.2,-18.25,145.16,-11.725,9292000.0,1.1609888
1996-11-16,09292000,34637.23,0.0,373.01,-5.44,-22.31,102.04,-13.875,9292000.0,1.3025728
1996-11-17,09292000,34530.14,12.88,261.65,-4.81,-20.03,124.56,-12.42,9292000.0,1.2459392
1996-11-18,09292000,34425.52,9.14,125.36,1.4,-4.9,424.33,-1.7500000000000002,9292000.0,1.1893056
1996-11-19,09292000,34323.41,0.0,305.63,10.27,-2.7,500.72,3.785,9292000.0,1.1609888
1996-11-20,09292000,34223.88,0.0,309.45,6.21,-6.9,364.16,-0.3450000000000002,9292000.0,1.132672
1996-11-21,09292000,34126.99,7.83,247.77,7.31,-7.32,352.68,-0.0050000000000003,9292000.0,1.1043552
1996-11-22,09292000,34032.78,20.26,190.51,0.48,-9.45,298.54,-4.484999999999999,9292000.0,1.0760384
1996-11-23,09292000,33941.33,0.0,364.32,-0.54,-17.28,157.62,-8.91,9292000.0,1.0760384
1996-11-24,09292000,33852.69,5.53,302.36,4.73,-18.04,147.76,-6.654999999999999,9292000.0,1.0477216
1996-11-25,09292000,33766.9,0.0,358.04,0.46,-16.58,167.16,-8.059999999999999,9292000.0,1.0477216
1996-11-26,09292000,33684.02,0.0,388.76,-2.18,-22.6,99.47,-12.39,9292000.0,0.991088
1996-11-27,09292000,33604.12,0.0,398.27,1.11,-21.78,106.88,-10.335,9292000.0,0.991088
1996-11-28,09292000,33527.23,2.62,258.36,2.24,-14.69,195.7,-6.225,9292000.0,0.991088
1996-11-29,09292000,33453.41,3.79,164.99,-6.0,-15.27,186.49,-10.635,9292000.0,0.991088
1996-11-30,09292000,33382.71,0.0,285.16,-6.13,-18.89,137.38,-12.51,9292000.0,0.9627712
1996-12-01,09292000,33315.18,5.93,210.18,-3.58,-16.13,173.62,-9.855,9292000.0,0.9344544
1996-12-02,09292000,33250.86,3.1,258.78,-8.54,-25.78,74.67,-17.16,9292000.0,0.8778208
1996-12-03,09292000,33189.79,2.74,263.76,-6.13,-24.38,84.8,-15.255,9292000.0,0.849504
1996-12-04,09292000,33132.03,0.0,328.05,-4.61,-20.66,117.89,-12.635,9292000.0,0.8211872
1996-12-05,09292000,33077.61,16.44,176.82,-4.69,-14.91,192.15,-9.8,9292000.0,0.8211872
1996-12-06,09292000,33026.56,3.43,220.46,-3.16,-16.55,167.65,-9.855,9292000.0,0.7928704
1996-12-07,09292000,32978.94,3.51,243.39,-0.31,-16.19,172.7,-8.25,9292000.0,0.7928704
1996-12-08,09292000,32934.76,0.0,308.13,6.91,-7.89,337.53,-0.4899999999999997,9292000.0,0.7928704
1996-12-09,09292000,32894.07,10.95,144.0,3.18,-4.94,423.14,-0.8800000000000001,9292000.0,0.7645535999999999
1996-12-10,09292000,32856.9,12.53,91.12,-0.55,-5.32,411.08,-2.935,9292000.0,0.7645535999999999
1996-12-11,09292000,32823.26,16.19,117.28,-2.75,-8.82,313.77,-5.785,9292000.0,0.7645535999999999
1996-12-12,09292000,32793.2,17.98,107.79,-0.78,-6.23,383.62,-3.5050000000000003,9292000.0,0.7362368
1996-12-13,09292000,32766.72,7.33,252.28,2.08,-13.97,207.65,-5.945,9292000.0,0.7362368
1996-12-14,09292000,32743.86,0.0,272.86,-10.15,-21.2,112.45,-15.675,9292000.0,0.7362368
1996-12-15,09292000,32724.62,2.99,282.44,-3.5,-25.42,77.15,-14.46,9292000.0,0.70792
1996-12-16,09292000,32709.02,8.27,279.7,-4.95,-26.31,71.14,-15.63,9292000.0,0.70792
1996-12-17,09292000,32697.08,0.0,253.62,-17.44,-27.67,62.77,-22.555,9292000.0,0.6796032
1996-12-18,09292000,32688.8,0.0,299.41,-9.35,-22.5,100.36,-15.925,9292000.0,0.6796032
1996-12-19,09292000,32684.19,3.76,172.78,-6.56,-15.89,177.18,-11.225,9292000.0,0.6796032
1996-12-20,09292000,32683.26,4.22,178.48,-2.1,-11.8,247.62,-6.95,9292000.0,0.6512864
1996-12-21,09292000,32686.0,12.86,77.38,-7.65,-11.34,256.96,-9.495,9292000.0,0.6512864
1996-12-22,09292000,32692.41,17.71,204.1,-8.01,-19.16,134.29,-13.585,9292000.0,0.6796032
1996-12-23,09292000,32702.49,6.41,159.39,-9.14,-17.18,159.0,-13.16,9292000.0,0.6796032
1996-12-24,09292000,32716.23,0.0,310.59,-2.38,-15.36,185.16,-8.87,9292000.0,0.70792
1996-12-25,09292000,32733.61,4.16,244.51,0.8,-13.43,216.95,-6.315,9292000.0,0.7362368
1996-12-26,09292000,32754.64,6.33,144.37,-1.57,-8.38,324.63,-4.9750000000000005,9292000.0,0.7362368
1996-12-27,09292000,32779.28,13.93,132.98,-4.21,-10.13,283.04,-7.17,9292000.0,0.7362368
1996-12-28,09292000,32807.52,1.9,211.21,-3.19,-10.14,282.76,-6.665,9292000.0,0.7645535999999999
1996-12-29,09292000,32839.34,2.36,230.8,1.82,-9.74,291.83,-3.96,9292000.0,0.7645535999999999
1996-12-30,09292000,32874.72,0.0,279.77,1.78,-8.05,333.1,-3.135,9292000.0,0.7645535999999999
1996-12-31,09292000,0.0,0.0,0.0,0.0,0.0,0.0,0.0,9292000.0,0.7645535999999999
1997-01-01,09292000,32913.8,0.0,216.59,4.41,-6.11,387.12,-0.8500000000000001,9292000.0,0.7645535999999999
1997-01-02,09292000,32956.22,7.89,139.83,5.26,-3.64,466.82,0.8099999999999998,9292000.0,0.7362368
1997-01-03,09292000,33002.11,8.93,235.11,-0.02,-17.9,149.56,-8.959999999999999,9292000.0,0.7362368
1997-01-04,09292000,33051.44,0.0,336.52,-5.13,-25.47,76.8,-15.3,9292000.0,0.70792
1997-01-05,09292000,33104.16,0.0,319.51,-8.73,-26.43,70.35,-17.58,9292000.0,0.70792
1997-01-06,09292000,33160.24,0.0,328.6,-8.43,-27.11,66.07,-17.77,9292000.0,0.6796032
1997-01-07,09292000,33219.65,3.86,195.89,-3.88,-16.56,167.48,-10.22,9292000.0,0.6796032
1997-01-08,09292000,33282.33,0.0,218.96,-4.77,-14.75,194.71,-9.76,9292000.0,0.70792
1997-01-09,09292000,33348.25,5.91,132.72,-3.52,-11.35,256.83,-7.435,9292000.0,0.7362368
1997-01-10,09292000,33417.36,6.06,152.12,-1.29,-10.33,278.54,-5.8100000000000005,9292000.0,0.7362368
1997-01-11,09292000,33489.61,8.51,231.17,-2.97,-18.41,143.18,-10.69,9292000.0,0.6796032
1997-01-12,09292000,33564.96,10.2,144.19,-12.92,-21.06,113.83,-16.99,9292000.0,0.6229696
1997-01-13,09292000,33643.35,19.79,138.9,-8.85,-16.53,167.85,-12.69,9292000.0,0.6229696
1997-01-14,09292000,33724.73,8.19,225.87,-2.93,-16.81,163.92,-9.87,9292000.0,0.6229696
1997-01-15,09292000,33809.06,0.0,368.11,1.45,-18.55,141.49,-8.55,9292000.0,0.6796032
1997-01-16,09292000,33896.27,0.0,376.13,1.2,-19.59,129.4,-9.195,9292000.0,0.70792
1997-01-17,09292000,33986.31,0.0,370.48,2.75,-16.79,164.2,-7.02,9292000.0,0.70792
1997-01-18,09292000,34079.13,0.0,340.65,5.94,-10.4,276.95,-2.23,9292000.0,0.70792
1997-01-19,09292000,34174.68,0.0,387.98,9.66,-12.28,238.26,-1.3099999999999996,9292000.0,0.70792
1997-01-20,09292000,34272.88,0.0,314.44,-0.65,-14.44,199.77,-7.545,9292000.0,0.70792
1997-01-21,09292000,34373.7,3.76,250.08,-3.43,-18.4,143.35,-10.915,9292000.0,0.70792
1997-01-22,09292000,34477.06,8.66,201.8,-5.24,-16.08,174.32,-10.66,9292000.0,0.7645535999999999
1997-01-23,09292000,34582.92,8.6,263.46,-1.02,-16.66,166.07,-8.84,9292000.0,0.7928704
1997-01-24,09292000,34691.2,0.0,368.75,-3.2,-19.74,127.78,-11.47,9292000.0,0.7928704
1997-01-25,09292000,34801.87,23.76,210.11,-4.05,-14.83,193.4,-9.44,9292000.0,0.7928704
1997-01-26,09292000,34914.85,4.36,182.74,-0.46,-9.55,296.37,-5.005000000000001,9292000.0,0.7645535999999999
1997-01-27,09292000,35030.08,0.0,438.02,3.72,-19.66,128.56,-7.97,9292000.0,0.7362368
1997-01-28,09292000,35147.52,2.07,322.01,1.98,-19.65,128.7,-8.834999999999999,9292000.0,0.70792
1997-01-29,09292000,35267.09,0.0,422.58,4.88,-14.9,192.29,-5.01,9292000.0,0.6796032
1997-01-30,09292000,35388.75,0.0,424.34,8.34,-11.51,253.54,-1.585,9292000.0,0.6796032
1997-01-31,09292000,35512.43,0.0,343.01,7.28,-6.13,386.35,0.5750000000000002,9292000.0,0.6796032
1997-02-01,09292000,35638.08,0.0,362.41,4.33,-10.03,285.18,-2.85,9292000.0,0.6512864
1997-02-02,09292000,35765.64,12.85,293.86,-1.32,-17.04,160.78,-9.18,9292000.0,0.6512864
1997-02-03,09292000,35895.05,0.0,381.05,-2.37,-16.8,164.1,-9.585,9292000.0,0.6512864
1997-02-04,09292000,36026.26,0.0,296.82,-5.5,-15.52,182.69,-10.51,9292000.0,0.6796032
1997-02-05,09292000,36159.21,2.38,278.19,-5.93,-19.12,134.72,-12.525,9292000.0,0.7362368
1997-02-06,09292000,36293.85,0.0,437.12,-5.6,-22.79,97.74,-14.195,9292000.0,0.7362368
1997-02-07,09292000,36430.12,0.0,495.85,0.96,-23.86,88.83,-11.45,9292000.0,0.6796032
1997-02-08,09292000,36567.97,0.0,498.26,2.36,-22.96,96.29,-10.3,9292000.0,0.6512864
1997-02-09,09292000,36707.35,0.0,480.75,3.16,-19.18,134.08,-8.01,9292000.0,0.6512864
1997-02-10,09292000,36848.2,0.0,460.16,1.84,-17.87,149.92,-8.015,9292000.0,0.70792
1997-02-11,09292000,36990.48,0.0,476.42,4.94,-16.42,169.37,-5.74,9292000.0,0.6512864
1997-02-12,09292000,37134.14,0.0,395.5,-2.97,-17.98,148.58,-10.475,9292000.0,0.566336
1997-02-13,09292000,37279.12,0.0,394.38,-1.82,-16.65,166.25,-9.235,9292000.0,0.5380192
1997-02-14,09292000,37425.37,3.45,296.42,0.83,-13.91,208.68,-6.54,9292000.0,0.566336
1997-02-15,09292000,37572.85,0.0,467.06,6.39,-12.63,231.66,-3.120000000000001,9292000.0,0.6229696
1997-02-16,09292000,37721.52,0.0,497.77,7.55,-13.97,207.52,-3.2100000000000004,9292000.0,0.6512864
1997-02-17,09292000,37871.32,2.29,209.96,1.68,-7.55,346.36,-2.935,9292000.0,0.5946528
1997-02-18,09292000,38022.21,0.0,505.33,2.57,-18.26,145.02,-7.845000000000001,9292000.0,0.6512864
1997-02-19,09292000,38174.15,0.0,531.07,7.57,-16.17,172.97,-4.300000000000001,9292000.0,0.6229696
1997-02-20,09292000,38327.09,0.0,439.47,-3.36,-19.01,135.99,-11.185,9292000.0,0.5946528
1997-02-21,09292000,38481.0,0.0,542.73,-1.53,-25.64,75.63,-13.585,9292000.0,0.6796032
1997-02-22,09292000,38635.82,0.0,551.02,-1.52,-26.5,69.88,-14.01,9292000.0,0.7645535999999999
1997-02-23,09292000,38791.52,0.0,502.89,-4.63,-24.16,86.51,-14.395,9292000.0,0.8211872
1997-02-24,09292000,38948.06,0.0,552.54,-1.73,-26.08,72.64,-13.905,9292000.0,0.7645535999999999
1997-02-25,09292000,39105.41,0.0,571.38,4.74,-22.64,99.09,-8.95,9292000.0,0.7928704
1997-02-26,09292000,39263.51,3.99,339.76,-0.41,-16.92,162.39,-8.665000000000001,9292000.0,0.849504
1997-02-27,09292000,39422.34,14.7,208.85,-4.22,-12.97,225.2,-8.595,9292000.0,0.8211872
1997-02-28,09292000,39581.86,5.89,317.37,-8.46,-22.34,101.75,-15.4,9292000.0,0.7928704
1997-03-01,09292000,39742.04,0.0,584.15,0.75,-23.58,91.13,-11.415,9292000.0,0.8778208
1997-03-02,09292000,39902.83,8.45,335.91,1.03,-13.88,209.08,-6.425000000000001,9292000.0,0.991088
1997-03-03,09292000,40064.2,0.0,544.6,-4.36,-24.15,86.56,-14.255,9292000.0,0.9061376
1997-03-04,09292000,40226.13,0.0,539.44,-5.16,-24.43,84.44,-14.795,9292000.0,0.9627712
1997-03-05,09292000,40388.57,0.0,587.85,4.29,-18.99,136.3,-7.35,9292000.0,1.0760384
1997-03-06,09292000,40551.49,0.0,555.26,6.92,-13.69,212.4,-3.385,9292000.0,1.1043552
1997-03-07,09292000,40714.87,0.0,565.29,6.75,-14.48,199.16,-3.865,9292000.0,1.0477216
1997-03-08,09292000,40878.67,2.5,387.49,2.97,-15.07,189.59,-6.05,9292000.0,0.8778208
1997-03-09,09292000,41042.87,2.47,454.86,8.8,-15.81,178.27,-3.505,9292000.0,0.9344544
1997-03-10,09292000,41207.42,0.0,596.55,11.94,-10.96,264.79,0.4899999999999993,9292000.0,0.7928704
1997-03-11,09292000,41372.31,0.0,571.99,11.65,-9.09,307.2,1.2800000000000002,9292000.0,0.7362368
1997-03-12,09292000,41537.49,0.0,538.12,10.19,-8.18,329.91,1.005,9292000.0,0.7645535999999999
1997-03-13,09292000,41702.95,0.0,457.31,0.92,-13.13,222.43,-6.105,9292000.0,0.7928704
1997-03-14,09292000,41868.66,0.0,462.4,2.16,-11.95,244.58,-4.895,9292000.0,0.849504
1997-03-15,09292000,42034.58,0.0,458.43,6.4,-7.57,345.95,-0.585,9292000.0,0.8211872
1997-03-16,09292000,42200.7,0.0,493.03,9.07,-6.28,382.18,1.395,9292000.0,0.9061376
1997-03-17,09292000,42366.97,0.0,519.0,5.82,-10.27,279.81,-2.225,9292000.0,0.9627712
1997-03-18,09292000,42533.38,0.0,632.59,10.8,-11.86,245.04,-0.5299999999999994,9292000.0,0.8211872
1997-03-19,09292000,42699.89,0.0,631.75,15.24,-7.75,325.67,3.745,9292000.0,0.8778208
1997-03-20,09292000,42866.49,0.0,613.65,14.96,-6.48,362.46,4.24,9292000.0,1.3025728
1997-03-21,09292000,43033.14,0.0,597.27,10.85,-8.91,311.48,0.9699999999999998,9292000.0,0.8211872
1997-03-22,09292000,43199.82,0.0,643.41,11.69,-11.07,254.2,0.3099999999999996,9292000.0,0.849504
1997-03-23,09292000,43366.49,0.0,548.66,10.76,-6.23,383.61,2.265,9292000.0,0.8778208
1997-03-24,09292000,43533.14,7.45,370.64,-2.09,-16.24,172.07,-9.165,9292000.0,1.1043552
1997-03-25,09292000,43699.74,0.0,687.55,8.27,-16.63,165.4,-4.18,9292000.0,0.8778208
1997-03-26,09292000,43866.26,0.0,680.87,13.12,-11.19,245.78,0.965,9292000.0,0.8778208
1997-03-27,09292000,44032.67,0.0,439.52,2.1,-9.74,291.76,-3.82,9292000.0,0.9344544
1997-03-28,09292000,44198.94,0.0,652.41,7.06,-13.86,209.48,-3.4,9292000.0,0.9344544
1997-03-29,09292000,44365.05,0.0,646.97,4.52,-16.04,174.84,-5.76,9292000.0,0.9061376
1997-03-30,09292000,44530.98,0.0,663.13,9.92,-11.93,235.52,-1.005,9292000.0,0.9061376
1997-03-31,09292000,44696.68,3.41,493.65,4.4,-16.92,162.43,-6.260000000000001,9292000.0,0.9627712
1997-04-01,09292000,44862.15,0.0,531.76,-2.99,-17.73,151.73,-10.36,9292000.0,1.0477216
1997-04-02,09292000,45027.33,5.46,418.62,0.24,-15.55,182.2,-7.655,9292000.0,1.0477216
1997-04-03,09292000,45192.22,5.64,464.1,8.99,-9.67,293.45,-0.3399999999999998,9292000.0,1.1043552
1997-04-04,09292000,45356.77,0.0,709.47,4.82,-18.63,138.84,-6.904999999999999,9292000.0,1.0477216
1997-04-05,09292000,45520.97,3.39,471.14,-2.89,-21.24,112.14,-12.065,9292000.0,1.0477216
1997-04-06,09292000,45684.77,3.11,544.74,1.15,-23.62,90.77,-11.235,9292000.0,0.9627712
1997-04-07,09292000,45848.15,0.0,688.59,5.75,-15.82,176.21,-5.035,9292000.0,1.41584
1997-04-08,09292000,46011.08,5.75,492.79,2.49,-17.08,160.22,-7.294999999999999,9292000.0,0.7928704
1997-04-09,09292000,46173.52,11.63,360.02,2.99,-9.39,299.99,-3.2,9292000.0,1.1043552
1997-04-10,09292000,46335.44,5.76,526.65,-0.7,-22.29,102.22,-11.495,9292000.0,1.0760384
1997-04-11,09292000,46496.82,0.0,737.34,-2.9,-26.54,69.65,-14.72,9292000.0,1.0760384
1997-04-12,09292000,46657.61,0.0,750.16,-2.55,-27.24,65.29,-14.895,9292000.0,1.0760384
1997-04-13,09292000,46817.79,3.66,594.64,4.25,-27.14,65.92,-11.445,9292000.0,1.0760384
1997-04-14,09292000,46977.31,0.0,644.24,6.76,-11.96,226.95,-2.6000000000000005,9292000.0,0.9627712
1997-04-15,09292000,47136.14,0.0,677.52,9.02,-11.42,220.83,-1.2000000000000002,9292000.0,0.991088
1997-04-16,09292000,47294.25,0.0,726.48,10.65,-12.75,188.32,-1.0499999999999998,9292000.0,1.1609888
1997-04-17,09292000,47451.59,0.0,695.91,12.95,-8.5,260.35,2.225,9292000.0,1.2176224
1997-04-18,09292000,47608.14,0.0,631.14,11.94,-6.13,330.23,2.905,9292000.0,1.2459392
1997-04-19,09292000,47763.84,0.0,581.34,11.3,-4.6,385.95,3.3500000000000005,9292000.0,1.4441568
1997-04-20,09292000,47918.67,4.43,347.43,8.88,-3.09,486.41,2.8950000000000005,9292000.0,1.6423744
1997-04-21,09292000,48072.57,4.86,317.52,2.94,-7.53,347.07,-2.295,9292000.0,1.8122752
1997-04-22,09292000,48225.52,0.0,598.61,6.53,-9.29,282.93,-1.3799999999999994,9292000.0,1.4441568
1997-04-23,09292000,48377.46,10.22,322.68,0.38,-10.1,283.72,-4.859999999999999,9292000.0,1.3592064
1997-04-24,09292000,48528.35,6.04,429.79,3.75,-10.85,267.22,-3.55,9292000.0,1.3025728
1997-04-25,09292000,48678.16,0.0,760.31,8.59,-14.48,164.01,-2.9450000000000003,9292000.0,1.2176224
1997-04-26,09292000,48826.82,0.0,645.3,9.15,-8.02,268.96,0.5650000000000004,9292000.0,1.274256
1997-04-27,09292000,48974.31,3.81,550.01,13.91,-8.0,275.57,2.955,9292000.0,1.3308896
1997-04-28,09292000,49120.57,2.89,387.01,8.64,-4.12,450.04,2.26,9292000.0,1.4441568
1997-04-29,09292000,49265.55,6.49,381.45,3.9,-8.31,326.64,-2.205,9292000.0,1.6706912
1997-04-30,09292000,49409.2,5.46,467.17,5.77,-9.99,282.05,-2.1100000000000003,9292000.0,1.5007904
1997-05-01,09292000,49551.49,3.74,421.71,-0.05,-13.57,214.6,-6.8100000000000005,9292000.0,1.3875232
1997-05-02,09292000,49692.34,0.0,712.12,3.72,-15.31,162.76,-5.795,9292000.0,1.3592064
1997-05-03,09292000,49831.73,0.0,658.8,9.38,-7.48,289.29,0.9500000000000002,9292000.0,1.2176224
1997-05-04,09292000,49969.58,0.0,698.29,12.77,-5.64,292.9,3.565,9292000.0,1.2459392
1997-05-05,09292000,50105.86,0.0,767.56,13.75,-8.4,219.95,2.675,9292000.0,1.6423744
1997-05-06,09292000,50240.5,0.0,683.58,14.09,-3.54,339.99,5.275,9292000.0,2.2370272
1997-05-07,09292000,50373.45,0.0,693.32,12.11,-5.7,290.48,3.205,9292000.0,2.83168
1997-05-08,09292000,50504.67,0.0,740.68,11.86,-8.11,232.29,1.875,9292000.0,3.1431648
1997-05-09,09292000,50634.08,0.0,757.31,14.01,-7.14,238.42,3.435,9292000.0,3.5396
1997-05-10,09292000,50761.65,0.0,726.06,14.91,-4.55,294.17,5.18,9292000.0,4.3041536
1997-05-11,09292000,50887.3,0.0,686.69,13.83,-3.63,331.16,5.1,9292000.0,5.238608
1997-05-12,09292000,51010.98,0.0,640.51,12.96,-2.53,378.56,5.215000000000001,9292000.0,6.1730624
1997-05-13,09292000,51132.65,0.0,606.8,12.28,-1.71,417.51,5.285,9292000.0,6.937616
1997-05-14,09292000,51252.23,0.0,626.33,13.8,-0.73,431.51,6.535,9292000.0,7.1924672
1997-05-15,09292000,51369.66,0.0,722.23,16.5,-1.54,357.22,7.48,9292000.0,9.4294944
1997-05-16,09292000,51484.91,0.0,743.13,16.94,-1.89,331.69,7.525,9292000.0,11.1568192
1997-05-17,09292000,51597.89,5.46,518.6,15.6,-1.18,452.09,7.21,9292000.0,13.3655296
1997-05-18,09292000,51708.56,0.0,658.31,12.62,-2.45,375.33,5.084999999999999,9292000.0,17.839584
1997-05-19,09292000,51816.85,0.0,699.75,13.68,-2.89,340.17,5.395,9292000.0,17.4997824
1997-05-20,09292000,51922.71,7.81,427.79,9.31,-3.2,453.34,3.055,9292000.0,16.8201792
1997-05-21,09292000,52026.08,12.09,431.98,10.57,-2.18,491.37,4.195,9292000.0,14.1867168
1997-05-22,09292000,52126.9,0.0,657.67,12.26,-2.8,392.09,4.73,9292000.0,14.6681024
1997-05-23,09292000,52225.11,7.26,422.16,10.1,-2.29,506.8,3.905,9292000.0,15.4043392
1997-05-24,09292000,52320.66,15.42,354.45,4.12,-5.71,399.12,-0.7949999999999999,9292000.0,15.1211712
1997-05-25,09292000,52413.49,3.73,450.82,4.66,-8.26,327.71,-1.7999999999999998,9292000.0,12.600976
1997-05-26,09292000,52503.54,0.0,667.21,6.07,-8.7,287.97,-1.3149999999999995,9292000.0,10.6188
1997-05-27,09292000,52590.76,0.0,644.77,9.3,-4.63,383.4,2.3350000000000004,9292000.0,9.6560288
1997-05-28,09292000,52675.09,2.77,505.95,11.9,-3.37,452.56,4.265000000000001,9292000.0,9.0330592
1997-05-29,09292000,52756.48,0.0,487.61,9.97,0.08,579.63,5.025,9292000.0,9.9675136
1997-05-30,09292000,52834.87,0.0,718.13,15.75,-0.92,413.69,7.415,9292000.0,13.7902816
1997-05-31,09292000,52910.23,0.0,758.98,18.49,-0.25,405.47,9.12,9292000.0,20.4164128
1997-06-01,09292000,52982.49,0.0,632.15,16.38,2.6,552.54,9.49,9292000.0,26.1080896
1997-06-02,09292000,53051.6,8.12,439.48,11.03,-1.32,524.24,4.855,9292000.0,26.9292768
1997-06-03,09292000,53117.53,0.0,728.95,14.89,-1.95,381.93,6.470000000000001,9292000.0,24.8904672
1997-06-04,09292000,53180.22,0.0,709.29,16.85,0.85,464.97,8.850000000000001,9292000.0,26.6461088
1997-06-05,09292000,53239.63,0.0,689.45,15.11,0.0,453.48,7.555,9292000.0,26.7027424
1997-06-06,09292000,53295.72,0.0,750.02,16.78,-0.7,400.4,8.040000000000001,9292000.0,24.4373984
1997-06-07,09292000,53348.45,7.41,452.54,12.85,0.4,584.85,6.625,9292000.0,22.8516576
1997-06-08,09292000,53397.78,13.21,280.72,8.5,1.58,684.76,5.04,9292000.0,25.9665056
1997-06-09,09292000,53443.68,11.39,335.78,9.65,1.42,676.76,5.535,9292000.0,24.9754176
1997-06-10,09292000,53486.11,3.75,441.72,10.45,-0.81,575.71,4.819999999999999,9292000.0,25.5700704
1997-06-11,09292000,53525.04,0.0,667.66,12.2,-0.98,484.34,5.609999999999999,9292000.0,21.6057184
1997-06-12,09292000,53560.44,3.42,418.86,9.21,-1.13,562.2,4.040000000000001,9292000.0,18.2926528
1997-06-13,09292000,53592.28,4.04,283.56,6.3,-0.18,602.88,3.06,9292000.0,15.4892896
1997-06-14,09292000,53620.55,3.6,433.88,8.37,-2.04,525.86,3.165,9292000.0,14.6114688
1997-06-15,09292000,53645.21,5.33,514.6,10.53,-2.64,495.99,3.945,9292000.0,12.7991936
1997-06-16,09292000,53666.26,0.0,613.86,11.73,0.76,591.15,6.245,9292000.0,12.176224
1997-06-17,09292000,53683.67,0.0,729.47,15.94,1.5,556.17,8.719999999999999,9292000.0,12.74256
1997-06-18,09292000,53697.43,6.47,523.01,14.97,1.46,648.7,8.215,9292000.0,16.706912
1997-06-19,09292000,53707.54,0.0,727.31,17.06,2.64,607.56,9.85,9292000.0,19.82176
1997-06-20,09292000,53713.97,0.0,686.14,15.62,2.59,629.94,9.105,9292000.0,19.82176
1997-06-21,09292000,53716.74,0.0,744.08,17.4,2.34,586.12,9.87,9292000.0,17.839584
1997-06-22,09292000,53715.83,0.0,633.93,17.34,5.64,797.13,11.49,9292000.0,15.291072
1997-06-23,09292000,53711.24,0.0,731.16,16.45,1.82,564.08,9.135,9292000.0,14.1584
1997-06-24,09292000,53702.99,0.0,746.19,13.76,-1.31,457.31,6.225,9292000.0,11.609888
1997-06-25,09292000,53691.07,0.0,805.92,15.77,-2.31,400.51,6.73,9292000.0,9.627712
1997-06-26,09292000,53675.5,0.0,790.29,18.15,0.56,487.45,9.355,9292000.0,8.778208
1997-06-27,09292000,53656.28,0.0,730.27,17.22,2.26,579.24,9.739999999999998,9292000.0,8.211872
1997-06-28,09292000,53633.44,0.0,729.7,16.67,1.55,554.01,9.11,9292000.0,7.928704
1997-06-29,09292000,53606.99,0.0,763.04,16.78,0.28,493.69,8.530000000000001,9292000.0,7.0792
1997-06-30,09292000,53576.95,0.0,746.12,16.37,0.65,510.72,8.51,9292000.0,6.512864
1997-07-01,09292000,53543.34,0.0,758.95,13.27,-2.87,404.03,5.199999999999999,9292000.0,5.946528
1997-07-02,09292000,53506.18,0.0,776.2,14.97,-2.27,404.36,6.3500000000000005,9292000.0,5.6067264
1997-07-03,09292000,53465.52,0.0,798.23,14.83,-3.63,355.11,5.6,9292000.0,5.097024
1997-07-04,09292000,53421.36,0.0,801.18,17.89,-1.2,410.13,8.345,9292000.0,4.95544
1997-07-05,09292000,53373.76,0.0,791.55,18.42,-0.36,432.53,9.03,9292000.0,4.672272
1997-07-06,09292000,53322.74,0.0,787.39,20.34,1.48,481.05,10.91,9292000.0,4.530688
1997-07-07,09292000,53268.34,0.0,760.29,19.5,1.86,510.0,10.68,9292000.0,4.530688
1997-07-08,09292000,53210.6,0.0,783.99,20.64,1.11,459.93,10.875,9292000.0,4.6156384
1997-07-09,09292000,53149.56,0.0,724.72,19.62,2.73,526.03,11.175,9292000.0,4.3607872
1997-07-10,09292000,53085.26,0.0,616.74,17.61,4.44,653.36,11.025,9292000.0,4.1625696
1997-07-11,09292000,53017.74,0.0,594.24,14.63,2.22,586.0,8.425,9292000.0,4.0776192
1997-07-12,09292000,52947.06,0.0,554.51,10.36,-0.9,504.57,4.73,9292000.0,4.1342528
1997-07-13,09292000,52873.26,0.0,773.25,16.05,-3.78,315.99,6.135000000000001,9292000.0,3.822768
1997-07-14,09292000,52796.4,0.0,778.07,20.53,-0.43,382.19,10.05,9292000.0,3.5396
1997-07-15,09292000,52716.51,0.0,730.76,22.46,3.67,526.97,13.065,9292000.0,3.4263328
1997-07-16,09292000,52633.66,0.0,704.19,23.29,5.33,603.85,14.31,9292000.0,3.3130656
1997-07-17,09292000,52547.89,0.0,601.49,19.91,5.84,712.62,12.875,9292000.0,3.2847488
1997-07-18,09292000,52459.26,4.85,450.11,17.32,3.12,696.33,10.22,9292000.0,3.3696992
1997-07-19,09292000,52367.82,0.0,603.32,16.46,2.4,586.53,9.43,9292000.0,3.6528672
1997-07-20,09292000,52273.64,0.0,681.05,18.59,1.45,494.21,10.02,9292000.0,3.3130656
1997-07-21,09292000,52176.77,0.0,659.2,18.51,2.16,521.62,10.335,9292000.0,3.1714816
1997-07-22,09292000,52077.25,0.0,612.22,18.88,4.03,621.01,11.455,9292000.0,3.0865312
1997-07-23,09292000,51975.16,6.34,315.38,13.25,3.88,806.26,8.565,9292000.0,3.0865312
1997-07-24,09292000,51870.55,0.0,604.0,17.75,3.24,577.23,10.495,9292000.0,3.2281152
1997-07-25,09292000,51763.48,0.0,608.51,18.04,3.38,579.3,10.71,9292000.0,2.8883136
1997-07-26,09292000,51654.0,0.0,668.08,19.29,2.25,498.35,10.77,9292000.0,2.7184128
1997-07-27,09292000,51542.18,0.0,615.3,17.79,2.79,546.3,10.29,9292000.0,2.5201952
1997-07-28,09292000,51428.07,10.98,275.8,10.79,2.78,746.05,6.784999999999999,9292000.0,2.7467296
1997-07-29,09292000,51311.73,0.0,558.78,16.16,3.16,607.91,9.66,9292000.0,3.2847488
1997-07-30,09292000,51193.22,0.0,433.05,12.87,3.41,706.14,8.14,9292000.0,2.7467296
1997-07-31,09292000,51072.6,2.6,456.23,16.17,1.38,579.74,8.775,9292000.0,2.6051456
1997-08-01,09292000,50949.93,0.0,624.24,17.73,2.54,523.91,10.135,9292000.0,2.548512
1997-08-02,09292000,50825.26,0.0,650.51,20.66,4.19,556.92,12.425,9292000.0,2.3219776
1997-08-03,09292000,50698.66,12.03,451.98,20.06,5.1,744.52,12.579999999999998,9292000.0,2.1520768
1997-08-04,09292000,50570.17,35.48,113.13,9.96,7.15,1011.47,8.555,9292000.0,3.8794016
1997-08-05,09292000,50439.86,0.0,546.4,16.84,4.47,759.53,10.655,9292000.0,5.8615776
1997-08-06,09292000,50307.77,9.46,413.26,13.8,1.36,673.77,7.58,9292000.0,3.8510848
1997-08-07,09292000,50173.97,0.0,671.3,17.56,0.53,535.17,9.045,9292000.0,3.398016
1997-08-08,09292000,50038.52,0.0,647.22,20.21,3.88,678.51,12.045,9292000.0,3.0298976
1997-08-09,09292000,49901.45,7.13,391.09,15.95,4.14,821.12,10.045,9292000.0,2.7750464
1997-08-10,09292000,49762.83,8.66,369.48,14.37,3.46,782.42,8.915,9292000.0,3.0865312
1997-08-11,09292000,49622.71,12.9,317.5,11.23,2.24,717.52,6.735,9292000.0,3.2847488
1997-08-12,09292000,49481.14,17.2,388.92,12.65,1.22,666.98,6.9350000000000005,9292000.0,4.7855392
1997-08-13,09292000,49338.17,2.01,420.69,14.93,2.17,714.29,8.55,9292000.0,5.2102912
1997-08-14,09292000,49193.85,0.0,547.39,14.99,2.87,750.65,8.93,9292000.0,3.9360352
1997-08-15,09292000,49048.23,0.0,574.78,18.72,5.44,881.04,12.08,9292000.0,3.4263328
1997-08-16,09292000,48901.36,0.0,580.39,17.64,4.14,801.79,10.89,9292000.0,3.0298976
1997-08-17,09292000,48753.29,8.16,449.16,16.81,2.36,723.9,9.585,9292000.0,2.8883136
1997-08-18,09292000,48604.05,0.0,599.72,17.09,2.65,726.55,9.87,9292000.0,3.0015808
1997-08-19,09292000,48453.7,0.0,611.47,18.54,3.4,747.56,10.97,9292000.0,2.6617792
1997-08-20,09292000,48302.28,0.0,636.45,19.57,2.87,693.32,11.22,9292000.0,2.4918784
1997-08-21,09292000,48149.84,7.95,431.56,17.69,3.65,793.39,10.67,9292000.0,3.0582144
1997-08-22,09292000,47996.41,0.0,586.41,17.91,3.32,746.84,10.615,9292000.0,2.7750464
1997-08-23,09292000,47842.04,5.02,432.95,18.95,4.26,827.68,11.605,9292000.0,2.6617792
1997-08-24,09292000,47686.78,6.19,397.28,17.96,5.14,880.72,11.55,9292000.0,3.114848
1997-08-25,09292000,47530.65,0.0,576.9,19.68,4.96,826.61,12.32,9292000.0,3.2281152
1997-08-26,09292000,47373.71,0.0,515.98,17.94,5.63,907.49,11.785,9292000.0,3.1714816
1997-08-27,09292000,47215.98,0.0,580.95,19.69,4.3,786.09,11.995,9292000.0,3.1997984
1997-08-28,09292000,47057.51,2.78,413.36,18.34,3.95,810.15,11.145,9292000.0,3.0015808
1997-08-29,09292000,46898.33,0.0,555.45,18.37,3.69,776.16,11.03,9292000.0,3.0298976
1997-08-30,09292000,46738.48,0.0,587.22,18.78,2.28,689.45,10.53,9292000.0,2.7467296
1997-08-31,09292000,46577.99,4.96,375.88,14.82,2.23,716.98,8.525,9292000.0,2.8033632
1997-09-01,09292000,46416.91,6.36,399.7,16.26,2.21,716.0,9.235,9292000.0,3.0865312
1997-09-02,09292000,46255.26,8.1,250.12,11.6,4.09,818.39,7.845,9292000.0,4.0776192
1997-09-03,09292000,46093.07,10.88,249.77,10.42,2.83,748.61,6.625,9292000.0,4.672272
1997-09-04,09292000,45930.38,0.0,423.96,13.01,2.88,751.35,7.945,9292000.0,4.6439552
1997-09-05,09292000,45767.23,0.0,522.32,16.23,2.26,718.46,9.245,9292000.0,4.0776192
1997-09-06,09292000,45603.64,6.11,351.74,15.77,3.81,802.1,9.79,9292000.0,3.9360352
1997-09-07,09292000,45439.64,0.0,491.38,14.85,2.23,716.92,8.54,9292000.0,3.7378176
1997-09-08,09292000,45275.26,9.02,411.48,18.25,2.04,707.69,10.145,9292000.0,3.6528672
1997-09-09,09292000,45110.54,4.47,387.58,17.58,2.87,750.32,10.225,9292000.0,4.0209856
1997-09-10,09292000,44945.5,5.38,352.12,15.41,2.71,742.27,9.06,9292000.0,4.7572224
1997-09-11,09292000,44780.17,8.53,361.71,13.4,0.15,617.19,6.775,9292000.0,4.530688
1997-09-12,09292000,44614.58,0.0,518.86,14.51,-0.64,582.69,6.935,9292000.0,5.6350432
1997-09-13,09292000,44448.77,0.0,455.42,14.23,1.77,693.84,8.0,9292000.0,4.2192032
1997-09-14,09292000,44282.75,0.0,360.59,12.66,3.46,782.85,8.06,9292000.0,4.1908864
1997-09-15,09292000,44116.55,11.28,281.17,8.87,-0.67,581.56,4.1,9292000.0,4.5023712
1997-09-16,09292000,43950.2,0.0,473.64,11.47,-1.73,537.84,4.87,9292000.0,5.0403904
1997-09-17,09292000,43783.74,0.0,454.05,13.74,1.12,662.34,7.43,9292000.0,3.9077184
1997-09-18,09292000,43617.18,15.83,126.3,5.81,1.92,701.49,3.865,9292000.0,4.3324704
1997-09-19,09292000,43450.55,18.7,248.23,9.06,0.95,654.04,5.005,9292000.0,7.9003872
1997-09-20,09292000,43283.89,14.49,217.61,7.49,0.6,637.72,4.045,9292000.0,7.9853376
1997-09-21,09292000,43117.21,5.11,239.27,7.42,-1.18,560.34,3.12,9292000.0,8.5233568
1997-09-22,09292000,42950.54,0.0,345.95,7.83,-1.57,544.43,3.13,9292000.0,7.305734399999999
1997-09-23,09292000,42783.91,2.87,226.14,6.06,-1.85,533.1,2.1049999999999995,9292000.0,6.3995968
1997-09-24,09292000,42617.35,0.0,450.34,12.16,-2.48,509.08,4.84,9292000.0,5.2102912
1997-09-25,09292000,42450.89,0.0,458.43,13.3,-2.38,512.73,5.460000000000001,9292000.0,4.2192032
1997-09-26,09292000,42284.54,19.9,286.61,11.1,-0.2,601.85,5.45,9292000.0,7.5605856
1997-09-27,09292000,42118.34,0.0,438.0,12.59,-1.84,533.81,5.375,9292000.0,7.0508832
1997-09-28,09292000,41952.32,0.0,463.51,14.4,-2.68,501.29,5.86,9292000.0,5.7199936
1997-09-29,09292000,41786.5,0.0,483.91,15.94,-4.82,427.07,5.56,9292000.0,5.097024
1997-09-30,09292000,41620.92,0.0,452.73,16.6,-0.74,578.45,7.930000000000001,9292000.0,4.5023712
1997-10-01,09292000,41455.59,0.0,424.48,15.12,0.12,616.04,7.619999999999999,9292000.0,4.1342528
1997-10-02,09292000,41290.54,5.5,265.28,10.56,-0.55,586.88,5.005,9292000.0,4.105936
1997-10-03,09292000,41125.82,0.0,405.5,10.95,-3.17,483.38,3.89,9292000.0,4.5023712
1997-10-04,09292000,40961.44,0.0,417.77,14.92,-0.82,575.31,7.05,9292000.0,3.8510848
1997-10-05,09292000,40797.44,0.0,412.38,15.67,-0.01,610.25,7.83,9292000.0,3.5396
1997-10-06,09292000,40633.84,0.0,369.84,12.64,-0.22,601.09,6.21,9292000.0,3.398016
1997-10-07,09292000,40470.68,19.73,244.06,4.99,-5.54,404.34,-0.2749999999999999,9292000.0,3.5962336
1997-10-08,09292000,40307.99,0.0,399.56,4.2,-10.25,280.19,-3.025,9292000.0,3.6245504
1997-10-09,09292000,40145.81,0.0,385.8,5.86,-7.91,336.82,-1.025,9292000.0,3.398016
1997-10-10,09292000,39984.15,0.0,325.51,6.34,-4.36,442.31,0.9899999999999998,9292000.0,3.3696992
1997-10-11,09292000,39823.06,9.1,301.26,2.27,-10.22,280.99,-3.975000000000001,9292000.0,3.2847488
1997-10-12,09292000,39662.57,4.59,233.86,-3.17,-11.8,247.72,-7.485,9292000.0,3.114848
1997-10-13,09292000,39502.72,0.0,455.22,5.81,-10.28,279.68,-2.235,9292000.0,3.0865312
1997-10-14,09292000,39343.54,0.0,469.98,12.4,-6.8,367.03,2.8000000000000003,9292000.0,3.1431648
1997-10-15,09292000,39185.06,0.0,454.06,13.28,-4.91,424.07,4.185,9292000.0,3.114848
1997-10-16,09292000,39027.33,0.0,451.87,15.58,-3.33,477.62,6.125,9292000.0,3.0865312
1997-10-17,09292000,38870.38,0.0,434.8,14.5,-3.06,487.35,5.72,9292000.0,3.0298976
1997-10-18,09292000,38714.24,0.0,416.15,12.9,-3.75,463.09,4.575,9292000.0,2.973264
1997-10-19,09292000,38558.97,0.0,393.14,10.85,-4.39,441.05,3.23,9292000.0,2.973264
1997-10-20,09292000,38404.6,0.0,324.19,7.47,-4.07,451.98,1.6999999999999995,9292000.0,2.9449472
1997-10-21,09292000,38251.17,0.0,381.02,9.81,-5.34,410.47,2.2350000000000003,9292000.0,2.9166304
1997-10-22,09292000,38098.72,0.0,352.58,9.22,-4.5,437.52,2.3600000000000003,9292000.0,2.8883136
1997-10-23,09292000,37947.29,2.72,232.58,0.5,-10.96,264.97,-5.23,9292000.0,2.83168
1997-10-24,09292000,37796.93,7.0,120.8,-8.23,-13.53,215.17,-10.88,9292000.0,2.6617792
1997-10-25,09292000,37647.69,0.0,350.41,-0.29,-13.62,213.67,-6.954999999999999,9292000.0,2.548512
1997-10-26,09292000,37499.61,0.0,400.37,7.28,-10.61,272.45,-1.6649999999999996,9292000.0,2.690096
1997-10-27,09292000,37352.73,0.0,382.7,9.64,-7.16,357.08,1.2400000000000002,9292000.0,2.6617792
1997-10-28,09292000,37207.1,0.0,364.71,6.86,-8.53,320.93,-0.8349999999999995,9292000.0,2.6617792
1997-10-29,09292000,37062.77,0.0,312.45,5.65,-6.41,378.24,-0.3799999999999999,9292000.0,2.6334624
1997-10-30,09292000,36919.79,0.0,311.88,6.97,-5.17,415.8,0.8999999999999999,9292000.0,2.5768288
1997-10-31,09292000,36778.21,7.91,194.05,0.27,-9.1,306.83,-4.415,9292000.0,2.6051456
1997-11-01,09292000,36638.08,0.0,342.84,3.14,-10.81,268.1,-3.835,9292000.0,2.4635616
1997-11-02,09292000,36499.45,0.0,369.5,5.24,-11.14,261.11,-2.95,9292000.0,2.4352448
1997-11-03,09292000,36362.38,0.0,327.35,8.36,-5.2,414.76,1.5799999999999996,9292000.0,2.4352448
1997-11-04,09292000,36226.91,0.0,309.78,7.38,-5.2,415.04,1.09,9292000.0,2.406928
1997-11-05,09292000,36093.1,0.0,359.88,11.08,-5.72,398.65,2.68,9292000.0,2.3786112
1997-11-06,09292000,35961.0,0.0,362.05,12.01,-5.63,401.68,3.19,9292000.0,2.3786112
1997-11-07,09292000,35830.68,0.0,310.03,7.35,-5.99,390.68,0.6799999999999997,9292000.0,2.3786112
1997-11-08,09292000,35702.18,8.54,158.92,0.07,-8.03,333.62,-3.98,9292000.0,2.3502944
1997-11-09,09292000,35575.56,4.93,265.17,1.05,-15.91,176.87,-7.43,9292000.0,2.3502944
1997-11-10,09292000,35450.88,5.89,268.14,0.01,-17.65,152.79,-8.819999999999999,9292000.0,2.1520768
1997-11-11,09292000,35328.19,8.02,227.68,-2.64,-15.93,176.54,-9.285,9292000.0,2.3502944
1997-11-12,09292000,35207.56,0.0,350.02,1.01,-16.17,173.08,-7.580000000000001,9292000.0,2.265344
1997-11-13,09292000,35089.04,0.0,356.03,0.15,-18.04,147.8,-8.945,9292000.0,2.1803936
1997-11-14,09292000,34972.69,2.82,243.19,-11.08,-26.19,71.95,-18.635,9292000.0,2.0671264
1997-11-15,09292000,34858.56,0.0,384.0,-2.56,-26.49,69.97,-14.525,9292000.0,1.699008
1997-11-16,09292000,34746.73,0.0,349.15,-1.68,-19.91,125.84,-10.795,9292000.0,1.3592064
1997-11-17,09292000,34637.23,3.53,238.46,-0.64,-16.15,173.26,-8.395,9292000.0,1.274256
1997-11-18,09292000,34530.14,0.0,339.65,1.06,-16.89,162.89,-7.915,9292000.0,1.274256
1997-11-19,09292000,34425.52,3.01,185.26,-0.27,-11.26,258.56,-5.765,9292000.0,1.3025728
1997-11-20,09292000,34323.41,4.13,173.85,-4.06,-14.1,205.35,-9.08,9292000.0,1.274256
1997-11-21,09292000,34223.88,4.13,227.56,-4.85,-19.56,129.74,-12.204999999999998,9292000.0,1.2459392
1997-11-22,09292000,34126.99,2.95,269.96,2.67,-20.56,118.95,-8.945,9292000.0,1.1893056
1997-11-23,09292000,34032.78,0.0,315.51,5.06,-11.93,245.14,-3.435,9292000.0,1.132672
1997-11-24,09292000,33941.33,0.0,322.94,5.95,-12.44,235.1,-3.245,9292000.0,1.1043552
1997-11-25,09292000,33852.69,0.0,296.18,2.48,-13.14,222.21,-5.33,9292000.0,1.0760384
1997-11-26,09292000,33766.9,8.39,146.69,-2.76,-11.67,250.26,-7.215,9292000.0,1.0194048
1997-11-27,09292000,33684.02,25.92,171.99,-2.06,-12.55,233.16,-7.305000000000001,9292000.0,1.0477216
1997-11-28,09292000,33604.12,0.0,333.16,5.28,-14.1,205.41,-4.41,9292000.0,1.0760384
1997-11-29,09292000,33527.23,0.0,325.26,6.54,-12.31,237.74,-2.885,9292000.0,1.1043552
1997-11-30,09292000,33453.41,0.0,313.31,1.68,-16.02,175.27,-7.17,9292000.0,1.132672
1997-12-01,09292000,33382.71,0.0,288.53,-1.75,-17.2,158.72,-9.475,9292000.0,1.1609888
1997-12-02,09292000,33315.18,0.0,274.9,-5.01,-19.31,132.55,-12.16,9292000.0,1.1893056
1997-12-03,09292000,33250.86,0.0,309.63,-0.47,-18.43,142.91,-9.45,9292000.0,1.2176224
1997-12-04,09292000,33189.79,0.0,315.04,5.21,-14.04,206.41,-4.414999999999999,9292000.0,1.2459392
1997-12-05,09292000,33132.03,0.0,291.7,3.48,-13.18,221.38,-4.85,9292000.0,1.2459392
1997-12-06,09292000,33077.61,0.0,272.66,1.7,-13.21,220.89,-5.755000000000001,9292000.0,1.3592064
1997-12-07,09292000,33026.56,2.94,112.73,-2.09,-9.31,301.87,-5.7,9292000.0,1.4724736
1997-12-08,09292000,32978.94,7.6,142.84,-4.68,-14.0,207.03,-9.34,9292000.0,1.557424
1997-12-09,09292000,32934.76,0.0,142.25,-10.34,-16.93,162.3,-13.635,9292000.0,1.7839584
1997-12-10,09292000,32894.07,0.0,299.62,-6.78,-23.72,90.02,-15.25,9292000.0,1.7839584
1997-12-11,09292000,32856.9,0.0,311.17,-6.16,-24.74,82.09,-15.45,9292000.0,1.557424
1997-12-12,09292000,32823.26,0.0,301.41,1.9,-15.88,177.29,-6.99,9292000.0,1.5007904
1997-12-13,09292000,32793.2,0.0,315.96,7.43,-13.06,223.69,-2.8150000000000004,9292000.0,1.5007904
1997-12-14,09292000,32766.72,0.0,290.28,5.46,-11.68,249.94,-3.11,9292000.0,1.557424
1997-12-15,09292000,32743.86,0.0,302.66,-1.57,-19.72,127.97,-10.645,9292000.0,1.6423744
1997-12-16,09292000,32724.62,0.0,327.05,3.0,-19.56,129.74,-8.28,9292000.0,1.6706912
1997-12-17,09292000,32709.02,0.0,257.86,3.4,-10.7,270.4,-3.65,9292000.0,1.7556416
1997-12-18,09292000,32697.08,0.0,281.39,-1.08,-17.06,160.58,-9.07,9292000.0,1.7556416
1997-12-19,09292000,32688.8,0.0,287.35,-3.96,-20.65,118.07,-12.305,9292000.0,1.7556416
1997-12-20,09292000,32684.19,0.0,318.66,2.37,-19.2,133.87,-8.415,9292000.0,1.6706912
1997-12-21,09292000,32683.26,3.4,179.59,-2.76,-15.7,179.92,-9.23,9292000.0,1.699008
1997-12-22,09292000,32686.0,0.0,300.54,-1.22,-19.57,129.65,-10.395,9292000.0,1.699008
1997-12-23,09292000,32692.41,0.0,311.3,-0.04,-19.98,125.07,-10.01,9292000.0,1.557424
1997-12-24,09292000,32702.49,0.0,230.0,-10.28,-22.13,103.62,-16.205,9292000.0,1.5291072
1997-12-25,09292000,32716.23,0.0,305.73,-5.73,-24.5,83.88,-15.115,9292000.0,1.5007904
1997-12-26,09292000,32733.61,0.0,315.61,-0.82,-21.5,109.55,-11.16,9292000.0,1.5007904
1997-12-27,09292000,32754.64,4.29,185.27,-5.47,-18.96,136.55,-12.215,9292000.0,1.5291072
1997-12-28,09292000,32779.28,2.63,211.43,-2.61,-18.97,136.42,-10.79,9292000.0,1.557424
1997-12-29,09292000,32807.52,0.0,182.35,2.29,-6.84,365.97,-2.275,9292000.0,1.5857408
1997-12-30,09292000,32839.34,0.0,256.24,4.16,-9.56,296.05,-2.7,9292000.0,1.5857408
1997-12-31,09292000,32874.72,0.0,298.56,5.77,-11.79,247.85,-3.01,9292000.0,1.5857408
1998-01-01,09292000,32913.8,0.0,284.06,5.73,-9.47,298.09,-1.87,9292000.0,1.557424
1998-01-02,09292000,32956.22,10.16,107.57,-2.97,-9.31,301.8,-6.140000000000001,9292000.0,1.557424
1998-01-03,09292000,33002.11,4.43,213.17,-0.27,-14.95,191.43,-7.609999999999999,9292000.0,1.557424
1998-01-04,09292000,33051.44,9.7,120.96,-4.38,-11.42,255.36,-7.9,9292000.0,1.557424
1998-01-05,09292000,33104.16,5.24,189.39,-7.89,-19.66,128.65,-13.775,9292000.0,1.557424
1998-01-06,09292000,33160.24,0.0,342.95,-1.74,-22.51,100.2,-12.125,9292000.0,1.4724736
1998-01-07,09292000,33219.65,2.53,247.83,-1.36,-20.18,122.98,-10.77,9292000.0,1.3308896
1998-01-08,09292000,33282.33,0.0,281.03,-1.54,-15.01,190.63,-8.275,9292000.0,1.3592064
1998-01-09,09292000,33348.25,0.0,292.09,-0.95,-15.16,188.18,-8.055,9292000.0,1.3592064
1998-01-10,09292000,33417.36,3.12,163.88,-2.75,-12.27,238.42,-7.51,9292000.0,1.3875232
1998-01-11,09292000,33489.61,10.31,164.84,-1.38,-10.84,267.38,-6.109999999999999,9292000.0,1.41584
1998-01-12,09292000,33564.96,5.1,200.63,-0.48,-12.49,234.13,-6.485,9292000.0,1.4441568
1998-01-13,09292000,33643.35,7.48,191.03,-4.13,-15.15,188.38,-9.64,9292000.0,1.4724736
1998-01-14,09292000,33724.73,2.31,267.24,-0.21,-19.88,126.22,-10.045,9292000.0,1.3875232
1998-01-15,09292000,33809.06,7.73,190.33,-1.17,-11.92,245.2,-6.545,9292000.0,1.3592064
1998-01-16,09292000,33896.27,3.47,223.38,-2.0,-15.2,187.54,-8.6,9292000.0,1.4441568
1998-01-17,09292000,33986.31,11.6,144.94,-2.21,-9.79,290.62,-6.0,9292000.0,1.41584
1998-01-18,09292000,34079.13,3.54,259.8,4.12,-12.52,233.73,-4.199999999999999,9292000.0,1.4441568
1998-01-19,09292000,34174.68,12.39,223.31,-4.81,-17.17,159.01,-10.99,9292000.0,1.41584
1998-01-20,09292000,34272.88,4.07,277.81,-4.42,-22.26,102.46,-13.34,9292000.0,1.4724736
1998-01-21,09292000,34373.7,0.0,385.25,-6.44,-25.3,77.99,-15.87,9292000.0,1.5291072
1998-01-22,09292000,34477.06,4.54,275.32,-3.54,-20.36,121.0,-11.95,9292000.0,1.557424
1998-01-23,09292000,34582.92,0.0,395.27,2.52,-16.94,162.23,-7.210000000000001,9292000.0,1.5007904
1998-01-24,09292000,34691.2,0.0,343.63,2.61,-11.8,247.71,-4.595000000000001,9292000.0,1.4441568
1998-01-25,09292000,34801.87,4.71,182.72,-3.02,-11.98,244.16,-7.5,9292000.0,1.3592064
1998-01-26,09292000,34914.85,0.0,396.97,5.04,-13.53,215.17,-4.244999999999999,9292000.0,1.3025728
1998-01-27,09292000,35030.08,0.0,395.85,2.92,-15.09,189.37,-6.085,9292000.0,1.3025728
1998-01-28,09292000,35147.52,0.0,412.36,4.15,-15.52,182.68,-5.685,9292000.0,1.274256
1998-01-29,09292000,35267.09,0.0,425.84,4.25,-16.68,165.82,-6.215,9292000.0,1.2459392
1998-01-30,09292000,35388.75,0.0,283.36,-2.91,-13.03,224.1,-7.97,9292000.0,1.1893056
1998-01-31,09292000,35512.43,0.0,438.0,1.26,-20.63,118.2,-9.685,9292000.0,1.1893056
1998-02-01,09292000,35638.08,0.0,452.55,3.88,-21.4,110.52,-8.76,9292000.0,1.1609888
1998-02-02,09292000,35765.64,4.59,192.76,-1.17,-10.34,278.33,-5.755,9292000.0,1.132672
1998-02-03,09292000,35895.05,2.33,165.74,-2.63,-10.28,279.63,-6.455,9292000.0,1.1043552
1998-02-04,09292000,36026.26,0.0,306.19,-1.35,-12.31,237.7,-6.83,9292000.0,1.0760384
1998-02-05,09292000,36159.21,0.0,444.66,4.55,-15.88,177.3,-5.665000000000001,9292000.0,1.0477216
1998-02-06,09292000,36293.85,6.32,343.45,5.58,-16.68,165.76,-5.55,9292000.0,1.0477216
1998-02-07,09292000,36430.12,4.52,303.54,1.64,-14.42,200.1,-6.39,9292000.0,1.0477216
1998-02-08,09292000,36567.97,7.55,237.0,-3.42,-14.25,202.92,-8.835,9292000.0,0.9061376
1998-02-09,09292000,36707.35,0.0,449.15,-2.18,-20.85,115.99,-11.515,9292000.0,0.7928704
1998-02-10,09292000,36848.2,0.0,484.71,0.61,-22.54,99.94,-10.965,9292000.0,0.7362368
1998-02-11,09292000,36990.48,3.44,315.1,-4.26,-20.66,117.88,-12.46,9292000.0,0.70792
1998-02-12,09292000,37134.14,0.0,496.37,2.29,-21.74,107.25,-9.725,9292000.0,0.70792
1998-02-13,09292000,37279.12,0.0,429.41,1.28,-15.51,182.8,-7.115,9292000.0,0.7362368
1998-02-14,09292000,37425.37,5.0,255.83,-6.24,-18.07,147.35,-12.155,9292000.0,0.7928704
1998-02-15,09292000,37572.85,5.51,183.07,-2.74,-10.64,271.68,-6.69,9292000.0,0.9061376
1998-02-16,09292000,37721.52,2.58,261.57,-0.49,-12.38,236.23,-6.4350000000000005,9292000.0,0.991088
1998-02-17,09292000,37871.32,0.0,365.77,-1.81,-14.08,205.68,-7.945,9292000.0,0.9627712
1998-02-18,09292000,38022.21,0.0,486.5,-1.07,-20.35,121.13,-10.71,9292000.0,0.9344544
1998-02-19,09292000,38174.15,0.0,539.73,3.15,-22.35,101.63,-9.6,9292000.0,0.9344544
1998-02-20,09292000,38327.09,0.0,480.15,0.04,-18.26,144.96,-9.11,9292000.0,0.8778208
1998-02-21,09292000,38481.0,0.0,526.91,4.4,-18.26,145.06,-6.930000000000001,9292000.0,0.8778208
1998-02-22,09292000,38635.82,9.64,280.67,-3.3,-15.47,183.35,-9.385,9292000.0,0.9061376
1998-02-23,09292000,38791.52,14.53,271.34,-3.24,-14.59,197.26,-8.915,9292000.0,0.9344544
1998-02-24,09292000,38948.06,21.94,218.95,-4.39,-13.01,224.49,-8.7,9292000.0,0.9627712
1998-02-25,09292000,39105.41,0.0,433.02,-6.2,-19.67,128.45,-12.935,9292000.0,0.9344544
1998-02-26,09292000,39263.51,8.07,349.99,-6.03,-20.83,116.18,-13.43,9292000.0,0.9061376
1998-02-27,09292000,39422.34,0.0,502.46,-7.11,-23.21,94.2,-15.16,9292000.0,0.9061376
1998-02-28,09292000,39581.86,2.43,425.1,-4.16,-24.79,81.75,-14.475,9292000.0,0.9061376
1998-03-01,09292000,39742.04,2.27,350.15,-1.38,-15.73,179.42,-8.555,9292000.0,0.9061376
1998-03-02,09292000,39902.83,0.0,569.38,0.45,-19.51,130.32,-9.53,9292000.0,0.9344544
1998-03-03,09292000,40064.2,5.78,352.78,-1.0,-14.83,193.39,-7.915,9292000.0,0.9344544
1998-03-04,09292000,40226.13,0.0,622.96,-2.21,-26.92,67.24,-14.565,9292000.0,0.9627712
1998-03-05,09292000,40388.57,6.25,467.23,-1.29,-26.94,67.12,-14.115,9292000.0,0.9627712
1998-03-06,09292000,40551.49,11.77,404.88,-3.12,-20.85,116.0,-11.985,9292000.0,0.9627712
1998-03-07,09292000,40714.87,0.0,623.42,-1.1,-25.03,79.94,-13.065,9292000.0,0.9344544
1998-03-08,09292000,40878.67,0.0,647.14,1.55,-25.52,76.48,-11.985,9292000.0,0.9061376
1998-03-09,09292000,41042.87,0.0,610.06,0.24,-21.89,105.88,-10.825,9292000.0,0.8778208
1998-03-10,09292000,41207.42,0.0,618.19,1.78,-21.0,114.46,-9.61,9292000.0,0.8778208
1998-03-11,09292000,41372.31,0.0,636.13,6.76,-17.93,149.2,-5.585,9292000.0,0.9061376
1998-03-12,09292000,41537.49,0.0,656.83,10.14,-17.14,159.49,-3.5,9292000.0,0.9061376
1998-03-13,09292000,41702.95,0.0,631.88,9.16,-14.79,194.01,-2.8149999999999995,9292000.0,0.9061376
1998-03-14,09292000,41868.66,0.0,634.21,9.29,-14.32,201.65,-2.515000000000001,9292000.0,0.849504
1998-03-15,09292000,42034.58,0.0,632.63,8.54,-14.72,195.17,-3.0900000000000007,9292000.0,0.8211872
1998-03-16,09292000,42200.7,0.0,602.43,7.21,-13.6,214.05,-3.195,9292000.0,0.7928704
1998-03-17,09292000,42366.97,0.0,564.82,3.23,-15.15,188.34,-5.96,9292000.0,0.7645535999999999
1998-03-18,09292000,42533.38,0.0,463.17,-4.45,-18.12,146.83,-11.285,9292000.0,0.7645535999999999
1998-03-19,09292000,42699.89,0.0,643.63,3.68,-19.7,128.13,-8.01,9292000.0,0.7645535999999999
1998-03-20,09292000,42866.49,0.0,682.83,7.94,-19.54,130.0,-5.799999999999999,9292000.0,0.7928704
1998-03-21,09292000,43033.14,0.0,627.01,9.07,-12.8,228.48,-1.865,9292000.0,0.7928704
1998-03-22,09292000,43199.82,0.0,455.93,9.43,-4.11,450.7,2.66,9292000.0,0.8211872
1998-03-23,09292000,43366.49,2.22,274.27,8.71,-1.65,541.38,3.53,9292000.0,0.8778208
1998-03-24,09292000,43533.14,3.71,316.24,9.17,-2.91,492.91,3.13,9292000.0,0.9627712
1998-03-25,09292000,43699.74,5.73,252.93,5.13,-4.1,450.86,0.5150000000000001,9292000.0,0.991088
1998-03-26,09292000,43866.26,0.0,500.49,6.57,-7.93,336.36,-0.6799999999999997,9292000.0,0.991088
1998-03-27,09292000,44032.67,10.65,321.67,3.63,-8.29,326.92,-2.33,9292000.0,0.9627712
1998-03-28,09292000,44198.94,25.7,251.71,-3.61,-12.45,235.01,-8.03,9292000.0,0.991088
1998-03-29,09292000,44365.05,5.46,436.85,-1.16,-18.42,143.07,-9.79,9292000.0,0.9344544
1998-03-30,09292000,44530.98,3.65,426.47,0.02,-16.45,169.04,-8.215,9292000.0,0.9061376
1998-03-31,09292000,44696.68,0.0,708.93,7.92,-17.17,159.14,-4.625000000000001,9292000.0,0.9061376
1998-04-01,09292000,44862.15,0.0,492.95,0.52,-12.86,227.28,-6.17,9292000.0,1.0477216
1998-04-02,09292000,45027.33,0.0,526.92,-0.09,-14.56,197.72,-7.325,9292000.0,1.0760384
1998-04-03,09292000,45192.22,4.36,463.91,2.03,-16.19,172.77,-7.080000000000001,9292000.0,1.0477216
1998-04-04,09292000,45356.77,11.85,404.18,-0.11,-14.62,196.83,-7.364999999999999,9292000.0,1.0760384
1998-04-05,09292000,45520.97,3.69,492.85,3.45,-16.28,171.45,-6.415000000000001,9292000.0,1.0194048
1998-04-06,09292000,45684.77,4.83,493.95,1.82,-17.67,152.55,-7.925000000000001,9292000.0,1.0760384
1998-04-07,09292000,45848.15,3.57,486.0,0.45,-18.08,147.3,-8.815,9292000.0,1.0477216
1998-04-08,09292000,46011.08,2.75,546.36,3.6,-20.02,124.7,-8.209999999999999,9292000.0,1.0477216
1998-04-09,09292000,46173.52,2.61,557.13,4.75,-20.04,124.43,-7.645,9292000.0,1.0477216
1998-04-10,09292000,46335.44,0.0,687.72,6.38,-13.76,211.26,-3.69,9292000.0,1.0477216
1998-04-11,09292000,46496.82,3.25,465.85,7.84,-8.99,309.58,-0.5750000000000002,9292000.0,1.0477216
1998-04-12,09292000,46657.61,4.39,478.88,1.76,-15.28,186.34,-6.76,9292000.0,1.0477216
1998-04-13,09292000,46817.79,7.28,464.78,-0.11,-16.04,174.97,-8.075,9292000.0,1.0477216
1998-04-14,09292000,46977.31,6.44,519.64,2.44,-16.7,165.49,-7.13,9292000.0,1.0477216
1998-04-15,09292000,47136.14,6.0,500.56,0.02,-17.57,153.73,-8.775,9292000.0,1.0194048
1998-04-16,09292000,47294.25,0.0,576.54,0.22,-13.54,215.0,-6.659999999999999,9292000.0,1.0194048
1998-04-17,09292000,47451.59,2.59,513.77,2.35,-15.92,176.7,-6.785,9292000.0,0.991088
1998-04-18,09292000,47608.14,0.0,782.46,4.98,-19.47,130.7,-7.244999999999999,9292000.0,0.991088
1998-04-19,09292000,47763.84,0.0,636.8,4.23,-11.37,256.33,-3.5699999999999994,9292000.0,1.0194048
1998-04-20,09292000,47918.67,0.0,751.83,8.68,-12.66,230.77,-1.99,9292000.0,1.0194048
1998-04-21,09292000,48072.57,0.0,793.1,10.88,-14.28,194.37,-1.6999999999999993,9292000.0,1.0760384
1998-04-22,09292000,48225.52,0.0,766.2,13.07,-10.15,267.33,1.46,9292000.0,1.1043552
1998-04-23,09292000,48377.46,0.0,694.49,12.76,-6.15,373.55,3.305,9292000.0,1.3308896
1998-04-24,09292000,48528.35,0.0,620.9,8.0,-7.71,342.03,0.145,9292000.0,1.699008
1998-04-25,09292000,48678.16,5.55,458.17,4.44,-10.89,266.31,-3.225,9292000.0,1.6706912
1998-04-26,09292000,48826.82,3.3,461.04,5.81,-9.74,291.96,-1.9650000000000003,9292000.0,1.4441568
1998-04-27,09292000,48974.31,0.0,630.14,4.91,-11.09,262.09,-3.09,9292000.0,1.2459392
1998-04-28,09292000,49120.57,0.0,694.2,8.44,-10.31,278.92,-0.9350000000000004,9292000.0,1.3308896
1998-04-29,09292000,49265.55,0.0,741.92,12.44,-9.08,292.63,1.6799999999999995,9292000.0,1.5291072
1998-04-30,09292000,49409.2,0.0,702.64,13.08,-6.19,369.57,3.445,9292000.0,1.840592
1998-05-01,09292000,49551.49,0.0,649.58,11.5,-5.45,405.15,3.025,9292000.0,2.12376
1998-05-02,09292000,49692.34,0.0,690.2,14.18,-4.61,414.39,4.785,9292000.0,2.4635616
1998-05-03,09292000,49831.73,0.0,653.56,13.27,-3.87,448.22,4.699999999999999,9292000.0,2.9449472
1998-05-04,09292000,49969.58,0.0,602.44,10.35,-4.77,428.53,2.79,9292000.0,3.0015808
1998-05-05,09292000,50105.86,4.26,459.82,8.56,-6.85,365.57,0.8550000000000004,9292000.0,2.4918784
1998-05-06,09292000,50240.5,13.47,366.02,7.05,-4.35,442.45,1.35,9292000.0,2.4635616
1998-05-07,09292000,50373.45,4.05,451.27,10.54,-4.27,445.26,3.135,9292000.0,2.2936608
1998-05-08,09292000,50504.67,5.96,452.51,10.25,-4.39,441.18,2.93,9292000.0,2.4352448
1998-05-09,09292000,50634.08,6.58,454.86,9.62,-4.85,426.22,2.385,9292000.0,2.5768288
1998-05-10,09292000,50761.65,3.09,446.51,5.47,-8.32,326.29,-1.4250000000000005,9292000.0,2.6051456
1998-05-11,09292000,50887.3,0.0,662.73,7.12,-8.77,314.96,-0.8249999999999997,9292000.0,2.3786112
1998-05-12,09292000,51010.98,0.0,603.34,7.36,-6.49,376.09,0.435,9292000.0,2.1520768
1998-05-13,09292000,51132.65,17.3,340.09,1.65,-8.0,334.59,-3.175,9292000.0,2.12376
1998-05-14,09292000,51252.23,0.0,716.46,6.41,-11.18,260.27,-2.385,9292000.0,1.9255424
1998-05-15,09292000,51369.66,4.12,450.02,6.55,-6.95,362.94,-0.2000000000000001,9292000.0,1.7556416
1998-05-16,09292000,51484.91,0.0,663.15,9.51,-6.04,389.14,1.735,9292000.0,1.6423744
1998-05-17,09292000,51597.89,0.0,562.61,11.65,-0.78,577.0,5.4350000000000005,9292000.0,1.699008
1998-05-18,09292000,51708.56,0.0,679.55,12.93,-2.97,477.56,4.98,9292000.0,2.1803936
1998-05-19,09292000,51816.85,0.0,623.91,13.25,-0.79,574.07,6.23,9292000.0,2.8883136
1998-05-20,09292000,51922.71,15.27,456.11,13.19,-0.29,597.95,6.45,9292000.0,4.0209856
1998-05-21,09292000,52026.08,15.06,458.39,5.53,-7.38,350.93,-0.9249999999999998,9292000.0,7.3906848
1998-05-22,09292000,52126.9,2.93,562.14,7.48,-10.29,279.38,-1.4049999999999994,9292000.0,5.9182112
1998-05-23,09292000,52225.11,0.0,792.35,9.25,-10.58,272.56,-0.665,9292000.0,4.7005888
1998-05-24,09292000,52320.66,0.0,680.55,10.97,-4.04,452.95,3.4650000000000003,9292000.0,4.0776192
1998-05-25,09292000,52413.49,0.0,751.97,12.95,-5.04,398.18,3.955,9292000.0,4.0493024
1998-05-26,09292000,52503.54,0.0,512.46,8.72,-1.49,547.46,3.615,9292000.0,4.8421728
1998-05-27,09292000,52590.76,0.0,681.61,11.23,-3.63,448.62,3.8,9292000.0,4.8988064
1998-05-28,09292000,52675.09,0.0,734.66,14.25,-2.66,450.86,5.795,9292000.0,6.3995968
1998-05-29,09292000,52756.48,0.0,510.09,11.47,1.51,681.01,6.49,9292000.0,8.2968224
1998-05-30,09292000,52834.87,0.0,654.91,12.12,-1.4,522.62,5.359999999999999,9292000.0,9.9675136
1998-05-31,09292000,52910.23,0.0,743.22,13.14,-3.47,421.87,4.835,9292000.0,11.468304
1998-06-01,09292000,52982.49,0.0,701.87,14.91,-0.13,542.95,7.39,9292000.0,13.6770144
1998-06-02,09292000,53051.6,0.0,764.02,15.51,-2.03,448.35,6.74,9292000.0,17.0750304
1998-06-03,09292000,53117.53,0.0,679.7,12.15,-1.97,486.61,5.09,9292000.0,18.2077024
1998-06-04,09292000,53180.22,5.43,454.91,7.31,-4.55,435.9,1.38,9292000.0,14.7813696
1998-06-05,09292000,53239.63,0.0,684.27,7.37,-6.6,350.74,0.3850000000000002,9292000.0,12.3744416
1998-06-06,09292000,53295.72,0.0,660.34,6.79,-6.39,362.85,0.2000000000000001,9292000.0,12.6859264
1998-06-07,09292000,53348.45,0.0,664.67,10.28,-3.13,446.89,3.575,9292000.0,11.043552
1998-06-08,09292000,53397.78,4.53,479.06,9.89,-2.87,494.41,3.51,9292000.0,9.9391968
1998-06-09,09292000,53443.68,7.23,383.66,6.08,-3.34,477.45,1.37,9292000.0,9.9391968
1998-06-10,09292000,53486.11,5.38,446.79,6.23,-5.02,420.57,0.6050000000000004,9292000.0,8.7498912
1998-06-11,09292000,53525.04,7.7,541.45,9.48,-5.71,399.21,1.885,9292000.0,7.8720704
1998-06-12,09292000,53560.44,0.0,743.78,12.24,-3.89,414.54,4.175,9292000.0,8.2685056
1998-06-13,09292000,53592.28,5.23,361.63,7.87,-0.87,572.98,3.5,9292000.0,9.91088
1998-06-14,09292000,53620.55,6.26,449.95,8.2,-3.15,484.25,2.5249999999999995,9292000.0,9.8825632
1998-06-15,09292000,53645.21,0.0,770.16,11.05,-5.81,364.61,2.620000000000001,9292000.0,10.1374144
1998-06-16,09292000,53666.26,22.44,472.37,7.17,-4.93,423.47,1.12,9292000.0,11.185136
1998-06-17,09292000,53683.67,15.66,276.62,1.59,-4.65,432.49,-1.5300000000000002,9292000.0,9.5427616
1998-06-18,09292000,53697.43,0.0,739.24,13.17,-2.32,497.14,5.425,9292000.0,8.2401888
1998-06-19,09292000,53707.54,0.0,757.93,14.59,-1.85,504.88,6.37,9292000.0,10.2223648
1998-06-20,09292000,53713.97,0.0,772.32,14.7,-2.55,476.42,6.074999999999999,9292000.0,12.884144
1998-06-21,09292000,53716.74,0.0,712.03,14.47,-0.27,579.36,7.1000000000000005,9292000.0,15.3193888
1998-06-22,09292000,53715.83,0.0,740.4,14.56,-1.08,537.14,6.74,9292000.0,17.3298816
1998-06-23,09292000,53711.24,0.0,729.6,13.32,-1.83,513.31,5.745,9292000.0,18.6607712
1998-06-24,09292000,53702.99,0.0,678.8,12.57,-0.71,569.15,5.93,9292000.0,17.7263168
1998-06-25,09292000,53691.07,0.0,699.56,14.66,0.48,605.24,7.57,9292000.0,19.255424
1998-06-26,09292000,53675.5,0.0,642.38,13.17,0.84,637.16,7.005,9292000.0,23.5878944
1998-06-27,09292000,53656.28,0.0,764.94,15.26,-1.26,484.92,7.0,9292000.0,20.812848
1998-06-28,09292000,53633.44,0.0,802.88,18.33,-0.71,476.15,8.809999999999999,9292000.0,19.6518592
1998-06-29,09292000,53606.99,0.0,768.48,20.07,2.52,600.48,11.295,9292000.0,21.6057184
1998-06-30,09292000,53576.95,0.0,763.93,20.58,3.16,627.63,11.87,9292000.0,21.2659168
1998-07-01,09292000,53543.34,0.0,773.52,20.68,2.68,603.12,11.68,9292000.0,20.6146304
1998-07-02,09292000,53506.18,0.0,734.6,19.6,3.46,658.76,11.53,9292000.0,20.8694816
1998-07-03,09292000,53465.52,0.0,751.48,20.24,3.27,633.91,11.755,9292000.0,20.388096
1998-07-04,09292000,53421.36,0.0,691.62,19.54,4.82,720.89,12.18,9292000.0,19.7084928
1998-07-05,09292000,53373.76,0.0,657.57,18.32,4.76,736.15,11.54,9292000.0,17.8679008
1998-07-06,09292000,53322.74,0.0,753.47,19.06,1.96,555.61,10.51,9292000.0,15.6025568
1998-07-07,09292000,53268.34,3.58,464.9,16.21,3.55,777.12,9.88,9292000.0,14.4982016
1998-07-08,09292000,53210.6,0.0,695.54,16.82,2.03,589.36,9.425,9292000.0,13.5637472
1998-07-09,09292000,53149.56,0.0,759.3,19.76,1.95,542.88,10.855,9292000.0,13.1956288
1998-07-10,09292000,53085.26,5.53,471.99,16.77,3.46,765.22,10.115,9292000.0,13.2239456
1998-07-11,09292000,53017.74,0.0,732.81,19.27,2.5,582.45,10.885,9292000.0,13.0823616
1998-07-12,09292000,52947.06,0.0,754.03,20.74,2.87,575.2,11.805,9292000.0,12.1479072
1998-07-13,09292000,52873.26,0.0,733.88,21.76,4.43,633.54,13.095,9292000.0,10.5055328
1998-07-14,09292000,52796.4,0.0,730.85,21.76,4.39,621.44,13.075,9292000.0,9.5144448
1998-07-15,09292000,52716.51,0.0,736.1,21.74,4.14,596.88,12.94,9292000.0,8.7215744
1998-07-16,09292000,52633.66,0.0,733.03,23.23,5.43,647.48,14.33,9292000.0,8.0986048
1998-07-17,09292000,52547.89,0.0,724.84,23.79,5.9,665.47,14.845,9292000.0,7.928704
1998-07-18,09292000,52459.26,0.0,737.67,25.11,6.39,674.6,15.75,9292000.0,7.5605856
1998-07-19,09292000,52367.82,0.0,690.76,23.53,6.89,737.43,15.21,9292000.0,6.5694976
1998-07-20,09292000,52273.64,0.0,645.86,21.74,6.84,775.31,14.29,9292000.0,6.0597952
1998-07-21,09292000,52176.77,15.11,437.63,18.14,5.13,844.03,11.635,9292000.0,7.1924672
1998-07-22,09292000,52077.25,0.0,448.61,14.97,5.69,906.41,10.33,9292000.0,7.78712
1998-07-23,09292000,51975.16,11.08,258.36,13.96,7.05,1004.61,10.505,9292000.0,7.5322688
1998-07-24,09292000,51870.55,6.23,282.41,14.86,7.3,1022.03,11.08,9292000.0,7.6738528
1998-07-25,09292000,51763.48,10.61,297.13,13.64,5.8,921.77,9.72,9292000.0,8.070288
1998-07-26,09292000,51654.0,0.0,524.53,15.81,5.09,849.67,10.45,9292000.0,8.7215744
1998-07-27,09292000,51542.18,0.0,559.57,17.36,5.77,862.4,11.565,9292000.0,7.1358336
1998-07-28,09292000,51428.07,8.86,330.27,14.02,5.42,898.16,9.72,9292000.0,6.937616
1998-07-29,09292000,51311.73,3.04,486.37,17.75,3.58,789.1,10.665,9292000.0,7.1924672
1998-07-30,09292000,51193.22,0.0,644.68,16.93,3.21,701.57,10.07,9292000.0,6.3429632
1998-07-31,09292000,51072.6,4.61,441.52,14.85,2.81,747.19,8.83,9292000.0,6.6261312
1998-08-01,09292000,50949.93,0.0,656.69,16.09,2.12,655.3,9.105,9292000.0,6.229696
1998-08-02,09292000,50825.26,0.0,652.1,15.62,1.85,647.32,8.735,9292000.0,5.238608
1998-08-03,09292000,50698.66,0.0,634.63,17.25,3.84,745.16,10.545,9292000.0,4.672272
1998-08-04,09292000,50570.17,0.0,659.07,16.39,2.18,652.98,9.285,9292000.0,4.7005888
1998-08-05,09292000,50439.86,0.0,735.05,19.68,1.98,583.47,10.83,9292000.0,5.1819744
1998-08-06,09292000,50307.77,0.0,756.21,22.12,2.52,582.45,12.32,9292000.0,4.7289056
1998-08-07,09292000,50173.97,0.0,724.37,22.6,4.49,672.37,13.545000000000002,9292000.0,4.1342528
1998-08-08,09292000,50038.52,4.76,411.65,17.91,6.26,951.73,12.085,9292000.0,4.2192032
1998-08-09,09292000,49901.45,6.8,476.13,18.94,4.43,816.89,11.685,9292000.0,5.1819744
1998-08-10,09292000,49762.83,5.75,405.31,15.11,3.85,804.52,9.48,9292000.0,5.66336
1998-08-11,09292000,49622.71,0.0,654.16,18.48,3.64,700.61,11.06,9292000.0,5.1536576
1998-08-12,09292000,49481.14,0.0,671.31,18.62,3.05,638.94,10.835,9292000.0,4.4174208
1998-08-13,09292000,49338.17,0.0,702.55,19.79,2.56,599.37,11.175,9292000.0,4.3041536
1998-08-14,09292000,49193.85,0.0,682.15,21.09,4.59,688.41,12.84,9292000.0,3.9360352
1998-08-15,09292000,49048.23,0.0,642.21,18.7,4.05,695.34,11.375,9292000.0,3.822768
1998-08-16,09292000,48901.36,0.0,591.87,18.35,5.43,796.94,11.89,9292000.0,3.7661344
1998-08-17,09292000,48753.29,6.98,412.45,17.07,5.37,894.96,11.22,9292000.0,3.7661344
1998-08-18,09292000,48604.05,5.95,326.07,12.39,3.96,810.76,8.175,9292000.0,4.1908864
1998-08-19,09292000,48453.7,0.0,661.24,16.91,1.69,588.75,9.3,9292000.0,3.9077184
1998-08-20,09292000,48302.28,0.0,631.17,18.0,3.73,663.48,10.865,9292000.0,3.4829664
1998-08-21,09292000,48149.84,8.32,345.22,12.79,3.56,788.27,8.174999999999999,9292000.0,4.0209856
1998-08-22,09292000,47996.41,0.0,577.99,18.03,5.19,778.41,11.61,9292000.0,3.9360352
1998-08-23,09292000,47842.04,0.0,621.14,19.93,5.03,736.99,12.48,9292000.0,3.4546496
1998-08-24,09292000,47686.78,0.0,637.07,20.07,4.0,678.53,12.035,9292000.0,3.2281152
1998-08-25,09292000,47530.65,7.73,446.44,18.5,3.74,782.36,11.12,9292000.0,3.2281152
1998-08-26,09292000,47373.71,8.64,397.27,14.62,2.39,725.15,8.504999999999999,9292000.0,3.6245504
1998-08-27,09292000,47215.98,0.0,629.17,16.81,0.49,569.78,8.649999999999999,9292000.0,3.9360352
1998-08-28,09292000,47057.51,0.0,677.35,20.05,0.03,523.23,10.04,9292000.0,3.0582144
1998-08-29,09292000,46898.33,0.0,642.8,20.33,2.18,624.18,11.255,9292000.0,2.7467296
1998-08-30,09292000,46738.48,0.0,640.55,22.53,3.75,690.5,13.14,9292000.0,2.6051456
1998-08-31,09292000,46577.99,0.0,372.02,15.08,6.47,965.45,10.775,9292000.0,2.8599968
1998-09-01,09292000,46416.91,0.0,477.52,14.52,3.0,757.64,8.76,9292000.0,3.3413824
1998-09-02,09292000,46255.26,0.0,587.18,18.26,2.25,664.48,10.255,9292000.0,4.3041536
1998-09-03,09292000,46093.07,0.0,617.25,20.09,2.04,628.1,11.065,9292000.0,4.0776192
1998-09-04,09292000,45930.38,0.0,566.76,21.09,5.28,812.51,13.185,9292000.0,3.8794016
1998-09-05,09292000,45767.23,7.37,247.93,14.6,6.86,991.55,10.73,9292000.0,4.1342528
1998-09-06,09292000,45603.64,4.27,368.1,17.23,4.74,856.1,10.985,9292000.0,3.7661344
1998-09-07,09292000,45439.64,0.0,513.46,17.55,4.17,808.42,10.86,9292000.0,3.3413824
1998-09-08,09292000,45275.26,0.0,524.36,17.0,3.1,739.04,10.05,9292000.0,3.1431648
1998-09-09,09292000,45110.54,0.0,448.38,16.2,4.9,865.63,10.55,9292000.0,2.973264
1998-09-10,09292000,44945.5,8.68,245.05,12.18,4.5,841.83,8.34,9292000.0,3.8510848
1998-09-11,09292000,44780.17,13.92,286.41,12.29,3.19,767.87,7.739999999999999,9292000.0,4.2758368
1998-09-12,09292000,44614.58,7.52,328.48,9.67,-0.88,572.77,4.395,9292000.0,6.5411808
1998-09-13,09292000,44448.77,0.0,498.0,12.11,-0.5,588.78,5.805,9292000.0,5.0687072
1998-09-14,09292000,44282.75,0.0,565.12,15.9,-0.25,582.0,7.825,9292000.0,4.672272
1998-09-15,09292000,44116.55,0.0,568.68,16.93,0.07,565.08,8.5,9292000.0,4.3607872
1998-09-16,09292000,43950.2,0.0,531.48,16.61,1.55,623.62,9.08,9292000.0,4.105936
1998-09-17,09292000,43783.74,0.0,552.38,17.89,1.09,590.17,9.49,9292000.0,3.7661344
1998-09-18,09292000,43617.18,0.0,499.29,15.27,1.23,631.94,8.25,9292000.0,3.5112832
1998-09-19,09292000,43450.55,0.0,496.1,11.78,-2.08,511.79,4.85,9292000.0,3.3413824
1998-09-20,09292000,43283.89,0.0,292.12,6.55,-0.56,586.15,2.995,9292000.0,3.2281152
1998-09-21,09292000,43117.21,12.71,152.37,2.89,-1.85,533.15,0.52,9292000.0,3.6528672
1998-09-22,09292000,42950.54,6.13,311.36,9.65,-1.12,562.75,4.265000000000001,9292000.0,3.8510848
1998-09-23,09292000,42783.91,6.55,279.57,8.05,-1.26,556.78,3.3950000000000005,9292000.0,4.1625696
1998-09-24,09292000,42617.35,0.0,454.2,10.76,-1.39,551.78,4.685,9292000.0,3.822768
1998-09-25,09292000,42450.89,0.0,414.25,9.0,-1.69,539.73,3.655,9292000.0,3.6245504
1998-09-26,09292000,42284.54,0.0,440.12,9.39,-2.26,517.26,3.5650000000000004,9292000.0,3.398016
1998-09-27,09292000,42118.34,0.0,507.59,12.46,-2.5,508.03,4.98,9292000.0,3.1431648
1998-09-28,09292000,41952.32,0.0,540.34,15.34,-2.5,502.91,6.42,9292000.0,2.8033632
1998-09-29,09292000,41786.5,6.74,367.46,14.63,-0.05,608.32,7.29,9292000.0,2.265344
1998-09-30,09292000,41620.92,0.0,415.87,10.4,-0.74,578.75,4.83,9292000.0,2.4635616
1998-10-01,09292000,41455.59,0.0,398.3,9.32,-1.23,558.38,4.045,9292000.0,2.3786112
1998-10-02,09292000,41290.54,3.13,321.09,9.97,-1.88,532.26,4.045,9292000.0,2.3502944
1998-10-03,09292000,41125.82,6.22,234.73,2.66,-4.95,422.87,-1.145,9292000.0,2.3502944
1998-10-04,09292000,40961.44,4.41,271.17,-0.27,-9.13,306.24,-4.7,9292000.0,2.2936608
1998-10-05,09292000,40797.44,0.0,462.11,3.44,-9.51,297.12,-3.035,9292000.0,2.1520768
1998-10-06,09292000,40633.84,0.0,485.19,10.57,-4.4,440.88,3.085,9292000.0,2.1520768
1998-10-07,09292000,40470.68,0.0,488.93,12.15,-3.66,466.03,4.245,9292000.0,2.1520768
1998-10-08,09292000,40307.99,0.0,474.25,12.25,-2.85,495.04,4.7,9292000.0,1.9538592
1998-10-09,09292000,40145.81,0.0,475.49,11.35,-4.15,449.15,3.6,9292000.0,1.840592
1998-10-10,09292000,39984.15,0.0,453.73,10.12,-4.35,442.55,2.885,9292000.0,1.7556416
1998-10-11,09292000,39823.06,0.0,495.91,11.38,-7.3,353.12,2.0400000000000005,9292000.0,1.6423744
1998-10-12,09292000,39662.57,0.0,465.02,12.92,-3.68,465.46,4.62,9292000.0,1.6140576
1998-10-13,09292000,39502.72,0.0,438.97,12.7,-2.38,512.81,5.16,9292000.0,1.557424
1998-10-14,09292000,39343.54,0.0,431.49,11.03,-3.72,464.14,3.655,9292000.0,1.4724736
1998-10-15,09292000,39185.06,7.57,294.92,6.67,-5.89,393.53,0.3900000000000001,9292000.0,1.4724736
1998-10-16,09292000,39027.33,9.01,184.19,-1.63,-8.37,325.11,-5.0,9292000.0,1.5857408
1998-10-17,09292000,38870.38,0.0,467.88,6.81,-10.51,274.49,-1.85,9292000.0,1.5857408
1998-10-18,09292000,38714.24,0.0,492.51,9.01,-12.99,224.85,-1.99,9292000.0,1.5291072
1998-10-19,09292000,38558.97,0.0,455.37,8.03,-9.48,297.9,-0.7250000000000005,9292000.0,1.4724736
1998-10-20,09292000,38404.6,0.0,422.46,8.68,-6.77,367.89,0.955,9292000.0,1.41584
1998-10-21,09292000,38251.17,6.66,300.32,8.95,-5.81,396.08,1.5699999999999998,9292000.0,1.3875232
1998-10-22,09292000,38098.72,6.91,198.38,5.54,-2.9,493.24,1.32,9292000.0,1.5857408
1998-10-23,09292000,37947.29,4.28,278.06,5.36,-7.86,338.26,-1.25,9292000.0,1.5857408
1998-10-24,09292000,37796.93,0.0,407.08,7.4,-8.34,325.72,-0.4699999999999997,9292000.0,1.41584
1998-10-25,09292000,37647.69,12.81,86.16,1.17,-2.25,517.79,-0.54,9292000.0,1.699008
1998-10-26,09292000,37499.61,6.72,157.54,4.32,-2.39,512.24,0.965,9292000.0,1.7273248
1998-10-27,09292000,37352.73,6.58,208.3,3.81,-5.32,411.09,-0.7550000000000001,9292000.0,1.7556416
1998-10-28,09292000,37207.1,0.0,355.06,6.07,-6.55,374.19,-0.2399999999999997,9292000.0,1.557424
1998-10-29,09292000,37062.77,13.14,209.78,1.74,-7.27,354.06,-2.765,9292000.0,1.557424
1998-10-30,09292000,36919.79,8.68,288.75,4.52,-10.05,284.77,-2.765000000000001,9292000.0,1.6423744
1998-10-31,09292000,36778.21,0.0,439.57,8.88,-12.34,237.04,-1.7299999999999995,9292000.0,1.4724736
1998-11-01,09292000,36638.08,0.0,421.16,7.02,-12.07,242.33,-2.5250000000000004,9292000.0,1.41584
1998-11-02,09292000,36499.45,3.06,236.43,1.61,-9.9,288.2,-4.1450000000000005,9292000.0,1.5007904
1998-11-03,09292000,36362.38,0.0,407.56,1.21,-17.1,160.0,-7.945,9292000.0,1.3308896
1998-11-04,09292000,36226.91,0.0,417.33,2.35,-18.22,145.54,-7.935,9292000.0,1.1043552
1998-11-05,09292000,36093.1,7.51,282.64,1.55,-14.94,191.6,-6.694999999999999,9292000.0,1.2459392
1998-11-06,09292000,35961.0,0.0,409.79,-0.56,-20.71,117.38,-10.635,9292000.0,1.2459392
1998-11-07,09292000,35830.68,6.1,293.36,-3.38,-21.85,106.22,-12.615,9292000.0,0.991088
1998-11-08,09292000,35702.18,7.81,242.53,-5.48,-18.56,141.36,-12.02,9292000.0,1.3025728
1998-11-09,09292000,35575.56,3.4,231.01,-6.92,-19.14,134.48,-13.03,9292000.0,1.1609888
1998-11-10,09292000,35450.88,2.09,266.09,-3.56,-18.95,136.72,-11.255,9292000.0,1.4724736
1998-11-11,09292000,35328.19,0.0,347.97,-3.16,-18.0,148.27,-10.58,9292000.0,1.1609888
1998-11-12,09292000,35207.56,0.0,404.79,3.47,-18.7,139.69,-7.614999999999999,9292000.0,1.1043552
1998-11-13,09292000,35089.04,0.0,336.75,8.02,-7.15,357.24,0.4349999999999996,9292000.0,1.0760384
1998-11-14,09292000,34972.69,0.0,336.7,10.61,-5.03,420.31,2.79,9292000.0,1.0477216
1998-11-15,09292000,34858.56,0.0,321.67,7.63,-7.11,358.44,0.2599999999999998,9292000.0,0.991088
1998-11-16,09292000,34746.73,0.0,360.11,8.07,-10.34,278.35,-1.1349999999999998,9292000.0,0.9344544
1998-11-17,09292000,34637.23,3.78,232.76,3.32,-10.67,271.08,-3.675,9292000.0,0.9061376
1998-11-18,09292000,34530.14,0.0,355.42,0.37,-17.47,155.12,-8.549999999999999,9292000.0,0.8778208
1998-11-19,09292000,34425.52,0.0,344.91,-2.55,-19.47,130.75,-11.01,9292000.0,0.7362368
1998-11-20,09292000,34323.41,0.0,370.27,2.39,-18.5,142.11,-8.055,9292000.0,0.8778208
1998-11-21,09292000,34223.88,0.0,296.95,5.62,-8.42,323.8,-1.4,9292000.0,0.9061376
1998-11-22,09292000,34126.99,0.0,200.05,0.82,-7.68,342.9,-3.43,9292000.0,0.8211872
1998-11-23,09292000,34032.78,0.0,293.98,5.23,-8.68,317.2,-1.7249999999999996,9292000.0,0.7645535999999999
1998-11-24,09292000,33941.33,0.0,210.91,-0.36,-9.58,295.53,-4.97,9292000.0,0.7362368
1998-11-25,09292000,33852.69,0.0,306.46,5.03,-10.64,271.71,-2.805,9292000.0,0.70792
1998-11-26,09292000,33766.9,0.0,321.38,9.59,-8.22,328.93,0.6849999999999996,9292000.0,0.70792
1998-11-27,09292000,33684.02,0.0,285.75,8.09,-6.66,371.1,0.7149999999999999,9292000.0,0.6796032
1998-11-28,09292000,33604.12,0.0,103.29,-1.09,-5.58,402.99,-3.335,9292000.0,0.6796032
1998-11-29,09292000,33527.23,0.0,186.42,0.33,-8.15,330.57,-3.91,9292000.0,0.70792
1998-11-30,09292000,33453.41,0.0,257.42,3.4,-9.01,309.01,-2.805,9292000.0,0.6796032
1998-12-01,09292000,33382.71,0.0,210.59,1.05,-8.49,321.96,-3.72,9292000.0,0.6512864
1998-12-02,09292000,33315.18,0.0,261.68,4.74,-8.0,334.4,-1.63,9292000.0,0.6229696
1998-12-03,09292000,33250.86,0.0,300.63,6.44,-9.51,297.23,-1.5349999999999997,9292000.0,0.5946528
1998-12-04,09292000,33189.79,6.36,220.78,-4.16,-19.13,134.62,-11.645,9292000.0,0.566336
1998-12-05,09292000,33132.03,0.0,314.43,-10.19,-26.87,67.57,-18.53,9292000.0,0.5097024
1998-12-06,09292000,33077.61,0.0,314.73,-8.95,-25.72,75.11,-17.335,9292000.0,0.566336
1998-12-07,09292000,33026.56,0.0,277.49,-9.75,-23.13,94.86,-16.439999999999998,9292000.0,0.566336
1998-12-08,09292000,32978.94,0.0,293.33,-1.98,-16.94,162.13,-9.46,9292000.0,0.5946528
1998-12-09,09292000,32934.76,0.0,271.62,-8.49,-21.69,107.78,-15.09,9292000.0,0.5946528
1998-12-10,09292000,32894.07,0.0,344.81,2.14,-21.02,114.28,-9.44,9292000.0,0.6229696
1998-12-11,09292000,32856.9,0.0,281.11,4.08,-10.56,273.38,-3.24,9292000.0,0.6229696
1998-12-12,09292000,32823.26,0.0,277.16,3.2,-10.92,265.81,-3.86,9292000.0,0.6229696
1998-12-13,09292000,32793.2,0.0,312.02,7.43,-10.75,269.28,-1.66,9292000.0,0.6229696
1998-12-14,09292000,32766.72,0.0,282.2,1.72,-13.03,224.24,-5.654999999999999,9292000.0,0.6512864
1998-12-15,09292000,32743.86,0.0,307.48,5.41,-12.27,238.45,-3.43,9292000.0,0.6512864
1998-12-16,09292000,32724.62,0.0,231.7,4.48,-6.66,370.95,-1.09,9292000.0,0.6796032
1998-12-17,09292000,32709.02,0.0,249.11,5.98,-6.33,380.53,-0.1749999999999998,9292000.0,0.6796032
1998-12-18,09292000,32697.08,0.0,262.92,-1.37,-14.28,202.44,-7.824999999999999,9292000.0,0.6512864
1998-12-19,09292000,32688.8,5.44,169.55,-7.74,-18.02,148.0,-12.88,9292000.0,0.6229696
1998-12-20,09292000,32684.19,2.12,201.47,-14.55,-27.27,65.1,-20.91,9292000.0,0.5946528
1998-12-21,09292000,32683.26,0.0,272.66,-15.81,-28.66,57.21,-22.235,9292000.0,0.566336
1998-12-22,09292000,32686.0,0.0,319.13,-8.46,-26.3,71.23,-17.380000000000003,9292000.0,0.5380192
1998-12-23,09292000,32692.41,0.0,325.04,-7.8,-26.71,68.57,-17.255,9292000.0,0.5380192
1998-12-24,09292000,32702.49,4.35,190.2,-6.37,-18.49,142.24,-12.43,9292000.0,0.566336
1998-12-25,09292000,32716.23,0.0,256.44,-1.09,-13.32,218.93,-7.205,9292000.0,0.5946528
1998-12-26,09292000,32733.61,0.0,246.38,-0.54,-11.93,245.12,-6.234999999999999,9292000.0,0.6229696
1998-12-27,09292000,32754.64,0.0,192.53,-4.14,-12.37,236.55,-8.254999999999999,9292000.0,0.6512864
1998-12-28,09292000,32779.28,8.57,127.61,-1.2,-8.43,323.54,-4.815,9292000.0,0.6229696
1998-12-29,09292000,32807.52,0.0,221.14,3.31,-6.47,376.48,-1.5799999999999998,9292000.0,0.5946528
1998-12-30,09292000,32839.34,0.0,276.34,2.31,-10.81,268.15,-4.25,9292000.0,0.5946528
1998-12-31,09292000,32874.72,0.0,257.01,1.21,-10.58,272.93,-4.6850000000000005,9292000.0,0.8778208
1999-01-01,09292000,32913.8,3.02,150.17,-2.77,-10.69,270.63,-6.73,9292000.0,1.1043552
1999-01-02,09292000,32956.22,0.0,274.52,-4.86,-16.78,164.4,-10.82,9292000.0,1.0477216
1999-01-03,09292000,33002.11,0.0,234.21,-7.58,-16.96,161.95,-12.27,9292000.0,0.991088
1999-01-04,09292000,33051.44,0.0,274.5,-0.28,-12.18,240.23,-6.23,9292000.0,1.0194048
1999-01-05,09292000,33104.16,0.0,182.75,-0.48,-7.47,348.63,-3.975,9292000.0,1.0477216
1999-01-06,09292000,33160.24,0.0,264.85,3.49,-7.74,341.31,-2.125,9292000.0,1.0477216
1999-01-07,09292000,33219.65,0.0,293.46,0.85,-12.27,238.36,-5.71,9292000.0,1.0194048
1999-01-08,09292000,33282.33,0.0,241.83,-6.0,-15.53,182.51,-10.765,9292000.0,1.0477216
1999-01-09,09292000,33348.25,0.0,252.18,-0.56,-10.7,270.5,-5.63,9292000.0,1.0477216
1999-01-10,09292000,33417.36,0.0,261.31,1.62,-8.98,309.85,-3.68,9292000.0,1.0477216
1999-01-11,09292000,33489.61,0.0,325.1,5.93,-9.89,288.29,-1.9800000000000004,9292000.0,0.991088
1999-01-12,09292000,33564.96,0.0,293.22,-1.12,-13.48,216.01,-7.300000000000001,9292000.0,0.9627712
1999-01-13,09292000,33643.35,0.0,279.9,-1.35,-12.71,230.09,-7.03,9292000.0,0.9627712
1999-01-14,09292000,33724.73,0.0,338.37,3.95,-12.76,229.1,-4.404999999999999,9292000.0,1.0194048
1999-01-15,09292000,33809.06,0.0,333.96,0.48,-15.18,187.86,-7.35,9292000.0,0.9344544
1999-01-16,09292000,33896.27,8.48,238.29,-1.79,-15.51,182.81,-8.65,9292000.0,0.9627712
1999-01-17,09292000,33986.31,4.51,184.72,-3.27,-12.34,237.13,-7.805,9292000.0,0.9627712
1999-01-18,09292000,34079.13,14.85,113.64,-1.24,-6.38,379.04,-3.81,9292000.0,0.9627712
1999-01-19,09292000,34174.68,7.29,217.1,-1.49,-12.39,236.11,-6.94,9292000.0,0.991088
1999-01-20,09292000,34272.88,10.17,202.19,-3.17,-12.79,228.51,-7.979999999999999,9292000.0,1.0194048
1999-01-21,09292000,34373.7,4.65,180.81,-6.69,-14.87,192.72,-10.78,9292000.0,1.0477216
1999-01-22,09292000,34477.06,4.99,288.05,-2.01,-20.46,119.97,-11.235,9292000.0,1.0477216
1999-01-23,09292000,34582.92,3.09,189.51,-1.52,-10.03,285.19,-5.775,9292000.0,1.0194048
1999-01-24,09292000,34691.2,11.7,80.91,-4.07,-7.3,353.21,-5.6850000000000005,9292000.0,1.0194048
1999-01-25,09292000,34801.87,0.0,246.61,-0.64,-8.63,318.4,-4.635000000000001,9292000.0,1.0194048
1999-01-26,09292000,34914.85,4.03,228.28,-5.09,-15.4,184.43,-10.245,9292000.0,1.0194048
1999-01-27,09292000,35030.08,0.0,402.31,-4.37,-21.68,107.84,-13.025,9292000.0,1.0194048
1999-01-28,09292000,35147.52,2.42,309.45,-2.85,-21.84,106.37,-12.345,9292000.0,0.991088
1999-01-29,09292000,35267.09,0.0,417.39,1.72,-16.97,161.81,-7.624999999999999,9292000.0,0.9627712
1999-01-30,09292000,35388.75,0.0,418.9,2.93,-15.56,182.13,-6.315,9292000.0,0.9627712
1999-01-31,09292000,35512.43,0.0,381.39,-1.76,-15.87,177.41,-8.815,9292000.0,0.9627712
1999-02-01,09292000,35638.08,0.0,391.73,-3.91,-18.59,141.03,-11.25,9292000.0,0.9627712
1999-02-02,09292000,35765.64,0.0,417.98,-0.86,-18.08,147.22,-9.47,9292000.0,1.0194048
1999-02-03,09292000,35895.05,0.0,377.52,0.99,-12.62,231.82,-5.815,9292000.0,0.9627712
1999-02-04,09292000,36026.26,0.0,369.05,2.02,-11.09,262.16,-4.535,9292000.0,0.9061376
1999-02-05,09292000,36159.21,3.72,285.85,0.61,-13.22,220.68,-6.305000000000001,9292000.0,0.9061376
1999-02-06,09292000,36293.85,2.55,300.8,-1.47,-16.42,169.46,-8.945,9292000.0,0.9061376
1999-02-07,09292000,36430.12,18.52,131.65,-1.93,-6.99,361.85,-4.46,9292000.0,0.9344544
1999-02-08,09292000,36567.97,14.42,174.78,-0.66,-7.34,352.02,-4.0,9292000.0,0.9627712
1999-02-09,09292000,36707.35,22.61,128.01,-0.94,-5.6,402.41,-3.27,9292000.0,0.991088
1999-02-10,09292000,36848.2,16.52,358.82,-3.72,-23.09,95.23,-13.405,9292000.0,0.991088
1999-02-11,09292000,36990.48,0.0,476.04,-6.35,-24.22,86.06,-15.285,9292000.0,0.9627712
1999-02-12,09292000,37134.14,0.0,496.67,6.54,-15.11,188.94,-4.285,9292000.0,0.9344544
1999-02-13,09292000,37279.12,0.0,507.03,9.84,-14.15,204.57,-2.155,9292000.0,0.9344544
1999-02-14,09292000,37425.37,0.0,465.14,2.21,-14.6,197.14,-6.195,9292000.0,0.9344544
1999-02-15,09292000,37572.85,0.0,493.49,0.12,-19.1,134.99,-9.49,9292000.0,0.9344544
1999-02-16,09292000,37721.52,0.0,484.99,1.06,-17.21,158.53,-8.075000000000001,9292000.0,0.9344544
1999-02-17,09292000,37871.32,12.22,253.06,-2.81,-12.79,228.6,-7.8,9292000.0,0.9344544
1999-02-18,09292000,38022.21,9.35,367.99,1.67,-16.59,166.97,-7.46,9292000.0,0.9061376
1999-02-19,09292000,38174.15,4.27,375.53,-2.23,-21.01,114.36,-11.62,9292000.0,0.8778208
1999-02-20,09292000,38327.09,0.0,540.16,0.65,-22.75,98.1,-11.05,9292000.0,0.8778208
1999-02-21,09292000,38481.0,7.07,314.77,-4.55,-17.77,151.19,-11.16,9292000.0,0.849504
1999-02-22,09292000,38635.82,3.53,330.15,-3.58,-17.73,151.66,-10.655,9292000.0,0.8778208
1999-02-23,09292000,38791.52,0.0,536.18,3.19,-18.08,147.23,-7.444999999999999,9292000.0,0.9061376
1999-02-24,09292000,38948.06,0.0,517.95,7.74,-12.05,242.66,-2.155,9292000.0,0.9061376
1999-02-25,09292000,39105.41,0.0,472.65,3.01,-13.29,219.49,-5.14,9292000.0,0.8211872
1999-02-26,09292000,39263.51,0.0,462.52,-2.52,-17.84,150.26,-10.18,9292000.0,0.849504
1999-02-27,09292000,39422.34,0.0,539.05,5.0,-15.48,183.23,-5.24,9292000.0,1.0477216
1999-02-28,09292000,39581.86,0.0,489.18,7.42,-9.25,303.25,-0.915,9292000.0,0.8778208
1999-03-01,09292000,39742.04,0.0,470.26,4.02,-11.19,259.97,-3.585,9292000.0,0.8778208
1999-03-02,09292000,39902.83,0.0,473.24,2.83,-12.34,237.02,-4.755,9292000.0,0.8778208
1999-03-03,09292000,40064.2,0.0,490.94,6.47,-9.55,296.33,-1.5400000000000005,9292000.0,0.8778208
1999-03-04,09292000,40226.13,3.76,400.09,0.36,-17.95,148.89,-8.795,9292000.0,0.8778208
1999-03-05,09292000,40388.57,0.0,542.87,-3.9,-22.32,101.9,-13.11,9292000.0,0.9061376
1999-03-06,09292000,40551.49,0.0,586.7,0.97,-21.14,113.13,-10.085,9292000.0,1.1043552
1999-03-07,09292000,40714.87,0.0,399.84,-2.44,-13.98,207.51,-8.21,9292000.0,0.8211872
1999-03-08,09292000,40878.67,3.35,440.85,1.88,-20.11,123.73,-9.115,9292000.0,0.849504
1999-03-09,09292000,41042.87,8.18,361.6,-2.87,-17.76,151.27,-10.315,9292000.0,0.849504
1999-03-10,09292000,41207.42,2.49,454.93,2.8,-20.69,117.64,-8.945,9292000.0,0.9344544
1999-03-11,09292000,41372.31,3.2,329.7,0.55,-12.82,228.08,-6.135,9292000.0,0.8211872
1999-03-12,09292000,41537.49,0.0,532.18,2.33,-14.92,192.02,-6.295,9292000.0,0.8211872
1999-03-13,09292000,41702.95,0.0,626.25,10.38,-14.23,203.24,-1.925,9292000.0,0.8211872
1999-03-14,09292000,41868.66,0.0,583.66,9.86,-10.48,275.12,-0.3100000000000005,9292000.0,0.849504
1999-03-15,09292000,42034.58,0.0,489.81,8.5,-6.41,378.19,1.045,9292000.0,0.849504
1999-03-16,09292000,42200.7,0.0,563.44,7.5,-10.79,268.48,-1.6449999999999996,9292000.0,0.849504
1999-03-17,09292000,42366.97,0.0,598.77,8.44,-11.83,247.11,-1.6950000000000005,9292000.0,0.8778208
1999-03-18,09292000,42533.38,0.0,613.81,10.33,-10.96,264.81,-0.3150000000000004,9292000.0,0.8778208
1999-03-19,09292000,42699.89,0.0,604.7,11.44,-9.34,301.16,1.0499999999999998,9292000.0,0.9344544
1999-03-20,09292000,42866.49,0.0,535.98,8.07,-8.45,322.92,-0.1899999999999995,9292000.0,0.9627712
1999-03-21,09292000,43033.14,0.0,509.46,5.4,-9.6,295.04,-2.1,9292000.0,0.9344544
1999-03-22,09292000,43199.82,0.0,563.79,6.28,-10.89,266.32,-2.305,9292000.0,0.9061376
1999-03-23,09292000,43366.49,0.0,603.61,7.24,-12.1,241.79,-2.43,9292000.0,0.9061376
1999-03-24,09292000,43533.14,0.0,592.55,7.68,-11.0,264.06,-1.66,9292000.0,0.9061376
1999-03-25,09292000,43699.74,0.0,594.07,9.53,-9.02,308.97,0.2549999999999999,9292000.0,0.9627712
1999-03-26,09292000,43866.26,0.0,418.11,3.67,-7.48,348.38,-1.905,9292000.0,0.9627712
1999-03-27,09292000,44032.67,2.61,341.98,0.41,-11.77,248.32,-5.68,9292000.0,0.9061376
1999-03-28,09292000,44198.94,0.0,527.25,0.72,-13.72,211.92,-6.5,9292000.0,0.8778208
1999-03-29,09292000,44365.05,0.0,636.1,7.98,-11.64,250.88,-1.83,9292000.0,0.849504
1999-03-30,09292000,44530.98,0.0,440.06,5.58,-5.8,396.26,-0.1099999999999998,9292000.0,0.8778208
1999-03-31,09292000,44696.68,4.76,266.79,-1.23,-9.94,287.34,-5.585,9292000.0,0.849504
1999-04-01,09292000,44862.15,6.25,353.14,-4.4,-16.14,173.45,-10.27,9292000.0,0.8211872
1999-04-02,09292000,45027.33,4.04,497.12,-0.63,-20.28,121.87,-10.455,9292000.0,0.7928704
1999-04-03,09292000,45192.22,3.94,471.88,-1.75,-19.27,133.06,-10.51,9292000.0,0.849504
1999-04-04,09292000,45356.77,4.79,497.59,-0.36,-19.44,131.08,-9.9,9292000.0,0.9061376
1999-04-05,09292000,45520.97,9.33,515.45,0.17,-19.88,126.21,-9.855,9292000.0,0.849504
1999-04-06,09292000,45684.77,4.81,370.63,-0.61,-12.58,232.43,-6.595,9292000.0,0.7645535999999999
1999-04-07,09292000,45848.15,7.49,489.09,4.42,-13.37,218.12,-4.475,9292000.0,0.7645535999999999
1999-04-08,09292000,46011.08,3.72,432.87,6.4,-8.23,328.51,-0.915,9292000.0,0.70792
1999-04-09,09292000,46173.52,4.44,459.42,-1.75,-17.15,159.28,-9.45,9292000.0,0.70792
1999-04-10,09292000,46335.44,0.0,731.86,1.3,-20.2,122.73,-9.45,9292000.0,0.8778208
1999-04-11,09292000,46496.82,0.0,737.21,4.54,-17.5,154.71,-6.48,9292000.0,0.7928704
1999-04-12,09292000,46657.61,0.0,704.51,8.79,-10.94,265.28,-1.0750000000000002,9292000.0,0.6796032
1999-04-13,09292000,46817.79,0.0,638.48,8.34,-8.0,334.53,0.1699999999999999,9292000.0,0.7362368
1999-04-14,09292000,46977.31,0.0,578.52,2.44,-11.4,255.64,-4.48,9292000.0,0.7645535999999999
1999-04-15,09292000,47136.14,0.0,660.51,0.71,-16.01,175.35,-7.65,9292000.0,0.7362368
1999-04-16,09292000,47294.25,0.0,692.4,1.88,-16.1,174.11,-7.110000000000001,9292000.0,0.7928704
1999-04-17,09292000,47451.59,0.0,675.83,10.21,-7.2,355.86,1.5050000000000003,9292000.0,0.7645535999999999
1999-04-18,09292000,47608.14,0.0,631.9,11.32,-4.16,448.82,3.58,9292000.0,0.9344544
1999-04-19,09292000,47763.84,0.0,658.87,12.62,-3.86,447.0,4.38,9292000.0,1.0760384
1999-04-20,09292000,47918.67,5.67,417.04,5.63,-7.03,360.53,-0.7000000000000002,9292000.0,1.1893056
1999-04-21,09292000,48072.57,6.21,418.13,2.78,-9.69,293.07,-3.455,9292000.0,1.0760384
1999-04-22,09292000,48225.52,7.57,434.26,2.78,-10.14,282.77,-3.6800000000000006,9292000.0,0.9627712
1999-04-23,09292000,48377.46,16.65,322.1,1.78,-7.02,360.89,-2.62,9292000.0,0.9344544
1999-04-24,09292000,48528.35,16.49,315.19,3.15,-5.28,412.42,-1.0650000000000002,9292000.0,0.9344544
1999-04-25,09292000,48678.16,15.24,532.92,7.11,-10.22,280.88,-1.5550000000000002,9292000.0,0.9061376
1999-04-26,09292000,48826.82,7.55,372.08,6.9,-3.41,474.7,1.745,9292000.0,0.991088
1999-04-27,09292000,48974.31,16.03,300.83,5.18,-2.78,497.85,1.2,9292000.0,1.1893056
1999-04-28,09292000,49120.57,21.46,317.21,4.29,-3.91,457.24,0.1899999999999999,9292000.0,1.9255424
1999-04-29,09292000,49265.55,26.46,275.75,2.78,-4.16,448.75,-0.6900000000000002,9292000.0,1.7273248
1999-04-30,09292000,49409.2,6.38,531.28,4.25,-11.96,244.55,-3.855,9292000.0,1.982176
1999-05-01,09292000,49551.49,3.14,613.98,10.92,-13.5,215.71,-1.29,9292000.0,1.9255424
1999-05-02,09292000,49692.34,5.54,483.16,6.3,-7.72,341.87,-0.71,9292000.0,1.9255424
1999-05-03,09292000,49831.73,7.25,521.79,5.44,-10.28,279.52,-2.4199999999999995,9292000.0,1.982176
1999-05-04,09292000,49969.58,4.3,492.96,0.53,-13.45,216.59,-6.46,9292000.0,1.5857408
1999-05-05,09292000,50105.86,0.0,662.39,0.01,-13.78,210.87,-6.885,9292000.0,1.132672
1999-05-06,09292000,50240.5,2.08,616.19,10.02,-13.34,218.56,-1.66,9292000.0,1.0760384
1999-05-07,09292000,50373.45,0.0,775.76,12.76,-6.81,366.94,2.975,9292000.0,1.3025728
1999-05-08,09292000,50504.67,0.0,619.9,12.32,-0.89,572.49,5.715,9292000.0,1.7273248
1999-05-09,09292000,50634.08,0.0,728.3,3.94,-12.59,232.35,-4.325,9292000.0,2.0954432
1999-05-10,09292000,50761.65,0.0,725.57,-0.6,-16.66,166.1,-8.63,9292000.0,1.699008
1999-05-11,09292000,50887.3,0.0,839.27,4.71,-18.49,142.26,-6.889999999999999,9292000.0,1.4441568
1999-05-12,09292000,51010.98,6.9,494.31,7.64,-6.29,381.71,0.6749999999999998,9292000.0,1.3875232
1999-05-13,09292000,51132.65,17.77,463.66,7.55,-5.03,420.14,1.2599999999999998,9292000.0,1.8689088
1999-05-14,09292000,51252.23,10.72,503.67,7.44,-6.75,368.51,0.3450000000000002,9292000.0,2.4918784
1999-05-15,09292000,51369.66,0.0,698.95,5.2,-9.55,296.27,-2.1750000000000003,9292000.0,2.1520768
1999-05-16,09292000,51484.91,0.0,757.76,3.51,-13.43,217.06,-4.96,9292000.0,1.8972256
1999-05-17,09292000,51597.89,2.54,634.55,10.03,-14.4,200.34,-2.1850000000000005,9292000.0,1.6706912
1999-05-18,09292000,51708.56,0.0,782.99,13.04,-6.11,382.1,3.4649999999999994,9292000.0,2.0104928
1999-05-19,09292000,51816.85,0.0,737.86,14.15,-2.87,485.07,5.640000000000001,9292000.0,1.9255424
1999-05-20,09292000,51922.71,0.0,759.12,13.93,-4.18,431.5,4.875,9292000.0,1.9255424
1999-05-21,09292000,52026.08,0.0,730.82,15.45,-1.58,520.55,6.935,9292000.0,2.6051456
1999-05-22,09292000,52126.9,0.0,775.26,17.64,-1.89,490.75,7.875,9292000.0,3.8510848
1999-05-23,09292000,52225.11,3.07,549.13,16.41,-1.5,547.12,7.455,9292000.0,4.1342528
1999-05-24,09292000,52320.66,0.0,658.01,14.4,-0.45,582.79,6.9750000000000005,9292000.0,4.530688
1999-05-25,09292000,52413.49,3.96,507.28,14.77,-0.85,574.06,6.96,9292000.0,5.521776
1999-05-26,09292000,52503.54,0.0,647.06,13.02,-1.44,549.61,5.79,9292000.0,6.796032
1999-05-27,09292000,52590.76,0.0,681.53,14.47,-1.39,540.02,6.54,9292000.0,9.061376
1999-05-28,09292000,52675.09,0.0,724.92,16.51,-1.42,520.32,7.545000000000001,9292000.0,12.74256
1999-05-29,09292000,52756.48,3.08,432.86,10.85,-2.0,527.34,4.425,9292000.0,15.857408
1999-05-30,09292000,52834.87,0.0,636.65,12.17,-2.37,513.04,4.9,9292000.0,14.724736
1999-05-31,09292000,52910.23,0.0,426.84,5.69,-2.92,492.54,1.3850000000000002,9292000.0,15.291072
1999-06-01,09292000,52982.49,0.0,620.6,10.32,-3.24,480.86,3.54,9292000.0,12.74256
1999-06-02,09292000,53051.6,32.17,226.53,2.95,-2.86,494.65,0.0450000000000001,9292000.0,12.74256
1999-06-03,09292000,53117.53,5.64,339.11,5.64,-3.31,478.28,1.1649999999999998,9292000.0,11.32672
1999-06-04,09292000,53180.22,9.38,516.82,7.68,-7.75,341.17,-0.0350000000000001,9292000.0,9.91088
1999-06-05,09292000,53239.63,5.51,530.85,7.28,-8.56,320.11,-0.6400000000000001,9292000.0,8.636624
1999-06-06,09292000,53295.72,8.11,484.1,11.0,-2.78,497.9,4.11,9292000.0,8.49504
1999-06-07,09292000,53348.45,0.0,589.3,10.68,-1.36,552.79,4.66,9292000.0,8.919792
1999-06-08,09292000,53397.78,0.0,669.48,12.2,-2.17,520.64,5.015,9292000.0,9.627712
1999-06-09,09292000,53443.68,2.52,505.94,11.03,-3.54,470.24,3.745,9292000.0,10.477216
1999-06-10,09292000,53486.11,4.66,430.74,7.29,-3.97,455.5,1.66,9292000.0,11.043552
1999-06-11,09292000,53525.04,0.0,762.76,12.68,-4.97,422.25,3.855,9292000.0,10.194048
1999-06-12,09292000,53560.44,0.0,746.87,14.57,-2.69,500.04,5.94,9292000.0,11.043552
1999-06-13,09292000,53592.28,0.0,740.08,15.66,-1.48,543.88,7.09,9292000.0,13.592064
1999-06-14,09292000,53620.55,0.0,690.56,15.29,0.05,613.13,7.67,9292000.0,18.122752
1999-06-15,09292000,53645.21,0.0,677.99,15.94,1.13,662.91,8.535,9292000.0,26.617792
1999-06-16,09292000,53666.26,3.93,542.88,17.12,0.58,636.9,8.85,9292000.0,28.3168
1999-06-17,09292000,53683.67,3.6,463.97,12.76,0.22,620.4,6.49,9292000.0,31.14848
1999-06-18,09292000,53697.43,0.0,752.8,17.78,0.37,614.99,9.075,9292000.0,29.73264
1999-06-19,09292000,53707.54,0.0,740.76,18.28,1.38,662.46,9.83,9292000.0,28.3168
1999-06-20,09292000,53713.97,0.0,746.12,18.79,1.59,669.23,10.19,9292000.0,33.98016
1999-06-21,09292000,53716.74,0.0,721.83,16.58,0.69,641.75,8.635,9292000.0,31.14848
1999-06-22,09292000,53715.83,0.0,668.01,14.51,0.75,644.91,7.63,9292000.0,28.3168
1999-06-23,09292000,53711.24,0.0,729.05,17.08,0.96,650.14,9.02,9292000.0,28.3168
1999-06-24,09292000,53702.99,0.0,732.53,18.22,1.83,686.55,10.025,9292000.0,23.219776
1999-06-25,09292000,53691.07,0.0,638.47,17.24,4.12,820.02,10.68,9292000.0,24.352448
1999-06-26,09292000,53675.5,0.0,688.65,16.3,1.75,693.02,9.025,9292000.0,17.556416
1999-06-27,09292000,53656.28,0.0,674.0,15.46,1.56,683.56,8.51,9292000.0,14.1584
1999-06-28,09292000,53633.44,0.0,722.62,16.59,0.84,646.84,8.715,9292000.0,13.025728
1999-06-29,09292000,53606.99,0.0,511.02,14.18,4.57,846.29,9.375,9292000.0,12.459392
1999-06-30,09292000,53576.95,0.0,533.7,15.63,5.41,897.09,10.52,9292000.0,11.893056
1999-07-01,09292000,53543.34,0.0,650.41,19.24,5.74,918.1,12.489999999999998,9292000.0,11.609888
1999-07-02,09292000,53506.18,0.0,664.32,20.16,5.93,918.4,13.045,9292000.0,11.043552
1999-07-03,09292000,53465.52,0.0,567.7,19.92,8.34,1097.67,14.13,9292000.0,10.477216
1999-07-04,09292000,53421.36,0.0,613.09,18.98,6.35,957.72,12.665,9292000.0,9.061376
1999-07-05,09292000,53373.76,0.0,713.45,20.78,4.84,813.17,12.81,9292000.0,8.49504
1999-07-06,09292000,53322.74,0.0,737.61,22.7,5.47,825.76,14.085,9292000.0,7.928704
1999-07-07,09292000,53268.34,6.41,453.8,19.02,6.36,958.41,12.69,9292000.0,8.211872
1999-07-08,09292000,53210.6,0.0,660.6,18.26,4.12,797.28,11.19,9292000.0,8.49504
1999-07-09,09292000,53149.56,0.0,722.59,18.27,1.83,654.05,10.05,9292000.0,7.645536
1999-07-10,09292000,53085.26,0.0,719.04,19.98,3.25,718.02,11.615,9292000.0,6.796032
1999-07-11,09292000,53017.74,0.0,650.24,19.59,5.37,864.27,12.48,9292000.0,6.512864
1999-07-12,09292000,52947.06,0.0,709.99,20.16,3.72,745.39,11.94,9292000.0,6.229696
1999-07-13,09292000,52873.26,0.0,674.73,21.35,6.06,888.12,13.705,9292000.0,5.946528
1999-07-14,09292000,52796.4,12.53,273.01,10.16,3.34,775.99,6.75,9292000.0,6.229696
1999-07-15,09292000,52716.51,0.0,633.36,15.93,2.59,735.73,9.26,9292000.0,6.512864
1999-07-16,09292000,52633.66,8.35,297.01,10.61,3.25,771.26,6.93,9292000.0,5.946528
1999-07-17,09292000,52547.89,0.0,649.6,15.65,1.91,700.69,8.78,9292000.0,6.229696
1999-07-18,09292000,52459.26,0.0,634.38,17.62,4.23,826.07,10.925,9292000.0,5.946528
1999-07-19,09292000,52367.82,8.22,476.35,16.44,3.03,759.21,9.735,9292000.0,5.66336
1999-07-20,09292000,52273.64,0.0,651.18,16.11,2.39,725.15,9.25,9292000.0,5.946528
1999-07-21,09292000,52176.77,0.0,630.38,17.34,4.18,823.2,10.76,9292000.0,5.66336
1999-07-22,09292000,52077.25,0.0,688.43,19.88,4.35,802.96,12.114999999999998,9292000.0,5.380192
1999-07-23,09292000,51975.16,0.0,708.78,20.74,4.12,763.0,12.43,9292000.0,5.097024
1999-07-24,09292000,51870.55,0.0,629.99,19.11,5.63,872.58,12.37,9292000.0,4.813856
1999-07-25,09292000,51763.48,0.0,690.35,19.16,3.37,705.2,11.265,9292000.0,4.530688
1999-07-26,09292000,51654.0,0.0,651.86,19.32,4.9,792.64,12.11,9292000.0,4.530688
1999-07-27,09292000,51542.18,6.7,459.63,18.25,4.93,867.95,11.59,9292000.0,4.530688
1999-07-28,09292000,51428.07,0.0,639.04,19.39,5.36,780.41,12.375,9292000.0,4.530688
1999-07-29,09292000,51311.73,8.4,349.77,15.48,6.21,948.15,10.845,9292000.0,4.813856
1999-07-30,09292000,51193.22,10.8,382.17,14.92,4.6,847.73,9.76,9292000.0,4.95544
1999-07-31,09292000,51072.6,3.84,421.63,13.73,2.08,709.35,7.905,9292000.0,5.097024
1999-08-01,09292000,50949.93,0.0,677.05,17.23,1.61,570.92,9.42,9292000.0,4.813856
1999-08-02,09292000,50825.26,0.0,648.3,18.33,3.59,653.17,10.96,9292000.0,4.672272
1999-08-03,09292000,50698.66,8.22,458.62,17.69,3.86,771.87,10.775,9292000.0,4.24752
1999-08-04,09292000,50570.17,5.88,361.4,13.82,4.04,815.05,8.93,9292000.0,4.530688
1999-08-05,09292000,50439.86,8.97,416.27,15.15,3.43,781.13,9.29,9292000.0,4.9271232
1999-08-06,09292000,50307.77,0.0,586.15,15.47,2.91,694.27,9.19,9292000.0,4.672272
1999-08-07,09292000,50173.97,0.0,617.89,16.82,3.06,681.08,9.94,9292000.0,4.389104
1999-08-08,09292000,50038.52,0.0,631.15,17.83,3.43,689.09,10.63,9292000.0,4.24752
1999-08-09,09292000,49901.45,0.0,657.12,18.37,2.77,644.76,10.57,9292000.0,4.24752
1999-08-10,09292000,49762.83,0.0,536.07,14.66,3.46,753.08,9.06,9292000.0,4.24752
1999-08-11,09292000,49622.71,0.0,505.74,12.32,2.13,702.15,7.225,9292000.0,4.24752
1999-08-12,09292000,49481.14,0.0,600.68,14.22,1.2,586.44,7.71,9292000.0,4.24752
1999-08-13,09292000,49338.17,0.0,657.74,16.91,1.07,528.81,8.99,9292000.0,3.964352
1999-08-14,09292000,49193.85,0.0,634.02,18.17,3.1,617.05,10.635000000000002,9292000.0,3.822768
1999-08-15,09292000,49048.23,0.0,584.05,16.38,3.06,650.84,9.72,9292000.0,3.681184
1999-08-16,09292000,48901.36,0.0,639.61,17.98,2.1,570.91,10.04,9292000.0,3.681184
1999-08-17,09292000,48753.29,0.0,594.83,17.05,2.98,635.92,10.015,9292000.0,3.398016
1999-08-18,09292000,48604.05,0.0,656.43,18.75,1.46,536.78,10.105,9292000.0,3.681184
1999-08-19,09292000,48453.7,12.85,403.79,16.87,4.25,818.18,10.56,9292000.0,3.964352
1999-08-20,09292000,48302.28,9.32,417.42,16.81,3.41,779.99,10.11,9292000.0,4.530688
1999-08-21,09292000,48149.84,0.0,474.13,14.06,3.59,783.48,8.825,9292000.0,5.097024
1999-08-22,09292000,47996.41,4.07,425.84,16.55,2.74,743.69,9.645,9292000.0,4.24752
1999-08-23,09292000,47842.04,0.0,597.61,18.36,3.27,687.66,10.815,9292000.0,3.964352
1999-08-24,09292000,47686.78,5.31,411.64,18.11,4.64,850.29,11.375,9292000.0,4.530688
1999-08-25,09292000,47530.65,0.0,505.54,15.79,4.12,794.71,9.955,9292000.0,4.105936
1999-08-26,09292000,47373.71,0.0,550.38,17.27,3.86,751.44,10.565,9292000.0,3.964352
1999-08-27,09292000,47215.98,15.0,401.06,16.51,3.44,781.53,9.975,9292000.0,3.6245504
1999-08-28,09292000,47057.51,0.0,548.09,16.54,2.86,722.62,9.7,9292000.0,4.1342528
1999-08-29,09292000,46898.33,0.0,513.57,17.32,4.66,834.94,10.99,9292000.0,3.7661344
1999-08-30,09292000,46738.48,14.69,277.77,13.2,4.88,864.53,9.04,9292000.0,3.681184
1999-08-31,09292000,46577.99,6.65,325.09,13.95,3.96,810.42,8.955,9292000.0,6.088112
1999-09-01,09292000,46416.91,12.49,283.5,11.16,2.83,748.34,6.995,9292000.0,5.097024
1999-09-02,09292000,46255.26,19.57,267.84,7.79,0.15,617.33,3.97,9292000.0,8.4667232
1999-09-03,09292000,46093.07,10.52,251.8,5.5,-1.58,544.17,1.96,9292000.0,8.4100896
1999-09-04,09292000,45930.38,0.0,584.88,10.5,-5.0,421.36,2.75,9292000.0,7.4756352
1999-09-05,09292000,45767.23,0.0,626.79,15.11,-4.24,424.17,5.435,9292000.0,6.937616
1999-09-06,09292000,45603.64,0.0,595.74,16.28,-1.13,538.68,7.575000000000001,9292000.0,6.512864
1999-09-07,09292000,45439.64,0.0,587.23,15.19,-1.85,518.16,6.67,9292000.0,6.0031616
1999-09-08,09292000,45275.26,0.0,600.16,16.04,-2.45,488.36,6.795,9292000.0,5.5500928
1999-09-09,09292000,45110.54,0.0,556.03,16.62,0.59,617.91,8.605,9292000.0,5.238608
1999-09-10,09292000,44945.5,0.0,497.35,14.1,0.79,646.91,7.445,9292000.0,4.9837568
1999-09-11,09292000,44780.17,0.0,540.53,13.55,-1.93,530.28,5.8100000000000005,9292000.0,4.813856
1999-09-12,09292000,44614.58,0.0,566.65,14.16,-3.22,475.41,5.47,9292000.0,4.2758368
1999-09-13,09292000,44448.77,0.0,565.39,15.79,-2.0,515.63,6.895,9292000.0,4.0776192
1999-09-14,09292000,44282.75,0.0,518.53,13.59,-1.47,548.26,6.06,9292000.0,3.8794016
1999-09-15,09292000,44116.55,0.0,525.71,13.44,-2.22,518.84,5.609999999999999,9292000.0,3.7095008
1999-09-16,09292000,43950.2,0.0,528.7,13.79,-2.31,515.56,5.739999999999999,9292000.0,3.5396
1999-09-17,09292000,43783.74,0.0,510.35,13.84,-1.37,552.41,6.234999999999999,9292000.0,3.2847488
1999-09-18,09292000,43617.18,0.0,508.82,14.54,-0.92,570.87,6.81,9292000.0,2.973264
1999-09-19,09292000,43450.55,6.53,215.62,6.09,-1.13,562.49,2.48,9292000.0,3.114848
1999-09-20,09292000,43283.89,0.0,488.49,11.25,-3.23,481.24,4.01,9292000.0,3.1714816
1999-09-21,09292000,43117.21,0.0,543.76,13.97,-4.56,435.41,4.705,9292000.0,2.973264
1999-09-22,09292000,42950.54,0.0,509.23,14.28,-2.14,521.77,6.069999999999999,9292000.0,2.7184128
1999-09-23,09292000,42783.91,0.0,442.51,12.18,-0.88,572.67,5.65,9292000.0,2.6051456
1999-09-24,09292000,42617.35,0.0,436.21,11.67,-1.27,556.54,5.2,9292000.0,2.548512
1999-09-25,09292000,42450.89,0.0,434.37,16.46,3.09,762.48,9.775,9292000.0,2.4352448
1999-09-26,09292000,42284.54,0.0,409.7,8.69,-3.28,479.46,2.705,9292000.0,2.265344
1999-09-27,09292000,42118.34,0.0,430.93,4.46,-8.3,326.85,-1.9200000000000004,9292000.0,2.1803936
1999-09-28,09292000,41952.32,0.0,441.3,2.27,-11.01,263.76,-4.37,9292000.0,2.12376
1999-09-29,09292000,41786.5,0.0,555.0,14.48,-10.36,277.91,2.0600000000000005,9292000.0,1.982176
1999-09-30,09292000,41620.92,0.0,487.43,15.38,-2.6,504.58,6.390000000000001,9292000.0,1.840592
1999-10-01,09292000,41455.59,0.0,403.36,10.32,-2.82,496.36,3.75,9292000.0,1.8122752
1999-10-02,09292000,41290.54,0.0,465.07,11.28,-5.69,399.8,2.7949999999999995,9292000.0,1.7273248
1999-10-03,09292000,41125.82,0.0,415.33,10.42,-4.06,452.39,3.18,9292000.0,1.6706912
1999-10-04,09292000,40961.44,0.0,462.71,14.18,-3.74,463.4,5.22,9292000.0,1.6140576
1999-10-05,09292000,40797.44,0.0,417.76,12.91,-2.15,521.48,5.38,9292000.0,1.5857408
1999-10-06,09292000,40633.84,0.0,361.42,10.67,-1.55,545.2,4.56,9292000.0,1.5007904
1999-10-07,09292000,40470.68,0.0,301.85,7.41,-2.28,516.45,2.5650000000000004,9292000.0,1.4441568
1999-10-08,09292000,40307.99,0.0,424.71,12.79,-2.91,493.06,4.94,9292000.0,1.41584
1999-10-09,09292000,40145.81,0.0,421.69,15.2,-0.75,578.31,7.225,9292000.0,1.3025728
1999-10-10,09292000,39984.15,0.0,430.57,15.63,-1.32,554.31,7.155,9292000.0,1.3592064
1999-10-11,09292000,39823.06,0.0,404.26,15.08,-0.41,592.84,7.335,9292000.0,1.274256
1999-10-12,09292000,39662.57,0.0,372.48,13.7,0.01,611.02,6.855,9292000.0,1.2176224
1999-10-13,09292000,39502.72,0.0,425.42,15.17,-2.17,520.86,6.5,9292000.0,1.132672
1999-10-14,09292000,39343.54,0.0,422.24,14.5,-3.0,489.75,5.75,9292000.0,1.1893056
1999-10-15,09292000,39185.06,0.0,420.46,7.5,-9.6,295.13,-1.0499999999999998,9292000.0,1.2176224
1999-10-16,09292000,39027.33,0.0,273.98,-4.54,-13.7,212.27,-9.12,9292000.0,0.991088
1999-10-17,09292000,38870.38,0.0,438.07,6.67,-12.42,235.53,-2.875,9292000.0,0.9627712
1999-10-18,09292000,38714.24,0.0,382.17,5.5,-9.43,299.04,-1.965,9292000.0,1.1043552
1999-10-19,09292000,38558.97,0.0,411.58,8.13,-9.67,293.53,-0.7699999999999996,9292000.0,0.991088
1999-10-20,09292000,38404.6,0.0,372.11,11.17,-4.16,449.0,3.505,9292000.0,0.991088
1999-10-21,09292000,38251.17,0.0,393.02,12.92,-4.26,445.39,4.33,9292000.0,0.9627712
1999-10-22,09292000,38098.72,0.0,396.06,13.28,-4.61,433.81,4.334999999999999,9292000.0,0.9344544
1999-10-23,09292000,37947.29,0.0,388.73,13.5,-4.21,447.22,4.645,9292000.0,0.9344544
1999-10-24,09292000,37796.93,0.0,372.55,12.29,-4.37,441.7,3.96,9292000.0,0.9061376
1999-10-25,09292000,37647.69,0.0,383.85,13.04,-5.04,420.0,4.0,9292000.0,0.849504
1999-10-26,09292000,37499.61,0.0,354.96,12.48,-3.71,464.39,4.385,9292000.0,0.8211872
1999-10-27,09292000,37352.73,0.0,302.91,11.21,-3.84,459.84,3.685000000000001,9292000.0,0.8211872
1999-10-28,09292000,37207.1,5.15,213.84,3.88,-8.01,334.29,-2.065,9292000.0,0.8211872
1999-10-29,09292000,37062.77,2.81,213.26,-0.77,-12.31,237.72,-6.54,9292000.0,0.7928704
1999-10-30,09292000,36919.79,0.0,369.54,9.88,-7.86,338.25,1.0100000000000002,9292000.0,0.8778208
1999-10-31,09292000,36778.21,0.0,346.35,12.21,-4.08,451.45,4.065,9292000.0,1.2459392
1999-11-01,09292000,36638.08,0.0,317.97,7.65,-6.47,376.58,0.5900000000000003,9292000.0,0.8211872
1999-11-02,09292000,36499.45,0.0,345.96,9.6,-6.93,363.5,1.335,9292000.0,0.8211872
1999-11-03,09292000,36362.38,0.0,320.8,9.83,-4.94,423.15,2.445,9292000.0,0.8778208
1999-11-04,09292000,36226.91,0.0,310.8,11.03,-3.36,476.62,3.835,9292000.0,0.849504
1999-11-05,09292000,36093.1,0.0,305.02,10.33,-3.86,458.98,3.2350000000000003,9292000.0,0.849504
1999-11-06,09292000,35961.0,0.0,308.63,10.27,-4.48,438.09,2.895,9292000.0,0.8778208
1999-11-07,09292000,35830.68,0.0,280.49,9.16,-3.79,461.6,2.685,9292000.0,0.9061376
1999-11-08,09292000,35702.18,0.0,230.17,5.88,-4.18,448.04,0.8500000000000001,9292000.0,0.9344544
1999-11-09,09292000,35575.56,0.0,294.44,5.74,-8.1,331.96,-1.1799999999999995,9292000.0,0.9344544
1999-11-10,09292000,35450.88,0.0,297.24,8.24,-6.04,389.04,1.1,9292000.0,0.9627712
1999-11-11,09292000,35328.19,0.0,284.55,9.79,-3.88,458.45,2.955,9292000.0,0.9344544
1999-11-12,09292000,35207.56,0.0,314.34,12.3,-4.02,453.66,4.140000000000001,9292000.0,0.9627712
1999-11-13,09292000,35089.04,0.0,318.03,12.48,-4.51,437.05,3.985,9292000.0,0.9061376
1999-11-14,09292000,34972.69,0.0,290.57,14.18,-3.72,463.97,5.23,9292000.0,0.9344544
1999-11-15,09292000,34858.56,0.0,276.64,12.28,-4.37,441.98,3.955,9292000.0,0.9344544
1999-11-16,09292000,34746.73,0.0,245.09,10.25,-3.44,473.97,3.405,9292000.0,0.9627712
1999-11-17,09292000,34637.23,4.03,206.64,4.97,-8.92,311.23,-1.975,9292000.0,0.991088
1999-11-18,09292000,34530.14,0.0,266.74,-0.58,-13.59,214.09,-7.085,9292000.0,1.0194048
1999-11-19,09292000,34425.52,0.0,326.8,7.2,-12.08,242.14,-2.44,9292000.0,1.0194048
1999-11-20,09292000,34323.41,0.0,241.08,-1.02,-12.56,232.86,-6.79,9292000.0,1.0477216
1999-11-21,09292000,34223.88,6.43,157.02,-4.9,-14.48,199.15,-9.69,9292000.0,1.0477216
1999-11-22,09292000,34126.99,0.0,284.34,-8.27,-22.55,99.92,-15.41,9292000.0,1.0477216
1999-11-23,09292000,34032.78,0.0,312.75,-5.83,-23.06,95.45,-14.445,9292000.0,1.0760384
1999-11-24,09292000,33941.33,0.0,298.69,-4.26,-20.3,121.69,-12.28,9292000.0,1.0760384
1999-11-25,09292000,33852.69,4.2,129.36,1.78,-6.04,389.13,-2.13,9292000.0,1.0760384
1999-11-26,09292000,33766.9,0.0,211.13,5.44,-4.43,439.76,0.5050000000000003,9292000.0,1.0760384
1999-11-27,09292000,33684.02,0.0,243.67,3.9,-7.95,335.75,-2.0250000000000004,9292000.0,1.0760384
1999-11-28,09292000,33604.12,0.0,271.95,5.73,-8.47,322.48,-1.37,9292000.0,1.1043552
1999-11-29,09292000,33527.23,0.0,284.69,8.32,-7.23,355.04,0.5449999999999999,9292000.0,1.132672
1999-11-30,09292000,33453.41,0.0,218.31,2.79,-7.58,345.57,-2.395,9292000.0,1.132672
1999-12-01,09292000,33382.71,0.0,233.21,-0.74,-11.96,244.52,-6.3500000000000005,9292000.0,1.1609888
1999-12-02,09292000,33315.18,0.0,296.84,1.35,-15.37,156.09,-7.01,9292000.0,1.2176224
1999-12-03,09292000,33250.86,0.0,233.17,-7.27,-18.42,134.59,-12.845,9292000.0,1.1893056
1999-12-04,09292000,33189.79,0.0,303.06,-1.64,-19.36,98.38,-10.5,9292000.0,1.2459392
1999-12-05,09292000,33132.03,0.0,290.68,3.63,-12.87,151.91,-4.619999999999999,9292000.0,1.274256
1999-12-06,09292000,33077.61,0.0,265.03,-0.29,-14.24,156.86,-7.265,9292000.0,1.3308896
1999-12-07,09292000,33026.56,3.88,192.03,-4.55,-17.89,146.83,-11.22,9292000.0,1.3875232
1999-12-08,09292000,32978.94,2.58,194.66,-6.82,-20.57,118.89,-13.695,9292000.0,1.4724736
1999-12-09,09292000,32934.76,0.0,281.38,-4.04,-19.87,115.26,-11.955,9292000.0,1.4724736
1999-12-10,09292000,32894.07,3.56,193.12,-6.38,-20.11,123.65,-13.245,9292000.0,1.5291072
1999-12-11,09292000,32856.9,0.0,283.47,-5.18,-21.42,107.19,-13.3,9292000.0,1.5857408
1999-12-12,09292000,32823.26,0.0,265.09,-0.18,-14.68,178.01,-7.43,9292000.0,1.6423744
1999-12-13,09292000,32793.2,12.58,191.53,-5.54,-19.04,135.65,-12.29,9292000.0,1.699008
1999-12-14,09292000,32766.72,0.0,253.64,-9.57,-22.64,99.12,-16.105,9292000.0,1.7273248
1999-12-15,09292000,32743.86,0.0,299.4,-2.56,-20.89,115.59,-11.725,9292000.0,1.7556416
1999-12-16,09292000,32724.62,3.64,148.12,0.22,-9.3,302.15,-4.54,9292000.0,1.840592
1999-12-17,09292000,32709.02,3.02,162.18,-1.2,-11.73,249.0,-6.465,9292000.0,1.8122752
1999-12-18,09292000,32697.08,4.97,146.6,-4.1,-13.22,220.75,-8.66,9292000.0,1.7839584
1999-12-19,09292000,32688.8,3.75,119.2,-6.67,-13.63,213.49,-10.15,9292000.0,1.7839584
1999-12-20,09292000,32684.19,8.03,80.84,-8.43,-12.88,226.94,-10.655,9292000.0,1.7556416
1999-12-21,09292000,32683.26,8.96,178.28,-7.62,-18.6,140.9,-13.11,9292000.0,1.699008
1999-12-22,09292000,32686.0,0.0,266.98,-5.21,-18.19,145.88,-11.7,9292000.0,1.6706912
1999-12-23,09292000,32692.41,0.0,304.66,3.92,-13.42,217.09,-4.75,9292000.0,1.6423744
1999-12-24,09292000,32702.49,0.0,303.98,4.71,-12.59,232.27,-3.94,9292000.0,1.5857408
1999-12-25,09292000,32716.23,0.0,284.61,4.12,-11.02,263.57,-3.45,9292000.0,1.5291072
1999-12-26,09292000,32733.61,0.0,286.52,2.55,-12.84,227.65,-5.145,9292000.0,1.4441568
1999-12-27,09292000,32754.64,0.0,303.42,5.2,-12.51,233.76,-3.655,9292000.0,1.3875232
1999-12-28,09292000,32779.28,0.0,291.2,8.23,-8.14,330.9,0.0449999999999999,9292000.0,1.3308896
1999-12-29,09292000,32807.52,0.0,283.63,4.65,-10.49,275.0,-2.92,9292000.0,1.3308896
1999-12-30,09292000,32839.34,0.0,290.5,3.14,-12.74,229.5,-4.8,9292000.0,1.3592064
1999-12-31,09292000,32874.72,0.0,276.58,0.65,-13.81,210.38,-6.58,9292000.0,1.4724736
2000-01-01,09292000,32913.8,0.0,305.1,-4.72,-17.8,150.77,-11.26,9292000.0,1.1893056
2000-01-02,09292000,32956.22,0.0,277.72,-8.73,-19.8,127.06,-14.265,9292000.0,1.1609888
2000-01-03,09292000,33002.11,2.28,186.86,-10.73,-20.25,122.25,-15.49,9292000.0,1.1893056
2000-01-04,09292000,33051.44,4.18,222.84,-1.33,-13.72,211.83,-7.525,9292000.0,1.1609888
2000-01-05,09292000,33104.16,0.0,281.83,-10.1,-21.12,113.29,-15.61,9292000.0,1.1609888
2000-01-06,09292000,33160.24,0.0,348.09,-3.8,-20.41,120.56,-12.105,9292000.0,1.132672
2000-01-07,09292000,33219.65,0.0,299.48,-5.23,-17.29,157.46,-11.26,9292000.0,1.0760384
2000-01-08,09292000,33282.33,3.62,263.82,-0.43,-17.58,153.61,-9.004999999999999,9292000.0,1.0194048
2000-01-09,09292000,33348.25,3.14,172.64,-7.41,-15.69,180.04,-11.55,9292000.0,1.0194048
2000-01-10,09292000,33417.36,13.08,114.14,-5.32,-10.47,275.38,-7.895,9292000.0,1.0760384
2000-01-11,09292000,33489.61,9.91,114.25,-3.14,-8.25,327.99,-5.695,9292000.0,1.1043552
2000-01-12,09292000,33564.96,4.57,198.94,-5.07,-14.55,197.89,-9.81,9292000.0,1.0477216
2000-01-13,09292000,33643.35,0.0,350.27,-0.18,-14.83,193.45,-7.505,9292000.0,1.1043552
2000-01-14,09292000,33724.73,0.0,312.62,2.48,-9.41,299.6,-3.465,9292000.0,0.991088
2000-01-15,09292000,33809.06,2.69,241.9,3.24,-9.28,302.64,-3.02,9292000.0,0.991088
2000-01-16,09292000,33896.27,0.0,123.06,-0.99,-4.9,424.55,-2.9450000000000003,9292000.0,0.9627712
2000-01-17,09292000,33986.31,1.92,246.21,1.25,-7.07,359.51,-2.91,9292000.0,0.991088
2000-01-18,09292000,34079.13,15.14,131.53,-0.82,-6.41,378.3,-3.615,9292000.0,0.991088
2000-01-19,09292000,34174.68,4.31,249.94,0.99,-11.22,259.5,-5.115,9292000.0,1.0194048
2000-01-20,09292000,34272.88,0.0,362.47,4.51,-9.46,298.38,-2.4750000000000005,9292000.0,1.0194048
2000-01-21,09292000,34373.7,4.45,251.3,-1.06,-12.95,225.69,-7.005,9292000.0,1.0194048
2000-01-22,09292000,34477.06,0.0,331.91,-4.1,-15.48,183.19,-9.79,9292000.0,0.991088
2000-01-23,09292000,34582.92,2.35,291.3,-0.83,-16.0,175.47,-8.415,9292000.0,1.0194048
2000-01-24,09292000,34691.2,3.08,215.47,0.14,-9.09,307.23,-4.475,9292000.0,1.0477216
2000-01-25,09292000,34801.87,6.09,242.8,-0.02,-10.67,271.1,-5.345,9292000.0,0.991088
2000-01-26,09292000,34914.85,0.0,405.58,-1.14,-16.52,168.03,-8.83,9292000.0,0.9627712
2000-01-27,09292000,35030.08,0.0,421.13,-7.21,-23.6,90.96,-15.405,9292000.0,1.0477216
2000-01-28,09292000,35147.52,0.0,440.83,-6.39,-24.9,80.88,-15.645,9292000.0,1.0477216
2000-01-29,09292000,35267.09,0.0,437.2,-4.57,-21.95,105.3,-13.26,9292000.0,1.0194048
2000-01-30,09292000,35388.75,0.0,461.3,-0.85,-21.97,105.09,-11.41,9292000.0,0.9627712
2000-01-31,09292000,35512.43,2.84,284.73,-5.07,-17.5,154.75,-11.285,9292000.0,0.991088
2000-02-01,09292000,35638.08,0.0,457.03,2.25,-16.99,161.44,-7.369999999999999,9292000.0,0.991088
2000-02-02,09292000,35765.64,0.0,423.78,8.98,-6.81,366.79,1.0850000000000004,9292000.0,0.9627712
2000-02-03,09292000,35895.05,0.0,463.19,9.23,-10.91,265.95,-0.8399999999999999,9292000.0,0.9344544
2000-02-04,09292000,36026.26,0.0,416.93,2.24,-12.5,233.97,-5.13,9292000.0,0.8778208
2000-02-05,09292000,36159.21,0.0,391.47,0.19,-12.62,231.69,-6.215,9292000.0,0.849504
2000-02-06,09292000,36293.85,0.0,441.13,3.41,-12.69,230.37,-4.64,9292000.0,0.849504
2000-02-07,09292000,36430.12,0.0,479.32,7.66,-12.47,234.64,-2.405,9292000.0,0.849504
2000-02-08,09292000,36567.97,0.0,429.01,5.1,-9.91,288.01,-2.405,9292000.0,0.8778208
2000-02-09,09292000,36707.35,0.0,330.41,2.22,-7.85,338.53,-2.8149999999999995,9292000.0,0.849504
2000-02-10,09292000,36848.2,6.16,241.32,0.67,-9.05,308.2,-4.19,9292000.0,0.9061376
2000-02-11,09292000,36990.48,4.63,289.02,1.65,-10.57,273.23,-4.46,9292000.0,0.9061376
2000-02-12,09292000,37134.14,9.84,237.94,-3.55,-12.64,231.43,-8.095,9292000.0,0.9344544
2000-02-13,09292000,37279.12,5.23,234.9,-4.89,-13.64,213.37,-9.265,9292000.0,0.9627712
2000-02-14,09292000,37425.37,17.69,268.2,1.08,-9.02,308.79,-3.97,9292000.0,0.9627712
2000-02-15,09292000,37572.85,0.0,455.35,-0.78,-15.06,189.83,-7.92,9292000.0,0.991088
2000-02-16,09292000,37721.52,8.29,273.05,-1.93,-12.18,240.18,-7.055,9292000.0,1.0194048
2000-02-17,09292000,37871.32,5.88,309.44,0.51,-11.7,249.53,-5.595,9292000.0,0.9627712
2000-02-18,09292000,38022.21,0.0,554.24,1.5,-20.99,114.54,-9.745,9292000.0,0.9344544
2000-02-19,09292000,38174.15,0.0,569.39,4.02,-20.89,115.54,-8.435,9292000.0,0.9061376
2000-02-20,09292000,38327.09,6.78,374.73,2.61,-14.47,199.29,-5.930000000000001,9292000.0,0.9627712
2000-02-21,09292000,38481.0,12.81,132.94,-1.62,-6.26,382.53,-3.94,9292000.0,0.9344544
2000-02-22,09292000,38635.82,7.01,373.98,3.68,-12.65,231.27,-4.485,9292000.0,0.8778208
2000-02-23,09292000,38791.52,12.01,300.92,-5.63,-16.98,161.58,-11.305,9292000.0,0.9061376
2000-02-24,09292000,38948.06,20.19,330.03,-5.86,-18.65,140.22,-12.255,9292000.0,0.849504
2000-02-25,09292000,39105.41,0.0,396.47,-8.62,-19.39,131.65,-14.005,9292000.0,0.9061376
2000-02-26,09292000,39263.51,4.32,411.48,-2.37,-20.79,116.58,-11.58,9292000.0,0.9344544
2000-02-27,09292000,39422.34,0.0,456.16,0.48,-12.3,237.93,-5.91,9292000.0,0.9627712
2000-02-28,09292000,39581.86,4.86,343.45,-0.61,-13.29,219.43,-6.949999999999999,9292000.0,0.991088
2000-02-29,09292000,39742.04,0.0,596.55,2.15,-18.83,138.17,-8.34,9292000.0,1.0194048
2000-03-01,09292000,39902.83,6.19,332.79,-1.19,-13.02,224.31,-7.105,9292000.0,0.8721574400000001
2000-03-02,09292000,40064.2,0.0,609.16,5.16,-16.32,170.92,-5.58,9292000.0,0.89481088
2000-03-03,09292000,40226.13,0.0,631.86,8.61,-16.41,169.51,-3.9,9292000.0,0.87498912
2000-03-04,09292000,40388.57,0.0,612.58,9.76,-11.99,243.86,-1.1150000000000002,9292000.0,0.89481088
2000-03-05,09292000,40551.49,5.45,306.82,0.02,-10.41,276.85,-5.195,9292000.0,0.90330592
2000-03-06,09292000,40714.87,10.01,194.32,-4.23,-10.29,279.4,-7.26,9292000.0,0.86649408
2000-03-07,09292000,40878.67,4.03,453.28,2.49,-16.69,165.6,-7.1000000000000005,9292000.0,0.8551673599999999
2000-03-08,09292000,41042.87,7.85,344.76,-1.55,-12.98,225.16,-7.265000000000001,9292000.0,0.8325139199999999
2000-03-09,09292000,41207.42,6.0,431.44,-1.08,-17.23,158.32,-9.155,9292000.0,0.8721574400000001
2000-03-10,09292000,41372.31,0.0,651.49,1.61,-20.43,120.33,-9.41,9292000.0,0.89481088
2000-03-11,09292000,41537.49,3.13,471.42,2.44,-17.84,150.35,-7.7,9292000.0,0.99675136
2000-03-12,09292000,41702.95,0.0,610.19,2.94,-15.5,183.02,-6.28,9292000.0,0.849504
2000-03-13,09292000,41868.66,0.0,637.71,6.67,-14.05,206.24,-3.69,9292000.0,0.85799904
2000-03-14,09292000,42034.58,0.0,534.55,3.49,-11.16,260.72,-3.835,9292000.0,0.8466723199999999
2000-03-15,09292000,42200.7,4.86,419.33,-2.41,-18.12,146.71,-10.265,9292000.0,0.8353456
2000-03-16,09292000,42366.97,2.18,514.54,5.85,-20.54,119.14,-7.345,9292000.0,0.9061376
2000-03-17,09292000,42533.38,0.0,469.9,-1.05,-13.28,219.66,-7.165,9292000.0,0.80136544
2000-03-18,09292000,42699.89,0.0,585.04,2.04,-14.84,193.29,-6.4,9292000.0,0.78437536
2000-03-19,09292000,42866.49,7.99,400.38,0.64,-13.75,211.39,-6.555,9292000.0,0.79003872
2000-03-20,09292000,43033.14,0.0,374.42,-6.88,-15.65,180.76,-11.265,9292000.0,0.87498912
2000-03-21,09292000,43199.82,3.73,518.56,5.4,-18.21,145.62,-6.405,9292000.0,1.05055328
2000-03-22,09292000,43366.49,0.0,699.45,10.82,-13.87,209.28,-1.5249999999999997,9292000.0,0.8778208
2000-03-23,09292000,43533.14,0.0,649.25,8.36,-11.6,251.57,-1.62,9292000.0,0.84384064
2000-03-24,09292000,43699.74,0.0,642.62,6.28,-13.07,223.42,-3.395,9292000.0,0.849504
2000-03-25,09292000,43866.26,0.0,634.95,7.81,-11.17,260.45,-1.6800000000000002,9292000.0,0.849504
2000-03-26,09292000,44032.67,0.0,554.14,7.04,-8.13,331.23,-0.5450000000000004,9292000.0,0.8636623999999999
2000-03-27,09292000,44198.94,0.0,666.59,10.86,-10.0,285.96,0.4299999999999997,9292000.0,0.9061376
2000-03-28,09292000,44365.05,0.0,567.68,3.36,-12.05,242.69,-4.345000000000001,9292000.0,0.9061376
2000-03-29,09292000,44530.98,0.0,661.83,4.7,-15.36,185.05,-5.33,9292000.0,0.849504
2000-03-30,09292000,44696.68,0.0,437.88,-3.64,-14.4,200.42,-9.02,9292000.0,0.8211872
2000-03-31,09292000,44862.15,0.0,554.73,-0.12,-14.6,197.05,-7.359999999999999,9292000.0,0.849504
2000-04-01,09292000,45027.33,0.0,668.08,4.41,-15.13,188.68,-5.36,9292000.0,0.991088
2000-04-02,09292000,45192.22,6.55,317.11,2.06,-8.03,333.69,-2.9849999999999994,9292000.0,1.0477216
2000-04-03,09292000,45356.77,0.0,610.79,7.3,-8.72,316.15,-0.7100000000000004,9292000.0,1.274256
2000-04-04,09292000,45520.97,0.0,631.86,13.5,-3.88,458.52,4.8100000000000005,9292000.0,1.5007904
2000-04-05,09292000,45684.77,0.0,495.79,10.06,-2.25,517.72,3.905,9292000.0,1.557424
2000-04-06,09292000,45848.15,0.0,480.66,8.11,-3.47,472.67,2.3199999999999994,9292000.0,1.3875232
2000-04-07,09292000,46011.08,0.0,649.73,8.0,-9.57,295.76,-0.7850000000000001,9292000.0,1.3592064
2000-04-08,09292000,46173.52,0.0,725.06,11.93,-10.29,279.45,0.8200000000000003,9292000.0,1.3592064
2000-04-09,09292000,46335.44,0.0,588.33,8.69,-6.23,383.65,1.2299999999999995,9292000.0,1.41584
2000-04-10,09292000,46496.82,0.0,653.15,7.79,-9.5,297.39,-0.855,9292000.0,1.3875232
2000-04-11,09292000,46657.61,0.0,699.23,11.23,-8.42,317.56,1.4050000000000002,9292000.0,1.3592064
2000-04-12,09292000,46817.79,0.0,694.87,12.35,-6.95,349.91,2.7,9292000.0,1.4441568
2000-04-13,09292000,46977.31,0.0,582.52,10.85,-3.58,468.72,3.635,9292000.0,1.5857408
2000-04-14,09292000,47136.14,12.05,324.12,3.29,-6.46,376.92,-1.585,9292000.0,1.557424
2000-04-15,09292000,47294.25,7.48,471.83,5.38,-10.04,284.97,-2.33,9292000.0,1.4724736
2000-04-16,09292000,47451.59,3.12,468.44,4.78,-10.45,275.91,-2.8349999999999995,9292000.0,1.3875232
2000-04-17,09292000,47608.14,0.0,565.52,10.15,-3.06,487.28,3.545,9292000.0,1.8972256
2000-04-18,09292000,47763.84,5.45,329.71,1.26,-8.2,329.28,-3.47,9292000.0,1.6706912
2000-04-19,09292000,47918.67,2.79,385.97,2.92,-8.51,321.44,-2.795,9292000.0,1.6423744
2000-04-20,09292000,48072.57,0.0,763.95,10.72,-10.83,254.24,-0.0549999999999997,9292000.0,1.7273248
2000-04-21,09292000,48225.52,0.0,634.6,8.85,-5.98,391.07,1.4349999999999996,9292000.0,1.7273248
2000-04-22,09292000,48377.46,4.98,382.36,7.51,-3.39,475.47,2.06,9292000.0,1.7556416
2000-04-23,09292000,48528.35,5.37,449.06,7.68,-5.54,404.45,1.0699999999999998,9292000.0,1.7556416
2000-04-24,09292000,48678.16,0.0,661.96,4.54,-10.34,278.32,-2.9,9292000.0,1.3025728
2000-04-25,09292000,48826.82,0.0,762.67,10.73,-9.18,284.08,0.7750000000000004,9292000.0,1.4441568
2000-04-26,09292000,48974.31,0.0,667.52,13.11,-2.23,492.38,5.44,9292000.0,1.6706912
2000-04-27,09292000,49120.57,0.0,737.75,16.16,-2.44,455.32,6.86,9292000.0,2.0671264
2000-04-28,09292000,49265.55,0.0,642.64,13.3,-1.03,542.41,6.135000000000001,9292000.0,2.4635616
2000-04-29,09292000,49409.2,0.0,611.12,5.22,-7.79,340.16,-1.285,9292000.0,2.3786112
2000-04-30,09292000,49551.49,0.0,787.5,10.11,-10.87,246.02,-0.3799999999999999,9292000.0,2.2936608
2000-05-01,09292000,49692.34,0.0,774.3,15.84,-4.56,378.07,5.640000000000001,9292000.0,2.406928
2000-05-02,09292000,49831.73,0.0,731.44,15.39,-2.83,441.53,6.28,9292000.0,3.3696992
2000-05-03,09292000,49969.58,0.0,730.63,16.18,-2.07,463.27,7.055,9292000.0,4.5590048
2000-05-04,09292000,50105.86,0.0,655.51,16.55,1.37,618.8,8.96,9292000.0,5.8332608
2000-05-05,09292000,50240.5,0.0,561.38,13.61,1.49,671.51,7.55,9292000.0,7.9570208
2000-05-06,09292000,50373.45,0.0,444.71,10.58,1.5,680.46,6.04,9292000.0,7.0508832
2000-05-07,09292000,50504.67,2.64,384.19,6.29,-4.13,449.91,1.08,9292000.0,5.9748448
2000-05-08,09292000,50634.08,2.68,428.5,6.26,-5.38,409.2,0.4399999999999999,9292000.0,4.7572224
2000-05-09,09292000,50761.65,0.0,680.26,8.07,-6.74,360.19,0.665,9292000.0,4.3607872
2000-05-10,09292000,50887.3,0.0,676.05,9.35,-5.25,399.15,2.05,9292000.0,4.24752
2000-05-11,09292000,51010.98,0.0,585.8,0.01,-11.43,255.03,-5.71,9292000.0,3.6528672
2000-05-12,09292000,51132.65,0.0,630.77,0.68,-11.78,248.08,-5.55,9292000.0,3.2281152
2000-05-13,09292000,51252.23,0.0,798.96,7.48,-12.0,218.06,-2.26,9292000.0,3.4546496
2000-05-14,09292000,51369.66,0.0,732.9,10.22,-6.23,338.14,1.995,9292000.0,3.4263328
2000-05-15,09292000,51484.91,0.0,646.58,12.75,-0.73,501.96,6.01,9292000.0,3.9077184
2000-05-16,09292000,51597.89,0.0,638.62,9.04,-3.99,411.44,2.5249999999999995,9292000.0,4.24752
2000-05-17,09292000,51708.56,0.0,583.0,5.73,-5.65,381.72,0.04,9292000.0,3.7944512
2000-05-18,09292000,51816.85,0.0,530.43,5.84,-4.31,430.47,0.7650000000000001,9292000.0,4.1342528
2000-05-19,09292000,51922.71,0.0,660.88,9.64,-4.04,386.19,2.8000000000000003,9292000.0,5.2669248
2000-05-20,09292000,52026.08,0.0,712.98,12.12,-3.14,385.79,4.489999999999999,9292000.0,6.6261312
2000-05-21,09292000,52126.9,0.0,654.21,13.25,-0.09,487.12,6.58,9292000.0,8.6083072
2000-05-22,09292000,52225.11,0.0,691.63,16.0,1.3,482.45,8.65,9292000.0,9.769296
2000-05-23,09292000,52320.66,0.0,542.6,16.21,5.62,731.54,10.915,9292000.0,12.2611744
2000-05-24,09292000,52413.49,0.0,607.93,13.23,1.3,495.92,7.265000000000001,9292000.0,10.0241472
2000-05-25,09292000,52503.54,7.21,366.02,9.29,0.35,577.91,4.819999999999999,9292000.0,9.6843456
2000-05-26,09292000,52590.76,0.0,544.55,8.54,-1.35,435.89,3.595,9292000.0,8.3251392
2000-05-27,09292000,52675.09,0.0,778.73,14.42,-2.55,273.92,5.9350000000000005,9292000.0,8.551673599999999
2000-05-28,09292000,52756.48,2.3,535.37,17.79,2.81,524.91,10.3,9292000.0,9.7126624
2000-05-29,09292000,52834.87,0.0,690.32,17.94,4.11,456.82,11.025,9292000.0,9.8542464
2000-05-30,09292000,52910.23,0.0,714.53,17.74,3.34,419.62,10.54,9292000.0,8.0419712
2000-05-31,09292000,52982.49,0.0,741.32,14.64,-0.35,310.0,7.1450000000000005,9292000.0,6.8526656
2000-06-01,09292000,53051.6,0.0,820.57,14.77,-3.96,213.74,5.404999999999999,9292000.0,6.1447456
2000-06-02,09292000,53117.53,0.0,779.05,17.27,0.69,302.37,8.98,9292000.0,6.0314784
2000-06-03,09292000,53180.22,0.0,788.91,18.34,1.18,302.89,9.76,9292000.0,5.6067264
2000-06-04,09292000,53239.63,0.0,792.32,18.62,1.2,283.17,9.91,9292000.0,5.2952416
2000-06-05,09292000,53295.72,0.0,776.88,19.5,2.6,278.5,11.05,9292000.0,4.672272
2000-06-06,09292000,53348.45,0.0,722.96,18.62,3.76,319.31,11.19,9292000.0,4.1625696
2000-06-07,09292000,53397.78,0.0,750.6,20.23,4.22,293.91,12.225,9292000.0,3.8510848
2000-06-08,09292000,53443.68,0.0,542.18,13.79,3.91,408.78,8.85,9292000.0,3.6245504
2000-06-09,09292000,53486.11,0.0,562.0,7.37,-2.73,278.29,2.3200000000000003,9292000.0,3.4546496
2000-06-10,09292000,53525.04,0.0,728.06,11.49,-3.19,172.71,4.15,9292000.0,2.6617792
2000-06-11,09292000,53560.44,0.0,734.8,15.34,0.26,217.29,7.8,9292000.0,2.406928
2000-06-12,09292000,53592.28,0.0,677.79,15.02,1.97,252.29,8.495,9292000.0,2.265344
2000-06-13,09292000,53620.55,0.0,596.09,11.22,0.46,290.32,5.840000000000001,9292000.0,2.2370272
2000-06-14,09292000,53645.21,0.0,765.36,16.73,0.72,225.14,8.725,9292000.0,2.0104928
2000-06-15,09292000,53666.26,0.0,704.42,15.68,1.9,246.53,8.79,9292000.0,1.982176
2000-06-16,09292000,53683.67,0.0,684.34,8.95,-4.13,164.98,2.41,9292000.0,2.3219776
2000-06-17,09292000,53697.43,0.0,815.4,13.05,-5.71,135.13,3.67,9292000.0,2.1803936
2000-06-18,09292000,53707.54,16.66,483.34,12.17,-0.22,273.12,5.975,9292000.0,3.9926688
2000-06-19,09292000,53713.97,8.21,382.82,9.11,-0.05,438.65,4.529999999999999,9292000.0,4.2192032
2000-06-20,09292000,53716.74,0.0,771.62,13.85,-2.57,174.03,5.64,9292000.0,2.6051456
2000-06-21,09292000,53715.83,0.0,809.24,17.5,-1.09,195.64,8.205,9292000.0,1.8689088
2000-06-22,09292000,53711.24,0.0,762.96,18.56,2.0,248.53,10.28,9292000.0,1.699008
2000-06-23,09292000,53702.99,0.0,700.75,17.95,3.64,281.67,10.795,9292000.0,1.6140576
2000-06-24,09292000,53691.07,0.0,721.68,17.97,2.76,263.36,10.364999999999998,9292000.0,1.6140576
2000-06-25,09292000,53675.5,0.0,670.13,16.2,2.59,288.59,9.395,9292000.0,1.557424
2000-06-26,09292000,53656.28,9.63,457.23,13.43,1.43,419.29,7.43,9292000.0,2.0104928
2000-06-27,09292000,53633.44,0.0,726.59,16.0,0.62,261.2,8.31,9292000.0,2.5201952
2000-06-28,09292000,53606.99,0.0,748.39,18.03,1.68,260.45,9.855,9292000.0,2.3502944
2000-06-29,09292000,53576.95,0.0,722.01,19.02,3.6,307.17,11.31,9292000.0,1.982176
2000-06-30,09292000,53543.34,0.0,696.76,18.19,3.66,328.17,10.925,9292000.0,1.9255424
2000-07-01,09292000,53506.18,0.0,698.2,18.73,4.25,338.1,11.49,9292000.0,1.7273248
2000-07-02,09292000,53465.52,0.0,698.09,18.23,3.89,303.05,11.06,9292000.0,1.5291072
2000-07-03,09292000,53421.36,0.0,648.64,17.37,4.62,356.86,10.995,9292000.0,1.3592064
2000-07-04,09292000,53373.76,0.0,739.77,16.05,0.52,231.18,8.285,9292000.0,1.2459392
2000-07-05,09292000,53322.74,0.0,746.56,18.14,2.32,254.59,10.23,9292000.0,1.132672
2000-07-06,09292000,53268.34,0.0,714.55,18.06,3.39,285.68,10.725,9292000.0,1.0194048
2000-07-07,09292000,53210.6,0.0,774.42,19.89,2.67,261.53,11.28,9292000.0,1.1609888
2000-07-08,09292000,53149.56,0.0,640.3,17.3,4.63,365.52,10.965,9292000.0,1.5291072
2000-07-09,09292000,53085.26,0.0,691.76,17.53,3.15,298.31,10.34,9292000.0,1.5291072
2000-07-10,09292000,53017.74,8.24,436.63,14.13,2.7,489.12,8.415000000000001,9292000.0,1.8122752
2000-07-11,09292000,52947.06,0.0,753.82,18.88,1.94,269.45,10.41,9292000.0,1.6423744
2000-07-12,09292000,52873.26,0.0,729.28,20.67,4.48,326.7,12.575,9292000.0,1.41584
2000-07-13,09292000,52796.4,0.0,722.88,22.19,5.9,356.66,14.045000000000002,9292000.0,1.3308896
2000-07-14,09292000,52716.51,0.0,672.36,21.77,7.38,371.5,14.575,9292000.0,1.274256
2000-07-15,09292000,52633.66,0.0,621.93,20.11,7.29,369.11,13.7,9292000.0,1.3025728
2000-07-16,09292000,52547.89,0.0,669.26,19.44,5.08,313.43,12.260000000000002,9292000.0,1.557424
2000-07-17,09292000,52459.26,0.0,614.82,18.1,5.53,326.63,11.815,9292000.0,1.2459392
2000-07-18,09292000,52367.82,0.0,713.42,19.23,3.12,270.56,11.175,9292000.0,1.0760384
2000-07-19,09292000,52273.64,0.0,735.54,20.3,2.76,263.35,11.53,9292000.0,0.9627712
2000-07-20,09292000,52176.77,0.0,710.7,20.68,4.15,292.39,12.415,9292000.0,0.8778208
2000-07-21,09292000,52077.25,0.0,732.51,21.6,3.92,287.49,12.760000000000002,9292000.0,0.8211872
2000-07-22,09292000,51975.16,0.0,742.21,22.89,4.36,297.0,13.625,9292000.0,0.7362368
2000-07-23,09292000,51870.55,0.0,716.37,23.55,6.04,336.72,14.795,9292000.0,0.6796032
2000-07-24,09292000,51763.48,0.0,684.63,21.99,5.85,332.03,13.919999999999998,9292000.0,0.6229696
2000-07-25,09292000,51654.0,0.0,690.47,21.63,5.05,312.9,13.34,9292000.0,1.2459392
2000-07-26,09292000,51542.18,0.0,679.4,22.07,5.7,328.15,13.885,9292000.0,0.70792
2000-07-27,09292000,51428.07,0.0,672.44,22.86,6.58,350.36,14.72,9292000.0,0.5946528
2000-07-28,09292000,51311.73,0.0,658.58,22.33,6.51,348.45,14.419999999999998,9292000.0,0.5380192
2000-07-29,09292000,51193.22,0.0,668.19,22.88,6.48,347.63,14.68,9292000.0,0.5097024
2000-07-30,09292000,51072.6,0.0,651.46,23.36,7.45,373.36,15.405,9292000.0,0.4813855999999999
2000-07-31,09292000,50949.93,0.0,652.94,22.96,6.84,357.12,14.9,9292000.0,1.2176224
2000-08-01,09292000,50825.26,0.0,632.68,23.49,7.99,388.45,15.739999999999998,9292000.0,1.132672
2000-08-02,09292000,50698.66,2.21,471.18,22.67,6.96,360.31,14.815,9292000.0,1.1043552
2000-08-03,09292000,50570.17,4.78,435.39,21.69,7.65,430.58,14.670000000000002,9292000.0,1.1043552
2000-08-04,09292000,50439.86,0.0,617.71,21.37,6.14,339.06,13.755,9292000.0,1.132672
2000-08-05,09292000,50307.77,0.0,598.37,19.35,4.84,307.91,12.095,9292000.0,1.274256
2000-08-06,09292000,50173.97,0.0,631.89,21.01,5.02,312.13,13.015,9292000.0,1.1609888
2000-08-07,09292000,50038.52,0.0,606.63,20.49,5.34,319.5,12.915,9292000.0,0.8211872
2000-08-08,09292000,49901.45,0.0,636.02,22.19,5.5,323.43,13.845,9292000.0,0.8211872
2000-08-09,09292000,49762.83,0.0,590.7,22.63,7.59,377.14,15.11,9292000.0,0.7928704
2000-08-10,09292000,49622.71,0.0,491.27,19.23,7.63,384.25,13.43,9292000.0,0.8778208
2000-08-11,09292000,49481.14,0.0,577.14,22.46,7.84,384.0,15.15,9292000.0,0.7928704
2000-08-12,09292000,49338.17,0.0,624.01,22.81,6.02,336.1,14.415,9292000.0,0.7362368
2000-08-13,09292000,49193.85,0.0,624.91,22.75,5.67,327.55,14.21,9292000.0,0.7362368
2000-08-14,09292000,49048.23,0.0,593.6,22.37,6.51,348.62,14.44,9292000.0,0.7362368
2000-08-15,09292000,48901.36,6.45,420.26,20.3,5.41,406.2,12.855,9292000.0,0.991088
2000-08-16,09292000,48753.29,0.0,366.01,13.8,5.13,552.04,9.465,9292000.0,1.1609888
2000-08-17,09292000,48604.05,10.45,352.45,15.56,3.87,513.22,9.715,9292000.0,1.3308896
2000-08-18,09292000,48453.7,7.61,429.69,18.03,2.43,434.36,10.23,9292000.0,1.557424
2000-08-19,09292000,48302.28,0.0,528.27,16.77,3.17,420.04,9.97,9292000.0,1.6706912
2000-08-20,09292000,48149.84,0.0,566.69,17.72,2.56,371.61,10.14,9292000.0,1.3592064
2000-08-21,09292000,47996.41,0.0,616.08,19.66,1.92,315.78,10.79,9292000.0,1.2176224
2000-08-22,09292000,47842.04,5.63,329.93,13.77,2.86,605.73,8.315,9292000.0,1.3025728
2000-08-23,09292000,47686.78,4.6,410.41,17.53,2.62,525.86,10.075,9292000.0,1.2176224
2000-08-24,09292000,47530.65,2.85,382.4,18.36,4.84,626.4,11.6,9292000.0,1.2176224
2000-08-25,09292000,47373.71,5.13,321.33,15.71,4.99,729.6,10.35,9292000.0,1.5007904
2000-08-26,09292000,47215.98,10.62,311.95,15.21,4.9,759.32,10.055,9292000.0,2.1803936
2000-08-27,09292000,47057.51,6.91,354.35,15.68,3.55,677.5,9.615,9292000.0,1.8972256
2000-08-28,09292000,46898.33,3.0,376.6,16.79,3.48,671.61,10.135,9292000.0,1.699008
2000-08-29,09292000,46738.48,5.36,343.81,15.03,3.33,710.3,9.18,9292000.0,1.7273248
2000-08-30,09292000,46577.99,13.09,205.64,9.48,3.17,766.9,6.325,9292000.0,3.1997984
2000-08-31,09292000,46416.91,6.76,273.9,10.61,2.02,706.6,6.315,9292000.0,3.2847488
2000-09-01,09292000,46255.26,9.41,231.35,6.98,0.04,612.66,3.51,9292000.0,3.5112832
2000-09-02,09292000,46093.07,0.0,470.03,10.55,-0.9,536.69,4.825,9292000.0,3.1997984
2000-09-03,09292000,45930.38,0.0,507.28,12.96,-0.02,544.71,6.470000000000001,9292000.0,2.7184128
2000-09-04,09292000,45767.23,0.0,543.96,14.68,-0.14,516.73,7.27,9292000.0,2.3786112
2000-09-05,09292000,45603.64,0.0,497.48,16.17,3.21,675.94,9.69,9292000.0,2.1803936
2000-09-06,09292000,45439.64,0.0,505.78,12.75,-0.4,534.27,6.175,9292000.0,2.0104928
2000-09-07,09292000,45275.26,0.0,569.36,14.77,-1.99,444.84,6.39,9292000.0,1.8972256
2000-09-08,09292000,45110.54,0.0,452.49,11.1,-0.13,577.75,5.484999999999999,9292000.0,2.1520768
2000-09-09,09292000,44945.5,0.0,485.52,13.14,0.46,578.84,6.800000000000001,9292000.0,1.982176
2000-09-10,09292000,44780.17,0.0,540.89,16.53,0.77,551.37,8.65,9292000.0,1.7839584
2000-09-11,09292000,44614.58,0.0,514.88,15.27,0.84,573.15,8.055,9292000.0,1.6706912
2000-09-12,09292000,44448.77,0.0,557.01,19.14,1.48,563.16,10.31,9292000.0,1.5857408
2000-09-13,09292000,44282.75,0.0,535.99,18.66,2.24,608.7,10.45,9292000.0,1.5291072
2000-09-14,09292000,44116.55,0.0,538.78,20.62,3.27,645.51,11.945,9292000.0,1.4441568
2000-09-15,09292000,43950.2,0.0,476.1,21.64,4.17,726.47,12.905,9292000.0,1.41584
2000-09-16,09292000,43783.74,0.0,448.61,20.89,5.17,802.61,13.03,9292000.0,1.3592064
2000-09-17,09292000,43617.18,4.44,350.82,17.78,0.45,617.23,9.115,9292000.0,1.41584
2000-09-18,09292000,43450.55,0.0,441.74,14.97,-0.14,543.34,7.415,9292000.0,1.4441568
2000-09-19,09292000,43283.89,0.0,394.56,14.96,2.28,676.27,8.620000000000001,9292000.0,1.3308896
2000-09-20,09292000,43117.21,0.0,400.71,11.37,-1.34,532.73,5.015,9292000.0,1.3025728
2000-09-21,09292000,42950.54,11.28,238.89,9.56,0.1,615.25,4.83,9292000.0,1.982176
2000-09-22,09292000,42783.91,17.83,136.77,3.98,-0.96,569.44,1.51,9292000.0,2.690096
2000-09-23,09292000,42617.35,8.81,313.07,2.5,-8.72,316.24,-3.1100000000000003,9292000.0,2.406928
2000-09-24,09292000,42450.89,0.0,485.19,5.37,-9.14,306.04,-1.885,9292000.0,2.1803936
2000-09-25,09292000,42284.54,0.0,526.9,12.7,-5.97,369.56,3.365,9292000.0,2.0671264
2000-09-26,09292000,42118.34,0.0,492.18,13.28,-3.06,468.61,5.109999999999999,9292000.0,1.9255424
2000-09-27,09292000,41952.32,0.0,507.86,14.67,-3.45,446.78,5.609999999999999,9292000.0,1.8122752
2000-09-28,09292000,41786.5,0.0,431.42,13.35,-0.18,602.87,6.585,9292000.0,1.7556416
2000-09-29,09292000,41620.92,0.0,429.39,14.03,0.12,616.12,7.074999999999999,9292000.0,1.7556416
2000-09-30,09292000,41455.59,0.0,386.68,14.18,-0.08,607.05,7.05,9292000.0,1.6423744
2000-10-01,09292000,41290.54,0.0,344.42,14.68,2.35,723.26,8.515,9292000.0,1.5857408
2000-10-02,09292000,41125.82,0.0,339.31,14.16,1.94,702.32,8.05,9292000.0,2.12376
2000-10-03,09292000,40961.44,0.0,347.38,10.77,-1.75,537.25,4.51,9292000.0,2.2936608
2000-10-04,09292000,40797.44,0.0,356.75,12.04,-1.12,562.7,5.459999999999999,9292000.0,2.265344
2000-10-05,09292000,40633.84,0.0,380.31,10.74,-3.91,457.56,3.415,9292000.0,2.2087104
2000-10-06,09292000,40470.68,0.0,389.54,11.67,-3.97,455.22,3.85,9292000.0,1.7273248
2000-10-07,09292000,40307.99,0.0,384.41,11.26,-4.15,449.11,3.555,9292000.0,1.699008
2000-10-08,09292000,40145.81,0.0,391.02,12.81,-3.58,468.8,4.615,9292000.0,1.6140576
2000-10-09,09292000,39984.15,3.05,269.34,10.95,-3.51,471.19,3.72,9292000.0,1.6140576
2000-10-10,09292000,39823.06,27.75,72.61,0.95,-2.01,527.05,-0.5299999999999999,9292000.0,2.3502944
2000-10-11,09292000,39662.57,19.01,240.84,0.71,-9.34,301.26,-4.315,9292000.0,1.7556416
2000-10-12,09292000,39502.72,0.0,423.56,2.88,-12.12,241.39,-4.619999999999999,9292000.0,1.6140576
2000-10-13,09292000,39343.54,4.11,288.48,0.36,-12.55,233.02,-6.095000000000001,9292000.0,1.4724736
2000-10-14,09292000,39185.06,0.0,394.71,3.76,-9.71,292.65,-2.9750000000000005,9292000.0,1.41584
2000-10-15,09292000,39027.33,0.0,425.61,6.56,-9.11,306.69,-1.275,9292000.0,1.3875232
2000-10-16,09292000,38870.38,0.0,463.34,9.72,-10.33,278.49,-0.3049999999999997,9292000.0,1.3308896
2000-10-17,09292000,38714.24,0.0,450.47,12.66,-6.83,366.21,2.915,9292000.0,1.3592064
2000-10-18,09292000,38558.97,0.0,415.33,11.88,-4.52,436.96,3.6800000000000006,9292000.0,1.3875232
2000-10-19,09292000,38404.6,0.0,407.14,11.5,-4.62,433.7,3.44,9292000.0,1.3875232
2000-10-20,09292000,38251.17,0.0,410.36,10.95,-5.78,396.86,2.5849999999999995,9292000.0,1.3592064
2000-10-21,09292000,38098.72,5.22,172.18,3.52,-4.09,451.32,-0.2849999999999999,9292000.0,1.41584
2000-10-22,09292000,37947.29,3.4,201.61,4.65,-4.65,432.67,0.0,9292000.0,1.3875232
2000-10-23,09292000,37796.93,0.0,297.29,7.44,-3.18,483.24,2.13,9292000.0,1.3592064
2000-10-24,09292000,37647.69,0.0,276.91,4.47,-5.18,415.54,-0.355,9292000.0,1.3875232
2000-10-25,09292000,37499.61,0.0,342.68,6.74,-6.15,385.87,0.2949999999999999,9292000.0,1.3592064
2000-10-26,09292000,37352.73,0.0,158.91,-0.2,-5.29,411.98,-2.745,9292000.0,1.3308896
2000-10-27,09292000,37207.1,13.04,78.44,0.61,-2.51,507.71,-0.95,9292000.0,1.4724736
2000-10-28,09292000,37062.77,6.74,256.43,4.44,-8.08,332.54,-1.82,9292000.0,1.5291072
2000-10-29,09292000,36919.79,8.92,256.54,2.34,-10.14,282.85,-3.9,9292000.0,1.4441568
2000-10-30,09292000,36778.21,20.67,75.53,-2.41,-5.31,411.42,-3.86,9292000.0,1.5007904
2000-10-31,09292000,36638.08,18.53,145.85,-0.89,-6.84,365.9,-3.865,9292000.0,1.5291072
2000-11-01,09292000,36499.45,10.11,287.46,0.42,-14.42,200.03,-7.0,9292000.0,1.274256
2000-11-02,09292000,36362.38,0.0,415.56,-1.24,-19.72,127.99,-10.48,9292000.0,1.2459392
2000-11-03,09292000,36226.91,0.0,429.66,3.71,-19.85,126.49,-8.07,9292000.0,0.7928704
2000-11-04,09292000,36093.1,4.29,314.42,6.29,-16.54,167.78,-5.125,9292000.0,1.41584
2000-11-05,09292000,35961.0,5.43,204.04,-5.65,-15.07,189.61,-10.36,9292000.0,1.1609888
2000-11-06,09292000,35830.68,0.0,370.19,-4.95,-20.06,124.28,-12.505,9292000.0,1.132672
2000-11-07,09292000,35702.18,0.0,387.31,-3.66,-20.97,114.78,-12.315,9292000.0,1.2459392
2000-11-08,09292000,35575.56,9.04,289.66,0.57,-17.41,155.9,-8.42,9292000.0,1.3875232
2000-11-09,09292000,35450.88,9.23,183.74,-4.23,-12.97,225.31,-8.600000000000001,9292000.0,1.3308896
2000-11-10,09292000,35328.19,8.23,273.02,-6.07,-21.95,105.28,-14.01,9292000.0,1.5007904
2000-11-11,09292000,35207.56,0.0,403.61,-2.85,-24.53,83.63,-13.69,9292000.0,1.557424
2000-11-12,09292000,35089.04,0.0,345.66,-9.85,-24.7,82.37,-17.275,9292000.0,1.5291072
2000-11-13,09292000,34972.69,0.0,389.43,-4.69,-25.33,77.78,-15.01,9292000.0,1.4724736
2000-11-14,09292000,34858.56,2.68,210.82,-9.43,-20.63,118.23,-15.03,9292000.0,1.4724736
2000-11-15,09292000,34746.73,0.0,325.75,-8.02,-21.81,106.62,-14.915,9292000.0,1.4724736
2000-11-16,09292000,34637.23,0.0,340.94,-8.59,-23.6,90.93,-16.095,9292000.0,1.41584
2000-11-17,09292000,34530.14,0.0,307.6,-8.84,-21.54,109.18,-15.19,9292000.0,1.3875232
2000-11-18,09292000,34425.52,0.0,326.36,-1.28,-15.58,181.75,-8.43,9292000.0,1.3025728
2000-11-19,09292000,34323.41,0.0,286.89,1.61,-10.13,283.02,-4.260000000000001,9292000.0,1.2176224
2000-11-20,09292000,34223.88,0.0,342.24,3.23,-13.29,219.46,-5.029999999999999,9292000.0,1.1609888
2000-11-21,09292000,34126.99,0.0,348.23,6.25,-11.79,247.83,-2.77,9292000.0,1.132672
2000-11-22,09292000,34032.78,0.0,324.76,4.82,-10.97,264.77,-3.075,9292000.0,1.0760384
2000-11-23,09292000,33941.33,0.0,311.25,3.57,-11.43,255.16,-3.93,9292000.0,0.9627712
2000-11-24,09292000,33852.69,3.51,244.54,1.88,-14.93,191.75,-6.525,9292000.0,1.0477216
2000-11-25,09292000,33766.9,0.0,332.45,1.5,-16.44,169.09,-7.470000000000001,9292000.0,1.0477216
2000-11-26,09292000,33684.02,0.0,221.17,0.26,-9.68,293.22,-4.71,9292000.0,1.0760384
2000-11-27,09292000,33604.12,0.0,181.99,-0.82,-8.76,315.32,-4.79,9292000.0,1.132672
2000-11-28,09292000,33527.23,0.0,255.44,-0.61,-12.52,233.67,-6.565,9292000.0,1.1043552
2000-11-29,09292000,33453.41,0.0,287.02,2.86,-11.83,247.0,-4.485,9292000.0,1.1043552
2000-11-30,09292000,33382.71,0.0,288.84,-3.11,-18.21,145.67,-10.66,9292000.0,1.1043552
2000-12-01,09292000,33315.18,0.0,331.26,2.71,-17.83,150.45,-7.559999999999999,9292000.0,1.0760384
2000-12-02,09292000,33250.86,0.0,297.1,5.14,-11.42,255.26,-3.14,9292000.0,1.0760384
2000-12-03,09292000,33189.79,0.0,278.67,4.32,-10.37,277.66,-3.0249999999999995,9292000.0,1.0477216
2000-12-04,09292000,33132.03,0.0,273.16,4.46,-9.64,294.19,-2.5900000000000003,9292000.0,1.0760384
2000-12-05,09292000,33077.61,0.0,218.69,0.74,-9.71,292.44,-4.485,9292000.0,1.0760384
2000-12-06,09292000,33026.56,0.0,304.27,7.49,-10.02,285.37,-1.2649999999999997,9292000.0,1.0477216
2000-12-07,09292000,32978.94,0.0,296.7,5.23,-11.43,255.18,-3.1,9292000.0,1.132672
2000-12-08,09292000,32934.76,0.0,251.56,0.27,-12.32,237.44,-6.025,9292000.0,1.0760384
2000-12-09,09292000,32894.07,0.0,226.37,-0.18,-11.24,258.92,-5.71,9292000.0,1.0760384
2000-12-10,09292000,32856.9,10.84,189.17,-5.35,-17.93,149.12,-11.64,9292000.0,1.1043552
2000-12-11,09292000,32823.26,0.0,244.22,-8.05,-19.73,127.78,-13.89,9292000.0,1.1043552
2000-12-12,09292000,32793.2,2.99,194.3,-4.79,-17.65,152.69,-11.22,9292000.0,1.132672
2000-12-13,09292000,32766.72,2.44,149.5,-7.95,-16.85,163.39,-12.4,9292000.0,1.132672
2000-12-14,09292000,32743.86,6.35,123.13,-6.48,-13.56,214.62,-10.02,9292000.0,1.1043552
2000-12-15,09292000,32724.62,12.48,153.79,-8.45,-17.36,156.52,-12.905,9292000.0,1.1043552
2000-12-16,09292000,32709.02,3.98,212.88,-2.12,-16.14,173.42,-9.13,9292000.0,1.0760384
2000-12-17,09292000,32697.08,6.28,206.72,-4.69,-17.92,149.34,-11.305,9292000.0,1.1043552
2000-12-18,09292000,32688.8,1.97,279.79,-5.07,-18.43,142.94,-11.75,9292000.0,1.1043552
2000-12-19,09292000,32684.19,3.03,208.36,2.14,-11.43,255.17,-4.645,9292000.0,1.1043552
2000-12-20,09292000,32683.26,0.0,190.56,-6.5,-14.45,199.52,-10.475,9292000.0,1.0760384
2000-12-21,09292000,32686.0,0.0,258.69,-0.15,-11.75,248.71,-5.95,9292000.0,1.1043552
2000-12-22,09292000,32692.41,0.0,266.41,-2.09,-14.03,206.64,-8.059999999999999,9292000.0,1.1043552
2000-12-23,09292000,32702.49,0.0,310.66,-0.38,-16.03,174.99,-8.205,9292000.0,1.132672
2000-12-24,09292000,32716.23,6.7,174.13,-3.28,-12.99,224.94,-8.135,9292000.0,1.132672
2000-12-25,09292000,32733.61,0.0,253.91,-5.9,-16.48,168.6,-11.19,9292000.0,1.1609888
2000-12-26,09292000,32754.64,6.02,251.18,3.34,-15.21,187.48,-5.9350000000000005,9292000.0,1.1609888
2000-12-27,09292000,32779.28,0.0,317.15,6.28,-9.96,286.75,-1.8400000000000003,9292000.0,1.1893056
2000-12-28,09292000,32807.52,0.0,268.77,0.96,-10.91,266.02,-4.975,9292000.0,1.1893056
2000-12-29,09292000,32839.34,0.0,284.58,0.95,-11.88,246.01,-5.465000000000001,9292000.0,1.1893056
2000-12-30,09292000,32874.72,0.0,268.87,1.6,-10.06,284.5,-4.23,9292000.0,1.2176224
2000-12-31,09292000,0.0,0.0,0.0,0.0,0.0,0.0,0.0,9292000.0,1.2176224
2001-01-01,09292000,32913.8,0.0,259.42,-0.07,-12.94,225.81,-6.505,9292000.0,1.2176224
2001-01-02,09292000,32956.22,0.0,288.77,1.4,-13.74,211.57,-6.17,9292000.0,1.2176224
2001-01-03,09292000,33002.11,0.0,271.85,5.04,-8.77,314.94,-1.865,9292000.0,1.2459392
2001-01-04,09292000,33051.44,0.0,272.98,5.69,-8.15,330.53,-1.23,9292000.0,1.2459392
2001-01-05,09292000,33104.16,0.0,290.08,7.32,-7.91,336.98,-0.2949999999999999,9292000.0,1.2459392
2001-01-06,09292000,33160.24,0.0,309.3,4.02,-12.76,229.17,-4.37,9292000.0,1.274256
2001-01-07,09292000,33219.65,0.0,333.81,3.48,-16.22,172.26,-6.369999999999999,9292000.0,1.2459392
2001-01-08,09292000,33282.33,0.0,320.68,3.63,-14.11,205.29,-5.24,9292000.0,1.2459392
2001-01-09,09292000,33348.25,0.0,293.7,0.47,-14.32,201.68,-6.925,9292000.0,1.2459392
2001-01-10,09292000,33417.36,4.8,212.67,-2.26,-16.08,174.38,-9.169999999999998,9292000.0,1.2176224
2001-01-11,09292000,33489.61,15.95,160.55,-7.34,-16.63,166.53,-11.985,9292000.0,1.1893056
2001-01-12,09292000,33564.96,12.05,152.6,-5.32,-13.97,207.67,-9.645,9292000.0,1.1609888
2001-01-13,09292000,33643.35,0.0,306.1,-6.39,-20.83,116.18,-13.61,9292000.0,1.1609888
2001-01-14,09292000,33724.73,0.0,326.58,-5.71,-21.73,107.35,-13.72,9292000.0,1.132672
2001-01-15,09292000,33809.06,3.41,214.39,-8.58,-21.41,110.43,-14.995,9292000.0,1.132672
2001-01-16,09292000,33896.27,0.0,344.18,-5.1,-22.36,101.61,-13.73,9292000.0,1.1043552
2001-01-17,09292000,33986.31,5.92,266.14,-4.67,-22.94,96.46,-13.805,9292000.0,1.0760384
2001-01-18,09292000,34079.13,0.0,319.16,-3.73,-18.24,145.31,-10.985,9292000.0,1.0477216
2001-01-19,09292000,34174.68,0.0,363.19,1.29,-17.24,158.1,-7.975,9292000.0,1.0477216
2001-01-20,09292000,34272.88,0.0,301.7,-5.14,-18.13,146.58,-11.635,9292000.0,1.0194048
2001-01-21,09292000,34373.7,0.0,386.62,6.37,-15.08,189.4,-4.355,9292000.0,1.0194048
2001-01-22,09292000,34477.06,0.0,347.65,4.21,-12.1,241.76,-3.945,9292000.0,0.991088
2001-01-23,09292000,34582.92,0.0,357.45,2.95,-13.82,210.22,-5.4350000000000005,9292000.0,0.9627712
2001-01-24,09292000,34691.2,3.59,237.87,-2.25,-15.75,179.21,-9.0,9292000.0,0.9627712
2001-01-25,09292000,34801.87,4.59,264.27,-4.69,-20.38,120.86,-12.535,9292000.0,0.9627712
2001-01-26,09292000,34914.85,2.84,259.21,-5.6,-20.48,119.75,-13.04,9292000.0,0.991088
2001-01-27,09292000,35030.08,0.0,312.85,-3.79,-16.32,170.85,-10.055,9292000.0,0.991088
2001-01-28,09292000,35147.52,0.0,293.41,-4.66,-16.02,175.25,-10.34,9292000.0,0.991088
2001-01-29,09292000,35267.09,0.0,321.09,-1.53,-14.25,202.91,-7.89,9292000.0,1.0194048
2001-01-30,09292000,35388.75,0.0,264.08,-10.24,-19.92,125.72,-15.080000000000002,9292000.0,1.0194048
2001-01-31,09292000,35512.43,0.0,300.23,-7.79,-19.01,136.01,-13.4,9292000.0,0.991088
2001-02-01,09292000,35638.08,0.0,344.85,0.11,-13.46,216.53,-6.675000000000001,9292000.0,0.991088
2001-02-02,09292000,35765.64,2.29,250.15,4.01,-8.92,311.38,-2.455,9292000.0,0.9627712
2001-02-03,09292000,35895.05,0.0,206.42,-0.38,-7.39,350.84,-3.885,9292000.0,0.9627712
2001-02-04,09292000,36026.26,0.0,387.75,5.26,-10.4,276.9,-2.5700000000000003,9292000.0,0.9627712
2001-02-05,09292000,36159.21,0.0,349.58,2.79,-10.1,283.7,-3.655,9292000.0,0.9344544
2001-02-06,09292000,36293.85,5.52,264.62,1.35,-11.37,256.38,-5.01,9292000.0,0.9344544
2001-02-07,09292000,36430.12,11.08,227.38,-4.19,-14.05,206.2,-9.12,9292000.0,0.9061376
2001-02-08,09292000,36567.97,0.0,462.92,-3.09,-23.23,94.04,-13.16,9292000.0,0.9061376
2001-02-09,09292000,36707.35,0.0,448.67,-4.44,-22.59,99.54,-13.515,9292000.0,0.9061376
2001-02-10,09292000,36848.2,5.98,244.58,-6.58,-17.2,158.71,-11.89,9292000.0,0.9061376
2001-02-11,09292000,36990.48,3.57,285.31,-5.04,-18.08,147.27,-11.56,9292000.0,0.8778208
2001-02-12,09292000,37134.14,8.35,158.14,-7.42,-13.63,213.54,-10.525,9292000.0,0.8778208
2001-02-13,09292000,37279.12,7.34,298.88,-3.85,-16.98,161.61,-10.415,9292000.0,0.8778208
2001-02-14,09292000,37425.37,0.0,490.76,-1.68,-21.45,110.1,-11.565,9292000.0,0.8778208
2001-02-15,09292000,37572.85,0.0,515.44,1.95,-21.11,113.43,-9.58,9292000.0,0.8778208
2001-02-16,09292000,37721.52,0.0,491.68,2.44,-16.82,163.88,-7.19,9292000.0,0.9061376
2001-02-17,09292000,37871.32,0.0,516.63,5.26,-17.16,159.2,-5.95,9292000.0,0.9061376
2001-02-18,09292000,38022.21,4.68,354.18,3.6,-13.73,211.68,-5.065,9292000.0,0.9061376
2001-02-19,09292000,38174.15,0.0,367.54,0.23,-11.0,264.02,-5.385,9292000.0,0.8778208
2001-02-20,09292000,38327.09,3.62,269.09,-1.83,-12.36,236.6,-7.095,9292000.0,0.8778208
2001-02-21,09292000,38481.0,0.0,503.79,2.78,-15.21,187.49,-6.215000000000001,9292000.0,0.849504
2001-02-22,09292000,38635.82,5.47,384.66,2.93,-15.76,179.11,-6.415,9292000.0,0.849504
2001-02-23,09292000,38791.52,3.99,285.88,-3.53,-14.44,199.75,-8.985,9292000.0,0.849504
2001-02-24,09292000,38948.06,0.0,522.51,-0.66,-18.69,139.84,-9.675,9292000.0,0.8211872
2001-02-25,09292000,39105.41,0.0,497.61,-2.18,-18.15,146.37,-10.165,9292000.0,0.7928704
2001-02-26,09292000,39263.51,0.0,566.31,2.8,-19.72,127.9,-8.459999999999999,9292000.0,0.7645535999999999
2001-02-27,09292000,39422.34,2.65,346.0,-3.65,-17.71,151.97,-10.68,9292000.0,0.7362368
2001-02-28,09292000,39581.86,0.0,507.06,-0.86,-17.14,159.42,-9.0,9292000.0,0.7362368
2001-03-01,09292000,39742.04,2.41,415.61,1.71,-18.62,140.69,-8.455,9292000.0,0.7645535999999999
2001-03-02,09292000,39902.83,0.0,582.87,3.25,-19.94,125.54,-8.345,9292000.0,0.7645535999999999
2001-03-03,09292000,40064.2,0.0,521.24,1.49,-15.75,179.16,-7.13,9292000.0,0.7645535999999999
2001-03-04,09292000,40226.13,0.0,568.9,2.98,-17.91,149.35,-7.465,9292000.0,0.7645535999999999
2001-03-05,09292000,40388.57,0.0,431.17,2.33,-10.59,272.71,-4.13,9292000.0,0.7645535999999999
2001-03-06,09292000,40551.49,0.0,559.05,8.43,-11.46,248.56,-1.5150000000000006,9292000.0,0.7645535999999999
2001-03-07,09292000,40714.87,0.0,557.9,7.53,-12.1,227.35,-2.285,9292000.0,0.7645535999999999
2001-03-08,09292000,40878.67,0.0,589.76,9.78,-12.72,203.09,-1.4700000000000006,9292000.0,0.7928704
2001-03-09,09292000,41042.87,7.62,298.79,0.94,-10.73,269.83,-4.8950000000000005,9292000.0,0.7928704
2001-03-10,09292000,41207.42,6.73,361.67,4.94,-9.8,290.42,-2.43,9292000.0,0.7928704
2001-03-11,09292000,41372.31,0.0,540.06,0.58,-16.45,169.03,-7.935,9292000.0,0.8211872
2001-03-12,09292000,41537.49,3.97,429.86,3.61,-15.75,179.15,-6.07,9292000.0,0.8211872
2001-03-13,09292000,41702.95,0.0,567.08,5.27,-13.42,213.56,-4.075,9292000.0,0.8211872
2001-03-14,09292000,41868.66,5.57,246.77,-6.3,-15.23,187.17,-10.765,9292000.0,0.849504
2001-03-15,09292000,42034.58,0.0,633.87,1.76,-21.47,109.88,-9.855,9292000.0,0.8778208
2001-03-16,09292000,42200.7,5.35,301.6,-3.15,-14.2,203.66,-8.674999999999999,9292000.0,0.9061376
2001-03-17,09292000,42366.97,0.0,611.19,5.14,-15.04,182.91,-4.949999999999999,9292000.0,0.9344544
2001-03-18,09292000,42533.38,2.88,357.81,2.15,-11.2,259.89,-4.525,9292000.0,0.9344544
2001-03-19,09292000,42699.89,5.54,465.71,9.94,-10.61,272.33,-0.3349999999999999,9292000.0,0.9344544
2001-03-20,09292000,42866.49,0.0,470.18,8.59,-4.25,445.91,2.17,9292000.0,0.9344544
2001-03-21,09292000,43033.14,0.0,478.71,6.51,-6.45,377.19,0.0299999999999998,9292000.0,0.9627712
2001-03-22,09292000,43199.82,0.0,620.87,10.26,-9.3,274.96,0.4799999999999995,9292000.0,0.9627712
2001-03-23,09292000,43366.49,0.0,591.19,9.18,-8.47,301.32,0.3549999999999995,9292000.0,0.9627712
2001-03-24,09292000,43533.14,0.0,603.55,8.52,-9.57,275.91,-0.5250000000000004,9292000.0,0.9627712
2001-03-25,09292000,43699.74,0.0,564.92,9.51,-6.7,348.5,1.4049999999999998,9292000.0,0.9627712
2001-03-26,09292000,43866.26,0.0,539.27,7.27,-7.61,336.69,-0.1700000000000003,9292000.0,0.9627712
2001-03-27,09292000,44032.67,0.0,544.34,3.66,-11.16,260.64,-3.75,9292000.0,0.9627712
2001-03-28,09292000,44198.94,3.01,316.99,2.33,-8.17,330.11,-2.92,9292000.0,0.9627712
2001-03-29,09292000,44365.05,5.15,404.65,3.34,-10.8,268.36,-3.73,9292000.0,0.9344544
2001-03-30,09292000,44530.98,0.0,567.77,4.12,-10.84,266.89,-3.36,9292000.0,0.9344544
2001-03-31,09292000,44696.68,0.0,632.97,8.23,-9.53,272.41,-0.6499999999999995,9292000.0,0.9627712
2001-04-01,09292000,44862.15,4.8,366.42,7.63,-4.37,441.74,1.63,9292000.0,0.991088
2001-04-02,09292000,45027.33,13.1,220.87,1.43,-5.12,417.52,-1.845,9292000.0,0.991088
2001-04-03,09292000,45192.22,6.74,206.17,0.68,-5.2,414.91,-2.26,9292000.0,0.9627712
2001-04-04,09292000,45356.77,10.07,218.51,1.01,-5.13,417.05,-2.06,9292000.0,0.9627712
2001-04-05,09292000,45520.97,11.25,359.95,4.79,-5.75,397.84,-0.48,9292000.0,0.9627712
2001-04-06,09292000,45684.77,7.6,461.99,4.44,-10.06,284.57,-2.81,9292000.0,0.9627712
2001-04-07,09292000,45848.15,27.82,188.31,-3.67,-8.4,324.25,-6.035,9292000.0,0.9627712
2001-04-08,09292000,46011.08,8.19,567.25,1.84,-19.79,127.19,-8.975,9292000.0,0.9627712
2001-04-09,09292000,46173.52,6.29,571.2,1.17,-20.98,114.69,-9.905,9292000.0,0.9627712
2001-04-10,09292000,46335.44,7.75,480.07,1.8,-12.93,226.02,-5.565,9292000.0,0.991088
2001-04-11,09292000,46496.82,4.35,560.43,2.57,-17.81,150.62,-7.619999999999999,9292000.0,0.991088
2001-04-12,09292000,46657.61,5.22,550.53,1.76,-17.38,156.31,-7.81,9292000.0,0.9627712
2001-04-13,09292000,46817.79,0.0,779.22,2.87,-19.86,126.46,-8.495,9292000.0,0.9627712
2001-04-14,09292000,46977.31,0.0,728.98,4.38,-14.25,202.86,-4.9350000000000005,9292000.0,0.9627712
2001-04-15,09292000,47136.14,4.23,564.4,9.87,-11.37,256.24,-0.75,9292000.0,0.9627712
2001-04-16,09292000,47294.25,0.0,761.14,13.25,-8.21,309.3,2.52,9292000.0,1.1043552
2001-04-17,09292000,47451.59,0.0,757.24,14.25,-7.14,333.16,3.555,9292000.0,1.3025728
2001-04-18,09292000,47608.14,0.0,694.83,13.6,-3.87,436.21,4.865,9292000.0,1.5291072
2001-04-19,09292000,47763.84,0.0,586.58,9.86,-3.3,478.85,3.28,9292000.0,1.5857408
2001-04-20,09292000,47918.67,0.0,539.53,1.7,-9.75,291.56,-4.025,9292000.0,1.6706912
2001-04-21,09292000,48072.57,14.49,390.95,-0.03,-10.83,267.65,-5.43,9292000.0,1.699008
2001-04-22,09292000,48225.52,5.48,444.42,2.17,-10.47,275.38,-4.15,9292000.0,1.6423744
2001-04-23,09292000,48377.46,3.5,573.46,7.75,-12.47,234.51,-2.3600000000000003,9292000.0,1.5857408
2001-04-24,09292000,48528.35,0.0,782.13,11.35,-10.03,274.61,0.6600000000000001,9292000.0,1.5857408
2001-04-25,09292000,48678.16,0.0,794.4,15.75,-7.27,323.9,4.24,9292000.0,1.6423744
2001-04-26,09292000,48826.82,0.0,761.59,15.16,-5.37,378.1,4.895,9292000.0,1.6706912
2001-04-27,09292000,48974.31,2.5,529.82,15.4,-2.64,503.05,6.38,9292000.0,1.982176
2001-04-28,09292000,49120.57,3.54,379.69,9.77,-1.11,563.33,4.33,9292000.0,2.548512
2001-04-29,09292000,49265.55,0.0,524.91,10.25,-0.94,569.99,4.655,9292000.0,3.114848
2001-04-30,09292000,49409.2,0.0,679.84,14.08,-2.01,509.0,6.035,9292000.0,3.9360352
2001-05-01,09292000,49551.49,0.0,691.94,10.23,-6.18,381.44,2.0250000000000004,9292000.0,3.6245504
2001-05-02,09292000,49692.34,0.0,466.87,-1.09,-10.6,272.7,-5.845,9292000.0,2.9166304
2001-05-03,09292000,49831.73,11.09,315.64,-1.03,-9.56,296.04,-5.295,9292000.0,2.7467296
2001-05-04,09292000,49969.58,3.93,442.75,5.16,-7.89,337.34,-1.3649999999999998,9292000.0,2.690096
2001-05-05,09292000,50105.86,0.0,540.76,7.68,-3.99,454.48,1.845,9292000.0,2.7750464
2001-05-06,09292000,50240.5,0.0,636.38,8.54,-5.9,393.47,1.3199999999999994,9292000.0,3.1714816
2001-05-07,09292000,50373.45,0.0,735.81,12.18,-6.7,358.23,2.74,9292000.0,4.105936
2001-05-08,09292000,50504.67,0.0,748.13,15.55,-4.11,418.16,5.720000000000001,9292000.0,4.8704896
2001-05-09,09292000,50634.08,0.0,681.11,15.19,-1.24,525.85,6.975,9292000.0,5.521776
2001-05-10,09292000,50761.65,0.0,649.41,13.11,-2.05,510.94,5.529999999999999,9292000.0,6.4845472
2001-05-11,09292000,50887.3,0.0,731.6,15.4,-3.0,448.52,6.2,9292000.0,8.636624
2001-05-12,09292000,51010.98,0.0,753.61,17.52,-2.1,460.44,7.71,9292000.0,11.468304
2001-05-13,09292000,51132.65,0.0,672.53,14.04,-1.64,507.69,6.199999999999999,9292000.0,12.9690944
2001-05-14,09292000,51252.23,0.0,693.46,14.18,-2.17,474.75,6.005,9292000.0,16.8768128
2001-05-15,09292000,51369.66,4.5,458.01,14.76,1.18,665.1,7.97,9292000.0,19.963344
2001-05-16,09292000,51484.91,6.72,454.18,13.54,0.4,628.64,6.97,9292000.0,20.246512
2001-05-17,09292000,51597.89,0.0,599.98,10.94,-1.56,537.28,4.69,9292000.0,18.1510688
2001-05-18,09292000,51708.56,5.95,446.01,10.49,-1.82,534.31,4.335,9292000.0,14.9229536
2001-05-19,09292000,51816.85,0.0,669.44,12.8,-1.72,508.09,5.54,9292000.0,12.9974112
2001-05-20,09292000,51922.71,0.0,703.37,9.02,-6.57,356.09,1.2249999999999996,9292000.0,12.1195904
2001-05-21,09292000,52026.08,0.0,757.49,8.26,-9.67,275.22,-0.7050000000000001,9292000.0,13.3655296
2001-05-22,09292000,52126.9,0.0,669.35,12.82,-1.98,490.65,5.42,9292000.0,16.0839424
2001-05-23,09292000,52225.11,0.0,732.08,16.25,-0.99,494.27,7.63,9292000.0,17.4714656
2001-05-24,09292000,52320.66,0.0,721.34,16.42,-0.21,519.17,8.105,9292000.0,17.5847328
2001-05-25,09292000,52413.49,0.0,700.46,16.41,0.8,560.58,8.605,9292000.0,16.6502784
2001-05-26,09292000,52503.54,0.0,697.49,15.99,0.67,557.74,8.33,9292000.0,16.1122592
2001-05-27,09292000,52590.76,0.0,674.47,14.38,0.08,548.73,7.23,9292000.0,15.8290912
2001-05-28,09292000,52675.09,0.0,603.76,12.42,0.22,587.6,6.32,9292000.0,15.8857248
2001-05-29,09292000,52756.48,0.0,667.56,14.18,0.02,545.95,7.1,9292000.0,16.1122592
2001-05-30,09292000,52834.87,0.0,657.41,13.42,-0.32,539.09,6.55,9292000.0,15.5459232
2001-05-31,09292000,52910.23,0.0,707.55,14.49,-0.9,493.54,6.795,9292000.0,15.2061216
2001-06-01,09292000,52982.49,0.0,787.91,18.07,-1.45,436.0,8.31,9292000.0,14.3849344
2001-06-02,09292000,53051.6,0.0,585.19,14.9,2.8,693.35,8.85,9292000.0,12.5160256
2001-06-03,09292000,53117.53,0.0,576.67,9.42,-2.2,507.08,3.61,9292000.0,10.4205824
2001-06-04,09292000,53180.22,0.0,620.42,6.01,-6.65,365.59,-0.3200000000000003,9292000.0,9.061376
2001-06-05,09292000,53239.63,0.0,699.03,10.61,-4.61,390.32,3.0,9292000.0,9.1463264
2001-06-06,09292000,53295.72,0.0,652.14,15.09,1.28,593.62,8.185,9292000.0,9.6560288
2001-06-07,09292000,53348.45,0.0,706.5,16.82,1.25,563.22,9.035,9292000.0,9.7976128
2001-06-08,09292000,53397.78,0.0,721.07,17.69,1.56,555.33,9.625,9292000.0,9.6560288
2001-06-09,09292000,53443.68,0.0,679.12,18.71,4.0,663.25,11.355,9292000.0,9.3162272
2001-06-10,09292000,53486.11,0.0,713.54,19.18,3.33,613.71,11.255,9292000.0,8.211872
2001-06-11,09292000,53525.04,0.0,666.69,17.57,3.56,647.77,10.565,9292000.0,7.1924672
2001-06-12,09292000,53560.44,5.49,565.38,9.69,-7.34,337.87,1.1749999999999998,9292000.0,6.1730624
2001-06-13,09292000,53592.28,0.0,624.6,2.42,-9.72,288.54,-3.65,9292000.0,5.2669248
2001-06-14,09292000,53620.55,0.0,686.99,9.0,-5.13,367.93,1.935,9292000.0,4.7572224
2001-06-15,09292000,53645.21,0.0,732.48,14.51,-1.54,433.09,6.484999999999999,9292000.0,4.7005888
2001-06-16,09292000,53666.26,0.0,735.88,18.03,1.48,519.27,9.755,9292000.0,4.6439552
2001-06-17,09292000,53683.67,0.0,722.56,19.14,2.92,570.05,11.03,9292000.0,4.672272
2001-06-18,09292000,53697.43,0.0,617.72,16.41,3.74,662.23,10.075,9292000.0,4.7855392
2001-06-19,09292000,53707.54,0.0,730.78,17.22,0.87,489.31,9.045,9292000.0,4.813856
2001-06-20,09292000,53713.97,0.0,720.06,18.32,2.29,540.56,10.305,9292000.0,4.5590048
2001-06-21,09292000,53716.74,0.0,758.88,19.87,1.93,503.0,10.9,9292000.0,4.530688
2001-06-22,09292000,53715.83,0.0,693.07,20.41,5.03,658.1,12.72,9292000.0,4.9271232
2001-06-23,09292000,53711.24,0.0,637.49,19.21,5.69,729.52,12.45,9292000.0,5.097024
2001-06-24,09292000,53702.99,0.0,675.25,19.02,4.31,643.33,11.665,9292000.0,4.8704896
2001-06-25,09292000,53691.07,0.0,658.07,18.4,4.25,653.25,11.325,9292000.0,4.7289056
2001-06-26,09292000,53675.5,0.0,565.41,15.2,3.81,700.96,9.505,9292000.0,4.4457376
2001-06-27,09292000,53656.28,0.0,623.13,16.47,3.44,640.13,9.955,9292000.0,4.2192032
2001-06-28,09292000,53633.44,0.0,725.87,20.9,3.9,572.85,12.4,9292000.0,4.1342528
2001-06-29,09292000,53606.99,0.0,711.5,22.41,5.68,648.91,14.045,9292000.0,3.8794016
2001-06-30,09292000,53576.95,0.0,719.83,23.25,5.92,650.57,14.585,9292000.0,3.7661344
2001-07-01,09292000,53543.34,0.0,689.42,22.88,6.85,703.05,14.864999999999998,9292000.0,3.6245504
2001-07-02,09292000,53506.18,0.0,676.35,21.54,5.98,644.12,13.76,9292000.0,3.5112832
2001-07-03,09292000,53465.52,0.0,704.18,23.86,6.8,628.5,15.33,9292000.0,3.1431648
2001-07-04,09292000,53421.36,0.0,688.8,24.79,8.1,657.97,16.445,9292000.0,2.9166304
2001-07-05,09292000,53373.76,0.0,620.45,22.63,8.53,704.84,15.579999999999998,9292000.0,3.3696992
2001-07-06,09292000,53322.74,0.0,661.51,21.44,5.96,541.42,13.7,9292000.0,3.7661344
2001-07-07,09292000,53268.34,4.91,382.95,17.44,6.52,734.22,11.98,9292000.0,4.24752
2001-07-08,09292000,53210.6,7.42,439.22,19.22,6.23,632.41,12.725,9292000.0,4.24752
2001-07-09,09292000,53149.56,5.64,415.95,17.87,5.81,652.57,11.84,9292000.0,3.7661344
2001-07-10,09292000,53085.26,5.1,362.68,14.88,4.83,674.62,9.855,9292000.0,3.822768
2001-07-11,09292000,53017.74,10.67,429.14,16.21,3.81,561.42,10.01,9292000.0,5.1253408
2001-07-12,09292000,52947.06,5.92,446.29,17.28,4.16,575.67,10.72,9292000.0,4.4740544
2001-07-13,09292000,52873.26,4.0,448.34,17.45,4.11,593.51,10.78,9292000.0,3.7378176
2001-07-14,09292000,52796.4,11.33,428.39,16.13,3.63,611.36,9.88,9292000.0,4.6439552
2001-07-15,09292000,52716.51,0.0,568.89,14.39,2.28,488.47,8.335,9292000.0,3.9360352
2001-07-16,09292000,52633.66,0.0,641.37,15.11,0.72,395.8,7.915,9292000.0,3.3130656
2001-07-17,09292000,52547.89,0.0,615.23,16.61,3.01,472.77,9.81,9292000.0,2.9166304
2001-07-18,09292000,52459.26,0.0,608.84,17.32,3.81,500.41,10.565,9292000.0,2.6617792
2001-07-19,09292000,52367.82,0.0,616.38,18.32,4.5,514.62,11.41,9292000.0,2.5201952
2001-07-20,09292000,52273.64,0.0,609.25,18.8,5.18,542.3,11.99,9292000.0,2.690096
2001-07-21,09292000,52176.77,0.0,635.29,19.61,5.16,459.88,12.385,9292000.0,2.6334624
2001-07-22,09292000,52077.25,0.0,664.14,19.74,4.1,385.36,11.919999999999998,9292000.0,1.982176
2001-07-23,09292000,51975.16,0.0,685.77,20.48,3.57,340.4,12.025,9292000.0,1.8689088
2001-07-24,09292000,51870.55,0.0,673.69,20.79,4.26,363.96,12.525,9292000.0,1.7839584
2001-07-25,09292000,51763.48,0.0,655.63,20.54,4.66,388.85,12.6,9292000.0,2.2370272
2001-07-26,09292000,51654.0,0.0,472.07,12.42,2.54,505.68,7.48,9292000.0,2.548512
2001-07-27,09292000,51542.18,0.0,652.92,18.17,2.31,335.23,10.24,9292000.0,2.690096
2001-07-28,09292000,51428.07,0.0,669.68,21.15,4.28,341.13,12.715,9292000.0,2.548512
2001-07-29,09292000,51311.73,0.0,620.47,21.79,6.91,445.86,14.35,9292000.0,2.1803936
2001-07-30,09292000,51193.22,0.0,620.61,20.59,5.72,419.03,13.155,9292000.0,1.8972256
2001-07-31,09292000,51072.6,0.0,576.84,17.17,4.0,424.1,10.585,9292000.0,1.7556416
2001-08-01,09292000,50949.93,0.0,624.76,19.18,4.09,381.61,11.635,9292000.0,1.6706912
2001-08-02,09292000,50825.26,0.0,620.68,20.22,5.32,352.58,12.77,9292000.0,1.840592
2001-08-03,09292000,50698.66,10.39,408.95,17.8,5.35,543.14,11.575,9292000.0,1.840592
2001-08-04,09292000,50570.17,0.0,593.19,18.16,4.21,393.89,11.185,9292000.0,2.1520768
2001-08-05,09292000,50439.86,0.0,644.65,20.71,4.3,346.53,12.505,9292000.0,2.3219776
2001-08-06,09292000,50307.77,10.73,427.22,20.69,6.77,625.96,13.73,9292000.0,2.2370272
2001-08-07,09292000,50173.97,0.0,561.2,20.77,7.3,565.72,14.035,9292000.0,2.4918784
2001-08-08,09292000,50038.52,0.0,568.53,20.65,6.72,539.34,13.685,9292000.0,2.5201952
2001-08-09,09292000,49901.45,0.0,540.1,17.57,4.61,508.34,11.09,9292000.0,2.4352448
2001-08-10,09292000,49762.83,0.0,536.8,17.24,4.31,503.46,10.775,9292000.0,2.3502944
2001-08-11,09292000,49622.71,0.0,554.61,17.46,3.78,471.87,10.62,9292000.0,2.1803936
2001-08-12,09292000,49481.14,0.0,563.4,18.37,4.14,473.19,11.255,9292000.0,2.7750464
2001-08-13,09292000,49338.17,5.29,354.73,15.78,4.42,686.06,10.1,9292000.0,3.4829664
2001-08-14,09292000,49193.85,0.0,510.36,15.56,3.17,502.37,9.365,9292000.0,3.1431648
2001-08-15,09292000,49048.23,0.0,542.59,15.8,2.24,422.48,9.02,9292000.0,2.7467296
2001-08-16,09292000,48901.36,0.0,578.05,17.85,2.55,397.18,10.2,9292000.0,2.406928
2001-08-17,09292000,48753.29,0.0,578.24,19.05,3.53,391.9,11.29,9292000.0,2.3219776
2001-08-18,09292000,48604.05,0.0,574.54,20.69,5.04,429.86,12.865,9292000.0,2.1803936
2001-08-19,09292000,48453.7,0.0,546.96,20.13,5.54,473.25,12.835,9292000.0,1.8689088
2001-08-20,09292000,48302.28,0.0,423.82,13.97,3.76,559.46,8.865,9292000.0,1.982176
2001-08-21,09292000,48149.84,7.08,359.99,13.76,1.65,539.43,7.705,9292000.0,2.0104928
2001-08-22,09292000,47996.41,0.0,394.82,11.06,1.82,555.77,6.44,9292000.0,1.7839584
2001-08-23,09292000,47842.04,0.0,562.08,16.96,1.73,402.48,9.345,9292000.0,1.5857408
2001-08-24,09292000,47686.78,0.0,516.31,15.56,2.26,457.96,8.91,9292000.0,1.5291072
2001-08-25,09292000,47530.65,0.0,589.14,19.15,1.74,377.21,10.445,9292000.0,1.7839584
2001-08-26,09292000,47373.71,0.0,576.34,20.57,3.58,431.99,12.075,9292000.0,2.1803936
2001-08-27,09292000,47215.98,0.0,494.98,20.48,4.75,538.58,12.615,9292000.0,2.2936608
2001-08-28,09292000,47057.51,0.0,479.97,19.57,4.57,551.57,12.07,9292000.0,2.3219776
2001-08-29,09292000,46898.33,4.51,351.79,18.87,4.02,656.52,11.445,9292000.0,2.3786112
2001-08-30,09292000,46738.48,6.77,288.34,14.48,3.46,730.11,8.97,9292000.0,2.4918784
2001-08-31,09292000,46577.99,3.15,305.32,13.6,1.79,657.05,7.695,9292000.0,2.548512
2001-09-01,09292000,46416.91,3.72,341.17,15.41,1.34,610.17,8.375,9292000.0,2.5201952
2001-09-02,09292000,46255.26,0.0,432.0,15.89,3.0,620.3,9.445,9292000.0,2.4918784
2001-09-03,09292000,46093.07,0.0,439.69,17.64,4.26,662.49,10.95,9292000.0,2.3786112
2001-09-04,09292000,45930.38,0.0,467.75,18.54,3.63,609.37,11.085,9292000.0,2.3219776
2001-09-05,09292000,45767.23,0.0,401.78,16.41,4.6,719.82,10.505,9292000.0,2.2087104
2001-09-06,09292000,45603.64,0.0,426.39,8.56,-3.93,408.33,2.3150000000000004,9292000.0,2.1520768
2001-09-07,09292000,45439.64,0.0,481.38,10.43,-5.02,350.09,2.705,9292000.0,2.12376
2001-09-08,09292000,45275.26,0.0,452.82,5.77,-8.12,300.53,-1.1749999999999998,9292000.0,2.0954432
2001-09-09,09292000,45110.54,0.0,508.1,13.79,-4.35,346.69,4.72,9292000.0,2.0104928
2001-09-10,09292000,44945.5,0.0,492.35,15.85,-1.5,426.74,7.175,9292000.0,1.982176
2001-09-11,09292000,44780.17,0.0,456.1,16.8,1.58,535.8,9.19,9292000.0,1.8972256
2001-09-12,09292000,44614.58,7.24,299.67,16.14,3.32,741.18,9.73,9292000.0,1.8689088
2001-09-13,09292000,44448.77,7.93,241.77,11.63,2.07,708.85,6.8500000000000005,9292000.0,1.9538592
2001-09-14,09292000,44282.75,0.0,416.22,13.98,0.61,575.98,7.295,9292000.0,1.982176
2001-09-15,09292000,44116.55,0.0,431.83,14.46,0.15,547.59,7.305000000000001,9292000.0,2.0388096
2001-09-16,09292000,43950.2,2.48,276.48,12.18,0.75,644.88,6.465,9292000.0,1.982176
2001-09-17,09292000,43783.74,5.8,268.9,9.25,-1.59,543.51,3.83,9292000.0,1.9255424
2001-09-18,09292000,43617.18,0.0,414.49,11.18,-2.11,500.48,4.535,9292000.0,1.8122752
2001-09-19,09292000,43450.55,0.0,448.72,14.07,-1.69,491.09,6.19,9292000.0,1.7839584
2001-09-20,09292000,43283.89,0.0,423.41,15.61,1.05,606.2,8.33,9292000.0,1.7556416
2001-09-21,09292000,43117.21,0.0,406.36,15.13,1.25,628.08,8.190000000000001,9292000.0,1.8122752
2001-09-22,09292000,42950.54,0.0,438.81,16.72,0.65,578.75,8.684999999999999,9292000.0,1.8689088
2001-09-23,09292000,42783.91,0.0,437.5,17.37,1.0,592.55,9.185,9292000.0,1.8122752
2001-09-24,09292000,42617.35,0.0,424.74,17.89,2.2,651.8,10.045,9292000.0,1.7556416
2001-09-25,09292000,42450.89,0.0,410.1,16.8,2.0,657.39,9.4,9292000.0,1.7556416
2001-09-26,09292000,42284.54,0.0,401.04,17.42,2.93,706.29,10.175,9292000.0,1.7556416
2001-09-27,09292000,42118.34,0.0,415.04,16.96,1.5,633.21,9.23,9292000.0,1.7273248
2001-09-28,09292000,41952.32,0.0,377.1,16.18,2.84,725.13,9.51,9292000.0,1.699008
2001-09-29,09292000,41786.5,0.0,377.51,14.9,1.43,661.95,8.165000000000001,9292000.0,1.699008
2001-09-30,09292000,41620.92,0.0,399.24,15.03,0.05,588.97,7.54,9292000.0,1.699008
2001-10-01,09292000,41455.59,0.0,394.73,15.95,0.97,629.1,8.459999999999999,9292000.0,1.1043552
2001-10-02,09292000,41290.54,0.0,367.32,13.64,0.22,620.44,6.930000000000001,9292000.0,1.0760384
2001-10-03,09292000,41125.82,0.0,396.27,14.35,-1.1,548.82,6.625,9292000.0,1.0760384
2001-10-04,09292000,40961.44,0.0,385.04,11.92,-2.8,496.82,4.5600000000000005,9292000.0,0.9627712
2001-10-05,09292000,40797.44,0.0,404.34,10.37,-5.89,393.79,2.24,9292000.0,0.8778208
2001-10-06,09292000,40633.84,0.0,378.74,12.23,-2.64,500.5,4.795,9292000.0,0.849504
2001-10-07,09292000,40470.68,0.0,338.85,11.1,-1.54,545.64,4.779999999999999,9292000.0,0.8211872
2001-10-08,09292000,40307.99,4.34,205.34,7.71,-1.89,531.88,2.91,9292000.0,1.0194048
2001-10-09,09292000,40145.81,6.94,278.72,0.05,-11.95,244.64,-5.949999999999999,9292000.0,1.2176224
2001-10-10,09292000,39984.15,0.0,452.14,4.04,-12.75,222.38,-4.355,9292000.0,1.132672
2001-10-11,09292000,39823.06,3.92,277.25,2.03,-10.08,284.12,-4.025,9292000.0,1.0760384
2001-10-12,09292000,39662.57,2.2,300.11,2.19,-11.62,251.22,-4.715,9292000.0,1.0760384
2001-10-13,09292000,39502.72,0.0,237.6,5.0,-2.27,517.08,1.365,9292000.0,1.0760384
2001-10-14,09292000,39343.54,0.0,313.56,7.38,-2.7,499.18,2.34,9292000.0,1.04488992
2001-10-15,09292000,39185.06,0.0,409.81,7.53,-7.37,319.86,0.08,9292000.0,1.0194048
2001-10-16,09292000,39027.33,0.0,399.58,11.2,-3.57,415.43,3.815,9292000.0,1.03639488
2001-10-17,09292000,38870.38,0.0,346.88,10.32,-1.79,505.95,4.265000000000001,9292000.0,1.20912736
2001-10-18,09292000,38714.24,0.0,288.31,6.49,-3.04,488.24,1.725,9292000.0,1.1666521600000002
2001-10-19,09292000,38558.97,0.0,344.89,9.95,-2.21,494.86,3.87,9292000.0,1.12984032
2001-10-20,09292000,38404.6,0.0,368.31,10.39,-3.17,449.13,3.61,9292000.0,1.11285024
2001-10-21,09292000,38251.17,0.0,308.01,7.38,-3.16,484.0,2.11,9292000.0,1.0760384
2001-10-22,09292000,38098.72,0.0,259.03,4.79,-3.66,465.97,0.565,9292000.0,1.07887008
2001-10-23,09292000,37947.29,6.72,273.38,2.45,-10.8,268.28,-4.175000000000001,9292000.0,1.08453344
2001-10-24,09292000,37796.93,0.0,337.01,-0.01,-11.6,251.63,-5.805,9292000.0,1.12700864
2001-10-25,09292000,37647.69,0.0,377.67,5.17,-9.1,307.0,-1.965,9292000.0,1.21195904
2001-10-26,09292000,37499.61,0.0,381.06,9.47,-5.62,387.07,1.9250000000000005,9292000.0,1.29690944
2001-10-27,09292000,37352.73,0.0,327.57,9.67,-2.21,519.1,3.73,9292000.0,1.31389952
2001-10-28,09292000,37207.1,0.0,288.34,9.83,-0.25,599.59,4.79,9292000.0,1.32239456
2001-10-29,09292000,37062.77,0.0,290.41,9.55,-0.67,581.68,4.44,9292000.0,1.0052464
2001-10-30,09292000,36919.79,11.36,160.93,7.17,-0.83,574.79,3.17,9292000.0,1.05904832
2001-10-31,09292000,36778.21,4.61,229.5,3.52,-7.24,354.77,-1.86,9292000.0,0.96843456
2001-11-01,09292000,36638.08,0.0,336.56,4.47,-7.99,334.9,-1.7600000000000002,9292000.0,0.73906848
2001-11-02,09292000,36499.45,0.0,363.3,6.89,-7.73,341.7,-0.4200000000000004,9292000.0,0.6654448
2001-11-03,09292000,36362.38,0.0,368.01,9.24,-6.24,383.1,1.5,9292000.0,0.6427913599999999
2001-11-04,09292000,36226.91,0.0,343.22,8.76,-4.92,423.73,1.92,9292000.0,0.61730624
2001-11-05,09292000,36093.1,0.0,272.79,8.39,-1.31,554.75,3.54,9292000.0,0.6569497599999999
2001-11-06,09292000,35961.0,0.0,221.6,5.88,-1.6,543.35,2.14,9292000.0,0.6427913599999999
2001-11-07,09292000,35830.68,3.19,192.37,2.06,-6.84,366.1,-2.39,9292000.0,0.63995968
2001-11-08,09292000,35702.18,0.0,357.56,5.32,-10.19,281.71,-2.435,9292000.0,0.58615776
2001-11-09,09292000,35575.56,0.0,336.36,6.69,-7.14,357.71,-0.2249999999999996,9292000.0,0.51536576
2001-11-10,09292000,35450.88,4.91,155.26,0.16,-6.81,366.76,-3.325,9292000.0,0.60597952
2001-11-11,09292000,35328.19,0.0,305.82,4.41,-7.22,355.27,-1.4049999999999998,9292000.0,0.58615776
2001-11-12,09292000,35207.56,0.0,224.31,3.69,-4.12,450.37,-0.215,9292000.0,0.58898944
2001-11-13,09292000,35089.04,0.0,252.84,1.52,-7.52,347.12,-3.0,9292000.0,0.5691676800000001
2001-11-14,09292000,34972.69,0.0,330.28,5.06,-8.96,310.29,-1.9500000000000008,9292000.0,0.48704896
2001-11-15,09292000,34858.56,0.0,333.78,8.23,-6.59,373.0,0.8200000000000003,9292000.0,0.5380192
2001-11-16,09292000,34746.73,0.0,336.6,9.47,-6.13,386.53,1.6700000000000004,9292000.0,0.5380192
2001-11-17,09292000,34637.23,0.0,296.75,5.9,-6.33,380.53,-0.2149999999999998,9292000.0,0.5380192
2001-11-18,09292000,34530.14,2.66,225.26,2.3,-10.39,277.28,-4.045,9292000.0,0.5380192
2001-11-19,09292000,34425.52,0.0,348.29,6.53,-11.92,245.19,-2.695,9292000.0,0.5097024
2001-11-20,09292000,34323.41,0.0,332.41,8.17,-8.64,318.2,-0.2350000000000003,9292000.0,0.5380192
2001-11-21,09292000,34223.88,3.78,151.66,2.29,-5.53,404.48,-1.62,9292000.0,0.566336
2001-11-22,09292000,34126.99,10.13,182.37,-0.35,-9.99,286.05,-5.17,9292000.0,0.566336
2001-11-23,09292000,34032.78,0.0,287.35,-4.11,-16.3,171.11,-10.205,9292000.0,0.5380192
2001-11-24,09292000,33941.33,13.6,220.68,-5.87,-18.63,140.48,-12.25,9292000.0,0.566336
2001-11-25,09292000,33852.69,10.04,155.33,-6.84,-14.52,198.46,-10.68,9292000.0,0.5946528
2001-11-26,09292000,33766.9,0.0,272.34,-7.6,-18.55,141.5,-13.075,9292000.0,0.566336
2001-11-27,09292000,33684.02,0.0,306.02,-8.2,-21.82,106.58,-15.01,9292000.0,0.566336
2001-11-28,09292000,33604.12,3.13,239.9,-6.19,-21.88,105.94,-14.035,9292000.0,0.566336
2001-11-29,09292000,33527.23,3.12,166.18,-6.02,-14.76,194.61,-10.39,9292000.0,0.5946528
2001-11-30,09292000,33453.41,0.0,298.38,-4.89,-18.55,141.51,-11.72,9292000.0,0.5946528
2001-12-01,09292000,33382.71,7.52,222.49,-5.77,-19.55,129.82,-12.66,9292000.0,0.5946528
2001-12-02,09292000,33315.18,6.87,93.34,-4.97,-9.53,296.67,-7.25,9292000.0,0.6229696
2001-12-03,09292000,33250.86,6.54,54.69,-4.86,-7.22,355.42,-6.04,9292000.0,0.6229696
2001-12-04,09292000,33189.79,7.32,232.0,-4.24,-18.46,142.55,-11.35,9292000.0,0.6229696
2001-12-05,09292000,33132.03,10.25,212.71,-8.04,-19.96,125.29,-14.0,9292000.0,0.5946528
2001-12-06,09292000,33077.61,16.91,141.48,-2.91,-9.83,289.7,-6.37,9292000.0,0.6229696
2001-12-07,09292000,33026.56,5.21,152.05,-8.12,-15.54,182.39,-11.829999999999998,9292000.0,0.7362368
2001-12-08,09292000,32978.94,0.0,324.76,1.31,-14.38,200.7,-6.535,9292000.0,0.849504
2001-12-09,09292000,32934.76,0.0,300.91,-0.44,-13.65,213.09,-7.045,9292000.0,0.8211872
2001-12-10,09292000,32894.07,0.0,270.05,-4.01,-15.07,189.55,-9.54,9292000.0,0.8211872
2001-12-11,09292000,32856.9,0.0,305.64,-6.48,-20.32,121.42,-13.4,9292000.0,0.849504
2001-12-12,09292000,32823.26,0.0,278.29,-9.12,-20.91,115.37,-15.015,9292000.0,0.8778208
2001-12-13,09292000,32793.2,3.66,228.94,-1.75,-16.5,168.35,-9.125,9292000.0,0.9627712
2001-12-14,09292000,32766.72,0.0,217.49,-3.99,-12.5,234.11,-8.245000000000001,9292000.0,0.9344544
2001-12-15,09292000,32743.86,0.0,288.38,-9.39,-22.03,104.56,-15.71,9292000.0,0.991088
2001-12-16,09292000,32724.62,4.46,252.78,-0.5,-20.6,118.5,-10.55,9292000.0,0.991088
2001-12-17,09292000,32709.02,0.0,287.32,1.06,-11.95,244.65,-5.444999999999999,9292000.0,1.0194048
2001-12-18,09292000,32697.08,0.0,279.61,-3.61,-15.86,177.51,-9.735,9292000.0,1.0760384
2001-12-19,09292000,32688.8,0.0,287.18,0.12,-12.68,230.68,-6.28,9292000.0,1.1043552
2001-12-20,09292000,32684.19,0.0,249.1,-2.32,-12.31,237.68,-7.315,9292000.0,1.132672
2001-12-21,09292000,32683.26,0.0,283.19,-3.63,-15.92,176.61,-9.775,9292000.0,1.1609888
2001-12-22,09292000,32686.0,0.0,281.38,-4.56,-16.77,164.5,-10.665,9292000.0,1.132672
2001-12-23,09292000,32692.41,0.0,322.6,-0.38,-17.16,159.18,-8.77,9292000.0,1.1043552
2001-12-24,09292000,32702.49,0.0,276.87,-1.95,-13.99,207.32,-7.97,9292000.0,1.0760384
2001-12-25,09292000,32716.23,0.0,287.45,1.03,-12.08,242.02,-5.525,9292000.0,1.0194048
2001-12-26,09292000,32733.61,0.0,309.43,2.73,-12.69,230.42,-4.98,9292000.0,0.991088
2001-12-27,09292000,32754.64,0.0,288.55,-0.27,-13.43,216.93,-6.85,9292000.0,0.991088
2001-12-28,09292000,32779.28,3.08,177.01,-2.84,-12.38,236.33,-7.61,9292000.0,0.991088
2001-12-29,09292000,32807.52,0.0,266.66,0.4,-10.9,266.09,-5.25,9292000.0,0.991088
2001-12-30,09292000,32839.34,0.0,275.51,-2.56,-14.26,202.72,-8.41,9292000.0,1.0194048
2001-12-31,09292000,32874.72,0.0,287.83,-2.48,-14.97,191.23,-8.725,9292000.0,1.0194048
2002-01-01,09292000,32913.8,0.0,291.35,-4.37,-18.06,147.55,-11.215,9292000.0,0.991088
2002-01-02,09292000,32956.22,0.0,337.84,1.81,-17.82,150.56,-8.005,9292000.0,0.9627712
2002-01-03,09292000,33002.11,0.0,258.87,0.67,-10.68,270.93,-5.005,9292000.0,0.9061376
2002-01-04,09292000,33051.44,0.0,204.48,-6.69,-14.93,191.75,-10.81,9292000.0,0.849504
2002-01-05,09292000,33104.16,0.0,277.68,-1.05,-13.44,216.86,-7.245,9292000.0,0.7928704
2002-01-06,09292000,33160.24,4.04,146.9,1.28,-6.64,371.57,-2.68,9292000.0,0.7362368
2002-01-07,09292000,33219.65,0.0,220.93,5.38,-3.77,462.26,0.8049999999999999,9292000.0,0.70792
2002-01-08,09292000,33282.33,0.0,244.23,6.06,-4.28,444.79,0.8899999999999997,9292000.0,0.70792
2002-01-09,09292000,33348.25,0.0,304.53,2.36,-11.79,247.81,-4.715,9292000.0,0.6796032
2002-01-10,09292000,33417.36,0.0,323.63,1.46,-14.19,203.82,-6.365,9292000.0,0.6796032
2002-01-11,09292000,33489.61,0.0,228.86,2.91,-6.3,381.45,-1.6949999999999998,9292000.0,0.6796032
2002-01-12,09292000,33564.96,0.0,318.78,4.6,-10.39,277.2,-2.8950000000000005,9292000.0,0.6512864
2002-01-13,09292000,33643.35,0.0,270.07,-7.71,-18.72,139.48,-13.215,9292000.0,0.6229696
2002-01-14,09292000,33724.73,0.0,346.77,-1.24,-18.64,140.36,-9.94,9292000.0,0.5946528
2002-01-15,09292000,33809.06,0.0,340.96,-5.8,-22.06,104.3,-13.93,9292000.0,0.5946528
2002-01-16,09292000,33896.27,0.0,346.87,-7.0,-23.63,90.74,-15.315,9292000.0,0.5946528
2002-01-17,09292000,33986.31,0.0,321.87,-7.02,-20.92,115.3,-13.97,9292000.0,0.6229696
2002-01-18,09292000,34079.13,0.0,254.17,-12.32,-21.95,105.29,-17.134999999999998,9292000.0,0.6512864
2002-01-19,09292000,34174.68,0.0,347.16,-3.87,-19.72,127.9,-11.795,9292000.0,0.6796032
2002-01-20,09292000,34272.88,0.0,324.37,-5.54,-19.15,134.39,-12.345,9292000.0,0.70792
2002-01-21,09292000,34373.7,3.33,162.28,-3.96,-11.81,247.4,-7.885,9292000.0,0.6229696
2002-01-22,09292000,34477.06,0.0,349.96,-7.39,-22.6,99.41,-14.995,9292000.0,0.6512864
2002-01-23,09292000,34582.92,0.0,323.98,-11.31,-24.15,86.58,-17.73,9292000.0,0.6512864
2002-01-24,09292000,34691.2,0.0,373.13,0.01,-17.21,158.56,-8.6,9292000.0,0.6229696
2002-01-25,09292000,34801.87,3.08,257.57,3.03,-11.38,256.1,-4.175000000000001,9292000.0,0.6512864
2002-01-26,09292000,34914.85,0.0,226.67,0.86,-7.07,359.64,-3.105,9292000.0,0.6796032
2002-01-27,09292000,35030.08,7.93,96.3,-5.15,-9.31,301.88,-7.23,9292000.0,0.6796032
2002-01-28,09292000,35147.52,10.41,238.59,-8.08,-19.72,127.9,-13.9,9292000.0,0.70792
2002-01-29,09292000,35267.09,0.0,384.66,-8.78,-24.62,82.98,-16.7,9292000.0,0.7362368
2002-01-30,09292000,35388.75,0.0,384.99,-10.72,-26.27,71.38,-18.495,9292000.0,0.7362368
2002-01-31,09292000,35512.43,0.0,364.09,-7.02,-20.79,116.6,-13.905,9292000.0,0.7362368
2002-02-01,09292000,35638.08,0.0,406.17,-2.41,-19.58,129.55,-10.995,9292000.0,0.7362368
2002-02-02,09292000,35765.64,0.0,412.47,-0.37,-18.09,147.15,-9.23,9292000.0,0.7645535999999999
2002-02-03,09292000,35895.05,0.0,422.45,1.24,-17.85,150.15,-8.305000000000001,9292000.0,0.7362368
2002-02-04,09292000,36026.26,0.0,344.72,-4.81,-17.12,159.71,-10.965,9292000.0,0.7645535999999999
2002-02-05,09292000,36159.21,0.0,412.47,1.02,-16.46,168.87,-7.720000000000001,9292000.0,0.7928704
2002-02-06,09292000,36293.85,0.0,403.95,3.99,-12.78,228.7,-4.395,9292000.0,0.7928704
2002-02-07,09292000,36430.12,0.0,364.21,2.27,-11.38,256.15,-4.555000000000001,9292000.0,0.7645535999999999
2002-02-08,09292000,36567.97,3.07,208.82,-5.92,-15.14,188.49,-10.53,9292000.0,0.7645535999999999
2002-02-09,09292000,36707.35,0.0,389.42,-5.72,-20.07,124.17,-12.895,9292000.0,0.7928704
2002-02-10,09292000,36848.2,0.0,472.51,6.15,-18.87,118.57,-6.36,9292000.0,0.7928704
2002-02-11,09292000,36990.48,0.0,403.6,5.32,-10.25,242.11,-2.465,9292000.0,0.7928704
2002-02-12,09292000,37134.14,0.0,397.06,-1.25,-16.09,166.85,-8.67,9292000.0,0.7928704
2002-02-13,09292000,37279.12,0.0,445.59,1.64,-16.89,143.29,-7.625,9292000.0,0.7362368
2002-02-14,09292000,37425.37,0.0,390.3,-5.41,-19.35,132.13,-12.38,9292000.0,0.6796032
2002-02-15,09292000,37572.85,0.0,480.23,4.41,-17.59,124.74,-6.59,9292000.0,0.6512864
2002-02-16,09292000,37721.52,0.0,442.67,4.42,-13.04,186.48,-4.31,9292000.0,0.6512864
2002-02-17,09292000,37871.32,0.0,354.73,0.87,-11.17,248.33,-5.15,9292000.0,0.6796032
2002-02-18,09292000,38022.21,4.54,251.89,-3.27,-14.22,203.47,-8.745000000000001,9292000.0,0.70792
2002-02-19,09292000,38174.15,3.41,305.42,0.19,-14.04,206.35,-6.925,9292000.0,0.7362368
2002-02-20,09292000,38327.09,10.56,298.18,-2.28,-15.74,179.3,-9.01,9292000.0,0.6796032
2002-02-21,09292000,38481.0,0.0,494.85,3.2,-17.04,145.14,-6.92,9292000.0,0.6229696
2002-02-22,09292000,38635.82,0.0,420.56,7.96,-6.69,329.9,0.6349999999999998,9292000.0,0.5946528
2002-02-23,09292000,38791.52,0.0,421.12,4.14,-10.08,259.52,-2.97,9292000.0,0.5946528
2002-02-24,09292000,38948.06,4.4,295.06,-1.16,-13.8,210.54,-7.48,9292000.0,0.6229696
2002-02-25,09292000,39105.41,3.04,289.83,-8.09,-20.23,122.45,-14.16,9292000.0,0.6512864
2002-02-26,09292000,39263.51,0.0,519.1,0.21,-20.64,110.73,-10.215,9292000.0,0.5946528
2002-02-27,09292000,39422.34,0.0,402.77,-2.46,-15.42,184.15,-8.94,9292000.0,0.5946528
2002-02-28,09292000,39581.86,0.0,480.31,-2.14,-19.04,133.61,-10.59,9292000.0,0.6512864
2002-03-01,09292000,39742.04,0.0,462.06,-10.48,-25.91,73.77,-18.195,9292000.0,0.6229696
2002-03-02,09292000,39902.83,0.0,451.53,-10.67,-25.39,77.38,-18.03,9292000.0,0.5380192
2002-03-03,09292000,40064.2,0.0,542.71,-2.57,-23.67,86.61,-13.12,9292000.0,0.566336
2002-03-04,09292000,40226.13,0.0,500.43,3.62,-13.86,184.01,-5.119999999999999,9292000.0,0.6229696
2002-03-05,09292000,40388.57,0.0,467.28,2.84,-12.37,214.82,-4.765,9292000.0,0.6796032
2002-03-06,09292000,40551.49,0.0,418.14,3.96,-8.86,290.67,-2.45,9292000.0,0.6229696
2002-03-07,09292000,40714.87,12.7,262.21,-0.25,-10.17,281.98,-5.21,9292000.0,0.5380192
2002-03-08,09292000,40878.67,5.01,345.32,-7.09,-20.86,115.92,-13.975,9292000.0,0.4813855999999999
2002-03-09,09292000,41042.87,4.51,429.71,1.51,-19.68,128.4,-9.085,9292000.0,0.5097024
2002-03-10,09292000,41207.42,0.0,455.8,2.27,-11.29,256.29,-4.51,9292000.0,0.5097024
2002-03-11,09292000,41372.31,0.0,499.78,3.77,-11.71,235.91,-3.9700000000000006,9292000.0,0.566336
2002-03-12,09292000,41537.49,4.75,304.2,3.87,-7.38,351.08,-1.755,9292000.0,0.5946528
2002-03-13,09292000,41702.95,7.95,349.76,-1.43,-14.53,198.19,-7.979999999999999,9292000.0,0.5380192
2002-03-14,09292000,41868.66,0.0,528.82,-5.86,-21.31,111.38,-13.585,9292000.0,0.4813855999999999
2002-03-15,09292000,42034.58,2.69,423.41,-5.35,-22.76,98.03,-14.055,9292000.0,0.4813855999999999
2002-03-16,09292000,42200.7,4.36,373.79,-5.25,-19.05,135.53,-12.15,9292000.0,0.4813855999999999
2002-03-17,09292000,42366.97,5.36,413.03,-6.7,-22.44,100.86,-14.57,9292000.0,0.5097024
2002-03-18,09292000,42533.38,3.04,462.59,-2.6,-22.52,100.17,-12.56,9292000.0,0.5380192
2002-03-19,09292000,42699.89,3.38,449.09,2.07,-16.5,168.27,-7.215,9292000.0,0.5380192
2002-03-20,09292000,42866.49,0.0,573.3,5.95,-10.91,240.02,-2.48,9292000.0,0.566336
2002-03-21,09292000,43033.14,2.61,415.74,7.94,-8.11,331.31,-0.0849999999999995,9292000.0,0.5946528
2002-03-22,09292000,43199.82,0.0,551.54,9.37,-6.25,337.6,1.5599999999999996,9292000.0,0.6512864
2002-03-23,09292000,43366.49,0.0,489.85,3.68,-9.0,303.31,-2.66,9292000.0,0.6229696
2002-03-24,09292000,43533.14,2.74,370.28,0.38,-12.29,238.05,-5.954999999999999,9292000.0,0.5946528
2002-03-25,09292000,43699.74,0.0,606.59,1.8,-15.52,172.45,-6.859999999999999,9292000.0,0.5946528
2002-03-26,09292000,43866.26,0.0,639.42,3.45,-16.0,158.85,-6.275,9292000.0,0.6796032
2002-03-27,09292000,44032.67,0.0,502.19,4.81,-8.09,311.02,-1.64,9292000.0,0.6512864
2002-03-28,09292000,44198.94,0.0,483.91,4.92,-7.07,333.73,-1.0750000000000002,9292000.0,0.6796032
2002-03-29,09292000,44365.05,0.0,563.08,7.32,-7.5,293.46,-0.0899999999999998,9292000.0,0.6796032
2002-03-30,09292000,44530.98,0.0,520.81,6.51,-6.52,330.19,-0.0049999999999998,9292000.0,0.6512864
2002-03-31,09292000,44696.68,0.0,630.5,10.42,-7.41,266.29,1.505,9292000.0,0.6512864
2002-04-01,09292000,44862.15,0.0,526.9,9.67,-3.48,386.7,3.095,9292000.0,0.6796032
2002-04-02,09292000,45027.33,0.0,496.43,7.77,-4.06,388.95,1.855,9292000.0,0.6512864
2002-04-03,09292000,45192.22,0.0,564.5,9.0,-4.97,334.96,2.015,9292000.0,0.6229696
2002-04-04,09292000,45356.77,0.0,645.65,10.94,-6.62,265.73,2.16,9292000.0,0.6512864
2002-04-05,09292000,45520.97,0.0,581.5,10.7,-3.88,347.91,3.41,9292000.0,0.6512864
2002-04-06,09292000,45684.77,0.0,550.36,9.5,-3.93,362.41,2.785,9292000.0,0.6229696
2002-04-07,09292000,45848.15,0.0,545.82,7.92,-5.2,330.28,1.36,9292000.0,0.6229696
2002-04-08,09292000,46011.08,0.0,590.12,7.45,-6.94,278.57,0.2549999999999999,9292000.0,0.6229696
2002-04-09,09292000,46173.52,0.0,540.73,7.71,-4.89,339.16,1.41,9292000.0,0.6512864
2002-04-10,09292000,46335.44,0.0,499.24,5.43,-5.72,341.11,-0.145,9292000.0,0.6512864
2002-04-11,09292000,46496.82,0.0,602.46,5.98,-8.54,247.36,-1.2799999999999994,9292000.0,0.6512864
2002-04-12,09292000,46657.61,0.0,540.81,7.09,-5.25,330.78,0.92,9292000.0,0.6796032
2002-04-13,09292000,46817.79,0.0,620.36,11.2,-3.96,315.44,3.62,9292000.0,0.70792
2002-04-14,09292000,46977.31,0.0,542.51,10.81,-1.47,413.64,4.67,9292000.0,0.7362368
2002-04-15,09292000,47136.14,3.86,371.11,4.99,-5.8,384.42,-0.4049999999999998,9292000.0,0.7928704
2002-04-16,09292000,47294.25,0.0,575.6,1.43,-11.36,220.06,-4.965,9292000.0,0.7645535999999999
2002-04-17,09292000,47451.59,7.62,363.67,-2.73,-12.66,231.06,-7.695,9292000.0,0.7362368
2002-04-18,09292000,47608.14,9.88,449.88,0.31,-12.65,229.88,-6.17,9292000.0,0.7362368
2002-04-19,09292000,47763.84,3.86,461.36,1.52,-11.75,247.84,-5.115,9292000.0,0.7362368
2002-04-20,09292000,47918.67,3.4,459.96,-0.16,-13.13,222.35,-6.6450000000000005,9292000.0,0.70792
2002-04-21,09292000,48072.57,0.0,720.5,2.87,-14.37,166.88,-5.75,9292000.0,0.6796032
2002-04-22,09292000,48225.52,2.47,524.24,7.54,-9.12,273.98,-0.7899999999999996,9292000.0,0.70792
2002-04-23,09292000,48377.46,0.0,613.44,8.25,-4.75,349.78,1.75,9292000.0,0.7362368
2002-04-24,09292000,48528.35,0.0,621.78,7.79,-5.3,334.74,1.245,9292000.0,0.7928704
2002-04-25,09292000,48678.16,0.0,596.23,8.61,-3.49,386.31,2.56,9292000.0,0.849504
2002-04-26,09292000,48826.82,4.09,431.21,7.09,-4.47,418.88,1.31,9292000.0,0.8778208
2002-04-27,09292000,48974.31,3.82,412.21,1.63,-8.99,309.63,-3.68,9292000.0,0.9344544
2002-04-28,09292000,49120.57,2.53,483.85,5.63,-7.75,317.06,-1.06,9292000.0,0.9061376
2002-04-29,09292000,49265.55,0.0,647.9,9.48,-3.85,335.01,2.8150000000000004,9292000.0,0.9061376
2002-04-30,09292000,49409.2,0.0,606.44,8.66,-3.2,369.12,2.73,9292000.0,0.9344544
2002-05-01,09292000,49551.49,0.0,603.9,3.25,-8.35,271.12,-2.55,9292000.0,0.991088
2002-05-02,09292000,49692.34,0.0,727.73,6.02,-10.0,205.28,-1.99,9292000.0,0.9627712
2002-05-03,09292000,49831.73,2.71,420.39,6.31,-4.34,416.5,0.985,9292000.0,0.991088
2002-05-04,09292000,49969.58,0.0,684.06,8.12,-5.88,284.94,1.1199999999999997,9292000.0,1.0194048
2002-05-05,09292000,50105.86,0.0,568.93,7.9,-2.64,404.01,2.63,9292000.0,1.1609888
2002-05-06,09292000,50240.5,0.0,640.29,10.56,-1.89,383.62,4.335,9292000.0,1.3308896
2002-05-07,09292000,50373.45,0.0,729.3,8.92,-6.72,251.56,1.1,9292000.0,1.3308896
2002-05-08,09292000,50504.67,0.0,695.56,0.74,-13.27,179.05,-6.265,9292000.0,1.4724736
2002-05-09,09292000,50634.08,0.0,751.1,4.22,-12.36,173.02,-4.07,9292000.0,1.6423744
2002-05-10,09292000,50761.65,4.61,351.01,3.04,-5.24,413.66,-1.1,9292000.0,1.6423744
2002-05-11,09292000,50887.3,3.73,411.8,4.28,-5.66,389.29,-0.69,9292000.0,1.5857408
2002-05-12,09292000,51010.98,0.0,671.83,7.61,-5.55,301.06,1.0300000000000002,9292000.0,1.5291072
2002-05-13,09292000,51132.65,0.0,758.09,11.28,-5.57,261.7,2.8549999999999995,9292000.0,1.6423744
2002-05-14,09292000,51252.23,0.0,669.91,11.77,-1.54,380.72,5.115,9292000.0,2.0954432
2002-05-15,09292000,51369.66,0.0,666.36,10.4,-2.78,355.07,3.810000000000001,9292000.0,2.3786112
2002-05-16,09292000,51484.91,4.37,449.18,8.66,-2.7,452.3,2.98,9292000.0,2.7184128
2002-05-17,09292000,51597.89,0.0,729.67,12.62,-3.16,320.78,4.73,9292000.0,2.7184128
2002-05-18,09292000,51708.56,0.0,699.5,14.81,0.06,405.08,7.435,9292000.0,3.114848
2002-05-19,09292000,51816.85,0.0,660.05,13.9,0.54,441.12,7.220000000000001,9292000.0,3.5112832
2002-05-20,09292000,51922.71,0.0,518.77,11.08,1.57,554.74,6.325,9292000.0,3.964352
2002-05-21,09292000,52026.08,9.58,459.38,5.33,-6.16,352.93,-0.415,9292000.0,3.114848
2002-05-22,09292000,52126.9,0.0,606.17,2.35,-8.59,265.19,-3.12,9292000.0,1.5857408
2002-05-23,09292000,52225.11,4.68,504.85,3.76,-9.19,273.07,-2.715,9292000.0,1.5291072
2002-05-24,09292000,52320.66,0.0,702.64,6.55,-7.24,257.73,-0.3450000000000002,9292000.0,1.982176
2002-05-25,09292000,52413.49,0.0,725.97,10.25,-4.63,288.65,2.81,9292000.0,2.0671264
2002-05-26,09292000,52503.54,0.0,662.66,11.55,-1.24,377.49,5.155,9292000.0,2.3502944
2002-05-27,09292000,52590.76,0.0,691.96,12.63,-1.21,353.73,5.710000000000001,9292000.0,2.5768288
2002-05-28,09292000,52675.09,0.0,711.89,14.25,-0.43,356.42,6.91,9292000.0,2.83168
2002-05-29,09292000,52756.48,0.0,648.17,15.19,2.54,468.37,8.865,9292000.0,3.256432
2002-05-30,09292000,52834.87,0.0,740.55,18.95,2.53,396.79,10.74,9292000.0,3.7378176
2002-05-31,09292000,52910.23,0.0,691.52,19.58,4.97,496.6,12.275,9292000.0,4.105936
2002-06-01,09292000,52982.49,4.34,495.12,15.89,2.24,548.89,9.065,9292000.0,3.822768
2002-06-02,09292000,53051.6,3.4,435.83,11.57,0.38,544.16,5.9750000000000005,9292000.0,3.4263328
2002-06-03,09292000,53117.53,0.0,438.55,5.8,-1.87,490.52,1.965,9292000.0,3.0865312
2002-06-04,09292000,53180.22,0.0,628.07,9.61,-2.5,372.74,3.555,9292000.0,2.7467296
2002-06-05,09292000,53239.63,0.0,738.96,14.83,-1.6,328.49,6.615,9292000.0,2.7750464
2002-06-06,09292000,53295.72,0.0,653.24,16.37,3.23,461.93,9.8,9292000.0,2.9449472
2002-06-07,09292000,53348.45,0.0,611.01,16.67,4.78,522.79,10.725,9292000.0,3.0865312
2002-06-08,09292000,53397.78,0.0,480.59,15.34,6.68,701.49,11.01,9292000.0,2.83168
2002-06-09,09292000,53443.68,0.0,731.64,12.2,-3.79,249.43,4.205,9292000.0,2.6051456
2002-06-10,09292000,53486.11,0.0,729.61,8.44,-7.55,203.24,0.4449999999999998,9292000.0,2.265344
2002-06-11,09292000,53525.04,0.0,667.11,11.34,-2.29,295.09,4.525,9292000.0,1.982176
2002-06-12,09292000,53560.44,0.0,702.66,14.13,-0.83,273.98,6.65,9292000.0,1.840592
2002-06-13,09292000,53592.28,0.0,701.03,15.57,0.51,294.26,8.040000000000001,9292000.0,1.699008
2002-06-14,09292000,53620.55,0.0,723.87,17.35,1.07,276.31,9.21,9292000.0,1.557424
2002-06-15,09292000,53645.21,0.0,670.6,17.22,3.0,329.1,10.11,9292000.0,1.41584
2002-06-16,09292000,53666.26,0.0,705.22,18.32,2.68,273.8,10.5,9292000.0,1.3025728
2002-06-17,09292000,53683.67,0.0,659.33,18.13,4.24,320.05,11.185,9292000.0,1.1609888
2002-06-18,09292000,53697.43,0.0,610.54,17.39,5.05,359.74,11.22,9292000.0,1.0477216
2002-06-19,09292000,53707.54,0.0,536.99,15.13,4.71,423.99,9.92,9292000.0,0.9627712
2002-06-20,09292000,53713.97,0.0,648.39,16.77,3.07,280.72,9.92,9292000.0,0.9061376
2002-06-21,09292000,53716.74,0.0,638.85,16.23,2.73,282.9,9.48,9292000.0,0.849504
2002-06-22,09292000,53715.83,9.58,436.87,13.44,1.47,412.05,7.455,9292000.0,1.0760384
2002-06-23,09292000,53711.24,0.0,698.5,17.53,1.45,249.65,9.49,9292000.0,1.3025728
2002-06-24,09292000,53702.99,0.0,664.69,19.09,4.3,316.66,11.695,9292000.0,1.6423744
2002-06-25,09292000,53691.07,0.0,643.92,19.74,5.57,356.69,12.655,9292000.0,1.5291072
2002-06-26,09292000,53675.5,0.0,635.02,19.97,6.01,373.39,12.989999999999998,9292000.0,1.41584
2002-06-27,09292000,53656.28,0.0,649.14,20.24,5.67,352.81,12.954999999999998,9292000.0,1.3592064
2002-06-28,09292000,53633.44,0.0,670.01,20.91,5.28,325.35,13.095,9292000.0,1.3025728
2002-06-29,09292000,53606.99,0.0,601.0,19.04,6.04,407.54,12.54,9292000.0,1.1893056
2002-06-30,09292000,53576.95,0.0,649.78,21.96,7.0,376.22,14.48,9292000.0,1.1043552
2002-07-01,09292000,53543.34,0.0,625.01,21.53,7.41,410.75,14.47,9292000.0,1.0760384
2002-07-02,09292000,53506.18,0.0,604.16,20.65,7.13,426.88,13.89,9292000.0,1.0477216
2002-07-03,09292000,53465.52,0.0,557.59,17.7,5.57,440.68,11.635,9292000.0,1.0477216
2002-07-04,09292000,53421.36,0.0,616.94,18.38,4.16,352.36,11.27,9292000.0,1.0194048
2002-07-05,09292000,53373.76,0.0,606.01,19.43,5.55,390.22,12.49,9292000.0,0.9627712
2002-07-06,09292000,53322.74,6.02,440.67,18.59,4.95,527.05,11.77,9292000.0,0.9061376
2002-07-07,09292000,53268.34,0.0,625.42,20.2,5.21,394.1,12.705,9292000.0,0.7928704
2002-07-08,09292000,53210.6,0.0,609.51,22.74,7.95,473.64,15.345,9292000.0,0.6229696
2002-07-09,09292000,53149.56,0.0,640.55,22.92,6.63,407.03,14.775,9292000.0,0.6229696
2002-07-10,09292000,53085.26,0.0,622.72,22.5,6.92,433.06,14.71,9292000.0,0.5946528
2002-07-11,09292000,53017.74,0.0,619.52,22.37,6.75,432.38,14.56,9292000.0,0.5946528
2002-07-12,09292000,52947.06,0.0,642.71,23.32,6.35,397.57,14.835,9292000.0,0.566336
2002-07-13,09292000,52873.26,0.0,634.19,24.21,7.4,430.02,15.805,9292000.0,0.5946528
2002-07-14,09292000,52796.4,0.0,611.66,24.02,8.15,475.15,16.085,9292000.0,0.6229696
2002-07-15,09292000,52716.51,6.88,393.37,21.2,8.37,730.21,14.785,9292000.0,0.5946528
2002-07-16,09292000,52633.66,0.0,550.95,20.82,7.36,545.17,14.09,9292000.0,0.5946528
2002-07-17,09292000,52547.89,0.0,522.67,18.66,6.23,504.42,12.445,9292000.0,0.6229696
2002-07-18,09292000,52459.26,0.0,510.29,18.38,6.35,463.78,12.364999999999998,9292000.0,0.6512864
2002-07-19,09292000,52367.82,8.31,338.22,15.1,4.66,593.72,9.88,9292000.0,0.70792
2002-07-20,09292000,52273.64,5.52,350.44,15.01,4.1,583.45,9.555,9292000.0,0.7362368
2002-07-21,09292000,52176.77,0.0,594.47,18.64,3.22,345.15,10.93,9292000.0,0.7362368
2002-07-22,09292000,52077.25,6.79,416.42,18.99,4.66,527.59,11.825,9292000.0,0.70792
2002-07-23,09292000,51975.16,7.89,377.22,17.04,4.67,614.61,10.855,9292000.0,0.7645535999999999
2002-07-24,09292000,51870.55,0.0,492.02,19.41,5.56,557.35,12.485,9292000.0,0.8211872
2002-07-25,09292000,51763.48,7.61,314.0,15.08,3.98,695.05,9.53,9292000.0,0.849504
2002-07-26,09292000,51654.0,0.0,485.87,15.92,2.54,489.86,9.23,9292000.0,0.849504
2002-07-27,09292000,51542.18,0.0,466.24,16.0,3.45,523.02,9.725,9292000.0,0.8211872
2002-07-28,09292000,51428.07,0.0,490.37,16.54,3.06,477.61,9.8,9292000.0,0.7928704
2002-07-29,09292000,51311.73,0.0,522.24,19.42,4.22,475.23,11.82,9292000.0,0.7645535999999999
2002-07-30,09292000,51193.22,0.0,531.99,20.81,4.96,484.92,12.885,9292000.0,0.70792
2002-07-31,09292000,51072.6,0.0,490.56,20.7,6.82,594.13,13.76,9292000.0,0.6512864
2002-08-01,09292000,50949.93,0.0,460.61,18.64,6.07,608.17,12.355,9292000.0,0.6229696
2002-08-02,09292000,50825.26,0.0,351.44,14.43,5.57,718.49,10.0,9292000.0,0.6229696
2002-08-03,09292000,50698.66,0.0,443.45,16.94,5.17,587.94,11.055,9292000.0,0.6512864
2002-08-04,09292000,50570.17,8.69,340.5,15.57,3.26,620.97,9.415,9292000.0,0.6229696
2002-08-05,09292000,50439.86,0.0,421.56,14.41,3.5,593.47,8.955,9292000.0,0.5946528
2002-08-06,09292000,50307.77,0.0,439.65,15.86,4.35,605.31,10.105,9292000.0,0.566336
2002-08-07,09292000,50173.97,0.0,398.32,14.68,4.64,664.24,9.66,9292000.0,0.5380192
2002-08-08,09292000,50038.52,0.0,487.88,15.43,2.26,491.35,8.844999999999999,9292000.0,0.5097024
2002-08-09,09292000,49901.45,0.0,519.94,16.65,1.96,436.92,9.305,9292000.0,0.4813855999999999
2002-08-10,09292000,49762.83,0.0,558.96,18.46,1.26,369.17,9.86,9292000.0,0.4304153599999999
2002-08-11,09292000,49622.71,0.0,528.44,19.91,4.51,480.62,12.21,9292000.0,0.50120736
2002-08-12,09292000,49481.14,0.0,511.97,17.41,3.0,459.6,10.205,9292000.0,0.5521776
2002-08-13,09292000,49338.17,0.0,535.67,17.22,1.5,399.97,9.36,9292000.0,0.59182112
2002-08-14,09292000,49193.85,0.0,523.17,19.65,4.34,484.84,11.995,9292000.0,0.63995968
2002-08-15,09292000,49048.23,0.0,496.15,21.31,7.23,583.82,14.27,9292000.0,0.71075168
2002-08-16,09292000,48901.36,0.0,501.16,20.49,6.06,540.79,13.275,9292000.0,0.74473184
2002-08-17,09292000,48753.29,0.0,498.75,19.98,5.57,529.61,12.775,9292000.0,0.79003872
2002-08-18,09292000,48604.05,0.0,486.84,19.43,5.46,541.4,12.445,9292000.0,0.8410089599999999
2002-08-19,09292000,48453.7,5.98,375.92,19.7,4.37,610.73,12.035,9292000.0,0.8778208
2002-08-20,09292000,48302.28,8.98,298.32,13.69,3.1,653.46,8.395,9292000.0,0.89764256
2002-08-21,09292000,48149.84,4.84,302.13,12.24,1.55,618.38,6.8950000000000005,9292000.0,0.90047424
2002-08-22,09292000,47996.41,0.0,445.37,13.98,1.86,505.87,7.92,9292000.0,0.9061376
2002-08-23,09292000,47842.04,0.0,444.37,15.02,2.89,539.77,8.955,9292000.0,0.81552384
2002-08-24,09292000,47686.78,0.0,474.61,15.99,2.39,494.2,9.19,9292000.0,0.7645535999999999
2002-08-25,09292000,47530.65,0.0,492.96,18.2,3.49,507.55,10.845,9292000.0,0.73906848
2002-08-26,09292000,47373.71,0.0,468.98,18.06,4.41,563.87,11.235,9292000.0,0.71358336
2002-08-27,09292000,47215.98,0.0,432.8,15.44,3.41,571.82,9.425,9292000.0,0.69659328
2002-08-28,09292000,47057.51,0.0,463.13,16.15,2.79,520.99,9.47,9292000.0,0.7220784
2002-08-29,09292000,46898.33,0.0,367.41,11.31,1.76,583.81,6.535,9292000.0,0.74473184
2002-08-30,09292000,46738.48,0.0,484.37,14.97,0.69,443.5,7.83,9292000.0,0.75322688
2002-08-31,09292000,46577.99,0.0,467.09,16.08,2.49,494.48,9.285,9292000.0,0.72491008
2002-09-01,09292000,46416.91,0.0,498.18,18.21,2.52,447.65,10.365,9292000.0,0.69942496
2002-09-02,09292000,46255.26,0.0,472.85,19.14,4.62,536.32,11.88,9292000.0,0.6937616
2002-09-03,09292000,46093.07,0.0,454.62,15.9,2.32,489.35,9.11,9292000.0,0.65411808
2002-09-04,09292000,45930.38,0.0,473.08,17.32,2.49,474.37,9.905,9292000.0,0.68809824
2002-09-05,09292000,45767.23,0.0,408.71,15.33,3.43,574.58,9.38,9292000.0,0.81552384
2002-09-06,09292000,45603.64,26.8,82.39,7.17,4.61,848.44,5.890000000000001,9292000.0,1.09869184
2002-09-07,09292000,45439.64,40.08,142.93,6.62,1.78,694.59,4.2,9292000.0,3.1431648
2002-09-08,09292000,45275.26,14.75,180.89,7.14,1.01,657.13,4.075,9292000.0,4.8988064
2002-09-09,09292000,45110.54,0.0,408.5,10.44,-0.92,571.16,4.76,9292000.0,3.822768
2002-09-10,09292000,44945.5,0.0,433.8,11.78,-0.71,579.76,5.535,9292000.0,2.973264
2002-09-11,09292000,44780.17,11.04,146.29,6.93,2.18,714.75,4.555,9292000.0,2.74389792
2002-09-12,09292000,44614.58,5.74,161.99,7.38,2.19,715.34,4.785,9292000.0,3.8794016
2002-09-13,09292000,44448.77,0.0,413.87,11.86,0.61,638.53,6.234999999999999,9292000.0,3.1714816
2002-09-14,09292000,44282.75,1.97,468.38,14.29,0.08,614.39,7.185,9292000.0,2.65611584
2002-09-15,09292000,44116.55,0.0,463.51,14.73,0.57,636.4,7.65,9292000.0,2.4040963200000003
2002-09-16,09292000,43950.2,8.64,312.68,11.56,-0.13,604.89,5.715,9292000.0,2.3078192
2002-09-17,09292000,43783.74,8.46,260.93,7.34,-1.52,546.4,2.91,9292000.0,2.80902656
2002-09-18,09292000,43617.18,3.78,220.86,4.41,-2.66,502.22,0.875,9292000.0,3.0865312
2002-09-19,09292000,43450.55,0.0,448.52,9.56,-3.44,473.74,3.0600000000000005,9292000.0,2.9166304
2002-09-20,09292000,43283.89,0.0,433.93,12.11,-0.48,589.54,5.815,9292000.0,2.81185824
2002-09-21,09292000,43117.21,0.0,434.55,12.07,-0.7,580.44,5.6850000000000005,9292000.0,2.48055168
2002-09-22,09292000,42950.54,0.0,462.36,13.53,-1.34,553.77,6.095,9292000.0,2.23985888
2002-09-23,09292000,42783.91,0.0,449.92,13.08,-1.14,561.79,5.97,9292000.0,2.11526496
2002-09-24,09292000,42617.35,0.0,440.53,13.95,0.1,615.29,7.025,9292000.0,2.04447296
2002-09-25,09292000,42450.89,0.0,437.57,12.1,-1.56,544.9,5.27,9292000.0,2.0076611200000003
2002-09-26,09292000,42284.54,0.0,440.01,10.69,-3.31,478.55,3.69,9292000.0,1.95669088
2002-09-27,09292000,42118.34,0.0,422.52,10.68,-2.39,512.43,4.145,9292000.0,1.88589888
2002-09-28,09292000,41952.32,0.0,328.44,7.29,-1.64,541.63,2.825,9292000.0,1.86607712
2002-09-29,09292000,41786.5,16.87,173.41,3.96,-1.88,531.89,1.04,9292000.0,1.98783936
2002-09-30,09292000,41620.92,0.0,233.56,4.95,-0.87,573.06,2.04,9292000.0,2.14075008
2002-10-01,09292000,41455.59,14.98,93.8,0.47,-2.36,513.63,-0.945,9292000.0,2.38144288
2002-10-02,09292000,41290.54,7.9,222.54,3.75,-3.61,467.91,0.07,9292000.0,2.4748883200000003
2002-10-03,09292000,41125.82,4.65,267.89,4.36,-5.05,419.77,-0.3449999999999997,9292000.0,2.48904672
2002-10-04,09292000,40961.44,0.0,379.49,4.24,-5.96,391.69,-0.8599999999999999,9292000.0,2.35312608
2002-10-05,09292000,40797.44,0.0,443.87,6.17,-8.33,326.0,-1.08,9292000.0,2.2795024
2002-10-06,09292000,40633.84,0.0,437.28,10.49,-4.56,435.57,2.9650000000000003,9292000.0,2.23136384
2002-10-07,09292000,40470.68,0.0,420.96,11.51,-2.93,492.34,4.29,9292000.0,2.38993792
2002-10-08,09292000,40307.99,0.0,399.54,9.93,-3.26,480.12,3.335,9292000.0,2.44373984
2002-10-09,09292000,40145.81,0.0,391.04,10.41,-2.5,508.31,3.955,9292000.0,2.3644528
2002-10-10,09292000,39984.15,0.0,363.76,9.91,-1.55,545.25,4.18,9292000.0,2.28799744
2002-10-11,09292000,39823.06,0.0,286.88,5.25,-3.02,488.88,1.115,9292000.0,2.20304704
2002-10-12,09292000,39662.57,0.0,389.85,6.84,-6.77,368.05,0.0350000000000001,9292000.0,2.0076611200000003
2002-10-13,09292000,39502.72,0.0,398.55,9.41,-5.39,409.1,2.01,9292000.0,1.99350272
2002-10-14,09292000,39343.54,0.0,369.75,9.73,-3.25,480.74,3.24,9292000.0,1.97934432
2002-10-15,09292000,39185.06,0.0,369.45,9.75,-3.36,476.79,3.1950000000000003,9292000.0,1.91987904
2002-10-16,09292000,39027.33,0.0,352.84,8.96,-3.26,480.38,2.8500000000000005,9292000.0,1.88873056
2002-10-17,09292000,38870.38,0.0,363.31,9.23,-3.96,455.83,2.635,9292000.0,1.83776032
2002-10-18,09292000,38714.24,0.0,358.74,8.64,-4.68,431.75,1.9800000000000004,9292000.0,1.77546336
2002-10-19,09292000,38558.97,0.0,372.43,9.01,-5.63,401.6,1.69,9292000.0,1.72166144
2002-10-20,09292000,38404.6,0.0,344.92,8.26,-4.54,436.02,1.86,9292000.0,1.68768128
2002-10-21,09292000,38251.17,0.0,343.49,7.31,-5.53,404.49,0.8899999999999997,9292000.0,1.58857248
2002-10-22,09292000,38098.72,7.24,183.03,2.89,-5.04,419.95,-1.075,9292000.0,1.56025568
2002-10-23,09292000,37947.29,6.35,270.81,1.97,-9.66,293.7,-3.845,9292000.0,1.63387936
2002-10-24,09292000,37796.93,0.0,379.79,2.57,-10.11,283.47,-3.77,9292000.0,1.5432656
2002-10-25,09292000,37647.69,0.0,356.89,2.71,-8.8,314.18,-3.0450000000000004,9292000.0,1.54043392
2002-10-26,09292000,37499.61,0.0,344.04,2.28,-8.69,316.97,-3.205,9292000.0,1.52627552
2002-10-27,09292000,37352.73,0.0,392.02,4.58,-9.65,293.95,-2.535,9292000.0,1.56308736
2002-10-28,09292000,37207.1,0.0,358.77,0.73,-11.4,255.79,-5.335,9292000.0,1.7698
2002-10-29,09292000,37062.77,13.91,273.83,-1.61,-14.39,200.53,-8.0,9292000.0,1.70750304
2002-10-30,09292000,36919.79,0.0,320.06,-4.17,-14.66,196.11,-9.415,9292000.0,1.61972096
2002-10-31,09292000,36778.21,0.0,378.37,-1.29,-15.89,177.05,-8.59,9292000.0,1.41300832
2002-11-01,09292000,36638.08,0.0,342.52,-4.45,-16.89,162.91,-10.67,9292000.0,1.4299984
2002-11-02,09292000,36499.45,0.0,352.58,-5.88,-19.22,133.53,-12.55,9292000.0,1.36203808
2002-11-03,09292000,36362.38,0.0,411.13,1.26,-19.49,130.5,-9.114999999999998,9292000.0,1.87457216
2002-11-04,09292000,36226.91,0.0,367.09,2.72,-12.99,224.88,-5.135,9292000.0,1.67635456
2002-11-05,09292000,36093.1,0.0,330.72,4.25,-8.89,311.98,-2.3200000000000003,9292000.0,1.4299984
2002-11-06,09292000,35961.0,0.0,353.99,7.76,-7.55,346.34,0.1049999999999999,9292000.0,1.3677014399999998
2002-11-07,09292000,35830.68,0.0,325.38,4.05,-9.13,306.27,-2.5400000000000005,9292000.0,1.2657609600000002
2002-11-08,09292000,35702.18,23.17,173.31,-0.71,-8.86,312.76,-4.785,9292000.0,1.3167312
2002-11-09,09292000,35575.56,14.38,206.05,-2.02,-12.0,243.72,-7.01,9292000.0,1.35354304
2002-11-10,09292000,35450.88,6.61,202.27,-2.7,-12.51,233.85,-7.605,9292000.0,1.29690944
2002-11-11,09292000,35328.19,0.0,335.23,-3.09,-16.58,167.17,-9.835,9292000.0,1.29124608
2002-11-12,09292000,35207.56,7.91,291.65,4.43,-16.14,173.49,-5.855,9292000.0,1.61688928
2002-11-13,09292000,35089.04,0.0,314.68,2.07,-10.66,271.33,-4.295,9292000.0,1.2685926399999998
2002-11-14,09292000,34972.69,0.0,275.35,-1.32,-11.79,247.93,-6.555,9292000.0,1.18081056
2002-11-15,09292000,34858.56,0.0,271.08,-2.62,-12.91,226.41,-7.765000000000001,9292000.0,1.13550368
2002-11-16,09292000,34746.73,0.0,335.13,4.79,-10.01,285.78,-2.61,9292000.0,1.25443424
2002-11-17,09292000,34637.23,0.0,327.08,1.76,-12.47,234.58,-5.355,9292000.0,1.25726592
2002-11-18,09292000,34530.14,0.0,344.42,2.66,-13.62,213.59,-5.48,9292000.0,1.3677014399999998
2002-11-19,09292000,34425.52,0.0,257.95,3.19,-7.05,360.05,-1.93,9292000.0,1.33655296
2002-11-20,09292000,34323.41,0.0,270.73,7.36,-3.82,460.65,1.7700000000000002,9292000.0,1.0420582399999998
2002-11-21,09292000,34223.88,0.0,312.62,11.31,-3.31,478.58,4.0,9292000.0,1.04488992
2002-11-22,09292000,34126.99,0.0,294.69,8.72,-4.56,435.5,2.0800000000000005,9292000.0,1.03922656
2002-11-23,09292000,34032.78,0.0,238.17,4.25,-5.49,405.89,-0.6200000000000001,9292000.0,1.02506816
2002-11-24,09292000,33941.33,4.1,175.04,-1.67,-11.11,261.71,-6.39,9292000.0,1.01090976
2002-11-25,09292000,33852.69,0.0,302.84,-2.15,-15.96,176.15,-9.055,9292000.0,0.94011776
2002-11-26,09292000,33766.9,0.0,303.04,-0.09,-14.15,204.61,-7.12,9292000.0,0.9061376
2002-11-27,09292000,33684.02,0.0,287.49,1.4,-11.66,250.47,-5.13,9292000.0,0.8778208
2002-11-28,09292000,33604.12,0.0,322.07,7.01,-9.86,289.14,-1.4249999999999998,9292000.0,0.9061376
2002-11-29,09292000,33527.23,0.0,303.17,8.13,-7.11,358.29,0.5100000000000002,9292000.0,0.9344544
2002-11-30,09292000,33453.41,0.0,288.33,6.57,-7.42,349.82,-0.4249999999999998,9292000.0,0.9627712
2002-12-01,09292000,33382.71,0.0,274.66,3.25,-9.71,292.48,-3.2300000000000004,9292000.0,0.9344544
2002-12-02,09292000,33315.18,0.0,281.64,2.5,-11.07,262.57,-4.285,9292000.0,0.8778208
2002-12-03,09292000,33250.86,0.0,290.1,2.37,-11.83,247.04,-4.73,9292000.0,0.9344544
2002-12-04,09292000,33189.79,0.0,259.43,1.55,-10.26,280.03,-4.355,9292000.0,0.9061376
2002-12-05,09292000,33132.03,0.0,259.3,-0.84,-12.6,232.14,-6.72,9292000.0,0.8778208
2002-12-06,09292000,33077.61,0.0,305.22,2.1,-13.78,210.92,-5.84,9292000.0,0.849504
2002-12-07,09292000,33026.56,0.0,289.73,2.33,-12.12,241.23,-4.895,9292000.0,0.8211872
2002-12-08,09292000,32978.94,0.0,300.15,3.61,-12.36,236.77,-4.375,9292000.0,0.8211872
2002-12-09,09292000,32934.76,0.0,286.43,4.18,-10.68,270.83,-3.25,9292000.0,0.7928704
2002-12-10,09292000,32894.07,0.0,255.86,-0.45,-12.8,228.35,-6.625,9292000.0,0.7928704
2002-12-11,09292000,32856.9,0.0,190.34,-4.86,-13.2,221.09,-9.03,9292000.0,0.7928704
2002-12-12,09292000,32823.26,0.0,191.83,-1.91,-10.16,282.29,-6.035,9292000.0,0.7645535999999999
2002-12-13,09292000,32793.2,0.0,254.6,0.44,-11.55,252.57,-5.555000000000001,9292000.0,0.7645535999999999
2002-12-14,09292000,32766.72,4.44,186.09,2.6,-9.13,306.15,-3.265000000000001,9292000.0,0.9344544
2002-12-15,09292000,32743.86,4.31,170.14,-1.78,-12.02,243.37,-6.9,9292000.0,0.7928704
2002-12-16,09292000,32724.62,7.92,158.1,-3.69,-12.8,228.37,-8.245000000000001,9292000.0,1.1893056
2002-12-17,09292000,32709.02,0.0,253.09,-4.13,-15.61,181.26,-9.87,9292000.0,0.8211872
2002-12-18,09292000,32697.08,0.0,241.29,-8.75,-19.25,133.19,-14.0,9292000.0,0.7645535999999999
2002-12-19,09292000,32688.8,0.0,268.93,-6.81,-19.28,132.92,-13.045,9292000.0,0.6796032
2002-12-20,09292000,32684.19,0.0,210.85,-8.61,-17.44,155.45,-13.025,9292000.0,0.6512864
2002-12-21,09292000,32683.26,0.0,271.8,-5.28,-17.87,149.91,-11.575,9292000.0,0.6229696
2002-12-22,09292000,32686.0,0.0,283.27,-5.9,-19.42,131.29,-12.66,9292000.0,0.5946528
2002-12-23,09292000,32692.41,0.0,288.05,-5.59,-19.7,128.22,-12.645,9292000.0,0.566336
2002-12-24,09292000,32702.49,0.0,298.07,-5.28,-20.59,118.69,-12.935,9292000.0,0.5380192
2002-12-25,09292000,32716.23,0.0,256.9,-8.97,-20.61,118.42,-14.79,9292000.0,0.5097024
2002-12-26,09292000,32733.61,8.45,213.97,-4.71,-18.6,140.82,-11.655,9292000.0,0.4813855999999999
2002-12-27,09292000,32754.64,5.57,182.84,0.1,-10.68,270.85,-5.29,9292000.0,0.5097024
2002-12-28,09292000,32779.28,0.0,255.63,2.01,-9.3,302.12,-3.645000000000001,9292000.0,0.566336
2002-12-29,09292000,32807.52,0.0,224.21,-5.72,-14.84,193.19,-10.28,9292000.0,0.5946528
2002-12-30,09292000,32839.34,0.0,310.76,-1.19,-16.62,166.65,-8.905000000000001,9292000.0,0.6512864
2002-12-31,09292000,32874.72,5.2,144.55,-3.86,-11.4,255.72,-7.63,9292000.0,0.70792
2003-01-01,09292000,32913.8,0.0,281.98,-4.3,-15.42,184.21,-9.86,9292000.0,0.6796032
2003-01-02,09292000,32956.22,5.97,243.89,1.69,-12.64,231.48,-5.4750000000000005,9292000.0,0.6512864
2003-01-03,09292000,33002.11,0.0,247.9,4.0,-5.4,408.54,-0.7000000000000002,9292000.0,0.6229696
2003-01-04,09292000,33051.44,0.0,229.46,2.6,-5.87,394.12,-1.635,9292000.0,0.5946528
2003-01-05,09292000,33104.16,0.0,242.21,-2.14,-11.03,263.44,-6.585,9292000.0,0.566336
2003-01-06,09292000,33160.24,0.0,354.13,4.42,-12.18,240.08,-3.88,9292000.0,0.566336
2003-01-07,09292000,33219.65,0.0,358.61,8.84,-8.55,320.39,0.1449999999999995,9292000.0,0.566336
2003-01-08,09292000,33282.33,0.0,360.43,8.23,-9.13,306.16,-0.4500000000000002,9292000.0,0.5946528
2003-01-09,09292000,33348.25,0.0,343.17,2.63,-12.23,239.15,-4.800000000000001,9292000.0,0.5946528
2003-01-10,09292000,33417.36,2.63,240.05,0.46,-12.43,235.42,-5.984999999999999,9292000.0,0.5946528
2003-01-11,09292000,33489.61,0.0,328.72,-0.28,-13.43,216.91,-6.855,9292000.0,0.5946528
2003-01-12,09292000,33564.96,0.0,363.37,1.6,-14.44,199.66,-6.42,9292000.0,0.5946528
2003-01-13,09292000,33643.35,0.0,292.29,2.48,-8.37,324.89,-2.9449999999999994,9292000.0,0.5946528
2003-01-14,09292000,33724.73,0.0,309.42,3.69,-8.04,333.36,-2.175,9292000.0,0.5946528
2003-01-15,09292000,33809.06,0.0,233.25,-4.18,-12.1,241.81,-8.14,9292000.0,0.5946528
2003-01-16,09292000,33896.27,0.0,287.91,-1.03,-11.28,258.09,-6.154999999999999,9292000.0,0.5380192
2003-01-17,09292000,33986.31,0.0,277.2,-0.72,-10.37,277.57,-5.545,9292000.0,0.5097024
2003-01-18,09292000,34079.13,0.0,332.63,2.59,-9.92,287.77,-3.665,9292000.0,0.4813855999999999
2003-01-19,09292000,34174.68,0.0,385.88,7.79,-9.24,303.69,-0.7250000000000001,9292000.0,0.5097024
2003-01-20,09292000,34272.88,0.0,360.83,5.04,-9.18,304.97,-2.07,9292000.0,0.5097024
2003-01-21,09292000,34373.7,0.0,330.57,3.09,-8.9,311.92,-2.905,9292000.0,0.5380192
2003-01-22,09292000,34477.06,0.0,331.69,2.07,-9.81,290.18,-3.87,9292000.0,0.5946528
2003-01-23,09292000,34582.92,0.0,305.52,4.07,-6.38,379.06,-1.1549999999999998,9292000.0,0.6229696
2003-01-24,09292000,34691.2,0.0,315.45,0.7,-10.02,285.54,-4.66,9292000.0,0.6512864
2003-01-25,09292000,34801.87,0.0,308.59,-0.44,-10.69,270.65,-5.565,9292000.0,0.6229696
2003-01-26,09292000,34914.85,0.0,394.07,4.13,-11.26,258.52,-3.565,9292000.0,0.6229696
2003-01-27,09292000,35030.08,2.42,196.33,3.54,-4.79,427.92,-0.625,9292000.0,0.6229696
2003-01-28,09292000,35147.52,0.0,375.23,3.3,-10.21,281.19,-3.4550000000000005,9292000.0,0.5946528
2003-01-29,09292000,35267.09,0.0,393.41,2.9,-11.56,252.48,-4.33,9292000.0,0.5946528
2003-01-30,09292000,35388.75,3.55,186.03,3.26,-4.33,443.06,-0.5350000000000001,9292000.0,0.6229696
2003-01-31,09292000,35512.43,0.0,326.15,6.82,-3.75,463.08,1.535,9292000.0,0.5946528
2003-02-01,09292000,35638.08,3.44,225.03,4.69,-4.56,435.6,0.0650000000000003,9292000.0,0.5946528
2003-02-02,09292000,35765.64,8.51,245.78,-3.25,-13.23,220.48,-8.24,9292000.0,0.5946528
2003-02-03,09292000,35895.05,0.0,426.41,-2.69,-18.01,148.19,-10.35,9292000.0,0.566336
2003-02-04,09292000,36026.26,0.0,429.61,-7.11,-22.51,100.23,-14.81,9292000.0,0.5380192
2003-02-05,09292000,36159.21,0.0,416.05,-10.0,-24.03,87.53,-17.015,9292000.0,0.5380192
2003-02-06,09292000,36293.85,4.63,340.85,-9.02,-26.06,72.76,-17.54,9292000.0,0.5097024
2003-02-07,09292000,36430.12,0.0,492.48,-5.82,-27.49,63.82,-16.655,9292000.0,0.5097024
2003-02-08,09292000,36567.97,6.18,353.67,-3.21,-21.49,109.65,-12.35,9292000.0,0.4813855999999999
2003-02-09,09292000,36707.35,0.0,381.01,-7.45,-18.92,137.01,-13.185,9292000.0,0.4813855999999999
2003-02-10,09292000,36848.2,0.0,427.4,-2.15,-15.93,176.52,-9.04,9292000.0,0.4813855999999999
2003-02-11,09292000,36990.48,0.0,458.8,2.03,-13.62,213.58,-5.795,9292000.0,0.4813855999999999
2003-02-12,09292000,37134.14,6.45,352.39,3.87,-12.84,227.73,-4.484999999999999,9292000.0,0.4813855999999999
2003-02-13,09292000,37279.12,4.39,159.69,1.55,-4.09,451.11,-1.27,9292000.0,0.4813855999999999
2003-02-14,09292000,37425.37,0.0,332.08,1.73,-7.43,349.57,-2.85,9292000.0,0.4813855999999999
2003-02-15,09292000,37572.85,0.0,464.45,2.21,-12.79,228.51,-5.289999999999999,9292000.0,0.4813855999999999
2003-02-16,09292000,37721.52,6.13,232.07,-3.02,-11.25,258.86,-7.135,9292000.0,0.4813855999999999
2003-02-17,09292000,37871.32,0.0,473.49,-0.98,-15.83,177.95,-8.405,9292000.0,0.4813855999999999
2003-02-18,09292000,38022.21,0.0,469.31,-3.2,-17.43,155.66,-10.315,9292000.0,0.4813855999999999
2003-02-19,09292000,38174.15,0.0,505.89,-2.62,-18.99,136.26,-10.805,9292000.0,0.4530688
2003-02-20,09292000,38327.09,0.0,498.56,1.06,-14.77,194.44,-6.855,9292000.0,0.4530688
2003-02-21,09292000,38481.0,4.61,233.55,-2.38,-10.27,279.81,-6.324999999999999,9292000.0,0.4530688
2003-02-22,09292000,38635.82,5.01,272.21,-5.95,-15.19,187.77,-10.57,9292000.0,0.4530688
2003-02-23,09292000,38791.52,3.69,278.04,-6.05,-15.36,185.05,-10.705,9292000.0,0.4530688
2003-02-24,09292000,38948.06,6.01,373.28,-3.51,-17.85,150.22,-10.68,9292000.0,0.4530688
2003-02-25,09292000,39105.41,4.56,331.53,-1.26,-12.8,228.4,-7.03,9292000.0,0.4813855999999999
2003-02-26,09292000,39263.51,0.0,516.08,-2.5,-17.23,158.2,-9.865,9292000.0,0.4813855999999999
2003-02-27,09292000,39422.34,3.41,401.99,-3.21,-19.07,135.34,-11.14,9292000.0,0.4813855999999999
2003-02-28,09292000,39581.86,0.0,566.08,-1.62,-19.17,134.19,-10.395,9292000.0,0.4813855999999999
2003-03-01,09292000,39742.04,5.56,408.9,-3.67,-19.87,126.28,-11.77,9292000.0,0.4530688
2003-03-02,09292000,39902.83,4.11,444.81,0.84,-19.47,130.73,-9.315,9292000.0,0.4530688
2003-03-03,09292000,40064.2,0.0,516.93,0.34,-14.11,205.19,-6.885,9292000.0,0.4530688
2003-03-04,09292000,40226.13,0.0,454.99,-4.09,-15.82,178.09,-9.955,9292000.0,0.44457376
2003-03-05,09292000,40388.57,0.0,549.39,-2.72,-18.42,143.11,-10.57,9292000.0,0.62863296
2003-03-06,09292000,40551.49,9.07,241.41,-1.28,-8.8,314.27,-5.04,9292000.0,0.6512864
2003-03-07,09292000,40714.87,0.0,440.06,0.35,-10.3,279.27,-4.9750000000000005,9292000.0,0.43324704
2003-03-08,09292000,40878.67,0.0,494.17,4.85,-7.52,347.12,-1.335,9292000.0,0.4304153599999999
2003-03-09,09292000,41042.87,0.0,528.87,5.28,-8.07,332.6,-1.395,9292000.0,0.43324704
2003-03-10,09292000,41207.42,0.0,450.91,4.56,-5.72,398.88,-0.5800000000000001,9292000.0,0.4389104
2003-03-11,09292000,41372.31,0.0,486.65,5.87,-5.46,406.9,0.205,9292000.0,0.47005888
2003-03-12,09292000,41537.49,0.0,569.49,7.2,-7.25,354.65,-0.0249999999999999,9292000.0,0.50403904
2003-03-13,09292000,41702.95,0.0,592.35,8.2,-7.25,354.59,0.4749999999999996,9292000.0,0.52669248
2003-03-14,09292000,41868.66,0.0,545.49,4.63,-8.21,329.17,-1.7900000000000005,9292000.0,0.5210291199999999
2003-03-15,09292000,42034.58,9.3,375.42,2.32,-9.05,308.09,-3.365,9292000.0,0.47572224
2003-03-16,09292000,42200.7,10.34,278.24,-0.14,-7.86,338.2,-4.0,9292000.0,0.51819744
2003-03-17,09292000,42366.97,10.15,232.31,-1.76,-7.89,337.33,-4.825,9292000.0,0.4813855999999999
2003-03-18,09292000,42533.38,0.0,353.66,-1.78,-8.76,315.3,-5.27,9292000.0,0.46156384
2003-03-19,09292000,42699.89,3.39,400.7,4.54,-7.16,357.11,-1.31,9292000.0,0.4643955199999999
2003-03-20,09292000,42866.49,0.0,576.84,3.96,-8.9,311.74,-2.47,9292000.0,0.46156384
2003-03-21,09292000,43033.14,2.82,452.74,3.5,-10.32,278.71,-3.41,9292000.0,0.44740544
2003-03-22,09292000,43199.82,3.93,440.85,6.49,-6.6,372.67,-0.0549999999999997,9292000.0,0.48421728
2003-03-23,09292000,43366.49,0.0,440.83,3.51,-5.06,419.38,-0.7749999999999999,9292000.0,0.5097024
2003-03-24,09292000,43533.14,0.0,552.15,2.6,-8.86,312.85,-3.13,9292000.0,0.495544
2003-03-25,09292000,43699.74,0.0,667.23,4.95,-11.33,257.09,-3.19,9292000.0,0.4728905599999999
2003-03-26,09292000,43866.26,6.45,485.48,2.15,-13.06,223.63,-5.455,9292000.0,0.52669248
2003-03-27,09292000,44032.67,4.77,400.17,-5.08,-15.82,178.11,-10.45,9292000.0,0.48421728
2003-03-28,09292000,44198.94,0.0,684.75,-2.94,-19.27,133.06,-11.105,9292000.0,0.4304153599999999
2003-03-29,09292000,44365.05,4.62,535.19,0.35,-18.41,143.22,-9.03,9292000.0,0.47572224
2003-03-30,09292000,44530.98,4.0,475.38,6.7,-7.5,347.82,-0.3999999999999999,9292000.0,0.4785539199999999
2003-03-31,09292000,44696.68,0.0,683.27,9.43,-6.8,316.62,1.315,9292000.0,0.50120736
2003-04-01,09292000,44862.15,0.0,559.78,7.64,-3.43,445.29,2.1049999999999995,9292000.0,0.56350432
2003-04-02,09292000,45027.33,0.0,651.57,1.47,-12.27,228.56,-5.4,9292000.0,0.54085088
2003-04-03,09292000,45192.22,0.0,698.85,-2.22,-17.98,145.09,-10.1,9292000.0,0.43324704
2003-04-04,09292000,45356.77,2.06,517.12,-5.54,-20.8,116.48,-13.17,9292000.0,0.38510848
2003-04-05,09292000,45520.97,7.04,455.82,-1.88,-14.11,205.26,-7.994999999999999,9292000.0,0.4304153599999999
2003-04-06,09292000,45684.77,0.0,695.95,-1.64,-17.13,157.46,-9.385,9292000.0,0.50687072
2003-04-07,09292000,45848.15,3.21,558.83,2.16,-17.03,160.9,-7.435,9292000.0,0.4728905599999999
2003-04-08,09292000,46011.08,5.53,584.68,9.53,-14.36,189.4,-2.415,9292000.0,0.424752
2003-04-09,09292000,46173.52,0.0,716.18,10.24,-7.22,300.44,1.5100000000000002,9292000.0,0.45873216
2003-04-10,09292000,46335.44,0.0,704.21,10.64,-6.27,323.36,2.1850000000000005,9292000.0,0.5521776
2003-04-11,09292000,46496.82,0.0,676.8,10.6,-4.96,360.09,2.82,9292000.0,0.6824348800000001
2003-04-12,09292000,46657.61,0.0,581.33,8.7,-3.29,442.31,2.705,9292000.0,0.7730486400000001
2003-04-13,09292000,46817.79,0.0,557.19,8.63,-2.61,472.34,3.0100000000000007,9292000.0,0.8466723199999999
2003-04-14,09292000,46977.31,0.0,447.61,6.28,-2.21,519.32,2.035,9292000.0,0.9769296
2003-04-15,09292000,47136.14,0.0,626.64,3.49,-9.53,281.77,-3.02,9292000.0,0.92312768
2003-04-16,09292000,47294.25,2.76,517.56,4.75,-11.05,263.03,-3.1500000000000004,9292000.0,0.7475635199999999
2003-04-17,09292000,47451.59,0.0,521.94,3.29,-7.07,359.4,-1.89,9292000.0,0.77021696
2003-04-18,09292000,47608.14,0.0,538.84,1.65,-9.03,308.68,-3.69,9292000.0,0.71075168
2003-04-19,09292000,47763.84,0.0,653.14,4.19,-9.79,270.18,-2.7999999999999994,9292000.0,0.637128
2003-04-20,09292000,47918.67,5.06,512.87,4.64,-10.69,270.61,-3.025,9292000.0,0.59748448
2003-04-21,09292000,48072.57,4.31,463.98,5.85,-7.18,356.56,-0.665,9292000.0,0.60597952
2003-04-22,09292000,48225.52,14.71,493.35,2.74,-11.57,252.26,-4.415,9292000.0,0.7362368
2003-04-23,09292000,48377.46,4.09,498.28,1.72,-12.79,228.57,-5.534999999999999,9292000.0,0.65411808
2003-04-24,09292000,48528.35,0.0,691.34,9.45,-6.08,351.64,1.6849999999999996,9292000.0,0.6626131199999999
2003-04-25,09292000,48678.16,0.0,628.96,8.83,-4.43,414.68,2.2,9292000.0,0.7503952
2003-04-26,09292000,48826.82,0.0,500.11,6.25,-3.51,471.38,1.37,9292000.0,0.96560288
2003-04-27,09292000,48974.31,0.0,610.4,6.48,-5.92,381.91,0.2800000000000002,9292000.0,1.1043552
2003-04-28,09292000,49120.57,0.0,493.2,7.0,-2.3,515.74,2.35,9292000.0,1.09302848
2003-04-29,09292000,49265.55,0.0,623.82,4.55,-7.8,332.46,-1.625,9292000.0,1.06471168
2003-04-30,09292000,49409.2,0.0,658.92,2.4,-10.8,264.34,-4.2,9292000.0,0.99391968
2003-05-01,09292000,49551.49,4.28,538.31,4.83,-10.84,267.34,-3.005,9292000.0,0.8636623999999999
2003-05-02,09292000,49692.34,3.94,529.27,5.69,-9.5,297.49,-1.905,9292000.0,0.81269216
2003-05-03,09292000,49831.73,0.0,492.86,2.66,-6.29,381.75,-1.815,9292000.0,0.79570208
2003-05-04,09292000,49969.58,3.52,518.13,6.34,-8.0,334.43,-0.8300000000000001,9292000.0,0.73906848
2003-05-05,09292000,50105.86,0.0,651.6,3.13,-9.65,284.3,-3.26,9292000.0,1.39035488
2003-05-06,09292000,50240.5,4.99,564.64,3.94,-12.75,229.26,-4.405,9292000.0,1.36203808
2003-05-07,09292000,50373.45,14.84,323.58,2.47,-5.03,420.41,-1.28,9292000.0,1.27708768
2003-05-08,09292000,50504.67,11.59,514.21,6.52,-6.87,365.14,-0.1750000000000002,9292000.0,1.35637472
2003-05-09,09292000,50634.08,14.37,470.24,3.11,-8.25,328.08,-2.5700000000000003,9292000.0,1.35354304
2003-05-10,09292000,50761.65,12.91,579.15,5.84,-10.67,271.09,-2.415,9292000.0,1.01090976
2003-05-11,09292000,50887.3,3.39,594.75,5.63,-11.99,243.95,-3.18,9292000.0,0.97976128
2003-05-12,09292000,51010.98,0.0,787.81,10.83,-6.58,338.41,2.125,9292000.0,1.02506816
2003-05-13,09292000,51132.65,0.0,726.43,12.32,-2.57,464.64,4.875,9292000.0,1.3393846399999998
2003-05-14,09292000,51252.23,2.96,552.81,13.87,-2.08,522.67,5.895,9292000.0,2.19172032
2003-05-15,09292000,51369.66,3.07,444.7,10.22,-0.84,574.48,4.69,9292000.0,2.80619488
2003-05-16,09292000,51484.91,0.0,704.66,13.01,-1.15,512.69,5.93,9292000.0,3.3413824
2003-05-17,09292000,51597.89,0.0,528.33,9.31,-0.08,607.01,4.615,9292000.0,4.530688
2003-05-18,09292000,51708.56,0.0,660.98,8.94,-3.66,446.28,2.64,9292000.0,5.4368256
2003-05-19,09292000,51816.85,0.0,710.53,7.06,-6.97,345.08,0.0449999999999999,9292000.0,6.7110816
2003-05-20,09292000,51922.71,0.0,790.04,10.41,-7.14,316.05,1.6350000000000002,9292000.0,6.512864
2003-05-21,09292000,52026.08,2.5,541.04,13.29,-1.81,532.58,5.739999999999999,9292000.0,7.7304864
2003-05-22,09292000,52126.9,0.0,744.11,15.4,-0.43,511.17,7.485,9292000.0,10.9869184
2003-05-23,09292000,52225.11,0.0,762.84,16.85,0.06,511.67,8.455,9292000.0,12.2045408
2003-05-24,09292000,52320.66,0.0,695.55,15.41,1.36,585.95,8.385,9292000.0,15.2344384
2003-05-25,09292000,52413.49,0.0,718.14,15.69,0.82,549.65,8.254999999999999,9292000.0,16.735228799999998
2003-05-26,09292000,52503.54,0.0,706.22,16.02,1.42,568.45,8.719999999999999,9292000.0,19.7934432
2003-05-27,09292000,52590.76,0.0,713.03,17.52,2.56,598.56,10.04,9292000.0,22.9649248
2003-05-28,09292000,52675.09,0.0,723.96,18.68,3.06,608.91,10.87,9292000.0,27.750464
2003-05-29,09292000,52756.48,0.0,691.82,19.01,4.44,678.2,11.725,9292000.0,27.2124448
2003-05-30,09292000,52834.87,0.0,671.86,17.46,3.62,657.65,10.54,9292000.0,27.0991776
2003-05-31,09292000,52910.23,2.7,471.93,16.28,3.61,762.29,9.945,9292000.0,25.7116544
2003-06-01,09292000,52982.49,0.0,628.64,13.54,1.32,584.95,7.43,9292000.0,26.3063072
2003-06-02,09292000,53051.6,0.0,618.98,12.93,0.92,575.08,6.925,9292000.0,20.388096
2003-06-03,09292000,53117.53,0.0,698.96,13.34,-0.98,471.73,6.18,9292000.0,16.5086944
2003-06-04,09292000,53180.22,0.0,670.24,12.09,-1.3,475.87,5.395,9292000.0,14.4982016
2003-06-05,09292000,53239.63,0.0,650.37,9.85,-2.72,434.3,3.5649999999999995,9292000.0,12.6292928
2003-06-06,09292000,53295.72,0.0,683.37,11.87,-1.9,441.15,4.984999999999999,9292000.0,11.3550368
2003-06-07,09292000,53348.45,0.0,633.37,10.99,-1.3,482.0,4.845,9292000.0,10.2789984
2003-06-08,09292000,53397.78,0.0,737.3,14.52,-1.32,429.65,6.6,9292000.0,8.8065248
2003-06-09,09292000,53443.68,0.0,604.74,13.02,1.4,585.87,7.21,9292000.0,8.4100896
2003-06-10,09292000,53486.11,0.0,635.67,13.59,1.28,564.44,7.435,9292000.0,7.5322688
2003-06-11,09292000,53525.04,0.0,637.37,13.76,1.54,572.76,7.65,9292000.0,6.9659328
2003-06-12,09292000,53560.44,0.0,575.67,10.57,0.08,555.68,5.325,9292000.0,5.7199936
2003-06-13,09292000,53592.28,0.0,661.62,12.23,-0.37,497.38,5.930000000000001,9292000.0,5.2952416
2003-06-14,09292000,53620.55,0.0,722.38,15.2,0.51,476.44,7.854999999999999,9292000.0,4.6156384
2003-06-15,09292000,53645.21,0.0,703.11,16.96,2.84,540.49,9.9,9292000.0,4.4174208
2003-06-16,09292000,53666.26,0.0,671.2,16.78,3.57,563.73,10.175,9292000.0,4.5023712
2003-06-17,09292000,53683.67,5.56,493.47,15.5,2.46,629.55,8.98,9292000.0,4.105936
2003-06-18,09292000,53697.43,0.0,644.0,14.07,1.77,528.28,7.92,9292000.0,4.3041536
2003-06-19,09292000,53707.54,6.32,494.98,14.62,1.75,605.53,8.184999999999999,9292000.0,4.4174208
2003-06-20,09292000,53713.97,3.97,429.05,10.75,0.38,604.32,5.565,9292000.0,4.5023712
2003-06-21,09292000,53716.74,8.01,248.15,6.53,1.11,661.98,3.82,9292000.0,3.822768
2003-06-22,09292000,53715.83,8.86,410.23,8.86,-0.5,588.79,4.18,9292000.0,3.7378176
2003-06-23,09292000,53711.24,15.77,245.15,3.58,-1.51,546.92,1.035,9292000.0,3.7944512
2003-06-24,09292000,53702.99,11.37,377.28,5.89,-2.19,519.99,1.85,9292000.0,4.4740544
2003-06-25,09292000,53691.07,0.0,673.09,8.8,-2.88,438.53,2.9600000000000004,9292000.0,4.105936
2003-06-26,09292000,53675.5,0.0,808.36,13.65,-3.18,367.04,5.235,9292000.0,4.24752
2003-06-27,09292000,53656.28,0.0,806.76,15.98,-1.02,419.51,7.48,9292000.0,4.3324704
2003-06-28,09292000,53633.44,0.0,740.4,16.24,2.11,542.68,9.175,9292000.0,3.964352
2003-06-29,09292000,53606.99,0.0,766.16,17.67,2.42,529.32,10.045000000000002,9292000.0,3.6528672
2003-06-30,09292000,53576.95,0.0,752.61,18.67,3.8,584.37,11.235,9292000.0,3.398016
2003-07-01,09292000,53543.34,0.0,667.36,17.69,5.57,715.7,11.63,9292000.0,3.1714816
2003-07-02,09292000,53506.18,0.0,727.85,18.7,4.64,633.04,11.67,9292000.0,3.0015808
2003-07-03,09292000,53465.52,0.0,717.08,18.62,4.94,652.97,11.78,9292000.0,2.70708608
2003-07-04,09292000,53421.36,0.0,745.04,18.57,3.89,589.56,11.23,9292000.0,2.48338336
2003-07-05,09292000,53373.76,0.0,775.63,19.85,3.73,547.08,11.79,9292000.0,2.2795024
2003-07-06,09292000,53322.74,0.0,742.52,20.27,5.42,631.49,12.845,9292000.0,2.44657152
2003-07-07,09292000,53268.34,0.0,701.18,19.04,5.63,665.19,12.335,9292000.0,2.7042544
2003-07-08,09292000,53210.6,0.0,661.17,18.28,6.14,705.4,12.21,9292000.0,3.398016
2003-07-09,09292000,53149.56,0.0,785.07,19.89,2.96,497.0,11.425,9292000.0,2.73540288
2003-07-10,09292000,53085.26,0.0,794.63,21.68,3.71,510.79,12.695,9292000.0,2.19738368
2003-07-11,09292000,53017.74,0.0,743.93,22.06,6.23,636.88,14.145,9292000.0,2.01898784
2003-07-12,09292000,52947.06,0.0,682.55,20.93,7.18,728.97,14.055,9292000.0,1.911384
2003-07-13,09292000,52873.26,0.0,702.31,21.56,6.96,701.56,14.26,9292000.0,1.8264336
2003-07-14,09292000,52796.4,0.0,723.35,22.27,6.68,671.59,14.475,9292000.0,1.71882976
2003-07-15,09292000,52716.51,0.0,647.36,21.97,8.9,842.56,15.435,9292000.0,1.61688928
2003-07-16,09292000,52633.66,0.0,643.05,21.47,8.5,819.19,14.985,9292000.0,1.53760224
2003-07-17,09292000,52547.89,0.0,617.41,19.87,7.65,803.53,13.760000000000002,9292000.0,1.486632
2003-07-18,09292000,52459.26,6.62,507.74,21.0,6.35,813.52,13.675,9292000.0,1.82926528
2003-07-19,09292000,52367.82,14.72,510.44,20.69,5.74,794.96,13.215,9292000.0,2.63629408
2003-07-20,09292000,52273.64,12.09,469.06,19.43,6.26,880.4,12.845,9292000.0,3.7378176
2003-07-21,09292000,52176.77,0.0,666.73,21.61,6.82,778.52,14.215,9292000.0,3.7944512
2003-07-22,09292000,52077.25,0.0,605.04,21.26,8.35,874.89,14.805,9292000.0,3.4263328
2003-07-23,09292000,51975.16,0.0,614.94,21.54,7.99,834.83,14.765,9292000.0,2.5768288
2003-07-24,09292000,51870.55,0.0,614.14,20.86,7.14,793.66,14.0,9292000.0,2.33896768
2003-07-25,09292000,51763.48,4.29,412.51,19.66,7.57,990.61,13.615,9292000.0,3.5112832
2003-07-26,09292000,51654.0,0.0,565.68,19.83,7.55,870.9,13.69,9292000.0,2.35878944
2003-07-27,09292000,51542.18,0.0,556.46,18.95,7.04,853.8,12.995,9292000.0,2.12942336
2003-07-28,09292000,51428.07,0.0,550.72,18.64,6.89,851.85,12.765,9292000.0,2.1803936
2003-07-29,09292000,51311.73,0.0,599.01,19.3,6.05,769.25,12.675,9292000.0,2.12092832
2003-07-30,09292000,51193.22,0.0,651.11,21.17,5.81,714.83,13.49,9292000.0,1.7131664
2003-07-31,09292000,51072.6,0.0,565.14,19.7,7.26,849.98,13.48,9292000.0,2.03031456
2003-08-01,09292000,50949.93,0.0,563.82,19.23,6.84,821.15,13.035,9292000.0,1.5149488
2003-08-02,09292000,50825.26,3.74,402.78,18.31,6.48,932.51,12.395,9292000.0,1.44982016
2003-08-03,09292000,50698.66,2.73,388.6,15.84,4.71,847.48,10.275,9292000.0,1.50362208
2003-08-04,09292000,50570.17,0.0,589.61,16.88,3.8,670.68,10.34,9292000.0,1.39035488
2003-08-05,09292000,50439.86,0.0,622.63,19.76,5.23,694.38,12.495,9292000.0,1.1609888
2003-08-06,09292000,50307.77,0.0,581.76,20.78,7.56,797.84,14.17,9292000.0,1.02506816
2003-08-07,09292000,50173.97,0.0,596.78,19.38,5.65,666.11,12.515,9292000.0,0.92879104
2003-08-08,09292000,50038.52,0.0,631.3,20.24,5.13,569.83,12.685,9292000.0,0.7730486400000001
2003-08-09,09292000,49901.45,0.0,611.86,20.43,6.14,576.03,13.285,9292000.0,0.637128
2003-08-10,09292000,49762.83,0.0,613.22,21.64,7.15,594.45,14.395,9292000.0,0.8070288
2003-08-11,09292000,49622.71,0.0,598.24,21.86,7.77,633.71,14.815,9292000.0,0.778712
2003-08-12,09292000,49481.14,0.0,574.12,20.61,7.35,646.45,13.98,9292000.0,0.44174208
2003-08-13,09292000,49338.17,0.0,597.71,20.68,6.49,577.98,13.585,9292000.0,0.5436825599999999
2003-08-14,09292000,49193.85,15.04,433.94,21.66,7.57,769.32,14.615,9292000.0,0.74473184
2003-08-15,09292000,49048.23,0.0,591.45,19.92,5.59,602.72,12.755,9292000.0,1.19780064
2003-08-16,09292000,48901.36,6.68,371.98,15.42,4.2,742.99,9.81,9292000.0,1.02789984
2003-08-17,09292000,48753.29,0.0,572.35,17.12,3.45,569.24,10.285,9292000.0,1.31106784
2003-08-18,09292000,48604.05,0.0,560.05,15.8,2.6,551.93,9.2,9292000.0,1.05338496
2003-08-19,09292000,48453.7,0.0,581.33,19.87,5.42,632.66,12.645,9292000.0,0.93162272
2003-08-20,09292000,48302.28,0.0,559.92,20.28,6.51,688.9,13.395,9292000.0,0.86932576
2003-08-21,09292000,48149.84,6.87,402.98,19.6,6.25,821.98,12.925,9292000.0,1.09586016
2003-08-22,09292000,47996.41,10.08,343.36,16.64,6.02,898.8,11.33,9292000.0,1.29407776
2003-08-23,09292000,47842.04,0.0,508.47,17.5,5.4,747.3,11.45,9292000.0,1.4724736
2003-08-24,09292000,47686.78,4.26,382.79,17.07,4.55,802.54,10.81,9292000.0,1.2855827199999998
2003-08-25,09292000,47530.65,0.0,565.6,18.39,3.67,634.99,11.03,9292000.0,1.41300832
2003-08-26,09292000,47373.71,0.0,561.22,19.73,4.83,685.46,12.28,9292000.0,1.27142432
2003-08-27,09292000,47215.98,0.0,492.32,16.86,4.71,742.3,10.785,9292000.0,1.19780064
2003-08-28,09292000,47057.51,0.0,555.6,17.9,2.96,616.27,10.43,9292000.0,1.11285024
2003-08-29,09292000,46898.33,13.07,389.68,15.81,2.2,693.99,9.005,9292000.0,0.94011776
2003-08-30,09292000,46738.48,0.0,482.99,12.46,0.54,595.9,6.5,9292000.0,1.73015648
2003-08-31,09292000,46577.99,0.0,533.76,14.92,0.74,571.1,7.83,9292000.0,1.42716672
2003-09-01,09292000,46416.91,0.0,519.91,15.94,2.05,629.87,8.995,9292000.0,1.22328576
2003-09-02,09292000,46255.26,0.0,478.73,16.68,4.17,753.88,10.425,9292000.0,1.13550368
2003-09-03,09292000,46093.07,0.0,444.26,14.56,3.31,741.08,8.935,9292000.0,1.08736512
2003-09-04,09292000,45930.38,0.0,526.89,18.35,3.4,681.18,10.875,9292000.0,1.05338496
2003-09-05,09292000,45767.23,5.98,319.43,14.17,3.24,770.53,8.705,9292000.0,1.10152352
2003-09-06,09292000,45603.64,11.82,255.58,10.37,2.18,714.77,6.275,9292000.0,1.39035488
2003-09-07,09292000,45439.64,0.0,467.02,13.91,1.66,680.09,7.785,9292000.0,1.43283008
2003-09-08,09292000,45275.26,0.0,329.49,10.35,1.55,683.3,5.95,9292000.0,1.29124608
2003-09-09,09292000,45110.54,2.81,253.11,9.43,0.43,629.88,4.93,9292000.0,1.29690944
2003-09-10,09292000,44945.5,5.39,200.93,4.94,-1.79,535.59,1.5750000000000002,9292000.0,1.42716672
2003-09-11,09292000,44780.17,0.0,384.14,6.89,-3.38,475.79,1.755,9292000.0,1.31956288
2003-09-12,09292000,44614.58,0.0,473.69,12.65,-2.19,520.09,5.23,9292000.0,1.19213728
2003-09-13,09292000,44448.77,0.0,462.1,7.83,-6.1,387.27,0.8650000000000002,9292000.0,1.05904832
2003-09-14,09292000,44282.75,0.0,502.51,12.26,-5.13,417.04,3.565,9292000.0,1.0052464
2003-09-15,09292000,44116.55,0.0,453.82,14.85,0.34,625.89,7.595,9292000.0,0.95710784
2003-09-16,09292000,43950.2,0.0,396.65,13.21,1.61,685.9,7.41,9292000.0,0.96843456
2003-09-17,09292000,43783.74,3.12,369.68,6.95,-6.77,368.0,0.0900000000000003,9292000.0,0.8919792
2003-09-18,09292000,43617.18,0.0,547.63,7.26,-9.91,288.04,-1.3250000000000002,9292000.0,0.8636623999999999
2003-09-19,09292000,43450.55,0.0,510.2,12.58,-2.77,487.91,4.905,9292000.0,0.849504
2003-09-20,09292000,43283.89,0.0,406.87,11.37,-1.1,563.55,5.135,9292000.0,0.7815436800000001
2003-09-21,09292000,43117.21,0.0,467.18,14.01,-2.61,488.34,5.7,9292000.0,0.7192467199999999
2003-09-22,09292000,42950.54,0.0,467.69,16.46,-0.8,526.02,7.83,9292000.0,0.67110816
2003-09-23,09292000,42783.91,0.0,444.08,16.72,0.9,585.1,8.809999999999999,9292000.0,0.637128
2003-09-24,09292000,42617.35,0.0,450.2,17.35,0.76,574.68,9.055,9292000.0,0.59748448
2003-09-25,09292000,42450.89,0.0,449.7,17.8,0.91,580.69,9.355,9292000.0,0.5578409599999999
2003-09-26,09292000,42284.54,0.0,409.44,17.96,3.46,722.69,10.71,9292000.0,0.5238608
2003-09-27,09292000,42118.34,0.0,415.48,17.38,2.41,671.15,9.895,9292000.0,0.495544
2003-09-28,09292000,41952.32,0.0,414.01,16.96,1.91,651.66,9.435,9292000.0,0.48421728
2003-09-29,09292000,41786.5,0.0,376.31,17.04,3.92,777.84,10.48,9292000.0,0.4785539199999999
2003-09-30,09292000,41620.92,0.0,392.71,16.53,2.4,691.82,9.465,9292000.0,0.4785539199999999
2003-10-01,09292000,41455.59,4.27,264.24,13.51,1.47,679.17,7.49,9292000.0,0.495544
2003-10-02,09292000,41290.54,0.0,321.45,10.84,0.36,626.67,5.6,9292000.0,0.57199936
2003-10-03,09292000,41125.82,0.0,253.48,7.24,-0.59,584.89,3.325,9292000.0,0.69942496
2003-10-04,09292000,40961.44,4.71,252.45,10.19,-1.06,565.38,4.565,9292000.0,0.70225664
2003-10-05,09292000,40797.44,0.0,334.6,11.11,-0.11,605.86,5.5,9292000.0,0.6427913599999999
2003-10-06,09292000,40633.84,0.0,366.54,12.52,-0.63,583.21,5.944999999999999,9292000.0,0.57766272
2003-10-07,09292000,40470.68,0.0,350.63,12.49,0.01,611.29,6.25,9292000.0,0.52669248
2003-10-08,09292000,40307.99,0.0,358.27,14.12,0.85,649.36,7.484999999999999,9292000.0,0.4927123199999999
2003-10-09,09292000,40145.81,0.0,345.17,14.31,1.5,680.72,7.905,9292000.0,0.45590048
2003-10-10,09292000,39984.15,0.0,364.06,7.7,-6.13,386.36,0.7850000000000001,9292000.0,0.44174208
2003-10-11,09292000,39823.06,0.0,416.45,9.06,-9.7,292.75,-0.3199999999999994,9292000.0,0.4105936
2003-10-12,09292000,39662.57,0.0,337.77,11.95,-1.14,561.88,5.404999999999999,9292000.0,0.3964352
2003-10-13,09292000,39502.72,0.0,305.23,3.73,-7.36,351.53,-1.815,9292000.0,0.3596233599999999
2003-10-14,09292000,39343.54,0.0,385.01,9.4,-7.11,358.54,1.145,9292000.0,0.34263328
2003-10-15,09292000,39185.06,0.0,295.87,10.33,-0.72,579.33,4.805,9292000.0,0.3964352
2003-10-16,09292000,39027.33,0.0,308.84,11.94,0.02,611.75,5.98,9292000.0,0.4530688
2003-10-17,09292000,38870.38,0.0,352.83,15.66,0.58,636.73,8.12,9292000.0,0.5097024
2003-10-18,09292000,38714.24,0.0,355.62,15.91,0.37,617.64,8.14,9292000.0,0.566336
2003-10-19,09292000,38558.97,0.0,335.14,14.96,0.84,631.53,7.9,9292000.0,0.6512864
2003-10-20,09292000,38404.6,0.0,345.4,15.87,0.67,614.95,8.27,9292000.0,0.70792
2003-10-21,09292000,38251.17,0.0,336.98,17.27,2.4,696.71,9.835,9292000.0,0.7928704
2003-10-22,09292000,38098.72,0.0,339.21,17.56,2.28,689.01,9.92,9292000.0,0.85233568
2003-10-23,09292000,37947.29,0.0,342.52,14.67,-0.82,561.18,6.925,9292000.0,0.87498912
2003-10-24,09292000,37796.93,0.0,300.42,6.93,-5.25,413.37,0.8399999999999999,9292000.0,0.8721574400000001
2003-10-25,09292000,37647.69,0.0,266.79,2.28,-7.93,336.42,-2.825,9292000.0,0.8551673599999999
2003-10-26,09292000,37499.61,0.0,286.46,8.81,-2.74,499.29,3.035,9292000.0,0.8466723199999999
2003-10-27,09292000,37352.73,0.0,273.99,10.62,-0.36,594.74,5.13,9292000.0,0.87498912
2003-10-28,09292000,37207.1,0.0,233.32,9.8,0.86,650.02,5.33,9292000.0,0.8466723199999999
2003-10-29,09292000,37062.77,0.0,287.88,10.01,-1.79,535.65,4.109999999999999,9292000.0,0.849504
2003-10-30,09292000,36919.79,3.76,193.98,-0.69,-9.39,299.92,-5.04,9292000.0,0.8608307199999999
2003-10-31,09292000,36778.21,12.21,181.92,-3.3,-11.24,259.01,-7.27,9292000.0,0.8919792
2003-11-01,09292000,36638.08,4.42,118.7,-2.87,-7.81,339.53,-5.34,9292000.0,0.9344544
2003-11-02,09292000,36499.45,4.51,130.73,-2.98,-8.47,322.54,-5.7250000000000005,9292000.0,0.93162272
2003-11-03,09292000,36362.38,5.39,245.94,-2.84,-14.65,196.36,-8.745000000000001,9292000.0,0.98825632
2003-11-04,09292000,36226.91,3.77,224.43,-5.07,-15.44,183.88,-10.255,9292000.0,0.8410089599999999
2003-11-05,09292000,36093.1,0.0,339.78,-4.71,-17.3,157.38,-11.005,9292000.0,0.82401888
2003-11-06,09292000,35961.0,4.57,284.95,-1.62,-18.13,146.66,-9.875,9292000.0,1.01090976
2003-11-07,09292000,35830.68,9.97,282.63,1.0,-15.47,183.48,-7.235,9292000.0,0.97409792
2003-11-08,09292000,35702.18,0.0,258.71,0.44,-8.52,321.18,-4.04,9292000.0,0.95993952
2003-11-09,09292000,35575.56,8.0,128.05,-1.43,-6.96,362.61,-4.195,9292000.0,0.90896928
2003-11-10,09292000,35450.88,0.0,320.29,-0.04,-11.75,248.63,-5.895,9292000.0,0.9344544
2003-11-11,09292000,35328.19,0.0,358.12,0.57,-14.11,205.26,-6.77,9292000.0,0.82685056
2003-11-12,09292000,35207.56,4.23,266.7,3.61,-11.59,251.9,-3.99,9292000.0,0.85799904
2003-11-13,09292000,35089.04,11.92,156.52,-0.85,-7.71,342.09,-4.28,9292000.0,0.91746432
2003-11-14,09292000,34972.69,0.0,347.4,1.27,-12.86,227.22,-5.795,9292000.0,0.8608307199999999
2003-11-15,09292000,34858.56,6.11,243.01,-0.83,-13.42,217.18,-7.125,9292000.0,0.8211872
2003-11-16,09292000,34746.73,5.96,102.62,-3.1,-7.41,350.08,-5.255,9292000.0,0.8919792
2003-11-17,09292000,34637.23,12.43,129.84,-6.12,-11.49,253.83,-8.805,9292000.0,0.90896928
2003-11-18,09292000,34530.14,3.26,255.81,1.92,-11.59,251.93,-4.835,9292000.0,0.8551673599999999
2003-11-19,09292000,34425.52,2.36,262.85,5.92,-8.84,313.38,-1.46,9292000.0,0.8608307199999999
2003-11-20,09292000,34323.41,0.0,285.65,3.76,-6.24,383.14,-1.2400000000000002,9292000.0,0.85233568
2003-11-21,09292000,34223.88,4.87,238.83,-2.03,-13.8,210.52,-7.915,9292000.0,0.88631584
2003-11-22,09292000,34126.99,4.42,217.24,-13.77,-23.57,91.16,-18.67,9292000.0,0.8608307199999999
2003-11-23,09292000,34032.78,6.99,282.56,-5.89,-24.42,84.51,-15.155,9292000.0,0.849504
2003-11-24,09292000,33941.33,0.0,341.85,-0.77,-14.8,193.97,-7.785,9292000.0,0.7928704
2003-11-25,09292000,33852.69,0.0,283.38,-5.5,-15.49,183.08,-10.495,9292000.0,0.7928704
2003-11-26,09292000,33766.9,0.0,278.93,-8.87,-18.64,140.35,-13.755,9292000.0,0.849504
2003-11-27,09292000,33684.02,0.0,353.16,-4.81,-20.85,115.99,-12.83,9292000.0,0.7928704
2003-11-28,09292000,33604.12,8.51,258.38,4.08,-11.88,245.97,-3.9,9292000.0,0.7928704
2003-11-29,09292000,33527.23,0.0,294.13,7.61,-4.11,450.54,1.75,9292000.0,0.7362368
2003-11-30,09292000,33453.41,0.0,287.15,6.24,-5.2,414.98,0.52,9292000.0,0.7362368
2003-12-01,09292000,33382.71,0.0,272.0,4.77,-5.99,390.75,-0.6100000000000003,9292000.0,0.7645535999999999
2003-12-02,09292000,33315.18,0.0,286.07,0.36,-11.35,256.81,-5.495,9292000.0,0.7928704
2003-12-03,09292000,33250.86,0.0,318.72,3.35,-11.28,258.1,-3.965,9292000.0,0.7928704
2003-12-04,09292000,33189.79,0.0,315.22,3.49,-11.07,262.54,-3.79,9292000.0,0.7928704
2003-12-05,09292000,33132.03,0.0,268.03,2.48,-8.56,320.19,-3.04,9292000.0,0.7928704
2003-12-06,09292000,33077.61,2.88,109.37,0.4,-4.87,425.31,-2.235,9292000.0,0.7362368
2003-12-07,09292000,33026.56,3.93,163.28,-1.91,-9.94,287.28,-5.925,9292000.0,0.7362368
2003-12-08,09292000,32978.94,3.17,166.86,-8.12,-16.27,171.57,-12.195,9292000.0,0.7362368
2003-12-09,09292000,32934.76,0.0,320.99,-3.94,-18.77,138.88,-11.355,9292000.0,0.7928704
2003-12-10,09292000,32894.07,0.0,239.22,-5.71,-14.85,193.12,-10.28,9292000.0,0.7928704
2003-12-11,09292000,32856.9,0.0,309.05,-3.89,-17.62,153.18,-10.755,9292000.0,0.7362368
2003-12-12,09292000,32823.26,0.0,311.49,-4.46,-18.42,143.06,-11.44,9292000.0,0.7362368
2003-12-13,09292000,32793.2,2.62,209.75,1.04,-10.95,265.09,-4.955,9292000.0,0.7362368
2003-12-14,09292000,32766.72,4.44,223.38,-1.36,-14.64,196.44,-8.0,9292000.0,0.7362368
2003-12-15,09292000,32743.86,0.0,230.82,-11.69,-20.41,120.5,-16.05,9292000.0,0.7362368
2003-12-16,09292000,32724.62,4.14,256.49,0.17,-19.99,125.04,-9.909999999999998,9292000.0,0.6796032
2003-12-17,09292000,32709.02,0.0,284.73,3.96,-8.99,309.72,-2.515,9292000.0,0.6796032
2003-12-18,09292000,32697.08,0.0,308.59,7.01,-8.37,325.01,-0.6799999999999997,9292000.0,0.6796032
2003-12-19,09292000,32688.8,0.0,302.92,7.78,-7.09,358.93,0.3450000000000002,9292000.0,0.6229696
2003-12-20,09292000,32684.19,3.4,191.5,4.08,-7.03,360.59,-1.475,9292000.0,0.6229696
2003-12-21,09292000,32683.26,4.09,178.84,-0.63,-10.52,274.29,-5.575,9292000.0,0.6796032
2003-12-22,09292000,32686.0,0.0,297.24,-0.25,-14.13,204.88,-7.19,9292000.0,0.6796032
2003-12-23,09292000,32692.41,0.0,317.49,3.65,-12.37,236.44,-4.359999999999999,9292000.0,0.6796032
2003-12-24,09292000,32702.49,4.78,179.47,0.08,-9.75,291.64,-4.835,9292000.0,0.7362368
2003-12-25,09292000,32716.23,22.21,127.65,-1.63,-8.01,334.26,-4.82,9292000.0,0.7362368
2003-12-26,09292000,32733.61,19.12,207.91,-5.19,-16.57,167.27,-10.88,9292000.0,0.6796032
2003-12-27,09292000,32754.64,0.0,220.53,-13.76,-21.82,106.49,-17.79,9292000.0,0.6796032
2003-12-28,09292000,32779.28,6.5,220.59,-10.51,-22.37,101.47,-16.44,9292000.0,0.6229696
2003-12-29,09292000,32807.52,8.37,229.07,-6.75,-19.29,132.82,-13.02,9292000.0,0.6229696
2003-12-30,09292000,32839.34,2.9,189.59,-3.53,-12.92,226.11,-8.225,9292000.0,0.6796032
2003-12-31,09292000,32874.72,3.02,136.69,-5.07,-11.33,257.14,-8.2,9292000.0,0.6796032
2004-01-01,09292000,32913.8,12.77,107.81,-7.6,-13.53,215.25,-10.565,9292000.0,0.6229696
2004-01-02,09292000,32956.22,8.51,180.31,-8.09,-18.59,141.02,-13.34,9292000.0,0.6229696
2004-01-03,09292000,33002.11,0.0,304.63,-8.19,-22.81,97.57,-15.5,9292000.0,0.6229696
2004-01-04,09292000,33051.44,0.0,297.36,-11.92,-25.79,74.64,-18.855,9292000.0,0.6796032
2004-01-05,09292000,33104.16,4.43,198.83,-11.33,-23.0,96.0,-17.165,9292000.0,0.6796032
2004-01-06,09292000,33160.24,7.89,238.97,-0.63,-16.34,170.55,-8.485,9292000.0,0.7928704
2004-01-07,09292000,33219.65,0.0,162.92,-3.5,-10.02,285.4,-6.76,9292000.0,0.7928704
2004-01-08,09292000,33282.33,0.0,269.09,0.83,-10.91,265.85,-5.04,9292000.0,0.7362368
2004-01-09,09292000,33348.25,0.0,320.19,5.47,-10.04,284.97,-2.285,9292000.0,0.70792
2004-01-10,09292000,33417.36,0.0,317.29,5.15,-9.85,289.28,-2.35,9292000.0,0.6512864
2004-01-11,09292000,33489.61,0.0,347.03,6.31,-11.53,253.16,-2.61,9292000.0,0.6512864
2004-01-12,09292000,33564.96,0.0,356.32,6.14,-12.63,231.54,-3.245000000000001,9292000.0,0.566336
2004-01-13,09292000,33643.35,0.0,343.73,5.6,-11.4,255.77,-2.9000000000000004,9292000.0,0.5097024
2004-01-14,09292000,33724.73,0.0,349.12,6.46,-10.97,264.65,-2.2550000000000003,9292000.0,0.4813855999999999
2004-01-15,09292000,33809.06,0.0,334.16,3.77,-11.82,247.16,-4.025,9292000.0,0.4530688
2004-01-16,09292000,33896.27,0.0,293.9,-1.99,-14.32,201.78,-8.155,9292000.0,0.424752
2004-01-17,09292000,33986.31,0.0,364.33,3.29,-14.75,194.68,-5.73,9292000.0,0.4530688
2004-01-18,09292000,34079.13,0.0,362.13,2.68,-14.78,194.18,-6.05,9292000.0,0.5097024
2004-01-19,09292000,34174.68,0.0,312.59,-2.87,-15.9,176.91,-9.385,9292000.0,0.5097024
2004-01-20,09292000,34272.88,0.0,323.82,-5.1,-18.66,140.12,-11.88,9292000.0,0.4813855999999999
2004-01-21,09292000,34373.7,0.0,378.31,-1.29,-19.53,130.02,-10.41,9292000.0,0.5380192
2004-01-22,09292000,34477.06,0.0,368.76,2.0,-15.04,190.06,-6.52,9292000.0,0.5380192
2004-01-23,09292000,34582.92,0.0,349.73,5.55,-9.63,294.47,-2.0400000000000005,9292000.0,0.5380192
2004-01-24,09292000,34691.2,0.0,309.1,1.09,-11.1,261.85,-5.005,9292000.0,0.5380192
2004-01-25,09292000,34801.87,0.0,287.55,-10.26,-21.0,114.43,-15.63,9292000.0,0.4530688
2004-01-26,09292000,34914.85,0.0,345.92,-9.43,-23.3,93.4,-16.365000000000002,9292000.0,0.424752
2004-01-27,09292000,35030.08,4.45,264.33,-3.46,-17.83,150.49,-10.645,9292000.0,0.424752
2004-01-28,09292000,35147.52,0.0,332.83,0.5,-12.41,235.76,-5.955,9292000.0,0.424752
2004-01-29,09292000,35267.09,0.0,282.69,0.77,-9.45,298.66,-4.34,9292000.0,0.3964352
2004-01-30,09292000,35388.75,0.0,306.48,-1.1,-12.26,238.58,-6.68,9292000.0,0.3964352
2004-01-31,09292000,35512.43,0.0,374.46,-8.01,-23.04,95.61,-15.525,9292000.0,0.3681184
2004-02-01,09292000,35638.08,0.0,394.18,-6.9,-23.43,92.38,-15.165,9292000.0,0.3964352
2004-02-02,09292000,35765.64,3.34,282.34,-4.75,-19.83,126.71,-12.29,9292000.0,0.424752
2004-02-03,09292000,35895.05,5.95,141.07,-6.71,-12.88,227.01,-9.795,9292000.0,0.4530688
2004-02-04,09292000,36026.26,0.0,325.28,-4.71,-16.12,173.76,-10.415,9292000.0,0.4530688
2004-02-05,09292000,36159.21,0.0,392.48,-4.75,-19.69,128.33,-12.22,9292000.0,0.4530688
2004-02-06,09292000,36293.85,0.0,406.78,-2.62,-18.71,139.57,-10.665,9292000.0,0.3964352
2004-02-07,09292000,36430.12,3.52,239.67,-6.21,-17.19,158.86,-11.7,9292000.0,0.3964352
2004-02-08,09292000,36567.97,0.0,352.56,-7.63,-19.78,127.3,-13.705,9292000.0,0.3681184
2004-02-09,09292000,36707.35,0.0,391.79,-7.59,-21.62,108.42,-14.605,9292000.0,0.3681184
2004-02-10,09292000,36848.2,0.0,473.79,0.28,-21.03,114.18,-10.375,9292000.0,0.3114848
2004-02-11,09292000,36990.48,0.0,419.62,-8.23,-23.45,92.17,-15.84,9292000.0,0.3681184
2004-02-12,09292000,37134.14,5.07,342.46,-6.11,-24.2,86.21,-15.155,9292000.0,0.3681184
2004-02-13,09292000,37279.12,0.0,459.2,3.31,-14.71,195.36,-5.7,9292000.0,0.3398016
2004-02-14,09292000,37425.37,0.0,463.48,3.08,-15.07,189.59,-5.995,9292000.0,0.3398016
2004-02-15,09292000,37572.85,3.87,331.98,-1.04,-17.3,157.3,-9.17,9292000.0,0.3114848
2004-02-16,09292000,37721.52,4.21,316.79,1.76,-12.88,226.96,-5.5600000000000005,9292000.0,0.3398016
2004-02-17,09292000,37871.32,0.0,380.14,5.71,-6.49,375.89,-0.3900000000000001,9292000.0,0.3114848
2004-02-18,09292000,38022.21,0.0,326.46,3.28,-6.54,374.61,-1.63,9292000.0,0.3114848
2004-02-19,09292000,38174.15,0.0,469.2,0.52,-15.86,177.57,-7.67,9292000.0,0.3114848
2004-02-20,09292000,38327.09,0.0,525.67,2.94,-18.76,138.92,-7.910000000000001,9292000.0,0.3114848
2004-02-21,09292000,38481.0,0.0,388.53,-1.27,-12.99,224.86,-7.13,9292000.0,0.283168
2004-02-22,09292000,38635.82,4.97,249.63,-2.19,-11.63,251.1,-6.91,9292000.0,0.3114848
2004-02-23,09292000,38791.52,4.01,258.96,0.19,-9.52,296.94,-4.665,9292000.0,0.3114848
2004-02-24,09292000,38948.06,0.0,385.28,-1.04,-11.95,244.57,-6.494999999999999,9292000.0,0.3398016
2004-02-25,09292000,39105.41,5.0,380.26,1.63,-15.45,183.79,-6.91,9292000.0,0.3398016
2004-02-26,09292000,39263.51,29.07,284.7,-5.19,-15.37,184.91,-10.28,9292000.0,0.3964352
2004-02-27,09292000,39422.34,14.4,351.58,-2.69,-16.06,174.62,-9.375,9292000.0,0.424752
2004-02-28,09292000,39581.86,14.8,395.47,-1.66,-17.84,150.29,-9.75,9292000.0,0.3681184
2004-02-29,09292000,39742.04,6.22,366.65,-3.32,-17.2,158.65,-10.26,9292000.0,0.3681184
2004-03-01,09292000,39902.83,0.0,586.13,-1.56,-21.37,110.81,-11.465,9292000.0,0.3964352
2004-03-02,09292000,40064.2,0.0,552.18,-2.47,-19.2,133.79,-10.835,9292000.0,0.3964352
2004-03-03,09292000,40226.13,0.0,580.32,0.46,-18.18,145.97,-8.86,9292000.0,0.3964352
2004-03-04,09292000,40388.57,0.0,551.96,-0.83,-17.6,153.44,-9.215,9292000.0,0.3964352
2004-03-05,09292000,40551.49,0.0,534.99,-1.23,-16.9,162.73,-9.065,9292000.0,0.3964352
2004-03-06,09292000,40714.87,0.0,405.22,-0.95,-11.34,256.89,-6.145,9292000.0,0.3681184
2004-03-07,09292000,40878.67,2.08,452.38,8.61,-11.86,246.35,-1.625,9292000.0,0.3964352
2004-03-08,09292000,41042.87,0.0,576.69,11.42,-6.83,366.39,2.295,9292000.0,0.42192032
2004-03-09,09292000,41207.42,0.0,552.48,10.21,-6.35,380.05,1.9300000000000008,9292000.0,0.4643955199999999
2004-03-10,09292000,41372.31,0.0,552.91,6.46,-9.78,290.98,-1.6599999999999997,9292000.0,0.4389104
2004-03-11,09292000,41537.49,0.0,616.9,10.44,-9.86,289.19,0.29,9292000.0,0.424752
2004-03-12,09292000,41702.95,0.0,589.47,8.67,-9.38,300.17,-0.3550000000000004,9292000.0,0.51253408
2004-03-13,09292000,41868.66,0.0,559.05,7.64,-8.35,325.39,-0.355,9292000.0,0.53235584
2004-03-14,09292000,42034.58,0.0,550.06,6.06,-9.21,304.37,-1.5750000000000006,9292000.0,0.5521776
2004-03-15,09292000,42200.7,0.0,469.43,5.13,-6.76,368.34,-0.815,9292000.0,0.55500928
2004-03-16,09292000,42366.97,0.0,500.54,7.52,-5.3,411.65,1.11,9292000.0,0.5691676800000001
2004-03-17,09292000,42533.38,0.0,516.18,7.1,-6.11,387.07,0.4949999999999996,9292000.0,0.61164288
2004-03-18,09292000,42699.89,0.0,578.03,9.13,-6.68,370.62,1.2250000000000003,9292000.0,0.62580128
2004-03-19,09292000,42866.49,0.0,537.35,11.57,-2.66,502.06,4.455,9292000.0,0.82968224
2004-03-20,09292000,43033.14,0.0,583.87,14.24,-1.98,513.09,6.13,9292000.0,1.05621664
2004-03-21,09292000,43199.82,0.0,619.62,15.51,-2.39,482.94,6.56,9292000.0,0.991088
2004-03-22,09292000,43366.49,0.0,593.54,13.89,-2.52,490.0,5.6850000000000005,9292000.0,1.10152352
2004-03-23,09292000,43533.14,0.0,526.28,11.91,-1.65,541.04,5.13,9292000.0,1.1609888
2004-03-24,09292000,43699.74,0.0,597.53,10.47,-5.9,388.83,2.285,9292000.0,1.15815712
2004-03-25,09292000,43866.26,0.0,547.95,8.23,-5.93,392.36,1.1500000000000004,9292000.0,1.16382048
2004-03-26,09292000,44032.67,6.35,371.91,1.06,-10.91,265.99,-4.925,9292000.0,1.05904832
2004-03-27,09292000,44198.94,4.74,357.53,-0.98,-12.21,239.55,-6.595000000000001,9292000.0,0.82968224
2004-03-28,09292000,44365.05,0.0,575.86,2.61,-11.79,247.77,-4.59,9292000.0,0.81552384
2004-03-29,09292000,44530.98,2.41,521.0,11.14,-10.29,279.49,0.4250000000000007,9292000.0,0.69092992
2004-03-30,09292000,44696.68,0.0,666.41,10.72,-8.17,289.97,1.2750000000000004,9292000.0,0.79853376
2004-03-31,09292000,44862.15,0.0,608.99,11.04,-4.74,377.56,3.1499999999999995,9292000.0,0.89764256
2004-04-01,09292000,45027.33,11.99,261.2,5.91,-1.83,534.1,2.04,9292000.0,0.81269216
2004-04-02,09292000,45192.22,0.0,468.0,9.08,-1.52,525.14,3.78,9292000.0,0.60597952
2004-04-03,09292000,45356.77,0.0,484.32,6.92,-3.86,444.41,1.53,9292000.0,0.8466723199999999
2004-04-04,09292000,45520.97,0.0,637.53,10.35,-5.48,338.6,2.435,9292000.0,0.80419712
2004-04-05,09292000,45684.77,3.53,440.34,10.88,-3.31,459.7,3.785,9292000.0,0.88631584
2004-04-06,09292000,45848.15,5.53,461.06,10.02,-4.9,399.21,2.56,9292000.0,0.94294944
2004-04-07,09292000,46011.08,7.29,429.45,9.22,-3.95,447.72,2.635,9292000.0,0.94294944
2004-04-08,09292000,46173.52,0.0,539.75,8.02,-3.78,425.92,2.12,9292000.0,0.9627712
2004-04-09,09292000,46335.44,6.2,484.09,4.75,-10.47,275.52,-2.8600000000000003,9292000.0,0.86649408
2004-04-10,09292000,46496.82,0.0,536.1,-1.34,-12.41,235.83,-6.875,9292000.0,0.7362368
2004-04-11,09292000,46657.61,7.49,543.1,4.93,-13.4,213.77,-4.235,9292000.0,0.55500928
2004-04-12,09292000,46817.79,0.0,675.31,8.93,-6.69,318.58,1.1199999999999997,9292000.0,0.60597952
2004-04-13,09292000,46977.31,0.0,706.44,10.25,-6.79,304.18,1.73,9292000.0,0.61447456
2004-04-14,09292000,47136.14,0.0,555.31,7.11,-4.44,415.3,1.335,9292000.0,0.73057344
2004-04-15,09292000,47294.25,0.0,495.3,4.25,-5.59,402.78,-0.6699999999999999,9292000.0,0.6937616
2004-04-16,09292000,47451.59,0.0,488.35,7.23,-2.43,502.22,2.4000000000000004,9292000.0,0.63146464
2004-04-17,09292000,47608.14,0.0,539.28,6.63,-4.09,430.86,1.27,9292000.0,0.55500928
2004-04-18,09292000,47763.84,0.0,630.11,4.62,-8.44,298.16,-1.91,9292000.0,0.53235584
2004-04-19,09292000,47918.67,2.88,400.22,2.66,-7.63,344.3,-2.485,9292000.0,0.48988064
2004-04-20,09292000,48072.57,4.93,463.53,4.11,-8.28,327.34,-2.0849999999999995,9292000.0,1.35637472
2004-04-21,09292000,48225.52,7.56,485.37,4.15,-9.0,309.36,-2.425,9292000.0,1.29124608
2004-04-22,09292000,48377.46,5.65,333.18,-0.58,-8.45,322.9,-4.515,9292000.0,0.8551673599999999
2004-04-23,09292000,48528.35,2.18,549.46,7.94,-8.36,320.68,-0.2099999999999995,9292000.0,0.41342528
2004-04-24,09292000,48678.16,2.67,537.43,6.97,-8.52,321.28,-0.7749999999999999,9292000.0,0.4389104
2004-04-25,09292000,48826.82,0.0,741.3,9.73,-6.76,315.82,1.4850000000000003,9292000.0,0.40209856
2004-04-26,09292000,48974.31,0.0,775.39,13.69,-5.05,336.49,4.32,9292000.0,0.45873216
2004-04-27,09292000,49120.57,1.85,756.83,13.76,-3.92,364.58,4.92,9292000.0,0.6654448
2004-04-28,09292000,49265.55,0.0,710.6,9.24,-5.83,343.2,1.705,9292000.0,0.98259296
2004-04-29,09292000,49409.2,12.23,385.56,2.89,-6.34,380.26,-1.725,9292000.0,1.27142432
2004-04-30,09292000,49551.49,0.0,680.83,6.88,-6.6,346.48,0.1400000000000001,9292000.0,0.94578112
2004-05-01,09292000,49692.34,0.0,759.64,10.32,-6.65,317.88,1.835,9292000.0,0.92879104
2004-05-02,09292000,49831.73,0.0,742.86,13.47,-3.05,406.18,5.210000000000001,9292000.0,1.11568192
2004-05-03,09292000,49969.58,0.0,671.81,14.41,0.48,540.37,7.445,9292000.0,1.67352288
2004-05-04,09292000,50105.86,0.0,707.89,15.71,0.51,512.85,8.110000000000001,9292000.0,2.12376
2004-05-05,09292000,50240.5,0.0,654.32,15.09,1.81,587.62,8.45,9292000.0,2.9166304
2004-05-06,09292000,50373.45,0.0,617.92,13.64,1.57,599.65,7.605,9292000.0,4.105936
2004-05-07,09292000,50504.67,0.0,724.92,14.2,-1.36,446.9,6.42,9292000.0,4.9271232
2004-05-08,09292000,50634.08,0.0,667.27,14.03,0.47,526.85,7.25,9292000.0,5.521776
2004-05-09,09292000,50761.65,0.0,676.12,13.72,-0.03,505.7,6.845000000000001,9292000.0,6.7110816
2004-05-10,09292000,50887.3,0.0,671.19,12.23,-1.31,468.54,5.46,9292000.0,7.4190016
2004-05-11,09292000,51010.98,0.0,647.29,4.99,-7.39,326.13,-1.1999999999999995,9292000.0,7.7588032
2004-05-12,09292000,51132.65,0.0,647.75,3.61,-8.65,300.46,-2.5200000000000005,9292000.0,5.9182112
2004-05-13,09292000,51252.23,0.0,696.68,4.23,-9.35,270.97,-2.56,9292000.0,4.3041536
2004-05-14,09292000,51369.66,0.0,732.84,7.29,-7.69,289.46,-0.2000000000000001,9292000.0,4.24752
2004-05-15,09292000,51484.91,0.0,700.54,10.83,-3.28,394.79,3.775,9292000.0,5.3518752
2004-05-16,09292000,51597.89,0.0,601.44,10.08,-1.23,491.06,4.425,9292000.0,5.6067264
2004-05-17,09292000,51708.56,0.0,553.3,10.63,0.45,565.18,5.54,9292000.0,5.4368256
2004-05-18,09292000,51816.85,0.0,496.69,10.16,1.29,628.54,5.725,9292000.0,5.1253408
2004-05-19,09292000,51922.71,0.0,553.0,9.46,-0.55,530.38,4.455,9292000.0,5.6067264
2004-05-20,09292000,52026.08,0.0,507.77,8.83,-0.14,567.94,4.345,9292000.0,5.4651424
2004-05-21,09292000,52126.9,0.0,607.03,9.53,-1.6,470.79,3.965,9292000.0,4.9837568
2004-05-22,09292000,52225.11,0.0,504.74,6.76,-2.09,502.76,2.335,9292000.0,4.8988064
2004-05-23,09292000,52320.66,0.0,625.75,8.28,-3.17,412.64,2.555,9292000.0,4.4457376
2004-05-24,09292000,52413.49,0.0,670.18,6.9,-5.59,334.48,0.6550000000000002,9292000.0,3.9926688
2004-05-25,09292000,52503.54,0.0,564.02,5.2,-4.5,399.84,0.3500000000000001,9292000.0,3.9360352
2004-05-26,09292000,52590.76,0.0,743.6,9.69,-4.85,315.05,2.42,9292000.0,3.3696992
2004-05-27,09292000,52675.09,0.0,630.75,11.16,0.13,430.73,5.6450000000000005,9292000.0,3.681184
2004-05-28,09292000,52756.48,0.0,593.57,9.87,-0.14,412.63,4.864999999999999,9292000.0,4.1908864
2004-05-29,09292000,52834.87,0.0,619.27,4.49,-5.98,258.4,-0.7450000000000001,9292000.0,3.9926688
2004-05-30,09292000,52910.23,6.39,494.67,4.11,-7.35,263.84,-1.6199999999999997,9292000.0,3.5112832
2004-05-31,09292000,52982.49,0.0,651.85,9.65,-1.42,312.75,4.115,9292000.0,3.2281152
2004-06-01,09292000,53051.6,0.0,786.19,14.19,-1.27,236.82,6.46,9292000.0,3.5679168
2004-06-02,09292000,53117.53,0.0,719.81,14.95,1.9,323.58,8.424999999999999,9292000.0,4.5590048
2004-06-03,09292000,53180.22,0.0,751.28,17.69,3.45,325.93,10.57,9292000.0,5.0120736
2004-06-04,09292000,53239.63,0.0,762.61,17.82,3.06,310.13,10.44,9292000.0,5.380192
2004-06-05,09292000,53295.72,0.0,793.01,18.77,2.37,275.65,10.57,9292000.0,5.521776
2004-06-06,09292000,53348.45,0.0,683.45,18.23,5.93,417.7,12.08,9292000.0,6.2013792
2004-06-07,09292000,53397.78,0.0,667.09,18.33,6.46,444.24,12.395,9292000.0,6.4279136
2004-06-08,09292000,53443.68,0.0,698.36,17.33,4.59,376.03,10.96,9292000.0,6.0597952
2004-06-09,09292000,53486.11,0.0,681.88,13.87,1.72,335.68,7.795,9292000.0,5.521776
2004-06-10,09292000,53525.04,7.48,392.07,5.5,-2.91,416.43,1.295,9292000.0,4.9837568
2004-06-11,09292000,53560.44,7.21,427.31,7.39,-1.96,433.1,2.715,9292000.0,4.105936
2004-06-12,09292000,53592.28,0.0,643.37,10.11,-0.77,360.06,4.67,9292000.0,3.4829664
2004-06-13,09292000,53620.55,0.0,675.57,15.4,3.57,431.36,9.485,9292000.0,3.1714816
2004-06-14,09292000,53645.21,0.0,766.08,17.0,1.86,327.93,9.43,9292000.0,3.1997984
2004-06-15,09292000,53666.26,0.0,782.13,16.87,0.68,295.38,8.775,9292000.0,3.1431648
2004-06-16,09292000,53683.67,0.0,628.52,12.16,1.36,413.15,6.76,9292000.0,2.8599968
2004-06-17,09292000,53697.43,12.69,379.12,8.35,0.13,544.42,4.24,9292000.0,3.1714816
2004-06-18,09292000,53707.54,14.73,473.54,11.74,0.57,513.31,6.155,9292000.0,4.1342528
2004-06-19,09292000,53713.97,2.95,504.55,14.22,1.57,552.15,7.895,9292000.0,3.4829664
2004-06-20,09292000,53716.74,0.0,655.29,14.35,2.39,501.3,8.37,9292000.0,3.0298976
2004-06-21,09292000,53715.83,0.0,632.73,10.43,-0.87,426.74,4.78,9292000.0,3.1431648
2004-06-22,09292000,53711.24,0.0,719.67,12.68,-1.52,362.42,5.58,9292000.0,2.8175216
2004-06-23,09292000,53702.99,0.0,764.02,16.81,0.17,369.41,8.49,9292000.0,2.69292768
2004-06-24,09292000,53691.07,3.45,514.42,16.34,2.44,577.09,9.39,9292000.0,2.4918784
2004-06-25,09292000,53675.5,7.17,491.96,14.77,1.98,573.96,8.375,9292000.0,2.68443264
2004-06-26,09292000,53656.28,0.0,614.61,13.26,1.9,511.26,7.58,9292000.0,2.6589475200000003
2004-06-27,09292000,53633.44,0.0,596.34,12.36,1.44,509.85,6.9,9292000.0,2.9449472
2004-06-28,09292000,53606.99,11.76,517.71,15.32,0.99,518.71,8.155,9292000.0,3.6528672
2004-06-29,09292000,53576.95,10.13,353.7,10.08,1.78,694.58,5.93,9292000.0,3.9077184
2004-06-30,09292000,53543.34,0.0,579.45,12.51,1.85,573.13,7.18,9292000.0,4.530688
2004-07-01,09292000,53506.18,0.0,699.76,15.47,1.06,446.62,8.265,9292000.0,3.5962336
2004-07-02,09292000,53465.52,0.0,667.14,15.48,2.18,500.14,8.83,9292000.0,3.2847488
2004-07-03,09292000,53421.36,0.0,611.9,13.52,1.99,533.11,7.755,9292000.0,3.0015808
2004-07-04,09292000,53373.76,0.0,563.14,12.48,2.31,577.9,7.395,9292000.0,2.973264
2004-07-05,09292000,53322.74,0.0,684.09,15.43,1.69,467.93,8.56,9292000.0,2.8883136
2004-07-06,09292000,53268.34,0.0,738.87,17.44,0.95,396.75,9.195,9292000.0,2.8599968
2004-07-07,09292000,53210.6,0.0,645.78,18.24,5.4,573.63,11.82,9292000.0,2.6617792
2004-07-08,09292000,53149.56,0.0,619.02,17.77,5.7,608.06,11.735,9292000.0,2.5315219200000003
2004-07-09,09292000,53085.26,0.0,625.83,17.81,5.49,573.57,11.65,9292000.0,2.39843296
2004-07-10,09292000,53017.74,0.0,673.27,19.34,5.05,515.68,12.195,9292000.0,2.27100736
2004-07-11,09292000,52947.06,0.0,623.82,19.47,6.73,586.87,13.1,9292000.0,2.1350867200000003
2004-07-12,09292000,52873.26,0.0,680.73,22.01,6.79,529.66,14.4,9292000.0,1.99067104
2004-07-13,09292000,52796.4,9.94,491.2,21.88,7.01,706.61,14.445,9292000.0,1.88873056
2004-07-14,09292000,52716.51,11.07,464.22,19.71,6.27,743.92,12.99,9292000.0,2.30215584
2004-07-15,09292000,52633.66,10.14,412.59,18.63,7.39,895.42,13.01,9292000.0,2.51736352
2004-07-16,09292000,52547.89,20.05,427.59,17.04,5.2,791.24,11.12,9292000.0,5.2102912
2004-07-17,09292000,52459.26,7.05,369.48,16.02,6.16,940.21,11.09,9292000.0,5.8332608
2004-07-18,09292000,52367.82,0.0,532.51,17.47,6.63,848.08,12.05,9292000.0,4.7289056
2004-07-19,09292000,52273.64,0.0,582.11,18.77,6.36,785.03,12.565,9292000.0,3.9077184
2004-07-20,09292000,52176.77,0.0,590.81,18.46,5.72,736.5,12.09,9292000.0,4.95544
2004-07-21,09292000,52077.25,0.0,577.06,17.82,5.47,719.93,11.645,9292000.0,3.6245504
2004-07-22,09292000,51975.16,11.04,438.33,16.85,4.02,738.45,10.435,9292000.0,3.3696992
2004-07-23,09292000,51870.55,0.0,636.27,16.35,1.88,544.74,9.115,9292000.0,3.5396
2004-07-24,09292000,51763.48,0.0,610.27,16.25,2.75,588.59,9.5,9292000.0,2.8883136
2004-07-25,09292000,51654.0,0.0,631.87,17.83,3.21,588.9,10.52,9292000.0,2.61080896
2004-07-26,09292000,51542.18,13.57,444.69,16.35,2.88,694.08,9.615,9292000.0,2.9166304
2004-07-27,09292000,51428.07,0.0,514.54,12.8,2.14,652.65,7.470000000000001,9292000.0,3.964352
2004-07-28,09292000,51311.73,0.0,622.16,17.3,2.69,600.42,9.995,9292000.0,3.1997984
2004-07-29,09292000,51193.22,0.0,575.86,17.44,4.39,677.83,10.915,9292000.0,2.55983872
2004-07-30,09292000,51072.6,0.0,611.89,18.76,4.01,632.62,11.385000000000002,9292000.0,2.25401728
2004-07-31,09292000,50949.93,0.0,538.43,19.18,7.02,831.98,13.1,9292000.0,2.0246512
2004-08-01,09292000,50825.26,0.0,514.26,17.1,5.78,793.98,11.44,9292000.0,1.86041376
2004-08-02,09292000,50698.66,0.0,555.32,17.05,4.3,692.08,10.675,9292000.0,1.83492864
2004-08-03,09292000,50570.17,0.0,587.49,17.64,3.44,631.29,10.54,9292000.0,1.81510688
2004-08-04,09292000,50439.86,0.0,551.92,17.62,4.68,711.49,11.15,9292000.0,1.56875072
2004-08-05,09292000,50307.77,0.0,473.53,15.88,5.52,819.46,10.7,9292000.0,1.58857248
2004-08-06,09292000,50173.97,0.0,552.33,17.11,4.16,690.75,10.635,9292000.0,1.59140416
2004-08-07,09292000,50038.52,0.0,581.65,17.82,3.47,638.9,10.645,9292000.0,1.53760224
2004-08-08,09292000,49901.45,0.0,614.22,18.91,2.62,580.67,10.765,9292000.0,1.63954272
2004-08-09,09292000,49762.83,0.0,612.65,20.05,3.49,613.77,11.77,9292000.0,1.51211712
2004-08-10,09292000,49622.71,0.0,547.59,19.33,5.67,762.79,12.5,9292000.0,1.4299984
2004-08-11,09292000,49481.14,0.0,557.69,18.99,4.83,716.15,11.91,9292000.0,1.345048
2004-08-12,09292000,49338.17,0.0,564.5,18.81,4.26,686.0,11.535,9292000.0,1.2317808
2004-08-13,09292000,49193.85,0.0,582.76,19.98,4.22,668.52,12.1,9292000.0,1.14966208
2004-08-14,09292000,49048.23,0.0,560.92,19.82,4.86,714.89,12.34,9292000.0,1.08453344
2004-08-15,09292000,48901.36,0.0,463.11,18.62,5.5,823.68,12.06,9292000.0,1.0675433600000002
2004-08-16,09292000,48753.29,4.36,342.12,18.17,5.01,872.63,11.59,9292000.0,1.0052464
2004-08-17,09292000,48604.05,5.7,254.53,11.61,2.94,754.22,7.274999999999999,9292000.0,1.1694838399999998
2004-08-18,09292000,48453.7,5.09,258.57,11.09,2.33,722.41,6.71,9292000.0,1.31106784
2004-08-19,09292000,48302.28,0.0,443.02,14.11,1.96,697.22,8.035,9292000.0,1.22611744
2004-08-20,09292000,48149.84,0.0,424.18,13.64,2.21,716.27,7.925000000000001,9292000.0,1.00241472
2004-08-21,09292000,47996.41,0.0,420.7,13.5,2.2,715.69,7.85,9292000.0,1.03073152
2004-08-22,09292000,47842.04,5.55,332.9,14.24,1.91,700.99,8.075,9292000.0,1.11568192
2004-08-23,09292000,47686.78,0.0,259.48,7.13,0.92,653.01,4.025,9292000.0,0.920296
2004-08-24,09292000,47530.65,0.0,334.21,9.03,0.89,651.32,4.96,9292000.0,0.75322688
2004-08-25,09292000,47373.71,0.0,422.72,13.23,2.15,712.94,7.69,9292000.0,0.71641504
2004-08-26,09292000,47215.98,0.0,448.38,9.9,-2.05,525.42,3.925,9292000.0,0.51536576
2004-08-27,09292000,47057.51,0.0,479.27,10.28,-3.1,486.09,3.59,9292000.0,0.47572224
2004-08-28,09292000,46898.33,0.0,521.83,14.24,-2.06,505.12,6.09,9292000.0,0.45023712
2004-08-29,09292000,46738.48,0.0,515.11,16.65,0.42,590.25,8.535,9292000.0,0.35396
2004-08-30,09292000,46577.99,0.0,503.97,17.42,1.59,644.91,9.505,9292000.0,0.2769383039999999
2004-08-31,09292000,46416.91,0.0,491.17,18.45,2.99,715.3,10.72,9292000.0,0.264195744
2004-09-01,09292000,46255.26,3.87,358.9,19.31,4.01,813.54,11.66,9292000.0,0.3171481599999999
2004-09-02,09292000,46093.07,0.0,450.39,17.41,3.94,799.92,10.675,9292000.0,0.2973264
2004-09-03,09292000,45930.38,0.0,407.14,12.32,0.99,655.99,6.655,9292000.0,0.30015808
2004-09-04,09292000,45767.23,6.96,171.28,4.64,-1.01,567.37,1.815,9292000.0,0.45023712
2004-09-05,09292000,45603.64,0.0,461.0,11.06,-2.55,506.16,4.255000000000001,9292000.0,0.566336
2004-09-06,09292000,45439.64,0.0,485.35,14.87,-0.57,585.77,7.15,9292000.0,0.40776192
2004-09-07,09292000,45275.26,0.0,461.4,15.03,0.86,650.09,7.944999999999999,9292000.0,0.30582144
2004-09-08,09292000,45110.54,0.0,472.62,16.86,1.81,694.09,9.335,9292000.0,0.260231392
2004-09-09,09292000,44945.5,0.0,454.77,18.04,3.77,791.49,10.905,9292000.0,0.215774016
2004-09-10,09292000,44780.17,0.0,445.52,16.97,3.2,760.6,10.085,9292000.0,0.34546496
2004-09-11,09292000,44614.58,0.0,462.41,18.53,3.49,762.02,11.010000000000002,9292000.0,0.5691676800000001
2004-09-12,09292000,44448.77,4.61,286.71,15.15,4.13,820.71,9.64,9292000.0,0.56067264
2004-09-13,09292000,44282.75,0.0,365.57,12.67,2.56,734.18,7.615,9292000.0,0.73906848
2004-09-14,09292000,44116.55,0.0,411.34,8.55,-3.2,482.49,2.6750000000000003,9292000.0,0.62580128
2004-09-15,09292000,43950.2,0.0,491.61,11.91,-5.02,420.65,3.4450000000000003,9292000.0,0.56350432
2004-09-16,09292000,43783.74,0.0,438.09,14.45,0.57,636.34,7.51,9292000.0,0.52952416
2004-09-17,09292000,43617.18,0.0,408.11,15.98,3.28,762.2,9.63,9292000.0,0.495544
2004-09-18,09292000,43450.55,0.0,339.4,13.84,4.02,813.84,8.93,9292000.0,0.47572224
2004-09-19,09292000,43283.89,21.1,168.57,5.37,-0.58,585.4,2.395,9292000.0,0.86649408
2004-09-20,09292000,43117.21,5.87,320.32,3.4,-7.76,340.87,-2.18,9292000.0,1.1666521600000002
2004-09-21,09292000,42950.54,0.0,401.08,2.06,-8.08,332.5,-3.01,9292000.0,0.94011776
2004-09-22,09292000,42783.91,0.0,459.39,3.14,-9.55,296.16,-3.205,9292000.0,0.84384064
2004-09-23,09292000,42617.35,0.0,404.73,9.17,-1.78,535.87,3.695,9292000.0,0.80136544
2004-09-24,09292000,42450.89,0.0,393.52,9.62,-1.05,565.61,4.284999999999999,9292000.0,0.81552384
2004-09-25,09292000,42284.54,0.0,470.77,13.24,-1.34,553.12,5.95,9292000.0,0.7815436800000001
2004-09-26,09292000,42118.34,0.0,421.37,13.87,-0.79,576.41,6.539999999999999,9292000.0,0.72491008
2004-09-27,09292000,41952.32,0.0,388.39,13.08,0.32,625.03,6.7,9292000.0,0.69659328
2004-09-28,09292000,41786.5,0.0,363.55,11.99,0.49,632.97,6.24,9292000.0,0.68526656
2004-09-29,09292000,41620.92,11.67,197.53,6.49,-1.02,566.71,2.7350000000000003,9292000.0,0.85233568
2004-09-30,09292000,41455.59,0.0,308.81,6.87,-2.07,524.48,2.4000000000000004,9292000.0,1.0675433600000002
2004-10-01,09292000,41290.54,0.0,324.19,6.53,-2.9,493.16,1.815,9292000.0,1.0760384
2004-10-02,09292000,41125.82,0.0,357.83,9.74,-1.25,557.34,4.245,9292000.0,0.89481088
2004-10-03,09292000,40961.44,0.0,340.88,8.67,-1.62,542.36,3.525,9292000.0,0.991088
2004-10-04,09292000,40797.44,0.0,333.2,8.01,-2.15,521.64,2.93,9292000.0,0.99675136
2004-10-05,09292000,40633.84,4.67,260.4,8.77,-2.15,521.52,3.31,9292000.0,0.90047424
2004-10-06,09292000,40470.68,0.0,373.98,9.6,-2.64,503.02,3.4799999999999995,9292000.0,0.849504
2004-10-07,09292000,40307.99,0.0,392.74,10.93,-2.65,502.68,4.14,9292000.0,0.7928704
2004-10-08,09292000,40145.81,0.0,398.2,12.4,-1.84,533.66,5.28,9292000.0,0.7334051199999999
2004-10-09,09292000,39984.15,0.0,364.61,11.11,-1.05,565.46,5.029999999999999,9292000.0,0.71075168
2004-10-10,09292000,39823.06,0.0,310.97,7.76,-1.77,536.47,2.995,9292000.0,0.6682764800000001
2004-10-11,09292000,39662.57,0.0,368.0,10.31,-2.14,521.99,4.085,9292000.0,0.62863296
2004-10-12,09292000,39502.72,0.0,352.09,9.55,-2.13,522.38,3.71,9292000.0,0.58898944
2004-10-13,09292000,39343.54,0.0,330.76,7.2,-3.49,471.92,1.855,9292000.0,0.5691676800000001
2004-10-14,09292000,39185.06,0.0,341.61,11.35,-0.23,600.63,5.56,9292000.0,0.52952416
2004-10-15,09292000,39027.33,0.0,302.97,10.38,0.75,645.05,5.565,9292000.0,0.495544
2004-10-16,09292000,38870.38,0.0,339.39,11.62,0.15,606.51,5.885,9292000.0,0.45873216
2004-10-17,09292000,38714.24,6.16,186.69,4.98,-2.45,510.17,1.265,9292000.0,0.4530688
2004-10-18,09292000,38558.97,16.07,197.98,2.57,-5.38,409.29,-1.405,9292000.0,0.6342963199999999
2004-10-19,09292000,38404.6,30.12,136.16,1.81,-3.43,474.1,-0.81,9292000.0,0.8608307199999999
2004-10-20,09292000,38251.17,59.96,67.24,0.44,-1.87,532.33,-0.7150000000000001,9292000.0,1.98783936
2004-10-21,09292000,38098.72,22.51,92.91,0.77,-2.6,504.32,-0.915,9292000.0,2.0671264
2004-10-22,09292000,37947.29,9.31,252.01,-0.45,-9.73,292.04,-5.09,9292000.0,0.90330592
2004-10-23,09292000,37796.93,6.73,279.61,2.92,-8.18,329.78,-2.63,9292000.0,0.93162272
2004-10-24,09292000,37647.69,5.2,237.4,2.12,-6.53,374.9,-2.205,9292000.0,1.33655296
2004-10-25,09292000,37499.61,20.58,113.79,-0.6,-4.25,445.74,-2.425,9292000.0,1.3677014399999998
2004-10-26,09292000,37352.73,7.99,159.04,0.72,-4.45,439.21,-1.865,9292000.0,1.2855827199999998
2004-10-27,09292000,37207.1,21.62,101.55,1.03,-2.09,523.7,-0.5299999999999999,9292000.0,1.29690944
2004-10-28,09292000,37062.77,15.32,271.17,-1.17,-11.14,261.11,-6.155,9292000.0,1.6140576
2004-10-29,09292000,36919.79,8.96,291.17,0.27,-11.46,254.43,-5.595000000000001,9292000.0,1.30540448
2004-10-30,09292000,36778.21,4.4,311.8,2.88,-11.82,247.31,-4.470000000000001,9292000.0,1.1694838399999998
2004-10-31,09292000,36638.08,0.0,361.61,-4.68,-15.05,189.86,-9.865,9292000.0,1.17797888
2004-11-01,09292000,36499.45,4.3,286.61,-4.69,-16.6,166.93,-10.645,9292000.0,0.98542464
2004-11-02,09292000,36362.38,4.2,322.66,9.03,-12.01,243.43,-1.4900000000000002,9292000.0,1.19780064
2004-11-03,09292000,36226.91,0.0,410.6,8.55,-8.05,333.17,0.25,9292000.0,1.12417696
2004-11-04,09292000,36093.1,0.0,396.26,6.27,-8.76,315.25,-1.245,9292000.0,1.01657312
2004-11-05,09292000,35961.0,0.0,401.62,9.37,-7.29,353.51,1.0399999999999996,9292000.0,0.94578112
2004-11-06,09292000,35830.68,0.0,402.77,11.38,-6.54,374.62,2.4200000000000004,9292000.0,0.94578112
2004-11-07,09292000,35702.18,3.67,292.57,12.03,-5.3,411.66,3.365,9292000.0,0.95427616
2004-11-08,09292000,35575.56,10.24,91.73,1.55,-1.84,533.81,-0.145,9292000.0,1.10152352
2004-11-09,09292000,35450.88,12.31,139.38,1.55,-3.76,462.53,-1.105,9292000.0,1.34787968
2004-11-10,09292000,35328.19,3.63,157.82,1.52,-4.52,436.8,-1.4999999999999998,9292000.0,1.21479072
2004-11-11,09292000,35207.56,5.27,161.37,0.45,-5.69,399.76,-2.62,9292000.0,1.20912736
2004-11-12,09292000,35089.04,8.25,176.75,0.48,-6.29,381.69,-2.905,9292000.0,1.20912736
2004-11-13,09292000,34972.69,2.84,267.03,3.02,-10.2,281.47,-3.59,9292000.0,1.1411670399999998
2004-11-14,09292000,34858.56,2.73,282.83,4.28,-12.29,238.01,-4.004999999999999,9292000.0,0.96843456
2004-11-15,09292000,34746.73,0.0,385.54,6.54,-12.36,236.64,-2.91,9292000.0,0.95144448
2004-11-16,09292000,34637.23,0.0,369.05,7.86,-8.83,313.61,-0.4849999999999999,9292000.0,1.01657312
2004-11-17,09292000,34530.14,0.0,364.11,7.27,-9.6,294.98,-1.165,9292000.0,1.00807808
2004-11-18,09292000,34425.52,0.0,360.65,6.77,-10.35,278.02,-1.79,9292000.0,0.83817728
2004-11-19,09292000,34323.41,0.0,355.64,-1.38,-18.16,146.28,-9.77,9292000.0,0.9061376
2004-11-20,09292000,34223.88,0.0,325.32,-5.2,-19.18,134.09,-12.19,9292000.0,0.67393984
2004-11-21,09292000,34126.99,0.0,338.69,0.07,-15.92,176.72,-7.925,9292000.0,1.0477216
2004-11-22,09292000,34032.78,0.0,335.25,3.29,-12.9,226.57,-4.805,9292000.0,0.96560288
2004-11-23,09292000,33941.33,0.0,303.08,-1.75,-15.18,187.84,-8.465,9292000.0,0.849504
2004-11-24,09292000,33852.69,0.0,291.28,-0.36,-13.37,218.03,-6.864999999999999,9292000.0,0.8070288
2004-11-25,09292000,33766.9,0.0,228.84,2.43,-7.13,357.89,-2.35,9292000.0,0.85233568
2004-11-26,09292000,33684.02,0.0,276.51,-4.25,-16.77,164.55,-10.51,9292000.0,0.73906848
2004-11-27,09292000,33604.12,6.62,131.18,-7.54,-14.62,196.79,-11.08,9292000.0,0.70792
2004-11-28,09292000,33527.23,0.0,234.74,-10.93,-20.81,116.37,-15.87,9292000.0,0.6796032
2004-11-29,09292000,33453.41,0.0,291.98,-7.73,-21.42,110.33,-14.575,9292000.0,0.6796032
2004-11-30,09292000,33382.71,0.0,316.05,-1.03,-17.72,151.83,-9.375,9292000.0,0.6796032
2004-12-01,09292000,33315.18,0.0,274.96,-7.37,-20.25,122.21,-13.81,9292000.0,0.6512864
2004-12-02,09292000,33250.86,0.0,317.43,-1.87,-19.0,136.14,-10.435,9292000.0,0.6512864
2004-12-03,09292000,33189.79,0.0,297.1,2.02,-13.06,223.71,-5.5200000000000005,9292000.0,0.6512864
2004-12-04,09292000,33132.03,0.0,291.15,1.47,-13.12,222.5,-5.824999999999999,9292000.0,0.6229696
2004-12-05,09292000,33077.61,0.0,296.4,-1.28,-16.33,170.66,-8.805,9292000.0,0.5946528
2004-12-06,09292000,33026.56,0.0,273.09,-5.48,-18.33,144.21,-11.905,9292000.0,0.566336
2004-12-07,09292000,32978.94,3.98,144.33,-5.85,-13.84,209.77,-9.845,9292000.0,0.5380192
2004-12-08,09292000,32934.76,16.89,140.4,-3.87,-11.65,250.72,-7.76,9292000.0,0.5097024
2004-12-09,09292000,32894.07,8.25,79.56,-1.25,-5.48,406.31,-3.365,9292000.0,0.4813855999999999
2004-12-10,09292000,32856.9,0.0,266.08,6.42,-6.3,381.34,0.06,9292000.0,0.4813855999999999
2004-12-11,09292000,32823.26,0.0,268.31,8.11,-5.14,416.81,1.485,9292000.0,0.4530688
2004-12-12,09292000,32793.2,0.0,258.43,6.74,-5.99,390.54,0.375,9292000.0,0.424752
2004-12-13,09292000,32766.72,0.0,247.8,2.7,-9.11,306.75,-3.205,9292000.0,0.3964352
2004-12-14,09292000,32743.86,0.0,285.48,4.81,-10.09,283.87,-2.64,9292000.0,0.3964352
2004-12-15,09292000,32724.62,0.0,218.71,-2.74,-12.41,235.7,-7.575,9292000.0,0.424752
2004-12-16,09292000,32709.02,0.0,308.61,0.9,-16.24,172.01,-7.669999999999999,9292000.0,0.4813855999999999
2004-12-17,09292000,32697.08,0.0,256.84,2.4,-9.7,292.69,-3.65,9292000.0,0.4813855999999999
2004-12-18,09292000,32688.8,0.0,263.13,3.57,-8.92,311.33,-2.675,9292000.0,0.4530688
2004-12-19,09292000,32684.19,0.0,289.69,7.61,-7.35,351.83,0.1300000000000003,9292000.0,0.424752
2004-12-20,09292000,32683.26,0.0,290.59,-1.03,-15.65,180.64,-8.34,9292000.0,0.3681184
2004-12-21,09292000,32686.0,0.0,283.09,-6.97,-20.64,118.15,-13.805,9292000.0,0.3398016
2004-12-22,09292000,32692.41,0.0,240.12,-12.48,-22.83,97.42,-17.655,9292000.0,0.3114848
2004-12-23,09292000,32702.49,0.0,290.05,-9.66,-23.69,90.21,-16.675,9292000.0,0.3398016
2004-12-24,09292000,32716.23,4.07,216.52,2.37,-12.03,243.02,-4.83,9292000.0,0.3681184
2004-12-25,09292000,32733.61,0.0,293.25,4.65,-10.26,280.11,-2.805,9292000.0,0.3681184
2004-12-26,09292000,32754.64,0.0,267.75,1.97,-10.54,273.9,-4.284999999999999,9292000.0,0.3964352
2004-12-27,09292000,32779.28,4.83,82.65,-2.93,-7.26,354.29,-5.095,9292000.0,0.3964352
2004-12-28,09292000,32807.52,9.64,112.45,-1.98,-7.91,336.9,-4.945,9292000.0,0.3964352
2004-12-29,09292000,32839.34,24.88,108.24,-3.65,-9.09,307.14,-6.37,9292000.0,0.3964352
2004-12-30,09292000,32874.72,9.95,91.78,-5.41,-9.76,291.47,-7.585,9292000.0,0.3681184
2004-12-31,09292000,0.0,0.0,0.0,0.0,0.0,0.0,0.0,9292000.0,0.3681184
2005-01-01,09292000,32913.8,4.43,147.0,-6.52,-13.32,218.97,-9.92,9292000.0,0.3681184
2005-01-02,09292000,32956.22,4.68,187.79,-6.13,-15.2,187.52,-10.665,9292000.0,0.3398016
2005-01-03,09292000,33002.11,5.54,115.5,-5.05,-10.21,281.29,-7.630000000000001,9292000.0,0.3398016
2005-01-04,09292000,33051.44,10.33,110.26,-3.65,-8.51,321.56,-6.08,9292000.0,0.3398016
2005-01-05,09292000,33104.16,0.0,322.65,-3.45,-16.32,170.81,-9.885,9292000.0,0.3398016
2005-01-06,09292000,33160.24,0.0,338.49,-6.81,-20.81,116.44,-13.81,9292000.0,0.3681184
2005-01-07,09292000,33219.65,5.61,258.09,-6.98,-21.53,109.33,-14.255,9292000.0,0.424752
2005-01-08,09292000,33282.33,24.69,158.94,-5.79,-12.71,230.08,-9.25,9292000.0,0.5380192
2005-01-09,09292000,33348.25,27.98,100.76,-2.31,-6.44,377.28,-4.375,9292000.0,0.5946528
2005-01-10,09292000,33417.36,23.54,124.22,0.68,-4.51,437.18,-1.915,9292000.0,0.6796032
2005-01-11,09292000,33489.61,21.5,172.18,-1.81,-9.03,308.67,-5.42,9292000.0,0.70792
2005-01-12,09292000,33564.96,0.0,282.99,-6.37,-15.49,183.18,-10.93,9292000.0,0.70792
2005-01-13,09292000,33643.35,0.0,268.94,-4.42,-12.92,226.12,-8.67,9292000.0,0.6796032
2005-01-14,09292000,33724.73,0.0,327.6,-2.04,-13.19,221.2,-7.615,9292000.0,0.6512864
2005-01-15,09292000,33809.06,0.0,352.98,-0.03,-12.63,231.67,-6.33,9292000.0,0.6512864
2005-01-16,09292000,33896.27,0.0,322.55,2.23,-8.56,320.15,-3.165,9292000.0,0.6512864
2005-01-17,09292000,33986.31,0.0,361.38,3.37,-9.53,296.71,-3.08,9292000.0,0.6796032
2005-01-18,09292000,34079.13,0.0,370.46,5.64,-7.83,338.87,-1.0950000000000002,9292000.0,0.70792
2005-01-19,09292000,34174.68,0.0,385.33,9.12,-5.6,402.32,1.7599999999999998,9292000.0,0.6796032
2005-01-20,09292000,34272.88,0.0,394.59,11.2,-4.35,442.65,3.425,9292000.0,0.6512864
2005-01-21,09292000,34373.7,0.0,401.35,7.02,-8.5,321.73,-0.7400000000000002,9292000.0,0.6229696
2005-01-22,09292000,34477.06,0.0,424.54,10.24,-8.22,328.81,1.0099999999999998,9292000.0,0.5946528
2005-01-23,09292000,34582.92,0.0,425.62,10.28,-7.58,345.71,1.3499999999999996,9292000.0,0.566336
2005-01-24,09292000,34691.2,0.0,429.1,9.89,-8.0,334.53,0.9450000000000004,9292000.0,0.5946528
2005-01-25,09292000,34801.87,0.0,434.82,6.62,-11.21,259.66,-2.2950000000000004,9292000.0,0.5946528
2005-01-26,09292000,34914.85,0.0,378.04,0.67,-11.57,252.23,-5.45,9292000.0,0.5946528
2005-01-27,09292000,35030.08,4.53,154.54,-0.34,-5.99,390.73,-3.165,9292000.0,0.6229696
2005-01-28,09292000,35147.52,0.0,378.36,1.0,-10.95,265.11,-4.975,9292000.0,0.6229696
2005-01-29,09292000,35267.09,0.0,380.66,-0.78,-12.57,232.62,-6.675,9292000.0,0.6229696
2005-01-30,09292000,35388.75,0.0,387.56,-1.67,-13.64,213.23,-7.655,9292000.0,0.6229696
2005-01-31,09292000,35512.43,0.0,447.24,-1.49,-17.92,149.33,-9.705,9292000.0,0.6512864
2005-02-01,09292000,35638.08,0.0,391.61,-1.96,-14.19,203.91,-8.075,9292000.0,0.6512864
2005-02-02,09292000,35765.64,0.0,458.02,2.92,-14.61,197.0,-5.845,9292000.0,0.6796032
2005-02-03,09292000,35895.05,0.0,445.37,6.64,-9.96,286.74,-1.6600000000000006,9292000.0,0.6796032
2005-02-04,09292000,36026.26,0.0,456.96,4.82,-12.58,232.5,-3.88,9292000.0,0.6796032
2005-02-05,09292000,36159.21,0.0,461.6,1.81,-15.63,180.93,-6.91,9292000.0,0.70792
2005-02-06,09292000,36293.85,5.7,353.46,1.35,-17.08,160.23,-7.864999999999999,9292000.0,0.70792
2005-02-07,09292000,36430.12,5.73,329.54,-0.88,-16.13,173.58,-8.504999999999999,9292000.0,0.7362368
2005-02-08,09292000,36567.97,0.0,440.43,-4.37,-19.47,130.77,-11.92,9292000.0,0.7645535999999999
2005-02-09,09292000,36707.35,0.0,476.71,1.02,-17.27,157.68,-8.125,9292000.0,0.7645535999999999
2005-02-10,09292000,36848.2,0.0,480.48,5.11,-13.84,209.76,-4.365,9292000.0,0.7928704
2005-02-11,09292000,36990.48,6.64,309.33,0.77,-13.14,222.12,-6.1850000000000005,9292000.0,0.7645535999999999
2005-02-12,09292000,37134.14,3.58,302.31,3.88,-9.58,295.54,-2.85,9292000.0,0.7362368
2005-02-13,09292000,37279.12,0.0,425.06,3.51,-10.82,267.94,-3.655,9292000.0,0.7362368
2005-02-14,09292000,37425.37,8.37,214.47,1.31,-7.2,355.92,-2.9450000000000003,9292000.0,0.70792
2005-02-15,09292000,37572.85,0.0,475.41,-2.47,-19.09,135.04,-10.78,9292000.0,0.70792
2005-02-16,09292000,37721.52,0.0,493.84,-0.77,-18.64,140.4,-9.705,9292000.0,0.70792
2005-02-17,09292000,37871.32,0.0,544.25,5.05,-18.39,143.47,-6.67,9292000.0,0.70792
2005-02-18,09292000,38022.21,7.42,351.92,3.07,-13.33,218.76,-5.13,9292000.0,0.70792
2005-02-19,09292000,38174.15,5.81,216.34,-0.96,-9.34,301.2,-5.15,9292000.0,0.6796032
2005-02-20,09292000,38327.09,6.33,299.23,-0.69,-12.81,228.14,-6.75,9292000.0,0.6796032
2005-02-21,09292000,38481.0,2.47,367.76,2.34,-14.16,204.34,-5.91,9292000.0,0.70792
2005-02-22,09292000,38635.82,3.75,331.9,1.14,-12.44,235.21,-5.65,9292000.0,0.7192467199999999
2005-02-23,09292000,38791.52,0.0,533.38,2.86,-15.58,181.73,-6.36,9292000.0,0.7419001599999999
2005-02-24,09292000,38948.06,0.0,561.71,4.76,-16.06,174.57,-5.65,9292000.0,0.93728608
2005-02-25,09292000,39105.41,0.0,561.21,5.04,-15.65,180.74,-5.305,9292000.0,1.02789984
2005-02-26,09292000,39263.51,0.0,531.19,2.95,-15.25,186.82,-6.15,9292000.0,0.88348416
2005-02-27,09292000,39422.34,0.0,553.89,3.33,-16.43,169.35,-6.55,9292000.0,0.9486128
2005-02-28,09292000,39581.86,3.25,400.42,3.35,-15.15,188.38,-5.9,9292000.0,0.849504
2005-03-01,09292000,39742.04,0.0,471.05,-0.07,-14.64,196.55,-7.355,9292000.0,0.71358336
2005-03-02,09292000,39902.83,0.0,564.54,6.09,-14.12,205.01,-4.015,9292000.0,0.79570208
2005-03-03,09292000,40064.2,0.0,551.55,5.46,-13.53,215.18,-4.035,9292000.0,0.778712
2005-03-04,09292000,40226.13,0.0,512.87,4.78,-11.63,251.1,-3.4250000000000003,9292000.0,0.62863296
2005-03-05,09292000,40388.57,0.0,560.87,5.7,-13.44,216.77,-3.87,9292000.0,0.6342963199999999
2005-03-06,09292000,40551.49,0.0,551.51,5.45,-12.75,229.27,-3.65,9292000.0,0.67393984
2005-03-07,09292000,40714.87,0.0,370.19,4.91,-5.4,408.77,-0.2450000000000001,9292000.0,0.67677152
2005-03-08,09292000,40878.67,0.0,311.54,3.82,-4.46,438.97,-0.32,9292000.0,0.69942496
2005-03-09,09292000,41042.87,0.0,458.66,8.67,-4.34,442.75,2.165,9292000.0,0.71075168
2005-03-10,09292000,41207.42,0.0,487.46,5.63,-8.16,330.41,-1.265,9292000.0,0.7503952
2005-03-11,09292000,41372.31,0.0,586.11,9.9,-8.8,314.26,0.5499999999999998,9292000.0,0.7673852800000001
2005-03-12,09292000,41537.49,0.0,551.12,7.51,-8.8,314.14,-0.6450000000000005,9292000.0,0.84384064
2005-03-13,09292000,41702.95,0.0,488.28,-2.67,-15.81,178.29,-9.24,9292000.0,0.8608307199999999
2005-03-14,09292000,41868.66,0.0,529.79,-6.0,-20.55,119.01,-13.275,9292000.0,0.8636623999999999
2005-03-15,09292000,42034.58,0.0,560.4,-1.47,-17.37,156.39,-9.42,9292000.0,1.04488992
2005-03-16,09292000,42200.7,0.0,485.53,1.68,-11.26,258.52,-4.79,9292000.0,0.94578112
2005-03-17,09292000,42366.97,0.0,369.92,-1.71,-10.79,268.55,-6.25,9292000.0,0.778712
2005-03-18,09292000,42533.38,0.0,570.97,2.15,-13.66,212.89,-5.755,9292000.0,0.75322688
2005-03-19,09292000,42699.89,3.86,377.1,4.06,-8.85,312.91,-2.395,9292000.0,0.7560585599999999
2005-03-20,09292000,42866.49,9.05,328.82,0.12,-10.42,276.53,-5.15,9292000.0,0.78720704
2005-03-21,09292000,43033.14,6.07,454.53,1.87,-15.07,189.62,-6.6,9292000.0,0.778712
2005-03-22,09292000,43199.82,13.1,455.37,0.9,-16.03,175.04,-7.565,9292000.0,0.69659328
2005-03-23,09292000,43366.49,18.74,344.34,0.46,-10.61,272.31,-5.074999999999999,9292000.0,0.7617219199999999
2005-03-24,09292000,43533.14,12.61,415.74,2.93,-11.32,257.31,-4.195,9292000.0,0.71358336
2005-03-25,09292000,43699.74,6.01,428.61,1.94,-12.69,230.39,-5.375,9292000.0,0.69659328
2005-03-26,09292000,43866.26,0.0,671.29,3.92,-15.38,184.8,-5.73,9292000.0,0.72774176
2005-03-27,09292000,44032.67,4.96,509.04,8.71,-11.56,252.47,-1.4249999999999998,9292000.0,0.67677152
2005-03-28,09292000,44198.94,9.65,269.52,-1.16,-8.98,309.74,-5.07,9292000.0,0.71358336
2005-03-29,09292000,44365.05,4.07,485.56,2.29,-14.72,195.19,-6.215,9292000.0,0.6512864
2005-03-30,09292000,44530.98,3.84,405.52,-3.82,-16.14,173.45,-9.98,9292000.0,0.62863296
2005-03-31,09292000,44696.68,0.0,673.63,0.5,-17.15,159.32,-8.325,9292000.0,0.7928704
2005-04-01,09292000,44862.15,0.0,732.06,9.58,-12.63,231.6,-1.5250000000000004,9292000.0,0.6654448
2005-04-02,09292000,45027.33,0.0,666.53,9.17,-8.16,330.31,0.5049999999999999,9292000.0,0.67677152
2005-04-03,09292000,45192.22,0.0,579.05,8.0,-5.47,406.62,1.265,9292000.0,0.7362368
2005-04-04,09292000,45356.77,0.0,594.08,3.35,-10.16,282.24,-3.405,9292000.0,0.7673852800000001
2005-04-05,09292000,45520.97,0.0,717.99,6.71,-12.63,231.49,-2.9600000000000004,9292000.0,0.7192467199999999
2005-04-06,09292000,45684.77,0.0,737.52,12.28,-9.27,299.9,1.505,9292000.0,0.8070288
2005-04-07,09292000,45848.15,11.06,479.26,9.49,-6.46,376.81,1.515,9292000.0,0.99958304
2005-04-08,09292000,46011.08,16.74,501.47,3.83,-13.14,222.12,-4.655,9292000.0,1.14966208
2005-04-09,09292000,46173.52,0.0,645.13,2.81,-12.82,228.12,-5.005,9292000.0,1.02223648
2005-04-10,09292000,46335.44,0.0,619.38,2.55,-11.89,245.89,-4.67,9292000.0,0.94011776
2005-04-11,09292000,46496.82,0.0,753.44,5.75,-15.82,170.47,-5.035,9292000.0,0.92879104
2005-04-12,09292000,46657.61,0.0,720.8,8.6,-10.75,239.33,-1.0750000000000002,9292000.0,0.99391968
2005-04-13,09292000,46817.79,0.0,595.85,7.66,-6.17,368.93,0.7450000000000001,9292000.0,1.13833536
2005-04-14,09292000,46977.31,0.0,632.36,5.19,-9.72,281.64,-2.265,9292000.0,1.25726592
2005-04-15,09292000,47136.14,0.0,743.8,9.39,-11.25,223.92,-0.9299999999999996,9292000.0,1.34221632
2005-04-16,09292000,47294.25,0.0,706.1,10.71,-7.87,292.83,1.4200000000000004,9292000.0,1.51211712
2005-04-17,09292000,47451.59,0.0,584.73,11.36,-2.33,475.79,4.515,9292000.0,1.94819584
2005-04-18,09292000,47608.14,0.0,521.12,7.75,-3.88,455.02,1.935,9292000.0,2.22570048
2005-04-19,09292000,47763.84,0.0,543.6,4.9,-7.24,354.89,-1.17,9292000.0,1.85758208
2005-04-20,09292000,47918.67,3.43,457.94,2.57,-11.54,252.93,-4.484999999999999,9292000.0,1.44698848
2005-04-21,09292000,48072.57,0.0,669.18,4.66,-11.37,243.55,-3.3549999999999995,9292000.0,1.2317808
2005-04-22,09292000,48225.52,0.0,712.87,7.77,-10.42,246.99,-1.3250000000000002,9292000.0,1.19780064
2005-04-23,09292000,48377.46,0.0,668.0,9.49,-6.75,329.69,1.37,9292000.0,1.35637472
2005-04-24,09292000,48528.35,18.34,202.43,2.1,-3.36,476.81,-0.6299999999999999,9292000.0,1.89439392
2005-04-25,09292000,48678.16,0.0,606.03,7.84,-5.73,388.65,1.0549999999999995,9292000.0,2.34463104
2005-04-26,09292000,48826.82,0.0,696.91,9.59,-7.15,326.02,1.2199999999999998,9292000.0,2.32764096
2005-04-27,09292000,48974.31,0.0,687.5,10.16,-6.37,345.39,1.895,9292000.0,2.18888864
2005-04-28,09292000,49120.57,7.61,399.56,5.6,-5.79,396.75,-0.0950000000000002,9292000.0,1.67918624
2005-04-29,09292000,49265.55,0.0,566.78,2.25,-9.83,289.73,-3.79,9292000.0,1.5149488
2005-04-30,09292000,49409.2,5.67,441.48,4.48,-8.23,328.53,-1.875,9292000.0,1.3592064
2005-05-01,09292000,49551.49,8.57,494.87,5.11,-9.66,293.74,-2.275,9292000.0,1.33372128
2005-05-02,09292000,49692.34,3.94,542.93,7.97,-9.43,299.07,-0.73,9292000.0,1.1893056
2005-05-03,09292000,49831.73,0.0,760.83,9.62,-9.52,271.38,0.0499999999999998,9292000.0,1.1411670399999998
2005-05-04,09292000,49969.58,3.12,477.08,9.56,-4.64,432.94,2.4600000000000004,9292000.0,1.08170176
2005-05-05,09292000,50105.86,8.63,361.73,8.27,-1.48,548.06,3.395,9292000.0,1.3875232
2005-05-06,09292000,50240.5,9.1,405.62,7.16,-3.71,464.39,1.725,9292000.0,2.45506656
2005-05-07,09292000,50373.45,4.11,388.96,5.05,-5.08,418.84,-0.0150000000000001,9292000.0,2.0954432
2005-05-08,09292000,50504.67,2.97,542.6,10.61,-5.97,391.17,2.32,9292000.0,1.73298816
2005-05-09,09292000,50634.08,6.26,383.74,8.85,-1.08,564.48,3.885,9292000.0,1.80378016
2005-05-10,09292000,50761.65,15.28,340.76,2.54,-5.84,395.21,-1.65,9292000.0,2.35595776
2005-05-11,09292000,50887.3,12.2,450.65,5.26,-6.31,381.33,-0.5249999999999999,9292000.0,2.49754176
2005-05-12,09292000,51010.98,4.62,515.63,6.63,-7.36,351.59,-0.3650000000000002,9292000.0,1.8972256
2005-05-13,09292000,51132.65,2.91,554.69,10.35,-5.88,394.0,2.235,9292000.0,1.6933446399999998
2005-05-14,09292000,51252.23,0.0,770.63,12.35,-5.23,390.39,3.56,9292000.0,1.91421568
2005-05-15,09292000,51369.66,0.0,804.32,15.9,-3.8,415.16,6.050000000000001,9292000.0,2.61080896
2005-05-16,09292000,51484.91,6.15,475.01,10.86,-1.53,546.09,4.665,9292000.0,4.105936
2005-05-17,09292000,51597.89,5.15,455.06,6.39,-5.02,420.71,0.685,9292000.0,5.5784096
2005-05-18,09292000,51708.56,0.0,714.02,12.43,-2.41,493.58,5.01,9292000.0,5.5784096
2005-05-19,09292000,51816.85,0.0,701.71,15.67,0.97,619.93,8.32,9292000.0,7.1358336
2005-05-20,09292000,51922.71,0.0,712.49,16.95,1.76,639.29,9.355,9292000.0,10.1090976
2005-05-21,09292000,52026.08,0.0,723.13,15.91,0.5,579.09,8.205,9292000.0,14.299984
2005-05-22,09292000,52126.9,0.0,769.07,17.5,0.06,534.47,8.78,9292000.0,21.096016
2005-05-23,09292000,52225.11,0.0,710.77,17.03,2.1,637.7,9.565,9292000.0,28.3168
2005-05-24,09292000,52320.66,0.0,685.1,15.22,1.05,604.17,8.135,9292000.0,33.696992
2005-05-25,09292000,52413.49,0.0,738.06,14.23,-1.84,479.45,6.195,9292000.0,37.095008
2005-05-26,09292000,52503.54,0.0,762.58,13.88,-3.2,428.85,5.34,9292000.0,34.829664
2005-05-27,09292000,52590.76,0.0,762.07,14.52,-2.53,447.83,5.995,9292000.0,35.962336
2005-05-28,09292000,52675.09,0.0,744.55,14.86,-1.61,482.27,6.625,9292000.0,35.962336
2005-05-29,09292000,52756.48,0.0,633.35,12.69,0.01,586.25,6.35,9292000.0,38.510848
2005-05-30,09292000,52834.87,5.42,470.68,10.1,-2.4,511.87,3.85,9292000.0,33.98016
2005-05-31,09292000,52910.23,4.7,546.62,11.15,-4.76,428.96,3.1950000000000003,9292000.0,27.2124448
2005-06-01,09292000,52982.49,0.0,466.43,8.41,-0.05,608.62,4.18,9292000.0,27.5522464
2005-06-02,09292000,53051.6,0.0,576.41,8.52,-2.12,522.74,3.2,9292000.0,28.883136
2005-06-03,09292000,53117.53,0.0,402.56,4.87,-1.99,527.65,1.44,9292000.0,26.5894752
2005-06-04,09292000,53180.22,0.0,637.2,10.15,-1.93,521.09,4.11,9292000.0,20.6995808
2005-06-05,09292000,53239.63,0.0,660.55,10.59,-2.16,504.28,4.215,9292000.0,21.94552
2005-06-06,09292000,53295.72,0.0,458.26,7.73,-0.28,598.46,3.725,9292000.0,23.6728448
2005-06-07,09292000,53348.45,0.0,481.46,4.37,-3.84,459.89,0.2650000000000001,9292000.0,21.4641344
2005-06-08,09292000,53397.78,7.09,440.25,5.64,-4.89,424.83,0.375,9292000.0,16.6502784
2005-06-09,09292000,53443.68,0.0,687.27,9.16,-4.15,438.3,2.505,9292000.0,15.7441408
2005-06-10,09292000,53486.11,2.48,470.76,7.51,-4.2,447.42,1.6549999999999998,9292000.0,15.8007744
2005-06-11,09292000,53525.04,5.3,493.16,7.75,-4.73,429.86,1.5099999999999998,9292000.0,14.583152
2005-06-12,09292000,53560.44,0.0,422.87,5.74,-1.32,554.58,2.21,9292000.0,13.5637472
2005-06-13,09292000,53592.28,0.0,731.59,11.48,-2.98,463.45,4.25,9292000.0,13.6486976
2005-06-14,09292000,53620.55,0.0,776.31,14.66,-1.67,485.93,6.495,9292000.0,15.6308736
2005-06-15,09292000,53645.21,0.0,689.25,14.87,1.65,645.2,8.26,9292000.0,22.795024
2005-06-16,09292000,53666.26,0.0,688.19,15.25,1.99,659.24,8.62,9292000.0,30.298976
2005-06-17,09292000,53683.67,0.0,551.01,14.22,4.53,844.03,9.375,9292000.0,35.396
2005-06-18,09292000,53697.43,0.0,616.67,14.66,3.57,765.0,9.115,9292000.0,39.077184
2005-06-19,09292000,53707.54,0.0,651.86,16.36,4.39,775.29,10.375,9292000.0,39.077184
2005-06-20,09292000,53713.97,2.74,511.81,18.04,4.92,862.96,11.48,9292000.0,33.696992
2005-06-21,09292000,53716.74,0.0,731.45,19.48,5.07,734.75,12.275,9292000.0,31.14848
2005-06-22,09292000,53715.83,4.2,550.57,18.04,3.35,722.01,10.695,9292000.0,32.56432
2005-06-23,09292000,53711.24,7.38,534.68,16.51,2.73,695.06,9.62,9292000.0,32.847488
2005-06-24,09292000,53702.99,0.0,699.1,15.19,2.33,605.39,8.76,9292000.0,29.73264
2005-06-25,09292000,53691.07,11.13,526.36,14.24,1.2,637.95,7.72,9292000.0,25.0320512
2005-06-26,09292000,53675.5,3.46,498.86,12.57,0.83,645.73,6.7,9292000.0,21.7473024
2005-06-27,09292000,53656.28,0.0,731.73,14.68,1.21,548.93,7.945,9292000.0,18.7174048
2005-06-28,09292000,53633.44,5.37,484.3,12.73,1.62,677.68,7.175000000000001,9292000.0,17.5280992
2005-06-29,09292000,53606.99,0.0,735.54,13.6,0.1,507.91,6.85,9292000.0,16.706912
2005-06-30,09292000,53576.95,0.0,799.33,16.37,0.06,472.24,8.215,9292000.0,14.86632
2005-07-01,09292000,53543.34,0.0,751.05,17.57,3.02,597.06,10.295,9292000.0,14.4132512
2005-07-02,09292000,53506.18,0.0,719.71,18.64,4.99,695.21,11.815,9292000.0,15.2344384
2005-07-03,09292000,53465.52,0.0,692.92,15.89,3.07,634.45,9.48,9292000.0,15.1778048
2005-07-04,09292000,53421.36,0.0,747.8,17.36,2.54,580.68,9.95,9292000.0,14.3566176
2005-07-05,09292000,53373.76,0.0,706.51,17.59,4.13,668.06,10.86,9292000.0,13.9884992
2005-07-06,09292000,53322.74,0.0,702.11,18.1,4.57,688.89,11.335,9292000.0,13.733648
2005-07-07,09292000,53268.34,0.0,726.63,20.14,5.46,686.95,12.8,9292000.0,13.4787968
2005-07-08,09292000,53210.6,0.0,738.11,21.28,6.0,662.11,13.64,9292000.0,12.8558272
2005-07-09,09292000,53149.56,0.0,669.21,19.52,6.59,744.05,13.055,9292000.0,12.74256
2005-07-10,09292000,53085.26,0.0,612.65,18.11,6.75,799.58,12.43,9292000.0,12.5726592
2005-07-11,09292000,53017.74,0.0,722.12,20.5,5.75,666.31,13.125,9292000.0,11.8364224
2005-07-12,09292000,52947.06,0.0,757.09,23.62,6.87,680.26,15.245,9292000.0,11.3550368
2005-07-13,09292000,52873.26,0.0,723.37,24.02,8.54,784.39,16.28,9292000.0,10.8736512
2005-07-14,09292000,52796.4,0.0,705.71,23.03,8.32,791.97,15.675,9292000.0,10.4205824
2005-07-15,09292000,52716.51,0.0,731.97,23.19,7.4,726.72,15.295000000000002,9292000.0,10.1657312
2005-07-16,09292000,52633.66,0.0,681.01,23.44,9.26,862.62,16.35,9292000.0,9.5993952
2005-07-17,09292000,52547.89,0.0,631.98,19.47,6.87,789.43,13.17,9292000.0,9.6843456
2005-07-18,09292000,52459.26,0.0,768.04,21.94,3.85,558.55,12.895,9292000.0,9.1180096
2005-07-19,09292000,52367.82,0.0,698.06,22.68,7.28,750.1,14.98,9292000.0,8.6649408
2005-07-20,09292000,52273.64,0.0,676.76,24.03,9.1,847.41,16.565,9292000.0,8.2401888
2005-07-21,09292000,52176.77,0.0,661.37,23.31,8.86,850.91,16.085,9292000.0,8.0419712
2005-07-22,09292000,52077.25,0.0,623.38,22.37,9.12,903.27,15.745,9292000.0,7.702169599999999
2005-07-23,09292000,51975.16,0.0,557.71,17.48,6.3,817.99,11.89,9292000.0,8.1269216
2005-07-24,09292000,51870.55,6.0,439.84,17.95,5.78,836.74,11.865,9292000.0,8.4384064
2005-07-25,09292000,51763.48,0.0,620.41,16.82,3.92,638.54,10.37,9292000.0,8.4100896
2005-07-26,09292000,51654.0,0.0,681.03,16.42,1.41,509.73,8.915000000000001,9292000.0,7.4473184
2005-07-27,09292000,51542.18,0.0,711.78,19.07,2.45,521.11,10.76,9292000.0,6.6261312
2005-07-28,09292000,51428.07,0.0,719.07,21.0,3.59,534.06,12.295,9292000.0,6.0597952
2005-07-29,09292000,51311.73,0.0,643.92,21.24,6.63,709.95,13.935,9292000.0,5.7483104
2005-07-30,09292000,51193.22,5.91,421.39,18.85,6.69,890.17,12.77,9292000.0,5.5784096
2005-07-31,09292000,51072.6,5.79,464.49,19.26,5.27,767.07,12.265,9292000.0,5.66336
2005-08-01,09292000,50949.93,9.23,384.69,16.06,5.32,852.73,10.69,9292000.0,5.6067264
2005-08-02,09292000,50825.26,4.12,396.73,17.0,5.75,883.2,11.375,9292000.0,5.8898944
2005-08-03,09292000,50698.66,3.26,427.01,16.38,4.03,768.83,10.205,9292000.0,5.4368256
2005-08-04,09292000,50570.17,5.2,432.98,16.07,3.47,728.46,9.77,9292000.0,5.2952416
2005-08-05,09292000,50439.86,8.5,441.18,17.17,4.1,743.42,10.635000000000002,9292000.0,6.7677152
2005-08-06,09292000,50307.77,0.0,574.23,17.72,5.25,715.91,11.485,9292000.0,6.512864
2005-08-07,09292000,50173.97,0.0,588.46,18.98,5.99,729.11,12.485,9292000.0,5.4651424
2005-08-08,09292000,50038.52,3.85,424.83,18.49,5.85,837.18,12.169999999999998,9292000.0,5.097024
2005-08-09,09292000,49901.45,4.08,369.82,16.63,6.12,883.31,11.375,9292000.0,5.1536576
2005-08-10,09292000,49762.83,4.56,361.84,15.5,5.38,833.61,10.44,9292000.0,4.9837568
2005-08-11,09292000,49622.71,0.0,563.09,16.46,4.36,618.08,10.41,9292000.0,4.7572224
2005-08-12,09292000,49481.14,0.0,619.8,17.42,3.36,528.45,10.39,9292000.0,4.2758368
2005-08-13,09292000,49338.17,0.0,607.37,16.15,2.54,513.94,9.345,9292000.0,4.0493024
2005-08-14,09292000,49193.85,0.0,637.49,16.96,2.08,477.94,9.52,9292000.0,3.8510848
2005-08-15,09292000,49048.23,0.0,552.55,15.95,4.04,591.82,9.995,9292000.0,3.7095008
2005-08-16,09292000,48901.36,5.46,369.92,13.15,2.79,674.6,7.970000000000001,9292000.0,3.822768
2005-08-17,09292000,48753.29,0.0,551.85,14.03,2.27,536.73,8.15,9292000.0,3.822768
2005-08-18,09292000,48604.05,0.0,528.15,15.46,4.34,629.3,9.9,9292000.0,3.5679168
2005-08-19,09292000,48453.7,0.0,561.66,15.64,3.51,571.89,9.575,9292000.0,3.398016
2005-08-20,09292000,48302.28,0.0,594.95,16.26,2.87,524.11,9.565,9292000.0,3.256432
2005-08-21,09292000,48149.84,0.0,557.08,16.03,3.87,589.54,9.95,9292000.0,3.256432
2005-08-22,09292000,47996.41,0.0,567.08,16.22,3.58,571.36,9.9,9292000.0,3.256432
2005-08-23,09292000,47842.04,0.0,580.5,16.14,2.89,537.88,9.515,9292000.0,3.3413824
2005-08-24,09292000,47686.78,0.0,550.11,15.56,3.26,575.82,9.41,9292000.0,3.1714816
2005-08-25,09292000,47530.65,0.0,550.43,17.41,4.95,637.66,11.18,9292000.0,3.0015808
2005-08-26,09292000,47373.71,0.0,572.88,18.11,4.78,611.45,11.445,9292000.0,2.50037344
2005-08-27,09292000,47215.98,0.0,546.59,16.45,4.19,615.35,10.32,9292000.0,2.48338336
2005-08-28,09292000,47057.51,0.0,604.63,18.37,3.48,539.66,10.925,9292000.0,3.114848
2005-08-29,09292000,46898.33,0.0,611.26,19.86,4.24,539.66,12.05,9292000.0,2.9449472
2005-08-30,09292000,46738.48,0.0,612.62,15.08,-0.45,396.77,7.315,9292000.0,2.79486816
2005-08-31,09292000,46577.99,0.0,626.77,14.9,-1.82,355.28,6.54,9292000.0,2.6617792
2005-09-01,09292000,46416.91,0.0,615.73,16.91,0.24,408.74,8.575,9292000.0,2.49754176
2005-09-02,09292000,46255.26,0.0,565.16,17.43,3.06,528.85,10.245,9292000.0,2.38710624
2005-09-03,09292000,46093.07,0.0,529.07,16.43,3.41,573.39,9.92,9292000.0,2.34463104
2005-09-04,09292000,45930.38,4.73,384.76,15.06,2.29,638.96,8.675,9292000.0,3.4263328
2005-09-05,09292000,45767.23,0.0,503.59,15.46,3.12,601.25,9.29,9292000.0,3.5962336
2005-09-06,09292000,45603.64,0.0,527.95,16.25,2.8,569.29,9.525,9292000.0,3.4829664
2005-09-07,09292000,45439.64,0.0,522.26,17.19,3.77,586.24,10.48,9292000.0,3.3696992
2005-09-08,09292000,45275.26,8.25,353.08,16.18,4.26,752.74,10.22,9292000.0,3.4263328
2005-09-09,09292000,45110.54,29.75,236.21,9.62,2.44,727.9,6.029999999999999,9292000.0,4.1908864
2005-09-10,09292000,44945.5,0.0,393.52,8.5,-0.64,582.65,3.93,9292000.0,6.229696
2005-09-11,09292000,44780.17,0.0,417.88,11.11,1.18,646.47,6.145,9292000.0,4.1625696
2005-09-12,09292000,44614.58,0.0,420.75,6.65,-3.2,482.24,1.725,9292000.0,3.7378176
2005-09-13,09292000,44448.77,0.0,455.47,7.08,-3.84,451.19,1.62,9292000.0,3.4546496
2005-09-14,09292000,44282.75,0.0,511.24,10.06,-3.22,442.1,3.42,9292000.0,3.0298976
2005-09-15,09292000,44116.55,0.0,539.33,13.0,-2.22,454.34,5.39,9292000.0,2.7325712
2005-09-16,09292000,43950.2,0.0,475.27,12.37,-0.02,565.07,6.175,9292000.0,2.548512
2005-09-17,09292000,43783.74,0.0,412.16,10.75,0.53,627.05,5.64,9292000.0,2.39843296
2005-09-18,09292000,43617.18,0.0,478.39,11.84,-0.92,532.44,5.46,9292000.0,2.22853216
2005-09-19,09292000,43450.55,0.0,526.31,14.83,-0.79,501.29,7.02,9292000.0,2.0104928
2005-09-20,09292000,43283.89,0.0,482.72,16.78,3.03,674.35,9.905,9292000.0,1.83776032
2005-09-21,09292000,43117.21,9.9,265.5,9.38,0.53,634.54,4.955,9292000.0,2.15774016
2005-09-22,09292000,42950.54,0.0,452.37,12.07,-0.24,566.77,5.915,9292000.0,2.12376
2005-09-23,09292000,42783.91,0.0,390.11,11.17,1.05,659.05,6.11,9292000.0,1.84908704
2005-09-24,09292000,42617.35,0.0,357.81,10.33,1.25,668.58,5.79,9292000.0,1.80094848
2005-09-25,09292000,42450.89,0.0,458.12,9.85,-2.87,455.86,3.49,9292000.0,1.61972096
2005-09-26,09292000,42284.54,0.0,523.43,15.03,-2.38,426.58,6.324999999999999,9292000.0,1.50645376
2005-09-27,09292000,42118.34,4.29,221.22,7.79,0.4,628.83,4.095,9292000.0,1.5715824
2005-09-28,09292000,41952.32,0.0,418.41,10.13,-1.24,530.85,4.445,9292000.0,1.62255264
2005-09-29,09292000,41786.5,0.0,489.55,13.47,-1.76,467.7,5.855,9292000.0,1.3592064
2005-09-30,09292000,41620.92,0.0,489.74,15.78,0.02,522.81,7.899999999999999,9292000.0,1.27708768
2005-10-01,09292000,41455.59,0.0,463.16,14.44,0.29,553.25,7.364999999999999,9292000.0,1.18364224
2005-10-02,09292000,41290.54,0.0,340.95,11.89,2.87,750.63,7.380000000000001,9292000.0,1.16382048
2005-10-03,09292000,41125.82,0.0,174.16,7.5,3.3,773.69,5.4,9292000.0,1.14966208
2005-10-04,09292000,40961.44,5.04,319.85,4.42,-7.58,345.6,-1.58,9292000.0,1.2317808
2005-10-05,09292000,40797.44,0.0,457.13,3.68,-9.92,287.83,-3.12,9292000.0,1.18081056
2005-10-06,09292000,40633.84,0.0,481.99,8.64,-7.24,337.41,0.7000000000000002,9292000.0,1.17231552
2005-10-07,09292000,40470.68,0.0,451.7,12.28,-2.09,492.39,5.095,9292000.0,1.11285024
2005-10-08,09292000,40307.99,0.0,373.01,8.13,-2.29,516.04,2.9200000000000004,9292000.0,1.03639488
2005-10-09,09292000,40145.81,2.61,229.56,3.07,-5.05,419.52,-0.99,9292000.0,1.01657312
2005-10-10,09292000,39984.15,0.0,301.75,2.33,-5.64,401.3,-1.6549999999999998,9292000.0,0.97976128
2005-10-11,09292000,39823.06,0.0,378.34,6.67,-4.32,443.52,1.1749999999999998,9292000.0,0.98542464
2005-10-12,09292000,39662.57,0.0,333.11,5.98,-3.34,477.38,1.3200000000000005,9292000.0,1.12134528
2005-10-13,09292000,39502.72,0.0,405.74,12.28,-3.92,456.2,4.18,9292000.0,0.9627712
2005-10-14,09292000,39343.54,0.0,371.07,12.59,-1.17,560.64,5.71,9292000.0,0.94578112
2005-10-15,09292000,39185.06,0.0,334.44,9.86,-1.59,543.57,4.135,9292000.0,0.89481088
2005-10-16,09292000,39027.33,0.0,318.67,9.37,-1.35,553.17,4.01,9292000.0,0.86649408
2005-10-17,09292000,38870.38,0.0,366.44,11.94,-1.97,528.46,4.984999999999999,9292000.0,0.8353456
2005-10-18,09292000,38714.24,3.21,215.06,8.15,-1.41,550.79,3.37,9292000.0,0.88631584
2005-10-19,09292000,38558.97,0.0,250.89,7.03,-0.92,571.08,3.055,9292000.0,0.9344544
2005-10-20,09292000,38404.6,0.0,310.33,7.96,-2.54,506.85,2.71,9292000.0,0.85799904
2005-10-21,09292000,38251.17,0.0,349.2,9.34,-3.73,463.58,2.805,9292000.0,0.79570208
2005-10-22,09292000,38098.72,0.0,334.37,11.14,-1.33,554.12,4.905,9292000.0,0.7673852800000001
2005-10-23,09292000,37947.29,0.0,334.7,11.09,-1.65,541.01,4.72,9292000.0,0.70225664
2005-10-24,09292000,37796.93,0.0,347.5,12.88,-1.3,555.45,5.79,9292000.0,0.73057344
2005-10-25,09292000,37647.69,0.0,312.49,9.98,-1.77,536.53,4.105,9292000.0,0.88348416
2005-10-26,09292000,37499.61,0.0,286.42,7.52,-2.69,501.11,2.415,9292000.0,0.87498912
2005-10-27,09292000,37352.73,0.0,183.0,4.47,-1.52,546.58,1.475,9292000.0,0.8778208
2005-10-28,09292000,37207.1,15.93,175.88,2.89,-5.02,420.69,-1.0649999999999995,9292000.0,1.19496896
2005-10-29,09292000,37062.77,6.76,266.04,3.32,-8.83,313.46,-2.755,9292000.0,0.920296
2005-10-30,09292000,36919.79,0.0,351.61,0.85,-10.98,264.43,-5.065,9292000.0,0.82685056
2005-10-31,09292000,36778.21,0.0,405.57,5.1,-11.9,245.63,-3.4000000000000004,9292000.0,0.97409792
2005-11-01,09292000,36638.08,0.0,376.59,8.8,-5.94,392.17,1.4300000000000002,9292000.0,1.35071136
2005-11-02,09292000,36499.45,0.0,303.1,7.22,-3.19,482.83,2.015,9292000.0,1.22894912
2005-11-03,09292000,36362.38,0.0,151.34,1.76,-2.82,496.26,-0.5299999999999999,9292000.0,0.8325139199999999
2005-11-04,09292000,36226.91,4.28,180.81,1.46,-6.12,386.7,-2.33,9292000.0,0.79570208
2005-11-05,09292000,36093.1,5.79,196.57,-1.48,-9.68,293.32,-5.58,9292000.0,0.78720704
2005-11-06,09292000,35961.0,0.0,311.32,5.45,-5.06,419.39,0.1950000000000002,9292000.0,0.7928704
2005-11-07,09292000,35830.68,4.25,178.58,3.86,-3.58,468.88,0.1399999999999999,9292000.0,0.79570208
2005-11-08,09292000,35702.18,0.0,151.57,1.75,-2.73,499.67,-0.49,9292000.0,0.8919792
2005-11-09,09292000,35575.56,0.0,312.53,9.16,-2.04,525.92,3.56,9292000.0,1.05338496
2005-11-10,09292000,35450.88,0.0,299.96,8.59,-2.01,526.96,3.29,9292000.0,1.18364224
2005-11-11,09292000,35328.19,5.84,122.92,1.79,-3.23,481.21,-0.72,9292000.0,1.27142432
2005-11-12,09292000,35207.56,3.56,237.1,-0.32,-11.61,251.35,-5.965,9292000.0,1.20912736
2005-11-13,09292000,35089.04,9.56,227.66,-1.47,-11.93,245.11,-6.7,9292000.0,1.02789984
2005-11-14,09292000,34972.69,11.12,272.55,-1.79,-17.38,156.31,-9.585,9292000.0,1.25443424
2005-11-15,09292000,34858.56,5.43,270.51,-4.58,-20.05,124.35,-12.315,9292000.0,0.991088
2005-11-16,09292000,34746.73,0.0,278.08,2.31,-7.11,358.38,-2.4000000000000004,9292000.0,0.9627712
2005-11-17,09292000,34637.23,0.0,309.5,-1.42,-12.61,231.98,-7.015,9292000.0,0.9344544
2005-11-18,09292000,34530.14,2.5,250.74,4.14,-9.83,289.74,-2.845,9292000.0,0.9061376
2005-11-19,09292000,34425.52,0.0,324.84,3.71,-9.43,299.03,-2.86,9292000.0,0.9061376
2005-11-20,09292000,34323.41,0.0,334.82,8.36,-6.38,379.28,0.9899999999999998,9292000.0,0.8778208
2005-11-21,09292000,34223.88,0.0,332.42,8.9,-5.94,392.03,1.48,9292000.0,0.849504
2005-11-22,09292000,34126.99,0.0,337.68,9.72,-6.28,382.19,1.7200000000000002,9292000.0,0.849504
2005-11-23,09292000,34032.78,0.0,331.44,8.36,-6.99,361.81,0.6849999999999996,9292000.0,0.8211872
2005-11-24,09292000,33941.33,0.0,311.15,5.62,-7.86,338.25,-1.12,9292000.0,0.8211872
2005-11-25,09292000,33852.69,2.48,239.88,6.7,-8.28,327.37,-0.7899999999999996,9292000.0,0.8211872
2005-11-26,09292000,33766.9,4.41,216.2,-3.74,-15.73,179.49,-9.735,9292000.0,0.7928704
2005-11-27,09292000,33684.02,4.16,141.33,-11.34,-18.1,147.05,-14.72,9292000.0,0.7928704
2005-11-28,09292000,33604.12,2.54,212.08,-8.28,-19.89,126.11,-14.085,9292000.0,0.7928704
2005-11-29,09292000,33527.23,10.61,247.93,-0.72,-17.26,157.81,-8.99,9292000.0,0.7928704
2005-11-30,09292000,33453.41,0.0,274.05,-6.1,-17.06,160.51,-11.579999999999998,9292000.0,0.7645535999999999
2005-12-01,09292000,33382.71,17.63,195.94,-1.65,-11.84,246.92,-6.745,9292000.0,0.7645535999999999
2005-12-02,09292000,33315.18,11.43,203.83,-1.59,-12.36,236.7,-6.975,9292000.0,0.7645535999999999
2005-12-03,09292000,33250.86,0.0,271.09,-8.5,-19.24,133.39,-13.87,9292000.0,0.7362368
2005-12-04,09292000,33189.79,4.53,129.6,-14.86,-20.98,114.65,-17.92,9292000.0,0.70792
2005-12-05,09292000,33132.03,3.42,206.57,-7.65,-18.87,137.63,-13.260000000000002,9292000.0,0.7362368
2005-12-06,09292000,33077.61,4.39,218.53,-11.61,-23.97,87.98,-17.79,9292000.0,0.7645535999999999
2005-12-07,09292000,33026.56,3.49,245.77,-12.39,-28.79,56.5,-20.59,9292000.0,0.7928704
2005-12-08,09292000,32978.94,7.4,259.6,-0.75,-22.17,103.27,-11.46,9292000.0,0.8211872
2005-12-09,09292000,32934.76,4.44,227.24,0.74,-13.94,208.18,-6.6,9292000.0,0.8778208
2005-12-10,09292000,32894.07,0.0,287.74,1.84,-11.53,253.06,-4.845,9292000.0,0.9344544
2005-12-11,09292000,32856.9,0.0,305.21,5.36,-10.19,281.6,-2.415,9292000.0,0.9627712
2005-12-12,09292000,32823.26,0.0,287.64,2.69,-11.24,258.98,-4.275,9292000.0,0.9627712
2005-12-13,09292000,32793.2,0.0,289.35,-2.35,-16.54,167.68,-9.445,9292000.0,0.9344544
2005-12-14,09292000,32766.72,0.0,231.79,-8.94,-18.93,136.91,-13.935,9292000.0,0.9061376
2005-12-15,09292000,32743.86,0.0,280.96,-3.67,-16.96,161.9,-10.315,9292000.0,0.8778208
2005-12-16,09292000,32724.62,0.0,281.23,-6.29,-19.7,128.19,-12.995,9292000.0,0.7645535999999999
2005-12-17,09292000,32709.02,3.44,153.07,-8.14,-16.75,164.84,-12.445,9292000.0,0.70792
2005-12-18,09292000,32697.08,4.66,146.61,-5.56,-13.64,213.31,-9.6,9292000.0,0.70792
2005-12-19,09292000,32688.8,5.04,133.2,-1.19,-8.37,324.93,-4.779999999999999,9292000.0,0.6796032
2005-12-20,09292000,32684.19,0.0,228.83,2.42,-7.19,356.19,-2.385,9292000.0,0.6796032
2005-12-21,09292000,32683.26,0.0,235.18,6.73,-3.27,479.96,1.7300000000000002,9292000.0,0.6796032
2005-12-22,09292000,32686.0,0.0,169.58,3.39,-3.19,482.87,0.1,9292000.0,0.70792
2005-12-23,09292000,32692.41,0.0,168.84,0.33,-6.0,390.25,-2.835,9292000.0,0.7362368
2005-12-24,09292000,32702.49,0.0,260.55,4.63,-6.21,384.17,-0.79,9292000.0,0.7362368
2005-12-25,09292000,32716.23,0.0,260.43,5.05,-5.66,400.49,-0.3050000000000001,9292000.0,0.7645535999999999
2005-12-26,09292000,32733.61,0.0,158.14,-1.88,-7.52,347.24,-4.699999999999999,9292000.0,0.7928704
2005-12-27,09292000,32754.64,3.33,202.64,0.59,-10.5,274.83,-4.955,9292000.0,0.8211872
2005-12-28,09292000,32779.28,3.74,178.58,4.76,-4.54,436.11,0.1099999999999998,9292000.0,0.849504
2005-12-29,09292000,32807.52,3.67,228.56,-4.29,-17.43,155.59,-10.86,9292000.0,0.8211872
2005-12-30,09292000,32839.34,13.32,247.01,-0.22,-15.94,176.32,-8.08,9292000.0,0.7928704
2005-12-31,09292000,32874.72,23.49,132.87,-0.22,-6.36,379.71,-3.29,9292000.0,0.7645535999999999
2006-01-01,09292000,32913.8,3.52,190.19,-1.09,-11.62,251.23,-6.355,9292000.0,0.7645535999999999
2006-01-02,09292000,32956.22,16.76,89.83,-4.2,-8.55,320.55,-6.375,9292000.0,0.7928704
2006-01-03,09292000,33002.11,5.54,210.45,-2.3,-14.09,205.55,-8.195,9292000.0,0.7928704
2006-01-04,09292000,33051.44,2.78,171.69,-4.6,-13.38,217.81,-8.99,9292000.0,0.8211872
2006-01-05,09292000,33104.16,5.16,252.5,4.87,-12.02,243.33,-3.575,9292000.0,0.8211872
2006-01-06,09292000,33160.24,0.0,301.89,8.42,-4.82,426.93,1.7999999999999998,9292000.0,0.8211872
2006-01-07,09292000,33219.65,0.0,267.47,2.48,-8.18,329.96,-2.85,9292000.0,0.849504
2006-01-08,09292000,33282.33,4.56,179.58,-7.19,-16.17,172.98,-11.68,9292000.0,0.8778208
2006-01-09,09292000,33348.25,0.0,340.19,-1.74,-17.48,154.9,-9.61,9292000.0,0.849504
2006-01-10,09292000,33417.36,3.7,219.55,2.26,-9.62,294.58,-3.68,9292000.0,0.849504
2006-01-11,09292000,33489.61,3.97,231.14,1.82,-10.91,265.98,-4.545,9292000.0,0.849504
2006-01-12,09292000,33564.96,0.0,218.96,-7.19,-14.92,191.9,-11.055,9292000.0,0.849504
2006-01-13,09292000,33643.35,0.0,366.52,6.13,-12.25,238.73,-3.06,9292000.0,0.8211872
2006-01-14,09292000,33724.73,0.0,261.45,0.57,-9.05,308.03,-4.24,9292000.0,0.7928704
2006-01-15,09292000,33809.06,0.0,332.2,-3.66,-17.27,157.74,-10.465,9292000.0,0.7362368
2006-01-16,09292000,33896.27,0.0,291.32,-7.99,-18.75,139.1,-13.37,9292000.0,0.70792
2006-01-17,09292000,33986.31,3.52,214.8,-0.09,-10.69,270.58,-5.39,9292000.0,0.6796032
2006-01-18,09292000,34079.13,6.11,188.91,-3.69,-12.44,235.09,-8.065,9292000.0,0.6512864
2006-01-19,09292000,34174.68,0.0,251.0,-8.49,-17.0,161.38,-12.745,9292000.0,0.6229696
2006-01-20,09292000,34272.88,0.0,345.33,-5.93,-19.33,132.3,-12.63,9292000.0,0.6229696
2006-01-21,09292000,34373.7,0.0,373.0,-5.35,-20.9,115.53,-13.125,9292000.0,0.5946528
2006-01-22,09292000,34477.06,0.0,402.19,-3.63,-22.82,97.48,-13.225,9292000.0,0.6229696
2006-01-23,09292000,34582.92,2.56,274.66,0.58,-14.16,204.36,-6.79,9292000.0,0.6229696
2006-01-24,09292000,34691.2,0.0,397.51,6.46,-11.41,255.47,-2.475,9292000.0,0.6512864
2006-01-25,09292000,34801.87,0.0,342.32,1.94,-10.54,273.8,-4.3,9292000.0,0.6796032
2006-01-26,09292000,34914.85,4.2,224.59,-1.07,-11.16,260.68,-6.115,9292000.0,0.70792
2006-01-27,09292000,35030.08,0.0,329.07,-5.01,-16.22,172.26,-10.614999999999998,9292000.0,0.7362368
2006-01-28,09292000,35147.52,7.05,300.76,-4.05,-20.23,122.42,-12.14,9292000.0,0.70792
2006-01-29,09292000,35267.09,2.27,197.61,-5.31,-13.48,216.03,-9.395,9292000.0,0.7362368
2006-01-30,09292000,35388.75,4.87,248.01,3.06,-7.97,335.31,-2.455,9292000.0,0.7645535999999999
2006-01-31,09292000,35512.43,3.94,256.86,-0.59,-11.93,245.11,-6.26,9292000.0,0.7645535999999999
2006-02-01,09292000,35638.08,4.92,227.22,1.32,-8.26,327.91,-3.47,9292000.0,0.7928704
2006-02-02,09292000,35765.64,7.81,154.91,-5.08,-10.97,264.68,-8.025,9292000.0,0.7928704
2006-02-03,09292000,35895.05,4.91,233.69,-3.41,-12.78,228.86,-8.094999999999999,9292000.0,0.8211872
2006-02-04,09292000,36026.26,3.98,330.82,3.77,-13.34,218.6,-4.785,9292000.0,0.849504
2006-02-05,09292000,36159.21,0.0,376.13,-6.57,-18.22,145.51,-12.395,9292000.0,0.8778208
2006-02-06,09292000,36293.85,5.04,351.04,1.66,-18.03,147.92,-8.185,9292000.0,0.9061376
2006-02-07,09292000,36430.12,0.0,346.37,3.15,-7.34,351.99,-2.095,9292000.0,0.9344544
2006-02-08,09292000,36567.97,0.0,428.25,6.46,-8.22,328.87,-0.8800000000000003,9292000.0,0.8778208
2006-02-09,09292000,36707.35,0.0,459.16,5.69,-11.34,257.0,-2.825,9292000.0,0.849504
2006-02-10,09292000,36848.2,0.0,454.41,-5.67,-21.52,109.37,-13.595,9292000.0,0.8211872
2006-02-11,09292000,36990.48,0.0,489.23,0.28,-19.31,132.56,-9.515,9292000.0,0.849504
2006-02-12,09292000,37134.14,0.0,467.87,4.9,-12.17,240.33,-3.635,9292000.0,0.849504
2006-02-13,09292000,37279.12,0.0,425.09,2.17,-11.68,249.99,-4.755,9292000.0,0.8211872
2006-02-14,09292000,37425.37,0.0,368.12,0.05,-10.83,267.7,-5.39,9292000.0,0.7928704
2006-02-15,09292000,37572.85,7.92,354.34,-5.76,-22.09,104.05,-13.925,9292000.0,0.7928704
2006-02-16,09292000,37721.52,0.0,437.04,-10.64,-24.24,85.89,-17.439999999999998,9292000.0,0.8211872
2006-02-17,09292000,37871.32,0.0,448.42,-6.61,-20.86,115.9,-13.735,9292000.0,0.8778208
2006-02-18,09292000,38022.21,2.42,275.46,-6.66,-17.25,158.0,-11.955,9292000.0,0.9344544
2006-02-19,09292000,38174.15,0.0,471.82,-6.79,-21.99,104.93,-14.39,9292000.0,0.9344544
2006-02-20,09292000,38327.09,0.0,494.93,-6.62,-23.13,94.82,-14.875,9292000.0,0.9061376
2006-02-21,09292000,38481.0,3.71,361.22,-5.05,-20.48,119.74,-12.765,9292000.0,0.9061376
2006-02-22,09292000,38635.82,0.0,476.2,-2.34,-17.06,160.61,-9.7,9292000.0,0.8778208
2006-02-23,09292000,38791.52,0.0,518.21,1.48,-15.79,178.55,-7.154999999999999,9292000.0,0.849504
2006-02-24,09292000,38948.06,0.0,510.84,3.01,-13.63,213.41,-5.3100000000000005,9292000.0,0.849504
2006-02-25,09292000,39105.41,0.0,509.14,3.36,-13.15,222.0,-4.8950000000000005,9292000.0,0.849504
2006-02-26,09292000,39263.51,0.0,511.19,5.43,-11.25,258.79,-2.91,9292000.0,0.8211872
2006-02-27,09292000,39422.34,0.0,477.92,7.98,-6.56,373.91,0.7100000000000004,9292000.0,0.79003872
2006-02-28,09292000,39581.86,17.19,255.02,0.53,-8.37,325.11,-3.92,9292000.0,0.79853376
2006-03-01,09292000,39742.04,0.0,522.61,1.52,-14.65,196.3,-6.565,9292000.0,0.79853376
2006-03-02,09292000,39902.83,0.0,521.5,1.87,-14.17,204.2,-6.15,9292000.0,0.82401888
2006-03-03,09292000,40064.2,0.0,374.16,1.81,-8.04,333.58,-3.1149999999999998,9292000.0,0.7730486400000001
2006-03-04,09292000,40226.13,0.0,500.09,-0.28,-14.93,191.83,-7.604999999999999,9292000.0,0.9344544
2006-03-05,09292000,40388.57,0.0,550.07,4.42,-13.28,219.69,-4.43,9292000.0,0.849504
2006-03-06,09292000,40551.49,0.0,428.09,3.45,-8.16,330.43,-2.355,9292000.0,0.7928704
2006-03-07,09292000,40714.87,4.02,277.66,-0.04,-9.59,295.31,-4.815,9292000.0,0.7730486400000001
2006-03-08,09292000,40878.67,0.0,494.37,-2.85,-16.29,171.29,-9.57,9292000.0,0.79003872
2006-03-09,09292000,41042.87,4.12,412.33,-3.26,-19.43,131.17,-11.345,9292000.0,0.7673852800000001
2006-03-10,09292000,41207.42,0.0,482.13,-9.99,-22.56,99.76,-16.275,9292000.0,0.93728608
2006-03-11,09292000,41372.31,4.87,401.18,-8.78,-23.43,92.35,-16.105,9292000.0,1.41017664
2006-03-12,09292000,41537.49,0.0,555.44,-5.22,-20.52,119.33,-12.87,9292000.0,0.89764256
2006-03-13,09292000,41702.95,5.9,422.35,-6.79,-22.23,102.71,-14.51,9292000.0,1.52344384
2006-03-14,09292000,41868.66,0.0,628.5,-1.84,-20.95,114.94,-11.395,9292000.0,1.78679008
2006-03-15,09292000,42034.58,0.0,559.66,-4.62,-19.44,131.03,-12.03,9292000.0,0.7334051199999999
2006-03-16,09292000,42200.7,6.49,470.8,0.38,-18.71,139.57,-9.165,9292000.0,1.274256
2006-03-17,09292000,42366.97,4.91,320.45,1.01,-9.1,306.9,-4.045,9292000.0,0.72491008
2006-03-18,09292000,42533.38,8.4,219.28,-2.42,-8.81,314.05,-5.615,9292000.0,0.7362368
2006-03-19,09292000,42699.89,15.13,429.82,-3.3,-17.74,151.64,-10.52,9292000.0,0.78437536
2006-03-20,09292000,42866.49,6.18,479.76,-1.11,-19.11,134.88,-10.11,9292000.0,1.12700864
2006-03-21,09292000,43033.14,9.55,434.29,-0.76,-15.39,184.6,-8.075000000000001,9292000.0,0.77021696
2006-03-22,09292000,43199.82,3.15,496.89,2.72,-16.52,168.02,-6.9,9292000.0,0.92595936
2006-03-23,09292000,43366.49,3.97,524.35,5.73,-17.07,160.38,-5.67,9292000.0,0.94578112
2006-03-24,09292000,43533.14,0.0,656.96,6.74,-11.92,245.22,-2.59,9292000.0,0.70508832
2006-03-25,09292000,43699.74,4.72,443.51,6.12,-9.05,308.07,-1.4650000000000003,9292000.0,0.72774176
2006-03-26,09292000,43866.26,0.0,566.21,-2.53,-16.07,174.4,-9.3,9292000.0,0.7419001599999999
2006-03-27,09292000,44032.67,4.84,523.36,5.4,-15.73,179.46,-5.165,9292000.0,0.70508832
2006-03-28,09292000,44198.94,17.42,280.65,-0.3,-8.33,326.07,-4.315,9292000.0,0.7192467199999999
2006-03-29,09292000,44365.05,20.87,378.33,1.79,-9.52,296.97,-3.865,9292000.0,0.79853376
2006-03-30,09292000,44530.98,4.93,511.2,5.96,-13.02,224.37,-3.53,9292000.0,0.7503952
2006-03-31,09292000,44696.68,0.0,568.84,1.53,-11.69,249.83,-5.08,9292000.0,0.80136544
2006-04-01,09292000,44862.15,10.06,420.66,1.93,-10.97,264.73,-4.5200000000000005,9292000.0,0.9769296
2006-04-02,09292000,45027.33,5.11,514.92,5.09,-13.58,214.31,-4.245,9292000.0,1.02506816
2006-04-03,09292000,45192.22,4.28,490.05,8.48,-8.47,322.61,0.0049999999999998,9292000.0,1.15249376
2006-04-04,09292000,45356.77,2.72,377.99,8.3,-2.97,490.88,2.665,9292000.0,1.2600976
2006-04-05,09292000,45520.97,16.13,402.44,0.77,-11.14,261.06,-5.1850000000000005,9292000.0,1.3648697600000002
2006-04-06,09292000,45684.77,16.82,232.47,-3.92,-10.14,282.68,-7.03,9292000.0,1.25726592
2006-04-07,09292000,45848.15,0.0,675.67,5.82,-11.05,263.06,-2.615,9292000.0,1.20912736
2006-04-08,09292000,46011.08,0.0,669.69,7.97,-8.56,320.12,-0.2950000000000004,9292000.0,1.31389952
2006-04-09,09292000,46173.52,0.0,609.83,9.79,-4.42,440.19,2.685,9292000.0,1.42433504
2006-04-10,09292000,46335.44,0.0,486.63,5.56,-4.7,430.92,0.4299999999999997,9292000.0,1.46964192
2006-04-11,09292000,46496.82,0.0,516.81,4.85,-6.03,389.52,-0.5900000000000003,9292000.0,1.40734496
2006-04-12,09292000,46657.61,0.0,577.11,9.65,-2.95,491.41,3.35,9292000.0,1.40451328
2006-04-13,09292000,46817.79,2.93,431.32,11.1,-1.4,551.32,4.85,9292000.0,1.29124608
2006-04-14,09292000,46977.31,5.37,437.18,9.94,-2.62,503.84,3.66,9292000.0,1.345048
2006-04-15,09292000,47136.14,5.39,401.94,8.27,-2.65,502.54,2.81,9292000.0,1.5942358399999998
2006-04-16,09292000,47294.25,0.0,574.29,7.16,-4.63,433.19,1.265,9292000.0,1.58857248
2006-04-17,09292000,47451.59,0.0,627.3,1.62,-11.67,250.15,-5.025,9292000.0,1.41017664
2006-04-18,09292000,47608.14,2.17,520.38,-0.21,-16.05,174.78,-8.13,9292000.0,1.3308896
2006-04-19,09292000,47763.84,3.72,599.42,5.48,-17.84,150.27,-6.18,9292000.0,1.37902816
2006-04-20,09292000,47918.67,0.0,771.92,9.74,-10.82,267.84,-0.54,9292000.0,1.50362208
2006-04-21,09292000,48072.57,0.0,736.68,11.15,-7.13,357.92,2.01,9292000.0,1.50928544
2006-04-22,09292000,48225.52,0.0,652.85,11.71,-2.67,501.81,4.5200000000000005,9292000.0,1.5149488
2006-04-23,09292000,48377.46,0.0,622.22,8.95,-4.04,452.84,2.455,9292000.0,1.85191872
2006-04-24,09292000,48528.35,2.82,362.83,2.43,-6.72,369.32,-2.145,9292000.0,1.71882976
2006-04-25,09292000,48678.16,0.0,641.0,7.59,-5.65,401.03,0.9699999999999998,9292000.0,1.51211712
2006-04-26,09292000,48826.82,0.0,707.29,11.26,-4.33,443.26,3.465,9292000.0,1.4384934399999998
2006-04-27,09292000,48974.31,0.0,702.4,12.38,-3.24,480.61,4.57,9292000.0,2.28799744
2006-04-28,09292000,49120.57,0.0,571.23,6.75,-4.43,439.94,1.16,9292000.0,2.83168
2006-04-29,09292000,49265.55,0.0,711.12,9.9,-5.67,400.42,2.115,9292000.0,2.9449472
2006-04-30,09292000,49409.2,0.0,593.5,9.14,-2.53,506.98,3.3050000000000006,9292000.0,2.8599968
2006-05-01,09292000,49551.49,0.0,728.93,10.45,-5.84,388.03,2.305,9292000.0,3.256432
2006-05-02,09292000,49692.34,0.0,661.7,10.43,-3.14,484.64,3.645,9292000.0,3.4546496
2006-05-03,09292000,49831.73,4.32,403.14,7.76,-2.27,516.88,2.745,9292000.0,3.822768
2006-05-04,09292000,49969.58,8.27,361.65,6.28,-2.42,511.16,1.93,9292000.0,3.5679168
2006-05-05,09292000,50105.86,8.66,525.87,9.1,-5.59,402.74,1.755,9292000.0,2.3502944
2006-05-06,09292000,50240.5,0.0,737.52,9.76,-6.44,367.48,1.6599999999999997,9292000.0,1.5659190399999998
2006-05-07,09292000,50373.45,0.0,634.9,9.48,-3.04,488.34,3.22,9292000.0,1.49229536
2006-05-08,09292000,50504.67,0.0,555.52,7.88,-2.38,512.77,2.75,9292000.0,1.83209696
2006-05-09,09292000,50634.08,0.0,646.48,6.09,-6.34,380.41,-0.125,9292000.0,2.43807648
2006-05-10,09292000,50761.65,0.0,712.67,6.88,-7.79,339.51,-0.455,9292000.0,2.39560128
2006-05-11,09292000,50887.3,0.0,798.94,12.49,-6.79,335.5,2.85,9292000.0,2.4607299200000003
2006-05-12,09292000,51010.98,0.0,713.9,14.75,-0.67,540.47,7.04,9292000.0,3.1714816
2006-05-13,09292000,51132.65,0.0,725.76,15.78,-0.26,548.53,7.76,9292000.0,4.8421728
2006-05-14,09292000,51252.23,0.0,716.04,15.65,-0.07,559.16,7.79,9292000.0,5.8615776
2006-05-15,09292000,51369.66,0.0,700.0,14.84,-0.3,557.4,7.27,9292000.0,8.1552384
2006-05-16,09292000,51484.91,0.0,748.61,16.93,-0.47,528.09,8.23,9292000.0,10.7320672
2006-05-17,09292000,51597.89,0.0,716.9,17.62,1.45,604.83,9.535,9292000.0,16.0273088
2006-05-18,09292000,51708.56,0.0,715.98,17.84,1.7,614.36,9.77,9292000.0,20.8411648
2006-05-19,09292000,51816.85,0.0,688.99,17.17,2.33,655.02,9.75,9292000.0,26.2779904
2006-05-20,09292000,51922.71,0.0,614.24,15.29,3.05,725.11,9.17,9292000.0,27.6371968
2006-05-21,09292000,52026.08,0.0,621.06,14.94,2.72,706.39,8.83,9292000.0,24.5506656
2006-05-22,09292000,52126.9,0.0,601.04,11.76,0.3,614.01,6.03,9292000.0,22.6817568
2006-05-23,09292000,52225.11,0.0,624.43,10.9,-1.07,549.17,4.915,9292000.0,17.4714656
2006-05-24,09292000,52320.66,0.0,736.41,14.56,-1.33,491.71,6.615,9292000.0,19.2271072
2006-05-25,09292000,52413.49,0.0,721.62,15.87,0.38,555.38,8.125,9292000.0,20.8977984
2006-05-26,09292000,52503.54,0.0,630.22,15.68,3.18,715.63,9.43,9292000.0,22.3419552
2006-05-27,09292000,52590.76,0.0,611.9,10.13,-1.49,538.12,4.32,9292000.0,20.9827488
2006-05-28,09292000,52675.09,0.0,598.81,3.75,-7.3,353.11,-1.775,9292000.0,11.8647392
2006-05-29,09292000,52756.48,0.0,733.24,6.46,-8.6,306.58,-1.0699999999999998,9292000.0,8.9481088
2006-05-30,09292000,52834.87,0.0,655.88,9.12,-3.59,440.96,2.765,9292000.0,7.9570208
2006-05-31,09292000,52910.23,0.0,762.54,12.86,-3.69,396.95,4.585,9292000.0,7.78712
2006-06-01,09292000,52982.49,0.0,766.19,16.72,-0.39,486.54,8.165,9292000.0,9.1180096
2006-06-02,09292000,53051.6,0.0,694.35,17.92,3.34,659.13,10.63,9292000.0,11.3833536
2006-06-03,09292000,53117.53,0.0,604.66,16.6,4.61,771.71,10.605,9292000.0,11.5249376
2006-06-04,09292000,53180.22,0.0,663.06,17.95,4.3,718.99,11.125,9292000.0,10.1374144
2006-06-05,09292000,53239.63,0.0,698.68,18.84,4.08,685.76,11.46,9292000.0,12.9690944
2006-06-06,09292000,53295.72,0.0,743.32,21.46,4.69,673.32,13.075,9292000.0,13.5637472
2006-06-07,09292000,53348.45,0.0,688.61,19.04,4.37,696.88,11.705,9292000.0,12.7708768
2006-06-08,09292000,53397.78,4.08,349.36,11.64,2.94,754.56,7.29,9292000.0,16.7918624
2006-06-09,09292000,53443.68,19.49,354.13,10.08,1.42,676.8,5.75,9292000.0,12.8558272
2006-06-10,09292000,53486.11,0.0,603.32,12.63,1.18,633.36,6.905,9292000.0,19.680176
2006-06-11,09292000,53525.04,0.0,703.2,16.2,1.77,604.45,8.985,9292000.0,12.2894912
2006-06-12,09292000,53560.44,0.0,694.93,17.84,3.63,675.79,10.735,9292000.0,10.3639488
2006-06-13,09292000,53592.28,0.0,648.13,16.67,4.01,721.9,10.34,9292000.0,9.9675136
2006-06-14,09292000,53620.55,0.0,578.74,11.64,1.07,635.26,6.355,9292000.0,9.2595936
2006-06-15,09292000,53645.21,0.0,529.48,8.11,-1.09,564.11,3.51,9292000.0,8.353456
2006-06-16,09292000,53666.26,0.0,705.94,11.83,-1.79,466.73,5.02,9292000.0,6.9942496
2006-06-17,09292000,53683.67,0.0,729.21,15.72,1.17,537.78,8.445,9292000.0,6.4562304
2006-06-18,09292000,53697.43,0.0,716.95,18.33,4.09,624.32,11.21,9292000.0,6.1447456
2006-06-19,09292000,53707.54,0.0,697.96,18.99,5.29,672.1,12.14,9292000.0,6.0314784
2006-06-20,09292000,53713.97,0.0,680.27,16.87,3.84,609.32,10.355,9292000.0,5.946528
2006-06-21,09292000,53716.74,0.0,721.84,16.47,2.09,515.68,9.28,9292000.0,5.4368256
2006-06-22,09292000,53715.83,0.0,750.99,17.4,1.78,479.23,9.59,9292000.0,5.0120736
2006-06-23,09292000,53711.24,0.0,756.14,18.95,2.94,509.22,10.945,9292000.0,4.7005888
2006-06-24,09292000,53702.99,0.0,729.49,19.43,4.37,563.26,11.9,9292000.0,4.389104
2006-06-25,09292000,53691.07,0.0,729.0,17.9,2.81,513.22,10.355,9292000.0,4.0776192
2006-06-26,09292000,53675.5,0.0,626.1,15.53,3.64,603.0,9.585,9292000.0,3.8510848
2006-06-27,09292000,53656.28,0.0,719.67,18.06,3.12,474.66,10.59,9292000.0,3.3696992
2006-06-28,09292000,53633.44,0.0,724.5,19.53,4.38,439.87,11.955,9292000.0,3.114848
2006-06-29,09292000,53606.99,0.0,670.11,19.32,5.91,508.92,12.615,9292000.0,2.973264
2006-06-30,09292000,53576.95,4.99,446.25,17.94,6.44,732.33,12.19,9292000.0,3.114848
2006-07-01,09292000,53543.34,0.0,653.96,17.51,4.82,475.16,11.165,9292000.0,3.0582144
2006-07-02,09292000,53506.18,0.0,642.05,17.81,5.47,482.5,11.64,9292000.0,2.9449472
2006-07-03,09292000,53465.52,5.4,481.28,17.52,4.85,576.44,11.185,9292000.0,2.9166304
2006-07-04,09292000,53421.36,3.86,455.49,17.45,5.7,647.76,11.575,9292000.0,2.75805632
2006-07-05,09292000,53373.76,0.0,520.73,15.61,6.29,564.4,10.95,9292000.0,2.5626704
2006-07-06,09292000,53322.74,0.0,504.75,14.12,5.36,466.39,9.74,9292000.0,2.5201952
2006-07-07,09292000,53268.34,0.0,578.83,15.72,5.42,392.25,10.57,9292000.0,2.46639328
2006-07-08,09292000,53210.6,0.0,594.65,16.23,5.44,377.13,10.835,9292000.0,2.25401728
2006-07-09,09292000,53149.56,0.0,656.35,15.58,3.0,284.01,9.29,9292000.0,2.10110656
2006-07-10,09292000,53085.26,0.0,684.57,16.39,2.77,263.53,9.58,9292000.0,2.26817568
2006-07-11,09292000,53017.74,0.0,681.41,17.68,4.09,291.07,10.885,9292000.0,2.07278976
2006-07-12,09292000,52947.06,0.0,686.92,18.02,4.15,292.53,11.085,9292000.0,1.90855232
2006-07-13,09292000,52873.26,0.0,694.69,19.56,5.2,316.4,12.38,9292000.0,1.6565328
2006-07-14,09292000,52796.4,0.0,722.74,22.21,6.22,341.15,14.215,9292000.0,1.52061216
2006-07-15,09292000,52716.51,0.0,685.61,23.13,8.36,398.92,15.745,9292000.0,1.4299984
2006-07-16,09292000,52633.66,0.0,646.16,23.41,9.94,447.19,16.675,9292000.0,1.3648697600000002
2006-07-17,09292000,52547.89,0.0,670.34,23.23,8.75,410.5,15.99,9292000.0,1.33372128
2006-07-18,09292000,52459.26,7.48,459.68,21.88,9.13,475.4,15.505,9292000.0,1.32522624
2006-07-19,09292000,52367.82,7.31,406.69,19.08,8.34,574.44,13.71,9292000.0,1.69051296
2006-07-20,09292000,52273.64,0.0,654.9,20.41,6.44,346.63,13.425,9292000.0,1.65936448
2006-07-21,09292000,52176.77,0.0,639.95,21.88,8.29,397.02,15.085,9292000.0,1.43283008
2006-07-22,09292000,52077.25,0.0,691.02,23.33,7.43,372.92,15.38,9292000.0,1.3025728
2006-07-23,09292000,51975.16,0.0,651.01,23.29,8.99,417.57,16.14,9292000.0,1.3025728
2006-07-24,09292000,51870.55,0.0,590.28,20.81,8.67,407.97,14.739999999999998,9292000.0,1.46114688
2006-07-25,09292000,51763.48,0.0,555.23,18.63,7.56,416.74,13.095,9292000.0,1.74714656
2006-07-26,09292000,51654.0,0.0,627.74,20.38,6.93,359.4,13.655,9292000.0,1.53193888
2006-07-27,09292000,51542.18,0.0,653.85,21.52,6.89,358.3,14.205,9292000.0,1.25726592
2006-07-28,09292000,51428.07,0.0,656.66,23.4,8.39,399.71,15.895,9292000.0,1.20063232
2006-07-29,09292000,51311.73,0.0,591.75,22.02,9.39,429.82,15.705,9292000.0,1.24877088
2006-07-30,09292000,51193.22,0.0,531.75,19.06,8.19,463.15,13.625,9292000.0,1.628216
2006-07-31,09292000,51072.6,12.6,377.56,15.58,5.32,565.99,10.45,9292000.0,1.64520608
2006-08-01,09292000,50949.93,5.6,386.58,12.22,1.69,505.62,6.955,9292000.0,2.37294784
2006-08-02,09292000,50825.26,8.26,456.19,14.4,0.79,416.07,7.595000000000001,9292000.0,1.94253248
2006-08-03,09292000,50698.66,0.0,491.07,13.83,3.97,491.66,8.9,9292000.0,1.77263168
2006-08-04,09292000,50570.17,2.86,385.71,14.54,3.8,539.44,9.17,9292000.0,1.63104768
2006-08-05,09292000,50439.86,0.0,550.85,16.49,4.7,419.34,10.595,9292000.0,1.64803776
2006-08-06,09292000,50307.77,0.0,582.05,17.05,4.08,375.61,10.565,9292000.0,1.57724576
2006-08-07,09292000,50173.97,0.0,614.7,17.99,3.51,334.41,10.75,9292000.0,1.4583152
2006-08-08,09292000,50038.52,0.0,596.06,17.95,4.03,361.27,10.99,9292000.0,1.628216
2006-08-09,09292000,49901.45,0.0,593.46,19.22,5.21,387.43,12.215,9292000.0,1.3677014399999998
2006-08-10,09292000,49762.83,0.0,621.82,19.52,4.07,337.6,11.795,9292000.0,1.49512704
2006-08-11,09292000,49622.71,0.0,531.49,18.17,6.17,478.46,12.170000000000002,9292000.0,1.5659190399999998
2006-08-12,09292000,49481.14,2.82,379.07,16.54,5.11,610.25,10.825,9292000.0,1.5942358399999998
2006-08-13,09292000,49338.17,2.83,419.48,16.88,3.57,522.19,10.225,9292000.0,1.67635456
2006-08-14,09292000,49193.85,0.0,589.33,17.82,3.5,389.15,10.66,9292000.0,1.66219616
2006-08-15,09292000,49048.23,0.0,495.24,15.53,4.55,511.04,10.04,9292000.0,1.5942358399999998
2006-08-16,09292000,48901.36,0.0,562.56,16.67,3.31,412.09,9.99,9292000.0,1.5998992
2006-08-17,09292000,48753.29,0.0,525.53,16.95,4.82,487.55,10.885,9292000.0,1.4639785600000002
2006-08-18,09292000,48604.05,0.0,562.06,18.26,4.51,441.4,11.385000000000002,9292000.0,1.38185984
2006-08-19,09292000,48453.7,0.0,563.77,18.71,4.73,445.38,11.72,9292000.0,1.38185984
2006-08-20,09292000,48302.28,0.0,529.12,17.42,4.71,482.45,11.065,9292000.0,1.75280992
2006-08-21,09292000,48149.84,0.0,546.8,18.5,5.01,472.3,11.755,9292000.0,1.73015648
2006-08-22,09292000,47996.41,0.0,542.45,19.79,6.28,512.45,13.035,9292000.0,1.86324544
2006-08-23,09292000,47842.04,8.05,415.04,18.88,4.29,568.8,11.585,9292000.0,1.74997824
2006-08-24,09292000,47686.78,0.0,478.36,17.78,4.28,553.06,11.03,9292000.0,1.80094848
2006-08-25,09292000,47530.65,10.94,317.34,13.79,2.48,645.06,8.135,9292000.0,1.6848496
2006-08-26,09292000,47373.71,6.24,311.09,10.41,-0.43,568.09,4.99,9292000.0,2.38427456
2006-08-27,09292000,47215.98,0.0,487.68,12.96,-0.79,451.62,6.085000000000001,9292000.0,2.0954432
2006-08-28,09292000,47057.51,0.0,478.01,15.23,1.67,533.28,8.45,9292000.0,1.7924534399999998
2006-08-29,09292000,46898.33,0.0,506.55,17.74,2.26,525.54,10.0,9292000.0,1.6706912
2006-08-30,09292000,46738.48,0.0,387.17,16.66,6.32,816.03,11.49,9292000.0,1.3592064
2006-08-31,09292000,46577.99,0.0,458.18,16.62,3.44,615.03,10.03,9292000.0,1.1411670399999998
2006-09-01,09292000,46416.91,0.0,470.99,16.7,2.79,579.38,9.745,9292000.0,1.05055328
2006-09-02,09292000,46255.26,0.0,492.89,16.76,1.4,512.4,9.08,9292000.0,1.0052464
2006-09-03,09292000,46093.07,0.0,477.13,17.31,2.56,565.43,9.935,9292000.0,1.7273248
2006-09-04,09292000,45930.38,0.0,451.4,17.48,3.82,637.4,10.65,9292000.0,1.9963344
2006-09-05,09292000,45767.23,0.0,383.25,15.54,4.75,750.05,10.145,9292000.0,1.97934432
2006-09-06,09292000,45603.64,2.99,302.31,15.32,3.61,766.69,9.465,9292000.0,1.61122592
2006-09-07,09292000,45439.64,4.4,277.96,12.69,2.36,723.93,7.524999999999999,9292000.0,1.33372128
2006-09-08,09292000,45275.26,5.46,193.92,7.68,1.08,660.16,4.38,9292000.0,1.7811267199999998
2006-09-09,09292000,45110.54,8.12,296.41,11.6,0.6,618.58,6.1,9292000.0,1.60839424
2006-09-10,09292000,44945.5,0.0,348.67,10.22,1.01,622.69,5.615,9292000.0,2.05013632
2006-09-11,09292000,44780.17,0.0,438.57,13.64,0.8,541.14,7.220000000000001,9292000.0,2.10110656
2006-09-12,09292000,44614.58,0.0,461.6,16.66,2.27,570.81,9.465,9292000.0,1.94536416
2006-09-13,09292000,44448.77,0.0,437.15,16.72,3.52,642.3,10.12,9292000.0,1.86324544
2006-09-14,09292000,44282.75,7.85,289.68,13.0,1.9,700.24,7.45,9292000.0,2.06146304
2006-09-15,09292000,44116.55,13.27,173.67,3.97,-1.86,532.84,1.0550000000000002,9292000.0,3.398016
2006-09-16,09292000,43950.2,6.22,239.82,-0.59,-7.82,339.2,-4.205,9292000.0,3.2281152
2006-09-17,09292000,43783.74,0.0,466.03,2.79,-8.93,310.98,-3.07,9292000.0,2.7325712
2006-09-18,09292000,43617.18,0.0,525.77,9.15,-5.85,359.34,1.6500000000000004,9292000.0,2.56550208
2006-09-19,09292000,43450.55,0.0,466.84,11.21,-1.18,522.77,5.015000000000001,9292000.0,2.42958144
2006-09-20,09292000,43283.89,2.73,234.33,4.49,-2.73,499.67,0.8800000000000001,9292000.0,2.31065088
2006-09-21,09292000,43117.21,4.4,243.11,3.02,-4.4,440.68,-0.6900000000000002,9292000.0,2.27100736
2006-09-22,09292000,42950.54,8.28,294.75,1.51,-7.71,342.18,-3.1,9292000.0,2.19172032
2006-09-23,09292000,42783.91,2.24,337.18,3.55,-7.69,342.59,-2.0700000000000003,9292000.0,2.2370272
2006-09-24,09292000,42617.35,0.0,502.27,7.57,-6.39,376.48,0.5900000000000003,9292000.0,2.1350867200000003
2006-09-25,09292000,42450.89,0.0,500.73,10.05,-4.29,433.18,2.8800000000000003,9292000.0,2.16057184
2006-09-26,09292000,42284.54,0.0,487.57,10.85,-3.06,476.49,3.895,9292000.0,2.0812848
2006-09-27,09292000,42118.34,0.0,445.88,11.39,-0.65,582.6,5.37,9292000.0,1.99916608
2006-09-28,09292000,41952.32,0.0,478.9,13.68,-0.29,576.78,6.695,9292000.0,1.91987904
2006-09-29,09292000,41786.5,0.0,434.18,13.6,1.6,675.42,7.6,9292000.0,1.8689088
2006-09-30,09292000,41620.92,0.0,471.77,14.41,0.16,590.8,7.285,9292000.0,1.80094848
2006-10-01,09292000,41455.59,1.95,373.74,13.26,1.83,696.69,7.545,9292000.0,1.78962176
2006-10-02,09292000,41290.54,3.26,239.6,9.44,0.4,628.85,4.92,9292000.0,1.80094848
2006-10-03,09292000,41125.82,6.21,269.26,9.29,-1.32,554.38,3.985,9292000.0,2.10110656
2006-10-04,09292000,40961.44,14.78,210.28,8.17,0.57,636.47,4.37,9292000.0,2.00199776
2006-10-05,09292000,40797.44,7.01,73.58,4.3,2.04,707.68,3.17,9292000.0,3.681184
2006-10-06,09292000,40633.84,23.7,109.24,3.58,0.03,612.09,1.805,9292000.0,4.9271232
2006-10-07,09292000,40470.68,0.0,320.6,4.17,-4.43,439.94,-0.1299999999999999,9292000.0,5.4085088
2006-10-08,09292000,40307.99,8.78,291.3,6.77,-5.32,411.2,0.7249999999999996,9292000.0,4.1908864
2006-10-09,09292000,40145.81,10.43,177.46,3.05,-3.06,487.33,-0.0050000000000001,9292000.0,3.964352
2006-10-10,09292000,39984.15,0.0,349.74,3.87,-6.19,384.86,-1.16,9292000.0,3.8794016
2006-10-11,09292000,39823.06,3.59,282.98,6.54,-5.27,412.7,0.6350000000000002,9292000.0,3.4829664
2006-10-12,09292000,39662.57,0.0,379.66,8.8,-3.21,481.99,2.7950000000000004,9292000.0,3.1997984
2006-10-13,09292000,39502.72,0.0,395.95,10.8,-2.66,502.37,4.07,9292000.0,2.9166304
2006-10-14,09292000,39343.54,0.0,251.72,4.42,-2.33,514.62,1.045,9292000.0,2.82884832
2006-10-15,09292000,39185.06,2.46,275.51,8.51,-3.54,470.14,2.485,9292000.0,2.6476208
2006-10-16,09292000,39027.33,5.46,226.02,4.31,-4.54,436.29,-0.1150000000000002,9292000.0,2.69292768
2006-10-17,09292000,38870.38,7.02,223.88,-1.34,-8.8,314.32,-5.07,9292000.0,2.63912576
2006-10-18,09292000,38714.24,5.26,289.95,-0.86,-11.55,252.74,-6.205,9292000.0,2.42674976
2006-10-19,09292000,38558.97,4.08,274.43,3.21,-6.7,369.9,-1.745,9292000.0,2.31914592
2006-10-20,09292000,38404.6,0.0,336.94,1.6,-7.2,355.91,-2.8,9292000.0,2.3644528
2006-10-21,09292000,38251.17,0.0,392.94,0.14,-11.25,258.74,-5.555,9292000.0,2.30215584
2006-10-22,09292000,38098.72,2.82,329.18,5.01,-10.9,266.16,-2.9450000000000003,9292000.0,2.12942336
2006-10-23,09292000,37947.29,3.67,311.61,10.59,-3.97,455.27,3.31,9292000.0,2.16340352
2006-10-24,09292000,37796.93,5.05,279.57,9.3,-2.38,512.74,3.4600000000000004,9292000.0,2.12659168
2006-10-25,09292000,37647.69,4.89,279.6,0.6,-10.68,270.86,-5.04,9292000.0,2.22853216
2006-10-26,09292000,37499.61,0.0,339.58,1.5,-8.18,329.77,-3.34,9292000.0,2.01615616
2006-10-27,09292000,37352.73,0.0,371.15,7.01,-4.55,435.77,1.23,9292000.0,2.02748288
2006-10-28,09292000,37207.1,0.0,389.38,10.4,-2.78,497.59,3.810000000000001,9292000.0,2.0104928
2006-10-29,09292000,37062.77,0.0,356.44,7.94,-3.19,482.7,2.375,9292000.0,1.95669088
2006-10-30,09292000,36919.79,0.0,275.54,3.49,-4.08,451.71,-0.2949999999999999,9292000.0,1.88589888
2006-10-31,09292000,36778.21,0.0,371.55,1.88,-10.08,284.19,-4.1,9292000.0,1.7414832
2006-11-01,09292000,36638.08,6.88,290.03,1.62,-11.92,245.21,-5.15,9292000.0,1.58007744
2006-11-02,09292000,36499.45,0.0,341.28,4.7,-6.01,390.0,-0.6549999999999998,9292000.0,1.73865152
2006-11-03,09292000,36362.38,0.0,310.6,5.25,-4.21,447.07,0.52,9292000.0,1.7839584
2006-11-04,09292000,36226.91,0.0,309.2,1.68,-7.94,336.03,-3.1300000000000003,9292000.0,1.74431488
2006-11-05,09292000,36093.1,0.0,341.42,3.38,-8.35,325.49,-2.485,9292000.0,1.65370112
2006-11-06,09292000,35961.0,0.0,284.45,6.12,-3.02,489.01,1.55,9292000.0,1.67918624
2006-11-07,09292000,35830.68,0.0,321.5,11.84,0.43,629.88,6.135,9292000.0,1.699008
2006-11-08,09292000,35702.18,0.0,284.67,9.06,-0.57,585.78,4.245,9292000.0,1.699008
2006-11-09,09292000,35575.56,2.87,250.38,2.01,-10.36,277.77,-4.175,9292000.0,1.66785952
2006-11-10,09292000,35450.88,0.0,348.41,-0.26,-13.7,212.31,-6.98,9292000.0,1.4639785600000002
2006-11-11,09292000,35328.19,5.37,192.62,-1.38,-9.76,291.29,-5.57,9292000.0,1.4639785600000002
2006-11-12,09292000,35207.56,0.0,306.82,-4.27,-14.89,192.4,-9.58,9292000.0,1.4724736
2006-11-13,09292000,35089.04,13.0,195.64,-2.3,-10.89,266.33,-6.595000000000001,9292000.0,1.4724736
2006-11-14,09292000,34972.69,21.91,222.3,-4.1,-14.15,204.57,-9.125,9292000.0,1.41584
2006-11-15,09292000,34858.56,3.18,277.85,2.46,-14.31,201.81,-5.925000000000001,9292000.0,1.3875232
2006-11-16,09292000,34746.73,0.0,296.31,3.32,-7.33,352.35,-2.005,9292000.0,1.2176224
2006-11-17,09292000,34637.23,0.0,317.45,3.73,-8.4,324.36,-2.335,9292000.0,1.0052464
2006-11-18,09292000,34530.14,0.0,326.03,2.86,-10.2,281.41,-3.67,9292000.0,0.9627712
2006-11-19,09292000,34425.52,0.0,347.09,6.19,-9.5,297.32,-1.6549999999999998,9292000.0,0.93728608
2006-11-20,09292000,34323.41,0.0,269.86,6.38,-3.77,462.21,1.305,9292000.0,0.9344544
2006-11-21,09292000,34223.88,0.0,266.98,4.56,-5.31,411.47,-0.375,9292000.0,0.9627712
2006-11-22,09292000,34126.99,0.0,267.92,4.23,-5.66,400.59,-0.7149999999999999,9292000.0,0.90896928
2006-11-23,09292000,34032.78,0.0,324.9,0.93,-12.79,228.53,-5.93,9292000.0,0.85233568
2006-11-24,09292000,33941.33,0.0,330.3,0.59,-14.12,205.01,-6.765,9292000.0,0.9344544
2006-11-25,09292000,33852.69,0.0,288.78,-0.4,-11.91,245.45,-6.155,9292000.0,1.0194048
2006-11-26,09292000,33766.9,0.0,271.69,-2.02,-12.53,233.53,-7.274999999999999,9292000.0,0.9627712
2006-11-27,09292000,33684.02,23.46,143.69,-6.84,-13.39,217.61,-10.115,9292000.0,0.920296
2006-11-28,09292000,33604.12,0.0,325.78,-10.89,-24.9,80.93,-17.895,9292000.0,0.9061376
2006-11-29,09292000,33527.23,0.0,290.23,-15.6,-27.0,66.78,-21.3,9292000.0,0.849504
2006-11-30,09292000,33453.41,0.0,348.18,-1.89,-20.23,122.38,-11.06,9292000.0,0.8211872
2006-12-01,09292000,33382.71,0.0,316.31,-7.51,-21.67,107.96,-14.59,9292000.0,0.7928704
2006-12-02,09292000,33315.18,0.0,298.76,-10.78,-23.54,91.47,-17.16,9292000.0,0.7928704
2006-12-03,09292000,33250.86,0.0,334.33,-0.77,-18.29,144.69,-9.53,9292000.0,0.7362368
2006-12-04,09292000,33189.79,0.0,291.61,3.01,-10.16,282.3,-3.575,9292000.0,0.7928704
2006-12-05,09292000,33132.03,0.0,252.53,1.92,-8.6,319.16,-3.34,9292000.0,0.849504
2006-12-06,09292000,33077.61,0.0,261.18,2.3,-8.88,312.38,-3.2900000000000005,9292000.0,0.9627712
2006-12-07,09292000,33026.56,0.0,288.7,5.01,-8.4,324.16,-1.6950000000000005,9292000.0,1.0760384
2006-12-08,09292000,32978.94,0.0,292.52,4.4,-9.55,296.2,-2.575,9292000.0,1.203464
2006-12-09,09292000,32934.76,0.0,255.13,-0.15,-11.19,260.09,-5.67,9292000.0,1.15532544
2006-12-10,09292000,32894.07,5.17,140.93,-5.23,-12.61,231.9,-8.92,9292000.0,1.1893056
2006-12-11,09292000,32856.9,4.7,161.13,-3.86,-12.54,233.36,-8.2,9292000.0,1.12134528
2006-12-12,09292000,32823.26,0.0,235.65,-1.12,-10.86,266.94,-5.99,9292000.0,1.4441568
2006-12-13,09292000,32793.2,0.0,257.23,1.88,-9.38,300.18,-3.75,9292000.0,1.15815712
2006-12-14,09292000,32766.72,0.0,218.27,3.99,-5.1,418.16,-0.5549999999999997,9292000.0,1.1666521600000002
2006-12-15,09292000,32743.86,0.0,210.56,1.79,-6.68,370.39,-2.445,9292000.0,1.15815712
2006-12-16,09292000,32724.62,4.28,132.36,-6.19,-12.92,226.1,-9.555,9292000.0,1.1609888
2006-12-17,09292000,32709.02,4.73,209.32,-8.56,-20.84,116.09,-14.7,9292000.0,1.132672
2006-12-18,09292000,32697.08,0.0,300.9,-7.21,-21.31,111.45,-14.26,9292000.0,0.9627712
2006-12-19,09292000,32688.8,3.52,229.62,-2.33,-17.3,157.3,-9.815,9292000.0,0.9627712
2006-12-20,09292000,32684.19,0.0,244.18,-3.77,-13.74,211.56,-8.755,9292000.0,1.0194048
2006-12-21,09292000,32683.26,0.0,300.19,1.74,-12.7,230.19,-5.48,9292000.0,1.132672
2006-12-22,09292000,32686.0,2.55,187.8,-2.58,-13.13,222.34,-7.855,9292000.0,1.1893056
2006-12-23,09292000,32692.41,0.0,326.89,1.22,-16.95,162.08,-7.864999999999999,9292000.0,1.1893056
2006-12-24,09292000,32702.49,0.0,234.68,-4.91,-14.41,200.3,-9.66,9292000.0,1.132672
2006-12-25,09292000,32716.23,0.0,291.88,2.86,-10.78,268.67,-3.96,9292000.0,1.0760384
2006-12-26,09292000,32733.61,0.0,210.82,2.65,-5.78,397.05,-1.5650000000000002,9292000.0,1.06471168
2006-12-27,09292000,32754.64,8.16,91.11,-3.3,-7.77,340.69,-5.535,9292000.0,1.05621664
2006-12-28,09292000,32779.28,0.0,198.11,-3.27,-10.72,270.04,-6.995,9292000.0,1.07320672
2006-12-29,09292000,32807.52,0.0,276.14,-1.25,-12.77,228.91,-7.01,9292000.0,1.1043552
2006-12-30,09292000,32839.34,0.0,289.52,1.29,-11.04,263.19,-4.875,9292000.0,1.0194048
2006-12-31,09292000,32874.72,0.0,303.42,2.16,-11.27,258.36,-4.555,9292000.0,1.0194048
2007-01-01,09292000,32913.8,0.0,266.48,0.24,-12.68,230.6,-6.22,9292000.0,1.0760384
2007-01-02,09292000,32956.22,0.0,287.86,2.67,-12.02,243.25,-4.675,9292000.0,1.132672
2007-01-03,09292000,33002.11,0.0,197.66,3.71,-5.06,419.37,-0.6749999999999998,9292000.0,1.0194048
2007-01-04,09292000,33051.44,11.47,184.4,-2.84,-14.06,206.15,-8.45,9292000.0,1.02223648
2007-01-05,09292000,33104.16,0.0,220.47,-11.74,-21.24,112.15,-16.49,9292000.0,1.0194048
2007-01-06,09292000,33160.24,4.56,223.23,-5.38,-20.16,123.16,-12.77,9292000.0,1.0194048
2007-01-07,09292000,33219.65,3.53,232.87,-2.48,-18.44,142.87,-10.46,9292000.0,1.0760384
2007-01-08,09292000,33282.33,0.0,218.33,2.01,-7.39,350.67,-2.69,9292000.0,1.0194048
2007-01-09,09292000,33348.25,0.0,281.24,4.72,-8.5,321.7,-1.89,9292000.0,1.0760384
2007-01-10,09292000,33417.36,0.0,246.24,1.5,-9.23,303.78,-3.865,9292000.0,1.132672
2007-01-11,09292000,33489.61,7.36,108.42,-6.25,-11.98,244.0,-9.115,9292000.0,1.1043552
2007-01-12,09292000,33564.96,8.17,183.81,-7.84,-18.1,147.03,-12.97,9292000.0,1.0760384
2007-01-13,09292000,33643.35,0.0,310.3,-11.67,-25.86,74.14,-18.765,9292000.0,0.9627712
2007-01-14,09292000,33724.73,0.0,315.27,-12.42,-26.86,67.61,-19.64,9292000.0,0.9061376
2007-01-15,09292000,33809.06,0.0,334.88,-7.27,-23.44,92.29,-15.355,9292000.0,0.849504
2007-01-16,09292000,33896.27,0.0,351.74,-1.6,-19.65,128.7,-10.625,9292000.0,0.849504
2007-01-17,09292000,33986.31,0.0,334.78,-4.57,-20.24,122.33,-12.405,9292000.0,0.849504
2007-01-18,09292000,34079.13,0.0,349.33,-2.42,-19.42,131.34,-10.920000000000002,9292000.0,0.849504
2007-01-19,09292000,34174.68,0.0,340.77,1.76,-14.28,202.47,-6.26,9292000.0,0.9061376
2007-01-20,09292000,34272.88,0.0,348.67,-1.58,-18.02,148.03,-9.8,9292000.0,0.9061376
2007-01-21,09292000,34373.7,0.0,302.32,-7.94,-20.4,120.61,-14.17,9292000.0,0.9061376
2007-01-22,09292000,34477.06,0.0,373.14,-0.1,-18.94,136.8,-9.52,9292000.0,0.9627712
2007-01-23,09292000,34582.92,0.0,281.75,2.23,-8.99,309.65,-3.38,9292000.0,0.9627712
2007-01-24,09292000,34691.2,0.0,332.16,5.26,-9.08,307.42,-1.91,9292000.0,1.0194048
2007-01-25,09292000,34801.87,0.0,344.13,5.89,-9.2,304.45,-1.6549999999999998,9292000.0,1.0194048
2007-01-26,09292000,34914.85,0.0,336.54,3.2,-10.98,264.41,-3.89,9292000.0,1.0760384
2007-01-27,09292000,35030.08,0.0,345.76,-1.53,-16.03,175.11,-8.780000000000001,9292000.0,1.0760384
2007-01-28,09292000,35147.52,0.0,372.22,0.12,-16.46,168.83,-8.17,9292000.0,1.132672
2007-01-29,09292000,35267.09,0.0,310.61,-0.54,-12.45,234.9,-6.494999999999999,9292000.0,1.132672
2007-01-30,09292000,35388.75,0.0,314.52,-2.93,-14.86,192.93,-8.895,9292000.0,1.132672
2007-01-31,09292000,35512.43,0.0,313.63,-8.9,-20.5,119.55,-14.7,9292000.0,1.132672
2007-02-01,09292000,35638.08,0.0,238.51,-13.28,-21.28,111.74,-17.28,9292000.0,1.132672
2007-02-02,09292000,35765.64,0.0,338.74,-8.15,-20.7,117.47,-14.425,9292000.0,1.0194048
2007-02-03,09292000,35895.05,0.0,303.03,-1.14,-11.86,246.51,-6.5,9292000.0,0.9061376
2007-02-04,09292000,36026.26,0.0,257.31,1.62,-7.1,358.62,-2.74,9292000.0,0.7645535999999999
2007-02-05,09292000,36159.21,0.0,333.97,7.78,-4.43,439.88,1.6750000000000005,9292000.0,0.7560585599999999
2007-02-06,09292000,36293.85,0.0,333.7,8.39,-3.6,468.23,2.3950000000000005,9292000.0,0.7645535999999999
2007-02-07,09292000,36430.12,0.0,355.24,6.28,-6.66,370.99,-0.1899999999999999,9292000.0,0.7503952
2007-02-08,09292000,36567.97,0.0,271.43,1.69,-7.07,359.54,-2.6900000000000004,9292000.0,0.7475635199999999
2007-02-09,09292000,36707.35,0.0,290.98,2.13,-7.27,353.96,-2.57,9292000.0,0.74473184
2007-02-10,09292000,36848.2,5.61,185.54,2.14,-5.65,400.91,-1.755,9292000.0,0.74473184
2007-02-11,09292000,36990.48,10.85,197.8,-0.5,-8.61,318.88,-4.555,9292000.0,0.80419712
2007-02-12,09292000,37134.14,0.0,365.93,-2.14,-14.12,205.14,-8.129999999999999,9292000.0,0.7730486400000001
2007-02-13,09292000,37279.12,0.0,412.74,-2.1,-16.54,167.72,-9.32,9292000.0,0.7730486400000001
2007-02-14,09292000,37425.37,0.0,288.01,-7.79,-16.14,173.4,-11.965,9292000.0,0.7645535999999999
2007-02-15,09292000,37572.85,4.6,253.5,-3.05,-13.02,224.36,-8.035,9292000.0,0.7362368
2007-02-16,09292000,37721.52,0.0,248.02,-2.15,-8.81,314.05,-5.48,9292000.0,0.71358336
2007-02-17,09292000,37871.32,0.0,433.38,2.26,-11.64,250.82,-4.69,9292000.0,0.8211872
2007-02-18,09292000,38022.21,0.0,440.56,2.44,-11.65,250.7,-4.605,9292000.0,0.81835552
2007-02-19,09292000,38174.15,6.69,354.03,-0.98,-17.02,161.08,-9.0,9292000.0,0.7419001599999999
2007-02-20,09292000,38327.09,0.0,486.97,1.4,-15.56,182.02,-7.08,9292000.0,0.7362368
2007-02-21,09292000,38481.0,0.0,412.25,2.64,-9.11,306.63,-3.2349999999999994,9292000.0,0.7362368
2007-02-22,09292000,38635.82,0.0,415.31,1.77,-9.95,287.06,-4.09,9292000.0,0.7334051199999999
2007-02-23,09292000,38791.52,5.5,343.25,-3.48,-17.01,161.21,-10.245,9292000.0,0.80986048
2007-02-24,09292000,38948.06,3.42,342.46,-4.69,-17.8,150.87,-11.245,9292000.0,0.849504
2007-02-25,09292000,39105.41,6.33,277.94,-5.46,-14.67,196.06,-10.065,9292000.0,0.849504
2007-02-26,09292000,39263.51,5.71,298.41,-5.21,-15.07,189.69,-10.14,9292000.0,0.849504
2007-02-27,09292000,39422.34,13.44,388.02,-6.55,-21.72,107.46,-14.135,9292000.0,0.88631584
2007-02-28,09292000,39581.86,0.0,527.81,-7.29,-22.72,98.39,-15.005,9292000.0,0.849504
2007-03-01,09292000,39742.04,0.0,350.66,-12.35,-20.19,122.87,-16.27,9292000.0,0.849504
2007-03-02,09292000,39902.83,4.5,301.8,-13.09,-22.3,102.13,-17.695,9292000.0,0.7362368
2007-03-03,09292000,40064.2,0.0,582.95,-1.81,-22.26,102.49,-12.035,9292000.0,0.7928704
2007-03-04,09292000,40226.13,0.0,571.26,8.03,-11.27,258.5,-1.62,9292000.0,0.7362368
2007-03-05,09292000,40388.57,0.0,505.42,7.09,-6.77,367.98,0.1600000000000001,9292000.0,0.7362368
2007-03-06,09292000,40551.49,0.0,503.96,5.54,-8.07,332.58,-1.265,9292000.0,0.73057344
2007-03-07,09292000,40714.87,0.0,520.19,5.1,-9.21,304.26,-2.0550000000000006,9292000.0,0.77021696
2007-03-08,09292000,40878.67,2.58,370.64,2.18,-10.73,269.79,-4.275,9292000.0,0.80136544
2007-03-09,09292000,41042.87,0.0,552.59,5.71,-10.2,273.94,-2.245,9292000.0,0.78720704
2007-03-10,09292000,41207.42,0.0,479.25,1.96,-10.04,285.02,-4.039999999999999,9292000.0,0.8211872
2007-03-11,09292000,41372.31,0.0,553.63,7.73,-8.14,313.68,-0.205,9292000.0,0.8211872
2007-03-12,09292000,41537.49,0.0,520.63,11.79,-2.56,469.24,4.614999999999999,9292000.0,0.89764256
2007-03-13,09292000,41702.95,0.0,477.81,10.21,-2.23,501.48,3.99,9292000.0,0.98825632
2007-03-14,09292000,41868.66,0.0,452.22,7.65,-3.61,467.95,2.0200000000000005,9292000.0,1.00241472
2007-03-15,09292000,42034.58,0.0,436.86,4.78,-5.68,399.93,-0.4499999999999997,9292000.0,0.97976128
2007-03-16,09292000,42200.7,0.0,514.59,10.08,-3.45,444.88,3.315,9292000.0,0.93728608
2007-03-17,09292000,42366.97,0.0,521.43,11.69,-2.18,478.46,4.755,9292000.0,0.98259296
2007-03-18,09292000,42533.38,0.0,510.53,11.02,-2.43,475.4,4.295,9292000.0,1.0675433600000002
2007-03-19,09292000,42699.89,0.0,509.36,9.58,-3.62,437.2,2.98,9292000.0,1.1043552
2007-03-20,09292000,42866.49,0.0,433.34,7.42,-2.92,492.43,2.25,9292000.0,1.13833536
2007-03-21,09292000,43033.14,8.41,398.51,4.67,-8.82,313.64,-2.075,9292000.0,1.08453344
2007-03-22,09292000,43199.82,2.5,454.18,7.23,-10.15,278.74,-1.46,9292000.0,0.95427616
2007-03-23,09292000,43366.49,0.0,514.37,5.63,-6.83,343.28,-0.6000000000000001,9292000.0,0.98259296
2007-03-24,09292000,43533.14,0.0,523.27,6.88,-5.87,356.26,0.5049999999999999,9292000.0,0.93728608
2007-03-25,09292000,43699.74,0.0,587.46,8.43,-7.0,299.47,0.7149999999999999,9292000.0,0.98542464
2007-03-26,09292000,43866.26,0.0,476.13,7.3,-3.68,426.32,1.81,9292000.0,1.05055328
2007-03-27,09292000,44032.67,9.24,277.1,1.15,-6.74,368.83,-2.795,9292000.0,1.05904832
2007-03-28,09292000,44198.94,8.71,333.6,-2.38,-11.98,244.12,-7.18,9292000.0,1.01374144
2007-03-29,09292000,44365.05,3.22,332.79,-4.84,-14.15,204.5,-9.495,9292000.0,0.92312768
2007-03-30,09292000,44530.98,0.0,612.03,-0.78,-15.58,177.64,-8.18,9292000.0,0.94011776
2007-03-31,09292000,44696.68,0.0,505.68,4.63,-6.45,358.4,-0.91,9292000.0,1.08736512
2007-04-01,09292000,44862.15,0.0,448.87,5.43,-4.05,443.24,0.69,9292000.0,1.19213728
2007-04-02,09292000,45027.33,0.0,454.1,5.48,-3.84,447.19,0.8200000000000003,9292000.0,1.25160256
2007-04-03,09292000,45192.22,0.0,586.64,7.69,-5.4,350.37,1.145,9292000.0,1.32522624
2007-04-04,09292000,45356.77,0.0,537.32,9.6,-1.76,466.39,3.92,9292000.0,1.3308896
2007-04-05,09292000,45520.97,0.0,564.36,8.42,-3.61,384.6,2.405,9292000.0,1.45265184
2007-04-06,09292000,45684.77,0.0,601.99,8.75,-4.5,345.89,2.125,9292000.0,1.56025568
2007-04-07,09292000,45848.15,0.0,562.88,7.79,-3.97,368.69,1.91,9292000.0,1.6423744
2007-04-08,09292000,46011.08,0.0,557.97,6.45,-4.89,345.24,0.7800000000000002,9292000.0,1.72166144
2007-04-09,09292000,46173.52,0.0,644.1,6.25,-8.17,249.22,-0.96,9292000.0,1.76696832
2007-04-10,09292000,46335.44,3.72,328.6,-5.73,-13.69,212.37,-9.71,9292000.0,1.8122752
2007-04-11,09292000,46496.82,2.24,486.34,-0.84,-14.93,188.63,-7.885,9292000.0,1.63387936
2007-04-12,09292000,46657.61,4.03,422.91,0.18,-10.77,266.73,-5.295,9292000.0,1.6423744
2007-04-13,09292000,46817.79,0.0,609.24,1.97,-10.18,226.8,-4.105,9292000.0,1.52344384
2007-04-14,09292000,46977.31,3.47,545.94,9.02,-10.03,222.62,-0.5049999999999999,9292000.0,1.4668102399999998
2007-04-15,09292000,47136.14,0.0,549.64,6.27,-4.28,356.23,0.9949999999999996,9292000.0,1.51211712
2007-04-16,09292000,47294.25,4.57,403.36,5.63,-4.59,406.59,0.52,9292000.0,1.5659190399999998
2007-04-17,09292000,47451.59,0.0,678.66,8.75,-5.99,271.64,1.38,9292000.0,1.43283008
2007-04-18,09292000,47608.14,0.0,664.88,1.32,-12.55,187.63,-5.615,9292000.0,1.57441408
2007-04-19,09292000,47763.84,4.7,468.68,-0.48,-12.96,219.09,-6.720000000000001,9292000.0,1.49229536
2007-04-20,09292000,47918.67,0.0,540.52,1.9,-7.98,297.72,-3.04,9292000.0,1.56308736
2007-04-21,09292000,48072.57,4.4,483.4,4.13,-8.71,289.07,-2.2900000000000005,9292000.0,1.59140416
2007-04-22,09292000,48225.52,14.23,450.87,1.31,-9.84,284.25,-4.265,9292000.0,1.5857408
2007-04-23,09292000,48377.46,9.3,510.24,4.34,-9.3,285.4,-2.4800000000000004,9292000.0,1.68768128
2007-04-24,09292000,48528.35,0.0,565.19,5.55,-4.37,399.2,0.5899999999999999,9292000.0,1.65086944
2007-04-25,09292000,48678.16,0.0,747.54,9.8,-6.8,274.0,1.5000000000000004,9292000.0,1.628216
2007-04-26,09292000,48826.82,0.0,638.76,8.0,-4.14,371.98,1.93,9292000.0,1.66785952
2007-04-27,09292000,48974.31,0.0,709.05,11.38,-3.54,351.73,3.92,9292000.0,1.53477056
2007-04-28,09292000,49120.57,0.0,717.1,13.79,-1.82,383.87,5.984999999999999,9292000.0,1.62538432
2007-04-29,09292000,49265.55,0.0,680.05,15.05,0.94,476.57,7.995,9292000.0,1.982176
2007-04-30,09292000,49409.2,0.0,646.41,13.63,0.71,490.09,7.17,9292000.0,3.3696992
2007-05-01,09292000,49551.49,2.71,460.63,12.37,0.18,566.87,6.275,9292000.0,6.0031616
2007-05-02,09292000,49692.34,7.31,373.13,9.55,0.45,630.75,5.0,9292000.0,6.1730624
2007-05-03,09292000,49831.73,10.4,431.21,2.81,-7.72,341.94,-2.455,9292000.0,6.512864
2007-05-04,09292000,49969.58,7.79,322.97,0.16,-7.06,359.69,-3.45,9292000.0,4.9271232
2007-05-05,09292000,50105.86,6.48,395.35,1.51,-7.55,346.49,-3.02,9292000.0,3.822768
2007-05-06,09292000,50240.5,2.5,380.22,1.63,-6.87,365.12,-2.62,9292000.0,3.0015808
2007-05-07,09292000,50373.45,0.0,701.47,6.74,-6.83,324.46,-0.0449999999999999,9292000.0,2.54568032
2007-05-08,09292000,50504.67,0.0,748.06,11.61,-4.28,360.65,3.665,9292000.0,2.55983872
2007-05-09,09292000,50634.08,0.0,704.9,11.89,-2.16,432.34,4.865,9292000.0,3.4546496
2007-05-10,09292000,50761.65,0.0,717.67,14.14,-0.79,462.06,6.675000000000001,9292000.0,5.9748448
2007-05-11,09292000,50887.3,0.0,671.64,14.63,1.38,555.45,8.005,9292000.0,8.2685056
2007-05-12,09292000,51010.98,0.0,608.77,14.14,2.72,632.86,8.43,9292000.0,10.5621664
2007-05-13,09292000,51132.65,0.0,608.22,14.09,2.7,612.49,8.395,9292000.0,12.0912736
2007-05-14,09292000,51252.23,0.0,671.78,11.25,-1.65,437.64,4.8,9292000.0,10.6754336
2007-05-15,09292000,51369.66,0.0,706.8,11.72,-2.5,397.74,4.61,9292000.0,10.052464
2007-05-16,09292000,51484.91,0.0,682.08,13.03,-0.49,462.01,6.27,9292000.0,9.7976128
2007-05-17,09292000,51597.89,0.0,677.32,12.99,-0.33,461.37,6.33,9292000.0,8.8631584
2007-05-18,09292000,51708.56,0.0,655.16,13.64,1.0,513.03,7.32,9292000.0,8.2685056
2007-05-19,09292000,51816.85,0.0,666.01,14.22,1.17,510.73,7.695,9292000.0,9.0896928
2007-05-20,09292000,51922.71,5.66,493.37,14.07,0.89,585.21,7.48,9292000.0,9.061376
2007-05-21,09292000,52026.08,4.88,561.69,9.68,-6.97,322.32,1.355,9292000.0,8.3817728
2007-05-22,09292000,52126.9,0.0,658.16,2.09,-10.44,252.14,-4.175,9292000.0,7.0508832
2007-05-23,09292000,52225.11,0.0,587.85,3.3,-7.28,330.87,-1.99,9292000.0,6.1730624
2007-05-24,09292000,52320.66,0.0,644.9,5.25,-6.93,319.37,-0.8399999999999999,9292000.0,5.6350432
2007-05-25,09292000,52413.49,0.0,667.95,10.35,-2.59,400.61,3.88,9292000.0,4.9837568
2007-05-26,09292000,52503.54,0.0,619.92,11.69,0.09,492.47,5.89,9292000.0,5.3235584
2007-05-27,09292000,52590.76,0.0,678.98,14.61,1.19,476.18,7.899999999999999,9292000.0,5.5784096
2007-05-28,09292000,52675.09,0.0,707.1,13.36,-0.96,392.45,6.199999999999999,9292000.0,5.8332608
2007-05-29,09292000,52756.48,0.0,603.76,8.14,-2.75,383.08,2.6950000000000003,9292000.0,5.6067264
2007-05-30,09292000,52834.87,0.0,700.88,9.53,-4.3,304.22,2.615,9292000.0,5.380192
2007-05-31,09292000,52910.23,0.0,695.98,12.14,-1.7,355.59,5.220000000000001,9292000.0,5.2102912
2007-06-01,09292000,52982.49,0.0,611.92,13.05,1.64,476.82,7.345000000000001,9292000.0,5.2669248
2007-06-02,09292000,53051.6,0.0,656.86,13.76,0.95,427.14,7.354999999999999,9292000.0,5.4651424
2007-06-03,09292000,53117.53,0.0,607.76,13.49,1.94,485.79,7.715,9292000.0,5.2102912
2007-06-04,09292000,53180.22,0.0,648.47,15.45,2.5,470.16,8.975,9292000.0,4.9271232
2007-06-05,09292000,53239.63,0.0,585.37,14.94,3.69,553.46,9.315,9292000.0,5.238608
2007-06-06,09292000,53295.72,6.64,461.25,7.7,-4.25,390.36,1.725,9292000.0,5.1819744
2007-06-07,09292000,53348.45,0.0,386.29,1.64,-4.89,424.84,-1.625,9292000.0,4.24752
2007-06-08,09292000,53397.78,0.0,610.4,7.97,-3.37,361.29,2.3,9292000.0,3.7095008
2007-06-09,09292000,53443.68,0.0,696.96,13.65,-0.61,372.32,6.5200000000000005,9292000.0,3.3413824
2007-06-10,09292000,53486.11,0.0,679.67,16.01,2.19,448.87,9.1,9292000.0,3.3413824
2007-06-11,09292000,53525.04,0.0,538.62,14.55,4.7,639.63,9.625,9292000.0,3.3696992
2007-06-12,09292000,53560.44,0.0,601.43,13.14,1.78,493.45,7.46,9292000.0,3.1714816
2007-06-13,09292000,53592.28,0.0,676.01,15.94,2.09,447.41,9.015,9292000.0,3.114848
2007-06-14,09292000,53620.55,0.0,685.24,17.86,3.49,476.67,10.675,9292000.0,3.0582144
2007-06-15,09292000,53645.21,0.0,676.72,18.99,4.77,519.37,11.88,9292000.0,3.0298976
2007-06-16,09292000,53666.26,0.0,666.51,20.56,6.5,582.1,13.53,9292000.0,3.0865312
2007-06-17,09292000,53683.67,0.0,640.5,16.18,3.19,502.02,9.685,9292000.0,3.1714816
2007-06-18,09292000,53697.43,0.0,645.71,14.87,1.73,457.24,8.299999999999999,9292000.0,2.9166304
2007-06-19,09292000,53707.54,0.0,681.72,18.95,4.12,493.5,11.535,9292000.0,2.61364064
2007-06-20,09292000,53713.97,0.0,680.93,20.6,5.71,510.65,13.155,9292000.0,2.5060368
2007-06-21,09292000,53716.74,0.0,641.14,19.17,5.78,540.57,12.475,9292000.0,2.4607299200000003
2007-06-22,09292000,53715.83,0.0,648.77,20.16,6.24,546.2,13.2,9292000.0,2.35595776
2007-06-23,09292000,53711.24,0.0,674.16,21.19,6.0,512.69,13.595,9292000.0,2.25968064
2007-06-24,09292000,53702.99,0.0,585.79,20.22,8.12,676.46,14.169999999999998,9292000.0,2.20304704
2007-06-25,09292000,53691.07,0.0,646.35,19.01,4.82,503.87,11.915,9292000.0,2.16340352
2007-06-26,09292000,53675.5,0.0,676.09,19.91,4.34,429.57,12.125,9292000.0,2.04730464
2007-06-27,09292000,53656.28,0.0,631.68,19.7,5.93,475.29,12.815,9292000.0,1.99350272
2007-06-28,09292000,53633.44,0.0,660.86,20.72,5.53,420.71,13.125,9292000.0,1.9397008
2007-06-29,09292000,53606.99,0.0,617.89,21.05,7.41,513.0,14.23,9292000.0,1.89439392
2007-06-30,09292000,53576.95,0.0,633.48,21.6,7.25,490.66,14.425,9292000.0,1.84908704
2007-07-01,09292000,53543.34,0.0,644.27,21.98,6.93,469.57,14.455,9292000.0,1.82360192
2007-07-02,09292000,53506.18,0.0,647.6,22.94,7.47,478.94,15.205,9292000.0,1.77829504
2007-07-03,09292000,53465.52,0.0,617.01,22.04,7.69,518.76,14.865,9292000.0,1.7414832
2007-07-04,09292000,53421.36,0.0,632.27,22.33,7.16,486.16,14.745,9292000.0,1.71599808
2007-07-05,09292000,53373.76,0.0,586.07,19.93,6.49,518.28,13.21,9292000.0,1.73298816
2007-07-06,09292000,53322.74,0.0,598.39,20.69,6.62,507.77,13.655,9292000.0,1.74714656
2007-07-07,09292000,53268.34,0.0,585.04,21.38,7.44,545.35,14.41,9292000.0,1.8689088
2007-07-08,09292000,53210.6,0.0,523.34,19.01,7.11,607.48,13.06,9292000.0,1.71599808
2007-07-09,09292000,53149.56,0.0,580.49,21.62,7.59,555.0,14.605,9292000.0,1.64520608
2007-07-10,09292000,53085.26,0.0,583.01,21.6,7.39,526.45,14.495,9292000.0,1.62538432
2007-07-11,09292000,53017.74,0.0,555.66,20.91,7.55,551.18,14.23,9292000.0,1.5857408
2007-07-12,09292000,52947.06,3.38,281.94,15.41,7.11,876.39,11.26,9292000.0,1.25726592
2007-07-13,09292000,52873.26,0.0,555.02,18.77,5.47,489.54,12.12,9292000.0,1.29974112
2007-07-14,09292000,52796.4,6.63,442.77,20.71,5.41,566.84,13.06,9292000.0,1.55459232
2007-07-15,09292000,52716.51,10.78,416.27,20.63,6.64,680.72,13.635,9292000.0,2.47772
2007-07-16,09292000,52633.66,0.0,504.89,19.91,7.93,676.13,13.92,9292000.0,2.61647232
2007-07-17,09292000,52547.89,0.0,418.17,17.01,7.58,775.44,12.295000000000002,9292000.0,2.45789824
2007-07-18,09292000,52459.26,0.0,489.26,20.1,6.68,638.05,13.39,9292000.0,1.95952256
2007-07-19,09292000,52367.82,0.0,489.68,20.69,7.28,638.09,13.985,9292000.0,1.94536416
2007-07-20,09292000,52273.64,0.0,503.04,21.25,7.26,620.58,14.255,9292000.0,1.87740384
2007-07-21,09292000,52176.77,0.0,476.81,21.24,8.35,674.38,14.794999999999998,9292000.0,1.71599808
2007-07-22,09292000,52077.25,3.53,331.41,21.09,9.31,842.47,15.2,9292000.0,1.70467136
2007-07-23,09292000,51975.16,0.0,465.08,20.56,8.4,566.6,14.48,9292000.0,1.6423744
2007-07-24,09292000,51870.55,4.63,298.4,17.59,7.54,787.31,12.565,9292000.0,2.05579968
2007-07-25,09292000,51763.48,9.59,260.26,16.14,7.68,893.4,11.91,9292000.0,2.4040963200000003
2007-07-26,09292000,51654.0,7.2,313.1,16.6,6.15,774.8,11.375,9292000.0,3.1714816
2007-07-27,09292000,51542.18,0.0,419.39,16.78,6.5,696.4,11.64,9292000.0,4.0776192
2007-07-28,09292000,51428.07,3.59,352.61,18.16,5.93,738.67,12.045,9292000.0,2.51736352
2007-07-29,09292000,51311.73,5.15,334.65,18.08,6.72,818.22,12.4,9292000.0,2.11809664
2007-07-30,09292000,51193.22,2.93,360.77,19.69,6.93,811.11,13.31,9292000.0,1.84625536
2007-07-31,09292000,51072.6,0.0,434.25,19.13,8.43,808.92,13.78,9292000.0,1.61972096
2007-08-01,09292000,50949.93,0.0,483.78,19.66,7.34,660.54,13.5,9292000.0,1.56308736
2007-08-02,09292000,50825.26,0.0,316.79,14.91,7.81,869.87,11.36,9292000.0,1.48096864
2007-08-03,09292000,50698.66,4.56,265.58,15.11,7.11,867.71,11.11,9292000.0,1.60556256
2007-08-04,09292000,50570.17,0.0,480.23,17.44,5.88,512.71,11.66,9292000.0,1.82360192
2007-08-05,09292000,50439.86,2.47,359.67,18.03,6.22,648.31,12.125,9292000.0,1.83209696
2007-08-06,09292000,50307.77,0.0,487.41,16.73,5.01,483.2,10.87,9292000.0,1.67635456
2007-08-07,09292000,50173.97,0.0,488.87,16.94,5.13,485.56,11.035,9292000.0,1.47813696
2007-08-08,09292000,50038.52,0.0,535.18,17.95,4.03,406.81,10.99,9292000.0,1.3393846399999998
2007-08-09,09292000,49901.45,0.0,525.21,18.59,5.11,444.01,11.85,9292000.0,1.22328576
2007-08-10,09292000,49762.83,0.0,482.27,18.03,6.38,532.24,12.205,9292000.0,1.14399872
2007-08-11,09292000,49622.71,0.0,526.96,19.39,5.56,454.25,12.475,9292000.0,1.1411670399999998
2007-08-12,09292000,49481.14,0.0,491.12,20.38,8.03,571.89,14.204999999999998,9292000.0,1.12134528
2007-08-13,09292000,49338.17,0.0,499.42,20.97,8.28,569.77,14.625,9292000.0,1.31956288
2007-08-14,09292000,49193.85,17.72,383.86,20.26,6.58,647.06,13.420000000000002,9292000.0,1.53193888
2007-08-15,09292000,49048.23,5.96,361.51,18.04,5.66,732.07,11.85,9292000.0,1.91421568
2007-08-16,09292000,48901.36,0.0,507.68,19.64,6.12,621.78,12.88,9292000.0,1.70183968
2007-08-17,09292000,48753.29,9.09,307.03,16.9,7.02,903.09,11.96,9292000.0,1.75847328
2007-08-18,09292000,48604.05,7.43,253.73,14.52,6.83,989.51,10.675,9292000.0,2.60797728
2007-08-19,09292000,48453.7,0.0,457.14,17.55,6.39,742.85,11.97,9292000.0,2.00199776
2007-08-20,09292000,48302.28,0.0,483.57,17.82,5.6,661.95,11.71,9292000.0,1.53760224
2007-08-21,09292000,48149.84,0.0,497.32,19.71,6.67,689.07,13.19,9292000.0,1.32522624
2007-08-22,09292000,47996.41,0.0,509.93,19.7,5.93,645.4,12.815,9292000.0,1.54043392
2007-08-23,09292000,47842.04,2.65,340.26,15.55,4.1,737.44,9.825,9292000.0,1.34221632
2007-08-24,09292000,47686.78,0.0,529.82,18.24,2.92,528.85,10.579999999999998,9292000.0,1.27991936
2007-08-25,09292000,47530.65,0.0,522.33,20.32,5.02,607.52,12.67,9292000.0,1.46964192
2007-08-26,09292000,47373.71,8.81,367.76,19.98,5.83,792.42,12.905,9292000.0,1.46964192
2007-08-27,09292000,47215.98,8.37,289.27,14.01,4.4,836.14,9.205,9292000.0,1.39035488
2007-08-28,09292000,47057.51,8.08,325.78,15.8,4.32,815.72,10.06,9292000.0,1.31956288
2007-08-29,09292000,46898.33,0.0,452.71,16.91,4.81,753.77,10.86,9292000.0,1.2600976
2007-08-30,09292000,46738.48,0.0,456.16,18.4,5.94,804.73,12.17,9292000.0,1.5659190399999998
2007-08-31,09292000,46577.99,3.06,315.45,17.1,5.86,925.87,11.48,9292000.0,1.557424
2007-09-01,09292000,46416.91,0.0,451.59,17.5,4.98,771.88,11.24,9292000.0,1.557424
2007-09-02,09292000,46255.26,4.46,282.67,16.56,6.62,975.64,11.59,9292000.0,1.53477056
2007-09-03,09292000,46093.07,0.0,402.14,16.77,6.05,887.58,11.41,9292000.0,1.6706912
2007-09-04,09292000,45930.38,5.37,322.21,17.47,5.35,893.49,11.41,9292000.0,1.62538432
2007-09-05,09292000,45767.23,27.79,217.59,9.57,2.51,731.6,6.04,9292000.0,2.2795024
2007-09-06,09292000,45603.64,0.0,428.32,12.77,1.18,664.92,6.975,9292000.0,2.78354144
2007-09-07,09292000,45439.64,0.0,473.2,14.29,0.44,614.31,7.364999999999999,9292000.0,2.12942336
2007-09-08,09292000,45275.26,0.0,424.8,14.89,3.16,766.1,9.025,9292000.0,2.0954432
2007-09-09,09292000,45110.54,0.0,478.6,14.83,0.31,606.39,7.57,9292000.0,1.72449312
2007-09-10,09292000,44945.5,0.0,493.62,13.04,-2.48,496.88,5.279999999999999,9292000.0,1.32522624
2007-09-11,09292000,44780.17,0.0,446.69,14.74,1.62,682.96,8.18,9292000.0,1.274256
2007-09-12,09292000,44614.58,0.0,482.72,16.43,0.82,623.73,8.625,9292000.0,1.2657609600000002
2007-09-13,09292000,44448.77,0.0,437.95,16.92,3.73,789.75,10.325,9292000.0,1.2685926399999998
2007-09-14,09292000,44282.75,0.0,352.62,14.68,5.1,878.25,9.89,9292000.0,1.37902816
2007-09-15,09292000,44116.55,0.0,337.51,13.98,4.96,869.46,9.47,9292000.0,1.557424
2007-09-16,09292000,43950.2,0.0,389.62,13.85,2.9,752.03,8.375,9292000.0,1.44698848
2007-09-17,09292000,43783.74,0.0,420.34,11.62,-0.71,579.68,5.455,9292000.0,1.42433504
2007-09-18,09292000,43617.18,0.0,406.45,10.55,-1.21,558.88,4.67,9292000.0,1.39035488
2007-09-19,09292000,43450.55,0.0,373.51,10.39,-0.1,606.42,5.1450000000000005,9292000.0,1.35637472
2007-09-20,09292000,43283.89,0.0,407.6,13.28,1.13,662.71,7.205,9292000.0,1.3025728
2007-09-21,09292000,43117.21,0.0,410.92,15.32,2.79,746.24,9.055,9292000.0,1.24877088
2007-09-22,09292000,42950.54,22.49,267.4,11.87,1.72,691.25,6.795,9292000.0,1.27991936
2007-09-23,09292000,42783.91,4.91,182.99,4.36,-1.86,533.04,1.25,9292000.0,2.265344
2007-09-24,09292000,42617.35,4.72,263.48,1.27,-6.89,364.51,-2.81,9292000.0,1.38185984
2007-09-25,09292000,42450.89,0.0,504.43,6.89,-7.47,348.47,-0.29,9292000.0,1.2685926399999998
2007-09-26,09292000,42284.54,0.0,484.3,10.07,-3.74,463.16,3.165,9292000.0,1.52344384
2007-09-27,09292000,42118.34,0.0,447.84,10.73,-1.5,547.4,4.615,9292000.0,1.44982016
2007-09-28,09292000,41952.32,0.0,343.18,9.66,0.0,610.82,4.83,9292000.0,1.3846915199999998
2007-09-29,09292000,41786.5,9.3,287.92,5.51,-5.82,395.81,-0.1550000000000002,9292000.0,1.41017664
2007-09-30,09292000,41620.92,0.0,445.73,7.3,-7.95,335.71,-0.3250000000000002,9292000.0,1.44698848
2007-10-01,09292000,41455.59,6.8,286.05,8.03,-3.65,466.38,2.1899999999999995,9292000.0,1.14966208
2007-10-02,09292000,41290.54,0.0,422.58,6.61,-7.43,349.56,-0.4099999999999997,9292000.0,0.89481088
2007-10-03,09292000,41125.82,0.0,353.92,10.12,-0.67,581.5,4.725,9292000.0,0.89764256
2007-10-04,09292000,40961.44,5.72,249.52,10.29,0.25,621.76,5.27,9292000.0,0.8211872
2007-10-05,09292000,40797.44,32.01,175.75,5.75,-0.79,576.37,2.48,9292000.0,1.2402758399999998
2007-10-06,09292000,40633.84,9.37,286.68,1.88,-8.38,324.69,-3.2500000000000004,9292000.0,2.31065088
2007-10-07,09292000,40470.68,0.0,383.22,1.47,-8.76,315.28,-3.645,9292000.0,1.67918624
2007-10-08,09292000,40307.99,0.0,440.17,8.23,-5.07,418.89,1.58,9292000.0,1.43566176
2007-10-09,09292000,40145.81,0.0,425.84,9.57,-3.17,483.53,3.2,9292000.0,1.4724736
2007-10-10,09292000,39984.15,0.0,350.15,9.32,-0.15,603.86,4.585,9292000.0,1.557424
2007-10-11,09292000,39823.06,0.0,394.07,9.53,-1.83,534.22,3.85,9292000.0,1.63387936
2007-10-12,09292000,39662.57,0.0,365.14,9.01,-1.1,563.56,3.955,9292000.0,1.53193888
2007-10-13,09292000,39502.72,3.51,182.68,4.47,-2.37,513.22,1.0499999999999998,9292000.0,1.41584
2007-10-14,09292000,39343.54,0.0,281.16,4.47,-3.64,466.85,0.4149999999999998,9292000.0,1.42150336
2007-10-15,09292000,39185.06,0.0,379.15,8.57,-4.64,432.94,1.9650000000000003,9292000.0,1.3025728
2007-10-16,09292000,39027.33,7.8,229.55,6.05,-3.38,475.89,1.335,9292000.0,1.29407776
2007-10-17,09292000,38870.38,4.26,234.36,-0.12,-8.36,325.14,-4.239999999999999,9292000.0,1.31389952
2007-10-18,09292000,38714.24,0.0,399.37,2.15,-9.83,289.79,-3.84,9292000.0,1.15815712
2007-10-19,09292000,38558.97,0.0,312.0,7.81,-0.76,577.9,3.525,9292000.0,1.27991936
2007-10-20,09292000,38404.6,9.5,307.72,2.96,-10.13,282.95,-3.5850000000000004,9292000.0,1.39318656
2007-10-21,09292000,38251.17,0.0,336.38,-4.1,-13.28,219.7,-8.69,9292000.0,1.02789984
2007-10-22,09292000,38098.72,0.0,451.1,5.38,-12.65,231.14,-3.635,9292000.0,1.1185136
2007-10-23,09292000,37947.29,0.0,404.85,12.29,-2.12,522.6,5.084999999999999,9292000.0,1.27708768
2007-10-24,09292000,37796.93,0.0,392.92,13.59,-0.54,587.3,6.525,9292000.0,1.1751472
2007-10-25,09292000,37647.69,0.0,377.65,12.8,-0.43,591.94,6.1850000000000005,9292000.0,1.20063232
2007-10-26,09292000,37499.61,0.0,363.56,10.76,-1.69,539.72,4.535,9292000.0,1.20063232
2007-10-27,09292000,37352.73,0.0,341.4,8.82,-2.42,511.32,3.2,9292000.0,1.1468304
2007-10-28,09292000,37207.1,0.0,360.0,9.94,-2.7,500.79,3.62,9292000.0,1.0760384
2007-10-29,09292000,37062.77,0.0,266.42,8.91,-0.53,587.48,4.19,9292000.0,1.0675433600000002
2007-10-30,09292000,36919.79,5.63,176.45,5.19,-2.77,497.99,1.2100000000000002,9292000.0,1.10718688
2007-10-31,09292000,36778.21,0.0,291.21,4.01,-6.53,374.89,-1.2600000000000002,9292000.0,1.09869184
2007-11-01,09292000,36638.08,0.0,320.66,5.04,-7.51,347.42,-1.235,9292000.0,1.01657312
2007-11-02,09292000,36499.45,0.0,315.85,4.47,-7.95,335.75,-1.7400000000000002,9292000.0,0.9344544
2007-11-03,09292000,36362.38,0.0,303.6,7.34,-4.62,433.7,1.36,9292000.0,0.95427616
2007-11-04,09292000,36226.91,0.0,306.84,10.03,-2.78,497.91,3.625,9292000.0,1.04488992
2007-11-05,09292000,36093.1,0.0,295.76,9.23,-2.94,491.74,3.1450000000000005,9292000.0,0.92595936
2007-11-06,09292000,35961.0,0.0,289.69,8.98,-2.97,490.62,3.005,9292000.0,0.88914752
2007-11-07,09292000,35830.68,0.0,286.41,9.3,-2.58,505.15,3.3600000000000003,9292000.0,0.8778208
2007-11-08,09292000,35702.18,0.0,278.2,9.28,-2.22,518.9,3.53,9292000.0,0.85233568
2007-11-09,09292000,35575.56,0.0,240.83,7.79,-1.61,542.98,3.09,9292000.0,0.88348416
2007-11-10,09292000,35450.88,0.0,225.52,6.49,-2.13,522.43,2.18,9292000.0,0.91746432
2007-11-11,09292000,35328.19,0.0,175.19,1.36,-4.96,422.45,-1.7999999999999998,9292000.0,0.85233568
2007-11-12,09292000,35207.56,0.0,301.89,5.19,-8.69,316.88,-1.7499999999999996,9292000.0,0.7730486400000001
2007-11-13,09292000,35089.04,0.0,208.05,4.85,-3.24,481.08,0.8049999999999997,9292000.0,0.8353456
2007-11-14,09292000,34972.69,0.0,258.82,2.59,-8.18,329.92,-2.795,9292000.0,0.82685056
2007-11-15,09292000,34858.56,0.0,287.85,7.07,-6.39,378.9,0.3400000000000003,9292000.0,1.0477216
2007-11-16,09292000,34746.73,0.0,199.86,5.05,-2.91,493.08,1.0699999999999998,9292000.0,1.20629568
2007-11-17,09292000,34637.23,0.0,186.12,5.91,-1.42,550.5,2.245,9292000.0,1.2459392
2007-11-18,09292000,34530.14,0.0,222.27,7.37,-1.91,531.0,2.73,9292000.0,1.1609888
2007-11-19,09292000,34425.52,0.0,223.26,7.34,-1.99,527.95,2.675,9292000.0,1.1468304
2007-11-20,09292000,34323.41,0.0,290.03,0.43,-13.97,207.56,-6.7700000000000005,9292000.0,1.12984032
2007-11-21,09292000,34223.88,0.0,264.25,-6.39,-18.13,146.66,-12.26,9292000.0,0.7928704
2007-11-22,09292000,34126.99,0.0,282.47,-1.65,-15.31,185.95,-8.48,9292000.0,0.7362368
2007-11-23,09292000,34032.78,0.0,212.92,-3.95,-12.56,232.86,-8.255,9292000.0,0.7645535999999999
2007-11-24,09292000,33941.33,0.0,266.99,1.14,-11.36,256.53,-5.109999999999999,9292000.0,0.849504
2007-11-25,09292000,33852.69,0.0,225.27,2.23,-7.33,352.46,-2.55,9292000.0,0.8778208
2007-11-26,09292000,33766.9,0.0,244.75,0.4,-10.46,275.7,-5.03,9292000.0,1.0194048
2007-11-27,09292000,33684.02,0.0,272.64,-0.82,-14.2,203.75,-7.51,9292000.0,1.04488992
2007-11-28,09292000,33604.12,0.0,237.97,-6.62,-17.08,160.24,-11.85,9292000.0,0.849504
2007-11-29,09292000,33527.23,3.09,143.1,-2.68,-9.64,294.18,-6.16,9292000.0,0.9061376
2007-11-30,09292000,33453.41,10.74,124.43,-3.53,-9.38,300.37,-6.455,9292000.0,0.9486128
2007-12-01,09292000,33382.71,5.22,232.83,-2.38,-17.07,160.4,-9.725,9292000.0,0.9627712
2007-12-02,09292000,33315.18,0.0,320.4,-3.99,-20.06,124.25,-12.025,9292000.0,0.7928704
2007-12-03,09292000,33250.86,0.0,275.79,5.63,-6.31,381.19,-0.3399999999999998,9292000.0,0.70792
2007-12-04,09292000,33189.79,0.0,248.99,7.32,-2.89,493.85,2.215,9292000.0,0.7928704
2007-12-05,09292000,33132.03,0.0,240.59,3.27,-6.27,382.22,-1.4999999999999998,9292000.0,1.01657312
2007-12-06,09292000,33077.61,7.95,113.02,-2.46,-7.77,340.58,-5.115,9292000.0,0.96843456
2007-12-07,09292000,33026.56,12.43,85.51,-3.13,-6.93,363.31,-5.029999999999999,9292000.0,0.98542464
2007-12-08,09292000,32978.94,7.1,200.06,-4.19,-14.63,196.65,-9.41,9292000.0,0.97976128
2007-12-09,09292000,32934.76,0.0,297.0,-4.45,-17.25,158.04,-10.85,9292000.0,0.9627712
2007-12-10,09292000,32894.07,0.0,309.65,-4.39,-18.96,136.6,-11.675,9292000.0,0.8211872
2007-12-11,09292000,32856.9,0.0,288.44,-6.03,-18.6,140.84,-12.315,9292000.0,0.7645535999999999
2007-12-12,09292000,32823.26,0.0,312.48,-2.03,-17.65,152.75,-9.84,9292000.0,0.70792
2007-12-13,09292000,32793.2,0.0,313.83,-2.88,-19.46,130.81,-11.17,9292000.0,0.6229696
2007-12-14,09292000,32766.72,0.0,260.55,-11.13,-22.04,104.52,-16.585,9292000.0,0.5946528
2007-12-15,09292000,32743.86,0.0,318.58,-4.29,-22.2,103.05,-13.245,9292000.0,0.566336
2007-12-16,09292000,32724.62,0.0,281.99,-2.25,-15.43,184.06,-8.84,9292000.0,0.566336
2007-12-17,09292000,32709.02,0.0,222.47,-3.6,-12.73,229.79,-8.165000000000001,9292000.0,0.566336
2007-12-18,09292000,32697.08,2.75,188.4,-3.08,-14.05,206.27,-8.565000000000001,9292000.0,0.5946528
2007-12-19,09292000,32688.8,0.0,227.68,-1.47,-10.96,264.78,-6.215000000000001,9292000.0,0.6796032
2007-12-20,09292000,32684.19,16.31,151.99,-4.06,-11.99,243.89,-8.025,9292000.0,0.70792
2007-12-21,09292000,32683.26,0.0,216.46,-11.74,-20.11,123.66,-15.925,9292000.0,0.70792
2007-12-22,09292000,32686.0,4.14,231.32,-5.07,-20.81,116.37,-12.94,9292000.0,0.6512864
2007-12-23,09292000,32692.41,4.25,158.05,-3.09,-11.32,257.32,-7.205,9292000.0,0.566336
2007-12-24,09292000,32702.49,4.14,240.78,1.26,-16.93,162.29,-7.835,9292000.0,0.566336
2007-12-25,09292000,32716.23,0.0,244.64,-11.44,-21.36,110.94,-16.4,9292000.0,0.5946528
2007-12-26,09292000,32733.61,0.0,288.46,-9.41,-22.48,100.51,-15.945,9292000.0,0.5380192
2007-12-27,09292000,32754.64,0.0,249.23,-15.76,-25.81,74.49,-20.785,9292000.0,0.5097024
2007-12-28,09292000,32779.28,0.0,302.86,-10.85,-25.18,78.91,-18.015,9292000.0,0.5097024
2007-12-29,09292000,32807.52,3.17,177.03,-9.86,-19.36,131.93,-14.61,9292000.0,0.5097024
2007-12-30,09292000,32839.34,5.89,195.45,-7.0,-18.04,147.77,-12.52,9292000.0,0.5380192
2007-12-31,09292000,32874.72,0.0,240.37,-14.9,-24.37,84.87,-19.635,9292000.0,0.566336
2008-01-01,09292000,32913.8,0.0,356.37,-0.2,-23.63,90.73,-11.915,9292000.0,0.5380192
2008-01-02,09292000,32956.22,0.0,295.53,2.25,-11.03,263.33,-4.39,9292000.0,0.5380192
2008-01-03,09292000,33002.11,0.0,262.54,2.45,-8.5,321.74,-3.025,9292000.0,0.566336
2008-01-04,09292000,33051.44,7.72,73.32,-4.06,-7.53,347.09,-5.795,9292000.0,0.6512864
2008-01-05,09292000,33104.16,30.65,183.68,-4.43,-13.85,209.66,-9.14,9292000.0,0.7362368
2008-01-06,09292000,33160.24,10.15,212.58,-7.66,-18.96,136.55,-13.31,9292000.0,0.70792
2008-01-07,09292000,33219.65,0.0,331.84,-8.65,-23.28,93.57,-15.965,9292000.0,0.6512864
2008-01-08,09292000,33282.33,7.48,257.6,-5.87,-21.73,107.35,-13.8,9292000.0,0.6229696
2008-01-09,09292000,33348.25,3.9,257.17,-5.86,-21.35,110.99,-13.605,9292000.0,0.6796032
2008-01-10,09292000,33417.36,3.09,279.07,-1.57,-21.05,113.99,-11.31,9292000.0,0.70792
2008-01-11,09292000,33489.61,8.28,157.66,-6.72,-14.05,206.28,-10.385,9292000.0,0.6796032
2008-01-12,09292000,33564.96,0.0,275.96,-5.83,-15.92,176.69,-10.875,9292000.0,0.6796032
2008-01-13,09292000,33643.35,0.0,287.38,-4.94,-15.55,182.26,-10.245,9292000.0,0.6796032
2008-01-14,09292000,33724.73,0.0,347.87,0.51,-14.15,204.6,-6.82,9292000.0,0.6796032
2008-01-15,09292000,33809.06,0.0,391.29,-3.0,-23.04,95.62,-13.02,9292000.0,0.6796032
2008-01-16,09292000,33896.27,0.0,275.93,-16.39,-26.03,73.0,-21.21,9292000.0,0.6796032
2008-01-17,09292000,33986.31,0.0,270.39,-10.14,-19.48,130.6,-14.81,9292000.0,0.6512864
2008-01-18,09292000,34079.13,0.0,171.35,-11.6,-17.1,160.05,-14.35,9292000.0,0.6512864
2008-01-19,09292000,34174.68,0.0,309.26,-3.23,-14.37,200.95,-8.799999999999999,9292000.0,0.6512864
2008-01-20,09292000,34272.88,0.0,264.61,-4.49,-13.42,217.24,-8.955,9292000.0,0.6796032
2008-01-21,09292000,34373.7,9.21,249.76,-7.23,-19.36,131.97,-13.295,9292000.0,0.70792
2008-01-22,09292000,34477.06,3.09,274.95,-6.41,-20.64,118.12,-13.525,9292000.0,0.6796032
2008-01-23,09292000,34582.92,0.0,388.8,-3.72,-19.34,132.21,-11.53,9292000.0,0.6512864
2008-01-24,09292000,34691.2,5.37,228.65,-7.89,-18.05,147.59,-12.97,9292000.0,0.6512864
2008-01-25,09292000,34801.87,0.0,300.22,-7.47,-17.24,158.19,-12.355,9292000.0,0.6796032
2008-01-26,09292000,34914.85,0.0,386.66,-0.64,-15.3,185.96,-7.970000000000001,9292000.0,0.6796032
2008-01-27,09292000,35030.08,9.66,174.89,-5.79,-12.87,227.12,-9.33,9292000.0,0.6796032
2008-01-28,09292000,35147.52,15.49,278.84,-7.71,-20.49,119.64,-14.1,9292000.0,0.6796032
2008-01-29,09292000,35267.09,5.58,301.18,-8.13,-22.57,99.73,-15.35,9292000.0,0.6229696
2008-01-30,09292000,35388.75,5.81,242.68,-13.83,-23.73,89.92,-18.78,9292000.0,0.566336
2008-01-31,09292000,35512.43,9.6,348.92,-3.62,-24.68,82.52,-14.15,9292000.0,0.5946528
2008-02-01,09292000,35638.08,5.49,338.36,-6.57,-24.3,85.4,-15.435,9292000.0,0.566336
2008-02-02,09292000,35765.64,0.0,423.19,-9.12,-23.58,91.11,-16.349999999999998,9292000.0,0.5946528
2008-02-03,09292000,35895.05,13.17,218.68,-6.27,-14.67,196.01,-10.47,9292000.0,0.6512864
2008-02-04,09292000,36026.26,0.0,339.63,-8.84,-18.78,138.67,-13.81,9292000.0,0.70792
2008-02-05,09292000,36159.21,0.0,404.39,-7.49,-20.24,122.29,-13.864999999999998,9292000.0,0.6796032
2008-02-06,09292000,36293.85,4.3,277.6,-7.2,-18.16,146.33,-12.68,9292000.0,0.6229696
2008-02-07,09292000,36430.12,12.79,335.04,-3.02,-17.68,152.41,-10.35,9292000.0,0.6512864
2008-02-08,09292000,36567.97,0.0,376.7,-5.65,-16.22,172.23,-10.935,9292000.0,0.6512864
2008-02-09,09292000,36707.35,0.0,404.98,1.74,-9.83,289.67,-4.045,9292000.0,0.6512864
2008-02-10,09292000,36848.2,0.0,436.22,2.63,-10.49,275.1,-3.93,9292000.0,0.5946528
2008-02-11,09292000,36990.48,0.0,261.93,-1.93,-8.48,322.1,-5.205,9292000.0,0.7220784
2008-02-12,09292000,37134.14,0.0,391.99,1.99,-8.65,317.96,-3.33,9292000.0,0.71358336
2008-02-13,09292000,37279.12,6.68,347.08,1.76,-12.09,241.88,-5.165,9292000.0,0.6229696
2008-02-14,09292000,37425.37,5.0,337.83,-7.3,-19.78,127.33,-13.54,9292000.0,0.6229696
2008-02-15,09292000,37572.85,0.0,536.81,0.44,-18.51,141.95,-9.035,9292000.0,0.566336
2008-02-16,09292000,37721.52,0.0,446.86,-1.31,-13.57,214.49,-7.44,9292000.0,0.5097024
2008-02-17,09292000,37871.32,0.0,312.66,-6.19,-13.74,211.49,-9.965,9292000.0,0.5380192
2008-02-18,09292000,38022.21,0.0,458.94,0.43,-12.21,239.58,-5.890000000000001,9292000.0,0.5380192
2008-02-19,09292000,38174.15,0.0,527.81,5.34,-11.65,250.62,-3.155,9292000.0,0.566336
2008-02-20,09292000,38327.09,0.0,348.66,-2.54,-11.04,263.21,-6.789999999999999,9292000.0,0.5946528
2008-02-21,09292000,38481.0,0.0,500.5,0.45,-13.77,211.04,-6.66,9292000.0,0.6824348800000001
2008-02-22,09292000,38635.82,6.16,218.69,-3.79,-10.45,275.83,-7.119999999999999,9292000.0,0.6682764800000001
2008-02-23,09292000,38791.52,0.0,493.43,0.13,-13.03,224.13,-6.449999999999999,9292000.0,0.71358336
2008-02-24,09292000,38948.06,25.28,266.73,-3.61,-11.84,246.78,-7.725,9292000.0,0.69659328
2008-02-25,09292000,39105.41,6.07,322.39,-1.58,-11.88,245.98,-6.73,9292000.0,0.5946528
2008-02-26,09292000,39263.51,0.0,582.17,1.95,-16.73,165.02,-7.390000000000001,9292000.0,0.5946528
2008-02-27,09292000,39422.34,0.0,550.91,7.44,-8.63,318.43,-0.5950000000000002,9292000.0,0.5946528
2008-02-28,09292000,39581.86,0.0,493.55,5.64,-7.06,359.68,-0.71,9292000.0,0.6824348800000001
2008-02-29,09292000,39742.04,0.0,589.61,6.93,-11.83,247.04,-2.45,9292000.0,0.75889024
2008-03-01,09292000,39902.83,3.04,450.12,5.17,-14.58,197.51,-4.705,9292000.0,0.6824348800000001
2008-03-02,09292000,40064.2,0.0,434.0,-8.3,-18.16,146.21,-13.23,9292000.0,0.6229696
2008-03-03,09292000,40226.13,0.0,622.74,0.74,-19.39,131.67,-9.325,9292000.0,0.566336
2008-03-04,09292000,40388.57,0.0,508.43,-5.16,-17.62,153.16,-11.39,9292000.0,0.566336
2008-03-05,09292000,40551.49,0.0,535.02,-6.37,-19.8,127.11,-13.085,9292000.0,0.5946528
2008-03-06,09292000,40714.87,0.0,526.46,-4.86,-17.81,150.62,-11.335,9292000.0,0.6229696
2008-03-07,09292000,40878.67,0.0,562.47,2.66,-12.09,241.87,-4.715,9292000.0,0.6512864
2008-03-08,09292000,41042.87,0.0,486.99,-1.93,-13.27,219.86,-7.6,9292000.0,0.6512864
2008-03-09,09292000,41207.42,0.0,617.55,1.31,-16.23,172.2,-7.46,9292000.0,0.7673852800000001
2008-03-10,09292000,41372.31,0.0,612.02,2.9,-14.27,202.57,-5.685,9292000.0,0.91180096
2008-03-11,09292000,41537.49,0.0,556.58,5.55,-8.62,318.76,-1.5349999999999997,9292000.0,0.95427616
2008-03-12,09292000,41702.95,0.0,425.52,-0.2,-9.75,291.69,-4.975,9292000.0,0.8636623999999999
2008-03-13,09292000,41868.66,9.05,347.7,0.2,-10.41,276.65,-5.105,9292000.0,0.79570208
2008-03-14,09292000,42034.58,0.0,605.7,-2.69,-18.47,142.43,-10.58,9292000.0,0.81835552
2008-03-15,09292000,42200.7,7.52,449.71,-4.38,-19.94,125.58,-12.16,9292000.0,0.7645535999999999
2008-03-16,09292000,42366.97,0.0,573.66,-2.31,-16.16,173.18,-9.235,9292000.0,0.84384064
2008-03-17,09292000,42533.38,0.0,624.28,-0.69,-16.92,162.43,-8.805000000000001,9292000.0,1.05904832
2008-03-18,09292000,42699.89,0.0,618.64,-0.04,-16.1,174.09,-8.07,9292000.0,1.09302848
2008-03-19,09292000,42866.49,0.0,511.01,4.23,-7.56,346.03,-1.6649999999999996,9292000.0,0.9769296
2008-03-20,09292000,43033.14,0.0,457.01,0.97,-8.9,311.77,-3.965,9292000.0,0.80419712
2008-03-21,09292000,43199.82,0.0,530.4,-0.27,-12.23,239.24,-6.25,9292000.0,0.79570208
2008-03-22,09292000,43366.49,0.0,627.09,-0.57,-16.16,173.19,-8.365,9292000.0,0.82401888
2008-03-23,09292000,43533.14,0.0,685.66,4.18,-15.52,182.68,-5.67,9292000.0,0.991088
2008-03-24,09292000,43699.74,0.0,555.51,5.75,-7.29,353.53,-0.77,9292000.0,0.81269216
2008-03-25,09292000,43866.26,0.0,420.43,4.47,-4.6,434.11,-0.0649999999999999,9292000.0,0.81835552
2008-03-26,09292000,44032.67,0.0,449.04,4.24,-5.48,406.14,-0.6200000000000001,9292000.0,0.81552384
2008-03-27,09292000,44198.94,0.0,604.12,-3.22,-17.25,157.96,-10.235,9292000.0,0.7928704
2008-03-28,09292000,44365.05,0.0,649.53,-1.81,-17.66,152.62,-9.735,9292000.0,0.7928704
2008-03-29,09292000,44530.98,0.0,437.83,2.28,-6.76,368.1,-2.24,9292000.0,0.82401888
2008-03-30,09292000,44696.68,14.02,398.34,-1.64,-12.86,227.33,-7.25,9292000.0,0.79853376
2008-03-31,09292000,44862.15,0.0,637.93,-7.29,-21.52,109.34,-14.405,9292000.0,0.8608307199999999
2008-04-01,09292000,45027.33,0.0,739.92,-0.81,-21.4,110.57,-11.105,9292000.0,1.7131664
2008-04-02,09292000,45192.22,4.48,392.33,-0.02,-10.73,269.72,-5.375,9292000.0,1.1609888
2008-04-03,09292000,45356.77,0.0,633.05,-0.43,-14.36,201.02,-7.395,9292000.0,1.08736512
2008-04-04,09292000,45520.97,0.0,721.34,5.18,-13.33,218.74,-4.075,9292000.0,1.14966208
2008-04-05,09292000,45684.77,0.0,559.57,0.47,-11.08,262.31,-5.305,9292000.0,1.10718688
2008-04-06,09292000,45848.15,0.0,587.32,0.3,-11.92,245.25,-5.81,9292000.0,1.06188
2008-04-07,09292000,46011.08,0.0,643.77,-1.69,-15.69,180.09,-8.69,9292000.0,1.08170176
2008-04-08,09292000,46173.52,6.99,549.46,-0.11,-18.65,140.23,-9.38,9292000.0,1.05904832
2008-04-09,09292000,46335.44,7.97,375.11,-0.89,-10.58,273.09,-5.735,9292000.0,1.11001856
2008-04-10,09292000,46496.82,0.0,510.24,-2.34,-12.03,243.04,-7.185,9292000.0,1.09586016
2008-04-11,09292000,46657.61,0.0,481.16,-4.11,-13.04,223.91,-8.575,9292000.0,1.07320672
2008-04-12,09292000,46817.79,0.0,714.67,4.54,-11.93,237.1,-3.695,9292000.0,1.0901968
2008-04-13,09292000,46977.31,0.0,745.7,9.67,-8.79,282.13,0.4400000000000004,9292000.0,1.1609888
2008-04-14,09292000,47136.14,0.0,703.7,9.52,-6.59,341.49,1.465,9292000.0,1.3025728
2008-04-15,09292000,47294.25,0.0,784.37,6.72,-14.34,184.18,-3.81,9292000.0,1.4639785600000002
2008-04-16,09292000,47451.59,0.0,625.44,-4.4,-17.07,160.4,-10.735,9292000.0,1.3875232
2008-04-17,09292000,47608.14,0.0,742.68,2.98,-14.56,191.7,-5.79,9292000.0,1.44132512
2008-04-18,09292000,47763.84,0.0,690.49,7.08,-8.18,310.25,-0.5499999999999998,9292000.0,1.34787968
2008-04-19,09292000,47918.67,0.0,556.09,7.21,-3.85,459.3,1.68,9292000.0,1.46114688
2008-04-20,09292000,48072.57,0.0,590.51,1.01,-10.72,269.97,-4.855,9292000.0,1.52627552
2008-04-21,09292000,48225.52,0.0,574.72,-0.49,-11.62,251.25,-6.055,9292000.0,1.46114688
2008-04-22,09292000,48377.46,0.0,679.04,6.27,-7.92,310.74,-0.8250000000000002,9292000.0,1.49512704
2008-04-23,09292000,48528.35,0.0,526.41,5.16,-4.67,431.91,0.2450000000000001,9292000.0,1.5659190399999998
2008-04-24,09292000,48678.16,2.56,453.27,0.01,-11.72,249.14,-5.855,9292000.0,1.56025568
2008-04-25,09292000,48826.82,0.0,726.35,0.8,-15.03,182.91,-7.114999999999999,9292000.0,1.49512704
2008-04-26,09292000,48974.31,0.0,631.11,0.31,-12.09,241.83,-5.89,9292000.0,1.48946368
2008-04-27,09292000,49120.57,0.0,782.41,7.0,-11.79,206.39,-2.395,9292000.0,1.50645376
2008-04-28,09292000,49265.55,0.0,696.2,10.92,-4.06,356.2,3.43,9292000.0,1.59706752
2008-04-29,09292000,49409.2,0.0,593.87,10.29,-1.49,460.75,4.4,9292000.0,1.54043392
2008-04-30,09292000,49551.49,0.0,671.52,3.1,-10.67,233.0,-3.785,9292000.0,2.32764096
2008-05-01,09292000,49692.34,0.0,529.66,-2.88,-12.49,233.04,-7.685,9292000.0,2.08694816
2008-05-02,09292000,49831.73,0.0,621.56,1.33,-10.55,236.19,-4.61,9292000.0,1.91987904
2008-05-03,09292000,49969.58,0.0,751.61,5.44,-11.0,192.46,-2.78,9292000.0,1.64520608
2008-05-04,09292000,50105.86,0.0,630.93,7.13,-4.95,308.02,1.09,9292000.0,1.5007904
2008-05-05,09292000,50240.5,0.0,688.58,10.41,-3.47,306.39,3.47,9292000.0,1.49795872
2008-05-06,09292000,50373.45,0.0,665.85,10.8,-2.38,337.51,4.210000000000001,9292000.0,1.50928544
2008-05-07,09292000,50504.67,4.19,449.73,7.48,-3.88,393.28,1.8000000000000005,9292000.0,1.67352288
2008-05-08,09292000,50634.08,0.0,580.09,5.33,-5.13,303.74,0.1,9292000.0,1.46114688
2008-05-09,09292000,50761.65,0.0,602.19,4.63,-6.35,273.38,-0.8599999999999999,9292000.0,1.3875232
2008-05-10,09292000,50887.3,0.0,717.57,5.87,-8.53,199.18,-1.3299999999999996,9292000.0,1.27708768
2008-05-11,09292000,51010.98,0.0,710.26,9.92,-4.46,250.74,2.73,9292000.0,1.50645376
2008-05-12,09292000,51132.65,4.69,465.97,3.03,-8.61,274.13,-2.79,9292000.0,1.840592
2008-05-13,09292000,51252.23,0.0,722.95,3.8,-10.57,181.98,-3.385,9292000.0,1.58007744
2008-05-14,09292000,51369.66,4.31,382.27,4.75,-4.09,407.3,0.33,9292000.0,1.55176064
2008-05-15,09292000,51484.91,0.0,532.88,5.91,-3.05,359.91,1.4300000000000002,9292000.0,1.46114688
2008-05-16,09292000,51597.89,0.0,756.83,12.69,-2.45,248.82,5.119999999999999,9292000.0,1.60273088
2008-05-17,09292000,51708.56,0.0,738.58,13.72,-0.64,284.59,6.54,9292000.0,3.1431648
2008-05-18,09292000,51816.85,0.0,688.77,14.14,1.46,351.75,7.800000000000001,9292000.0,5.4368256
2008-05-19,09292000,51922.71,0.0,568.28,14.48,4.75,524.25,9.615,9292000.0,8.919792
2008-05-20,09292000,52026.08,0.0,688.14,16.54,3.87,398.89,10.205,9292000.0,14.1017664
2008-05-21,09292000,52126.9,15.56,498.51,7.17,-4.83,322.68,1.17,9292000.0,16.1122592
2008-05-22,09292000,52225.11,9.5,388.93,2.74,-5.76,382.36,-1.5099999999999998,9292000.0,6.937616
2008-05-23,09292000,52320.66,14.36,376.81,3.25,-4.91,413.84,-0.8300000000000001,9292000.0,5.2952416
2008-05-24,09292000,52413.49,0.0,641.01,5.31,-5.68,313.64,-0.185,9292000.0,4.2192032
2008-05-25,09292000,52503.54,0.0,684.06,5.05,-6.86,240.65,-0.9050000000000002,9292000.0,3.6528672
2008-05-26,09292000,52590.76,8.27,407.05,4.12,-4.61,381.48,-0.2450000000000001,9292000.0,3.1997984
2008-05-27,09292000,52675.09,0.0,755.27,7.71,-6.11,225.89,0.7999999999999998,9292000.0,2.69575936
2008-05-28,09292000,52756.48,0.0,648.84,9.82,-0.91,360.01,4.455,9292000.0,2.62779904
2008-05-29,09292000,52834.87,0.0,632.0,8.21,-2.06,346.85,3.075,9292000.0,3.114848
2008-05-30,09292000,52910.23,0.0,711.35,9.54,-2.69,294.02,3.425,9292000.0,2.83168
2008-05-31,09292000,52982.49,0.0,762.43,12.39,-1.69,273.22,5.3500000000000005,9292000.0,3.114848
2008-06-01,09292000,53051.6,0.0,738.59,14.12,0.77,325.54,7.444999999999999,9292000.0,4.7855392
2008-06-02,09292000,53117.53,0.0,677.41,12.74,1.34,376.97,7.04,9292000.0,8.5233568
2008-06-03,09292000,53180.22,2.71,399.31,8.65,0.38,534.53,4.515000000000001,9292000.0,8.919792
2008-06-04,09292000,53239.63,9.22,257.36,3.67,-1.25,557.2,1.21,9292000.0,7.0225664
2008-06-05,09292000,53295.72,0.0,654.22,8.28,-2.02,355.49,3.13,9292000.0,6.0314784
2008-06-06,09292000,53348.45,0.0,670.15,8.45,-2.2,343.61,3.125,9292000.0,6.2013792
2008-06-07,09292000,53397.78,2.41,463.54,5.89,-3.68,400.92,1.1049999999999998,9292000.0,6.0597952
2008-06-08,09292000,53443.68,0.0,725.41,6.14,-5.89,260.68,0.125,9292000.0,5.4934592
2008-06-09,09292000,53486.11,0.0,781.91,10.64,-3.37,271.85,3.635,9292000.0,5.946528
2008-06-10,09292000,53525.04,0.0,804.5,12.82,-2.26,275.86,5.28,9292000.0,7.5889024
2008-06-11,09292000,53560.44,5.3,439.72,3.15,-5.69,367.63,-1.2700000000000002,9292000.0,8.1269216
2008-06-12,09292000,53592.28,0.0,695.16,6.43,-4.61,286.77,0.9099999999999996,9292000.0,6.1164288
2008-06-13,09292000,53620.55,0.0,818.36,12.81,-2.95,249.78,4.93,9292000.0,5.8898944
2008-06-14,09292000,53645.21,0.0,762.78,15.65,2.01,339.92,8.83,9292000.0,7.5605856
2008-06-15,09292000,53666.26,0.0,762.78,16.7,3.07,359.59,9.885,9292000.0,10.4205824
2008-06-16,09292000,53683.67,0.0,762.32,16.99,3.38,365.89,10.185,9292000.0,12.6292928
2008-06-17,09292000,53697.43,0.0,746.75,17.37,4.27,395.48,10.82,9292000.0,12.2045408
2008-06-18,09292000,53707.54,0.0,752.56,16.74,3.35,371.68,10.045,9292000.0,10.2506816
2008-06-19,09292000,53713.97,0.0,733.95,14.6,1.89,356.77,8.245,9292000.0,11.2134528
2008-06-20,09292000,53716.74,0.0,763.24,15.12,1.36,327.11,8.24,9292000.0,9.6843456
2008-06-21,09292000,53715.83,0.0,790.07,17.6,2.44,325.43,10.02,9292000.0,8.7215744
2008-06-22,09292000,53711.24,0.0,706.84,17.09,4.68,433.36,10.885,9292000.0,9.2595936
2008-06-23,09292000,53702.99,0.0,712.87,15.82,3.24,396.37,9.53,9292000.0,9.1463264
2008-06-24,09292000,53691.07,0.0,742.25,17.56,3.93,388.2,10.745,9292000.0,8.636624
2008-06-25,09292000,53675.5,0.0,737.64,18.0,4.35,399.71,11.175,9292000.0,8.551673599999999
2008-06-26,09292000,53656.28,0.0,684.51,17.84,5.8,479.12,11.82,9292000.0,8.3251392
2008-06-27,09292000,53633.44,0.0,717.21,17.74,4.64,422.39,11.19,9292000.0,7.8154368
2008-06-28,09292000,53606.99,0.0,743.85,17.64,3.48,375.69,10.56,9292000.0,7.5322688
2008-06-29,09292000,53576.95,0.0,757.99,18.82,4.04,319.94,11.43,9292000.0,7.362368
2008-06-30,09292000,53543.34,0.0,699.72,18.64,5.77,400.41,12.205,9292000.0,6.654448
2008-07-01,09292000,53506.18,5.21,516.83,18.55,5.58,542.47,12.065,9292000.0,5.8898944
2008-07-02,09292000,53465.52,0.0,747.57,19.17,4.42,336.64,11.795000000000002,9292000.0,6.229696
2008-07-03,09292000,53421.36,0.0,735.39,19.78,5.15,358.45,12.465,9292000.0,5.946528
2008-07-04,09292000,53373.76,0.0,689.47,20.09,6.64,428.56,13.365,9292000.0,5.1536576
2008-07-05,09292000,53322.74,0.0,627.8,17.77,6.04,473.17,11.905,9292000.0,4.95544
2008-07-06,09292000,53268.34,0.0,700.46,18.67,4.61,375.0,11.64,9292000.0,4.6439552
2008-07-07,09292000,53210.6,0.0,674.47,16.83,3.5,373.93,10.165,9292000.0,4.530688
2008-07-08,09292000,53149.56,0.0,698.64,18.86,4.53,342.64,11.695,9292000.0,4.0493024
2008-07-09,09292000,53085.26,0.0,708.0,20.09,5.35,319.79,12.72,9292000.0,3.6245504
2008-07-10,09292000,53017.74,0.0,704.47,19.55,4.87,308.71,12.21,9292000.0,3.4263328
2008-07-11,09292000,52947.06,0.0,702.18,19.51,4.63,303.19,12.07,9292000.0,3.1431648
2008-07-12,09292000,52873.26,0.0,698.92,18.36,3.44,286.89,10.9,9292000.0,2.973264
2008-07-13,09292000,52796.4,0.0,710.37,19.85,4.35,296.86,12.1,9292000.0,2.75805632
2008-07-14,09292000,52716.51,0.0,631.6,18.27,5.45,378.93,11.86,9292000.0,2.53718528
2008-07-15,09292000,52633.66,0.0,660.5,18.93,5.11,346.42,12.02,9292000.0,2.36162112
2008-07-16,09292000,52547.89,0.0,535.36,16.28,5.95,488.61,11.115,9292000.0,2.28516576
2008-07-17,09292000,52459.26,0.0,622.84,17.83,5.14,382.37,11.485,9292000.0,2.16057184
2008-07-18,09292000,52367.82,0.0,642.45,19.49,6.05,382.15,12.77,9292000.0,2.0812848
2008-07-19,09292000,52273.64,0.0,686.94,21.29,6.02,338.95,13.655,9292000.0,1.95102752
2008-07-20,09292000,52176.77,0.0,597.66,19.97,7.67,465.0,13.82,9292000.0,1.82077024
2008-07-21,09292000,52077.25,0.0,456.52,16.43,7.72,641.73,12.075,9292000.0,1.7811267199999998
2008-07-22,09292000,51975.16,0.0,585.72,19.0,7.07,465.84,13.035,9292000.0,1.74714656
2008-07-23,09292000,51870.55,0.0,634.58,20.25,6.67,405.15,13.46,9292000.0,1.1609888
2008-07-24,09292000,51763.48,0.0,653.82,20.89,6.52,367.9,13.705,9292000.0,1.07320672
2008-07-25,09292000,51654.0,0.0,653.65,21.77,7.21,381.76,14.49,9292000.0,1.09869184
2008-07-26,09292000,51542.18,10.77,459.77,20.13,6.53,556.74,13.33,9292000.0,1.2657609600000002
2008-07-27,09292000,51428.07,0.0,595.2,19.09,6.3,484.5,12.695,9292000.0,1.69617632
2008-07-28,09292000,51311.73,0.0,552.26,17.65,6.14,526.89,11.895,9292000.0,1.44132512
2008-07-29,09292000,51193.22,0.0,613.01,19.3,5.82,455.59,12.56,9292000.0,1.22045408
2008-07-30,09292000,51072.6,0.0,590.21,19.79,6.94,509.67,13.365,9292000.0,1.21195904
2008-07-31,09292000,50949.93,0.0,618.64,21.28,7.25,487.03,14.265,9292000.0,1.3648697600000002
2008-08-01,09292000,50825.26,0.0,586.44,21.59,8.58,563.47,15.085,9292000.0,1.54609728
2008-08-02,09292000,50698.66,0.0,524.56,19.73,8.6,643.89,14.165,9292000.0,1.54609728
2008-08-03,09292000,50570.17,0.0,584.49,20.57,7.54,536.41,14.055,9292000.0,1.47530528
2008-08-04,09292000,50439.86,0.0,585.41,21.04,7.79,543.28,14.415,9292000.0,1.14966208
2008-08-05,09292000,50307.77,0.0,506.73,18.58,7.8,640.86,13.19,9292000.0,1.12134528
2008-08-06,09292000,50173.97,5.52,225.43,13.68,7.69,1017.32,10.685,9292000.0,1.2459392
2008-08-07,09292000,50038.52,13.4,338.82,15.57,6.23,786.21,10.9,9292000.0,1.57441408
2008-08-08,09292000,49901.45,5.08,329.36,15.79,6.76,878.13,11.275,9292000.0,2.71274944
2008-08-09,09292000,49762.83,11.11,367.35,16.02,5.72,795.08,10.87,9292000.0,2.56550208
2008-08-10,09292000,49622.71,0.0,562.93,16.1,3.81,577.95,9.955,9292000.0,2.973264
2008-08-11,09292000,49481.14,0.0,578.05,16.34,3.48,540.14,9.91,9292000.0,2.11243328
2008-08-12,09292000,49338.17,0.0,636.11,18.11,2.49,461.43,10.3,9292000.0,1.65936448
2008-08-13,09292000,49193.85,0.0,572.66,17.89,4.94,579.12,11.415,9292000.0,1.46114688
2008-08-14,09292000,49048.23,0.0,579.14,17.63,4.35,554.2,10.989999999999998,9292000.0,1.37053312
2008-08-15,09292000,48901.36,0.0,522.59,11.54,0.33,479.17,5.935,9292000.0,1.9255424
2008-08-16,09292000,48753.29,0.0,504.52,9.91,-0.72,462.63,4.595,9292000.0,1.82360192
2008-08-17,09292000,48604.05,0.0,586.32,15.31,1.55,466.76,8.43,9292000.0,2.2511856
2008-08-18,09292000,48453.7,0.0,614.69,17.94,2.53,469.64,10.235,9292000.0,2.04164128
2008-08-19,09292000,48302.28,0.0,582.66,18.97,4.74,565.99,11.855,9292000.0,1.52627552
2008-08-20,09292000,48149.84,0.0,524.89,18.38,6.28,615.7,12.33,9292000.0,1.4384934399999998
2008-08-21,09292000,47996.41,0.0,543.72,18.88,5.99,538.63,12.435,9292000.0,1.3733648
2008-08-22,09292000,47842.04,0.0,538.43,19.41,6.71,481.74,13.06,9292000.0,1.31389952
2008-08-23,09292000,47686.78,0.0,554.78,19.59,6.08,447.2,12.835,9292000.0,1.4384934399999998
2008-08-24,09292000,47530.65,0.0,544.68,19.81,6.58,472.57,13.195,9292000.0,1.54043392
2008-08-25,09292000,47373.71,0.0,534.47,19.12,6.29,422.35,12.705,9292000.0,1.52061216
2008-08-26,09292000,47215.98,0.0,528.72,17.94,5.24,406.97,11.59,9292000.0,1.43283008
2008-08-27,09292000,47057.51,0.0,558.32,17.85,3.6,342.84,10.725,9292000.0,1.345048
2008-08-28,09292000,46898.33,0.0,499.73,18.11,3.8,395.18,10.955,9292000.0,1.54043392
2008-08-29,09292000,46738.48,0.0,509.02,18.45,3.43,377.16,10.94,9292000.0,1.54043392
2008-08-30,09292000,46577.99,0.0,482.31,19.21,5.5,457.54,12.355,9292000.0,1.58007744
2008-08-31,09292000,46416.91,29.56,257.39,10.48,1.95,617.28,6.215,9292000.0,1.94536416
2008-09-01,09292000,46255.26,17.57,300.38,5.13,-5.11,417.61,0.0099999999999997,9292000.0,3.7378176
2008-09-02,09292000,46093.07,0.0,511.16,9.36,-6.04,320.01,1.6599999999999997,9292000.0,2.45789824
2008-09-03,09292000,45930.38,0.0,450.7,11.87,-0.58,474.77,5.645,9292000.0,1.83209696
2008-09-04,09292000,45767.23,0.0,447.42,12.71,0.24,502.26,6.4750000000000005,9292000.0,1.41867168
2008-09-05,09292000,45603.64,0.0,475.17,13.25,-0.91,445.98,6.17,9292000.0,1.2657609600000002
2008-09-06,09292000,45439.64,0.0,447.74,13.78,0.73,510.28,7.255,9292000.0,1.21479072
2008-09-07,09292000,45275.26,0.0,459.47,15.2,1.21,514.46,8.205,9292000.0,1.39318656
2008-09-08,09292000,45110.54,0.0,470.14,15.98,1.12,501.48,8.55,9292000.0,1.2884144
2008-09-09,09292000,44945.5,9.66,310.97,14.65,2.21,672.75,8.43,9292000.0,1.35354304
2008-09-10,09292000,44780.17,8.03,269.44,9.59,-0.45,590.96,4.57,9292000.0,1.73865152
2008-09-11,09292000,44614.58,0.0,365.61,8.66,-1.42,532.39,3.62,9292000.0,1.61688928
2008-09-12,09292000,44448.77,0.0,388.93,9.46,-1.51,514.41,3.975000000000001,9292000.0,1.49512704
2008-09-13,09292000,44282.75,0.0,446.09,13.36,-0.42,509.25,6.47,9292000.0,1.36203808
2008-09-14,09292000,44116.55,0.0,450.26,13.45,-0.84,492.57,6.305,9292000.0,1.2855827199999998
2008-09-15,09292000,43950.2,0.0,450.4,14.87,0.22,526.33,7.545,9292000.0,1.49795872
2008-09-16,09292000,43783.74,0.0,443.65,15.57,1.1,562.3,8.335,9292000.0,1.5715824
2008-09-17,09292000,43617.18,0.0,423.96,14.54,1.13,581.05,7.834999999999999,9292000.0,1.52344384
2008-09-18,09292000,43450.55,0.0,430.8,14.01,0.12,540.05,7.065,9292000.0,1.52344384
2008-09-19,09292000,43283.89,0.0,414.38,13.52,0.35,561.68,6.935,9292000.0,1.51211712
2008-09-20,09292000,43117.21,0.0,332.43,11.12,1.43,670.88,6.275,9292000.0,1.53193888
2008-09-21,09292000,42950.54,0.0,362.79,11.51,0.64,615.01,6.075,9292000.0,1.5829091199999998
2008-09-22,09292000,42783.91,0.0,374.47,7.56,-3.67,459.19,1.945,9292000.0,1.5291072
2008-09-23,09292000,42617.35,0.0,443.61,10.61,-4.51,395.76,3.05,9292000.0,1.48946368
2008-09-24,09292000,42450.89,0.0,436.73,13.66,-1.46,486.15,6.1,9292000.0,1.45265184
2008-09-25,09292000,42284.54,0.0,407.17,15.47,1.75,622.85,8.61,9292000.0,1.41867168
2008-09-26,09292000,42118.34,0.0,399.39,15.79,2.35,655.06,9.07,9292000.0,1.39035488
2008-09-27,09292000,41952.32,0.0,401.54,15.78,2.1,643.37,8.94,9292000.0,1.35637472
2008-09-28,09292000,41786.5,0.0,382.97,14.68,1.98,655.89,8.33,9292000.0,1.557424
2008-09-29,09292000,41620.92,0.0,398.97,15.53,1.74,632.2,8.635,9292000.0,1.79528512
2008-09-30,09292000,41455.59,0.0,398.51,15.57,1.49,610.0,8.53,9292000.0,1.61972096
2008-10-01,09292000,41290.54,0.0,361.82,13.53,1.34,637.06,7.435,9292000.0,1.09302848
2008-10-02,09292000,41125.82,0.0,381.39,13.86,0.52,588.91,7.19,9292000.0,0.88914752
2008-10-03,09292000,40961.44,8.83,205.19,9.77,1.22,667.05,5.495,9292000.0,0.95144448
2008-10-04,09292000,40797.44,16.05,123.36,3.49,-1.26,556.9,1.1150000000000002,9292000.0,1.4838003199999998
2008-10-05,09292000,40633.84,0.0,286.07,5.05,-3.61,467.65,0.72,9292000.0,1.2884144
2008-10-06,09292000,40470.68,0.0,303.82,5.82,-3.54,470.36,1.14,9292000.0,1.0703750399999998
2008-10-07,09292000,40307.99,0.0,400.94,11.14,-3.61,467.8,3.765000000000001,9292000.0,1.0335632
2008-10-08,09292000,40145.81,0.0,339.77,11.33,0.07,614.0,5.7,9292000.0,0.99391968
2008-10-09,09292000,39984.15,0.0,301.35,8.1,-1.38,551.95,3.36,9292000.0,0.94578112
2008-10-10,09292000,39823.06,6.51,179.48,3.06,-4.11,450.73,-0.5250000000000001,9292000.0,0.9344544
2008-10-11,09292000,39662.57,10.99,261.97,-0.1,-9.98,286.27,-5.04,9292000.0,0.9769296
2008-10-12,09292000,39502.72,10.01,287.56,-4.78,-15.96,176.12,-10.37,9292000.0,0.93162272
2008-10-13,09292000,39343.54,0.0,450.01,-0.78,-15.97,175.89,-8.375,9292000.0,1.15815712
2008-10-14,09292000,39185.06,0.0,416.18,5.46,-7.93,336.44,-1.235,9292000.0,1.4639785600000002
2008-10-15,09292000,39027.33,0.0,407.13,6.66,-6.41,378.37,0.125,9292000.0,1.4724736
2008-10-16,09292000,38870.38,0.0,348.22,8.68,-1.72,538.6,3.48,9292000.0,1.45265184
2008-10-17,09292000,38714.24,0.0,405.77,11.94,-1.79,535.59,5.074999999999999,9292000.0,1.46114688
2008-10-18,09292000,38558.97,0.0,337.61,10.12,-0.13,604.87,4.994999999999999,9292000.0,1.50362208
2008-10-19,09292000,38404.6,0.0,351.45,9.06,-1.82,534.39,3.62,9292000.0,1.4724736
2008-10-20,09292000,38251.17,0.0,260.26,6.05,-1.36,552.8,2.345,9292000.0,1.4724736
2008-10-21,09292000,38098.72,0.0,360.34,2.32,-8.98,309.74,-3.33,9292000.0,1.44982016
2008-10-22,09292000,37947.29,0.0,362.21,2.2,-9.35,301.02,-3.575,9292000.0,1.2600976
2008-10-23,09292000,37796.93,0.0,347.56,8.33,-2.79,497.28,2.77,9292000.0,1.29974112
2008-10-24,09292000,37647.69,0.0,287.35,6.75,-1.77,536.61,2.49,9292000.0,1.29974112
2008-10-25,09292000,37499.61,0.0,315.43,10.17,0.35,626.36,5.26,9292000.0,1.27708768
2008-10-26,09292000,37352.73,0.0,347.47,9.03,-2.33,514.51,3.35,9292000.0,1.29124608
2008-10-27,09292000,37207.1,0.0,379.15,12.4,-1.43,550.16,5.485,9292000.0,1.20629568
2008-10-28,09292000,37062.77,0.0,327.46,11.72,-1.2,559.33,5.260000000000001,9292000.0,0.97126624
2008-10-29,09292000,36919.79,0.0,298.67,10.77,-0.35,595.35,5.21,9292000.0,0.7645535999999999
2008-10-30,09292000,36778.21,0.0,302.05,10.89,-0.51,588.28,5.19,9292000.0,0.77588032
2008-10-31,09292000,36638.08,0.0,256.77,8.03,-0.89,572.28,3.57,9292000.0,0.9344544
2008-11-01,09292000,36499.45,0.0,219.31,7.98,0.67,641.06,4.325,9292000.0,1.15249376
2008-11-02,09292000,36362.38,13.87,192.39,3.34,-5.55,404.06,-1.105,9292000.0,1.26292928
2008-11-03,09292000,36226.91,3.39,232.92,1.81,-8.46,322.75,-3.325,9292000.0,1.20912736
2008-11-04,09292000,36093.1,8.96,244.69,-0.76,-11.87,246.26,-6.315,9292000.0,1.05338496
2008-11-05,09292000,35961.0,3.12,193.93,-8.34,-16.27,171.55,-12.305,9292000.0,0.88631584
2008-11-06,09292000,35830.68,0.0,363.32,-3.75,-17.37,156.44,-10.56,9292000.0,1.10152352
2008-11-07,09292000,35702.18,0.0,253.72,2.12,-5.84,395.19,-1.86,9292000.0,1.16382048
2008-11-08,09292000,35575.56,0.0,307.78,4.92,-5.7,399.34,-0.3900000000000001,9292000.0,1.1666521600000002
2008-11-09,09292000,35450.88,7.45,118.91,-0.98,-5.73,398.36,-3.3550000000000004,9292000.0,1.13550368
2008-11-10,09292000,35328.19,7.03,164.71,-0.2,-6.99,361.88,-3.595,9292000.0,1.132672
2008-11-11,09292000,35207.56,0.0,320.06,1.52,-9.86,289.0,-4.17,9292000.0,1.08453344
2008-11-12,09292000,35089.04,0.0,293.97,3.0,-7.0,361.59,-2.0,9292000.0,1.28275104
2008-11-13,09292000,34972.69,2.66,211.12,5.08,-4.48,438.28,0.2999999999999998,9292000.0,1.53760224
2008-11-14,09292000,34858.56,0.0,236.53,0.16,-7.2,355.91,-3.52,9292000.0,1.30823616
2008-11-15,09292000,34746.73,0.0,311.38,5.43,-5.82,395.84,-0.1950000000000002,9292000.0,0.991088
2008-11-16,09292000,34637.23,0.0,279.86,7.85,-1.76,536.78,3.045,9292000.0,1.04488992
2008-11-17,09292000,34530.14,0.0,311.7,10.19,-1.78,536.07,4.205,9292000.0,0.99958304
2008-11-18,09292000,34425.52,0.0,311.0,9.75,-2.36,513.57,3.695,9292000.0,0.99391968
2008-11-19,09292000,34323.41,0.0,296.47,7.23,-3.98,454.91,1.6250000000000002,9292000.0,0.96843456
2008-11-20,09292000,34223.88,0.0,247.44,2.95,-5.46,406.73,-1.255,9292000.0,0.97126624
2008-11-21,09292000,34126.99,0.0,295.59,3.74,-7.4,350.39,-1.83,9292000.0,0.91463264
2008-11-22,09292000,34032.78,0.0,288.76,4.13,-6.69,370.19,-1.2800000000000002,9292000.0,0.8466723199999999
2008-11-23,09292000,33941.33,0.0,291.35,0.67,-10.46,275.63,-4.8950000000000005,9292000.0,0.91180096
2008-11-24,09292000,33852.69,0.0,338.54,7.71,-9.73,291.98,-1.0100000000000002,9292000.0,0.8070288
2008-11-25,09292000,33766.9,0.0,288.15,5.87,-5.78,396.83,0.0449999999999999,9292000.0,0.90330592
2008-11-26,09292000,33684.02,0.0,276.68,4.0,-6.79,367.26,-1.395,9292000.0,0.99391968
2008-11-27,09292000,33604.12,0.0,232.25,3.04,-5.27,412.63,-1.1149999999999998,9292000.0,1.02789984
2008-11-28,09292000,33527.23,4.14,122.76,-1.78,-7.17,356.71,-4.475,9292000.0,0.93728608
2008-11-29,09292000,33453.41,8.55,97.43,-1.25,-5.4,408.54,-3.325,9292000.0,0.89764256
2008-11-30,09292000,33382.71,7.4,84.91,-0.5,-4.06,452.41,-2.28,9292000.0,0.91463264
2008-12-01,09292000,33315.18,0.0,247.45,5.45,-3.55,470.01,0.9500000000000002,9292000.0,0.90896928
2008-12-02,09292000,33250.86,6.05,206.7,3.5,-7.31,353.05,-1.905,9292000.0,0.90047424
2008-12-03,09292000,33189.79,0.0,255.05,-1.85,-11.11,261.76,-6.48,9292000.0,0.89481088
2008-12-04,09292000,33132.03,3.4,216.7,-4.39,-16.02,175.14,-10.205,9292000.0,0.88631584
2008-12-05,09292000,33077.61,0.0,312.45,1.01,-13.49,215.89,-6.24,9292000.0,0.9061376
2008-12-06,09292000,33026.56,0.0,250.05,6.31,-3.17,483.31,1.5699999999999998,9292000.0,0.849504
2008-12-07,09292000,32978.94,0.0,276.27,5.46,-5.88,393.93,-0.2099999999999999,9292000.0,0.8778208
2008-12-08,09292000,32934.76,2.45,184.6,-3.42,-12.61,231.9,-8.015,9292000.0,0.87498912
2008-12-09,09292000,32894.07,0.0,310.14,-0.91,-15.92,176.72,-8.415,9292000.0,0.85233568
2008-12-10,09292000,32856.9,0.0,248.5,2.7,-7.15,357.27,-2.225,9292000.0,0.8778208
2008-12-11,09292000,32823.26,0.0,246.67,0.82,-8.85,312.92,-4.015,9292000.0,0.849504
2008-12-12,09292000,32793.2,3.68,128.5,-2.08,-8.13,331.21,-5.105,9292000.0,0.849504
2008-12-13,09292000,32766.72,7.94,223.33,-5.26,-19.0,136.17,-12.13,9292000.0,0.849504
2008-12-14,09292000,32743.86,0.0,263.71,-13.15,-23.72,89.97,-18.435,9292000.0,0.8211872
2008-12-15,09292000,32724.62,6.22,139.14,-14.45,-20.96,114.9,-17.705,9292000.0,0.7645535999999999
2008-12-16,09292000,32709.02,6.3,212.47,-9.72,-21.76,107.05,-15.740000000000002,9292000.0,0.7362368
2008-12-17,09292000,32697.08,5.92,197.92,-10.49,-20.93,115.19,-15.71,9292000.0,0.70792
2008-12-18,09292000,32688.8,9.0,199.24,-5.42,-15.92,176.7,-10.67,9292000.0,0.70792
2008-12-19,09292000,32684.19,4.02,192.43,-10.76,-20.51,119.52,-15.635000000000002,9292000.0,0.6796032
2008-12-20,09292000,32683.26,3.19,176.35,-13.93,-22.44,100.81,-18.185,9292000.0,0.6796032
2008-12-21,09292000,32686.0,5.7,244.17,-1.84,-19.32,132.43,-10.58,9292000.0,0.7362368
2008-12-22,09292000,32692.41,8.09,228.14,-6.62,-20.22,122.52,-13.42,9292000.0,0.7645535999999999
2008-12-23,09292000,32702.49,0.0,293.3,-10.52,-22.78,97.83,-16.65,9292000.0,0.70792
2008-12-24,09292000,32716.23,6.17,225.26,-10.41,-23.19,94.31,-16.8,9292000.0,0.6796032
2008-12-25,09292000,32733.61,23.33,128.74,-8.14,-13.74,211.5,-10.94,9292000.0,0.6512864
2008-12-26,09292000,32754.64,0.0,323.72,-10.88,-25.11,79.35,-17.995,9292000.0,0.6229696
2008-12-27,09292000,32779.28,8.64,259.8,-4.88,-24.51,83.8,-14.695,9292000.0,0.566336
2008-12-28,09292000,32807.52,0.0,272.99,0.34,-10.21,281.16,-4.9350000000000005,9292000.0,0.5946528
2008-12-29,09292000,32839.34,0.0,276.65,2.19,-8.81,313.97,-3.3100000000000005,9292000.0,0.5946528
2008-12-30,09292000,32874.72,0.0,284.63,1.48,-10.22,281.0,-4.37,9292000.0,0.5946528
2008-12-31,09292000,0.0,0.0,0.0,0.0,0.0,0.0,0.0,9292000.0,0.6229696
2009-01-01,09292000,32913.8,0.0,199.54,1.1,-6.44,377.49,-2.67,9292000.0,0.6229696
2009-01-02,09292000,32956.22,3.9,199.33,-0.16,-11.12,261.61,-5.64,9292000.0,0.5946528
2009-01-03,09292000,33002.11,0.0,336.71,-9.92,-27.57,63.34,-18.745,9292000.0,0.5946528
2009-01-04,09292000,33051.44,0.0,346.92,-7.89,-27.87,61.59,-17.88,9292000.0,0.566336
2009-01-05,09292000,33104.16,6.21,227.56,-7.62,-20.85,116.04,-14.235,9292000.0,0.5380192
2009-01-06,09292000,33160.24,11.07,178.36,-4.62,-13.51,215.63,-9.065,9292000.0,0.566336
2009-01-07,09292000,33219.65,0.0,181.57,1.08,-5.4,408.7,-2.16,9292000.0,0.6229696
2009-01-08,09292000,33282.33,0.0,309.76,4.01,-9.45,298.66,-2.72,9292000.0,0.6512864
2009-01-09,09292000,33348.25,0.0,245.37,-6.45,-15.45,183.76,-10.95,9292000.0,0.6512864
2009-01-10,09292000,33417.36,0.0,261.4,-4.32,-14.05,206.24,-9.185,9292000.0,0.6229696
2009-01-11,09292000,33489.61,5.53,157.75,-1.94,-9.35,300.99,-5.645,9292000.0,0.5946528
2009-01-12,09292000,33564.96,4.73,94.86,-3.64,-7.83,339.1,-5.735,9292000.0,0.5946528
2009-01-13,09292000,33643.35,0.0,243.23,1.4,-7.29,353.46,-2.9450000000000003,9292000.0,0.566336
2009-01-14,09292000,33724.73,0.0,222.1,1.41,-6.31,381.09,-2.45,9292000.0,0.566336
2009-01-15,09292000,33809.06,0.0,250.9,1.26,-7.64,343.95,-3.19,9292000.0,0.566336
2009-01-16,09292000,33896.27,0.0,328.75,5.2,-8.41,324.06,-1.605,9292000.0,0.5946528
2009-01-17,09292000,33986.31,0.0,335.08,4.53,-9.31,301.87,-2.39,9292000.0,0.5946528
2009-01-18,09292000,34079.13,0.0,358.48,6.7,-9.52,296.89,-1.4099999999999997,9292000.0,0.6229696
2009-01-19,09292000,34174.68,0.0,350.3,7.86,-7.23,355.05,0.3149999999999999,9292000.0,0.6229696
2009-01-20,09292000,34272.88,0.0,366.38,8.35,-8.44,323.32,-0.0449999999999999,9292000.0,0.6229696
2009-01-21,09292000,34373.7,0.0,344.49,7.14,-6.85,365.64,0.145,9292000.0,0.6229696
2009-01-22,09292000,34477.06,3.81,169.24,5.16,-2.33,514.55,1.415,9292000.0,0.5946528
2009-01-23,09292000,34582.92,3.86,232.84,1.96,-9.15,305.73,-3.595,9292000.0,0.5946528
2009-01-24,09292000,34691.2,12.96,180.62,0.33,-7.37,351.31,-3.52,9292000.0,0.6229696
2009-01-25,09292000,34801.87,7.59,174.4,-3.93,-11.13,261.31,-7.53,9292000.0,0.6796032
2009-01-26,09292000,34914.85,0.0,369.82,-7.16,-20.93,115.23,-14.045,9292000.0,0.6512864
2009-01-27,09292000,35030.08,4.15,289.74,-7.76,-22.96,96.3,-15.36,9292000.0,0.5946528
2009-01-28,09292000,35147.52,5.78,151.2,-8.55,-14.42,200.06,-11.485,9292000.0,0.566336
2009-01-29,09292000,35267.09,0.0,367.46,-2.95,-15.76,179.12,-9.355,9292000.0,0.5946528
2009-01-30,09292000,35388.75,0.0,379.69,3.1,-10.61,272.42,-3.755,9292000.0,0.5946528
2009-01-31,09292000,35512.43,0.0,384.82,3.08,-11.02,263.54,-3.97,9292000.0,0.5946528
2009-02-01,09292000,35638.08,0.0,347.83,-2.13,-13.51,215.58,-7.82,9292000.0,0.566336
2009-02-02,09292000,35765.64,0.0,333.04,1.55,-8.83,313.58,-3.64,9292000.0,0.566336
2009-02-03,09292000,35895.05,0.0,406.49,4.38,-10.23,280.66,-2.9250000000000003,9292000.0,0.566336
2009-02-04,09292000,36026.26,0.0,416.87,5.28,-10.12,283.2,-2.4199999999999995,9292000.0,0.5946528
2009-02-05,09292000,36159.21,0.0,374.01,2.78,-9.26,303.14,-3.24,9292000.0,0.6229696
2009-02-06,09292000,36293.85,4.57,216.48,-1.02,-9.24,303.62,-5.13,9292000.0,0.5946528
2009-02-07,09292000,36430.12,2.23,233.93,-2.31,-11.11,261.83,-6.71,9292000.0,0.6229696
2009-02-08,09292000,36567.97,9.39,203.84,-3.94,-11.18,260.29,-7.56,9292000.0,0.6229696
2009-02-09,09292000,36707.35,9.0,215.76,-5.34,-12.87,227.05,-9.105,9292000.0,0.6512864
2009-02-10,09292000,36848.2,4.63,332.08,-5.18,-19.99,124.97,-12.585,9292000.0,0.6512864
2009-02-11,09292000,36990.48,0.0,458.68,-4.22,-20.14,123.37,-12.18,9292000.0,0.6512864
2009-02-12,09292000,37134.14,3.65,292.04,-6.98,-18.43,142.99,-12.705,9292000.0,0.6229696
2009-02-13,09292000,37279.12,5.43,339.83,-7.64,-22.83,97.44,-15.235,9292000.0,0.5946528
2009-02-14,09292000,37425.37,4.47,331.89,-5.36,-19.66,128.58,-12.51,9292000.0,0.5946528
2009-02-15,09292000,37572.85,0.0,485.07,-5.06,-22.27,102.43,-13.665,9292000.0,0.6229696
2009-02-16,09292000,37721.52,11.49,282.28,-5.07,-15.54,182.35,-10.305,9292000.0,0.6512864
2009-02-17,09292000,37871.32,8.85,249.16,-3.62,-12.2,239.78,-7.91,9292000.0,0.56350432
2009-02-18,09292000,38022.21,0.0,387.35,-5.04,-15.17,188.1,-10.105,9292000.0,0.5946528
2009-02-19,09292000,38174.15,0.0,502.8,-1.23,-17.29,157.51,-9.26,9292000.0,0.6229696
2009-02-20,09292000,38327.09,0.0,450.76,0.17,-12.33,237.22,-6.08,9292000.0,0.6229696
2009-02-21,09292000,38481.0,0.0,518.7,5.06,-12.45,234.89,-3.695,9292000.0,0.566336
2009-02-22,09292000,38635.82,0.0,407.65,3.22,-7.54,346.82,-2.16,9292000.0,0.5493459199999999
2009-02-23,09292000,38791.52,0.0,293.46,2.17,-4.9,424.51,-1.3650000000000002,9292000.0,0.566336
2009-02-24,09292000,38948.06,0.0,389.98,3.86,-6.08,387.86,-1.11,9292000.0,0.5946528
2009-02-25,09292000,39105.41,3.53,325.68,3.12,-8.32,326.38,-2.6,9292000.0,0.5946528
2009-02-26,09292000,39263.51,0.0,412.59,0.04,-10.14,282.85,-5.050000000000001,9292000.0,0.566336
2009-02-27,09292000,39422.34,0.0,501.29,-5.65,-19.47,130.77,-12.56,9292000.0,0.5380192
2009-02-28,09292000,39581.86,0.0,582.48,3.92,-18.26,144.98,-7.170000000000001,9292000.0,0.5097024
2009-03-01,09292000,39742.04,0.0,500.79,8.06,-6.22,383.7,0.9200000000000004,9292000.0,0.4813855999999999
2009-03-02,09292000,39902.83,0.0,431.98,7.63,-3.39,475.55,2.12,9292000.0,0.4389104
2009-03-03,09292000,40064.2,0.0,323.4,5.0,-2.49,508.6,1.255,9292000.0,0.45023712
2009-03-04,09292000,40226.13,0.0,390.35,2.73,-6.44,377.29,-1.855,9292000.0,0.45023712
2009-03-05,09292000,40388.57,3.0,356.11,-4.92,-16.62,166.6,-10.77,9292000.0,0.4530688
2009-03-06,09292000,40551.49,2.82,336.52,-5.86,-16.29,171.28,-11.075,9292000.0,0.46156384
2009-03-07,09292000,40714.87,0.0,543.66,-2.65,-16.84,163.56,-9.745,9292000.0,0.4728905599999999
2009-03-08,09292000,40878.67,0.0,519.26,-0.91,-13.95,207.97,-7.43,9292000.0,0.57483104
2009-03-09,09292000,41042.87,10.28,372.68,-5.75,-17.71,152.0,-11.73,9292000.0,0.52952416
2009-03-10,09292000,41207.42,0.0,578.98,-4.74,-20.57,118.9,-12.655,9292000.0,0.75322688
2009-03-11,09292000,41372.31,0.0,592.35,0.87,-16.2,172.54,-7.665,9292000.0,0.7503952
2009-03-12,09292000,41537.49,0.0,586.17,1.2,-15.25,186.77,-7.025,9292000.0,0.7560585599999999
2009-03-13,09292000,41702.95,0.0,622.36,3.65,-15.76,179.11,-6.055,9292000.0,0.62863296
2009-03-14,09292000,41868.66,0.0,610.98,4.6,-13.59,214.19,-4.495,9292000.0,0.62580128
2009-03-15,09292000,42034.58,0.0,499.79,2.35,-9.76,291.48,-3.705,9292000.0,0.48421728
2009-03-16,09292000,42200.7,0.0,528.4,6.13,-7.05,360.19,-0.4599999999999999,9292000.0,0.48988064
2009-03-17,09292000,42366.97,0.0,441.45,6.36,-3.6,468.04,1.38,9292000.0,0.5238608
2009-03-18,09292000,42533.38,0.0,538.57,6.58,-6.6,372.92,-0.0099999999999997,9292000.0,0.5578409599999999
2009-03-19,09292000,42699.89,0.0,574.08,6.99,-7.8,333.25,-0.4049999999999998,9292000.0,0.57766272
2009-03-20,09292000,42866.49,0.0,517.8,8.8,-3.72,460.6,2.54,9292000.0,0.6796032
2009-03-21,09292000,43033.14,0.0,510.27,7.29,-4.66,432.4,1.315,9292000.0,0.7334051199999999
2009-03-22,09292000,43199.82,2.67,389.98,2.96,-9.14,306.03,-3.0900000000000003,9292000.0,0.73057344
2009-03-23,09292000,43366.49,4.83,257.42,-3.43,-10.32,278.8,-6.875,9292000.0,0.6342963199999999
2009-03-24,09292000,43533.14,2.06,373.94,-1.64,-12.38,236.23,-7.010000000000001,9292000.0,0.70225664
2009-03-25,09292000,43699.74,14.71,263.93,-4.54,-11.43,255.11,-7.984999999999999,9292000.0,0.8410089599999999
2009-03-26,09292000,43866.26,0.0,534.23,-8.5,-19.79,127.19,-14.145,9292000.0,0.99958304
2009-03-27,09292000,44032.67,0.0,673.35,-1.46,-19.18,134.1,-10.32,9292000.0,1.37053312
2009-03-28,09292000,44198.94,0.0,615.78,3.57,-11.06,262.8,-3.745,9292000.0,1.12134528
2009-03-29,09292000,44365.05,3.3,471.5,-1.53,-16.62,166.57,-9.075,9292000.0,1.00807808
2009-03-30,09292000,44530.98,4.63,319.68,-7.85,-16.04,174.86,-11.945,9292000.0,1.30823616
2009-03-31,09292000,44696.68,9.2,403.94,-2.15,-13.03,224.09,-7.59,9292000.0,1.14966208
2009-04-01,09292000,44862.15,0.0,577.88,-5.65,-17.44,155.47,-11.545000000000002,9292000.0,1.00241472
2009-04-02,09292000,45027.33,19.75,462.79,1.86,-11.41,255.45,-4.775,9292000.0,0.96560288
2009-04-03,09292000,45192.22,9.23,435.5,0.58,-11.31,257.56,-5.365,9292000.0,1.0194048
2009-04-04,09292000,45356.77,0.0,585.42,-3.88,-15.6,181.52,-9.74,9292000.0,1.05621664
2009-04-05,09292000,45520.97,0.0,699.61,-0.66,-16.93,162.35,-8.795,9292000.0,1.10152352
2009-04-06,09292000,45684.77,0.0,757.95,7.45,-13.64,203.74,-3.095,9292000.0,0.99391968
2009-04-07,09292000,45848.15,0.0,736.03,8.93,-10.3,257.58,-0.6850000000000005,9292000.0,1.03073152
2009-04-08,09292000,46011.08,2.91,447.21,3.6,-8.95,310.48,-2.675,9292000.0,1.05338496
2009-04-09,09292000,46173.52,0.0,604.18,2.58,-9.9,288.29,-3.66,9292000.0,1.0052464
2009-04-10,09292000,46335.44,3.54,469.51,4.13,-9.02,308.94,-2.445,9292000.0,1.01657312
2009-04-11,09292000,46496.82,13.28,298.07,1.69,-5.47,406.48,-1.89,9292000.0,1.06188
2009-04-12,09292000,46657.61,0.0,620.93,3.41,-8.77,315.12,-2.68,9292000.0,1.08170176
2009-04-13,09292000,46817.79,0.0,731.77,7.01,-9.51,281.78,-1.25,9292000.0,1.09869184
2009-04-14,09292000,46977.31,22.92,124.74,-0.1,-2.6,504.29,-1.35,9292000.0,1.15249376
2009-04-15,09292000,47136.14,20.0,449.99,1.1,-9.99,286.17,-4.445,9292000.0,1.12134528
2009-04-16,09292000,47294.25,9.55,489.25,-0.32,-12.89,226.71,-6.605,9292000.0,1.07320672
2009-04-17,09292000,47451.59,0.0,649.77,3.09,-9.28,302.6,-3.095,9292000.0,1.13833536
2009-04-18,09292000,47608.14,0.0,652.18,6.01,-6.42,377.86,-0.205,9292000.0,1.29974112
2009-04-19,09292000,47763.84,0.0,766.99,8.74,-8.83,310.28,-0.0449999999999999,9292000.0,1.46964192
2009-04-20,09292000,47918.67,0.0,702.27,10.48,-4.02,451.78,3.2300000000000004,9292000.0,1.72449312
2009-04-21,09292000,48072.57,0.0,713.57,11.68,-3.39,466.46,4.145,9292000.0,1.62255264
2009-04-22,09292000,48225.52,0.0,725.38,11.92,-3.92,444.98,4.0,9292000.0,1.76696832
2009-04-23,09292000,48377.46,0.0,647.05,11.31,-1.56,544.97,4.875,9292000.0,1.98500768
2009-04-24,09292000,48528.35,0.0,461.67,7.65,-0.57,586.03,3.54,9292000.0,1.64803776
2009-04-25,09292000,48678.16,13.22,431.29,3.28,-7.32,352.66,-2.0200000000000005,9292000.0,1.6650278399999998
2009-04-26,09292000,48826.82,4.49,512.63,0.42,-13.03,224.12,-6.305,9292000.0,1.43283008
2009-04-27,09292000,48974.31,0.0,798.85,2.6,-16.24,172.07,-6.819999999999999,9292000.0,1.51211712
2009-04-28,09292000,49120.57,0.0,670.52,7.73,-5.39,409.09,1.1700000000000004,9292000.0,1.60556256
2009-04-29,09292000,49265.55,0.0,613.16,6.77,-4.71,430.46,1.0299999999999998,9292000.0,1.49512704
2009-04-30,09292000,49409.2,0.0,627.44,8.03,-3.89,458.18,2.0699999999999994,9292000.0,1.32239456
2009-05-01,09292000,49551.49,0.0,433.89,6.78,-0.68,581.32,3.0500000000000003,9292000.0,1.46114688
2009-05-02,09292000,49692.34,14.44,401.92,6.17,-3.27,479.74,1.45,9292000.0,1.71882976
2009-05-03,09292000,49831.73,5.9,499.11,7.63,-5.16,416.03,1.235,9292000.0,1.90005728
2009-05-04,09292000,49969.58,0.0,658.92,6.01,-6.37,379.43,-0.1800000000000001,9292000.0,2.61647232
2009-05-05,09292000,50105.86,0.0,564.37,9.17,-0.77,577.31,4.2,9292000.0,2.7325712
2009-05-06,09292000,50240.5,0.0,645.72,10.85,-0.88,572.49,4.984999999999999,9292000.0,3.0015808
2009-05-07,09292000,50373.45,0.0,610.77,9.15,-1.36,553.07,3.895,9292000.0,3.7661344
2009-05-08,09292000,50504.67,0.0,697.11,6.08,-6.58,373.49,-0.25,9292000.0,4.0776192
2009-05-09,09292000,50634.08,0.0,757.94,6.59,-8.29,319.97,-0.8499999999999996,9292000.0,4.4740544
2009-05-10,09292000,50761.65,0.0,708.85,8.8,-4.35,425.45,2.2250000000000005,9292000.0,4.672272
2009-05-11,09292000,50887.3,0.0,742.46,12.21,-2.5,458.43,4.855,9292000.0,5.8332608
2009-05-12,09292000,51010.98,0.0,662.8,10.39,-1.61,514.08,4.390000000000001,9292000.0,7.1358336
2009-05-13,09292000,51132.65,0.0,607.74,6.48,-3.83,460.27,1.3250000000000002,9292000.0,9.0330592
2009-05-14,09292000,51252.23,0.0,634.6,8.85,-2.39,495.74,3.2299999999999995,9292000.0,8.693257599999999
2009-05-15,09292000,51369.66,0.0,697.16,10.07,-2.94,450.16,3.5650000000000004,9292000.0,9.20296
2009-05-16,09292000,51484.91,0.0,783.48,12.33,-4.22,377.26,4.055,9292000.0,10.9302848
2009-05-17,09292000,51597.89,0.0,781.2,16.01,-0.85,466.48,7.580000000000001,9292000.0,16.5936448
2009-05-18,09292000,51708.56,0.0,763.52,17.32,1.11,520.68,9.215,9292000.0,21.4641344
2009-05-19,09292000,51816.85,0.0,695.01,14.74,1.42,557.96,8.08,9292000.0,23.219776
2009-05-20,09292000,51922.71,0.0,626.1,12.14,0.95,578.84,6.545,9292000.0,19.6518592
2009-05-21,09292000,52026.08,0.0,699.12,12.73,-0.39,496.68,6.17,9292000.0,19.9067104
2009-05-22,09292000,52126.9,0.0,614.84,11.79,1.09,590.12,6.44,9292000.0,17.4714656
2009-05-23,09292000,52225.11,11.12,250.01,7.04,1.86,698.57,4.45,9292000.0,13.6486976
2009-05-24,09292000,52320.66,6.25,373.46,8.03,-0.03,609.2,4.0,9292000.0,20.954432
2009-05-25,09292000,52413.49,0.0,553.1,7.93,-1.12,557.4,3.405,9292000.0,14.9229536
2009-05-26,09292000,52503.54,5.61,443.1,8.08,-1.76,536.88,3.16,9292000.0,11.609888
2009-05-27,09292000,52590.76,0.0,714.09,11.05,-1.75,471.25,4.65,9292000.0,11.5815712
2009-05-28,09292000,52675.09,0.0,702.49,12.21,-0.3,521.17,5.955,9292000.0,11.4116704
2009-05-29,09292000,52756.48,0.0,701.61,12.64,0.08,533.27,6.36,9292000.0,10.7320672
2009-05-30,09292000,52834.87,0.0,696.35,12.55,0.1,536.15,6.325,9292000.0,9.5710784
2009-05-31,09292000,52910.23,2.91,474.57,11.32,0.32,625.21,5.82,9292000.0,9.3162272
2009-06-01,09292000,52982.49,4.21,460.09,11.06,0.5,633.08,5.78,9292000.0,8.9764256
2009-06-02,09292000,53051.6,3.75,464.0,10.52,-0.1,606.36,5.21,9292000.0,9.2312768
2009-06-03,09292000,53117.53,0.0,700.53,12.36,-0.42,526.33,5.97,9292000.0,9.6560288
2009-06-04,09292000,53180.22,0.0,696.66,13.17,0.35,550.16,6.76,9292000.0,9.5427616
2009-06-05,09292000,53239.63,2.32,441.15,10.34,0.35,626.2,5.345,9292000.0,8.778208
2009-06-06,09292000,53295.72,0.0,640.47,9.63,-1.47,513.67,4.08,9292000.0,7.1075168
2009-06-07,09292000,53348.45,3.92,363.0,5.36,-2.29,516.14,1.535,9292000.0,6.5411808
2009-06-08,09292000,53397.78,5.96,406.99,8.21,-0.52,588.11,3.8450000000000006,9292000.0,5.8898944
2009-06-09,09292000,53443.68,5.6,400.18,8.97,0.47,632.04,4.720000000000001,9292000.0,5.8898944
2009-06-10,09292000,53486.11,9.23,348.38,7.49,0.44,630.62,3.965,9292000.0,5.8332608
2009-06-11,09292000,53525.04,12.27,366.75,6.1,-1.26,556.98,2.42,9292000.0,6.0597952
2009-06-12,09292000,53560.44,0.0,685.78,9.21,-2.46,487.2,3.3750000000000004,9292000.0,5.8898944
2009-06-13,09292000,53592.28,0.0,629.79,9.94,-0.34,581.95,4.8,9292000.0,5.5500928
2009-06-14,09292000,53620.55,5.05,478.61,9.34,-1.17,560.69,4.085,9292000.0,5.238608
2009-06-15,09292000,53645.21,0.0,671.85,9.36,-1.75,519.56,3.805,9292000.0,5.2669248
2009-06-16,09292000,53666.26,4.76,538.17,11.7,-1.02,566.68,5.34,9292000.0,5.0120736
2009-06-17,09292000,53683.67,13.89,376.46,8.04,0.75,644.81,4.395,9292000.0,6.7110816
2009-06-18,09292000,53697.43,6.95,476.69,8.22,-1.66,540.63,3.28,9292000.0,7.4473184
2009-06-19,09292000,53707.54,0.0,780.47,12.47,-2.49,472.09,4.99,9292000.0,6.3429632
2009-06-20,09292000,53713.97,12.76,550.92,12.49,-0.79,576.53,5.85,9292000.0,7.0792
2009-06-21,09292000,53716.74,8.52,459.87,8.39,-1.11,563.0,3.64,9292000.0,9.8542464
2009-06-22,09292000,53715.83,0.0,736.06,13.15,-0.32,572.09,6.415,9292000.0,8.1552384
2009-06-23,09292000,53711.24,0.0,767.43,16.88,1.26,613.87,9.07,9292000.0,7.78712
2009-06-24,09292000,53702.99,0.0,718.67,18.55,4.71,777.5,11.63,9292000.0,12.176224
2009-06-25,09292000,53691.07,0.0,694.12,18.1,5.01,806.61,11.555,9292000.0,18.122752
2009-06-26,09292000,53675.5,17.96,484.61,13.18,1.78,694.65,7.479999999999999,9292000.0,20.3597792
2009-06-27,09292000,53656.28,0.0,726.88,15.55,1.3,636.81,8.425,9292000.0,12.9690944
2009-06-28,09292000,53633.44,0.0,738.16,17.71,2.55,679.86,10.13,9292000.0,9.769296
2009-06-29,09292000,53606.99,0.0,734.47,17.6,2.46,673.13,10.03,9292000.0,8.6083072
2009-06-30,09292000,53576.95,0.0,724.3,18.65,3.64,721.07,11.145,9292000.0,7.9853376
2009-07-01,09292000,53543.34,6.23,496.13,18.27,5.28,888.93,11.775,9292000.0,7.645536
2009-07-02,09292000,53506.18,8.43,455.96,15.83,4.62,848.88,10.225,9292000.0,8.0419712
2009-07-03,09292000,53465.52,0.0,620.92,15.26,3.87,776.46,9.565,9292000.0,8.8348416
2009-07-04,09292000,53421.36,0.0,644.83,15.56,3.42,741.53,9.49,9292000.0,7.5889024
2009-07-05,09292000,53373.76,0.0,663.29,16.91,3.92,754.03,10.415,9292000.0,6.7110816
2009-07-06,09292000,53322.74,0.0,700.93,18.41,3.65,718.0,11.03,9292000.0,5.9182112
2009-07-07,09292000,53268.34,0.0,672.83,18.01,4.11,756.15,11.06,9292000.0,5.3235584
2009-07-08,09292000,53210.6,0.0,557.18,16.71,6.25,939.71,11.48,9292000.0,4.672272
2009-07-09,09292000,53149.56,0.0,536.1,17.05,6.97,998.06,12.01,9292000.0,4.530688
2009-07-10,09292000,53085.26,0.0,632.59,19.26,6.08,873.69,12.670000000000002,9292000.0,4.0493024
2009-07-11,09292000,53017.74,0.0,595.34,18.4,6.28,892.42,12.34,9292000.0,3.7095008
2009-07-12,09292000,52947.06,0.0,627.19,18.68,5.4,822.95,12.04,9292000.0,3.4263328
2009-07-13,09292000,52873.26,0.0,575.62,18.44,6.66,928.49,12.55,9292000.0,3.256432
2009-07-14,09292000,52796.4,0.0,559.15,16.64,5.41,838.79,11.025,9292000.0,2.9449472
2009-07-15,09292000,52716.51,0.0,621.03,18.49,5.17,748.78,11.829999999999998,9292000.0,2.63063072
2009-07-16,09292000,52633.66,0.0,642.73,19.97,5.62,733.32,12.795,9292000.0,2.38710624
2009-07-17,09292000,52547.89,0.0,643.31,21.18,6.3,762.42,13.74,9292000.0,2.22570048
2009-07-18,09292000,52459.26,0.0,605.3,21.32,7.63,862.02,14.475,9292000.0,2.11809664
2009-07-19,09292000,52367.82,0.0,574.15,20.2,7.61,890.48,13.905,9292000.0,2.05579968
2009-07-20,09292000,52273.64,0.0,575.43,18.61,6.04,808.42,12.325,9292000.0,2.02181952
2009-07-21,09292000,52176.77,0.0,582.59,18.48,5.51,776.61,11.995,9292000.0,1.82077024
2009-07-22,09292000,52077.25,0.0,597.53,19.6,5.94,784.81,12.77,9292000.0,1.69617632
2009-07-23,09292000,51975.16,0.0,605.93,20.7,6.54,807.37,13.62,9292000.0,1.62538432
2009-07-24,09292000,51870.55,4.24,404.56,20.6,8.38,1082.63,14.490000000000002,9292000.0,1.5715824
2009-07-25,09292000,51763.48,9.05,274.42,14.6,7.28,1021.05,10.94,9292000.0,1.89156224
2009-07-26,09292000,51654.0,9.4,339.49,15.32,5.96,932.23,10.64,9292000.0,3.0582144
2009-07-27,09292000,51542.18,0.0,579.26,18.27,5.17,775.27,11.72,9292000.0,2.18322528
2009-07-28,09292000,51428.07,0.0,542.67,16.81,5.02,796.94,10.915,9292000.0,1.73581984
2009-07-29,09292000,51311.73,0.0,542.78,16.2,4.45,769.34,10.325,9292000.0,1.51778048
2009-07-30,09292000,51193.22,0.0,557.06,15.46,3.31,707.67,9.385,9292000.0,1.4016816
2009-07-31,09292000,51072.6,0.0,523.85,15.95,4.76,800.23,10.355,9292000.0,1.30540448
2009-08-01,09292000,50949.93,0.0,605.64,18.01,3.68,665.29,10.845,9292000.0,1.37053312
2009-08-02,09292000,50825.26,0.0,591.22,18.09,4.18,686.23,11.135,9292000.0,1.3308896
2009-08-03,09292000,50698.66,0.0,579.58,20.07,6.24,789.21,13.155,9292000.0,1.29124608
2009-08-04,09292000,50570.17,0.0,537.89,19.55,7.19,876.77,13.37,9292000.0,1.20629568
2009-08-05,09292000,50439.86,6.2,425.98,19.83,5.92,887.28,12.875,9292000.0,1.53193888
2009-08-06,09292000,50307.77,22.01,312.4,12.34,3.71,796.27,8.025,9292000.0,2.14641344
2009-08-07,09292000,50173.97,0.0,516.34,13.27,1.86,682.2,7.564999999999999,9292000.0,2.74106624
2009-08-08,09292000,50038.52,0.0,449.61,9.73,0.34,625.86,5.035,9292000.0,2.16906688
2009-08-09,09292000,49901.45,0.0,587.7,12.81,-1.39,519.34,5.71,9292000.0,1.95952256
2009-08-10,09292000,49762.83,0.0,597.01,15.12,0.11,566.39,7.614999999999999,9292000.0,1.77829504
2009-08-11,09292000,49622.71,0.0,579.78,18.14,3.49,714.76,10.815,9292000.0,1.57441408
2009-08-12,09292000,49481.14,0.0,549.36,19.16,5.5,835.44,12.33,9292000.0,1.39601824
2009-08-13,09292000,49338.17,7.79,402.4,18.06,4.6,848.12,11.329999999999998,9292000.0,1.34221632
2009-08-14,09292000,49193.85,10.66,361.22,16.79,3.48,783.77,10.135,9292000.0,1.51778048
2009-08-15,09292000,49048.23,6.68,294.74,8.37,-1.12,562.69,3.625,9292000.0,1.97651264
2009-08-16,09292000,48901.36,0.0,491.46,10.8,-2.26,517.31,4.2700000000000005,9292000.0,1.54609728
2009-08-17,09292000,48753.29,0.0,491.61,12.22,-0.97,568.93,5.625,9292000.0,1.35071136
2009-08-18,09292000,48604.05,0.0,504.14,14.82,0.72,643.35,7.77,9292000.0,1.27708768
2009-08-19,09292000,48453.7,0.0,493.12,16.86,3.01,758.27,9.935,9292000.0,1.19780064
2009-08-20,09292000,48302.28,0.0,505.38,19.0,4.11,819.01,11.555,9292000.0,1.2657609600000002
2009-08-21,09292000,48149.84,0.0,513.16,21.08,5.32,883.82,13.2,9292000.0,1.21195904
2009-08-22,09292000,47996.41,0.0,483.93,21.41,7.16,1004.06,14.285,9292000.0,1.31956288
2009-08-23,09292000,47842.04,6.12,222.04,12.15,5.02,873.12,8.585,9292000.0,1.53477056
2009-08-24,09292000,47686.78,0.0,407.38,13.72,3.19,768.01,8.455,9292000.0,1.1751472
2009-08-25,09292000,47530.65,0.0,403.65,13.19,2.76,744.92,7.975,9292000.0,1.22894912
2009-08-26,09292000,47373.71,0.0,472.31,15.88,2.51,731.71,9.195,9292000.0,1.31389952
2009-08-27,09292000,47215.98,0.0,479.76,18.25,4.14,821.11,11.195,9292000.0,1.20629568
2009-08-28,09292000,47057.51,0.0,456.98,18.78,5.55,906.31,12.165,9292000.0,1.17231552
2009-08-29,09292000,46898.33,0.0,442.96,18.3,5.67,913.61,11.985,9292000.0,1.132672
2009-08-30,09292000,46738.48,0.0,435.62,17.81,5.44,898.92,11.625,9292000.0,1.10152352
2009-08-31,09292000,46577.99,0.0,434.41,17.74,5.42,897.83,11.579999999999998,9292000.0,1.132672
2009-09-01,09292000,46416.91,0.0,462.45,18.4,4.64,850.52,11.52,9292000.0,1.1751472
2009-09-02,09292000,46255.26,0.0,407.62,16.85,5.59,908.51,11.22,9292000.0,1.17231552
2009-09-03,09292000,46093.07,0.0,413.75,16.21,4.73,855.62,10.47,9292000.0,1.19780064
2009-09-04,09292000,45930.38,0.0,404.79,15.96,4.82,861.01,10.39,9292000.0,1.17797888
2009-09-05,09292000,45767.23,7.03,289.37,14.46,3.92,808.5,9.19,9292000.0,1.18081056
2009-09-06,09292000,45603.64,0.0,410.24,15.3,3.83,803.26,9.565,9292000.0,1.24877088
2009-09-07,09292000,45439.64,0.0,391.39,15.62,4.74,856.27,10.18,9292000.0,1.17797888
2009-09-08,09292000,45275.26,0.0,419.62,15.85,3.8,801.64,9.825,9292000.0,1.13550368
2009-09-09,09292000,45110.54,0.0,471.29,17.25,2.43,716.65,9.84,9292000.0,1.10718688
2009-09-10,09292000,44945.5,0.0,431.35,17.16,4.39,827.47,10.775,9292000.0,1.29124608
2009-09-11,09292000,44780.17,0.0,437.24,17.09,3.97,801.41,10.53,9292000.0,1.44132512
2009-09-12,09292000,44614.58,0.0,444.88,14.93,1.47,677.43,8.2,9292000.0,1.42150336
2009-09-13,09292000,44448.77,0.0,437.7,14.12,0.98,655.32,7.55,9292000.0,1.42433504
2009-09-14,09292000,44282.75,19.68,280.77,11.96,1.44,677.63,6.7,9292000.0,1.6848496
2009-09-15,09292000,44116.55,8.44,198.22,7.87,1.07,659.74,4.47,9292000.0,2.42674976
2009-09-16,09292000,43950.2,4.91,300.0,12.96,1.38,674.89,7.17,9292000.0,1.56308736
2009-09-17,09292000,43783.74,5.42,298.46,14.05,2.46,728.98,8.255,9292000.0,1.49229536
2009-09-18,09292000,43617.18,0.0,413.74,14.31,2.08,709.33,8.195,9292000.0,1.35637472
2009-09-19,09292000,43450.55,5.45,308.2,14.02,1.74,692.6,7.88,9292000.0,1.46964192
2009-09-20,09292000,43283.89,3.46,268.12,11.29,1.46,678.54,6.375,9292000.0,1.51211712
2009-09-21,09292000,43117.21,0.0,362.24,6.17,-3.5,471.6,1.335,9292000.0,1.39035488
2009-09-22,09292000,42950.54,0.0,391.18,9.39,-1.72,538.47,3.835,9292000.0,1.29690944
2009-09-23,09292000,42783.91,0.0,369.24,10.36,-0.02,609.84,5.17,9292000.0,1.73865152
2009-09-24,09292000,42617.35,0.0,402.54,12.15,0.1,615.19,6.125,9292000.0,1.6565328
2009-09-25,09292000,42450.89,0.0,379.06,14.59,3.39,778.53,8.99,9292000.0,1.59706752
2009-09-26,09292000,42284.54,0.0,410.57,16.57,3.56,776.26,10.065,9292000.0,1.57724576
2009-09-27,09292000,42118.34,0.0,410.47,16.76,3.62,779.47,10.19,9292000.0,1.5432656
2009-09-28,09292000,41952.32,0.0,420.54,15.74,1.91,690.97,8.825,9292000.0,1.50362208
2009-09-29,09292000,41786.5,0.0,302.66,13.33,4.82,861.09,9.075,9292000.0,1.48946368
2009-09-30,09292000,41620.92,7.53,369.78,7.08,-8.15,330.53,-0.5350000000000001,9292000.0,1.53193888
2009-10-01,09292000,41455.59,0.0,442.58,1.84,-10.2,281.44,-4.18,9292000.0,1.25726592
2009-10-02,09292000,41290.54,0.0,476.98,5.24,-9.02,308.83,-1.89,9292000.0,1.01657312
2009-10-03,09292000,41125.82,0.0,351.44,4.72,-4.25,445.81,0.2349999999999998,9292000.0,1.02506816
2009-10-04,09292000,40961.44,14.31,280.77,1.63,-8.0,334.56,-3.185,9292000.0,1.18081056
2009-10-05,09292000,40797.44,0.0,431.63,-1.26,-13.09,223.02,-7.175,9292000.0,1.12700864
2009-10-06,09292000,40633.84,0.0,510.69,3.29,-14.58,197.37,-5.645,9292000.0,1.0477216
2009-10-07,09292000,40470.68,0.0,481.14,7.55,-8.47,322.49,-0.4600000000000004,9292000.0,1.1043552
2009-10-08,09292000,40307.99,0.0,342.93,2.15,-6.96,362.67,-2.405,9292000.0,1.1185136
2009-10-09,09292000,40145.81,0.0,372.54,3.97,-6.22,383.83,-1.1249999999999998,9292000.0,1.0194048
2009-10-10,09292000,39984.15,0.0,310.24,3.78,-4.29,444.49,-0.2550000000000001,9292000.0,1.03073152
2009-10-11,09292000,39823.06,2.94,208.25,3.85,-3.25,480.43,0.3,9292000.0,1.01657312
2009-10-12,09292000,39662.57,0.0,367.54,7.46,-2.7,500.77,2.38,9292000.0,0.96560288
2009-10-13,09292000,39502.72,7.44,195.5,4.59,-2.01,526.84,1.29,9292000.0,0.99391968
2009-10-14,09292000,39343.54,7.22,198.41,6.68,-0.1,606.19,3.29,9292000.0,1.09869184
2009-10-15,09292000,39185.06,0.0,344.44,7.65,-1.85,533.46,2.9000000000000004,9292000.0,1.11568192
2009-10-16,09292000,39027.33,0.0,397.04,10.04,-2.03,526.28,4.005,9292000.0,1.04488992
2009-10-17,09292000,38870.38,0.0,435.8,11.59,-3.48,472.56,4.055,9292000.0,0.99391968
2009-10-18,09292000,38714.24,0.0,367.73,12.02,0.79,646.91,6.404999999999999,9292000.0,0.96843456
2009-10-19,09292000,38558.97,0.0,297.51,9.41,1.07,660.02,5.24,9292000.0,0.93162272
2009-10-20,09292000,38404.6,5.21,248.73,5.92,-3.72,464.02,1.1,9292000.0,0.91746432
2009-10-21,09292000,38251.17,0.0,362.36,4.95,-6.04,389.02,-0.5449999999999999,9292000.0,0.91463264
2009-10-22,09292000,38098.72,0.0,319.97,4.42,-4.86,425.79,-0.2200000000000002,9292000.0,0.90896928
2009-10-23,09292000,37947.29,0.0,380.88,6.17,-6.24,383.19,-0.0350000000000001,9292000.0,0.84384064
2009-10-24,09292000,37796.93,0.0,343.28,4.02,-6.46,376.82,-1.2200000000000002,9292000.0,0.85799904
2009-10-25,09292000,37647.69,0.0,331.25,-0.24,-10.14,282.71,-5.19,9292000.0,0.74473184
2009-10-26,09292000,37499.61,0.0,407.8,5.3,-9.87,288.96,-2.285,9292000.0,0.75322688
2009-10-27,09292000,37352.73,4.48,259.17,-0.49,-11.4,255.69,-5.945,9292000.0,0.9486128
2009-10-28,09292000,37207.1,9.16,142.94,-7.25,-12.33,237.19,-9.79,9292000.0,0.78720704
2009-10-29,09292000,37062.77,1.95,294.81,-5.91,-14.34,201.32,-10.125,9292000.0,0.90896928
2009-10-30,09292000,36919.79,0.0,353.07,3.41,-7.88,337.62,-2.235,9292000.0,1.1893056
2009-10-31,09292000,36778.21,0.0,380.85,7.75,-5.84,395.07,0.955,9292000.0,1.20063232
2009-11-01,09292000,36638.08,0.0,345.24,7.53,-3.82,460.42,1.855,9292000.0,1.20912736
2009-11-02,09292000,36499.45,0.0,348.21,7.47,-4.31,443.7,1.58,9292000.0,1.19213728
2009-11-03,09292000,36362.38,0.0,358.65,9.79,-3.15,484.12,3.3199999999999994,9292000.0,1.19780064
2009-11-04,09292000,36226.91,0.0,381.11,12.3,-3.47,472.67,4.415,9292000.0,1.21195904
2009-11-05,09292000,36093.1,0.0,331.09,9.58,-1.97,528.75,3.805,9292000.0,1.20912736
2009-11-06,09292000,35961.0,0.0,286.15,6.73,-2.36,513.35,2.1850000000000005,9292000.0,1.22328576
2009-11-07,09292000,35830.68,0.0,297.81,5.45,-4.26,445.66,0.5950000000000002,9292000.0,1.1751472
2009-11-08,09292000,35702.18,0.0,336.36,2.51,-9.46,298.33,-3.4750000000000005,9292000.0,1.10152352
2009-11-09,09292000,35575.56,0.0,352.99,4.01,-9.73,292.19,-2.8600000000000003,9292000.0,1.06188
2009-11-10,09292000,35450.88,0.0,304.79,5.27,-5.51,405.24,-0.1200000000000001,9292000.0,1.11568192
2009-11-11,09292000,35328.19,0.0,270.56,6.6,-2.63,503.41,1.985,9292000.0,1.12134528
2009-11-12,09292000,35207.56,6.41,176.16,1.76,-5.99,390.58,-2.115,9292000.0,1.14399872
2009-11-13,09292000,35089.04,0.0,344.11,-2.98,-17.14,159.51,-10.06,9292000.0,1.10718688
2009-11-14,09292000,34972.69,4.35,237.24,-5.69,-17.91,149.41,-11.8,9292000.0,0.91180096
2009-11-15,09292000,34858.56,0.0,318.11,-3.81,-16.23,172.12,-10.02,9292000.0,0.9627712
2009-11-16,09292000,34746.73,0.0,345.29,4.75,-10.78,268.72,-3.015,9292000.0,1.0194048
2009-11-17,09292000,34637.23,0.0,344.9,7.88,-8.41,323.91,-0.2650000000000001,9292000.0,1.0760384
2009-11-18,09292000,34530.14,0.0,316.2,5.5,-8.16,330.28,-1.33,9292000.0,1.03922656
2009-11-19,09292000,34425.52,0.0,305.09,2.81,-10.09,283.92,-3.64,9292000.0,1.0194048
2009-11-20,09292000,34323.41,0.0,309.9,3.35,-10.24,280.48,-3.4450000000000003,9292000.0,0.97126624
2009-11-21,09292000,34223.88,0.0,311.06,-1.65,-15.45,183.68,-8.549999999999999,9292000.0,0.9769296
2009-11-22,09292000,34126.99,9.74,241.41,-0.49,-15.78,178.8,-8.135,9292000.0,0.9627712
2009-11-23,09292000,34032.78,0.0,267.59,-6.06,-16.89,162.82,-11.475,9292000.0,0.9344544
2009-11-24,09292000,33941.33,0.0,295.84,0.98,-12.28,238.18,-5.65,9292000.0,0.9344544
2009-11-25,09292000,33852.69,0.0,295.62,5.14,-8.4,324.33,-1.6300000000000003,9292000.0,0.9627712
2009-11-26,09292000,33766.9,0.0,306.56,7.4,-7.64,344.09,-0.1199999999999996,9292000.0,0.95427616
2009-11-27,09292000,33684.02,0.0,249.36,4.49,-6.3,381.61,-0.9049999999999998,9292000.0,0.90047424
2009-11-28,09292000,33604.12,0.0,252.47,0.84,-10.18,281.77,-4.67,9292000.0,0.88914752
2009-11-29,09292000,33527.23,0.0,279.81,1.37,-11.71,249.46,-5.17,9292000.0,0.8778208
2009-11-30,09292000,33453.41,0.0,292.83,5.46,-9.14,305.94,-1.8400000000000003,9292000.0,0.849504
2009-12-01,09292000,33382.71,0.0,264.57,0.85,-11.4,255.64,-5.275,9292000.0,0.8778208
2009-12-02,09292000,33315.18,0.0,269.14,-8.28,-20.77,116.83,-14.525,9292000.0,0.9061376
2009-12-03,09292000,33250.86,0.0,269.72,-11.05,-23.63,90.7,-17.34,9292000.0,0.849504
2009-12-04,09292000,33189.79,0.0,310.05,-1.7,-18.86,137.77,-10.28,9292000.0,0.7928704
2009-12-05,09292000,33132.03,2.61,215.25,-5.55,-20.25,122.2,-12.9,9292000.0,0.7928704
2009-12-06,09292000,33077.61,4.25,146.1,-14.74,-23.04,95.63,-18.89,9292000.0,0.7928704
2009-12-07,09292000,33026.56,8.17,148.67,-11.07,-19.52,130.16,-15.295,9292000.0,0.7645535999999999
2009-12-08,09292000,32978.94,0.0,307.09,-10.83,-27.7,62.57,-19.265,9292000.0,0.7645535999999999
2009-12-09,09292000,32934.76,0.0,287.98,-14.18,-28.89,55.99,-21.535,9292000.0,0.7362368
2009-12-10,09292000,32894.07,0.0,288.56,-6.5,-21.69,107.8,-14.095,9292000.0,0.70792
2009-12-11,09292000,32856.9,0.0,276.44,-3.47,-17.76,151.29,-10.615,9292000.0,0.7362368
2009-12-12,09292000,32823.26,9.35,141.69,-3.4,-11.9,245.6,-7.65,9292000.0,0.7362368
2009-12-13,09292000,32793.2,21.06,147.84,-3.64,-12.33,237.24,-7.985,9292000.0,0.7645535999999999
2009-12-14,09292000,32766.72,0.0,273.48,-5.32,-18.92,137.07,-12.12,9292000.0,0.7362368
2009-12-15,09292000,32743.86,0.0,308.62,-0.33,-18.36,143.75,-9.345,9292000.0,0.7645535999999999
2009-12-16,09292000,32724.62,0.0,232.93,2.22,-8.72,316.14,-3.25,9292000.0,0.7645535999999999
2009-12-17,09292000,32709.02,0.0,271.53,-0.67,-14.29,202.18,-7.479999999999999,9292000.0,0.7645535999999999
2009-12-18,09292000,32697.08,0.0,278.15,-0.84,-15.08,189.4,-7.96,9292000.0,0.7645535999999999
2009-12-19,09292000,32688.8,0.0,304.03,3.12,-14.53,198.31,-5.705,9292000.0,0.7362368
2009-12-20,09292000,32684.19,0.0,248.51,4.36,-7.79,340.13,-1.715,9292000.0,0.7362368
2009-12-21,09292000,32683.26,0.0,268.66,1.69,-11.93,245.09,-5.12,9292000.0,0.70792
2009-12-22,09292000,32686.0,6.61,125.85,-5.14,-12.3,237.76,-8.72,9292000.0,0.70792
2009-12-23,09292000,32692.41,0.0,251.0,-4.71,-16.46,168.82,-10.585,9292000.0,0.6796032
2009-12-24,09292000,32702.49,0.0,233.53,-7.53,-18.01,148.1,-12.77,9292000.0,0.6512864
2009-12-25,09292000,32716.23,0.0,230.75,-9.55,-19.75,127.61,-14.65,9292000.0,0.6512864
2009-12-26,09292000,32733.61,0.0,301.31,-3.58,-19.63,128.92,-11.605,9292000.0,0.6796032
2009-12-27,09292000,32754.64,0.0,270.13,-4.12,-17.09,160.17,-10.605,9292000.0,0.70792
2009-12-28,09292000,32779.28,0.0,279.6,-4.53,-18.33,144.22,-11.43,9292000.0,0.6512864
2009-12-29,09292000,32807.52,0.0,258.35,-6.0,-17.95,148.9,-11.975,9292000.0,0.6229696
2009-12-30,09292000,32839.34,5.35,175.96,-7.94,-18.25,145.18,-13.095,9292000.0,0.5946528
2009-12-31,09292000,32874.72,2.75,222.83,-3.96,-19.14,134.46,-11.55,9292000.0,0.5946528
2010-01-01,09292000,32913.8,0.0,286.54,1.92,-9.3,302.14,-3.69,9292000.0,0.6229696
2010-01-02,09292000,32956.22,0.0,296.01,-3.19,-14.75,194.77,-8.97,9292000.0,0.6512864
2010-01-03,09292000,33002.11,0.0,304.13,-3.84,-15.8,178.43,-9.82,9292000.0,0.6229696
2010-01-04,09292000,33051.44,0.0,340.35,1.76,-12.97,225.28,-5.605,9292000.0,0.6229696
2010-01-05,09292000,33104.16,0.0,236.72,1.32,-7.23,355.22,-2.955,9292000.0,0.6512864
2010-01-06,09292000,33160.24,0.0,315.08,-0.6,-13.11,222.76,-6.855,9292000.0,0.71358336
2010-01-07,09292000,33219.65,0.0,331.38,-2.51,-16.0,175.42,-9.255,9292000.0,0.70792
2010-01-08,09292000,33282.33,0.0,363.16,1.98,-14.51,198.64,-6.265,9292000.0,0.6796032
2010-01-09,09292000,33348.25,0.0,333.51,1.78,-11.79,247.74,-5.005,9292000.0,0.6512864
2010-01-10,09292000,33417.36,0.0,350.35,2.58,-12.15,240.83,-4.785,9292000.0,0.6512864
2010-01-11,09292000,33489.61,0.0,382.9,6.92,-11.63,251.0,-2.3550000000000004,9292000.0,0.6229696
2010-01-12,09292000,33564.96,0.0,347.04,4.39,-9.84,289.63,-2.725,9292000.0,0.6229696
2010-01-13,09292000,33643.35,0.0,320.52,1.74,-10.42,276.53,-4.34,9292000.0,0.67110816
2010-01-14,09292000,33724.73,0.0,334.1,0.66,-12.19,239.99,-5.765,9292000.0,0.67393984
2010-01-15,09292000,33809.06,0.0,374.92,3.97,-12.23,239.24,-4.13,9292000.0,0.6796032
2010-01-16,09292000,33896.27,0.0,324.57,4.79,-7.36,351.49,-1.285,9292000.0,0.6796032
2010-01-17,09292000,33986.31,0.0,338.32,2.89,-9.84,289.66,-3.475,9292000.0,0.6682764800000001
2010-01-18,09292000,34079.13,10.44,118.43,-4.13,-9.08,307.46,-6.605,9292000.0,0.6682764800000001
2010-01-19,09292000,34174.68,10.69,224.98,-4.59,-14.72,195.2,-9.655,9292000.0,0.68809824
2010-01-20,09292000,34272.88,7.38,225.37,-1.92,-11.97,244.35,-6.945,9292000.0,0.6796032
2010-01-21,09292000,34373.7,20.35,82.88,-6.31,-9.43,298.98,-7.869999999999999,9292000.0,0.70225664
2010-01-22,09292000,34477.06,16.39,154.08,-5.53,-11.69,249.76,-8.61,9292000.0,0.72491008
2010-01-23,09292000,34582.92,0.0,307.08,-5.72,-15.37,184.93,-10.545,9292000.0,0.6512864
2010-01-24,09292000,34691.2,4.58,195.39,-7.48,-15.35,185.32,-11.415,9292000.0,0.6512864
2010-01-25,09292000,34801.87,0.0,401.3,-1.44,-15.89,177.11,-8.665000000000001,9292000.0,0.566336
2010-01-26,09292000,34914.85,0.0,409.03,0.29,-14.57,197.53,-7.140000000000001,9292000.0,0.6229696
2010-01-27,09292000,35030.08,3.77,243.14,-3.14,-13.23,220.62,-8.185,9292000.0,0.5946528
2010-01-28,09292000,35147.52,0.0,421.92,0.4,-15.0,190.72,-7.3,9292000.0,0.5946528
2010-01-29,09292000,35267.09,0.0,454.55,4.01,-14.51,198.59,-5.25,9292000.0,0.566336
2010-01-30,09292000,35388.75,0.0,437.35,2.52,-13.61,213.79,-5.545,9292000.0,0.5946528
2010-01-31,09292000,35512.43,3.15,283.96,-3.2,-15.25,186.76,-9.225,9292000.0,0.5946528
2010-02-01,09292000,35638.08,0.0,439.62,-2.04,-17.71,151.95,-9.875,9292000.0,0.5946528
2010-02-02,09292000,35765.64,0.0,459.24,0.64,-16.71,165.31,-8.035,9292000.0,0.6229696
2010-02-03,09292000,35895.05,0.0,440.96,1.12,-14.35,201.19,-6.615,9292000.0,0.6229696
2010-02-04,09292000,36026.26,0.0,397.81,-2.63,-15.25,186.88,-8.94,9292000.0,0.6512864
2010-02-05,09292000,36159.21,0.0,399.83,0.36,-12.28,238.14,-5.96,9292000.0,0.6229696
2010-02-06,09292000,36293.85,0.0,398.18,0.74,-11.63,251.08,-5.445,9292000.0,0.63995968
2010-02-07,09292000,36430.12,0.0,465.18,-2.42,-18.46,142.61,-10.44,9292000.0,0.63995968
2010-02-08,09292000,36567.97,0.0,496.85,-2.59,-21.58,108.82,-12.085,9292000.0,0.6229696
2010-02-09,09292000,36707.35,0.0,496.04,-1.93,-20.54,119.19,-11.235,9292000.0,0.6512864
2010-02-10,09292000,36848.2,0.0,478.63,-2.12,-18.58,141.13,-10.35,9292000.0,0.6796032
2010-02-11,09292000,36990.48,2.7,302.54,-3.2,-15.08,189.43,-9.14,9292000.0,0.7362368
2010-02-12,09292000,37134.14,3.72,311.59,-1.3,-13.62,213.63,-7.46,9292000.0,0.7928704
2010-02-13,09292000,37279.12,7.99,254.8,-3.34,-12.49,234.26,-7.915,9292000.0,0.7645535999999999
2010-02-14,09292000,37425.37,0.0,437.66,-1.68,-14.34,201.41,-8.01,9292000.0,0.7362368
2010-02-15,09292000,37572.85,0.0,405.0,0.07,-11.03,263.47,-5.48,9292000.0,0.7362368
2010-02-16,09292000,37721.52,0.0,494.56,1.83,-13.68,212.62,-5.925,9292000.0,0.70792
2010-02-17,09292000,37871.32,0.0,481.7,2.57,-12.25,238.88,-4.84,9292000.0,0.6512864
2010-02-18,09292000,38022.21,0.0,495.84,-2.33,-17.77,151.18,-10.05,9292000.0,0.58898944
2010-02-19,09292000,38174.15,2.66,366.94,-3.09,-18.2,145.77,-10.645,9292000.0,0.5946528
2010-02-20,09292000,38327.09,3.97,341.65,-4.25,-17.66,152.68,-10.955,9292000.0,0.5833260800000001
2010-02-21,09292000,38481.0,0.0,504.84,-6.73,-22.64,99.05,-14.685,9292000.0,0.5946528
2010-02-22,09292000,38635.82,0.0,496.73,-7.25,-22.61,99.38,-14.93,9292000.0,0.566336
2010-02-23,09292000,38791.52,0.0,536.78,1.17,-17.09,160.1,-7.96,9292000.0,0.566336
2010-02-24,09292000,38948.06,0.0,405.94,-0.04,-11.38,256.21,-5.71,9292000.0,0.5380192
2010-02-25,09292000,39105.41,0.0,435.11,-2.09,-14.28,202.47,-8.184999999999999,9292000.0,0.566336
2010-02-26,09292000,39263.51,0.0,556.82,0.33,-18.62,140.62,-9.145,9292000.0,0.5380192
2010-02-27,09292000,39422.34,2.54,343.7,0.39,-12.78,228.85,-6.194999999999999,9292000.0,0.5097024
2010-02-28,09292000,39581.86,0.0,429.55,0.06,-11.55,252.66,-5.745,9292000.0,0.56067264
2010-03-01,09292000,39742.04,0.0,552.39,3.48,-13.95,207.99,-5.234999999999999,9292000.0,0.566336
2010-03-02,09292000,39902.83,0.0,551.78,2.98,-14.29,202.26,-5.654999999999999,9292000.0,0.566336
2010-03-03,09292000,40064.2,3.92,369.43,1.0,-12.93,225.94,-5.965,9292000.0,0.5691676800000001
2010-03-04,09292000,40226.13,8.54,164.23,-1.61,-6.78,367.75,-4.195,9292000.0,0.61730624
2010-03-05,09292000,40388.57,10.72,387.9,-0.22,-14.5,198.77,-7.36,9292000.0,0.6626131199999999
2010-03-06,09292000,40551.49,0.0,575.93,2.01,-15.16,188.18,-6.575,9292000.0,0.6569497599999999
2010-03-07,09292000,40714.87,7.55,345.86,-1.23,-13.03,224.16,-7.13,9292000.0,0.65978144
2010-03-08,09292000,40878.67,0.0,581.81,2.45,-14.75,194.74,-6.15,9292000.0,0.6512864
2010-03-09,09292000,41042.87,2.98,396.76,0.6,-13.72,211.92,-6.5600000000000005,9292000.0,0.62863296
2010-03-10,09292000,41207.42,0.0,571.08,-1.81,-17.53,154.27,-9.67,9292000.0,0.6342963199999999
2010-03-11,09292000,41372.31,2.5,444.39,-1.29,-18.23,145.4,-9.76,9292000.0,0.5946528
2010-03-12,09292000,41537.49,0.0,587.38,5.29,-11.13,261.27,-2.9200000000000004,9292000.0,0.566336
2010-03-13,09292000,41702.95,5.38,343.51,-0.32,-11.32,257.45,-5.82,9292000.0,0.5380192
2010-03-14,09292000,41868.66,0.0,434.68,0.37,-9.71,292.58,-4.670000000000001,9292000.0,0.5380192
2010-03-15,09292000,42034.58,0.0,618.22,6.05,-11.67,250.29,-2.81,9292000.0,0.566336
2010-03-16,09292000,42200.7,0.0,657.82,10.4,-10.76,269.21,-0.1799999999999997,9292000.0,0.5946528
2010-03-17,09292000,42366.97,0.0,595.63,11.19,-5.55,404.07,2.82,9292000.0,0.566336
2010-03-18,09292000,42533.38,0.0,584.99,5.39,-10.3,279.13,-2.4550000000000005,9292000.0,0.5946528
2010-03-19,09292000,42699.89,0.0,584.12,-4.15,-19.34,132.16,-11.745,9292000.0,0.566336
2010-03-20,09292000,42866.49,0.0,683.65,1.19,-20.62,118.33,-9.715,9292000.0,0.5380192
2010-03-21,09292000,43033.14,0.0,601.91,6.97,-9.3,302.25,-1.1650000000000005,9292000.0,0.566336
2010-03-22,09292000,43199.82,0.0,556.42,4.15,-9.93,287.45,-2.89,9292000.0,0.5946528
2010-03-23,09292000,43366.49,0.0,469.27,-2.53,-13.37,218.11,-7.949999999999999,9292000.0,0.6229696
2010-03-24,09292000,43533.14,0.0,654.01,2.23,-16.03,171.71,-6.9,9292000.0,0.62863296
2010-03-25,09292000,43699.74,0.0,611.18,2.17,-13.52,214.59,-5.675,9292000.0,0.64562304
2010-03-26,09292000,43866.26,2.8,374.27,-1.51,-13.09,223.02,-7.3,9292000.0,0.64562304
2010-03-27,09292000,44032.67,0.0,615.49,0.98,-14.7,195.49,-6.859999999999999,9292000.0,0.63146464
2010-03-28,09292000,44198.94,0.0,697.45,7.14,-13.26,198.15,-3.06,9292000.0,0.637128
2010-03-29,09292000,44365.05,0.0,570.97,7.84,-6.1,368.96,0.8700000000000001,9292000.0,0.6654448
2010-03-30,09292000,44530.98,4.26,207.01,3.73,-2.14,521.85,0.7949999999999999,9292000.0,0.65978144
2010-03-31,09292000,44696.68,9.62,222.37,-0.8,-6.89,364.48,-3.845,9292000.0,0.68809824
2010-04-01,09292000,44862.15,8.29,412.73,-4.61,-16.78,164.4,-10.695,9292000.0,0.9061376
2010-04-02,09292000,45027.33,6.7,466.64,-1.28,-15.95,176.21,-8.615,9292000.0,0.9486128
2010-04-03,09292000,45192.22,9.78,288.24,-2.59,-10.47,275.5,-6.53,9292000.0,0.920296
2010-04-04,09292000,45356.77,14.41,462.57,0.24,-14.11,205.25,-6.935,9292000.0,0.92312768
2010-04-05,09292000,45520.97,15.16,369.72,-1.2,-11.47,254.33,-6.335,9292000.0,0.92312768
2010-04-06,09292000,45684.77,0.0,285.37,-7.17,-12.58,232.6,-9.875,9292000.0,0.9061376
2010-04-07,09292000,45848.15,0.0,659.22,1.12,-13.96,207.75,-6.42,9292000.0,1.11285024
2010-04-08,09292000,46011.08,0.0,744.04,6.16,-13.81,204.09,-3.825,9292000.0,0.9344544
2010-04-09,09292000,46173.52,0.0,674.45,6.36,-9.52,294.3,-1.5799999999999996,9292000.0,0.98259296
2010-04-10,09292000,46335.44,0.0,726.15,6.31,-12.15,233.71,-2.9200000000000004,9292000.0,0.98825632
2010-04-11,09292000,46496.82,0.0,580.49,7.66,-4.7,431.01,1.48,9292000.0,1.02789984
2010-04-12,09292000,46657.61,0.0,548.0,6.06,-5.24,413.51,0.4099999999999997,9292000.0,1.0901968
2010-04-13,09292000,46817.79,0.0,607.02,1.57,-11.31,257.61,-4.87,9292000.0,1.09302848
2010-04-14,09292000,46977.31,0.0,734.76,4.49,-13.71,208.15,-4.61,9292000.0,1.08453344
2010-04-15,09292000,47136.14,0.0,718.1,8.98,-8.29,306.37,0.3450000000000006,9292000.0,1.1468304
2010-04-16,09292000,47294.25,0.0,634.63,9.21,-4.44,426.39,2.385,9292000.0,1.22894912
2010-04-17,09292000,47451.59,0.0,602.67,9.87,-2.67,491.25,3.6,9292000.0,1.30823616
2010-04-18,09292000,47608.14,0.0,641.55,10.02,-3.64,446.6,3.1899999999999995,9292000.0,1.41867168
2010-04-19,09292000,47763.84,0.0,704.33,11.53,-4.23,397.66,3.65,9292000.0,1.46114688
2010-04-20,09292000,47918.67,0.0,637.15,10.52,-2.57,460.45,3.975,9292000.0,1.50928544
2010-04-21,09292000,48072.57,18.74,379.0,5.66,-3.77,462.21,0.945,9292000.0,2.04730464
2010-04-22,09292000,48225.52,7.37,431.83,2.59,-8.42,323.85,-2.915,9292000.0,1.86324544
2010-04-23,09292000,48377.46,8.81,423.61,3.6,-6.92,363.68,-1.66,9292000.0,1.53477056
2010-04-24,09292000,48528.35,0.0,684.97,7.51,-6.34,338.18,0.585,9292000.0,1.21195904
2010-04-25,09292000,48678.16,0.0,629.87,5.82,-6.23,354.75,-0.205,9292000.0,1.49795872
2010-04-26,09292000,48826.82,0.0,713.9,7.13,-7.62,298.01,-0.2450000000000001,9292000.0,1.27708768
2010-04-27,09292000,48974.31,3.31,498.24,9.09,-3.96,446.35,2.565,9292000.0,1.203464
2010-04-28,09292000,49120.57,5.91,503.82,3.01,-9.94,287.26,-3.465,9292000.0,1.27708768
2010-04-29,09292000,49265.55,0.0,585.66,-2.28,-12.73,229.73,-7.505,9292000.0,1.28275104
2010-04-30,09292000,49409.2,10.96,385.44,-1.08,-10.07,284.35,-5.575,9292000.0,1.4016816
2010-05-01,09292000,49551.49,4.19,502.82,2.02,-10.98,264.39,-4.48,9292000.0,1.32522624
2010-05-02,09292000,49692.34,0.0,752.63,2.7,-13.12,207.72,-5.209999999999999,9292000.0,1.2855827199999998
2010-05-03,09292000,49831.73,0.0,763.84,7.43,-9.38,261.08,-0.9750000000000004,9292000.0,1.2600976
2010-05-04,09292000,49969.58,0.0,310.86,1.57,-3.57,469.09,-1.0,9292000.0,1.29407776
2010-05-05,09292000,50105.86,0.0,680.82,7.6,-5.7,361.0,0.9499999999999996,9292000.0,1.32522624
2010-05-06,09292000,50240.5,0.0,643.93,-0.85,-12.96,225.43,-6.905,9292000.0,1.39035488
2010-05-07,09292000,50373.45,0.0,800.82,2.36,-16.1,159.51,-6.870000000000001,9292000.0,1.3677014399999998
2010-05-08,09292000,50504.67,0.0,765.81,7.48,-9.13,263.83,-0.8250000000000002,9292000.0,1.39601824
2010-05-09,09292000,50634.08,0.0,701.42,8.37,-5.62,354.01,1.3749999999999996,9292000.0,1.4668102399999998
2010-05-10,09292000,50761.65,6.05,444.55,6.26,-4.51,437.23,0.875,9292000.0,1.53477056
2010-05-11,09292000,50887.3,19.91,413.7,2.03,-7.58,345.61,-2.7750000000000004,9292000.0,1.81793856
2010-05-12,09292000,51010.98,4.67,518.56,1.49,-11.75,248.7,-5.13,9292000.0,1.66219616
2010-05-13,09292000,51132.65,3.32,588.58,4.0,-13.29,219.41,-4.645,9292000.0,1.52627552
2010-05-14,09292000,51252.23,8.86,551.5,4.67,-10.23,280.79,-2.78,9292000.0,1.41867168
2010-05-15,09292000,51369.66,0.0,712.68,8.43,-5.42,376.28,1.505,9292000.0,1.32522624
2010-05-16,09292000,51484.91,0.0,791.69,10.48,-6.87,316.23,1.805,9292000.0,1.2600976
2010-05-17,09292000,51597.89,0.0,727.46,12.63,-2.09,458.08,5.2700000000000005,9292000.0,1.39318656
2010-05-18,09292000,51708.56,6.65,369.34,7.05,-1.39,551.59,2.83,9292000.0,1.43283008
2010-05-19,09292000,51816.85,0.0,607.36,7.17,-3.55,466.44,1.81,9292000.0,1.30823616
2010-05-20,09292000,51922.71,0.0,744.48,10.56,-4.36,395.35,3.1,9292000.0,1.49795872
2010-05-21,09292000,52026.08,2.67,401.73,9.86,0.54,634.91,5.199999999999999,9292000.0,1.95102752
2010-05-22,09292000,52126.9,0.0,548.4,4.33,-4.97,422.31,-0.3199999999999998,9292000.0,2.0388096
2010-05-23,09292000,52225.11,5.43,441.71,5.01,-5.24,413.76,-0.1150000000000002,9292000.0,1.55459232
2010-05-24,09292000,52320.66,3.29,451.59,2.25,-8.13,331.15,-2.9400000000000004,9292000.0,1.27708768
2010-05-25,09292000,52413.49,0.0,760.59,7.22,-7.96,310.37,-0.3700000000000001,9292000.0,1.30540448
2010-05-26,09292000,52503.54,0.0,674.83,9.4,-2.96,462.31,3.22,9292000.0,1.54043392
2010-05-27,09292000,52590.76,0.0,481.67,11.47,3.45,782.09,7.460000000000001,9292000.0,1.87457216
2010-05-28,09292000,52675.09,0.0,680.42,12.12,-0.3,545.29,5.909999999999999,9292000.0,3.681184
2010-05-29,09292000,52756.48,0.0,646.61,5.02,-6.26,379.27,-0.6200000000000001,9292000.0,5.4651424
2010-05-30,09292000,52834.87,0.0,807.2,9.19,-8.19,289.1,0.5,9292000.0,5.8332608
2010-05-31,09292000,52910.23,0.0,709.71,11.63,-1.92,475.79,4.855,9292000.0,7.362368
2010-06-01,09292000,52982.49,0.0,344.43,6.73,1.28,670.18,4.005,9292000.0,8.1552384
2010-06-02,09292000,53051.6,0.0,599.13,11.63,1.45,642.33,6.54,9292000.0,8.4384064
2010-06-03,09292000,53117.53,0.0,453.19,11.43,4.07,816.88,7.75,9292000.0,13.5071136
2010-06-04,09292000,53180.22,0.0,570.98,13.95,4.34,759.97,9.145,9292000.0,21.379184
2010-06-05,09292000,53239.63,0.0,565.33,14.43,4.99,795.11,9.71,9292000.0,48.421728
2010-06-06,09292000,53295.72,0.0,706.44,17.7,4.84,677.35,11.27,9292000.0,48.704896
2010-06-07,09292000,53348.45,4.26,538.42,17.3,3.89,728.42,10.595,9292000.0,48.704896
2010-06-08,09292000,53397.78,0.0,668.01,13.56,2.17,600.56,7.865,9292000.0,39.926688
2010-06-09,09292000,53443.68,0.0,650.53,15.64,4.57,706.97,10.105,9292000.0,23.7011616
2010-06-10,09292000,53486.11,0.0,646.56,12.68,1.81,595.44,7.245,9292000.0,18.1510688
2010-06-11,09292000,53525.04,8.74,396.28,8.66,0.41,628.98,4.535,9292000.0,11.2984032
2010-06-12,09292000,53560.44,13.62,321.64,6.03,-0.23,600.55,2.9,9292000.0,10.1374144
2010-06-13,09292000,53592.28,6.8,405.68,6.94,-1.11,562.99,2.915,9292000.0,9.2879104
2010-06-14,09292000,53620.55,0.0,706.8,10.01,-1.56,484.24,4.225,9292000.0,8.6083072
2010-06-15,09292000,53645.21,0.0,767.72,12.69,-0.8,480.13,5.944999999999999,9292000.0,9.6843456
2010-06-16,09292000,53666.26,0.0,804.6,11.88,-3.09,400.41,4.3950000000000005,9292000.0,11.4399872
2010-06-17,09292000,53683.67,0.0,775.81,9.5,-4.3,381.92,2.6,9292000.0,9.2312768
2010-06-18,09292000,53697.43,0.0,771.68,13.83,-0.19,494.89,6.82,9292000.0,9.2595936
2010-06-19,09292000,53707.54,0.0,691.11,14.76,3.32,664.2,9.04,9292000.0,10.6754336
2010-06-20,09292000,53713.97,0.0,748.68,14.69,1.42,559.26,8.055,9292000.0,10.1657312
2010-06-21,09292000,53716.74,0.0,723.36,14.65,2.09,596.7,8.370000000000001,9292000.0,9.4578112
2010-06-22,09292000,53715.83,0.0,713.21,13.67,1.4,577.11,7.535,9292000.0,8.7498912
2010-06-23,09292000,53711.24,0.0,802.95,16.1,0.09,484.49,8.095,9292000.0,8.1269216
2010-06-24,09292000,53702.99,0.0,776.69,19.02,3.95,632.14,11.485,9292000.0,8.4384064
2010-06-25,09292000,53691.07,0.0,730.76,18.8,5.42,719.97,12.11,9292000.0,8.4384064
2010-06-26,09292000,53675.5,0.0,732.18,17.21,3.74,648.49,10.475,9292000.0,7.6172192
2010-06-27,09292000,53656.28,0.0,788.61,17.71,1.87,543.97,9.79,9292000.0,7.1075168
2010-06-28,09292000,53633.44,0.0,773.4,19.4,3.92,626.57,11.66,9292000.0,6.654448
2010-06-29,09292000,53606.99,0.0,728.49,18.62,5.04,696.63,11.83,9292000.0,6.2013792
2010-06-30,09292000,53576.95,0.0,655.67,16.53,5.25,740.52,10.89,9292000.0,5.7483104
2010-07-01,09292000,53543.34,5.77,470.11,14.95,4.12,786.24,9.535,9292000.0,6.5978144
2010-07-02,09292000,53506.18,0.0,676.96,16.12,4.13,660.7,10.125,9292000.0,8.6083072
2010-07-03,09292000,53465.52,0.0,711.38,16.15,3.04,578.36,9.595,9292000.0,6.2580128
2010-07-04,09292000,53421.36,0.0,610.19,10.0,-0.24,506.4,4.88,9292000.0,5.1536576
2010-07-05,09292000,53373.76,0.0,728.82,15.51,1.82,469.35,8.665,9292000.0,4.1908864
2010-07-06,09292000,53322.74,0.0,720.38,16.68,3.18,514.14,9.93,9292000.0,3.7378176
2010-07-07,09292000,53268.34,4.89,536.59,15.82,2.16,583.22,8.99,9292000.0,3.4829664
2010-07-08,09292000,53210.6,3.92,533.52,15.2,1.62,575.46,8.41,9292000.0,3.5112832
2010-07-09,09292000,53149.56,5.57,525.74,15.68,2.3,613.14,8.99,9292000.0,3.4829664
2010-07-10,09292000,53085.26,2.43,517.78,16.43,3.22,666.19,9.825,9292000.0,3.5396
2010-07-11,09292000,53017.74,0.0,598.5,15.38,4.79,699.52,10.085,9292000.0,3.3696992
2010-07-12,09292000,52947.06,0.0,693.7,18.68,5.22,643.45,11.95,9292000.0,2.9449472
2010-07-13,09292000,52873.26,0.0,620.73,18.82,7.24,790.05,13.03,9292000.0,2.69575936
2010-07-14,09292000,52796.4,0.0,655.34,18.88,6.37,721.6,12.625,9292000.0,2.55700704
2010-07-15,09292000,52716.51,0.0,716.76,20.95,6.39,670.74,13.67,9292000.0,2.3502944
2010-07-16,09292000,52633.66,0.0,746.26,21.82,6.04,632.91,13.93,9292000.0,2.1520768
2010-07-17,09292000,52547.89,0.0,611.67,18.79,7.37,807.07,13.08,9292000.0,2.02181952
2010-07-18,09292000,52459.26,0.0,707.57,21.09,6.78,696.68,13.935,9292000.0,1.982176
2010-07-19,09292000,52367.82,0.0,677.12,21.05,7.64,761.35,14.345,9292000.0,1.88589888
2010-07-20,09292000,52273.64,5.67,468.81,19.85,7.7,939.63,13.775,9292000.0,1.81793856
2010-07-21,09292000,52176.77,7.85,411.49,17.28,7.23,943.33,12.255,9292000.0,2.17473024
2010-07-22,09292000,52077.25,0.0,647.48,19.05,6.72,715.41,12.885,9292000.0,3.114848
2010-07-23,09292000,51975.16,0.0,695.33,19.83,6.12,625.03,12.975,9292000.0,2.1803936
2010-07-24,09292000,51870.55,0.0,731.48,20.52,5.4,569.5,12.96,9292000.0,1.83492864
2010-07-25,09292000,51763.48,0.0,702.84,21.11,6.84,645.47,13.975,9292000.0,1.7131664
2010-07-26,09292000,51654.0,0.0,694.98,21.09,6.96,657.67,14.025,9292000.0,1.67918624
2010-07-27,09292000,51542.18,0.0,678.9,19.54,6.04,628.02,12.79,9292000.0,1.6933446399999998
2010-07-28,09292000,51428.07,9.48,464.6,18.35,6.37,801.18,12.36,9292000.0,1.82360192
2010-07-29,09292000,51311.73,6.14,431.81,17.05,6.24,853.88,11.645,9292000.0,2.28516576
2010-07-30,09292000,51193.22,2.34,473.96,18.48,6.0,786.89,12.24,9292000.0,2.10393824
2010-07-31,09292000,51072.6,5.84,458.45,19.74,7.64,882.29,13.69,9292000.0,2.22570048
2010-08-01,09292000,50949.93,15.58,411.19,16.78,6.43,884.76,11.605,9292000.0,2.70991776
2010-08-02,09292000,50825.26,0.0,646.86,17.89,4.98,667.29,11.435,9292000.0,4.3041536
2010-08-03,09292000,50698.66,0.0,615.78,18.93,6.68,766.35,12.805,9292000.0,2.973264
2010-08-04,09292000,50570.17,14.76,371.93,15.37,6.12,940.06,10.745,9292000.0,2.8883136
2010-08-05,09292000,50439.86,0.0,627.26,16.96,4.45,693.78,10.705,9292000.0,4.389104
2010-08-06,09292000,50307.77,4.86,459.87,17.78,5.31,842.65,11.545,9292000.0,3.0582144
2010-08-07,09292000,50173.97,0.0,633.96,16.45,3.64,665.81,10.045,9292000.0,2.67876928
2010-08-08,09292000,50038.52,0.0,611.68,14.95,2.84,648.44,8.895,9292000.0,2.68726432
2010-08-09,09292000,49901.45,0.0,577.5,14.36,3.21,676.98,8.785,9292000.0,2.3219776
2010-08-10,09292000,49762.83,0.0,627.99,15.89,3.12,601.19,9.505,9292000.0,2.04730464
2010-08-11,09292000,49622.71,0.0,603.19,16.0,3.95,640.91,9.975,9292000.0,1.94819584
2010-08-12,09292000,49481.14,0.0,582.16,15.12,3.62,636.96,9.37,9292000.0,1.94536416
2010-08-13,09292000,49338.17,0.0,693.95,16.9,1.19,457.37,9.045,9292000.0,1.73015648
2010-08-14,09292000,49193.85,0.0,646.19,18.35,4.41,594.29,11.38,9292000.0,1.5829091199999998
2010-08-15,09292000,49048.23,0.0,673.35,19.39,4.15,563.38,11.77,9292000.0,1.49512704
2010-08-16,09292000,48901.36,0.0,638.11,18.43,4.42,602.12,11.425,9292000.0,1.44982016
2010-08-17,09292000,48753.29,0.0,669.89,19.46,3.91,539.65,11.685,9292000.0,1.4583152
2010-08-18,09292000,48604.05,5.15,456.9,20.23,6.5,813.19,13.365,9292000.0,1.4299984
2010-08-19,09292000,48453.7,6.5,401.21,12.53,1.58,653.64,7.055,9292000.0,1.84625536
2010-08-20,09292000,48302.28,0.0,653.66,16.98,1.64,504.32,9.31,9292000.0,1.72449312
2010-08-21,09292000,48149.84,0.0,603.58,18.51,4.9,657.44,11.705000000000002,9292000.0,1.4384934399999998
2010-08-22,09292000,47996.41,0.0,596.94,18.62,5.14,658.16,11.88,9292000.0,1.3677014399999998
2010-08-23,09292000,47842.04,0.0,579.56,14.35,1.71,541.48,8.03,9292000.0,1.48946368
2010-08-24,09292000,47686.78,0.0,657.06,16.91,0.69,455.59,8.8,9292000.0,1.31389952
2010-08-25,09292000,47530.65,0.0,647.0,20.06,3.83,558.37,11.945,9292000.0,1.3592064
2010-08-26,09292000,47373.71,0.0,613.06,20.85,5.9,665.36,13.375,9292000.0,1.66785952
2010-08-27,09292000,47215.98,11.22,405.88,18.01,5.49,823.26,11.75,9292000.0,1.63954272
2010-08-28,09292000,47057.51,12.86,292.04,12.96,4.83,861.67,8.895,9292000.0,2.1803936
2010-08-29,09292000,46898.33,0.0,508.49,12.68,1.54,630.92,7.109999999999999,9292000.0,2.32480928
2010-08-30,09292000,46738.48,0.0,360.25,8.31,1.06,659.47,4.6850000000000005,9292000.0,1.73865152
2010-08-31,09292000,46577.99,0.0,521.75,11.56,0.0,565.97,5.78,9292000.0,1.55176064
2010-09-01,09292000,46416.91,0.0,554.11,14.55,1.62,606.3,8.085,9292000.0,1.3846915199999998
2010-09-02,09292000,46255.26,0.0,544.43,14.94,2.19,635.43,8.565,9292000.0,1.27142432
2010-09-03,09292000,46093.07,0.0,613.37,17.99,1.58,563.57,9.785,9292000.0,1.52627552
2010-09-04,09292000,45930.38,0.0,534.9,18.65,5.45,786.33,12.05,9292000.0,1.61972096
2010-09-05,09292000,45767.23,0.0,569.17,15.72,1.15,578.73,8.435,9292000.0,1.56025568
2010-09-06,09292000,45603.64,0.0,541.69,10.46,-2.77,460.19,3.8450000000000006,9292000.0,1.49795872
2010-09-07,09292000,45439.64,0.0,592.62,15.61,-0.56,498.71,7.524999999999999,9292000.0,1.46114688
2010-09-08,09292000,45275.26,7.18,335.93,11.54,0.96,654.47,6.25,9292000.0,1.46114688
2010-09-09,09292000,45110.54,0.0,417.57,8.08,-1.41,551.04,3.335,9292000.0,1.54043392
2010-09-10,09292000,44945.5,0.0,462.13,8.18,-2.65,501.53,2.765,9292000.0,1.48096864
2010-09-11,09292000,44780.17,0.0,595.19,13.49,-3.51,391.89,4.99,9292000.0,1.43283008
2010-09-12,09292000,44614.58,0.0,538.61,14.52,0.26,524.05,7.39,9292000.0,1.38185984
2010-09-13,09292000,44448.77,0.0,519.77,15.67,2.0,598.38,8.835,9292000.0,1.35071136
2010-09-14,09292000,44282.75,0.0,495.75,15.06,2.3,629.06,8.68,9292000.0,1.31956288
2010-09-15,09292000,44116.55,0.0,520.63,14.56,0.61,549.0,7.585,9292000.0,1.2884144
2010-09-16,09292000,43950.2,0.0,546.14,16.49,0.97,543.04,8.729999999999999,9292000.0,1.25443424
2010-09-17,09292000,43783.74,0.0,513.18,17.29,3.12,648.69,10.205,9292000.0,1.23461248
2010-09-18,09292000,43617.18,0.0,503.25,18.16,4.08,697.14,11.12,9292000.0,1.21195904
2010-09-19,09292000,43450.55,0.0,503.72,18.21,3.88,688.44,11.045,9292000.0,1.19780064
2010-09-20,09292000,43283.89,0.0,448.41,14.84,2.91,693.58,8.875,9292000.0,1.1609888
2010-09-21,09292000,43117.21,0.0,510.86,15.31,0.46,551.38,7.885000000000001,9292000.0,1.1666521600000002
2010-09-22,09292000,42950.54,14.51,313.22,11.79,0.74,644.28,6.265,9292000.0,1.2600976
2010-09-23,09292000,42783.91,0.0,455.52,10.75,-1.58,537.55,4.585,9292000.0,1.49795872
2010-09-24,09292000,42617.35,0.0,519.27,14.77,-1.1,516.97,6.835,9292000.0,1.32522624
2010-09-25,09292000,42450.89,0.0,500.01,16.89,1.69,632.62,9.29,9292000.0,1.24310752
2010-09-26,09292000,42284.54,0.0,498.55,19.31,3.5,709.89,11.405,9292000.0,1.19780064
2010-09-27,09292000,42118.34,0.0,477.89,18.48,3.47,725.4,10.975,9292000.0,1.1666521600000002
2010-09-28,09292000,41952.32,0.0,482.15,20.16,4.3,760.5,12.23,9292000.0,1.14399872
2010-09-29,09292000,41786.5,0.0,454.3,18.07,3.49,744.84,10.78,9292000.0,1.1751472
2010-09-30,09292000,41620.92,0.0,460.63,17.73,2.47,682.53,10.1,9292000.0,1.1468304
2010-10-01,09292000,41455.59,0.0,458.95,17.71,2.22,672.44,9.965,9292000.0,1.10152352
2010-10-02,09292000,41290.54,0.0,439.34,17.53,2.84,715.7,10.185,9292000.0,1.07320672
2010-10-03,09292000,41125.82,0.0,404.22,16.37,3.33,767.84,9.85,9292000.0,1.0703750399999998
2010-10-04,09292000,40961.44,8.0,176.68,9.07,2.38,725.05,5.725,9292000.0,1.09869184
2010-10-05,09292000,40797.44,14.81,153.38,7.01,1.36,673.75,4.185,9292000.0,1.1694838399999998
2010-10-06,09292000,40633.84,17.47,176.7,6.99,0.46,631.27,3.725,9292000.0,1.2317808
2010-10-07,09292000,40470.68,14.94,178.43,3.88,-2.57,505.76,0.655,9292000.0,1.47530528
2010-10-08,09292000,40307.99,2.71,238.03,4.52,-4.47,438.66,0.0249999999999999,9292000.0,1.48946368
2010-10-09,09292000,40145.81,0.0,281.78,4.52,-3.3,478.68,0.6099999999999999,9292000.0,1.22045408
2010-10-10,09292000,39984.15,0.0,331.14,8.05,-1.6,543.08,3.2250000000000005,9292000.0,1.09869184
2010-10-11,09292000,39823.06,0.0,383.77,9.71,-2.18,520.47,3.765000000000001,9292000.0,1.0760384
2010-10-12,09292000,39662.57,0.0,398.15,9.24,-3.44,473.97,2.9000000000000004,9292000.0,1.05338496
2010-10-13,09292000,39502.72,0.0,414.61,10.68,-3.17,483.31,3.755,9292000.0,0.9769296
2010-10-14,09292000,39343.54,0.0,398.36,12.12,-1.2,559.26,5.46,9292000.0,0.92595936
2010-10-15,09292000,39185.06,0.0,386.4,11.82,-0.99,568.11,5.415,9292000.0,0.88914752
2010-10-16,09292000,39027.33,0.0,383.89,11.29,-1.46,548.83,4.914999999999999,9292000.0,0.8608307199999999
2010-10-17,09292000,38870.38,5.61,192.29,8.24,-0.23,600.62,4.005,9292000.0,0.85799904
2010-10-18,09292000,38714.24,0.0,253.06,5.91,-2.28,516.5,1.815,9292000.0,0.92595936
2010-10-19,09292000,38558.97,0.0,346.8,9.46,-3.43,474.1,3.015000000000001,9292000.0,0.8466723199999999
2010-10-20,09292000,38404.6,0.0,345.69,10.72,-2.41,511.56,4.155,9292000.0,0.81269216
2010-10-21,09292000,38251.17,0.0,342.71,11.16,-1.93,529.97,4.615,9292000.0,0.8070288
2010-10-22,09292000,38098.72,3.57,105.68,3.77,-0.61,584.05,1.58,9292000.0,0.9061376
2010-10-23,09292000,37947.29,0.0,274.46,5.54,-3.71,464.37,0.915,9292000.0,0.94578112
2010-10-24,09292000,37796.93,27.08,143.59,2.76,-3.22,481.73,-0.2300000000000002,9292000.0,0.92879104
2010-10-25,09292000,37647.69,13.23,262.98,0.98,-9.93,287.54,-4.475,9292000.0,1.41867168
2010-10-26,09292000,37499.61,6.2,250.88,-2.41,-12.41,235.7,-7.41,9292000.0,0.95427616
2010-10-27,09292000,37352.73,0.0,397.96,-0.3,-13.91,208.67,-7.105,9292000.0,1.00241472
2010-10-28,09292000,37207.1,0.0,434.96,5.4,-13.46,216.44,-4.03,9292000.0,1.0420582399999998
2010-10-29,09292000,37062.77,0.0,366.4,7.67,-4.67,432.05,1.5,9292000.0,1.11285024
2010-10-30,09292000,36919.79,6.27,256.48,5.57,-5.51,405.09,0.0300000000000002,9292000.0,1.02506816
2010-10-31,09292000,36778.21,0.0,328.09,3.72,-6.47,376.68,-1.3749999999999998,9292000.0,0.9627712
2010-11-01,09292000,36638.08,0.0,380.82,6.32,-7.33,352.31,-0.5049999999999999,9292000.0,0.89764256
2010-11-02,09292000,36499.45,0.0,340.28,11.18,-0.28,598.49,5.45,9292000.0,0.86932576
2010-11-03,09292000,36362.38,0.0,366.83,11.44,-2.29,516.28,4.574999999999999,9292000.0,0.93728608
2010-11-04,09292000,36226.91,0.0,360.34,11.98,-1.93,530.07,5.025,9292000.0,0.95710784
2010-11-05,09292000,36093.1,0.0,344.9,11.72,-1.45,549.14,5.135000000000001,9292000.0,0.94011776
2010-11-06,09292000,35961.0,0.0,325.11,9.59,-2.49,508.69,3.55,9292000.0,0.9486128
2010-11-07,09292000,35830.68,0.0,222.52,4.68,-2.56,505.77,1.0599999999999998,9292000.0,0.95710784
2010-11-08,09292000,35702.18,18.94,152.6,-1.2,-7.61,344.69,-4.405,9292000.0,0.99958304
2010-11-09,09292000,35575.56,0.0,356.1,-3.89,-17.98,148.48,-10.935,9292000.0,0.99958304
2010-11-10,09292000,35450.88,4.77,267.53,-3.23,-17.91,149.47,-10.57,9292000.0,0.95993952
2010-11-11,09292000,35328.19,0.0,356.38,-2.79,-17.52,154.42,-10.155,9292000.0,1.35071136
2010-11-12,09292000,35207.56,2.41,269.07,0.87,-14.91,192.13,-7.0200000000000005,9292000.0,1.29124608
2010-11-13,09292000,35089.04,2.69,252.2,-0.86,-14.65,196.25,-7.755,9292000.0,1.32522624
2010-11-14,09292000,34972.69,6.74,163.46,-1.5,-8.86,312.9,-5.18,9292000.0,1.3308896
2010-11-15,09292000,34858.56,9.31,124.36,-2.64,-7.96,335.51,-5.3,9292000.0,1.27708768
2010-11-16,09292000,34746.73,9.55,210.19,-0.52,-10.5,274.78,-5.51,9292000.0,1.29124608
2010-11-17,09292000,34637.23,0.0,365.31,0.16,-16.82,163.89,-8.33,9292000.0,1.31389952
2010-11-18,09292000,34530.14,0.0,309.16,4.66,-7.6,345.11,-1.4699999999999998,9292000.0,1.27142432
2010-11-19,09292000,34425.52,0.0,271.49,2.09,-7.9,337.07,-2.905,9292000.0,1.21195904
2010-11-20,09292000,34323.41,28.85,60.54,-3.83,-6.16,385.53,-4.995,9292000.0,1.23461248
2010-11-21,09292000,34223.88,13.13,205.96,-5.51,-15.21,187.38,-10.36,9292000.0,1.32805792
2010-11-22,09292000,34126.99,7.37,157.14,-8.89,-15.77,178.91,-12.33,9292000.0,1.2176224
2010-11-23,09292000,34032.78,20.89,181.12,-10.16,-18.24,145.23,-14.2,9292000.0,1.1893056
2010-11-24,09292000,33941.33,0.0,287.63,-17.51,-27.65,62.87,-22.58,9292000.0,1.1609888
2010-11-25,09292000,33852.69,0.0,371.05,-6.28,-24.47,84.12,-15.375,9292000.0,1.1609888
2010-11-26,09292000,33766.9,0.0,337.18,1.86,-12.64,231.46,-5.390000000000001,9292000.0,1.1893056
2010-11-27,09292000,33684.02,0.0,316.32,-0.92,-13.51,215.55,-7.215,9292000.0,1.1893056
2010-11-28,09292000,33604.12,2.87,202.74,-5.16,-15.0,190.68,-10.08,9292000.0,1.2176224
2010-11-29,09292000,33527.23,0.0,280.7,-9.02,-19.28,132.89,-14.15,9292000.0,1.1609888
2010-11-30,09292000,33453.41,3.95,255.45,-0.66,-16.2,172.53,-8.43,9292000.0,1.132672
2010-12-01,09292000,33382.71,0.0,271.79,1.98,-8.27,327.47,-3.145,9292000.0,1.1609888
2010-12-02,09292000,33315.18,0.0,306.46,3.7,-8.93,311.17,-2.615,9292000.0,1.1609888
2010-12-03,09292000,33250.86,4.64,177.71,1.69,-6.89,364.48,-2.6,9292000.0,1.20912736
2010-12-04,09292000,33189.79,3.18,180.72,2.06,-6.62,372.26,-2.28,9292000.0,1.17797888
2010-12-05,09292000,33132.03,0.0,293.17,1.28,-10.11,283.45,-4.415,9292000.0,1.18364224
2010-12-06,09292000,33077.61,9.79,169.92,-2.28,-10.11,283.46,-6.194999999999999,9292000.0,1.1609888
2010-12-07,09292000,33026.56,0.0,303.17,1.56,-10.55,273.71,-4.495,9292000.0,1.15532544
2010-12-08,09292000,32978.94,0.0,323.3,6.29,-8.17,330.0,-0.94,9292000.0,1.1043552
2010-12-09,09292000,32934.76,0.0,236.15,1.73,-6.83,366.23,-2.55,9292000.0,1.132672
2010-12-10,09292000,32894.07,12.8,155.25,-1.55,-8.65,317.9,-5.1000000000000005,9292000.0,1.13833536
2010-12-11,09292000,32856.9,0.0,262.49,-0.44,-9.86,288.99,-5.15,9292000.0,1.12700864
2010-12-12,09292000,32823.26,0.0,276.34,5.34,-4.91,424.12,0.2149999999999998,9292000.0,1.11001856
2010-12-13,09292000,32793.2,0.0,288.55,6.14,-4.93,423.45,0.605,9292000.0,1.1411670399999998
2010-12-14,09292000,32766.72,0.0,240.59,3.68,-4.78,428.46,-0.55,9292000.0,1.12984032
2010-12-15,09292000,32743.86,6.77,260.8,-3.57,-21.19,112.63,-12.38,9292000.0,1.0760384
2010-12-16,09292000,32724.62,0.0,350.8,-4.59,-22.75,98.12,-13.67,9292000.0,1.0760384
2010-12-17,09292000,32709.02,0.0,336.95,-5.54,-21.28,111.71,-13.41,9292000.0,1.0477216
2010-12-18,09292000,32697.08,11.68,167.21,-1.61,-9.46,298.38,-5.535,9292000.0,1.0760384
2010-12-19,09292000,32688.8,38.09,75.35,-1.02,-4.21,447.24,-2.615,9292000.0,1.0760384
2010-12-20,09292000,32684.19,24.86,151.36,-1.93,-8.74,315.74,-5.335,9292000.0,1.0760384
2010-12-21,09292000,32683.26,17.8,145.54,-2.23,-8.59,319.41,-5.41,9292000.0,1.0194048
2010-12-22,09292000,32686.0,29.99,54.81,-2.25,-4.3,444.23,-3.275,9292000.0,1.0194048
2010-12-23,09292000,32692.41,0.0,347.2,1.15,-14.41,200.23,-6.63,9292000.0,1.0477216
2010-12-24,09292000,32702.49,0.0,351.54,1.7,-14.72,195.16,-6.510000000000001,9292000.0,1.0194048
2010-12-25,09292000,32716.23,0.0,349.65,3.49,-12.66,230.97,-4.585,9292000.0,1.0194048
2010-12-26,09292000,32733.61,0.0,307.27,-3.05,-14.72,195.13,-8.885,9292000.0,1.0194048
2010-12-27,09292000,32754.64,0.0,331.36,-3.39,-16.86,163.22,-10.125,9292000.0,0.991088
2010-12-28,09292000,32779.28,0.0,359.57,0.15,-17.14,159.41,-8.495000000000001,9292000.0,0.9627712
2010-12-29,09292000,32807.52,20.25,185.2,-6.4,-14.79,194.13,-10.595,9292000.0,0.9344544
2010-12-30,09292000,32839.34,0.0,294.5,-13.52,-23.81,89.25,-18.665,9292000.0,0.9061376
2010-12-31,09292000,32874.72,0.0,302.44,-18.2,-28.86,56.14,-23.53,9292000.0,0.8778208
2011-01-01,09292000,32913.8,0.0,311.19,-10.38,-27.67,62.77,-19.025,9292000.0,0.849504
2011-01-02,09292000,32956.22,0.0,283.12,-4.04,-18.31,144.35,-11.175,9292000.0,0.9061376
2011-01-03,09292000,33002.11,0.0,314.62,-1.78,-19.48,130.59,-10.63,9292000.0,0.9061376
2011-01-04,09292000,33051.44,0.0,300.8,-3.79,-19.57,129.59,-11.68,9292000.0,0.9061376
2011-01-05,09292000,33104.16,0.0,216.2,-2.26,-11.87,246.32,-7.065,9292000.0,0.95427616
2011-01-06,09292000,33160.24,0.0,291.21,3.88,-11.0,264.06,-3.56,9292000.0,0.9344544
2011-01-07,09292000,33219.65,0.0,283.89,4.59,-9.58,295.65,-2.495,9292000.0,0.920296
2011-01-08,09292000,33282.33,0.0,264.14,1.8,-10.65,271.59,-4.425,9292000.0,0.9061376
2011-01-09,09292000,33348.25,0.0,316.13,-9.36,-25.98,73.3,-17.67,9292000.0,0.8919792
2011-01-10,09292000,33417.36,0.0,289.52,-13.72,-27.44,64.1,-20.58,9292000.0,0.849504
2011-01-11,09292000,33489.61,0.0,341.62,-4.52,-24.36,84.92,-14.44,9292000.0,0.8778208
2011-01-12,09292000,33564.96,0.0,293.04,-0.66,-14.68,195.89,-7.67,9292000.0,0.9061376
2011-01-13,09292000,33643.35,0.0,285.69,4.29,-9.22,304.17,-2.4650000000000003,9292000.0,0.9344544
2011-01-14,09292000,33724.73,0.0,247.11,2.05,-8.76,315.23,-3.355,9292000.0,0.9486128
2011-01-15,09292000,33809.06,0.0,243.43,2.88,-7.67,343.3,-2.395,9292000.0,0.9627712
2011-01-16,09292000,33896.27,12.62,181.8,4.35,-6.04,389.23,-0.8450000000000002,9292000.0,0.9486128
2011-01-17,09292000,33986.31,17.27,173.66,0.79,-8.68,317.11,-3.945,9292000.0,0.9344544
2011-01-18,09292000,34079.13,0.0,272.65,0.89,-10.59,272.91,-4.85,9292000.0,0.920296
2011-01-19,09292000,34174.68,5.6,227.3,-4.58,-17.78,151.11,-11.18,9292000.0,0.9061376
2011-01-20,09292000,34272.88,0.0,354.76,-0.38,-17.89,149.7,-9.135,9292000.0,0.8778208
2011-01-21,09292000,34373.7,0.0,218.06,0.83,-7.61,344.77,-3.39,9292000.0,0.8778208
2011-01-22,09292000,34477.06,6.64,223.5,-3.16,-15.52,182.72,-9.34,9292000.0,0.87498912
2011-01-23,09292000,34582.92,0.0,348.25,-0.04,-15.77,178.9,-7.904999999999999,9292000.0,0.87498912
2011-01-24,09292000,34691.2,0.0,309.84,-1.45,-14.12,205.13,-7.784999999999999,9292000.0,0.87498912
2011-01-25,09292000,34801.87,0.0,279.29,-1.3,-12.14,240.98,-6.720000000000001,9292000.0,0.87498912
2011-01-26,09292000,34914.85,0.0,364.61,2.4,-14.24,203.12,-5.92,9292000.0,0.87498912
2011-01-27,09292000,35030.08,0.0,281.39,3.73,-7.13,357.8,-1.7,9292000.0,0.85233568
2011-01-28,09292000,35147.52,0.0,359.53,8.49,-7.52,347.29,0.4850000000000003,9292000.0,0.849504
2011-01-29,09292000,35267.09,0.0,349.35,5.92,-8.77,314.98,-1.4249999999999998,9292000.0,0.79570208
2011-01-30,09292000,35388.75,0.0,293.05,1.33,-9.66,293.69,-4.165,9292000.0,0.7645535999999999
2011-01-31,09292000,35512.43,0.0,334.71,-5.74,-18.56,141.42,-12.15,9292000.0,0.7645535999999999
2011-02-01,09292000,35638.08,0.0,350.56,-17.49,-30.93,46.12,-24.21,9292000.0,0.7362368
2011-02-02,09292000,35765.64,0.0,420.61,-10.72,-30.75,46.91,-20.735,9292000.0,0.70792
2011-02-03,09292000,35895.05,0.0,382.77,-0.57,-16.23,172.14,-8.4,9292000.0,0.72491008
2011-02-04,09292000,36026.26,4.58,135.92,-0.42,-6.34,380.37,-3.38,9292000.0,0.7220784
2011-02-05,09292000,36159.21,11.09,169.75,-4.59,-11.79,247.81,-8.19,9292000.0,0.71641504
2011-02-06,09292000,36293.85,0.0,269.79,-6.68,-15.19,187.66,-10.935,9292000.0,0.72774176
2011-02-07,09292000,36430.12,21.67,302.9,-0.87,-16.01,175.29,-8.440000000000001,9292000.0,0.71641504
2011-02-08,09292000,36567.97,0.0,362.2,-9.3,-21.18,112.68,-15.24,9292000.0,0.71358336
2011-02-09,09292000,36707.35,0.0,426.8,-8.44,-24.27,85.67,-16.355,9292000.0,0.69659328
2011-02-10,09292000,36848.2,0.0,433.14,-2.55,-18.64,140.36,-10.595,9292000.0,0.67110816
2011-02-11,09292000,36990.48,0.0,426.17,0.5,-14.77,194.35,-7.135,9292000.0,0.67110816
2011-02-12,09292000,37134.14,0.0,446.68,5.45,-11.65,250.64,-3.1,9292000.0,0.67110816
2011-02-13,09292000,37279.12,0.0,442.71,7.0,-9.75,289.08,-1.375,9292000.0,0.67110816
2011-02-14,09292000,37425.37,0.0,438.69,5.07,-11.14,261.15,-3.035,9292000.0,0.67393984
2011-02-15,09292000,37572.85,0.0,440.8,5.18,-11.02,263.61,-2.92,9292000.0,0.6796032
2011-02-16,09292000,37721.52,12.96,299.63,1.18,-12.11,241.62,-5.465,9292000.0,0.6796032
2011-02-17,09292000,37871.32,0.0,394.27,-6.52,-19.07,135.32,-12.795,9292000.0,0.72774176
2011-02-18,09292000,38022.21,0.0,398.21,-3.76,-16.39,169.93,-10.075,9292000.0,0.72774176
2011-02-19,09292000,38174.15,19.78,165.29,-3.69,-9.63,294.28,-6.66,9292000.0,0.72774176
2011-02-20,09292000,38327.09,0.0,441.64,-4.45,-18.39,143.4,-11.42,9292000.0,0.73057344
2011-02-21,09292000,38481.0,0.0,486.05,-4.31,-21.02,114.26,-12.665,9292000.0,0.73057344
2011-02-22,09292000,38635.82,0.0,468.61,-4.29,-19.5,130.41,-11.895,9292000.0,0.73057344
2011-02-23,09292000,38791.52,0.0,396.0,-3.26,-14.68,195.82,-8.969999999999999,9292000.0,0.73057344
2011-02-24,09292000,38948.06,8.24,241.04,-5.17,-13.81,210.4,-9.49,9292000.0,0.7334051199999999
2011-02-25,09292000,39105.41,14.38,243.41,-3.83,-12.24,238.91,-8.035,9292000.0,0.67677152
2011-02-26,09292000,39263.51,12.05,189.75,-2.52,-8.73,315.93,-5.625,9292000.0,0.6796032
2011-02-27,09292000,39422.34,0.0,533.85,-0.1,-17.08,160.3,-8.59,9292000.0,0.6796032
2011-02-28,09292000,39581.86,0.0,546.51,1.4,-16.5,168.33,-7.55,9292000.0,0.6796032
2011-03-01,09292000,39742.04,0.0,566.31,4.6,-15.5,182.91,-5.45,9292000.0,0.6796032
2011-03-02,09292000,39902.83,0.0,501.76,3.76,-11.08,262.28,-3.66,9292000.0,0.6937616
2011-03-03,09292000,40064.2,6.53,348.78,0.54,-12.26,238.69,-5.859999999999999,9292000.0,0.69942496
2011-03-04,09292000,40226.13,0.0,489.69,-1.9,-15.2,187.61,-8.549999999999999,9292000.0,0.70508832
2011-03-05,09292000,40388.57,0.0,474.78,1.06,-11.46,254.59,-5.2,9292000.0,0.71075168
2011-03-06,09292000,40551.49,4.48,337.1,0.0,-11.58,252.02,-5.79,9292000.0,0.71641504
2011-03-07,09292000,40714.87,10.18,320.93,-2.53,-13.18,221.39,-7.854999999999999,9292000.0,0.71641504
2011-03-08,09292000,40878.67,0.0,451.15,-1.21,-12.55,233.17,-6.880000000000001,9292000.0,0.7192467199999999
2011-03-09,09292000,41042.87,0.0,491.5,2.94,-9.8,290.49,-3.4300000000000006,9292000.0,0.71641504
2011-03-10,09292000,41207.42,0.0,573.08,6.03,-10.78,268.7,-2.375,9292000.0,0.7192467199999999
2011-03-11,09292000,41372.31,0.0,450.42,5.01,-6.07,388.31,-0.5300000000000002,9292000.0,0.7192467199999999
2011-03-12,09292000,41537.49,8.86,350.53,2.84,-8.52,321.3,-2.84,9292000.0,0.7362368
2011-03-13,09292000,41702.95,0.0,568.5,4.47,-10.84,267.53,-3.185,9292000.0,0.7475635199999999
2011-03-14,09292000,41868.66,0.0,531.32,3.97,-9.26,303.05,-2.645,9292000.0,0.72774176
2011-03-15,09292000,42034.58,0.0,607.3,6.48,-10.58,273.02,-2.05,9292000.0,0.70225664
2011-03-16,09292000,42200.7,5.45,432.34,5.95,-9.17,305.31,-1.61,9292000.0,0.68526656
2011-03-17,09292000,42366.97,0.0,589.96,-2.49,-17.45,155.37,-9.97,9292000.0,0.6796032
2011-03-18,09292000,42533.38,0.0,655.49,-0.11,-19.52,130.22,-9.815,9292000.0,0.7362368
2011-03-19,09292000,42699.89,0.0,366.4,0.5,-7.25,354.65,-3.375,9292000.0,0.9769296
2011-03-20,09292000,42866.49,3.98,293.93,-2.23,-10.42,276.45,-6.325,9292000.0,0.90896928
2011-03-21,09292000,43033.14,4.84,342.89,-1.46,-11.31,257.65,-6.385,9292000.0,0.89481088
2011-03-22,09292000,43199.82,0.0,576.98,-2.61,-16.05,174.7,-9.33,9292000.0,0.90896928
2011-03-23,09292000,43366.49,0.0,677.88,0.69,-18.46,142.52,-8.885,9292000.0,0.8778208
2011-03-24,09292000,43533.14,0.0,548.38,1.26,-11.02,263.59,-4.88,9292000.0,0.97976128
2011-03-25,09292000,43699.74,9.18,413.7,-1.94,-14.15,204.6,-8.045,9292000.0,0.96560288
2011-03-26,09292000,43866.26,0.0,685.66,0.05,-18.71,139.57,-9.33,9292000.0,0.88914752
2011-03-27,09292000,44032.67,9.05,373.21,0.48,-10.2,281.47,-4.859999999999999,9292000.0,0.98542464
2011-03-28,09292000,44198.94,7.87,463.52,0.15,-14.65,196.37,-7.25,9292000.0,0.92595936
2011-03-29,09292000,44365.05,0.0,721.83,1.12,-19.78,127.28,-9.33,9292000.0,1.01657312
2011-03-30,09292000,44530.98,6.13,426.01,4.13,-8.57,319.97,-2.22,9292000.0,0.97126624
2011-03-31,09292000,44696.68,0.0,434.09,7.33,-1.43,550.04,2.95,9292000.0,1.06188
2011-04-01,09292000,44862.15,0.0,587.83,10.37,-2.61,504.17,3.88,9292000.0,1.19780064
2011-04-02,09292000,45027.33,5.39,414.27,10.53,-1.36,552.84,4.585,9292000.0,1.39601824
2011-04-03,09292000,45192.22,6.13,465.49,0.56,-13.04,224.0,-6.239999999999999,9292000.0,1.68768128
2011-04-04,09292000,45356.77,0.0,751.21,4.27,-16.76,164.61,-6.245000000000001,9292000.0,1.54043392
2011-04-05,09292000,45520.97,0.0,612.96,8.08,-5.48,406.03,1.2999999999999998,9292000.0,1.5659190399999998
2011-04-06,09292000,45684.77,0.0,560.56,3.91,-7.78,340.16,-1.935,9292000.0,1.74431488
2011-04-07,09292000,45848.15,22.58,268.46,-0.63,-7.37,351.32,-4.0,9292000.0,1.7273248
2011-04-08,09292000,46011.08,26.41,115.66,-3.37,-5.82,395.64,-4.595000000000001,9292000.0,1.6820179199999998
2011-04-09,09292000,46173.52,15.84,351.04,-3.33,-11.93,245.04,-7.63,9292000.0,1.628216
2011-04-10,09292000,46335.44,0.0,605.47,-1.14,-13.09,223.16,-7.115,9292000.0,1.65086944
2011-04-11,09292000,46496.82,0.0,757.77,5.78,-13.5,215.83,-3.86,9292000.0,1.5829091199999998
2011-04-12,09292000,46657.61,0.0,701.37,6.42,-9.34,301.13,-1.46,9292000.0,1.5998992
2011-04-13,09292000,46817.79,6.14,525.62,5.33,-10.58,272.99,-2.625,9292000.0,1.63104768
2011-04-14,09292000,46977.31,0.0,564.78,0.32,-10.44,276.07,-5.06,9292000.0,1.63954272
2011-04-15,09292000,47136.14,0.0,732.25,5.05,-11.77,248.3,-3.36,9292000.0,1.58857248
2011-04-16,09292000,47294.25,0.0,588.4,7.18,-4.25,445.81,1.465,9292000.0,1.73015648
2011-04-17,09292000,47451.59,0.0,457.41,7.25,-0.87,573.16,3.19,9292000.0,2.08694816
2011-04-18,09292000,47608.14,7.75,420.64,5.78,-4.68,431.63,0.5500000000000003,9292000.0,2.71558112
2011-04-19,09292000,47763.84,5.15,365.58,1.54,-7.1,358.71,-2.78,9292000.0,2.8883136
2011-04-20,09292000,47918.67,15.69,427.38,1.36,-9.12,306.43,-3.88,9292000.0,2.61647232
2011-04-21,09292000,48072.57,7.72,503.96,3.83,-9.61,294.82,-2.89,9292000.0,2.11243328
2011-04-22,09292000,48225.52,0.0,711.14,0.99,-13.37,217.99,-6.19,9292000.0,1.64803776
2011-04-23,09292000,48377.46,4.01,526.93,0.71,-13.47,216.2,-6.380000000000001,9292000.0,1.52061216
2011-04-24,09292000,48528.35,0.0,764.63,4.04,-12.95,225.61,-4.455,9292000.0,1.80378016
2011-04-25,09292000,48678.16,4.37,552.1,4.58,-11.09,262.07,-3.255,9292000.0,1.96518592
2011-04-26,09292000,48826.82,4.37,449.5,-2.05,-12.93,226.03,-7.49,9292000.0,1.97084928
2011-04-27,09292000,48974.31,0.0,793.31,2.69,-15.63,180.97,-6.470000000000001,9292000.0,1.90572064
2011-04-28,09292000,49120.57,7.63,603.35,6.54,-13.28,219.68,-3.37,9292000.0,1.7698
2011-04-29,09292000,49265.55,7.77,502.71,-0.67,-13.5,215.69,-7.085,9292000.0,1.61122592
2011-04-30,09292000,49409.2,5.8,551.37,-0.51,-15.88,177.2,-8.195,9292000.0,1.46964192
2011-05-01,09292000,49551.49,0.0,800.98,1.75,-17.14,159.52,-7.695,9292000.0,1.41300832
2011-05-02,09292000,49692.34,0.0,813.98,5.05,-15.18,187.85,-5.065,9292000.0,1.3846915199999998
2011-05-03,09292000,49831.73,4.76,491.31,6.71,-6.34,380.31,0.185,9292000.0,1.41867168
2011-05-04,09292000,49969.58,3.95,536.87,5.28,-9.55,296.2,-2.135,9292000.0,1.45548352
2011-05-05,09292000,50105.86,0.0,818.1,10.76,-10.11,283.38,0.3250000000000002,9292000.0,1.61972096
2011-05-06,09292000,50240.5,0.0,598.53,10.7,-0.76,577.82,4.97,9292000.0,1.86607712
2011-05-07,09292000,50373.45,0.0,653.18,12.77,-0.47,590.01,6.15,9292000.0,2.26251232
2011-05-08,09292000,50504.67,3.84,381.37,10.59,0.93,653.21,5.76,9292000.0,3.0582144
2011-05-09,09292000,50634.08,18.01,509.08,4.87,-9.22,303.95,-2.1750000000000003,9292000.0,3.0015808
2011-05-10,09292000,50761.65,10.56,524.8,4.64,-10.24,280.56,-2.8000000000000003,9292000.0,2.14075008
2011-05-11,09292000,50887.3,0.0,775.56,5.75,-12.1,241.76,-3.175,9292000.0,1.7131664
2011-05-12,09292000,51010.98,0.0,685.97,8.89,-5.37,409.65,1.7600000000000002,9292000.0,1.51211712
2011-05-13,09292000,51132.65,0.0,761.07,13.04,-4.55,436.02,4.244999999999999,9292000.0,1.7273248
2011-05-14,09292000,51252.23,0.0,674.22,11.19,-2.92,492.59,4.135,9292000.0,2.5060368
2011-05-15,09292000,51369.66,0.0,582.71,9.22,-2.03,526.05,3.5950000000000006,9292000.0,3.114848
2011-05-16,09292000,51484.91,5.3,345.86,5.96,-2.45,509.95,1.755,9292000.0,4.1625696
2011-05-17,09292000,51597.89,8.16,365.29,3.55,-5.35,410.27,-0.8999999999999999,9292000.0,3.7378176
2011-05-18,09292000,51708.56,19.17,326.89,3.92,-3.89,457.93,0.0149999999999999,9292000.0,3.3696992
2011-05-19,09292000,51816.85,13.85,415.33,6.42,-3.99,454.68,1.215,9292000.0,3.0865312
2011-05-20,09292000,51922.71,6.61,422.89,6.32,-4.32,443.55,1.0,9292000.0,2.68160096
2011-05-21,09292000,52026.08,0.0,569.86,8.32,-2.37,513.06,2.975,9292000.0,2.61080896
2011-05-22,09292000,52126.9,2.28,520.95,10.59,-3.79,461.39,3.4,9292000.0,2.8599968
2011-05-23,09292000,52225.11,11.88,386.27,7.34,-2.04,525.98,2.65,9292000.0,3.256432
2011-05-24,09292000,52320.66,0.0,650.76,6.1,-6.29,381.67,-0.0950000000000002,9292000.0,3.1431648
2011-05-25,09292000,52413.49,0.0,804.43,9.89,-8.77,314.99,0.5600000000000005,9292000.0,2.9449472
2011-05-26,09292000,52503.54,0.0,540.74,8.14,-1.69,539.55,3.2250000000000005,9292000.0,3.3413824
2011-05-27,09292000,52590.76,0.0,558.67,6.74,-3.23,481.24,1.755,9292000.0,3.5396
2011-05-28,09292000,52675.09,4.58,284.38,4.61,-1.63,542.15,1.4900000000000002,9292000.0,3.7095008
2011-05-29,09292000,52756.48,11.34,391.72,4.03,-4.78,428.33,-0.375,9292000.0,3.6528672
2011-05-30,09292000,52834.87,4.31,509.55,4.73,-7.72,341.98,-1.4949999999999997,9292000.0,3.398016
2011-05-31,09292000,52910.23,0.0,806.08,8.25,-8.98,309.74,-0.3650000000000002,9292000.0,3.0298976
2011-06-01,09292000,52982.49,0.0,689.04,12.49,-0.22,601.12,6.135,9292000.0,3.5679168
2011-06-02,09292000,53051.6,0.0,647.31,7.47,-3.78,461.77,1.845,9292000.0,4.7005888
2011-06-03,09292000,53117.53,0.0,796.07,8.8,-7.63,344.34,0.5850000000000004,9292000.0,5.5784096
2011-06-04,09292000,53180.22,0.0,798.43,13.32,-3.49,470.38,4.915,9292000.0,6.4279136
2011-06-05,09292000,53239.63,0.0,715.86,15.28,1.64,687.46,8.459999999999999,9292000.0,8.7498912
2011-06-06,09292000,53295.72,0.0,712.67,13.55,0.15,617.43,6.8500000000000005,9292000.0,12.8558272
2011-06-07,09292000,53348.45,0.0,650.52,10.57,-0.92,570.86,4.825,9292000.0,13.6203808
2011-06-08,09292000,53397.78,0.0,709.08,11.8,-1.38,552.25,5.210000000000001,9292000.0,16.1122592
2011-06-09,09292000,53443.68,0.0,674.98,8.38,-3.53,470.58,2.4250000000000007,9292000.0,16.0839424
2011-06-10,09292000,53486.11,0.0,827.22,12.37,-5.93,384.02,3.22,9292000.0,15.857408
2011-06-11,09292000,53525.04,0.0,725.93,13.33,-0.4,591.39,6.465,9292000.0,18.8023552
2011-06-12,09292000,53560.44,0.0,570.71,12.14,2.71,741.9,7.425000000000001,9292000.0,22.087104
2011-06-13,09292000,53592.28,0.0,686.47,12.25,0.11,615.56,6.18,9292000.0,23.219776
2011-06-14,09292000,53620.55,0.0,689.54,12.49,0.22,620.5,6.355,9292000.0,23.219776
2011-06-15,09292000,53645.21,0.0,721.08,14.85,1.3,658.56,8.075,9292000.0,26.4195744
2011-06-16,09292000,53666.26,0.0,715.47,11.51,-1.76,536.94,4.875,9292000.0,31.997984
2011-06-17,09292000,53683.67,0.0,717.12,10.76,-2.68,501.29,4.04,9292000.0,32.56432
2011-06-18,09292000,53697.43,0.0,717.24,12.0,-1.63,542.09,5.1850000000000005,9292000.0,31.14848
2011-06-19,09292000,53707.54,5.78,299.43,7.3,0.93,653.04,4.115,9292000.0,28.2035328
2011-06-20,09292000,53713.97,0.0,619.84,9.98,-0.75,578.3,4.615,9292000.0,22.2570048
2011-06-21,09292000,53716.74,0.0,772.59,14.08,-1.67,520.72,6.205,9292000.0,23.9560128
2011-06-22,09292000,53715.83,0.0,792.74,16.89,-0.39,556.0,8.25,9292000.0,28.883136
2011-06-23,09292000,53711.24,0.0,721.3,18.05,3.58,756.81,10.815,9292000.0,31.714816
2011-06-24,09292000,53702.99,0.0,698.39,16.91,3.47,755.9,10.19,9292000.0,34.829664
2011-06-25,09292000,53691.07,0.0,700.13,16.49,2.91,728.14,9.7,9292000.0,38.794016
2011-06-26,09292000,53675.5,0.0,671.88,15.05,2.35,708.51,8.700000000000001,9292000.0,38.794016
2011-06-27,09292000,53656.28,0.0,753.1,16.36,0.54,587.63,8.45,9292000.0,36.81184
2011-06-28,09292000,53633.44,0.0,705.48,18.06,3.65,742.92,10.855,9292000.0,34.546496
2011-06-29,09292000,53606.99,12.43,482.25,16.72,4.14,821.07,10.43,9292000.0,37.378176
2011-06-30,09292000,53576.95,11.57,443.11,12.77,1.96,703.51,7.365,9292000.0,46.156384
2011-07-01,09292000,53543.34,0.0,686.35,15.52,2.06,695.97,8.79,9292000.0,36.81184
2011-07-02,09292000,53506.18,0.0,704.37,18.19,3.85,766.18,11.02,9292000.0,30.582144
2011-07-03,09292000,53465.52,0.0,724.6,20.35,5.13,812.58,12.74,9292000.0,29.73264
2011-07-04,09292000,53421.36,14.8,426.36,16.44,6.01,935.41,11.225,9292000.0,31.14848
2011-07-05,09292000,53373.76,23.56,398.99,14.62,5.2,883.91,9.91,9292000.0,31.997984
2011-07-06,09292000,53322.74,0.0,617.71,17.2,5.77,919.84,11.485,9292000.0,31.714816
2011-07-07,09292000,53268.34,16.26,397.17,15.17,5.85,924.99,10.51,9292000.0,31.997984
2011-07-08,09292000,53210.6,0.0,568.8,14.63,4.62,849.33,9.625,9292000.0,33.130656
2011-07-09,09292000,53149.56,0.0,694.45,16.43,3.05,721.58,9.74,9292000.0,26.1364064
2011-07-10,09292000,53085.26,8.91,420.9,14.29,4.55,844.67,9.42,9292000.0,25.4568032
2011-07-11,09292000,53017.74,11.74,463.99,15.88,4.71,854.68,10.295,9292000.0,22.8799744
2011-07-12,09292000,52947.06,13.08,326.6,12.17,5.02,873.05,8.594999999999999,9292000.0,27.4389792
2011-07-13,09292000,52873.26,12.88,440.29,13.61,3.36,777.33,8.485,9292000.0,25.5983872
2011-07-14,09292000,52796.4,0.0,653.67,14.71,2.8,746.61,8.755,9292000.0,24.6922496
2011-07-15,09292000,52716.51,0.0,688.92,15.95,2.86,749.9,9.405,9292000.0,20.3597792
2011-07-16,09292000,52633.66,0.0,641.23,16.95,5.14,880.29,11.045,9292000.0,17.556416
2011-07-17,09292000,52547.89,4.48,465.22,18.14,6.65,977.61,12.395,9292000.0,16.6502784
2011-07-18,09292000,52459.26,0.0,573.42,17.27,7.12,1009.67,12.195,9292000.0,18.9439392
2011-07-19,09292000,52367.82,11.88,455.53,16.49,5.31,891.0,10.9,9292000.0,19.7651264
2011-07-20,09292000,52273.64,0.0,685.99,17.41,3.82,791.72,10.615,9292000.0,20.7562144
2011-07-21,09292000,52176.77,0.0,642.14,18.08,5.82,918.21,11.95,9292000.0,15.57424
2011-07-22,09292000,52077.25,0.0,681.24,18.34,4.89,844.17,11.615,9292000.0,13.0823616
2011-07-23,09292000,51975.16,0.0,678.87,19.83,6.21,915.43,13.02,9292000.0,11.3833536
2011-07-24,09292000,51870.55,0.0,700.02,20.18,5.59,867.41,12.885,9292000.0,10.1657312
2011-07-25,09292000,51763.48,0.0,690.01,21.13,6.68,930.75,13.905,9292000.0,9.3162272
2011-07-26,09292000,51654.0,10.29,458.16,16.28,4.68,852.81,10.48,9292000.0,9.8542464
2011-07-27,09292000,51542.18,0.0,640.82,16.24,3.92,808.2,10.079999999999998,9292000.0,9.5993952
2011-07-28,09292000,51428.07,0.0,626.42,15.93,4.06,816.43,9.995,9292000.0,8.2968224
2011-07-29,09292000,51311.73,0.0,684.51,18.41,4.24,793.2,11.325,9292000.0,7.5889024
2011-07-30,09292000,51193.22,0.0,634.84,19.24,6.56,945.03,12.9,9292000.0,7.0225664
2011-07-31,09292000,51072.6,2.78,290.61,14.91,8.28,1092.69,11.595,9292000.0,6.7110816
2011-08-01,09292000,50949.93,0.0,587.09,16.1,5.18,882.84,10.64,9292000.0,6.7393984
2011-08-02,09292000,50825.26,0.0,638.7,16.97,4.48,826.65,10.725,9292000.0,6.37128
2011-08-03,09292000,50698.66,0.0,631.3,17.34,4.89,848.57,11.115,9292000.0,6.0031616
2011-08-04,09292000,50570.17,2.62,468.84,16.32,3.82,802.67,10.07,9292000.0,5.8332608
2011-08-05,09292000,50439.86,0.0,649.27,17.27,3.86,787.55,10.565,9292000.0,5.6916768
2011-08-06,09292000,50307.77,0.0,642.6,17.89,4.43,820.32,11.16,9292000.0,5.1536576
2011-08-07,09292000,50173.97,0.0,645.32,18.45,4.6,823.53,11.525,9292000.0,4.8421728
2011-08-08,09292000,50038.52,0.0,653.65,18.62,4.27,782.26,11.445,9292000.0,4.5023712
2011-08-09,09292000,49901.45,0.0,635.21,18.95,5.07,821.39,12.01,9292000.0,4.1908864
2011-08-10,09292000,49762.83,0.0,637.27,18.34,4.22,777.48,11.28,9292000.0,3.9360352
2011-08-11,09292000,49622.71,0.0,591.14,18.69,5.91,896.21,12.3,9292000.0,3.7661344
2011-08-12,09292000,49481.14,0.0,601.58,18.73,5.35,858.61,12.04,9292000.0,3.6528672
2011-08-13,09292000,49338.17,0.0,641.41,19.61,4.33,779.23,11.97,9292000.0,3.5112832
2011-08-14,09292000,49193.85,3.93,356.34,15.33,5.66,912.95,10.495,9292000.0,3.5112832
2011-08-15,09292000,49048.23,9.38,439.03,17.38,4.15,821.86,10.765,9292000.0,4.1625696
2011-08-16,09292000,48901.36,0.0,592.33,17.07,3.59,774.07,10.33,9292000.0,3.9077184
2011-08-17,09292000,48753.29,0.0,592.65,19.23,5.35,840.42,12.29,9292000.0,3.5396
2011-08-18,09292000,48604.05,0.0,592.83,20.3,6.12,860.11,13.21,9292000.0,3.2847488
2011-08-19,09292000,48453.7,0.0,560.68,18.58,5.65,849.58,12.114999999999998,9292000.0,3.2847488
2011-08-20,09292000,48302.28,6.72,424.67,18.41,4.87,863.82,11.64,9292000.0,3.398016
2011-08-21,09292000,48149.84,0.0,593.83,19.44,4.78,787.69,12.11,9292000.0,4.7855392
2011-08-22,09292000,47996.41,0.0,556.1,19.36,6.08,865.44,12.72,9292000.0,4.1908864
2011-08-23,09292000,47842.04,0.0,558.9,20.44,6.84,905.81,13.64,9292000.0,3.6528672
2011-08-24,09292000,47686.78,0.0,555.47,20.66,7.01,918.86,13.835,9292000.0,3.398016
2011-08-25,09292000,47530.65,5.94,384.32,19.12,6.81,988.37,12.965,9292000.0,3.3696992
2011-08-26,09292000,47373.71,6.82,400.34,19.07,5.83,923.49,12.45,9292000.0,3.7944512
2011-08-27,09292000,47215.98,0.0,512.88,18.96,6.52,940.37,12.74,9292000.0,3.5112832
2011-08-28,09292000,47057.51,7.22,348.98,17.8,6.83,989.8,12.315,9292000.0,3.8510848
2011-08-29,09292000,46898.33,0.0,502.13,17.66,5.54,881.13,11.6,9292000.0,4.5873216
2011-08-30,09292000,46738.48,0.0,506.47,17.77,5.19,858.83,11.48,9292000.0,3.5396
2011-08-31,09292000,46577.99,0.0,473.05,16.98,5.46,898.97,11.22,9292000.0,3.3130656
2011-09-01,09292000,46416.91,0.0,486.96,16.62,4.54,838.46,10.58,9292000.0,2.9166304
2011-09-02,09292000,46255.26,0.0,529.34,16.82,2.94,730.14,9.88,9292000.0,2.66744256
2011-09-03,09292000,46093.07,0.0,556.89,16.45,1.09,631.52,8.77,9292000.0,2.48904672
2011-09-04,09292000,45930.38,0.0,550.19,16.89,1.52,653.35,9.205,9292000.0,2.37011616
2011-09-05,09292000,45767.23,4.02,373.32,17.11,3.76,799.39,10.435,9292000.0,2.25684896
2011-09-06,09292000,45603.64,5.67,323.79,12.45,1.78,694.46,7.114999999999999,9292000.0,2.5201952
2011-09-07,09292000,45439.64,0.0,465.07,12.76,1.03,657.75,6.895,9292000.0,2.26251232
2011-09-08,09292000,45275.26,9.99,370.33,13.62,0.48,632.18,7.05,9292000.0,2.14924512
2011-09-09,09292000,45110.54,0.0,438.52,12.78,1.82,696.32,7.3,9292000.0,2.65611584
2011-09-10,09292000,44945.5,0.0,463.8,13.26,1.3,671.06,7.28,9292000.0,2.17756192
2011-09-11,09292000,44780.17,2.55,280.09,11.49,2.45,728.61,6.970000000000001,9292000.0,2.05013632
2011-09-12,09292000,44614.58,0.0,422.54,11.09,0.67,640.94,5.88,9292000.0,2.01615616
2011-09-13,09292000,44448.77,0.0,473.87,12.97,0.4,628.69,6.6850000000000005,9292000.0,2.09827488
2011-09-14,09292000,44282.75,2.96,285.0,11.32,1.98,704.65,6.65,9292000.0,1.97084928
2011-09-15,09292000,44116.55,0.0,372.01,10.34,1.33,672.36,5.835,9292000.0,1.92837408
2011-09-16,09292000,43950.2,5.03,314.66,10.95,0.34,625.94,5.645,9292000.0,1.9963344
2011-09-17,09292000,43783.74,0.0,364.66,8.13,-0.54,586.93,3.795,9292000.0,2.0246512
2011-09-18,09292000,43617.18,0.0,422.54,11.72,-0.77,577.42,5.4750000000000005,9292000.0,1.89439392
2011-09-19,09292000,43450.55,0.0,443.56,13.43,-0.48,589.92,6.475,9292000.0,1.6848496
2011-09-20,09292000,43283.89,0.0,389.88,12.65,1.41,676.35,7.03,9292000.0,1.54043392
2011-09-21,09292000,43117.21,0.0,430.69,13.28,-0.04,608.71,6.62,9292000.0,1.46114688
2011-09-22,09292000,42950.54,0.0,473.88,15.74,-1.12,562.73,7.31,9292000.0,1.5942358399999998
2011-09-23,09292000,42783.91,0.0,445.7,16.23,1.18,665.31,8.705,9292000.0,1.5291072
2011-09-24,09292000,42617.35,0.0,428.8,16.0,1.84,697.62,8.92,9292000.0,1.486632
2011-09-25,09292000,42450.89,0.0,424.86,16.1,2.0,705.29,9.05,9292000.0,1.4724736
2011-09-26,09292000,42284.54,0.0,397.26,15.11,2.42,727.07,8.765,9292000.0,1.42716672
2011-09-27,09292000,42118.34,0.0,430.69,16.41,1.36,673.63,8.885,9292000.0,1.71882976
2011-09-28,09292000,41952.32,0.0,404.6,16.54,2.9,752.16,9.72,9292000.0,1.8830672
2011-09-29,09292000,41786.5,0.0,413.05,16.34,1.99,704.93,9.165,9292000.0,1.82926528
2011-09-30,09292000,41620.92,0.0,410.63,17.02,2.43,727.63,9.725,9292000.0,1.78962176
2011-10-01,09292000,41455.59,0.0,366.89,15.05,2.93,754.03,8.99,9292000.0,1.42716672
2011-10-02,09292000,41290.54,0.0,337.21,12.32,1.7,690.54,7.01,9292000.0,1.1666521600000002
2011-10-03,09292000,41125.82,0.0,304.35,10.36,1.15,663.82,5.755,9292000.0,1.16382048
2011-10-04,09292000,40961.44,18.28,166.71,7.76,1.44,677.68,4.6,9292000.0,1.29690944
2011-10-05,09292000,40797.44,44.1,98.9,2.18,-1.27,556.57,0.455,9292000.0,2.6589475200000003
2011-10-06,09292000,40633.84,28.25,303.04,2.4,-8.53,321.02,-3.0649999999999995,9292000.0,3.0865312
2011-10-07,09292000,40470.68,8.49,302.39,0.29,-10.55,273.79,-5.130000000000001,9292000.0,2.3786112
2011-10-08,09292000,40307.99,6.88,257.0,3.45,-5.31,411.5,-0.9299999999999996,9292000.0,2.16057184
2011-10-09,09292000,40145.81,0.0,423.08,4.24,-7.62,344.5,-1.69,9292000.0,1.99350272
2011-10-10,09292000,39984.15,0.0,442.9,5.14,-7.97,335.22,-1.415,9292000.0,1.8122752
2011-10-11,09292000,39823.06,0.0,371.18,6.87,-3.31,478.48,1.78,9292000.0,1.80661184
2011-10-12,09292000,39662.57,0.0,419.4,8.27,-4.3,444.31,1.985,9292000.0,1.74431488
2011-10-13,09292000,39502.72,0.0,410.38,10.55,-1.87,532.63,4.34,9292000.0,1.63954272
2011-10-14,09292000,39343.54,0.0,378.09,11.39,0.16,617.73,5.775,9292000.0,1.81510688
2011-10-15,09292000,39185.06,0.0,386.39,13.51,1.49,679.98,7.5,9292000.0,1.91704736
2011-10-16,09292000,39027.33,2.77,298.72,12.42,-0.56,586.3,5.93,9292000.0,2.1350867200000003
2011-10-17,09292000,38870.38,2.83,228.87,5.77,-2.98,490.3,1.3949999999999998,9292000.0,2.34463104
2011-10-18,09292000,38714.24,0.0,388.56,8.45,-4.01,453.95,2.22,9292000.0,1.95669088
2011-10-19,09292000,38558.97,0.0,414.47,11.47,-3.03,488.67,4.220000000000001,9292000.0,1.83209696
2011-10-20,09292000,38404.6,0.0,380.77,9.63,-2.91,492.77,3.3600000000000003,9292000.0,1.7811267199999998
2011-10-21,09292000,38251.17,0.0,375.62,9.71,-2.73,499.74,3.49,9292000.0,1.71033472
2011-10-22,09292000,38098.72,0.0,329.71,8.76,-1.45,549.19,3.655,9292000.0,1.65086944
2011-10-23,09292000,37947.29,0.0,375.14,11.12,-1.56,544.82,4.779999999999999,9292000.0,1.5857408
2011-10-24,09292000,37796.93,0.0,341.04,9.55,-1.34,553.69,4.105,9292000.0,1.5715824
2011-10-25,09292000,37647.69,0.0,324.17,4.52,-5.43,407.84,-0.455,9292000.0,1.52344384
2011-10-26,09292000,37499.61,0.0,346.56,-2.0,-12.88,226.85,-7.44,9292000.0,1.41867168
2011-10-27,09292000,37352.73,0.0,390.62,2.68,-11.1,261.88,-4.21,9292000.0,1.18081056
2011-10-28,09292000,37207.1,0.0,415.67,5.79,-10.99,264.32,-2.6,9292000.0,1.27991936
2011-10-29,09292000,37062.77,0.0,295.01,5.32,-3.79,461.4,0.7650000000000001,9292000.0,1.36203808
2011-10-30,09292000,36919.79,0.0,362.22,9.4,-3.44,473.64,2.9800000000000004,9292000.0,1.26292928
2011-10-31,09292000,36778.21,0.0,336.03,8.15,-3.22,481.68,2.465,9292000.0,1.25443424
2011-11-01,09292000,36638.08,4.26,276.03,1.93,-11.54,252.89,-4.805,9292000.0,1.2685926399999998
2011-11-02,09292000,36499.45,0.0,380.6,-1.54,-16.09,174.22,-8.815,9292000.0,0.92595936
2011-11-03,09292000,36362.38,0.0,355.48,2.93,-10.31,279.0,-3.69,9292000.0,1.09586016
2011-11-04,09292000,36226.91,8.79,211.04,1.5,-8.02,333.95,-3.26,9292000.0,1.15815712
2011-11-05,09292000,36093.1,0.0,344.94,-3.7,-16.55,167.55,-10.125,9292000.0,1.29407776
2011-11-06,09292000,35961.0,3.1,242.73,-3.82,-15.65,180.75,-9.735,9292000.0,1.2459392
2011-11-07,09292000,35830.68,3.53,267.12,-2.65,-17.12,159.7,-9.885,9292000.0,1.2176224
2011-11-08,09292000,35702.18,0.0,365.53,-1.94,-17.54,154.24,-9.74,9292000.0,1.1609888
2011-11-09,09292000,35575.56,0.0,372.57,2.04,-15.01,190.57,-6.484999999999999,9292000.0,1.1043552
2011-11-10,09292000,35450.88,0.0,355.54,5.4,-10.5,274.86,-2.55,9292000.0,1.0194048
2011-11-11,09292000,35328.19,0.0,341.4,5.18,-9.73,292.11,-2.2750000000000004,9292000.0,1.0477216
2011-11-12,09292000,35207.56,14.25,82.79,-3.08,-6.72,369.49,-4.9,9292000.0,1.274256
2011-11-13,09292000,35089.04,0.0,201.98,-0.89,-7.91,336.76,-4.4,9292000.0,1.3025728
2011-11-14,09292000,34972.69,0.0,221.56,-0.04,-7.85,338.55,-3.945,9292000.0,1.274256
2011-11-15,09292000,34858.56,0.0,229.21,-1.99,-10.05,284.7,-6.0200000000000005,9292000.0,1.2884144
2011-11-16,09292000,34746.73,0.0,278.74,-2.07,-12.55,233.16,-7.31,9292000.0,1.29974112
2011-11-17,09292000,34637.23,0.0,321.5,2.52,-11.0,263.98,-4.24,9292000.0,1.3393846399999998
2011-11-18,09292000,34530.14,7.17,178.05,-0.52,-9.15,305.73,-4.835,9292000.0,1.23744416
2011-11-19,09292000,34425.52,0.0,180.73,-5.03,-11.19,260.02,-8.11,9292000.0,1.18081056
2011-11-20,09292000,34323.41,4.01,105.47,-2.67,-7.35,351.91,-5.01,9292000.0,1.16382048
2011-11-21,09292000,34223.88,7.28,236.81,0.22,-12.83,227.8,-6.305,9292000.0,1.20629568
2011-11-22,09292000,34126.99,0.0,339.59,1.54,-13.91,208.67,-6.1850000000000005,9292000.0,1.21195904
2011-11-23,09292000,34032.78,0.0,327.46,4.79,-9.91,287.98,-2.56,9292000.0,1.1751472
2011-11-24,09292000,33941.33,0.0,263.12,1.62,-8.6,319.28,-3.49,9292000.0,1.13833536
2011-11-25,09292000,33852.69,0.0,283.62,-1.15,-12.6,232.13,-6.875,9292000.0,1.0901968
2011-11-26,09292000,33766.9,0.0,308.12,1.3,-12.16,240.63,-5.43,9292000.0,1.0420582399999998
2011-11-27,09292000,33684.02,0.0,327.06,8.97,-7.09,358.88,0.9400000000000004,9292000.0,1.0194048
2011-11-28,09292000,33604.12,0.0,287.45,6.52,-5.93,392.44,0.2949999999999999,9292000.0,1.08453344
2011-11-29,09292000,33527.23,0.0,318.65,6.39,-9.07,307.62,-1.3400000000000003,9292000.0,0.98542464
2011-11-30,09292000,33453.41,0.0,277.12,2.47,-9.39,300.1,-3.46,9292000.0,0.97126624
2011-12-01,09292000,33382.71,0.0,268.3,-3.06,-14.24,203.13,-8.65,9292000.0,0.90896928
2011-12-02,09292000,33315.18,2.75,185.15,-4.54,-14.43,199.95,-9.485,9292000.0,0.8778208
2011-12-03,09292000,33250.86,0.0,293.75,-6.62,-19.56,129.78,-13.09,9292000.0,0.849504
2011-12-04,09292000,33189.79,0.0,290.55,-10.95,-23.74,89.85,-17.345,9292000.0,0.8778208
2011-12-05,09292000,33132.03,0.0,315.86,-10.01,-25.53,76.41,-17.77,9292000.0,0.8778208
2011-12-06,09292000,33077.61,0.0,302.51,-0.08,-14.66,196.07,-7.37,9292000.0,0.849504
2011-12-07,09292000,33026.56,0.0,294.28,3.74,-10.3,279.08,-3.28,9292000.0,0.8211872
2011-12-08,09292000,32978.94,0.0,242.16,-1.63,-11.65,250.67,-6.640000000000001,9292000.0,0.849504
2011-12-09,09292000,32934.76,0.0,277.55,0.9,-11.43,255.05,-5.265,9292000.0,0.9061376
2011-12-10,09292000,32894.07,0.0,308.99,2.88,-12.73,229.69,-4.925000000000001,9292000.0,0.9344544
2011-12-11,09292000,32856.9,0.0,299.91,0.81,-13.68,212.55,-6.435,9292000.0,0.9627712
2011-12-12,09292000,32823.26,8.51,190.23,-4.17,-15.08,189.53,-9.625,9292000.0,0.9627712
2011-12-13,09292000,32793.2,0.0,274.49,-3.65,-16.19,172.67,-9.92,9292000.0,0.991088
2011-12-14,09292000,32766.72,0.0,270.62,-3.93,-16.35,170.45,-10.14,9292000.0,0.991088
2011-12-15,09292000,32743.86,0.0,306.53,-0.82,-17.31,157.21,-9.065,9292000.0,0.991088
2011-12-16,09292000,32724.62,0.0,305.13,0.19,-16.46,168.86,-8.135,9292000.0,0.9627712
2011-12-17,09292000,32709.02,0.0,298.94,6.47,-9.92,287.82,-1.725,9292000.0,0.9344544
2011-12-18,09292000,32697.08,0.0,292.23,5.72,-10.08,284.08,-2.18,9292000.0,0.9344544
2011-12-19,09292000,32688.8,0.0,263.44,0.52,-12.56,232.98,-6.0200000000000005,9292000.0,0.86932576
2011-12-20,09292000,32684.19,0.0,303.16,3.31,-14.52,198.42,-5.605,9292000.0,0.8778208
2011-12-21,09292000,32683.26,0.0,238.72,-4.53,-16.0,175.53,-10.265,9292000.0,0.9061376
2011-12-22,09292000,32686.0,0.0,207.09,-9.16,-18.51,141.93,-13.835,9292000.0,0.849504
2011-12-23,09292000,32692.41,0.0,232.47,-3.11,-13.94,208.07,-8.525,9292000.0,0.849504
2011-12-24,09292000,32702.49,0.0,282.14,1.98,-12.97,225.23,-5.495,9292000.0,0.8778208
2011-12-25,09292000,32716.23,0.0,283.48,6.84,-8.63,318.59,-0.8950000000000005,9292000.0,0.8211872
2011-12-26,09292000,32733.61,0.0,248.9,2.66,-9.57,295.82,-3.455,9292000.0,0.8211872
2011-12-27,09292000,32754.64,0.0,212.82,0.33,-9.36,300.69,-4.515,9292000.0,0.7928704
2011-12-28,09292000,32779.28,0.0,229.29,4.72,-6.01,390.1,-0.645,9292000.0,0.7362368
2011-12-29,09292000,32807.52,5.14,119.1,0.92,-5.86,394.57,-2.47,9292000.0,0.68526656
2011-12-30,09292000,32839.34,0.0,223.5,4.2,-5.82,395.76,-0.81,9292000.0,0.6824348800000001
2011-12-31,09292000,32874.72,0.0,274.64,-2.94,-16.16,173.17,-9.55,9292000.0,0.64562304
2012-01-01,09292000,32913.8,0.0,304.57,3.58,-10.58,273.05,-3.5,9292000.0,0.6512864
2012-01-02,09292000,32956.22,0.0,312.83,6.62,-8.39,324.38,-0.8850000000000002,9292000.0,0.6796032
2012-01-03,09292000,33002.11,0.0,247.8,3.48,-6.64,371.67,-1.5799999999999998,9292000.0,0.64562304
2012-01-04,09292000,33051.44,0.0,312.85,8.22,-6.67,370.75,0.7750000000000004,9292000.0,0.65978144
2012-01-05,09292000,33104.16,0.0,299.22,8.09,-5.46,406.77,1.315,9292000.0,0.6427913599999999
2012-01-06,09292000,33160.24,0.0,258.16,2.09,-8.38,324.85,-3.1450000000000005,9292000.0,0.6427913599999999
2012-01-07,09292000,33219.65,0.0,231.77,-4.38,-13.29,219.51,-8.834999999999999,9292000.0,0.6201379199999999
2012-01-08,09292000,33282.33,0.0,319.74,1.07,-13.56,214.61,-6.245,9292000.0,0.6512864
2012-01-09,09292000,33348.25,0.0,309.97,5.21,-8.61,318.87,-1.6999999999999995,9292000.0,0.6796032
2012-01-10,09292000,33417.36,0.0,344.36,5.86,-11.37,256.37,-2.7549999999999994,9292000.0,0.70792
2012-01-11,09292000,33489.61,0.0,263.63,-6.79,-16.97,161.83,-11.88,9292000.0,0.8211872
2012-01-12,09292000,33564.96,0.0,307.01,-4.46,-17.21,158.48,-10.835,9292000.0,0.9344544
2012-01-13,09292000,33643.35,0.0,286.71,-0.72,-12.15,240.83,-6.4350000000000005,9292000.0,1.0194048
2012-01-14,09292000,33724.73,0.0,293.71,3.72,-8.18,329.87,-2.2299999999999995,9292000.0,0.991088
2012-01-15,09292000,33809.06,0.0,277.84,0.88,-9.89,288.35,-4.505,9292000.0,0.9627712
2012-01-16,09292000,33896.27,0.0,369.91,-7.84,-26.34,70.92,-17.09,9292000.0,0.88348416
2012-01-17,09292000,33986.31,0.0,372.75,-9.78,-28.06,60.52,-18.92,9292000.0,0.9061376
2012-01-18,09292000,34079.13,5.45,213.43,-2.05,-12.8,228.37,-7.425000000000001,9292000.0,0.8778208
2012-01-19,09292000,34174.68,0.0,178.54,1.05,-5.08,418.66,-2.015,9292000.0,0.849504
2012-01-20,09292000,34272.88,4.11,119.9,-0.91,-6.29,381.86,-3.6,9292000.0,0.8778208
2012-01-21,09292000,34373.7,27.84,143.76,-3.82,-10.13,282.96,-6.9750000000000005,9292000.0,0.849504
2012-01-22,09292000,34477.06,0.0,297.56,-4.8,-15.29,186.17,-10.045,9292000.0,0.8211872
2012-01-23,09292000,34582.92,3.68,167.77,-6.93,-14.22,203.4,-10.575,9292000.0,0.7928704
2012-01-24,09292000,34691.2,0.0,329.17,-4.79,-16.61,166.72,-10.7,9292000.0,0.7645535999999999
2012-01-25,09292000,34801.87,0.0,356.28,2.5,-11.08,262.27,-4.29,9292000.0,0.7362368
2012-01-26,09292000,34914.85,7.58,267.08,0.96,-12.42,235.6,-5.73,9292000.0,0.7645535999999999
2012-01-27,09292000,35030.08,0.0,340.55,-6.16,-18.06,147.47,-12.11,9292000.0,0.7362368
2012-01-28,09292000,35147.52,0.0,374.17,-1.55,-15.52,182.61,-8.535,9292000.0,0.70792
2012-01-29,09292000,35267.09,0.0,373.77,4.01,-9.87,288.91,-2.93,9292000.0,0.7362368
2012-01-30,09292000,35388.75,0.0,390.0,1.08,-13.64,213.27,-6.28,9292000.0,0.7362368
2012-01-31,09292000,35512.43,0.0,405.85,-0.41,-16.22,172.25,-8.315,9292000.0,0.7362368
2012-02-01,09292000,35638.08,4.96,271.12,-1.33,-13.7,212.24,-7.515,9292000.0,0.70792
2012-02-02,09292000,35765.64,0.0,306.02,-3.07,-12.52,233.64,-7.795,9292000.0,0.6682764800000001
2012-02-03,09292000,35895.05,0.0,396.47,-3.55,-17.35,156.61,-10.45,9292000.0,0.7362368
2012-02-04,09292000,36026.26,0.0,417.28,-3.06,-18.23,145.34,-10.645,9292000.0,0.70792
2012-02-05,09292000,36159.21,0.0,414.42,-4.0,-18.82,138.29,-11.41,9292000.0,0.7362368
2012-02-06,09292000,36293.85,0.0,427.31,-3.88,-19.72,127.94,-11.8,9292000.0,0.6512864
2012-02-07,09292000,36430.12,0.0,459.65,-2.35,-21.45,110.08,-11.9,9292000.0,0.6796032
2012-02-08,09292000,36567.97,4.52,226.39,-1.32,-10.33,278.56,-5.825,9292000.0,0.70792
2012-02-09,09292000,36707.35,0.0,327.29,-1.85,-11.44,254.86,-6.645,9292000.0,0.7362368
2012-02-10,09292000,36848.2,0.0,389.27,1.0,-11.28,258.24,-5.14,9292000.0,0.70792
2012-02-11,09292000,36990.48,0.0,371.13,-0.1,-11.24,259.01,-5.67,9292000.0,0.63146464
2012-02-12,09292000,37134.14,15.57,225.73,-2.9,-11.14,261.16,-7.0200000000000005,9292000.0,0.64562304
2012-02-13,09292000,37279.12,0.0,420.7,-3.29,-16.14,173.45,-9.715,9292000.0,0.6229696
2012-02-14,09292000,37425.37,0.0,476.24,-1.22,-17.93,149.2,-9.575,9292000.0,0.6512864
2012-02-15,09292000,37572.85,4.61,313.28,-4.43,-16.79,164.21,-10.61,9292000.0,0.6427913599999999
2012-02-16,09292000,37721.52,0.0,507.01,-0.1,-18.74,139.25,-9.42,9292000.0,0.6512864
2012-02-17,09292000,37871.32,0.0,476.62,-1.04,-16.5,168.25,-8.77,9292000.0,0.6512864
2012-02-18,09292000,38022.21,0.0,484.36,0.72,-15.51,182.87,-7.395,9292000.0,0.6796032
2012-02-19,09292000,38174.15,2.58,274.12,-6.83,-16.9,162.72,-11.864999999999998,9292000.0,0.6796032
2012-02-20,09292000,38327.09,4.25,376.22,-3.77,-21.25,111.98,-12.51,9292000.0,0.6796032
2012-02-21,09292000,38481.0,5.76,277.8,-0.08,-10.4,276.91,-5.24,9292000.0,0.6512864
2012-02-22,09292000,38635.82,4.28,277.85,4.0,-6.35,380.06,-1.1749999999999998,9292000.0,0.6569497599999999
2012-02-23,09292000,38791.52,3.68,314.97,-6.01,-17.83,150.41,-11.919999999999998,9292000.0,0.63146464
2012-02-24,09292000,38948.06,0.0,546.71,1.15,-18.75,139.05,-8.8,9292000.0,0.6229696
2012-02-25,09292000,39105.41,0.0,494.61,-2.38,-17.65,152.78,-10.015,9292000.0,0.5946528
2012-02-26,09292000,39263.51,0.0,498.85,-5.72,-21.04,114.08,-13.38,9292000.0,0.566336
2012-02-27,09292000,39422.34,10.49,349.18,-3.08,-16.48,168.54,-9.78,9292000.0,0.5946528
2012-02-28,09292000,39581.86,0.0,426.71,-3.85,-15.29,186.2,-9.57,9292000.0,0.61730624
2012-02-29,09292000,39742.04,13.61,284.13,-5.95,-15.49,183.17,-10.72,9292000.0,0.6796032
2012-03-01,09292000,39902.83,0.0,482.51,-6.98,-19.91,125.82,-13.445,9292000.0,0.6512864
2012-03-02,09292000,40064.2,0.0,338.52,-11.26,-19.21,133.69,-15.235,9292000.0,0.6796032
2012-03-03,09292000,40226.13,0.0,527.34,-0.66,-15.49,183.19,-8.075,9292000.0,0.6512864
2012-03-04,09292000,40388.57,0.0,539.43,6.06,-9.57,295.7,-1.7550000000000003,9292000.0,0.6796032
2012-03-05,09292000,40551.49,0.0,502.13,5.64,-7.82,339.26,-1.0900000000000003,9292000.0,0.6342963199999999
2012-03-06,09292000,40714.87,0.0,443.35,2.05,-8.85,313.09,-3.4,9292000.0,0.60031616
2012-03-07,09292000,40878.67,0.0,537.39,0.85,-13.54,215.1,-6.345,9292000.0,0.59748448
2012-03-08,09292000,41042.87,0.0,595.47,4.8,-13.05,223.78,-4.125,9292000.0,0.6229696
2012-03-09,09292000,41207.42,0.0,607.8,9.1,-10.04,282.17,-0.4699999999999997,9292000.0,0.63146464
2012-03-10,09292000,41372.31,0.0,593.52,8.66,-9.3,301.56,-0.3200000000000003,9292000.0,0.6342963199999999
2012-03-11,09292000,41537.49,0.0,560.68,6.73,-8.97,310.09,-1.12,9292000.0,0.65978144
2012-03-12,09292000,41702.95,0.0,507.56,4.62,-8.49,321.99,-1.935,9292000.0,0.6626131199999999
2012-03-13,09292000,41868.66,0.0,416.93,4.47,-5.54,404.29,-0.5350000000000001,9292000.0,0.67110816
2012-03-14,09292000,42034.58,0.0,456.75,5.28,-5.84,395.26,-0.2799999999999998,9292000.0,0.6824348800000001
2012-03-15,09292000,42200.7,0.0,439.27,6.01,-4.36,442.04,0.8249999999999997,9292000.0,0.6824348800000001
2012-03-16,09292000,42366.97,0.0,438.66,6.99,-3.27,479.96,1.86,9292000.0,0.69659328
2012-03-17,09292000,42533.38,0.0,162.71,0.09,-3.11,485.63,-1.51,9292000.0,0.67677152
2012-03-18,09292000,42699.89,32.8,380.73,-2.6,-13.8,210.48,-8.200000000000001,9292000.0,0.6569497599999999
2012-03-19,09292000,42866.49,6.43,436.93,-5.53,-19.03,135.78,-12.28,9292000.0,0.68809824
2012-03-20,09292000,43033.14,0.0,714.55,1.66,-21.86,106.18,-10.1,9292000.0,0.6512864
2012-03-21,09292000,43199.82,0.0,633.78,6.12,-9.98,278.19,-1.93,9292000.0,0.7645535999999999
2012-03-22,09292000,43366.49,0.0,692.09,10.28,-10.41,250.05,-0.0650000000000003,9292000.0,0.78437536
2012-03-23,09292000,43533.14,0.0,542.29,8.54,-4.04,446.74,2.25,9292000.0,0.93728608
2012-03-24,09292000,43699.74,0.0,492.36,7.84,-3.04,488.01,2.4,9292000.0,1.05904832
2012-03-25,09292000,43866.26,0.0,455.07,7.55,-2.04,525.73,2.755,9292000.0,1.13833536
2012-03-26,09292000,44032.67,6.57,349.73,0.5,-9.01,309.18,-4.255,9292000.0,1.0901968
2012-03-27,09292000,44198.94,0.0,667.29,4.55,-11.84,233.78,-3.645,9292000.0,0.9769296
2012-03-28,09292000,44365.05,0.0,575.73,6.87,-5.68,385.71,0.5950000000000002,9292000.0,1.05338496
2012-03-29,09292000,44530.98,0.0,570.29,6.19,-6.09,376.81,0.0500000000000002,9292000.0,1.21195904
2012-03-30,09292000,44696.68,0.0,563.92,9.14,-3.05,461.4,3.0450000000000004,9292000.0,1.34221632
2012-03-31,09292000,44862.15,0.0,553.13,9.68,-2.09,495.75,3.795,9292000.0,1.58007744
2012-04-01,09292000,45027.33,3.34,494.39,4.77,-10.99,264.26,-3.1100000000000003,9292000.0,1.72166144
2012-04-02,09292000,45192.22,0.0,612.1,1.15,-12.18,240.09,-5.515,9292000.0,1.75847328
2012-04-03,09292000,45356.77,0.0,700.6,6.94,-10.4,249.11,-1.73,9292000.0,1.89439392
2012-04-04,09292000,45520.97,0.0,658.01,8.44,-6.78,331.08,0.8299999999999996,9292000.0,1.47530528
2012-04-05,09292000,45684.77,0.0,410.95,4.63,-3.32,478.17,0.655,9292000.0,1.57441408
2012-04-06,09292000,45848.15,0.0,607.26,-1.99,-14.69,195.69,-8.34,9292000.0,1.88873056
2012-04-07,09292000,46011.08,0.0,750.3,3.8,-15.91,161.32,-6.055,9292000.0,1.80661184
2012-04-08,09292000,46173.52,0.0,701.57,8.65,-7.9,293.07,0.375,9292000.0,1.77263168
2012-04-09,09292000,46335.44,0.0,675.47,10.7,-4.54,374.79,3.08,9292000.0,1.7981168
2012-04-10,09292000,46496.82,0.0,632.13,10.76,-2.7,441.1,4.029999999999999,9292000.0,1.628216
2012-04-11,09292000,46657.61,3.4,462.16,8.38,-4.55,435.73,1.9150000000000005,9292000.0,1.89439392
2012-04-12,09292000,46817.79,2.47,487.38,0.82,-12.96,225.39,-6.07,9292000.0,2.06429472
2012-04-13,09292000,46977.31,7.28,485.61,0.45,-13.14,222.16,-6.345000000000001,9292000.0,1.7924534399999998
2012-04-14,09292000,47136.14,14.96,315.57,0.84,-6.85,365.81,-3.005,9292000.0,1.75280992
2012-04-15,09292000,47294.25,0.0,542.61,1.54,-8.74,315.65,-3.6,9292000.0,1.57724576
2012-04-16,09292000,47451.59,0.0,704.19,5.12,-10.66,259.22,-2.77,9292000.0,1.46964192
2012-04-17,09292000,47608.14,0.0,561.52,5.72,-5.38,409.24,0.1699999999999999,9292000.0,1.486632
2012-04-18,09292000,47763.84,2.84,396.68,4.4,-5.79,396.76,-0.6949999999999998,9292000.0,1.41017664
2012-04-19,09292000,47918.67,3.09,365.57,4.56,-4.35,442.51,0.1049999999999999,9292000.0,1.40734496
2012-04-20,09292000,48072.57,0.0,651.75,9.34,-3.7,428.08,2.82,9292000.0,1.3875232
2012-04-21,09292000,48225.52,0.0,686.97,13.24,-0.86,458.47,6.19,9292000.0,1.63671104
2012-04-22,09292000,48377.46,0.0,738.54,14.76,-1.56,411.03,6.6,9292000.0,2.36162112
2012-04-23,09292000,48528.35,0.0,712.14,15.85,0.55,476.08,8.2,9292000.0,3.5396
2012-04-24,09292000,48678.16,0.0,653.2,14.19,1.02,524.64,7.604999999999999,9292000.0,4.2192032
2012-04-25,09292000,48826.82,0.0,406.61,8.2,1.02,657.4,4.609999999999999,9292000.0,5.8332608
2012-04-26,09292000,48974.31,2.58,421.17,7.99,-2.36,512.81,2.8150000000000004,9292000.0,5.8332608
2012-04-27,09292000,49120.57,0.0,496.53,-0.38,-8.9,311.79,-4.640000000000001,9292000.0,5.5500928
2012-04-28,09292000,49265.55,0.0,764.12,3.42,-13.09,186.96,-4.835,9292000.0,4.8421728
2012-04-29,09292000,49409.2,0.0,726.35,6.46,-8.5,261.73,-1.02,9292000.0,4.5873216
2012-04-30,09292000,49551.49,0.0,707.23,8.84,-5.53,321.46,1.6549999999999998,9292000.0,4.6156384
2012-05-01,09292000,49692.34,0.0,461.21,6.78,-1.16,545.93,2.81,9292000.0,4.813856
2012-05-02,09292000,49831.73,0.0,522.08,9.4,0.28,555.61,4.84,9292000.0,5.5784096
2012-05-03,09292000,49969.58,0.0,511.84,9.72,0.98,586.57,5.3500000000000005,9292000.0,6.1447456
2012-05-04,09292000,50105.86,0.0,617.53,10.36,-0.62,474.43,4.87,9292000.0,5.6067264
2012-05-05,09292000,50240.5,0.0,688.58,4.91,-7.95,278.66,-1.52,9292000.0,7.0508832
2012-05-06,09292000,50373.45,0.0,720.96,5.51,-8.46,259.27,-1.4750000000000003,9292000.0,6.0031616
2012-05-07,09292000,50504.67,0.0,637.2,5.94,-5.26,348.72,0.3400000000000003,9292000.0,4.6439552
2012-05-08,09292000,50634.08,0.0,745.17,9.75,-4.87,312.66,2.44,9292000.0,4.4740544
2012-05-09,09292000,50761.65,0.0,761.71,13.11,-2.37,345.67,5.369999999999999,9292000.0,6.1164288
2012-05-10,09292000,50887.3,0.0,704.33,12.6,-0.63,415.64,5.984999999999999,9292000.0,7.8154368
2012-05-11,09292000,51010.98,0.0,655.22,9.74,-1.9,410.29,3.92,9292000.0,8.0419712
2012-05-12,09292000,51132.65,0.0,698.64,9.67,-3.18,359.33,3.245,9292000.0,6.796032
2012-05-13,09292000,51252.23,0.0,653.21,9.31,-2.13,377.61,3.5900000000000003,9292000.0,6.2013792
2012-05-14,09292000,51369.66,0.0,773.55,13.91,-2.13,311.33,5.890000000000001,9292000.0,6.7393984
2012-05-15,09292000,51484.91,0.0,731.39,14.18,-0.24,371.38,6.97,9292000.0,7.7588032
2012-05-16,09292000,51597.89,0.0,651.21,12.64,0.91,437.05,6.775,9292000.0,7.0792
2012-05-17,09292000,51708.56,0.0,679.36,12.61,0.03,397.27,6.319999999999999,9292000.0,5.521776
2012-05-18,09292000,51816.85,0.0,594.84,8.97,-1.33,414.1,3.82,9292000.0,5.0120736
2012-05-19,09292000,51922.71,0.0,584.43,7.61,-2.45,392.46,2.58,9292000.0,4.3041536
2012-05-20,09292000,52026.08,0.0,721.54,11.93,-2.05,322.56,4.94,9292000.0,4.389104
2012-05-21,09292000,52126.9,0.0,749.02,16.05,0.78,346.89,8.415000000000001,9292000.0,4.7005888
2012-05-22,09292000,52225.11,0.0,630.78,14.44,3.16,467.57,8.8,9292000.0,5.5784096
2012-05-23,09292000,52320.66,0.0,621.82,6.5,-4.21,305.32,1.145,9292000.0,5.66336
2012-05-24,09292000,52413.49,0.0,616.91,4.92,-5.56,278.45,-0.3199999999999998,9292000.0,3.7661344
2012-05-25,09292000,52503.54,4.56,407.36,7.93,-1.19,472.56,3.37,9292000.0,3.114848
2012-05-26,09292000,52590.76,0.0,610.02,6.33,-4.07,314.17,1.13,9292000.0,2.63063072
2012-05-27,09292000,52675.09,0.0,463.92,2.89,-4.5,375.31,-0.8049999999999999,9292000.0,2.09827488
2012-05-28,09292000,52756.48,0.0,727.38,8.32,-5.27,220.0,1.5250000000000004,9292000.0,1.90288896
2012-05-29,09292000,52834.87,0.0,754.94,12.69,-2.09,242.85,5.3,9292000.0,2.04447296
2012-05-30,09292000,52910.23,0.0,644.96,12.3,1.18,312.7,6.74,9292000.0,2.14924512
2012-05-31,09292000,52982.49,0.0,706.06,15.53,2.39,285.49,8.959999999999999,9292000.0,2.51170016
2012-06-01,09292000,53051.6,0.0,684.71,16.7,4.04,325.12,10.37,9292000.0,3.0865312
2012-06-02,09292000,53117.53,0.0,676.6,15.62,3.06,314.51,9.34,9292000.0,3.256432
2012-06-03,09292000,53180.22,0.0,754.83,18.37,2.63,260.8,10.5,9292000.0,2.77787808
2012-06-04,09292000,53239.63,0.0,693.81,18.9,5.45,336.69,12.175,9292000.0,2.9166304
2012-06-05,09292000,53295.72,0.0,720.78,13.83,-0.46,234.06,6.685,9292000.0,2.9449472
2012-06-06,09292000,53348.45,0.0,669.26,9.85,-2.69,238.01,3.58,9292000.0,2.12376
2012-06-07,09292000,53397.78,0.0,738.25,13.84,-1.27,213.47,6.285,9292000.0,1.55459232
2012-06-08,09292000,53443.68,0.0,713.11,16.97,2.74,277.37,9.855,9292000.0,1.66219616
2012-06-09,09292000,53486.11,0.0,783.45,13.39,-4.28,159.88,4.555,9292000.0,2.28799744
2012-06-10,09292000,53525.04,0.0,721.79,8.76,-5.86,177.48,1.4499999999999995,9292000.0,1.911384
2012-06-11,09292000,53560.44,0.0,740.33,12.02,-3.57,187.52,4.225,9292000.0,1.74714656
2012-06-12,09292000,53592.28,0.0,719.59,15.28,0.3,238.3,7.79,9292000.0,1.6140576
2012-06-13,09292000,53620.55,0.0,696.65,17.72,3.53,297.02,10.625,9292000.0,1.46114688
2012-06-14,09292000,53645.21,0.0,667.7,16.96,3.75,323.42,10.355,9292000.0,1.3875232
2012-06-15,09292000,53666.26,0.0,683.84,16.54,2.68,293.26,9.61,9292000.0,1.44982016
2012-06-16,09292000,53683.67,0.0,744.86,17.65,1.01,230.29,9.33,9292000.0,1.51778048
2012-06-17,09292000,53697.43,0.0,717.11,18.9,3.27,273.7,11.085,9292000.0,1.3167312
2012-06-18,09292000,53707.54,0.0,580.0,18.19,7.04,362.23,12.615,9292000.0,1.40734496
2012-06-19,09292000,53713.97,0.0,599.35,14.43,2.87,265.59,8.65,9292000.0,1.34221632
2012-06-20,09292000,53716.74,0.0,662.96,13.84,0.38,219.43,7.11,9292000.0,1.34221632
2012-06-21,09292000,53715.83,0.0,764.07,20.1,1.17,233.23,10.635000000000002,9292000.0,1.08453344
2012-06-22,09292000,53711.24,0.0,656.1,19.59,5.72,328.65,12.655,9292000.0,1.85191872
2012-06-23,09292000,53702.99,0.0,656.1,20.41,6.31,343.33,13.36,9292000.0,2.08694816
2012-06-24,09292000,53691.07,0.0,614.59,21.17,8.23,395.22,14.7,9292000.0,2.01332448
2012-06-25,09292000,53675.5,0.0,602.73,19.81,7.16,365.66,13.485,9292000.0,1.95669088
2012-06-26,09292000,53656.28,0.0,531.43,19.0,8.22,394.98,13.61,9292000.0,2.08411648
2012-06-27,09292000,53633.44,0.0,522.32,18.26,7.75,381.69,13.005,9292000.0,1.9538592
2012-06-28,09292000,53606.99,0.0,531.74,19.47,8.72,409.39,14.095,9292000.0,1.50362208
2012-06-29,09292000,53576.95,0.0,603.29,20.52,7.55,376.22,14.035,9292000.0,1.18364224
2012-06-30,09292000,53543.34,0.0,650.41,21.52,6.67,352.59,14.095,9292000.0,1.3025728
2012-07-01,09292000,53506.18,0.0,607.29,21.02,7.66,379.19,14.34,9292000.0,1.13833536
2012-07-02,09292000,53465.52,0.0,595.75,19.6,6.6,350.69,13.1,9292000.0,1.08736512
2012-07-03,09292000,53421.36,0.0,609.37,20.48,6.96,360.24,13.72,9292000.0,1.30540448
2012-07-04,09292000,53373.76,0.0,594.57,20.48,7.39,371.77,13.935,9292000.0,1.24877088
2012-07-05,09292000,53322.74,3.09,355.26,14.39,4.85,308.22,9.62,9292000.0,1.15532544
2012-07-06,09292000,53268.34,0.0,535.38,14.76,3.69,282.56,9.225,9292000.0,1.52061216
2012-07-07,09292000,53210.6,0.0,506.96,14.85,4.6,302.51,9.725,9292000.0,2.16057184
2012-07-08,09292000,53149.56,0.0,620.35,18.35,4.44,298.82,11.395,9292000.0,1.95102752
2012-07-09,09292000,53085.26,0.0,618.02,18.98,5.16,315.44,12.07,9292000.0,1.36203808
2012-07-10,09292000,53017.74,0.0,611.94,20.2,6.49,347.92,13.345,9292000.0,1.29124608
2012-07-11,09292000,52947.06,0.0,637.39,21.23,6.35,344.47,13.79,9292000.0,1.1666521600000002
2012-07-12,09292000,52873.26,0.0,610.64,21.12,7.27,368.6,14.195,9292000.0,1.3875232
2012-07-13,09292000,52796.4,4.54,421.0,19.02,6.83,356.83,12.925,9292000.0,1.71882976
2012-07-14,09292000,52716.51,25.09,157.86,10.53,6.71,435.56,8.62,9292000.0,2.24835392
2012-07-15,09292000,52633.66,12.05,245.92,11.04,4.85,542.67,7.944999999999999,9292000.0,3.9360352
2012-07-16,09292000,52547.89,8.45,388.52,15.07,4.57,406.29,9.82,9292000.0,3.1714816
2012-07-17,09292000,52459.26,0.0,605.35,16.34,3.27,273.6,9.805,9292000.0,2.51170016
2012-07-18,09292000,52367.82,0.0,599.99,17.71,4.64,303.35,11.175,9292000.0,2.12942336
2012-07-19,09292000,52273.64,0.0,603.3,19.99,6.53,349.07,13.26,9292000.0,1.911384
2012-07-20,09292000,52176.77,0.0,565.15,19.9,7.78,382.36,13.84,9292000.0,1.74431488
2012-07-21,09292000,52077.25,0.0,557.81,18.44,6.73,354.27,12.585,9292000.0,1.6650278399999998
2012-07-22,09292000,51975.16,2.85,391.31,17.21,6.37,467.82,11.79,9292000.0,1.60839424
2012-07-23,09292000,51870.55,2.17,429.07,18.78,6.19,429.97,12.485,9292000.0,1.24877088
2012-07-24,09292000,51763.48,2.88,400.37,17.41,6.09,488.35,11.75,9292000.0,1.01657312
2012-07-25,09292000,51654.0,0.0,568.65,17.59,5.34,319.52,11.465,9292000.0,1.08736512
2012-07-26,09292000,51542.18,0.0,615.15,19.84,5.33,319.39,12.585,9292000.0,1.37053312
2012-07-27,09292000,51428.07,0.0,477.24,17.06,5.8,400.05,11.43,9292000.0,1.32522624
2012-07-28,09292000,51311.73,0.0,524.78,18.51,5.27,333.63,11.89,9292000.0,1.29407776
2012-07-29,09292000,51193.22,4.64,360.63,17.43,5.65,532.08,11.54,9292000.0,1.33655296
2012-07-30,09292000,51072.6,0.0,452.87,17.15,6.65,489.71,11.9,9292000.0,1.39884992
2012-07-31,09292000,50949.93,6.58,362.87,17.89,6.05,576.76,11.97,9292000.0,1.3308896
2012-08-01,09292000,50825.26,3.61,377.4,17.74,5.08,564.41,11.41,9292000.0,1.6423744
2012-08-02,09292000,50698.66,0.0,545.33,19.77,5.31,411.38,12.54,9292000.0,1.51211712
2012-08-03,09292000,50570.17,0.0,505.96,17.72,5.17,456.12,11.445,9292000.0,1.39318656
2012-08-04,09292000,50439.86,0.0,544.95,19.45,4.79,401.48,12.12,9292000.0,1.20629568
2012-08-05,09292000,50307.77,0.0,525.52,19.92,6.08,455.18,13.0,9292000.0,1.1411670399999998
2012-08-06,09292000,50173.97,0.0,495.99,19.2,6.58,506.53,12.89,9292000.0,1.13550368
2012-08-07,09292000,50038.52,0.0,530.34,20.17,5.86,445.18,13.015,9292000.0,1.10718688
2012-08-08,09292000,49901.45,0.0,532.09,21.29,6.75,465.81,14.02,9292000.0,1.0335632
2012-08-09,09292000,49762.83,5.48,374.01,19.58,6.28,638.01,12.93,9292000.0,1.04488992
2012-08-10,09292000,49622.71,4.36,387.34,19.84,5.58,622.35,12.71,9292000.0,1.63671104
2012-08-11,09292000,49481.14,0.0,507.3,18.19,4.8,503.36,11.495,9292000.0,1.45548352
2012-08-12,09292000,49338.17,0.0,551.16,19.93,3.87,428.92,11.9,9292000.0,1.11568192
2012-08-13,09292000,49193.85,0.0,310.35,14.72,7.45,869.04,11.085,9292000.0,1.26292928
2012-08-14,09292000,49048.23,0.0,495.11,18.42,4.97,523.02,11.695,9292000.0,1.51211712
2012-08-15,09292000,48901.36,0.0,511.91,18.9,4.4,487.22,11.65,9292000.0,1.40734496
2012-08-16,09292000,48753.29,0.0,476.64,19.69,6.71,603.11,13.2,9292000.0,1.32805792
2012-08-17,09292000,48604.05,0.0,450.0,19.05,7.14,656.07,13.095,9292000.0,1.26292928
2012-08-18,09292000,48453.7,0.0,494.6,19.32,5.5,543.1,12.41,9292000.0,1.203464
2012-08-19,09292000,48302.28,0.0,503.19,19.72,5.26,525.86,12.489999999999998,9292000.0,1.21479072
2012-08-20,09292000,48149.84,0.0,456.94,17.06,4.74,565.79,10.9,9292000.0,1.22894912
2012-08-21,09292000,47996.41,0.0,532.51,19.18,2.7,423.86,10.94,9292000.0,1.1864739199999998
2012-08-22,09292000,47842.04,0.0,286.37,13.47,6.42,860.77,9.945,9292000.0,1.41300832
2012-08-23,09292000,47686.78,0.0,433.3,16.64,5.04,607.47,10.84,9292000.0,1.22611744
2012-08-24,09292000,47530.65,0.0,487.09,17.92,3.94,488.57,10.93,9292000.0,1.49512704
2012-08-25,09292000,47373.71,0.0,478.47,17.17,3.6,489.82,10.385000000000002,9292000.0,1.67635456
2012-08-26,09292000,47215.98,7.64,326.89,17.97,5.76,734.18,11.864999999999998,9292000.0,1.52344384
2012-08-27,09292000,47057.51,0.0,421.94,17.54,6.08,679.59,11.81,9292000.0,1.21479072
2012-08-28,09292000,46898.33,0.0,444.76,19.16,6.66,673.85,12.91,9292000.0,1.17231552
2012-08-29,09292000,46738.48,0.0,400.01,19.81,8.86,836.83,14.335,9292000.0,1.44132512
2012-08-30,09292000,46577.99,6.51,295.12,16.6,5.81,821.36,11.205,9292000.0,1.77263168
2012-08-31,09292000,46416.91,9.03,294.79,15.06,4.33,772.57,9.695,9292000.0,1.91421568
2012-09-01,09292000,46255.26,15.11,254.23,12.58,3.79,801.1,8.185,9292000.0,2.4607299200000003
2012-09-02,09292000,46093.07,0.0,413.91,13.85,2.61,658.36,8.23,9292000.0,2.52302688
2012-09-03,09292000,45930.38,0.0,448.24,15.7,2.93,641.03,9.315,9292000.0,1.2884144
2012-09-04,09292000,45767.23,0.0,473.67,16.75,2.57,604.62,9.66,9292000.0,1.5291072
2012-09-05,09292000,45603.64,0.0,447.31,16.56,3.58,669.87,10.07,9292000.0,1.37053312
2012-09-06,09292000,45439.64,2.5,338.87,16.46,2.9,721.85,9.68,9292000.0,1.27708768
2012-09-07,09292000,45275.26,0.0,434.15,14.35,1.97,624.68,8.16,9292000.0,1.30823616
2012-09-08,09292000,45110.54,0.0,468.64,15.11,0.88,556.53,7.995,9292000.0,1.27991936
2012-09-09,09292000,44945.5,0.0,485.48,17.27,1.68,569.97,9.475,9292000.0,1.23744416
2012-09-10,09292000,44780.17,7.74,304.19,16.18,4.39,835.66,10.285,9292000.0,1.2176224
2012-09-11,09292000,44614.58,0.0,389.13,12.47,1.76,670.79,7.115,9292000.0,1.42433504
2012-09-12,09292000,44448.77,0.0,462.62,13.7,-0.71,523.06,6.494999999999999,9292000.0,1.2884144
2012-09-13,09292000,44282.75,0.0,473.82,14.96,-0.44,523.86,7.260000000000001,9292000.0,1.2600976
2012-09-14,09292000,44116.55,0.0,474.58,16.83,0.91,569.57,8.87,9292000.0,1.75280992
2012-09-15,09292000,43950.2,0.0,456.91,17.24,2.23,635.3,9.735,9292000.0,1.71599808
2012-09-16,09292000,43783.74,0.0,426.09,15.41,2.08,656.1,8.745000000000001,9292000.0,1.67635456
2012-09-17,09292000,43617.18,0.0,406.78,12.73,0.42,605.28,6.575,9292000.0,1.65086944
2012-09-18,09292000,43450.55,0.0,456.78,15.2,-0.19,545.63,7.505,9292000.0,1.6848496
2012-09-19,09292000,43283.89,0.0,423.63,15.17,1.55,637.74,8.36,9292000.0,1.66219616
2012-09-20,09292000,43117.21,0.0,429.15,15.29,1.31,624.42,8.299999999999999,9292000.0,1.628216
2012-09-21,09292000,42950.54,0.0,434.16,16.27,1.53,628.46,8.9,9292000.0,1.61122592
2012-09-22,09292000,42783.91,0.0,423.77,16.23,1.82,648.79,9.025,9292000.0,1.58857248
2012-09-23,09292000,42617.35,0.0,347.39,13.89,3.2,768.47,8.545,9292000.0,1.5857408
2012-09-24,09292000,42450.89,3.57,217.67,9.53,1.09,661.07,5.31,9292000.0,1.61688928
2012-09-25,09292000,42284.54,9.23,156.29,6.46,0.71,642.9,3.585,9292000.0,1.8689088
2012-09-26,09292000,42118.34,0.0,226.94,6.99,0.74,644.43,3.865,9292000.0,1.87174048
2012-09-27,09292000,41952.32,0.0,329.57,9.9,0.23,620.96,5.065,9292000.0,1.8689088
2012-09-28,09292000,41786.5,0.0,374.77,11.35,-0.38,594.04,5.484999999999999,9292000.0,1.6650278399999998
2012-09-29,09292000,41620.92,0.0,389.46,11.79,-0.89,572.23,5.449999999999999,9292000.0,1.75847328
2012-09-30,09292000,41455.59,0.0,380.13,12.79,0.34,625.75,6.565,9292000.0,1.70750304
2012-10-01,09292000,41290.54,0.0,388.08,13.53,0.33,625.61,6.93,9292000.0,1.19780064
2012-10-02,09292000,41125.82,0.0,378.3,14.71,1.7,690.69,8.205,9292000.0,0.9486128
2012-10-03,09292000,40961.44,0.0,329.82,11.28,0.75,644.74,6.015,9292000.0,0.90330592
2012-10-04,09292000,40797.44,0.0,356.38,10.05,-1.64,541.47,4.205,9292000.0,0.9344544
2012-10-05,09292000,40633.84,0.0,311.74,6.93,-2.71,500.15,2.11,9292000.0,0.9061376
2012-10-06,09292000,40470.68,0.0,361.91,4.4,-7.46,348.96,-1.5299999999999998,9292000.0,1.22328576
2012-10-07,09292000,40307.99,0.0,419.28,7.44,-8.62,318.62,-0.5899999999999994,9292000.0,1.35354304
2012-10-08,09292000,40145.81,0.0,382.22,10.39,-3.31,478.48,3.54,9292000.0,0.89481088
2012-10-09,09292000,39984.15,0.0,355.14,10.99,-1.24,557.68,4.875,9292000.0,0.8806524800000001
2012-10-10,09292000,39823.06,0.0,349.96,11.35,-0.82,575.14,5.265,9292000.0,0.8551673599999999
2012-10-11,09292000,39662.57,0.0,305.48,10.64,0.52,634.23,5.58,9292000.0,0.8551673599999999
2012-10-12,09292000,39502.72,13.72,173.62,4.26,-2.82,496.34,0.72,9292000.0,0.99958304
2012-10-13,09292000,39343.54,5.84,191.36,5.72,-2.16,521.04,1.7799999999999998,9292000.0,1.03639488
2012-10-14,09292000,39185.06,0.0,363.8,8.55,-4.37,441.83,2.0900000000000003,9292000.0,1.01090976
2012-10-15,09292000,39027.33,0.0,363.89,11.52,-1.74,532.96,4.89,9292000.0,0.94011776
2012-10-16,09292000,38870.38,4.74,274.65,10.19,-3.54,470.29,3.325,9292000.0,0.88631584
2012-10-17,09292000,38714.24,0.0,306.28,4.35,-5.7,399.43,-0.6750000000000003,9292000.0,0.89481088
2012-10-18,09292000,38558.97,0.0,327.56,8.74,-2.55,506.41,3.095,9292000.0,0.8211872
2012-10-19,09292000,38404.6,0.0,351.55,11.22,-1.81,534.89,4.705,9292000.0,0.8608307199999999
2012-10-20,09292000,38251.17,0.0,291.09,10.56,0.83,648.47,5.695,9292000.0,0.8778208
2012-10-21,09292000,38098.72,0.0,254.05,7.25,-0.79,576.66,3.23,9292000.0,0.8778208
2012-10-22,09292000,37947.29,13.35,68.66,2.27,-0.19,602.14,1.04,9292000.0,0.9769296
2012-10-23,09292000,37796.93,4.01,113.21,1.63,-2.68,501.27,-0.5250000000000001,9292000.0,1.03073152
2012-10-24,09292000,37647.69,4.75,291.97,-1.54,-14.18,204.04,-7.859999999999999,9292000.0,0.96843456
2012-10-25,09292000,37499.61,4.52,261.17,-4.87,-15.43,184.1,-10.15,9292000.0,0.81835552
2012-10-26,09292000,37352.73,0.0,417.75,-2.02,-17.87,149.98,-9.945,9292000.0,0.81552384
2012-10-27,09292000,37207.1,0.0,357.71,3.02,-8.77,314.95,-2.875,9292000.0,0.94294944
2012-10-28,09292000,37062.77,0.0,347.66,7.29,-4.32,443.56,1.485,9292000.0,0.8919792
2012-10-29,09292000,36919.79,0.0,338.1,8.76,-2.6,504.52,3.08,9292000.0,0.88914752
2012-10-30,09292000,36778.21,0.0,352.12,9.1,-3.27,479.79,2.915,9292000.0,0.88631584
2012-10-31,09292000,36638.08,0.0,338.19,9.1,-2.59,504.64,3.255,9292000.0,0.8806524800000001
2012-11-01,09292000,36499.45,0.0,287.83,6.74,-2.43,510.78,2.155,9292000.0,0.88631584
2012-11-02,09292000,36362.38,0.0,322.15,5.9,-4.98,422.01,0.4599999999999999,9292000.0,0.84384064
2012-11-03,09292000,36226.91,0.0,351.33,6.9,-6.09,387.72,0.4050000000000002,9292000.0,0.7928704
2012-11-04,09292000,36093.1,0.0,277.8,7.04,-2.09,524.05,2.475,9292000.0,0.77588032
2012-11-05,09292000,35961.0,0.0,281.36,9.42,-1.6,543.22,3.91,9292000.0,0.778712
2012-11-06,09292000,35830.68,0.0,301.42,10.11,-2.4,511.96,3.855,9292000.0,0.7617219199999999
2012-11-07,09292000,35702.18,0.0,299.91,10.05,-2.56,505.8,3.745,9292000.0,0.79003872
2012-11-08,09292000,35575.56,0.0,241.37,5.52,-3.35,477.18,1.0849999999999995,9292000.0,0.7815436800000001
2012-11-09,09292000,35450.88,55.07,202.03,-0.36,-8.72,316.32,-4.54,9292000.0,0.7645535999999999
2012-11-10,09292000,35328.19,0.0,350.25,-7.37,-19.85,126.48,-13.61,9292000.0,0.7362368
2012-11-11,09292000,35207.56,0.0,296.58,-9.8,-19.42,131.32,-14.61,9292000.0,0.70792
2012-11-12,09292000,35089.04,0.0,374.49,1.81,-14.49,198.86,-6.34,9292000.0,0.7362368
2012-11-13,09292000,34972.69,0.0,338.16,1.66,-11.26,258.54,-4.8,9292000.0,0.7362368
2012-11-14,09292000,34858.56,0.0,327.91,3.51,-8.92,311.38,-2.705,9292000.0,0.7928704
2012-11-15,09292000,34746.73,0.0,348.43,3.76,-10.58,273.06,-3.41,9292000.0,0.8211872
2012-11-16,09292000,34637.23,0.0,293.77,2.61,-7.99,334.78,-2.6900000000000004,9292000.0,0.83817728
2012-11-17,09292000,34530.14,9.4,102.0,0.86,-3.41,474.8,-1.275,9292000.0,0.86932576
2012-11-18,09292000,34425.52,4.98,147.57,-0.6,-6.86,365.5,-3.73,9292000.0,0.91463264
2012-11-19,09292000,34323.41,0.0,297.19,2.23,-8.56,320.32,-3.165,9292000.0,0.88348416
2012-11-20,09292000,34223.88,0.0,328.39,4.95,-8.52,321.3,-1.7849999999999997,9292000.0,0.82968224
2012-11-21,09292000,34126.99,0.0,262.18,4.61,-4.93,423.35,-0.1599999999999997,9292000.0,0.82968224
2012-11-22,09292000,34032.78,0.0,287.06,3.25,-7.89,337.46,-2.32,9292000.0,0.80419712
2012-11-23,09292000,33941.33,0.0,332.77,7.72,-7.88,337.63,-0.08,9292000.0,0.7645535999999999
2012-11-24,09292000,33852.69,0.0,302.41,6.79,-6.09,387.74,0.3500000000000001,9292000.0,0.7645535999999999
2012-11-25,09292000,33766.9,0.0,315.93,3.96,-10.02,285.39,-3.03,9292000.0,0.7362368
2012-11-26,09292000,33684.02,0.0,311.23,2.75,-10.97,264.76,-4.11,9292000.0,0.70792
2012-11-27,09292000,33604.12,0.0,318.89,6.25,-8.77,314.94,-1.2599999999999998,9292000.0,0.6796032
2012-11-28,09292000,33527.23,0.0,276.49,4.18,-7.3,353.16,-1.56,9292000.0,0.70792
2012-11-29,09292000,33453.41,0.0,241.56,2.34,-7.07,359.42,-2.365,9292000.0,0.70792
2012-11-30,09292000,33382.71,0.0,163.15,1.51,-4.39,441.07,-1.44,9292000.0,0.69942496
2012-12-01,09292000,33315.18,0.0,236.05,2.21,-6.93,363.38,-2.36,9292000.0,0.69659328
2012-12-02,09292000,33250.86,10.18,149.32,-0.33,-7.65,343.65,-3.99,9292000.0,0.6512864
2012-12-03,09292000,33189.79,0.0,307.38,-0.63,-14.48,199.1,-7.555000000000001,9292000.0,0.6512864
2012-12-04,09292000,33132.03,0.0,326.46,4.51,-12.58,232.57,-4.035,9292000.0,0.6512864
2012-12-05,09292000,33077.61,0.0,198.55,3.19,-4.36,442.0,-0.5850000000000002,9292000.0,0.6229696
2012-12-06,09292000,33026.56,0.0,301.29,2.69,-11.31,257.59,-4.3100000000000005,9292000.0,0.6512864
2012-12-07,09292000,32978.94,0.0,246.99,-2.01,-11.89,245.94,-6.95,9292000.0,0.6512864
2012-12-08,09292000,32934.76,6.57,200.74,-7.01,-18.2,145.71,-12.605,9292000.0,0.6512864
2012-12-09,09292000,32894.07,0.0,280.27,-11.42,-23.48,91.96,-17.45,9292000.0,0.6512864
2012-12-10,09292000,32856.9,7.64,108.47,-7.58,-12.8,228.32,-10.19,9292000.0,0.6229696
2012-12-11,09292000,32823.26,0.0,264.01,-2.42,-13.34,218.66,-7.88,9292000.0,0.6229696
2012-12-12,09292000,32793.2,0.0,202.61,-5.17,-12.68,230.57,-8.925,9292000.0,0.6512864
2012-12-13,09292000,32766.72,6.16,105.2,-5.58,-10.45,275.78,-8.015,9292000.0,0.6512864
2012-12-14,09292000,32743.86,7.91,121.33,-3.38,-8.97,310.13,-6.175000000000001,9292000.0,0.6796032
2012-12-15,09292000,32724.62,0.0,257.31,-4.7,-14.4,200.44,-9.55,9292000.0,0.6796032
2012-12-16,09292000,32709.02,1.42,239.58,-7.04,-15.71,179.76,-11.375,9292000.0,0.6512864
2012-12-17,09292000,32697.08,13.81,124.73,-4.83,-10.45,275.92,-7.64,9292000.0,0.6512864
2012-12-18,09292000,32688.8,6.5,170.3,-8.12,-16.17,173.01,-12.145,9292000.0,0.6229696
2012-12-19,09292000,32684.19,0.0,235.26,-13.99,-22.24,102.63,-18.115,9292000.0,0.6229696
2012-12-20,09292000,32683.26,0.0,342.32,-1.25,-20.58,118.74,-10.915,9292000.0,0.6512864
2012-12-21,09292000,32686.0,0.0,311.89,0.73,-13.35,218.4,-6.31,9292000.0,0.6229696
2012-12-22,09292000,32692.41,2.25,214.84,-0.8,-12.65,231.2,-6.7250000000000005,9292000.0,0.6512864
2012-12-23,09292000,32702.49,4.51,154.7,-3.38,-10.54,273.86,-6.959999999999999,9292000.0,0.6512864
2012-12-24,09292000,32716.23,0.0,277.81,-5.25,-15.82,178.2,-10.535,9292000.0,0.6796032
2012-12-25,09292000,32733.61,0.0,312.03,-6.42,-19.53,130.04,-12.975,9292000.0,0.6796032
2012-12-26,09292000,32754.64,7.0,148.56,-9.54,-16.02,175.27,-12.78,9292000.0,0.6512864
2012-12-27,09292000,32779.28,0.0,228.13,-10.96,-18.39,143.37,-14.675,9292000.0,0.6512864
2012-12-28,09292000,32807.52,0.0,315.0,-9.06,-21.4,110.51,-15.23,9292000.0,0.6229696
2012-12-29,09292000,32839.34,0.0,331.24,-5.84,-20.08,124.04,-12.96,9292000.0,0.6229696
2012-12-30,09292000,32874.72,0.0,279.07,-8.95,-18.98,136.41,-13.965,9292000.0,0.6512864
2012-12-31,09292000,0.0,0.0,0.0,0.0,0.0,0.0,0.0,9292000.0,0.6512864
2013-01-01,09292000,32913.8,0.0,256.81,-7.63,-19.49,130.53,-13.56,9292000.0,0.6229696
2013-01-02,09292000,32956.22,0.0,271.39,-5.85,-18.69,139.76,-12.27,9292000.0,0.5946528
2013-01-03,09292000,33002.11,0.0,331.59,1.42,-18.39,143.4,-8.485,9292000.0,0.6229696
2013-01-04,09292000,33051.44,0.0,320.1,4.13,-13.71,212.0,-4.790000000000001,9292000.0,0.5946528
2013-01-05,09292000,33104.16,0.0,312.96,3.75,-12.96,225.49,-4.605,9292000.0,0.5946528
2013-01-06,09292000,33160.24,0.0,284.7,0.14,-13.54,214.98,-6.699999999999999,9292000.0,0.566336
2013-01-07,09292000,33219.65,0.0,316.25,2.41,-14.34,201.45,-5.965,9292000.0,0.6229696
2013-01-08,09292000,33282.33,0.0,241.54,-0.48,-11.1,261.94,-5.79,9292000.0,0.6512864
2013-01-09,09292000,33348.25,0.0,308.13,3.33,-12.24,239.06,-4.455,9292000.0,0.6229696
2013-01-10,09292000,33417.36,8.25,137.51,-5.55,-13.01,224.49,-9.28,9292000.0,0.58898944
2013-01-11,09292000,33489.61,0.0,310.5,-12.94,-27.66,62.77,-20.3,9292000.0,0.5578409599999999
2013-01-12,09292000,33564.96,0.0,296.66,-15.76,-29.18,54.48,-22.47,9292000.0,0.5380192
2013-01-13,09292000,33643.35,0.0,302.55,-18.15,-31.88,42.09,-25.015,9292000.0,0.5380192
2013-01-14,09292000,33724.73,3.08,241.7,-15.57,-31.05,45.57,-23.31,9292000.0,0.5097024
2013-01-15,09292000,33809.06,3.98,234.08,-2.73,-17.26,157.86,-9.995,9292000.0,0.5380192
2013-01-16,09292000,33896.27,0.0,275.28,0.86,-10.86,266.97,-5.0,9292000.0,0.5380192
2013-01-17,09292000,33986.31,0.0,342.73,4.44,-12.66,231.08,-4.109999999999999,9292000.0,0.566336
2013-01-18,09292000,34079.13,0.0,332.22,2.79,-12.85,227.41,-5.029999999999999,9292000.0,0.5380192
2013-01-19,09292000,34174.68,0.0,337.63,5.34,-10.76,269.09,-2.71,9292000.0,0.5380192
2013-01-20,09292000,34272.88,0.0,320.88,2.81,-11.47,254.22,-4.33,9292000.0,0.5380192
2013-01-21,09292000,34373.7,0.0,317.94,4.14,-9.8,290.57,-2.8300000000000005,9292000.0,0.51253408
2013-01-22,09292000,34477.06,0.0,337.03,8.18,-7.35,351.75,0.415,9292000.0,0.55500928
2013-01-23,09292000,34582.92,0.0,288.15,5.86,-5.88,393.98,-0.0099999999999997,9292000.0,0.5436825599999999
2013-01-24,09292000,34691.2,0.0,258.41,0.77,-9.15,305.63,-4.19,9292000.0,0.47572224
2013-01-25,09292000,34801.87,0.0,290.9,1.0,-10.48,275.25,-4.74,9292000.0,0.4813855999999999
2013-01-26,09292000,34914.85,4.0,173.59,-0.39,-8.93,311.09,-4.66,9292000.0,0.48704896
2013-01-27,09292000,35030.08,13.37,137.98,-3.84,-10.29,279.51,-7.065,9292000.0,0.50687072
2013-01-28,09292000,35147.52,0.0,359.36,-7.25,-22.23,102.76,-14.74,9292000.0,0.5097024
2013-01-29,09292000,35267.09,0.0,262.77,-11.89,-21.18,112.72,-16.535,9292000.0,0.5097024
2013-01-30,09292000,35388.75,11.54,196.39,-5.76,-14.96,191.34,-10.36,9292000.0,0.5097024
2013-01-31,09292000,35512.43,0.0,326.54,-0.64,-12.84,227.76,-6.74,9292000.0,0.5238608
2013-02-01,09292000,35638.08,0.0,320.47,-1.27,-12.94,225.84,-7.105,9292000.0,0.5097024
2013-02-02,09292000,35765.64,0.0,404.01,5.0,-12.56,232.98,-3.78,9292000.0,0.5097024
2013-02-03,09292000,35895.05,0.0,352.19,3.23,-9.78,290.9,-3.2749999999999995,9292000.0,0.5097024
2013-02-04,09292000,36026.26,0.0,336.68,0.88,-10.89,266.32,-5.005,9292000.0,0.4813855999999999
2013-02-05,09292000,36159.21,0.0,380.77,5.59,-8.84,313.28,-1.625,9292000.0,0.5097024
2013-02-06,09292000,36293.85,0.0,403.06,-0.78,-16.32,170.83,-8.55,9292000.0,0.5097024
2013-02-07,09292000,36430.12,0.0,428.84,0.08,-17.79,150.94,-8.855,9292000.0,0.5097024
2013-02-08,09292000,36567.97,11.25,146.3,-6.36,-12.13,241.06,-9.245,9292000.0,0.5210291199999999
2013-02-09,09292000,36707.35,3.97,312.69,-4.4,-20.13,123.49,-12.265,9292000.0,0.5210291199999999
2013-02-10,09292000,36848.2,0.0,437.73,-6.03,-23.01,95.86,-14.52,9292000.0,0.5097024
2013-02-11,09292000,36990.48,0.0,446.33,-7.06,-24.48,84.02,-15.77,9292000.0,0.4813855999999999
2013-02-12,09292000,37134.14,0.0,448.1,-2.99,-20.51,119.52,-11.75,9292000.0,0.4813855999999999
2013-02-13,09292000,37279.12,0.0,336.41,-1.94,-12.5,234.11,-7.22,9292000.0,0.4813855999999999
2013-02-14,09292000,37425.37,0.0,327.86,-3.11,-13.08,223.21,-8.095,9292000.0,0.5097024
2013-02-15,09292000,37572.85,0.0,363.56,-1.2,-12.52,233.7,-6.859999999999999,9292000.0,0.5097024
2013-02-16,09292000,37721.52,0.0,412.07,3.69,-9.89,288.47,-3.1000000000000005,9292000.0,0.5380192
2013-02-17,09292000,37871.32,0.0,472.02,0.34,-17.23,158.29,-8.445,9292000.0,0.5380192
2013-02-18,09292000,38022.21,0.0,476.78,-3.39,-20.96,114.88,-12.175,9292000.0,0.5380192
2013-02-19,09292000,38174.15,0.0,438.48,-2.08,-16.43,169.34,-9.255,9292000.0,0.5097024
2013-02-20,09292000,38327.09,0.0,407.15,-2.94,-15.36,185.06,-9.15,9292000.0,0.5380192
2013-02-21,09292000,38481.0,3.55,346.97,-4.32,-19.8,127.08,-12.06,9292000.0,0.566336
2013-02-22,09292000,38635.82,0.0,433.75,-6.96,-20.27,122.03,-13.615,9292000.0,0.566336
2013-02-23,09292000,38791.52,5.51,299.2,-6.08,-17.71,151.97,-11.895,9292000.0,0.5380192
2013-02-24,09292000,38948.06,0.0,424.61,-6.5,-18.99,136.2,-12.745,9292000.0,0.5380192
2013-02-25,09292000,39105.41,0.0,522.19,1.53,-18.09,147.11,-8.28,9292000.0,0.5097024
2013-02-26,09292000,39263.51,0.0,447.58,-9.32,-23.1,95.14,-16.21,9292000.0,0.5097024
2013-02-27,09292000,39422.34,0.0,520.23,-5.17,-23.74,89.81,-14.454999999999998,9292000.0,0.5380192
2013-02-28,09292000,39581.86,5.84,322.52,-2.22,-15.19,187.76,-8.705,9292000.0,0.5380192
2013-03-01,09292000,39742.04,0.0,387.51,3.39,-7.79,339.91,-2.2,9292000.0,0.5097024
2013-03-02,09292000,39902.83,0.0,492.03,8.33,-8.01,330.06,0.1600000000000001,9292000.0,0.50687072
2013-03-03,09292000,40064.2,1.86,387.84,1.58,-9.38,300.23,-3.9,9292000.0,0.51819744
2013-03-04,09292000,40226.13,0.0,485.8,-4.93,-19.75,127.61,-12.34,9292000.0,0.5097024
2013-03-05,09292000,40388.57,0.0,570.61,4.08,-18.1,134.92,-7.010000000000001,9292000.0,0.5097024
2013-03-06,09292000,40551.49,0.0,425.19,1.96,-10.21,281.11,-4.125,9292000.0,0.5097024
2013-03-07,09292000,40714.87,0.0,343.22,2.02,-7.13,357.89,-2.555,9292000.0,0.5210291199999999
2013-03-08,09292000,40878.67,7.01,139.94,-1.3,-5.85,394.86,-3.575,9292000.0,0.51536576
2013-03-09,09292000,41042.87,0.0,440.12,0.2,-11.58,252.08,-5.69,9292000.0,0.5097024
2013-03-10,09292000,41207.42,0.0,508.6,2.54,-12.33,224.0,-4.895,9292000.0,0.50403904
2013-03-11,09292000,41372.31,0.0,306.85,1.26,-6.26,382.65,-2.5,0.0,0.0
2013-03-12,09292000,41537.49,0.0,448.58,4.45,-7.27,338.35,-1.4099999999999997,9292000.0,0.50120736
2013-03-13,09292000,41702.95,0.0,516.42,7.8,-6.62,322.9,0.5899999999999999,9292000.0,0.5097024
2013-03-14,09292000,41868.66,0.0,527.75,10.26,-4.52,362.9,2.87,9292000.0,0.54085088
2013-03-15,09292000,42034.58,0.0,482.76,9.7,-3.02,424.56,3.34,9292000.0,0.58615776
2013-03-16,09292000,42200.7,0.0,416.63,4.55,-5.65,389.51,-0.5500000000000003,9292000.0,0.57483104
2013-03-17,09292000,42366.97,6.16,277.58,-2.76,-11.35,256.77,-7.055,9292000.0,0.54085088
2013-03-18,09292000,42533.38,2.83,269.3,-3.11,-11.21,259.61,-7.16,9292000.0,0.4785539199999999
2013-03-19,09292000,42699.89,0.0,569.03,1.36,-13.87,195.29,-6.255,9292000.0,0.47572224
2013-03-20,09292000,42866.49,2.52,391.09,2.14,-10.79,268.53,-4.324999999999999,9292000.0,0.4813855999999999
2013-03-21,09292000,43033.14,3.94,397.72,-2.94,-15.83,178.02,-9.385,9292000.0,0.495544
2013-03-22,09292000,43199.82,0.0,545.87,-6.4,-19.58,129.52,-12.989999999999998,9292000.0,0.43324704
2013-03-23,09292000,43366.49,0.0,586.24,-8.05,-22.86,97.06,-15.455,9292000.0,0.566336
2013-03-24,09292000,43533.14,0.0,625.85,-7.03,-24.18,83.31,-15.605,9292000.0,0.6229696
2013-03-25,09292000,43699.74,10.35,500.34,-1.63,-22.95,93.96,-12.29,9292000.0,0.70792
2013-03-26,09292000,43866.26,0.0,579.29,4.09,-10.5,230.78,-3.205,9292000.0,0.7362368
2013-03-27,09292000,44032.67,0.0,592.59,5.52,-9.44,242.04,-1.96,9292000.0,0.7362368
2013-03-28,09292000,44198.94,0.0,569.94,6.78,-7.04,290.65,-0.1299999999999999,9292000.0,0.81835552
2013-03-29,09292000,44365.05,0.0,555.07,6.95,-6.02,316.78,0.4650000000000003,9292000.0,0.92879104
2013-03-30,09292000,44530.98,0.0,599.27,6.5,-8.21,258.68,-0.8550000000000004,9292000.0,0.98825632
2013-03-31,09292000,44696.68,0.0,660.73,9.29,-9.24,216.11,0.0249999999999994,9292000.0,1.0477216
2013-04-01,09292000,44862.15,21.68,319.42,4.13,-4.87,425.39,-0.3700000000000001,9292000.0,1.12700864
2013-04-02,09292000,45027.33,0.0,528.91,4.15,-7.58,318.24,-1.715,9292000.0,1.0760384
2013-04-03,09292000,45192.22,0.0,629.74,7.93,-7.83,274.91,0.0499999999999998,9292000.0,1.0703750399999998
2013-04-04,09292000,45356.77,0.0,655.66,9.26,-7.59,268.67,0.835,9292000.0,1.14399872
2013-04-05,09292000,45520.97,0.0,538.73,4.78,-6.9,328.44,-1.06,9292000.0,1.20912736
2013-04-06,09292000,45684.77,0.0,538.39,4.45,-7.21,321.68,-1.38,9292000.0,1.14966208
2013-04-07,09292000,45848.15,2.63,342.45,3.76,-5.78,396.98,-1.0100000000000002,9292000.0,1.11001856
2013-04-08,09292000,46011.08,32.89,334.57,1.52,-7.34,352.03,-2.91,9292000.0,1.18364224
2013-04-09,09292000,46173.52,8.15,451.77,-1.82,-14.81,193.72,-8.315,9292000.0,1.19780064
2013-04-10,09292000,46335.44,4.29,485.92,0.25,-14.67,196.05,-7.21,9292000.0,1.19213728
2013-04-11,09292000,46496.82,4.85,410.77,3.79,-7.59,345.4,-1.9,9292000.0,1.20912736
2013-04-12,09292000,46657.61,0.0,692.89,6.44,-10.33,251.7,-1.945,9292000.0,1.20063232
2013-04-13,09292000,46817.79,7.92,480.71,2.73,-11.49,253.83,-4.38,9292000.0,1.25160256
2013-04-14,09292000,46977.31,4.78,493.08,-1.44,-16.09,174.25,-8.765,9292000.0,1.13550368
2013-04-15,09292000,47136.14,13.27,382.43,-0.16,-10.08,284.19,-5.12,9292000.0,1.42433504
2013-04-16,09292000,47294.25,9.97,456.7,-1.38,-13.9,208.74,-7.640000000000001,9292000.0,1.22894912
2013-04-17,09292000,47451.59,4.21,448.63,-4.55,-16.69,165.6,-10.62,9292000.0,1.15815712
2013-04-18,09292000,47608.14,0.0,711.63,-3.11,-19.21,133.68,-11.16,9292000.0,1.132672
2013-04-19,09292000,47763.84,3.48,508.64,3.04,-11.93,245.13,-4.445,9292000.0,1.10718688
2013-04-20,09292000,47918.67,3.65,451.63,4.08,-8.2,329.28,-2.06,9292000.0,1.18364224
2013-04-21,09292000,48072.57,1.65,717.45,5.87,-10.49,265.32,-2.31,9292000.0,1.132672
2013-04-22,09292000,48225.52,2.91,487.12,1.76,-11.82,247.23,-5.03,9292000.0,1.1609888
2013-04-23,09292000,48377.46,0.0,726.09,-0.42,-16.57,167.33,-8.495000000000001,9292000.0,1.1043552
2013-04-24,09292000,48528.35,0.0,770.77,3.64,-14.88,187.94,-5.62,9292000.0,1.0194048
2013-04-25,09292000,48678.16,0.0,774.33,7.55,-11.48,235.55,-1.9650000000000003,9292000.0,0.9627712
2013-04-26,09292000,48826.82,0.0,729.62,8.87,-7.74,317.07,0.5649999999999995,9292000.0,1.0194048
2013-04-27,09292000,48974.31,0.0,741.96,10.56,-6.73,331.46,1.915,9292000.0,1.1043552
2013-04-28,09292000,49120.57,0.0,600.72,12.23,0.0,567.45,6.115,9292000.0,1.2176224
2013-04-29,09292000,49265.55,0.0,578.38,10.66,-0.82,548.53,4.92,9292000.0,1.3308896
2013-04-30,09292000,49409.2,0.0,693.17,6.42,-8.22,306.72,-0.9000000000000004,9292000.0,1.41584
2013-05-01,09292000,49551.49,0.0,587.8,-1.42,-12.68,230.71,-7.05,9292000.0,1.274256
2013-05-02,09292000,49692.34,0.0,763.95,4.8,-13.0,201.47,-4.1,9292000.0,1.3025728
2013-05-03,09292000,49831.73,0.0,727.39,9.0,-7.19,306.88,0.9049999999999998,9292000.0,1.4724736
2013-05-04,09292000,49969.58,0.0,661.29,8.23,-5.36,369.59,1.435,9292000.0,1.7641366399999998
2013-05-05,09292000,50105.86,0.0,596.92,9.13,-2.63,466.75,3.2500000000000004,9292000.0,1.74431488
2013-05-06,09292000,50240.5,6.66,363.47,6.84,-2.2,519.7,2.32,9292000.0,1.89156224
2013-05-07,09292000,50373.45,2.95,445.88,6.87,-4.82,427.14,1.025,9292000.0,2.0784531200000003
2013-05-08,09292000,50504.67,4.7,464.92,6.71,-5.75,397.92,0.48,9292000.0,2.0104928
2013-05-09,09292000,50634.08,0.0,542.21,8.43,-1.92,524.14,3.255,9292000.0,1.91704736
2013-05-10,09292000,50761.65,0.0,681.6,11.0,-3.25,414.7,3.875,9292000.0,1.69617632
2013-05-11,09292000,50887.3,0.0,680.05,11.66,-2.61,427.33,4.525,9292000.0,1.26292928
2013-05-12,09292000,51010.98,0.0,695.03,14.43,-0.46,480.52,6.984999999999999,9292000.0,1.65936448
2013-05-13,09292000,51132.65,0.0,709.05,16.76,1.13,520.59,8.945,9292000.0,2.8599968
2013-05-14,09292000,51252.23,0.0,666.54,16.19,2.1,578.68,9.145,9292000.0,4.1908864
2013-05-15,09292000,51369.66,0.0,654.3,14.55,0.84,541.41,7.695,9292000.0,6.2580128
2013-05-16,09292000,51484.91,0.0,623.35,12.79,0.07,532.1,6.43,9292000.0,6.4279136
2013-05-17,09292000,51597.89,0.0,549.28,10.38,-0.29,557.57,5.045000000000001,9292000.0,7.5322688
2013-05-18,09292000,51708.56,4.86,385.23,6.9,-2.77,497.99,2.0650000000000004,9292000.0,7.1924672
2013-05-19,09292000,51816.85,0.0,553.67,5.98,-4.41,430.53,0.7850000000000001,9292000.0,6.0597952
2013-05-20,09292000,51922.71,6.03,392.8,7.07,-2.69,501.18,2.1900000000000004,9292000.0,5.7483104
2013-05-21,09292000,52026.08,0.0,692.69,9.64,-4.6,379.4,2.5200000000000005,9292000.0,5.4085088
2013-05-22,09292000,52126.9,0.0,638.74,11.14,-1.47,487.48,4.835,9292000.0,5.9748448
2013-05-23,09292000,52225.11,0.0,523.13,11.96,2.32,682.08,7.140000000000001,9292000.0,8.6649408
2013-05-24,09292000,52320.66,0.0,631.43,10.96,-1.11,498.32,4.925000000000001,9292000.0,9.8825632
2013-05-25,09292000,52413.49,0.0,616.02,12.47,0.93,567.18,6.7,9292000.0,10.2223648
2013-05-26,09292000,52503.54,0.0,652.59,12.57,0.12,519.98,6.345,9292000.0,11.1285024
2013-05-27,09292000,52590.76,0.0,545.97,10.43,0.89,604.53,5.66,9292000.0,10.5338496
2013-05-28,09292000,52675.09,8.32,337.76,5.04,-2.41,511.72,1.315,9292000.0,10.2789984
2013-05-29,09292000,52756.48,0.0,554.2,5.94,-3.5,461.28,1.2200000000000002,9292000.0,7.1358336
2013-05-30,09292000,52834.87,0.0,492.92,5.15,-2.9,493.32,1.1250000000000002,9292000.0,5.7199936
2013-05-31,09292000,52910.23,0.0,524.6,6.34,-2.3,505.27,2.02,9292000.0,5.0687072
2013-06-01,09292000,52982.49,0.0,762.94,11.54,-4.12,356.93,3.71,9292000.0,4.8988064
2013-06-02,09292000,53051.6,0.0,754.44,15.45,-0.09,458.68,7.68,9292000.0,6.512864
2013-06-03,09292000,53117.53,0.0,623.49,13.22,2.24,611.35,7.73,9292000.0,8.8065248
2013-06-04,09292000,53180.22,0.0,715.06,13.87,-0.01,482.75,6.93,9292000.0,8.0986048
2013-06-05,09292000,53239.63,0.0,723.82,14.03,-0.37,466.11,6.83,9292000.0,8.5799904
2013-06-06,09292000,53295.72,0.0,707.97,15.05,1.06,517.48,8.055,9292000.0,8.8631584
2013-06-07,09292000,53348.45,0.0,635.93,15.41,3.66,642.25,9.535,9292000.0,9.5144448
2013-06-08,09292000,53397.78,0.0,587.03,16.47,5.86,772.17,11.165,9292000.0,9.91088
2013-06-09,09292000,53443.68,0.0,685.41,20.05,6.33,711.11,13.19,9292000.0,9.8259296
2013-06-10,09292000,53486.11,0.0,682.17,20.11,6.43,717.37,13.27,9292000.0,9.2879104
2013-06-11,09292000,53525.04,0.0,598.17,14.16,3.39,656.06,8.775,9292000.0,8.636624
2013-06-12,09292000,53560.44,0.0,670.08,16.1,3.22,600.44,9.66,9292000.0,6.5978144
2013-06-13,09292000,53592.28,0.0,698.33,17.29,3.27,581.66,10.28,9292000.0,5.804944
2013-06-14,09292000,53620.55,0.0,692.89,14.51,0.84,505.18,7.675,9292000.0,5.5500928
2013-06-15,09292000,53645.21,0.0,734.51,15.81,0.1,457.16,7.955,9292000.0,4.530688
2013-06-16,09292000,53666.26,0.0,677.51,16.76,3.22,580.39,9.99,9292000.0,4.0209856
2013-06-17,09292000,53683.67,0.0,703.83,17.02,2.21,521.45,9.615,9292000.0,3.7944512
2013-06-18,09292000,53697.43,0.0,676.99,17.67,3.68,588.77,10.675,9292000.0,3.5679168
2013-06-19,09292000,53707.54,0.0,658.99,14.69,1.37,518.9,8.03,9292000.0,3.1431648
2013-06-20,09292000,53713.97,0.0,695.53,13.46,-1.2,417.57,6.130000000000001,9292000.0,3.4263328
2013-06-21,09292000,53716.74,0.0,635.57,14.87,2.22,553.85,8.545,9292000.0,3.114848
2013-06-22,09292000,53715.83,0.0,606.35,13.59,1.77,557.65,7.68,9292000.0,2.9449472
2013-06-23,09292000,53711.24,0.0,714.56,15.84,-0.26,428.01,7.79,9292000.0,2.77221472
2013-06-24,09292000,53702.99,0.0,601.57,15.4,3.45,597.44,9.425,9292000.0,2.548512
2013-06-25,09292000,53691.07,0.0,631.6,15.49,2.56,544.63,9.025,9292000.0,2.4494032
2013-06-26,09292000,53675.5,0.0,661.59,20.09,5.57,623.16,12.83,9292000.0,2.36162112
2013-06-27,09292000,53656.28,0.0,657.72,21.72,6.87,674.75,14.295,9292000.0,2.40975968
2013-06-28,09292000,53633.44,0.0,578.21,20.91,8.63,833.54,14.77,9292000.0,2.4494032
2013-06-29,09292000,53606.99,0.0,637.4,22.01,7.41,714.63,14.71,9292000.0,2.28799744
2013-06-30,09292000,53576.95,0.0,654.21,21.99,6.39,655.15,14.19,9292000.0,2.2766707200000003
2013-07-01,09292000,53543.34,0.0,644.54,21.81,6.68,604.38,14.245,9292000.0,2.10676992
2013-07-02,09292000,53506.18,0.0,629.9,21.57,6.95,629.12,14.26,9292000.0,1.95669088
2013-07-03,09292000,53465.52,0.0,604.72,21.74,7.85,689.66,14.794999999999998,9292000.0,1.86324544
2013-07-04,09292000,53421.36,0.0,464.27,16.99,7.37,824.47,12.18,9292000.0,1.84625536
2013-07-05,09292000,53373.76,0.0,588.96,19.43,6.21,643.48,12.82,9292000.0,1.85191872
2013-07-06,09292000,53322.74,5.21,414.64,18.55,6.22,802.45,12.385,9292000.0,1.7556416
2013-07-07,09292000,53268.34,6.69,455.26,18.85,4.48,684.4,11.665,9292000.0,1.99916608
2013-07-08,09292000,53210.6,0.0,603.49,18.26,4.37,484.37,11.315,9292000.0,2.15774016
2013-07-09,09292000,53149.56,0.0,601.02,20.72,6.72,517.21,13.72,9292000.0,1.67352288
2013-07-10,09292000,53085.26,0.0,636.87,22.02,6.36,447.4,14.19,9292000.0,1.39884992
2013-07-11,09292000,53017.74,0.0,579.15,20.73,7.26,508.98,13.995,9292000.0,1.81510688
2013-07-12,09292000,52947.06,12.47,239.59,14.09,7.45,976.57,10.77,9292000.0,2.42674976
2013-07-13,09292000,52873.26,4.95,319.34,14.86,5.84,786.86,10.35,9292000.0,2.8883136
2013-07-14,09292000,52796.4,0.0,563.62,17.85,5.09,492.54,11.47,9292000.0,2.6589475200000003
2013-07-15,09292000,52716.51,0.0,508.3,18.96,7.95,569.69,13.455,9292000.0,2.17473024
2013-07-16,09292000,52633.66,0.0,514.62,20.0,8.83,518.25,14.415,9292000.0,1.76130496
2013-07-17,09292000,52547.89,14.08,420.92,19.85,6.91,535.32,13.38,9292000.0,2.21154208
2013-07-18,09292000,52459.26,0.0,507.9,18.14,7.12,546.54,12.63,9292000.0,2.72124448
2013-07-19,09292000,52367.82,0.0,590.94,20.69,6.74,417.69,13.715,9292000.0,1.74714656
2013-07-20,09292000,52273.64,0.0,559.66,20.84,8.02,461.11,14.43,9292000.0,1.35637472
2013-07-21,09292000,52176.77,0.0,590.84,21.06,6.92,388.66,13.989999999999998,9292000.0,1.32805792
2013-07-22,09292000,52077.25,0.0,593.3,21.82,7.37,374.85,14.595,9292000.0,1.67352288
2013-07-23,09292000,51975.16,0.0,584.64,22.26,8.04,398.78,15.15,9292000.0,1.54043392
2013-07-24,09292000,51870.55,12.54,338.74,16.97,5.5,625.22,11.235,9292000.0,1.63104768
2013-07-25,09292000,51763.48,0.0,488.09,18.59,5.91,532.32,12.25,9292000.0,1.56875072
2013-07-26,09292000,51654.0,0.0,527.95,19.98,5.51,473.45,12.745,9292000.0,1.60273088
2013-07-27,09292000,51542.18,0.0,380.43,14.84,5.85,671.48,10.345,9292000.0,1.51211712
2013-07-28,09292000,51428.07,0.0,453.48,15.03,3.88,516.87,9.455,9292000.0,1.63671104
2013-07-29,09292000,51311.73,5.53,310.58,13.99,4.01,674.19,9.0,9292000.0,1.5829091199999998
2013-07-30,09292000,51193.22,0.0,514.26,17.13,3.7,473.35,10.415,9292000.0,1.60556256
2013-07-31,09292000,51072.6,0.0,509.12,18.81,5.55,532.82,12.18,9292000.0,1.42716672
2013-08-01,09292000,50949.93,4.36,347.63,18.31,6.59,758.68,12.45,9292000.0,1.39884992
2013-08-02,09292000,50825.26,0.0,495.8,17.4,4.8,548.28,11.1,9292000.0,1.40734496
2013-08-03,09292000,50698.66,0.0,515.95,18.9,5.17,536.94,12.035,9292000.0,1.25726592
2013-08-04,09292000,50570.17,0.0,467.24,19.51,7.72,688.38,13.615,9292000.0,1.1864739199999998
2013-08-05,09292000,50439.86,2.6,338.87,18.05,6.65,767.96,12.35,9292000.0,1.2176224
2013-08-06,09292000,50307.77,0.0,475.67,17.33,5.44,563.13,11.385,9292000.0,1.19213728
2013-08-07,09292000,50173.97,0.0,497.56,17.74,5.02,501.97,11.38,9292000.0,1.15815712
2013-08-08,09292000,50038.52,0.0,456.0,16.29,5.2,558.22,10.745,9292000.0,1.25443424
2013-08-09,09292000,49901.45,2.59,369.69,15.69,3.02,564.11,9.355,9292000.0,1.29690944
2013-08-10,09292000,49762.83,0.0,487.72,14.4,2.29,455.22,8.345,9292000.0,1.27708768
2013-08-11,09292000,49622.71,0.0,490.91,15.14,2.66,461.58,8.9,9292000.0,1.2317808
2013-08-12,09292000,49481.14,6.14,326.4,14.79,4.01,668.56,9.4,9292000.0,1.29690944
2013-08-13,09292000,49338.17,0.0,499.25,15.74,2.67,479.57,9.205,9292000.0,1.31106784
2013-08-14,09292000,49193.85,0.0,528.87,18.08,3.27,465.34,10.675,9292000.0,1.2884144
2013-08-15,09292000,49048.23,0.0,533.53,20.04,4.62,497.25,12.33,9292000.0,1.20629568
2013-08-16,09292000,48901.36,0.0,510.46,20.18,5.84,562.26,13.01,9292000.0,1.15532544
2013-08-17,09292000,48753.29,0.0,480.21,19.82,6.81,608.97,13.315,9292000.0,1.1185136
2013-08-18,09292000,48604.05,0.0,488.75,19.05,5.69,561.99,12.37,9292000.0,1.09302848
2013-08-19,09292000,48453.7,0.0,471.15,19.41,6.78,588.09,13.095,9292000.0,1.15532544
2013-08-20,09292000,48302.28,7.27,319.59,17.92,6.79,785.2,12.355,9292000.0,1.60556256
2013-08-21,09292000,48149.84,0.0,487.11,18.14,4.83,546.66,11.485,9292000.0,1.41867168
2013-08-22,09292000,47996.41,0.0,337.28,14.1,6.05,781.78,10.075,9292000.0,1.12700864
2013-08-23,09292000,47842.04,9.74,242.94,13.13,5.4,867.94,9.265,9292000.0,1.12417696
2013-08-24,09292000,47686.78,0.0,438.68,14.91,3.77,609.84,9.34,9292000.0,1.3648697600000002
2013-08-25,09292000,47530.65,0.0,391.22,13.23,3.79,661.67,8.51,9292000.0,1.2459392
2013-08-26,09292000,47373.71,4.59,130.69,9.46,5.63,910.95,7.545,9292000.0,1.18081056
2013-08-27,09292000,47215.98,0.0,302.29,12.58,5.68,840.06,9.13,9292000.0,1.37902816
2013-08-28,09292000,47057.51,2.35,322.23,16.05,5.11,770.72,10.58,9292000.0,1.2884144
2013-08-29,09292000,46898.33,0.0,480.83,18.39,5.46,625.94,11.925,9292000.0,1.33655296
2013-08-30,09292000,46738.48,2.85,354.14,19.24,6.2,788.65,12.72,9292000.0,1.32805792
2013-08-31,09292000,46577.99,0.0,475.68,18.8,5.87,661.78,12.335,9292000.0,2.27100736
2013-09-01,09292000,46416.91,0.0,390.19,15.85,6.26,783.92,11.055,9292000.0,1.8972256
2013-09-02,09292000,46255.26,3.8,247.54,15.35,7.46,1030.66,11.405,9292000.0,1.83209696
2013-09-03,09292000,46093.07,0.0,442.95,17.69,6.21,736.14,11.95,9292000.0,1.78679008
2013-09-04,09292000,45930.38,0.0,456.19,19.11,6.85,748.57,12.98,9292000.0,1.5659190399999998
2013-09-05,09292000,45767.23,4.55,328.6,18.38,6.56,875.59,12.47,9292000.0,1.47530528
2013-09-06,09292000,45603.64,0.0,425.12,17.83,6.79,805.49,12.31,9292000.0,1.39035488
2013-09-07,09292000,45439.64,0.0,459.79,18.28,5.64,712.7,11.96,9292000.0,1.31106784
2013-09-08,09292000,45275.26,7.73,205.99,9.52,3.21,768.91,6.365,9292000.0,1.46114688
2013-09-09,09292000,45110.54,4.43,293.38,12.59,2.82,747.8,7.705,9292000.0,1.91421568
2013-09-10,09292000,44945.5,0.0,244.69,9.81,4.34,832.6,7.075,9292000.0,1.81793856
2013-09-11,09292000,44780.17,27.14,244.18,11.02,3.44,781.66,7.229999999999999,9292000.0,2.82318496
2013-09-12,09292000,44614.58,21.81,247.73,10.14,2.53,732.49,6.335,9292000.0,3.7661344
2013-09-13,09292000,44448.77,11.08,181.45,8.82,3.59,790.04,6.205,9292000.0,4.1342528
2013-09-14,09292000,44282.75,12.28,225.12,9.74,3.21,769.07,6.475,9292000.0,4.4174208
2013-09-15,09292000,44116.55,13.34,206.04,9.07,3.28,772.68,6.175,9292000.0,4.3324704
2013-09-16,09292000,43950.2,8.25,340.01,13.92,2.1,710.74,8.01,9292000.0,3.6245504
2013-09-17,09292000,43783.74,20.65,157.6,8.48,4.24,826.59,6.36,9292000.0,7.4190016
2013-09-18,09292000,43617.18,11.28,349.48,11.16,-1.06,565.0,5.05,9292000.0,10.6471168
2013-09-19,09292000,43450.55,0.0,475.51,10.28,-2.5,508.28,3.89,9292000.0,6.512864
2013-09-20,09292000,43283.89,0.0,492.82,12.95,-1.72,538.51,5.614999999999999,9292000.0,5.3518752
2013-09-21,09292000,43117.21,3.84,310.23,12.32,2.02,706.62,7.17,9292000.0,4.5590048
2013-09-22,09292000,42950.54,14.91,221.1,5.87,-0.49,589.42,2.69,9292000.0,5.0687072
2013-09-23,09292000,42783.91,0.0,435.52,8.71,-2.41,511.61,3.1500000000000004,9292000.0,5.2669248
2013-09-24,09292000,42617.35,0.0,434.21,9.51,-1.78,536.13,3.865,9292000.0,4.5590048
2013-09-25,09292000,42450.89,4.34,233.56,4.62,-2.39,512.34,1.115,9292000.0,4.0776192
2013-09-26,09292000,42284.54,8.9,182.36,2.02,-3.24,481.06,-0.6100000000000001,9292000.0,3.9360352
2013-09-27,09292000,42118.34,5.69,307.38,-0.02,-8.65,318.0,-4.335,9292000.0,3.964352
2013-09-28,09292000,41952.32,0.0,534.78,6.69,-8.57,319.91,-0.94,9292000.0,3.681184
2013-09-29,09292000,41786.5,0.0,450.44,9.23,-1.27,556.46,3.98,9292000.0,3.7095008
2013-09-30,09292000,41620.92,0.0,439.49,11.29,0.99,656.28,6.14,9292000.0,4.3324704
2013-10-01,09292000,41455.59,0.0,416.84,12.26,0.65,639.95,6.455,9292000.0,4.24752
2013-10-02,09292000,41290.54,2.63,272.47,10.23,0.91,652.38,5.57,9292000.0,4.1342528
2013-10-03,09292000,41125.82,4.78,365.76,3.06,-9.99,286.21,-3.465,9292000.0,4.1342528
2013-10-04,09292000,40961.44,2.56,267.17,-2.29,-9.82,290.07,-6.055,9292000.0,4.0493024
2013-10-05,09292000,40797.44,0.0,498.65,6.11,-8.03,333.67,-0.9599999999999996,9292000.0,3.8794016
2013-10-06,09292000,40633.84,0.0,485.06,12.11,-1.97,528.46,5.069999999999999,9292000.0,3.7661344
2013-10-07,09292000,40470.68,0.0,463.03,12.14,-0.75,578.39,5.695,9292000.0,3.7378176
2013-10-08,09292000,40307.99,0.0,366.42,8.02,-0.59,585.06,3.715,9292000.0,3.1714816
2013-10-09,09292000,40145.81,0.0,236.25,5.02,-0.64,582.73,2.19,9292000.0,2.06146304
2013-10-10,09292000,39984.15,19.69,173.47,2.12,-3.44,473.95,-0.6599999999999999,9292000.0,2.39843296
2013-10-11,09292000,39823.06,0.0,413.2,5.32,-7.92,336.62,-1.2999999999999998,9292000.0,3.0015808
2013-10-12,09292000,39662.57,3.51,336.83,3.99,-9.1,306.91,-2.555,9292000.0,2.9166304
2013-10-13,09292000,39502.72,11.97,207.76,1.84,-4.59,434.44,-1.375,9292000.0,2.9166304
2013-10-14,09292000,39343.54,4.25,322.75,0.89,-11.49,253.83,-5.3,9292000.0,2.973264
2013-10-15,09292000,39185.06,3.21,338.35,0.54,-13.78,210.82,-6.619999999999999,9292000.0,2.8599968
2013-10-16,09292000,39027.33,0.0,468.61,3.83,-12.65,231.29,-4.41,9292000.0,2.58249216
2013-10-17,09292000,38870.38,0.0,405.97,3.79,-8.32,326.21,-2.265,9292000.0,2.59665056
2013-10-18,09292000,38714.24,0.0,385.19,3.09,-8.11,331.54,-2.51,9292000.0,2.8883136
2013-10-19,09292000,38558.97,0.0,418.79,7.15,-6.41,378.34,0.3700000000000001,9292000.0,3.0298976
2013-10-20,09292000,38404.6,0.0,356.22,5.11,-5.04,420.13,0.0350000000000001,9292000.0,2.79769984
2013-10-21,09292000,38251.17,0.0,415.47,6.74,-7.02,361.04,-0.1399999999999996,9292000.0,2.22853216
2013-10-22,09292000,38098.72,0.0,392.02,10.11,-2.83,495.72,3.64,9292000.0,2.2058787200000003
2013-10-23,09292000,37947.29,0.0,398.87,10.68,-3.11,485.65,3.785,9292000.0,2.20304704
2013-10-24,09292000,37796.93,0.0,388.77,9.77,-3.55,470.01,3.11,9292000.0,2.19738368
2013-10-25,09292000,37647.69,0.0,356.28,9.01,-2.68,501.42,3.165,9292000.0,2.194552
2013-10-26,09292000,37499.61,0.0,361.64,8.85,-3.59,468.4,2.63,9292000.0,2.0671264
2013-10-27,09292000,37352.73,4.89,225.03,6.51,-3.07,487.21,1.72,9292000.0,2.06429472
2013-10-28,09292000,37207.1,14.04,176.48,1.66,-5.29,412.12,-1.815,9292000.0,2.194552
2013-10-29,09292000,37062.77,5.65,258.29,-0.25,-11.71,249.43,-5.98,9292000.0,2.23985888
2013-10-30,09292000,36919.79,0.0,363.26,-1.09,-13.78,210.84,-7.435,9292000.0,2.08411648
2013-10-31,09292000,36778.21,0.0,387.55,2.46,-12.62,231.83,-5.08,9292000.0,2.08411648
2013-11-01,09292000,36638.08,0.0,331.26,4.8,-6.74,368.82,-0.9700000000000002,9292000.0,2.10676992
2013-11-02,09292000,36499.45,0.0,357.92,7.23,-6.3,381.39,0.4650000000000003,9292000.0,1.94253248
2013-11-03,09292000,36362.38,4.26,297.67,0.44,-17.58,153.71,-8.569999999999999,9292000.0,1.90855232
2013-11-04,09292000,36226.91,2.69,245.1,-5.77,-17.54,154.22,-11.655,9292000.0,1.56025568
2013-11-05,09292000,36093.1,0.0,350.1,-4.3,-17.59,153.53,-10.945,9292000.0,1.65370112
2013-11-06,09292000,35961.0,2.52,215.7,0.64,-9.36,300.65,-4.359999999999999,9292000.0,1.97084928
2013-11-07,09292000,35830.68,0.0,342.14,5.59,-7.95,335.95,-1.1800000000000002,9292000.0,1.7924534399999998
2013-11-08,09292000,35702.18,0.0,267.69,5.82,-3.8,461.23,1.0100000000000002,9292000.0,1.73865152
2013-11-09,09292000,35575.56,0.0,298.97,7.1,-4.45,439.03,1.3249999999999995,9292000.0,1.6423744
2013-11-10,09292000,35450.88,0.0,309.35,7.24,-5.07,418.89,1.085,9292000.0,1.60839424
2013-11-11,09292000,35328.19,0.0,319.72,8.53,-4.74,429.53,1.895,9292000.0,1.5659190399999998
2013-11-12,09292000,35207.56,0.0,317.5,8.71,-4.83,426.64,1.9400000000000004,9292000.0,1.51211712
2013-11-13,09292000,35089.04,0.0,303.49,7.14,-5.57,403.39,0.7849999999999997,9292000.0,1.56308736
2013-11-14,09292000,34972.69,0.0,295.33,4.68,-7.46,348.81,-1.39,9292000.0,1.47813696
2013-11-15,09292000,34858.56,0.0,298.42,-1.36,-13.51,215.55,-7.435,9292000.0,1.48096864
2013-11-16,09292000,34746.73,9.39,177.2,-4.58,-13.34,218.51,-8.96,9292000.0,1.25726592
2013-11-17,09292000,34637.23,0.0,279.78,-0.14,-11.22,259.38,-5.680000000000001,9292000.0,1.5007904
2013-11-18,09292000,34530.14,0.0,309.9,5.23,-8.31,326.63,-1.54,9292000.0,1.37619648
2013-11-19,09292000,34425.52,3.56,161.47,0.92,-7.18,356.46,-3.13,9292000.0,1.45548352
2013-11-20,09292000,34323.41,4.59,166.9,0.47,-7.88,337.79,-3.705,9292000.0,1.51778048
2013-11-21,09292000,34223.88,7.76,243.44,-0.4,-15.26,186.62,-7.83,9292000.0,1.49229536
2013-11-22,09292000,34126.99,0.0,314.55,-0.63,-14.52,198.44,-7.575,9292000.0,1.3592064
2013-11-23,09292000,34032.78,0.0,253.73,0.86,-9.08,307.46,-4.11,9292000.0,1.4384934399999998
2013-11-24,09292000,33941.33,0.0,300.84,3.95,-9.36,300.79,-2.705,9292000.0,1.4838003199999998
2013-11-25,09292000,33852.69,0.0,268.34,2.33,-8.72,316.22,-3.1950000000000003,9292000.0,1.32522624
2013-11-26,09292000,33766.9,0.0,282.94,3.9,-8.38,324.77,-2.24,9292000.0,1.35354304
2013-11-27,09292000,33684.02,0.0,301.54,6.71,-7.59,345.35,-0.4399999999999999,9292000.0,1.77546336
2013-11-28,09292000,33604.12,0.0,290.46,5.08,-8.38,324.67,-1.6500000000000004,9292000.0,1.82360192
2013-11-29,09292000,33527.23,0.0,294.86,4.75,-9.23,303.79,-2.24,9292000.0,1.8264336
2013-11-30,09292000,33453.41,0.0,289.37,3.77,-9.79,290.6,-3.01,9292000.0,1.77546336
2013-12-01,09292000,33382.71,0.0,245.38,2.13,-8.41,323.9,-3.14,9292000.0,1.87457216
2013-12-02,09292000,33315.18,14.6,108.69,0.87,-4.77,428.81,-1.95,9292000.0,1.58857248
2013-12-03,09292000,33250.86,12.5,202.45,-4.3,-15.97,175.88,-10.135,9292000.0,1.25726592
2013-12-04,09292000,33189.79,0.0,325.62,-13.8,-31.03,45.66,-22.415,9292000.0,1.11285024
2013-12-05,09292000,33132.03,0.0,320.09,-14.06,-30.78,46.78,-22.42,9292000.0,1.1043552
2013-12-06,09292000,33077.61,0.0,311.33,-15.34,-31.25,44.69,-23.295,9292000.0,1.0477216
2013-12-07,09292000,33026.56,9.21,164.28,-13.82,-22.76,98.05,-18.29,9292000.0,1.0760384
2013-12-08,09292000,32978.94,0.0,299.38,-13.45,-28.05,60.54,-20.75,9292000.0,1.0760384
2013-12-09,09292000,32934.76,0.0,328.15,-9.63,-29.03,55.23,-19.33,9292000.0,1.0477216
2013-12-10,09292000,32894.07,0.0,278.28,-3.89,-17.24,158.13,-10.565,9292000.0,1.0760384
2013-12-11,09292000,32856.9,0.0,321.13,0.71,-18.46,142.58,-8.875,9292000.0,1.0760384
2013-12-12,09292000,32823.26,0.0,300.23,4.36,-12.02,243.31,-3.83,9292000.0,1.1043552
2013-12-13,09292000,32793.2,0.0,222.26,-2.94,-12.85,227.48,-7.895,9292000.0,1.0760384
2013-12-14,09292000,32766.72,0.0,259.84,0.42,-12.08,242.16,-5.83,9292000.0,1.0477216
2013-12-15,09292000,32743.86,0.0,182.51,3.24,-4.67,431.97,-0.7149999999999999,9292000.0,1.0477216
2013-12-16,09292000,32724.62,0.0,218.66,3.6,-6.28,382.04,-1.34,9292000.0,1.0194048
2013-12-17,09292000,32709.02,0.0,276.91,8.11,-6.35,380.09,0.8799999999999999,9292000.0,0.991088
2013-12-18,09292000,32697.08,0.0,238.48,5.55,-5.68,399.93,-0.0649999999999999,9292000.0,0.991088
2013-12-19,09292000,32688.8,11.77,143.19,-2.57,-10.83,267.74,-6.7,9292000.0,0.9627712
2013-12-20,09292000,32684.19,0.0,237.78,-4.79,-15.63,181.05,-10.21,9292000.0,0.9344544
2013-12-21,09292000,32683.26,7.64,126.11,-6.35,-13.31,219.17,-9.83,9292000.0,0.9061376
2013-12-22,09292000,32686.0,6.88,185.47,-5.16,-16.23,172.11,-10.695,9292000.0,0.849504
2013-12-23,09292000,32692.41,0.0,262.64,0.71,-11.53,253.16,-5.41,9292000.0,0.849504
2013-12-24,09292000,32702.49,0.0,252.82,-2.43,-13.81,210.27,-8.120000000000001,9292000.0,0.8778208
2013-12-25,09292000,32716.23,0.0,260.87,1.27,-10.79,268.45,-4.76,9292000.0,0.849504
2013-12-26,09292000,32733.61,0.0,228.17,2.29,-7.63,344.19,-2.67,9292000.0,0.849504
2013-12-27,09292000,32754.64,0.0,290.45,7.32,-7.35,351.96,-0.0149999999999996,9292000.0,0.9061376
2013-12-28,09292000,32779.28,0.0,299.18,-0.06,-15.23,187.11,-7.645,9292000.0,0.849504
2013-12-29,09292000,32807.52,0.0,299.15,-2.13,-17.05,160.67,-9.59,9292000.0,0.8211872
2013-12-30,09292000,32839.34,0.0,236.14,1.17,-9.02,308.99,-3.925,9292000.0,0.849504
2013-12-31,09292000,32874.72,3.4,136.88,0.96,-6.45,377.05,-2.745,9292000.0,0.8778208
2014-01-01,09292000,32913.8,0.0,232.77,-1.04,-10.25,280.31,-5.645,9292000.0,0.849504
2014-01-02,09292000,32956.22,0.0,296.18,3.37,-9.95,287.04,-3.29,9292000.0,0.849504
2014-01-03,09292000,33002.11,0.0,284.12,3.36,-8.94,310.9,-2.79,9292000.0,0.8211872
2014-01-04,09292000,33051.44,5.8,217.69,-7.69,-20.09,123.95,-13.89,9292000.0,0.7928704
2014-01-05,09292000,33104.16,0.0,244.62,-10.33,-19.74,127.71,-15.035,9292000.0,0.7362368
2014-01-06,09292000,33160.24,0.0,306.82,0.24,-13.33,218.81,-6.545,9292000.0,0.7645535999999999
2014-01-07,09292000,33219.65,3.93,218.18,0.53,-11.82,247.29,-5.6450000000000005,9292000.0,0.7645535999999999
2014-01-08,09292000,33282.33,0.0,303.89,-2.41,-15.37,184.93,-8.89,9292000.0,0.7928704
2014-01-09,09292000,33348.25,5.45,227.37,-4.65,-17.44,155.51,-11.045000000000002,9292000.0,0.7645535999999999
2014-01-10,09292000,33417.36,6.28,173.53,-3.98,-12.5,234.11,-8.24,9292000.0,0.7362368
2014-01-11,09292000,33489.61,0.0,273.44,2.22,-8.38,324.64,-3.08,9292000.0,0.7645535999999999
2014-01-12,09292000,33564.96,8.44,159.4,-5.42,-12.94,225.83,-9.18,9292000.0,0.8070288
2014-01-13,09292000,33643.35,0.0,243.82,-1.25,-10.07,284.37,-5.66,9292000.0,0.7645535999999999
2014-01-14,09292000,33724.73,0.0,217.48,-0.77,-8.42,323.76,-4.595,9292000.0,0.80136544
2014-01-15,09292000,33809.06,0.0,248.48,1.48,-7.48,348.21,-3.0,9292000.0,0.7928704
2014-01-16,09292000,33896.27,0.0,236.82,0.82,-7.53,346.86,-3.355,9292000.0,0.78720704
2014-01-17,09292000,33986.31,0.0,277.58,2.76,-7.42,349.9,-2.33,9292000.0,0.7928704
2014-01-18,09292000,34079.13,0.0,333.95,4.45,-9.15,305.85,-2.35,9292000.0,0.78437536
2014-01-19,09292000,34174.68,0.0,346.52,5.4,-9.13,306.34,-1.865,9292000.0,0.7645535999999999
2014-01-20,09292000,34272.88,0.0,349.95,3.53,-10.96,264.85,-3.7150000000000007,9292000.0,0.7362368
2014-01-21,09292000,34373.7,0.0,382.64,7.28,-11.11,261.72,-1.915,9292000.0,0.70792
2014-01-22,09292000,34477.06,0.0,366.96,2.72,-12.87,227.06,-5.074999999999999,9292000.0,0.7362368
2014-01-23,09292000,34582.92,0.0,362.33,-1.23,-15.78,178.8,-8.504999999999999,9292000.0,0.70792
2014-01-24,09292000,34691.2,0.0,383.02,3.89,-12.83,227.91,-4.47,9292000.0,0.6796032
2014-01-25,09292000,34801.87,0.0,336.28,5.96,-6.59,373.11,-0.3149999999999999,9292000.0,0.70792
2014-01-26,09292000,34914.85,0.0,289.11,2.24,-7.53,346.88,-2.645,9292000.0,0.70792
2014-01-27,09292000,35030.08,0.0,338.13,-1.92,-13.96,207.69,-7.94,9292000.0,0.7362368
2014-01-28,09292000,35147.52,0.0,358.89,-1.94,-15.14,188.52,-8.540000000000001,9292000.0,0.70792
2014-01-29,09292000,35267.09,12.35,229.4,1.21,-8.92,311.24,-3.855,9292000.0,0.7362368
2014-01-30,09292000,35388.75,0.0,301.06,-4.69,-14.28,202.4,-9.485,9292000.0,0.7475635199999999
2014-01-31,09292000,35512.43,0.0,385.1,-4.94,-19.17,134.2,-12.055,9292000.0,0.7334051199999999
2014-02-01,09292000,35638.08,0.0,389.81,-8.87,-23.14,94.76,-16.005,9292000.0,0.7362368
2014-02-02,09292000,35765.64,0.0,428.31,-5.5,-23.56,91.29,-14.53,9292000.0,0.70792
2014-02-03,09292000,35895.05,0.0,397.85,-5.38,-20.06,124.22,-12.72,9292000.0,0.7362368
2014-02-04,09292000,36026.26,0.0,391.2,-11.18,-25.16,78.99,-18.17,9292000.0,0.7362368
2014-02-05,09292000,36159.21,0.0,396.89,-11.42,-25.6,75.9,-18.51,9292000.0,0.70792
2014-02-06,09292000,36293.85,5.09,239.52,-6.53,-16.51,168.15,-11.52,9292000.0,0.70792
2014-02-07,09292000,36430.12,8.25,202.16,-4.93,-12.79,228.62,-8.86,9292000.0,0.7362368
2014-02-08,09292000,36567.97,18.98,174.66,-2.27,-8.7,316.76,-5.484999999999999,9292000.0,0.7362368
2014-02-09,09292000,36707.35,7.03,252.8,0.35,-9.56,295.99,-4.605,9292000.0,0.70792
2014-02-10,09292000,36848.2,0.0,428.46,-0.84,-15.11,188.92,-7.975,9292000.0,0.70792
2014-02-11,09292000,36990.48,0.0,423.37,-1.61,-15.41,184.27,-8.51,9292000.0,0.6796032
2014-02-12,09292000,37134.14,3.35,350.58,3.84,-14.08,205.81,-5.12,9292000.0,0.70792
2014-02-13,09292000,37279.12,7.27,195.49,1.57,-5.72,398.76,-2.075,9292000.0,0.7419001599999999
2014-02-14,09292000,37425.37,2.03,278.05,2.59,-8.6,319.3,-3.005,9292000.0,0.72491008
2014-02-15,09292000,37572.85,0.0,266.05,4.4,-2.95,491.56,0.7250000000000001,9292000.0,0.75889024
2014-02-16,09292000,37721.52,3.73,284.64,1.05,-10.13,282.97,-4.54,9292000.0,0.73057344
2014-02-17,09292000,37871.32,0.0,444.65,2.14,-11.96,244.49,-4.91,9292000.0,0.7192467199999999
2014-02-18,09292000,38022.21,0.0,435.24,3.57,-9.83,289.73,-3.13,9292000.0,0.6796032
2014-02-19,09292000,38174.15,4.42,351.57,-1.94,-17.01,161.26,-9.475,9292000.0,0.6569497599999999
2014-02-20,09292000,38327.09,2.35,311.13,-6.21,-17.86,150.08,-12.035,9292000.0,0.6229696
2014-02-21,09292000,38481.0,0.0,353.87,-1.87,-10.99,264.21,-6.43,9292000.0,0.5946528
2014-02-22,09292000,38635.82,0.0,245.6,-4.05,-9.85,289.29,-6.949999999999999,9292000.0,0.566336
2014-02-23,09292000,38791.52,0.0,422.22,2.92,-8.09,332.08,-2.585,9292000.0,0.5946528
2014-02-24,09292000,38948.06,0.0,407.2,5.29,-5.07,418.96,0.1099999999999998,9292000.0,0.62863296
2014-02-25,09292000,39105.41,0.0,443.28,4.7,-6.94,363.14,-1.12,9292000.0,0.62580128
2014-02-26,09292000,39263.51,0.0,496.07,5.05,-9.06,307.92,-2.0050000000000003,9292000.0,0.7334051199999999
2014-02-27,09292000,39422.34,9.93,233.75,-0.49,-7.54,346.79,-4.015,9292000.0,0.64562304
2014-02-28,09292000,39581.86,11.87,330.78,0.59,-10.17,282.15,-4.79,9292000.0,0.6512864
2014-03-01,09292000,39742.04,7.6,280.8,-1.48,-9.91,288.02,-5.695,9292000.0,0.69659328
2014-03-02,09292000,39902.83,0.0,522.32,2.84,-10.89,266.41,-4.025,9292000.0,0.6626131199999999
2014-03-03,09292000,40064.2,4.32,361.59,4.44,-7.32,352.71,-1.44,9292000.0,0.6824348800000001
2014-03-04,09292000,40226.13,0.0,486.47,1.32,-10.01,285.64,-4.345,9292000.0,0.65411808
2014-03-05,09292000,40388.57,0.0,588.76,4.72,-12.44,235.21,-3.86,9292000.0,0.6427913599999999
2014-03-06,09292000,40551.49,0.0,537.04,6.23,-7.17,356.89,-0.4699999999999997,9292000.0,0.65411808
2014-03-07,09292000,40714.87,0.0,451.0,0.42,-9.27,302.95,-4.425,9292000.0,0.63995968
2014-03-08,09292000,40878.67,0.0,585.36,4.34,-11.39,255.93,-3.5250000000000004,9292000.0,0.63995968
2014-03-09,09292000,41042.87,0.0,593.5,8.27,-8.44,323.33,-0.0849999999999999,9292000.0,0.64562304
2014-03-10,09292000,41207.42,3.41,442.39,6.68,-9.86,289.1,-1.59,9292000.0,0.62863296
2014-03-11,09292000,41372.31,0.0,558.22,-3.24,-17.06,160.51,-10.15,9292000.0,0.63146464
2014-03-12,09292000,41537.49,0.0,651.14,4.28,-18.09,147.15,-6.904999999999999,9292000.0,0.6484547199999999
2014-03-13,09292000,41702.95,0.0,636.1,4.63,-15.2,187.64,-5.285,9292000.0,0.67393984
2014-03-14,09292000,41868.66,0.0,639.16,5.13,-14.5,198.82,-4.6850000000000005,9292000.0,0.6654448
2014-03-15,09292000,42034.58,2.4,257.79,-2.36,-9.59,295.33,-5.975,9292000.0,0.63146464
2014-03-16,09292000,42200.7,0.0,522.11,6.06,-6.31,381.07,-0.125,9292000.0,0.61730624
2014-03-17,09292000,42366.97,3.02,428.29,1.96,-12.44,235.11,-5.24,9292000.0,0.6201379199999999
2014-03-18,09292000,42533.38,4.63,435.61,-3.71,-18.25,145.14,-10.98,9292000.0,0.6342963199999999
2014-03-19,09292000,42699.89,0.0,683.76,1.97,-20.87,115.83,-9.45,9292000.0,0.68526656
2014-03-20,09292000,42866.49,0.0,575.19,5.05,-9.35,301.02,-2.15,9292000.0,0.6626131199999999
2014-03-21,09292000,43033.14,0.0,565.87,3.97,-9.76,291.48,-2.895,9292000.0,0.60597952
2014-03-22,09292000,43199.82,0.0,585.53,0.32,-14.05,206.24,-6.865,9292000.0,0.5946528
2014-03-23,09292000,43366.49,0.0,646.36,3.33,-14.58,196.29,-5.625,9292000.0,0.60314784
2014-03-24,09292000,43533.14,0.0,541.94,4.4,-8.63,318.4,-2.115,9292000.0,0.61730624
2014-03-25,09292000,43699.74,0.0,629.18,7.35,-9.65,276.22,-1.1500000000000004,9292000.0,0.60314784
2014-03-26,09292000,43866.26,3.7,290.57,-0.09,-8.5,321.76,-4.295,9292000.0,0.6512864
2014-03-27,09292000,44032.67,6.8,416.63,0.0,-13.19,221.32,-6.595,9292000.0,0.95710784
2014-03-28,09292000,44198.94,0.0,543.12,0.83,-11.66,250.46,-5.415,9292000.0,0.94578112
2014-03-29,09292000,44365.05,0.0,579.18,4.85,-9.12,300.87,-2.135,9292000.0,0.9769296
2014-03-30,09292000,44530.98,11.29,355.1,-0.33,-10.71,270.3,-5.5200000000000005,9292000.0,0.99675136
2014-03-31,09292000,44696.68,8.41,434.8,-1.45,-15.07,189.68,-8.26,9292000.0,0.94578112
2014-04-01,09292000,44862.15,10.3,424.47,-0.43,-13.32,218.99,-6.875,9292000.0,1.00241472
2014-04-02,09292000,45027.33,0.0,627.65,-1.08,-16.04,174.87,-8.559999999999999,9292000.0,0.97976128
2014-04-03,09292000,45192.22,0.0,692.86,0.89,-17.42,155.72,-8.265,9292000.0,0.99675136
2014-04-04,09292000,45356.77,2.75,494.19,0.76,-15.71,179.77,-7.475,9292000.0,0.97976128
2014-04-05,09292000,45520.97,4.51,483.37,3.39,-12.39,236.08,-4.5,9292000.0,0.94578112
2014-04-06,09292000,45684.77,7.62,450.94,1.54,-12.48,234.33,-5.470000000000001,9292000.0,0.90330592
2014-04-07,09292000,45848.15,0.0,537.38,4.71,-7.1,358.69,-1.1949999999999998,9292000.0,0.95144448
2014-04-08,09292000,46011.08,0.0,681.53,10.3,-6.86,337.46,1.7200000000000002,9292000.0,1.03922656
2014-04-09,09292000,46173.52,0.0,589.3,11.04,-2.37,493.67,4.334999999999999,9292000.0,1.1666521600000002
2014-04-10,09292000,46335.44,0.0,497.92,7.82,-2.71,500.18,2.555,9292000.0,1.25443424
2014-04-11,09292000,46496.82,0.0,635.75,10.49,-4.0,415.44,3.245,9292000.0,1.32239456
2014-04-12,09292000,46657.61,0.0,575.25,8.39,-3.76,446.46,2.3150000000000004,9292000.0,1.44698848
2014-04-13,09292000,46817.79,4.86,469.87,1.39,-12.0,243.58,-5.305,9292000.0,1.72449312
2014-04-14,09292000,46977.31,0.0,731.85,2.22,-15.75,170.76,-6.765,9292000.0,1.24877088
2014-04-15,09292000,47136.14,0.0,649.24,6.79,-7.65,319.96,-0.4300000000000001,9292000.0,1.21479072
2014-04-16,09292000,47294.25,0.0,575.29,3.2,-8.65,317.9,-2.725,9292000.0,1.24877088
2014-04-17,09292000,47451.59,0.0,698.18,7.48,-8.68,284.23,-0.5999999999999996,9292000.0,1.203464
2014-04-18,09292000,47608.14,0.0,544.48,9.26,-1.63,520.13,3.815,9292000.0,1.3308896
2014-04-19,09292000,47763.84,0.0,558.19,8.87,-2.22,494.95,3.3249999999999997,9292000.0,1.45265184
2014-04-20,09292000,47918.67,0.0,651.78,9.78,-3.99,404.6,2.895,9292000.0,1.486632
2014-04-21,09292000,48072.57,0.0,702.98,10.41,-5.25,353.36,2.58,9292000.0,1.6848496
2014-04-22,09292000,48225.52,0.0,607.33,7.97,-4.15,417.35,1.91,9292000.0,1.90855232
2014-04-23,09292000,48377.46,0.0,536.41,0.11,-9.88,288.57,-4.885000000000001,9292000.0,1.9397008
2014-04-24,09292000,48528.35,0.0,744.94,6.0,-10.74,236.85,-2.37,9292000.0,1.41584
2014-04-25,09292000,48678.16,5.62,396.38,7.7,-2.35,513.81,2.675,9292000.0,1.41017664
2014-04-26,09292000,48826.82,24.29,354.16,0.95,-7.56,346.16,-3.305,9292000.0,1.6423744
2014-04-27,09292000,48974.31,0.0,541.99,-0.99,-10.83,267.62,-5.91,9292000.0,1.29407776
2014-04-28,09292000,49120.57,7.07,319.33,-3.68,-10.98,264.41,-7.33,9292000.0,1.18364224
2014-04-29,09292000,49265.55,0.0,630.4,-0.09,-11.93,245.02,-6.01,9292000.0,1.40734496
2014-04-30,09292000,49409.2,0.0,685.34,1.78,-11.72,248.16,-4.970000000000001,9292000.0,1.54609728
2014-05-01,09292000,49551.49,0.0,747.86,7.95,-8.25,294.33,-0.1499999999999999,9292000.0,1.51211712
2014-05-02,09292000,49692.34,0.0,658.13,11.44,-1.5,495.29,4.97,9292000.0,1.70183968
2014-05-03,09292000,49831.73,0.0,655.32,13.33,0.57,566.25,6.95,9292000.0,2.02748288
2014-05-04,09292000,49969.58,0.0,599.6,12.34,1.29,621.97,6.815,9292000.0,2.08977984
2014-05-05,09292000,50105.86,0.0,578.14,11.38,1.04,623.14,6.210000000000001,9292000.0,2.23136384
2014-05-06,09292000,50240.5,0.0,591.44,7.3,-3.08,473.73,2.11,9292000.0,3.0582144
2014-05-07,09292000,50373.45,4.97,437.94,2.59,-7.5,347.9,-2.455,9292000.0,2.55700704
2014-05-08,09292000,50504.67,5.18,462.79,4.12,-6.61,372.54,-1.245,9292000.0,1.94819584
2014-05-09,09292000,50634.08,5.14,420.27,5.46,-3.91,457.56,0.7749999999999999,9292000.0,1.7839584
2014-05-10,09292000,50761.65,0.0,627.95,4.94,-5.82,372.31,-0.4399999999999999,9292000.0,1.56308736
2014-05-11,09292000,50887.3,0.0,488.72,-1.62,-9.21,304.2,-5.415000000000001,9292000.0,1.3875232
2014-05-12,09292000,51010.98,0.0,692.49,0.09,-11.96,232.55,-5.9350000000000005,9292000.0,1.5432656
2014-05-13,09292000,51132.65,0.0,816.86,4.4,-12.95,189.55,-4.275,9292000.0,1.66785952
2014-05-14,09292000,51252.23,0.0,788.96,7.77,-8.06,265.65,-0.1450000000000004,9292000.0,1.5007904
2014-05-15,09292000,51369.66,0.0,690.24,10.36,-1.82,428.17,4.27,9292000.0,1.66219616
2014-05-16,09292000,51484.91,0.0,591.45,11.09,1.35,573.0,6.22,9292000.0,3.3696992
2014-05-17,09292000,51597.89,0.0,710.94,13.18,0.48,476.9,6.83,9292000.0,4.9271232
2014-05-18,09292000,51708.56,0.0,727.79,13.48,0.18,451.41,6.83,9292000.0,7.3906848
2014-05-19,09292000,51816.85,0.0,654.12,10.02,-1.04,457.05,4.49,9292000.0,10.0807808
2014-05-20,09292000,51922.71,0.0,610.83,9.81,-0.13,505.8,4.84,9292000.0,10.0241472
2014-05-21,09292000,52026.08,0.0,642.24,9.43,-1.03,456.75,4.2,9292000.0,9.4578112
2014-05-22,09292000,52126.9,0.0,676.24,10.59,-0.7,444.0,4.945,9292000.0,8.1269216
2014-05-23,09292000,52225.11,0.0,586.41,8.8,-0.39,499.76,4.205,9292000.0,8.8065248
2014-05-24,09292000,52320.66,0.0,579.82,9.5,0.61,535.03,5.055,9292000.0,7.9570208
2014-05-25,09292000,52413.49,0.0,690.93,11.89,0.42,465.68,6.155,9292000.0,9.1746432
2014-05-26,09292000,52503.54,0.0,777.34,14.56,-0.05,401.97,7.255,9292000.0,13.3938464
2014-05-27,09292000,52590.76,0.0,765.78,15.94,1.55,447.35,8.745,9292000.0,15.5176064
2014-05-28,09292000,52675.09,0.0,692.4,15.61,3.43,549.99,9.52,9292000.0,15.6308736
2014-05-29,09292000,52756.48,0.0,650.69,13.82,2.83,535.51,8.325,9292000.0,14.4982016
2014-05-30,09292000,52834.87,0.0,655.98,12.3,1.31,459.4,6.805000000000001,9292000.0,11.893056
2014-05-31,09292000,52910.23,0.0,724.31,13.21,0.41,376.14,6.8100000000000005,9292000.0,10.6188
2014-06-01,09292000,52982.49,0.0,683.91,12.22,0.64,405.9,6.430000000000001,9292000.0,9.1180096
2014-06-02,09292000,53051.6,0.0,768.66,14.66,0.15,330.65,7.405,9292000.0,8.0986048
2014-06-03,09292000,53117.53,0.0,690.31,14.23,2.27,425.88,8.25,9292000.0,8.1552384
2014-06-04,09292000,53180.22,0.0,722.69,13.91,0.88,372.19,7.395,9292000.0,7.3906848
2014-06-05,09292000,53239.63,0.0,761.64,14.88,0.25,333.6,7.565,9292000.0,6.3429632
2014-06-06,09292000,53295.72,0.0,760.06,15.12,0.33,334.61,7.725,9292000.0,6.3146464
2014-06-07,09292000,53348.45,0.0,748.18,15.47,0.95,352.91,8.21,9292000.0,5.6067264
2014-06-08,09292000,53397.78,0.0,647.05,9.59,-1.69,361.16,3.95,9292000.0,5.4934592
2014-06-09,09292000,53443.68,0.0,773.87,13.69,-2.15,273.63,5.77,9292000.0,4.2758368
2014-06-10,09292000,53486.11,0.0,710.15,16.05,2.34,394.03,9.195,9292000.0,4.5590048
2014-06-11,09292000,53525.04,0.0,707.45,15.5,1.8,383.58,8.65,9292000.0,4.5023712
2014-06-12,09292000,53560.44,0.0,747.41,15.47,0.31,327.34,7.890000000000001,9292000.0,4.4174208
2014-06-13,09292000,53592.28,0.0,705.54,15.28,1.71,382.84,8.495,9292000.0,4.6439552
2014-06-14,09292000,53620.55,0.0,539.92,8.0,-1.08,421.01,3.46,9292000.0,4.2192032
2014-06-15,09292000,53645.21,0.0,646.26,10.7,-0.97,359.47,4.864999999999999,9292000.0,3.4829664
2014-06-16,09292000,53666.26,0.0,423.82,7.24,0.38,531.99,3.81,9292000.0,3.0865312
2014-06-17,09292000,53683.67,0.0,573.91,7.54,-2.11,361.0,2.715,9292000.0,2.78070976
2014-06-18,09292000,53697.43,0.0,637.98,6.75,-4.38,286.87,1.185,9292000.0,2.54284864
2014-06-19,09292000,53707.54,0.0,736.94,12.57,-1.96,270.45,5.305,9292000.0,2.26817568
2014-06-20,09292000,53713.97,0.0,747.03,16.34,0.99,307.87,8.665,9292000.0,2.11526496
2014-06-21,09292000,53716.74,0.0,664.23,16.19,3.67,421.12,9.93,9292000.0,2.08694816
2014-06-22,09292000,53715.83,0.0,679.23,14.89,1.79,368.68,8.34,9292000.0,1.95952256
2014-06-23,09292000,53711.24,0.0,687.57,15.79,2.19,369.24,8.99,9292000.0,1.86324544
2014-06-24,09292000,53702.99,0.0,726.17,17.65,2.34,342.18,9.995,9292000.0,1.82077024
2014-06-25,09292000,53691.07,0.0,695.85,18.29,4.08,386.24,11.185,9292000.0,1.83776032
2014-06-26,09292000,53675.5,2.08,486.03,15.89,3.06,491.41,9.475,9292000.0,1.82077024
2014-06-27,09292000,53656.28,0.0,477.53,10.56,2.22,506.73,6.390000000000001,9292000.0,2.17473024
2014-06-28,09292000,53633.44,0.0,629.17,14.61,2.63,392.18,8.62,9292000.0,1.89439392
2014-06-29,09292000,53606.99,0.0,678.61,17.92,4.25,334.1,11.085,9292000.0,1.76130496
2014-06-30,09292000,53576.95,0.0,632.29,17.07,4.88,342.92,10.975,9292000.0,1.73581984
2014-07-01,09292000,53543.34,0.0,719.14,17.76,2.33,254.89,10.045000000000002,9292000.0,1.61122592
2014-07-02,09292000,53506.18,0.0,737.81,19.41,2.82,264.43,11.115,9292000.0,1.53193888
2014-07-03,09292000,53465.52,0.0,601.29,18.04,6.45,346.86,12.245,9292000.0,1.5432656
2014-07-04,09292000,53421.36,0.0,674.76,19.44,5.37,320.28,12.405,9292000.0,1.5829091199999998
2014-07-05,09292000,53373.76,0.0,680.38,20.3,5.89,332.86,13.095,9292000.0,1.64803776
2014-07-06,09292000,53322.74,0.0,666.53,21.25,7.25,367.98,14.25,9292000.0,1.52061216
2014-07-07,09292000,53268.34,0.0,657.35,21.81,8.03,389.41,14.919999999999998,9292000.0,1.50645376
2014-07-08,09292000,53210.6,0.0,684.55,21.39,6.34,344.14,13.865,9292000.0,1.91987904
2014-07-09,09292000,53149.56,0.0,551.9,18.43,7.82,383.63,13.125,9292000.0,2.01332448
2014-07-10,09292000,53085.26,17.69,413.29,17.47,6.75,427.84,12.11,9292000.0,1.60839424
2014-07-11,09292000,53017.74,3.07,371.46,15.51,6.1,605.95,10.805,9292000.0,4.7855392
2014-07-12,09292000,52947.06,0.0,610.74,18.05,5.82,355.69,11.935,9292000.0,3.3130656
2014-07-13,09292000,52873.26,0.0,640.31,19.46,6.18,340.24,12.82,9292000.0,2.36728448
2014-07-14,09292000,52796.4,0.0,659.38,20.92,6.58,350.23,13.75,9292000.0,2.06995808
2014-07-15,09292000,52716.51,0.0,663.51,21.06,6.32,343.77,13.69,9292000.0,1.80378016
2014-07-16,09292000,52633.66,0.0,588.74,17.31,5.12,334.45,11.215,9292000.0,1.61972096
2014-07-17,09292000,52547.89,0.0,652.92,18.21,3.47,277.8,10.84,9292000.0,1.36203808
2014-07-18,09292000,52459.26,0.0,572.9,19.07,6.97,383.23,13.02,9292000.0,1.42433504
2014-07-19,09292000,52367.82,0.0,621.44,20.6,6.78,355.47,13.69,9292000.0,1.77546336
2014-07-20,09292000,52273.64,0.0,560.78,17.53,5.8,375.6,11.665,9292000.0,1.67918624
2014-07-21,09292000,52176.77,0.0,611.74,19.36,5.82,331.27,12.59,9292000.0,1.6820179199999998
2014-07-22,09292000,52077.25,0.0,665.41,21.9,5.68,327.8,13.79,9292000.0,1.49229536
2014-07-23,09292000,51975.16,0.0,590.67,21.64,8.44,401.26,15.04,9292000.0,1.45265184
2014-07-24,09292000,51870.55,0.0,522.47,19.55,8.52,482.4,14.035,9292000.0,1.3648697600000002
2014-07-25,09292000,51763.48,0.0,582.15,20.46,7.6,377.57,14.03,9292000.0,1.32522624
2014-07-26,09292000,51654.0,0.0,538.18,19.89,8.43,400.84,14.16,9292000.0,1.51778048
2014-07-27,09292000,51542.18,0.0,570.51,19.22,6.53,349.08,12.875,9292000.0,1.65370112
2014-07-28,09292000,51428.07,3.28,379.63,17.9,7.11,364.16,12.505,9292000.0,1.23744416
2014-07-29,09292000,51311.73,12.68,260.29,12.57,5.72,500.56,9.145,9292000.0,1.4838003199999998
2014-07-30,09292000,51193.22,12.34,200.28,10.85,5.67,748.7,8.26,9292000.0,1.94536416
2014-07-31,09292000,51072.6,0.0,463.51,13.5,4.2,401.98,8.85,9292000.0,1.84342368
2014-08-01,09292000,50949.93,0.0,570.75,16.56,4.2,293.46,10.38,9292000.0,1.37619648
2014-08-02,09292000,50825.26,0.0,567.65,17.12,4.73,305.34,10.925,9292000.0,1.7131664
2014-08-03,09292000,50698.66,0.0,563.46,17.93,5.58,325.45,11.755,9292000.0,1.7273248
2014-08-04,09292000,50570.17,14.48,248.03,12.15,5.74,746.09,8.945,9292000.0,1.73015648
2014-08-05,09292000,50439.86,5.71,287.49,11.44,3.98,684.13,7.71,9292000.0,2.48055168
2014-08-06,09292000,50307.77,3.8,377.51,14.53,4.05,572.36,9.29,9292000.0,2.38710624
2014-08-07,09292000,50173.97,5.53,409.63,14.02,2.23,473.66,8.125,9292000.0,1.97368096
2014-08-08,09292000,50038.52,0.0,547.98,14.28,2.57,373.75,8.424999999999999,9292000.0,1.86324544
2014-08-09,09292000,49901.45,0.0,479.0,14.5,3.18,444.7,8.84,9292000.0,1.48946368
2014-08-10,09292000,49762.83,3.55,380.6,15.91,2.96,520.38,9.435,9292000.0,1.75280992
2014-08-11,09292000,49622.71,0.0,512.47,16.98,4.02,447.98,10.5,9292000.0,2.05863136
2014-08-12,09292000,49481.14,0.0,460.33,16.52,5.58,553.41,11.05,9292000.0,1.53760224
2014-08-13,09292000,49338.17,4.07,195.11,11.53,6.0,934.78,8.765,9292000.0,1.45548352
2014-08-14,09292000,49193.85,0.0,479.75,15.54,4.21,515.16,9.875,9292000.0,1.65086944
2014-08-15,09292000,49048.23,0.0,505.52,17.78,5.29,517.67,11.535,9292000.0,1.69051296
2014-08-16,09292000,48901.36,0.0,534.08,18.83,4.82,471.92,11.825,9292000.0,1.71599808
2014-08-17,09292000,48753.29,0.0,519.68,18.71,5.35,504.28,12.03,9292000.0,1.57724576
2014-08-18,09292000,48604.05,0.0,519.41,18.83,5.44,508.21,12.135,9292000.0,1.46964192
2014-08-19,09292000,48453.7,6.99,203.59,10.71,4.99,871.43,7.85,9292000.0,1.53193888
2014-08-20,09292000,48302.28,8.92,333.77,12.35,2.07,613.11,7.21,9292000.0,1.71033472
2014-08-21,09292000,48149.84,0.0,419.47,11.94,2.77,601.69,7.354999999999999,9292000.0,1.6140576
2014-08-22,09292000,47996.41,15.24,362.25,12.79,1.22,579.91,7.005,9292000.0,1.62255264
2014-08-23,09292000,47842.04,15.94,287.8,7.33,-0.8,576.05,3.265,9292000.0,3.5112832
2014-08-24,09292000,47686.78,7.63,381.12,11.11,-1.64,524.7,4.734999999999999,9292000.0,3.3130656
2014-08-25,09292000,47530.65,8.09,339.94,10.67,0.21,620.25,5.44,9292000.0,4.672272
2014-08-26,09292000,47373.71,10.24,322.82,11.94,2.22,716.88,7.08,9292000.0,5.1253408
2014-08-27,09292000,47215.98,10.54,209.87,7.87,2.27,719.15,5.07,9292000.0,6.5694976
2014-08-28,09292000,47057.51,0.0,454.84,12.98,2.39,708.6,7.685,9292000.0,7.78712
2014-08-29,09292000,46898.33,3.26,361.37,14.53,2.28,719.9,8.405,9292000.0,5.804944
2014-08-30,09292000,46738.48,0.0,450.25,12.88,2.12,704.21,7.5,9292000.0,5.4368256
2014-08-31,09292000,46577.99,0.0,459.86,12.09,0.99,649.57,6.54,9292000.0,4.8421728
2014-09-01,09292000,46416.91,0.0,512.92,13.93,-0.03,575.86,6.95,9292000.0,4.0209856
2014-09-02,09292000,46255.26,0.0,495.8,16.82,3.43,731.91,10.125,9292000.0,3.4263328
2014-09-03,09292000,46093.07,0.0,444.9,17.3,5.97,905.78,11.635,9292000.0,3.0015808
2014-09-04,09292000,45930.38,0.0,459.67,16.0,3.92,784.0,9.96,9292000.0,2.62779904
2014-09-05,09292000,45767.23,2.46,350.66,14.82,2.13,712.05,8.475,9292000.0,2.46922496
2014-09-06,09292000,45603.64,2.55,338.14,13.9,1.97,704.09,7.935,9292000.0,2.41259136
2014-09-07,09292000,45439.64,0.0,457.41,14.99,2.74,737.48,8.865,9292000.0,2.47205664
2014-09-08,09292000,45275.26,7.81,262.4,12.47,4.13,820.21,8.3,9292000.0,2.31631424
2014-09-09,09292000,45110.54,13.01,271.71,8.65,0.16,617.69,4.405,9292000.0,3.6245504
2014-09-10,09292000,44945.5,0.0,451.65,12.03,0.22,620.56,6.125,9292000.0,3.2847488
2014-09-11,09292000,44780.17,0.0,461.48,11.67,-0.72,579.58,5.475,9292000.0,2.52302688
2014-09-12,09292000,44614.58,0.0,489.91,11.27,-3.18,483.07,4.045,9292000.0,2.16057184
2014-09-13,09292000,44448.77,0.0,466.08,14.62,1.1,661.28,7.859999999999999,9292000.0,1.95669088
2014-09-14,09292000,44282.75,0.0,457.62,16.29,2.93,753.68,9.61,9292000.0,1.78679008
2014-09-15,09292000,44116.55,2.16,326.75,15.62,3.18,767.43,9.4,9292000.0,1.65936448
2014-09-16,09292000,43950.2,0.0,453.67,16.92,3.44,781.46,10.18,9292000.0,1.5998992
2014-09-17,09292000,43783.74,3.66,338.62,17.49,3.72,796.87,10.605,9292000.0,1.5715824
2014-09-18,09292000,43617.18,0.0,430.35,16.32,3.68,794.93,10.0,9292000.0,1.66785952
2014-09-19,09292000,43450.55,0.0,407.3,15.78,4.09,818.06,9.935,9292000.0,1.44132512
2014-09-20,09292000,43283.89,0.0,438.49,16.35,2.79,746.11,9.57,9292000.0,1.31106784
2014-09-21,09292000,43117.21,11.59,177.6,7.97,2.08,709.48,5.025,9292000.0,1.50928544
2014-09-22,09292000,42950.54,3.15,227.97,10.13,2.22,716.82,6.175000000000001,9292000.0,2.30498752
2014-09-23,09292000,42783.91,0.0,387.26,14.56,3.5,784.83,9.03,9292000.0,1.72449312
2014-09-24,09292000,42617.35,0.0,428.84,15.68,2.27,719.35,8.975,9292000.0,1.47530528
2014-09-25,09292000,42450.89,0.0,423.54,16.25,2.82,748.15,9.535,9292000.0,1.31956288
2014-09-26,09292000,42284.54,0.0,395.55,15.66,3.39,778.64,9.525,9292000.0,1.18364224
2014-09-27,09292000,42118.34,45.86,178.43,8.89,2.57,734.62,5.73,9292000.0,2.16906688
2014-09-28,09292000,41952.32,38.35,193.12,5.15,-1.59,543.53,1.7800000000000002,9292000.0,14.9229536
2014-09-29,09292000,41786.5,7.86,230.06,5.28,-3.0,489.61,1.14,9292000.0,12.4027584
2014-09-30,09292000,41620.92,9.72,225.55,5.03,-3.05,487.79,0.9900000000000002,9292000.0,8.636624
2014-10-01,09292000,41455.59,0.0,337.95,2.61,-6.57,373.55,-1.98,9292000.0,6.3995968
2014-10-02,09292000,41290.54,0.0,442.38,7.03,-7.9,337.07,-0.435,9292000.0,4.9271232
2014-10-03,09292000,41125.82,0.0,395.69,9.46,-2.85,495.27,3.3050000000000006,9292000.0,4.3607872
2014-10-04,09292000,40961.44,0.0,399.17,10.98,-1.8,535.28,4.59,9292000.0,3.9077184
2014-10-05,09292000,40797.44,0.0,356.64,11.21,0.49,632.67,5.8500000000000005,9292000.0,3.5112832
2014-10-06,09292000,40633.84,0.0,377.52,12.74,0.79,646.72,6.765000000000001,9292000.0,3.1714816
2014-10-07,09292000,40470.68,0.0,389.83,13.39,0.46,631.65,6.925000000000001,9292000.0,2.8599968
2014-10-08,09292000,40307.99,0.0,386.64,12.54,-0.44,591.53,6.05,9292000.0,2.66461088
2014-10-09,09292000,40145.81,0.0,358.81,10.73,-0.82,575.09,4.955,9292000.0,2.44090816
2014-10-10,09292000,39984.15,0.0,383.27,10.09,-2.98,490.21,3.555,9292000.0,2.28233408
2014-10-11,09292000,39823.06,0.0,378.29,9.79,-3.2,482.31,3.2949999999999995,9292000.0,2.08411648
2014-10-12,09292000,39662.57,8.16,256.06,2.82,-6.41,378.24,-1.7950000000000002,9292000.0,2.04164128
2014-10-13,09292000,39502.72,0.0,462.4,6.86,-9.09,307.29,-1.1149999999999998,9292000.0,3.0865312
2014-10-14,09292000,39343.54,0.0,450.7,12.17,-3.81,460.75,4.18,9292000.0,3.7944512
2014-10-15,09292000,39185.06,0.0,323.2,8.49,-0.58,585.42,3.955,9292000.0,2.41542304
2014-10-16,09292000,39027.33,0.0,362.93,9.94,-0.82,575.42,4.56,9292000.0,1.60556256
2014-10-17,09292000,38870.38,0.0,382.33,11.25,-0.61,584.11,5.32,9292000.0,1.86324544
2014-10-18,09292000,38714.24,0.0,345.18,11.62,-0.52,588.16,5.55,9292000.0,2.11809664
2014-10-19,09292000,38558.97,0.0,343.69,11.23,-0.97,569.13,5.13,9292000.0,1.27991936
2014-10-20,09292000,38404.6,0.0,328.71,10.56,-0.83,574.92,4.865,9292000.0,1.19496896
2014-10-21,09292000,38251.17,5.05,199.26,6.66,-1.91,530.86,2.375,9292000.0,1.24877088
2014-10-22,09292000,38098.72,0.0,305.03,7.48,-2.97,490.65,2.255,9292000.0,1.25443424
2014-10-23,09292000,37947.29,0.0,328.55,10.82,-1.28,556.26,4.7700000000000005,9292000.0,1.0194048
2014-10-24,09292000,37796.93,0.0,315.58,12.04,0.53,634.71,6.284999999999999,9292000.0,0.90896928
2014-10-25,09292000,37647.69,0.0,306.87,11.24,0.19,619.4,5.715,9292000.0,0.81269216
2014-10-26,09292000,37499.61,0.0,306.93,6.02,-4.91,424.11,0.5549999999999997,9292000.0,1.49512704
2014-10-27,09292000,37352.73,0.0,268.38,0.28,-8.77,314.98,-4.245,9292000.0,1.95952256
2014-10-28,09292000,37207.1,0.0,328.95,6.18,-6.72,369.41,-0.27,9292000.0,2.619304
2014-10-29,09292000,37062.77,0.0,305.58,8.8,-2.99,490.06,2.905,9292000.0,2.5909872
2014-10-30,09292000,36919.79,0.0,294.02,9.54,-1.89,531.68,3.825,9292000.0,2.17756192
2014-10-31,09292000,36778.21,0.0,260.26,8.13,-1.57,544.45,3.28,9292000.0,1.22894912
2014-11-01,09292000,36638.08,10.12,121.22,2.86,-2.6,504.26,0.1299999999999999,9292000.0,1.7414832
2014-11-02,09292000,36499.45,6.24,204.31,1.37,-7.33,352.29,-2.98,9292000.0,1.33372128
2014-11-03,09292000,36362.38,0.0,322.95,-0.75,-11.67,250.28,-6.21,9292000.0,1.20629568
2014-11-04,09292000,36226.91,0.0,379.54,5.26,-10.55,273.79,-2.6450000000000005,9292000.0,1.00241472
2014-11-05,09292000,36093.1,0.0,339.86,8.16,-4.72,430.29,1.7200000000000002,9292000.0,1.1609888
2014-11-06,09292000,35961.0,0.0,330.58,10.39,-2.21,519.19,4.09,9292000.0,1.08736512
2014-11-07,09292000,35830.68,0.0,317.58,7.45,-4.3,444.15,1.5750000000000002,9292000.0,1.09302848
2014-11-08,09292000,35702.18,0.0,356.88,10.41,-5.04,419.86,2.685,9292000.0,0.98259296
2014-11-09,09292000,35575.56,0.0,284.29,10.08,-0.36,594.92,4.86,9292000.0,0.98259296
2014-11-10,09292000,35450.88,3.7,269.66,1.8,-14.23,203.2,-6.215,9292000.0,0.95427616
2014-11-11,09292000,35328.19,0.0,302.52,-2.06,-13.38,217.8,-7.720000000000001,9292000.0,0.9627712
2014-11-12,09292000,35207.56,0.0,292.88,-7.38,-18.03,147.85,-12.705,9292000.0,0.9344544
2014-11-13,09292000,35089.04,9.93,260.14,-1.81,-16.81,164.01,-9.31,9292000.0,0.8778208
2014-11-14,09292000,34972.69,0.0,231.37,-0.88,-8.85,313.13,-4.865,9292000.0,0.991088
2014-11-15,09292000,34858.56,0.0,353.36,-5.22,-21.31,111.37,-13.265,9292000.0,1.0760384
2014-11-16,09292000,34746.73,0.0,330.6,-5.63,-19.62,129.06,-12.625,9292000.0,1.0194048
2014-11-17,09292000,34637.23,0.0,267.71,-3.43,-13.41,217.39,-8.42,9292000.0,1.0477216
2014-11-18,09292000,34530.14,0.0,307.28,1.35,-11.41,255.59,-5.03,9292000.0,1.1043552
2014-11-19,09292000,34425.52,0.0,281.88,3.38,-7.87,338.04,-2.245,9292000.0,1.1893056
2014-11-20,09292000,34323.41,0.0,314.62,3.05,-10.93,265.46,-3.94,9292000.0,1.25726592
2014-11-21,09292000,34223.88,0.0,310.18,2.86,-11.01,263.73,-4.075,9292000.0,1.15815712
2014-11-22,09292000,34126.99,13.64,184.23,-0.98,-10.51,274.5,-5.745,9292000.0,1.14966208
2014-11-23,09292000,34032.78,6.62,105.52,-8.63,-13.52,215.35,-11.075,9292000.0,1.15249376
2014-11-24,09292000,33941.33,3.07,144.03,-7.91,-14.76,194.61,-11.335,9292000.0,1.1609888
2014-11-25,09292000,33852.69,9.36,190.92,-0.1,-9.92,287.69,-5.01,9292000.0,1.1893056
2014-11-26,09292000,33766.9,0.0,223.09,3.64,-4.73,430.09,-0.5450000000000002,9292000.0,1.18081056
2014-11-27,09292000,33684.02,0.0,260.44,7.17,-3.26,480.23,1.955,9292000.0,1.1751472
2014-11-28,09292000,33604.12,0.0,260.91,6.75,-3.76,462.73,1.495,9292000.0,1.13833536
2014-11-29,09292000,33527.23,0.0,213.6,2.26,-5.67,400.32,-1.705,9292000.0,1.12417696
2014-11-30,09292000,33453.41,0.0,162.62,-0.47,-6.23,383.42,-3.35,9292000.0,1.11568192
2014-12-01,09292000,33382.71,0.0,214.63,-0.55,-8.56,320.24,-4.555000000000001,9292000.0,1.09869184
2014-12-02,09292000,33315.18,0.0,263.23,3.12,-7.68,343.06,-2.28,9292000.0,1.08170176
2014-12-03,09292000,33250.86,0.0,161.28,0.58,-5.26,413.12,-2.34,9292000.0,1.08736512
2014-12-04,09292000,33189.79,0.0,237.43,0.91,-8.17,330.01,-3.63,9292000.0,1.11285024
2014-12-05,09292000,33132.03,0.0,268.8,3.22,-7.78,340.2,-2.28,9292000.0,1.08736512
2014-12-06,09292000,33077.61,0.0,273.67,1.76,-9.56,296.07,-3.9,9292000.0,1.07320672
2014-12-07,09292000,33026.56,0.0,289.86,4.01,-8.8,314.24,-2.3950000000000005,9292000.0,1.05904832
2014-12-08,09292000,32978.94,0.0,288.6,6.75,-6.13,386.45,0.31,9292000.0,1.04488992
2014-12-09,09292000,32934.76,0.0,287.03,7.27,-5.69,399.79,0.7899999999999996,9292000.0,1.01090976
2014-12-10,09292000,32894.07,0.0,283.33,6.47,-6.1,387.43,0.185,9292000.0,1.02506816
2014-12-11,09292000,32856.9,0.0,270.07,4.34,-7.1,358.59,-1.38,9292000.0,1.00807808
2014-12-12,09292000,32823.26,0.0,182.11,3.12,-3.57,469.36,-0.2249999999999998,9292000.0,1.01090976
2014-12-13,09292000,32793.2,11.36,158.15,-1.32,-9.03,308.74,-5.175,9292000.0,1.0675433600000002
2014-12-14,09292000,32766.72,0.0,287.63,-4.58,-16.96,161.9,-10.77,9292000.0,1.06471168
2014-12-15,09292000,32743.86,0.0,304.56,-2.96,-17.16,159.17,-10.06,9292000.0,0.93162272
2014-12-16,09292000,32724.62,0.0,197.29,-3.64,-10.62,272.12,-7.13,9292000.0,0.9344544
2014-12-17,09292000,32709.02,0.0,293.86,-2.24,-15.22,187.29,-8.73,9292000.0,0.9061376
2014-12-18,09292000,32697.08,0.0,296.41,-3.92,-17.14,159.52,-10.53,9292000.0,0.9627712
2014-12-19,09292000,32688.8,0.0,320.74,0.25,-17.29,157.48,-8.52,9292000.0,0.8778208
2014-12-20,09292000,32684.19,2.2,145.13,-3.48,-10.41,276.74,-6.945,9292000.0,0.9061376
2014-12-21,09292000,32683.26,17.61,137.24,-1.28,-7.57,345.79,-4.425,9292000.0,0.9344544
2014-12-22,09292000,32686.0,14.05,176.7,-5.14,-13.53,215.3,-9.335,9292000.0,0.9627712
2014-12-23,09292000,32692.41,0.0,270.78,-5.42,-15.81,178.25,-10.615,9292000.0,0.8778208
2014-12-24,09292000,32702.49,5.25,222.99,1.78,-11.17,260.46,-4.695,9292000.0,0.849504
2014-12-25,09292000,32716.23,6.02,200.32,-7.77,-18.01,148.09,-12.89,9292000.0,0.8778208
2014-12-26,09292000,32733.61,0.0,287.75,-10.47,-22.01,104.79,-16.240000000000002,9292000.0,0.8211872
2014-12-27,09292000,32754.64,0.0,336.45,-6.56,-24.51,83.78,-15.535,9292000.0,0.7362368
2014-12-28,09292000,32779.28,5.39,232.92,-7.99,-21.98,105.01,-14.985,9292000.0,0.7928704
2014-12-29,09292000,32807.52,3.9,232.97,-11.18,-25.07,79.66,-18.125,9292000.0,0.8211872
2014-12-30,09292000,32839.34,0.0,299.64,-12.93,-25.71,75.19,-19.32,9292000.0,0.70792
2014-12-31,09292000,32874.72,0.0,343.36,-6.59,-25.92,73.74,-16.255000000000003,9292000.0,0.5946528
2015-01-01,09292000,32913.8,3.49,234.32,-3.01,-18.21,145.59,-10.61,9292000.0,0.6796032
2015-01-02,09292000,32956.22,0.0,285.67,-0.08,-12.67,230.79,-6.375,9292000.0,0.70792
2015-01-03,09292000,33002.11,0.0,239.96,-4.77,-14.4,200.43,-9.585,9292000.0,0.7645535999999999
2015-01-04,09292000,33051.44,0.0,280.85,0.22,-11.88,246.05,-5.83,9292000.0,0.7928704
2015-01-05,09292000,33104.16,0.0,293.54,4.15,-8.94,310.72,-2.395,9292000.0,0.849504
2015-01-06,09292000,33160.24,0.0,262.8,6.59,-4.47,438.66,1.06,9292000.0,0.9061376
2015-01-07,09292000,33219.65,0.0,302.78,9.71,-4.32,443.5,2.6950000000000003,9292000.0,0.849504
2015-01-08,09292000,33282.33,0.0,305.45,7.2,-6.76,368.2,0.2200000000000002,9292000.0,0.7928704
2015-01-09,09292000,33348.25,0.0,325.12,5.83,-9.8,290.55,-1.9850000000000003,9292000.0,0.7334051199999999
2015-01-10,09292000,33417.36,0.0,254.28,3.56,-6.59,372.99,-1.515,9292000.0,0.70792
2015-01-11,09292000,33489.61,0.0,204.98,-0.48,-8.14,330.92,-4.3100000000000005,9292000.0,0.72774176
2015-01-12,09292000,33564.96,6.93,98.65,-3.33,-8.0,334.61,-5.665,9292000.0,0.7362368
2015-01-13,09292000,33643.35,5.01,244.34,-0.28,-14.8,193.83,-7.54,9292000.0,0.70792
2015-01-14,09292000,33724.73,0.0,348.32,1.84,-14.69,195.73,-6.425,9292000.0,0.6796032
2015-01-15,09292000,33809.06,0.0,353.36,6.81,-10.48,275.14,-1.8350000000000004,9292000.0,0.6796032
2015-01-16,09292000,33896.27,0.0,287.16,3.58,-7.72,341.8,-2.07,9292000.0,0.70792
2015-01-17,09292000,33986.31,0.0,331.49,2.53,-11.57,252.22,-4.5200000000000005,9292000.0,0.7362368
2015-01-18,09292000,34079.13,0.0,276.34,4.85,-5.66,400.61,-0.4050000000000002,9292000.0,0.7645535999999999
2015-01-19,09292000,34174.68,0.0,284.52,1.41,-9.32,301.76,-3.955,9292000.0,0.70792
2015-01-20,09292000,34272.88,0.0,335.68,-1.81,-15.52,182.73,-8.665,9292000.0,0.6796032
2015-01-21,09292000,34373.7,0.0,320.81,-6.63,-19.0,136.12,-12.815,9292000.0,0.6512864
2015-01-22,09292000,34477.06,0.0,380.67,-0.03,-17.99,148.4,-9.01,9292000.0,0.6512864
2015-01-23,09292000,34582.92,0.0,290.25,-0.13,-10.62,272.16,-5.375,9292000.0,0.6512864
2015-01-24,09292000,34691.2,0.0,363.0,4.59,-10.77,269.01,-3.09,9292000.0,0.6796032
2015-01-25,09292000,34801.87,0.0,287.89,6.96,-3.45,473.32,1.755,9292000.0,0.6796032
2015-01-26,09292000,34914.85,0.0,356.8,11.18,-3.65,466.3,3.765,9292000.0,0.6682764800000001
2015-01-27,09292000,35030.08,0.0,276.52,3.6,-5.97,391.15,-1.1849999999999998,9292000.0,0.69092992
2015-01-28,09292000,35147.52,0.0,311.88,3.35,-7.79,340.14,-2.22,9292000.0,0.6937616
2015-01-29,09292000,35267.09,0.0,306.85,0.0,-10.62,272.14,-5.31,9292000.0,0.6937616
2015-01-30,09292000,35388.75,8.21,141.64,-1.04,-6.96,362.66,-4.0,9292000.0,0.70225664
2015-01-31,09292000,35512.43,0.0,304.87,1.68,-8.45,323.05,-3.385,9292000.0,0.71075168
2015-02-01,09292000,35638.08,0.0,308.15,0.65,-9.41,299.49,-4.38,9292000.0,0.72774176
2015-02-02,09292000,35765.64,0.0,245.64,2.36,-5.16,416.19,-1.4,9292000.0,0.67677152
2015-02-03,09292000,35895.05,1.03,273.1,3.26,-5.12,417.55,-0.9300000000000002,9292000.0,0.6626131199999999
2015-02-04,09292000,36026.26,3.36,172.27,1.21,-5.47,406.41,-2.13,9292000.0,0.64562304
2015-02-05,09292000,36159.21,0.0,356.28,6.44,-5.27,412.83,0.5850000000000004,9292000.0,0.68526656
2015-02-06,09292000,36293.85,0.0,353.85,7.27,-4.13,449.89,1.5699999999999998,9292000.0,0.8551673599999999
2015-02-07,09292000,36430.12,0.0,359.91,6.51,-4.89,424.67,0.81,9292000.0,0.84384064
2015-02-08,09292000,36567.97,0.0,375.97,6.59,-5.38,409.28,0.605,9292000.0,0.7220784
2015-02-09,09292000,36707.35,4.56,260.55,3.42,-6.97,362.4,-1.775,9292000.0,0.7928704
2015-02-10,09292000,36848.2,0.0,406.35,1.85,-11.4,255.67,-4.775,9292000.0,0.78437536
2015-02-11,09292000,36990.48,0.0,455.9,4.2,-13.53,215.17,-4.664999999999999,9292000.0,0.82685056
2015-02-12,09292000,37134.14,0.0,433.02,7.7,-7.69,342.67,0.0049999999999998,9292000.0,0.8211872
2015-02-13,09292000,37279.12,0.0,421.91,9.1,-5.24,413.62,1.93,9292000.0,0.8636623999999999
2015-02-14,09292000,37425.37,0.0,419.07,10.48,-3.45,473.48,3.515,9292000.0,0.86932576
2015-02-15,09292000,37572.85,0.0,360.97,1.3,-9.02,308.83,-3.86,9292000.0,0.8608307199999999
2015-02-16,09292000,37721.52,0.0,392.32,-4.87,-16.15,173.27,-10.51,9292000.0,0.81269216
2015-02-17,09292000,37871.32,0.0,445.57,-1.09,-15.31,185.85,-8.200000000000001,9292000.0,0.7815436800000001
2015-02-18,09292000,38022.21,0.0,422.59,5.98,-7.03,360.65,-0.5249999999999999,9292000.0,0.7928704
2015-02-19,09292000,38174.15,0.0,393.11,6.13,-5.17,415.8,0.48,9292000.0,0.77588032
2015-02-20,09292000,38327.09,3.23,283.91,-1.4,-11.74,248.87,-6.57,9292000.0,0.75322688
2015-02-21,09292000,38481.0,2.95,351.12,-2.86,-17.41,155.93,-10.135,9292000.0,0.72774176
2015-02-22,09292000,38635.82,0.0,477.84,-5.86,-20.62,118.37,-13.24,9292000.0,0.6937616
2015-02-23,09292000,38791.52,0.0,520.65,-1.3,-20.04,124.45,-10.67,9292000.0,0.6229696
2015-02-24,09292000,38948.06,0.0,521.51,2.66,-16.27,166.46,-6.805,9292000.0,0.6512864
2015-02-25,09292000,39105.41,0.0,449.82,-1.29,-14.13,204.9,-7.710000000000001,9292000.0,0.70792
2015-02-26,09292000,39263.51,4.6,352.74,-4.12,-18.06,147.58,-11.09,9292000.0,0.6796032
2015-02-27,09292000,39422.34,4.27,386.58,-4.3,-21.25,111.98,-12.775,9292000.0,0.6512864
2015-02-28,09292000,39581.86,5.36,347.81,-5.84,-19.03,135.73,-12.435,9292000.0,0.6796032
2015-03-01,09292000,39742.04,5.23,303.45,-3.19,-13.86,209.42,-8.525,9292000.0,0.68809824
2015-03-02,09292000,39902.83,13.05,287.18,-1.54,-11.26,258.65,-6.4,9292000.0,0.6796032
2015-03-03,09292000,40064.2,0.0,509.04,-3.87,-18.68,139.92,-11.275,9292000.0,0.6512864
2015-03-04,09292000,40226.13,0.0,463.39,-6.4,-18.89,137.47,-12.645,9292000.0,0.5946528
2015-03-05,09292000,40388.57,0.0,531.32,1.7,-14.74,194.88,-6.5200000000000005,9292000.0,0.6512864
2015-03-06,09292000,40551.49,0.0,505.81,5.0,-9.99,283.96,-2.495,9292000.0,0.6796032
2015-03-07,09292000,40714.87,0.0,536.21,7.3,-9.62,280.05,-1.1599999999999997,9292000.0,0.72491008
2015-03-08,09292000,40878.67,0.0,525.29,4.77,-11.24,252.29,-3.2350000000000003,9292000.0,0.70792
2015-03-09,09292000,41042.87,0.0,550.28,5.6,-12.09,230.06,-3.245,9292000.0,0.70792
2015-03-10,09292000,41207.42,0.0,530.17,6.97,-9.26,283.99,-1.145,9292000.0,0.68526656
2015-03-11,09292000,41372.31,0.0,467.14,5.17,-7.86,332.38,-1.3450000000000002,9292000.0,0.6796032
2015-03-12,09292000,41537.49,0.0,363.26,3.58,-5.66,400.6,-1.04,9292000.0,0.67393984
2015-03-13,09292000,41702.95,0.0,508.49,6.19,-8.18,310.6,-0.9949999999999996,9292000.0,0.69942496
2015-03-14,09292000,41868.66,0.0,576.77,8.64,-9.66,256.16,-0.5099999999999998,9292000.0,0.7192467199999999
2015-03-15,09292000,42034.58,0.0,518.88,11.83,-3.02,413.89,4.405,9292000.0,0.7673852800000001
2015-03-16,09292000,42200.7,0.0,453.16,10.44,-1.51,496.31,4.465,9292000.0,0.82401888
2015-03-17,09292000,42366.97,0.0,444.14,9.57,-1.96,482.44,3.805,9292000.0,0.86649408
2015-03-18,09292000,42533.38,0.0,500.49,7.55,-5.91,344.77,0.8199999999999998,9292000.0,0.88914752
2015-03-19,09292000,42699.89,0.0,504.73,5.08,-8.34,293.52,-1.63,9292000.0,0.82968224
2015-03-20,09292000,42866.49,0.0,568.56,8.56,-7.98,273.05,0.29,9292000.0,0.77588032
2015-03-21,09292000,43033.14,0.0,551.35,9.48,-6.08,312.67,1.7000000000000002,9292000.0,0.94294944
2015-03-22,09292000,43199.82,0.0,460.58,6.98,-4.74,353.45,1.12,9292000.0,0.78720704
2015-03-23,09292000,43366.49,4.79,325.45,2.29,-8.36,314.39,-3.035,9292000.0,0.75889024
2015-03-24,09292000,43533.14,0.0,451.23,1.87,-9.03,259.21,-3.58,9292000.0,0.6937616
2015-03-25,09292000,43699.74,0.0,506.99,1.16,-11.27,203.13,-5.055,9292000.0,0.87498912
2015-03-26,09292000,43866.26,0.0,580.4,8.45,-6.94,225.23,0.7549999999999994,9292000.0,1.12134528
2015-03-27,09292000,44032.67,0.0,574.65,11.23,-3.92,269.28,3.655,9292000.0,1.0675433600000002
2015-03-28,09292000,44198.94,0.0,541.03,11.17,-2.39,315.87,4.39,9292000.0,0.72491008
2015-03-29,09292000,44365.05,0.0,555.44,10.01,-3.88,267.33,3.065,9292000.0,0.71075168
2015-03-30,09292000,44530.98,0.0,576.53,10.49,-4.24,248.62,3.125,9292000.0,1.01657312
2015-03-31,09292000,44696.68,0.0,540.55,10.09,-3.17,285.83,3.46,9292000.0,1.49229536
2015-04-01,09292000,44862.15,0.0,492.38,2.97,-8.46,234.79,-2.745,9292000.0,1.50362208
2015-04-02,09292000,45027.33,0.0,490.37,-2.21,-13.35,172.28,-7.779999999999999,9292000.0,1.46964192
2015-04-03,09292000,45192.22,0.0,637.36,0.46,-16.75,103.78,-8.145,9292000.0,1.30823616
2015-04-04,09292000,45356.77,0.0,635.25,4.43,-12.51,130.78,-4.04,9292000.0,1.27142432
2015-04-05,09292000,45520.97,0.0,506.84,6.81,-4.78,268.78,1.0149999999999997,9292000.0,1.31106784
2015-04-06,09292000,45684.77,0.0,402.07,4.65,-3.88,349.33,0.3850000000000002,9292000.0,1.27142432
2015-04-07,09292000,45848.15,0.0,389.39,2.22,-5.8,319.72,-1.7899999999999998,9292000.0,1.2176224
2015-04-08,09292000,46011.08,4.14,362.59,1.69,-8.49,274.12,-3.4000000000000004,9292000.0,1.18364224
2015-04-09,09292000,46173.52,0.0,577.1,2.37,-10.34,180.84,-3.985,9292000.0,1.14966208
2015-04-10,09292000,46335.44,0.0,630.52,6.09,-8.77,173.3,-1.34,9292000.0,1.12134528
2015-04-11,09292000,46496.82,0.0,582.64,7.57,-5.45,230.17,1.06,9292000.0,1.12984032
2015-04-12,09292000,46657.61,0.0,526.66,5.3,-5.74,255.92,-0.2200000000000002,9292000.0,1.16382048
2015-04-13,09292000,46817.79,0.0,647.09,9.05,-6.15,169.62,1.4500000000000002,9292000.0,1.13550368
2015-04-14,09292000,46977.31,0.0,693.27,7.65,-10.09,109.09,-1.2199999999999998,9292000.0,1.22894912
2015-04-15,09292000,47136.14,4.94,320.96,-4.48,-12.76,213.33,-8.620000000000001,9292000.0,1.2685926399999998
2015-04-16,09292000,47294.25,5.55,368.72,-1.04,-10.74,229.94,-5.890000000000001,9292000.0,1.20912736
2015-04-17,09292000,47451.59,0.0,480.19,3.59,-5.66,276.61,-1.035,9292000.0,1.19496896
2015-04-18,09292000,47608.14,0.0,525.64,5.72,-4.57,267.7,0.5749999999999997,9292000.0,1.1893056
2015-04-19,09292000,47763.84,0.0,623.42,5.46,-7.56,184.65,-1.0499999999999998,9292000.0,1.203464
2015-04-20,09292000,47918.67,0.0,660.25,7.24,-7.12,171.47,0.06,9292000.0,1.20063232
2015-04-21,09292000,48072.57,0.0,673.6,8.71,-6.31,170.86,1.2000000000000006,9292000.0,1.35354304
2015-04-22,09292000,48225.52,0.0,618.07,8.94,-3.94,221.69,2.5,9292000.0,1.44698848
2015-04-23,09292000,48377.46,0.0,586.81,6.18,-5.6,219.55,0.29,9292000.0,1.54043392
2015-04-24,09292000,48528.35,4.73,447.1,5.93,-6.23,265.17,-0.1500000000000003,9292000.0,1.4668102399999998
2015-04-25,09292000,48678.16,9.83,378.37,4.73,-4.77,346.17,-0.0199999999999995,9292000.0,1.52061216
2015-04-26,09292000,48826.82,0.0,568.41,5.0,-5.85,262.61,-0.4249999999999998,9292000.0,1.61688928
2015-04-27,09292000,48974.31,0.0,628.0,6.78,-5.76,235.13,0.5100000000000002,9292000.0,1.53477056
2015-04-28,09292000,49120.57,0.0,733.42,10.72,-6.75,172.02,1.9850000000000003,9292000.0,1.49795872
2015-04-29,09292000,49265.55,0.0,699.69,13.32,-2.3,236.49,5.51,9292000.0,1.699008
2015-04-30,09292000,49409.2,0.0,634.6,11.98,-0.95,295.86,5.515000000000001,9292000.0,2.2511856
2015-05-01,09292000,49551.49,0.0,639.68,11.59,-1.5,254.97,5.045,9292000.0,2.77221472
2015-05-02,09292000,49692.34,0.0,605.51,11.8,-0.19,295.05,5.805000000000001,9292000.0,2.9449472
2015-05-03,09292000,49831.73,0.0,560.2,9.31,-1.21,310.38,4.050000000000001,9292000.0,3.681184
2015-05-04,09292000,49969.58,3.27,399.55,9.1,-0.72,421.98,4.19,9292000.0,4.389104
2015-05-05,09292000,50105.86,8.06,304.32,6.7,-0.31,525.72,3.1950000000000003,9292000.0,4.6439552
2015-05-06,09292000,50240.5,11.41,292.29,5.42,-1.24,518.34,2.09,9292000.0,3.5962336
2015-05-07,09292000,50373.45,5.96,320.79,4.97,-2.39,484.27,1.2899999999999998,9292000.0,3.0298976
2015-05-08,09292000,50504.67,6.88,341.92,4.76,-3.11,459.24,0.825,9292000.0,2.63629408
2015-05-09,09292000,50634.08,12.05,452.49,3.99,-7.12,313.91,-1.565,9292000.0,2.66744256
2015-05-10,09292000,50761.65,0.0,676.12,4.43,-8.75,233.18,-2.16,9292000.0,2.2936608
2015-05-11,09292000,50887.3,0.0,754.74,6.92,-10.26,178.98,-1.67,9292000.0,2.11243328
2015-05-12,09292000,51010.98,0.0,523.26,7.9,-1.2,439.86,3.35,9292000.0,2.36728448
2015-05-13,09292000,51132.65,0.0,505.33,7.88,-0.7,464.3,3.59,9292000.0,2.3219776
2015-05-14,09292000,51252.23,12.27,375.31,6.59,-1.76,502.24,2.415,9292000.0,2.36728448
2015-05-15,09292000,51369.66,10.08,484.32,3.52,-8.29,299.91,-2.385,9292000.0,2.80902656
2015-05-16,09292000,51484.91,9.76,504.02,3.32,-9.28,282.85,-2.9799999999999995,9292000.0,2.3644528
2015-05-17,09292000,51597.89,7.44,427.8,7.94,-1.99,508.18,2.975,9292000.0,2.30215584
2015-05-18,09292000,51708.56,8.82,299.14,5.04,-1.3,555.3,1.87,9292000.0,2.75239296
2015-05-19,09292000,51816.85,16.34,411.61,7.23,-2.01,526.88,2.6100000000000003,9292000.0,2.9449472
2015-05-20,09292000,51922.71,12.57,413.05,7.5,-1.68,539.98,2.91,9292000.0,3.0582144
2015-05-21,09292000,52026.08,4.79,484.61,7.68,-3.84,459.78,1.92,9292000.0,3.0015808
2015-05-22,09292000,52126.9,7.07,348.18,4.51,-2.65,502.5,0.93,9292000.0,3.3413824
2015-05-23,09292000,52225.11,5.32,433.3,5.65,-3.78,461.87,0.9350000000000004,9292000.0,2.9449472
2015-05-24,09292000,52320.66,7.35,491.68,7.37,-4.16,448.87,1.605,9292000.0,2.51736352
2015-05-25,09292000,52413.49,5.55,454.34,8.02,-2.18,520.44,2.92,9292000.0,2.44657152
2015-05-26,09292000,52503.54,6.47,478.65,8.24,-2.86,494.67,2.6900000000000004,9292000.0,2.83168
2015-05-27,09292000,52590.76,6.34,510.69,9.98,-2.58,505.07,3.7,9292000.0,3.0582144
2015-05-28,09292000,52675.09,4.23,473.7,8.74,-2.01,527.09,3.365,9292000.0,3.6528672
2015-05-29,09292000,52756.48,0.0,719.88,10.81,-2.78,445.13,4.015000000000001,9292000.0,3.6245504
2015-05-30,09292000,52834.87,0.0,737.45,13.92,-0.85,486.95,6.535,9292000.0,4.7289056
2015-05-31,09292000,52910.23,0.0,705.04,16.12,2.59,616.17,9.355,9292000.0,7.2774176
2015-06-01,09292000,52982.49,0.0,672.0,14.33,2.15,600.96,8.24,9292000.0,12.2045408
2015-06-02,09292000,53051.6,0.0,642.65,14.19,2.86,645.57,8.525,9292000.0,15.998992
2015-06-03,09292000,53117.53,0.0,667.61,13.2,1.04,562.17,7.119999999999999,9292000.0,16.9334464
2015-06-04,09292000,53180.22,0.0,670.84,12.67,0.22,531.5,6.445,9292000.0,16.0839424
2015-06-05,09292000,53239.63,4.03,372.95,8.85,0.78,646.06,4.815,9292000.0,14.9512704
2015-06-06,09292000,53295.72,0.0,534.8,9.27,0.44,612.64,4.855,9292000.0,11.2984032
2015-06-07,09292000,53348.45,0.0,631.62,10.9,-0.49,530.79,5.205,9292000.0,11.185136
2015-06-08,09292000,53397.78,0.0,700.93,14.54,0.31,519.29,7.425,9292000.0,10.0807808
2015-06-09,09292000,53443.68,0.0,632.27,14.17,2.45,636.37,8.31,9292000.0,12.0629568
2015-06-10,09292000,53486.11,5.71,306.21,10.52,4.05,815.81,7.285,9292000.0,13.3372128
2015-06-11,09292000,53525.04,4.86,418.81,10.78,1.25,668.32,6.015,9292000.0,14.5265184
2015-06-12,09292000,53560.44,0.0,684.99,14.79,1.14,569.17,7.965,9292000.0,14.86632
2015-06-13,09292000,53592.28,0.0,658.1,15.05,2.22,624.04,8.635,9292000.0,15.57424
2015-06-14,09292000,53620.55,0.0,667.7,15.4,2.07,611.83,8.735,9292000.0,13.5354304
2015-06-15,09292000,53645.21,21.68,483.19,15.47,2.62,725.42,9.045,9292000.0,13.6486976
2015-06-16,09292000,53666.26,0.0,652.94,16.47,3.31,697.93,9.89,9292000.0,24.3241312
2015-06-17,09292000,53683.67,0.0,663.43,18.13,4.06,722.65,11.095,9292000.0,16.9617632
2015-06-18,09292000,53697.43,0.0,666.75,19.27,4.66,746.66,11.965,9292000.0,14.1300832
2015-06-19,09292000,53707.54,0.0,639.65,19.84,6.05,833.89,12.945,9292000.0,12.0063232
2015-06-20,09292000,53713.97,0.0,614.03,19.03,6.13,856.8,12.58,9292000.0,10.1374144
2015-06-21,09292000,53716.74,0.0,607.0,20.5,7.44,933.3,13.97,9292000.0,8.3251392
2015-06-22,09292000,53715.83,0.0,627.94,19.69,5.71,814.85,12.7,9292000.0,7.1641504
2015-06-23,09292000,53711.24,0.0,596.33,20.27,7.26,922.51,13.765,9292000.0,6.0597952
2015-06-24,09292000,53702.99,0.0,579.91,20.08,7.49,948.68,13.785,9292000.0,5.2102912
2015-06-25,09292000,53691.07,0.0,635.12,21.27,6.23,832.85,13.75,9292000.0,4.6439552
2015-06-26,09292000,53675.5,0.0,623.94,20.22,5.62,810.12,12.92,9292000.0,4.1342528
2015-06-27,09292000,53656.28,0.0,606.53,20.28,6.18,851.6,13.23,9292000.0,3.8794016
2015-06-28,09292000,53633.44,0.0,601.45,21.61,7.44,925.04,14.525,9292000.0,3.398016
2015-06-29,09292000,53606.99,0.0,564.49,20.63,7.87,982.31,14.25,9292000.0,3.1431648
2015-06-30,09292000,53576.95,0.0,586.28,21.56,7.83,960.34,14.695,9292000.0,3.1714816
2015-07-01,09292000,53543.34,0.0,481.59,18.99,8.72,1109.57,13.855,9292000.0,2.8599968
2015-07-02,09292000,53506.18,0.0,537.13,20.79,8.68,1056.77,14.735,9292000.0,2.50886848
2015-07-03,09292000,53465.52,0.0,576.66,21.14,7.49,947.82,14.315,9292000.0,2.21154208
2015-07-04,09292000,53421.36,8.92,382.31,19.29,7.85,1061.22,13.57,9292000.0,2.02181952
2015-07-05,09292000,53373.76,6.25,309.41,15.09,6.5,967.49,10.795,9292000.0,2.67310592
2015-07-06,09292000,53322.74,9.0,410.21,17.3,4.53,843.73,10.915,9292000.0,2.38144288
2015-07-07,09292000,53268.34,10.5,346.74,13.18,3.29,773.29,8.235,9292000.0,2.77221472
2015-07-08,09292000,53210.6,9.69,350.47,12.44,2.52,731.99,7.479999999999999,9292000.0,2.57399712
2015-07-09,09292000,53149.56,22.84,363.55,13.74,1.55,683.07,7.645,9292000.0,2.8883136
2015-07-10,09292000,53085.26,6.97,280.03,9.72,1.18,665.37,5.45,9292000.0,5.1253408
2015-07-11,09292000,53017.74,4.89,325.96,12.46,2.0,705.38,7.23,9292000.0,3.964352
2015-07-12,09292000,52947.06,0.0,462.47,15.23,3.82,802.62,9.525,9292000.0,3.256432
2015-07-13,09292000,52873.26,0.0,466.58,17.21,5.53,904.79,11.37,9292000.0,2.83168
2015-07-14,09292000,52796.4,2.5,356.65,16.4,4.37,834.61,10.385,9292000.0,2.45789824
2015-07-15,09292000,52716.51,0.0,468.95,15.18,3.62,791.7,9.4,9292000.0,2.28516576
2015-07-16,09292000,52633.66,0.0,508.71,17.22,3.93,808.97,10.575,9292000.0,1.97084928
2015-07-17,09292000,52547.89,0.0,446.23,16.73,5.88,927.09,11.305,9292000.0,1.7924534399999998
2015-07-18,09292000,52459.26,0.0,482.73,15.02,3.08,761.96,9.05,9292000.0,2.4635616
2015-07-19,09292000,52367.82,0.0,488.58,15.95,3.75,799.02,9.85,9292000.0,2.51453184
2015-07-20,09292000,52273.64,3.44,306.47,11.52,2.21,716.3,6.865,9292000.0,2.0812848
2015-07-21,09292000,52176.77,8.52,383.26,14.84,1.75,693.18,8.295,9292000.0,1.61122592
2015-07-22,09292000,52077.25,11.9,333.6,13.54,3.11,763.39,8.325,9292000.0,2.08411648
2015-07-23,09292000,51975.16,0.0,475.0,15.97,4.46,839.55,10.215,9292000.0,2.8599968
2015-07-24,09292000,51870.55,0.0,489.64,17.29,5.11,878.48,11.2,9292000.0,1.80378016
2015-07-25,09292000,51763.48,0.0,491.04,17.84,5.62,910.55,11.73,9292000.0,1.41300832
2015-07-26,09292000,51654.0,0.0,537.37,19.02,4.54,844.37,11.78,9292000.0,2.06995808
2015-07-27,09292000,51542.18,0.0,462.61,15.66,4.73,855.75,10.195,9292000.0,1.91421568
2015-07-28,09292000,51428.07,0.0,539.24,15.15,1.08,660.19,8.115,9292000.0,1.7839584
2015-07-29,09292000,51311.73,0.0,578.46,17.74,0.55,635.38,9.145,9292000.0,1.6565328
2015-07-30,09292000,51193.22,0.0,551.34,18.98,3.44,781.31,11.21,9292000.0,1.55459232
2015-07-31,09292000,51072.6,0.0,545.28,20.42,4.82,860.88,12.62,9292000.0,1.62538432
2015-08-01,09292000,50949.93,0.0,517.39,19.96,5.86,925.96,12.91,9292000.0,1.3846915199999998
2015-08-02,09292000,50825.26,6.07,382.99,19.25,5.35,893.42,12.3,9292000.0,1.53193888
2015-08-03,09292000,50698.66,24.88,189.61,10.31,4.86,863.71,7.585000000000001,9292000.0,3.1997984
2015-08-04,09292000,50570.17,0.0,490.72,17.46,4.78,858.91,11.12,9292000.0,2.70708608
2015-08-05,09292000,50439.86,0.0,460.98,17.07,5.59,908.8,11.33,9292000.0,1.75847328
2015-08-06,09292000,50307.77,0.0,482.94,17.07,4.67,851.8,10.87,9292000.0,1.29974112
2015-08-07,09292000,50173.97,19.55,231.52,10.81,3.96,810.97,7.385,9292000.0,2.18322528
2015-08-08,09292000,50038.52,3.19,312.82,12.07,2.28,719.72,7.175,9292000.0,3.4829664
2015-08-09,09292000,49901.45,0.0,505.42,15.49,2.14,712.78,8.815,9292000.0,2.80619488
2015-08-10,09292000,49762.83,0.0,489.49,16.59,3.75,798.63,10.17,9292000.0,1.87457216
2015-08-11,09292000,49622.71,0.0,408.55,15.72,5.86,925.46,10.79,9292000.0,1.57441408
2015-08-12,09292000,49481.14,8.64,282.17,14.27,5.42,897.74,9.845,9292000.0,1.6650278399999998
2015-08-13,09292000,49338.17,0.0,492.5,17.87,4.72,854.84,11.295,9292000.0,1.80661184
2015-08-14,09292000,49193.85,0.0,462.6,19.02,6.96,998.57,12.99,9292000.0,1.46964192
2015-08-15,09292000,49048.23,0.0,464.37,19.8,7.58,1042.26,13.69,9292000.0,1.31956288
2015-08-16,09292000,48901.36,0.0,464.33,18.7,6.49,966.77,12.595,9292000.0,1.49229536
2015-08-17,09292000,48753.29,0.0,465.82,17.97,5.72,916.55,11.845,9292000.0,1.3592064
2015-08-18,09292000,48604.05,0.0,470.34,14.88,2.66,739.7,8.77,9292000.0,1.3025728
2015-08-19,09292000,48453.7,0.0,521.14,15.61,0.65,640.13,8.129999999999999,9292000.0,1.23744416
2015-08-20,09292000,48302.28,0.0,451.58,16.51,4.67,852.16,10.59,9292000.0,1.5659190399999998
2015-08-21,09292000,48149.84,0.0,497.57,18.96,4.65,850.87,11.805,9292000.0,1.4724736
2015-08-22,09292000,47996.41,0.0,472.96,17.18,4.14,820.99,10.66,9292000.0,1.4016816
2015-08-23,09292000,47842.04,0.0,484.33,17.83,4.09,817.96,10.96,9292000.0,1.3648697600000002
2015-08-24,09292000,47686.78,0.0,473.23,18.7,5.26,887.87,11.98,9292000.0,1.4299984
2015-08-25,09292000,47530.65,0.0,467.55,19.01,5.78,920.57,12.395,9292000.0,1.39884992
2015-08-26,09292000,47373.71,8.48,196.68,12.1,5.86,925.88,8.98,9292000.0,1.53760224
2015-08-27,09292000,47215.98,0.0,427.34,16.04,4.82,861.21,10.43,9292000.0,1.7641366399999998
2015-08-28,09292000,47057.51,0.0,486.17,17.12,3.26,771.69,10.19,9292000.0,1.4724736
2015-08-29,09292000,46898.33,0.0,472.18,18.1,4.84,861.98,11.47,9292000.0,1.36203808
2015-08-30,09292000,46738.48,5.87,319.65,16.08,4.89,865.09,10.485,9292000.0,1.39035488
2015-08-31,09292000,46577.99,7.1,328.91,14.84,3.26,771.78,9.05,9292000.0,1.75280992
2015-09-01,09292000,46416.91,0.0,449.8,15.86,3.83,803.16,9.845,9292000.0,1.76130496
2015-09-02,09292000,46255.26,0.0,423.82,14.97,3.83,803.1,9.4,9292000.0,1.66219616
2015-09-03,09292000,46093.07,0.0,352.55,14.94,6.21,948.29,10.575,9292000.0,1.41584
2015-09-04,09292000,45930.38,0.0,395.72,13.62,3.57,788.53,8.594999999999999,9292000.0,1.31956288
2015-09-05,09292000,45767.23,0.0,322.04,10.96,3.31,774.37,7.135000000000001,9292000.0,1.44698848
2015-09-06,09292000,45603.64,0.0,433.92,13.24,1.68,689.41,7.46,9292000.0,1.4441568
2015-09-07,09292000,45439.64,0.0,425.31,13.8,2.43,727.25,8.115,9292000.0,1.24877088
2015-09-08,09292000,45275.26,0.0,486.16,15.36,0.69,641.96,8.025,9292000.0,1.17797888
2015-09-09,09292000,45110.54,0.0,484.41,16.4,1.53,682.03,8.965,9292000.0,1.2402758399999998
2015-09-10,09292000,44945.5,0.0,464.86,17.23,3.17,766.85,10.2,9292000.0,1.18364224
2015-09-11,09292000,44780.17,0.0,456.69,17.61,3.68,794.91,10.645,9292000.0,1.19213728
2015-09-12,09292000,44614.58,0.0,473.05,18.75,3.45,782.15,11.1,9292000.0,1.62538432
2015-09-13,09292000,44448.77,0.0,427.21,16.89,4.2,824.24,10.545,9292000.0,1.58007744
2015-09-14,09292000,44282.75,9.04,195.14,9.9,3.3,773.9,6.6,9292000.0,1.6565328
2015-09-15,09292000,44116.55,20.52,122.46,6.43,2.55,733.53,4.49,9292000.0,2.12092832
2015-09-16,09292000,43950.2,10.59,163.77,7.78,2.5,731.18,5.140000000000001,9292000.0,2.39560128
2015-09-17,09292000,43783.74,8.53,230.99,7.64,-0.01,610.25,3.815,9292000.0,1.63387936
2015-09-18,09292000,43617.18,0.0,430.08,8.91,-3.03,488.63,2.9400000000000004,9292000.0,1.29124608
2015-09-19,09292000,43450.55,0.0,459.98,12.56,-1.52,546.49,5.5200000000000005,9292000.0,1.22894912
2015-09-20,09292000,43283.89,0.0,459.82,14.83,0.37,627.21,7.6,9292000.0,1.35071136
2015-09-21,09292000,43117.21,0.0,448.54,16.24,2.16,713.46,9.2,9292000.0,1.345048
2015-09-22,09292000,42950.54,0.0,441.18,16.52,2.7,741.61,9.61,9292000.0,1.53193888
2015-09-23,09292000,42783.91,0.0,430.79,16.93,3.48,783.79,10.205,9292000.0,1.9680176
2015-09-24,09292000,42617.35,0.0,429.43,17.15,3.6,790.41,10.375,9292000.0,1.89439392
2015-09-25,09292000,42450.89,0.0,428.69,17.31,3.38,778.3,10.345,9292000.0,1.83209696
2015-09-26,09292000,42284.54,0.0,414.71,17.4,4.01,813.82,10.704999999999998,9292000.0,1.78679008
2015-09-27,09292000,42118.34,0.0,396.12,16.51,4.13,820.39,10.32,9292000.0,1.7556416
2015-09-28,09292000,41952.32,0.0,381.99,15.94,4.22,825.7,10.08,9292000.0,1.72449312
2015-09-29,09292000,41786.5,0.0,394.14,15.12,2.71,742.21,8.915,9292000.0,1.71033472
2015-09-30,09292000,41620.92,0.0,292.89,12.65,4.44,838.44,8.545,9292000.0,1.69051296
2015-10-01,09292000,41455.59,0.0,367.42,14.91,3.65,793.18,9.28,9292000.0,1.70467136
2015-10-02,09292000,41290.54,4.76,251.22,9.15,-0.58,585.59,4.285,9292000.0,1.36203808
2015-10-03,09292000,41125.82,8.11,185.47,6.12,-0.58,585.22,2.77,9292000.0,1.08736512
2015-10-04,09292000,40961.44,0.0,335.85,9.11,-0.72,579.46,4.194999999999999,9292000.0,1.2317808
2015-10-05,09292000,40797.44,3.75,113.91,5.03,1.05,659.08,3.04,9292000.0,1.20629568
2015-10-06,09292000,40633.84,6.15,214.18,7.71,-0.3,597.3,3.705,9292000.0,1.40734496
2015-10-07,09292000,40470.68,0.0,379.43,11.02,-1.12,562.81,4.949999999999999,9292000.0,1.25160256
2015-10-08,09292000,40307.99,0.0,348.56,11.4,0.75,645.03,6.075,9292000.0,1.09302848
2015-10-09,09292000,40145.81,0.0,387.13,13.1,0.22,620.74,6.66,9292000.0,1.00807808
2015-10-10,09292000,39984.15,0.0,403.9,15.8,1.21,666.78,8.505,9292000.0,0.94578112
2015-10-11,09292000,39823.06,0.0,320.29,12.82,3.11,763.5,7.965,9292000.0,0.90330592
2015-10-12,09292000,39662.57,0.0,398.28,14.14,-0.18,602.65,6.98,9292000.0,0.8325139199999999
2015-10-13,09292000,39502.72,0.0,374.99,14.65,1.77,693.79,8.21,9292000.0,0.80136544
2015-10-14,09292000,39343.54,0.0,370.74,14.73,1.64,687.58,8.185,9292000.0,0.88914752
2015-10-15,09292000,39185.06,0.0,359.81,13.04,0.36,626.66,6.699999999999999,9292000.0,0.8410089599999999
2015-10-16,09292000,39027.33,0.0,372.62,13.28,-0.77,577.24,6.255,9292000.0,0.81552384
2015-10-17,09292000,38870.38,6.95,197.68,8.61,0.15,617.41,4.38,9292000.0,0.83817728
2015-10-18,09292000,38714.24,12.74,133.33,6.81,1.43,677.17,4.12,9292000.0,1.06188
2015-10-19,09292000,38558.97,14.75,131.17,3.57,-1.58,543.85,0.995,9292000.0,1.94819584
2015-10-20,09292000,38404.6,2.79,214.08,5.47,-3.57,469.25,0.95,9292000.0,1.911384
2015-10-21,09292000,38251.17,0.0,216.02,4.49,-1.86,532.79,1.315,9292000.0,1.61122592
2015-10-22,09292000,38098.72,0.0,266.54,6.1,-2.04,525.93,2.03,9292000.0,1.41584
2015-10-23,09292000,37947.29,0.0,306.16,5.43,-4.36,442.22,0.5349999999999997,9292000.0,1.27708768
2015-10-24,09292000,37796.93,0.0,348.34,8.18,-4.24,446.07,1.97,9292000.0,1.15815712
2015-10-25,09292000,37647.69,0.0,271.5,5.93,-2.43,510.91,1.7499999999999998,9292000.0,1.11285024
2015-10-26,09292000,37499.61,0.0,286.6,7.05,-2.01,527.12,2.52,9292000.0,1.1043552
2015-10-27,09292000,37352.73,0.0,283.12,1.69,-7.04,360.49,-2.675,9292000.0,1.02223648
2015-10-28,09292000,37207.1,0.0,338.99,6.08,-6.0,390.4,0.04,9292000.0,0.8721574400000001
2015-10-29,09292000,37062.77,4.86,131.32,1.02,-3.95,455.99,-1.465,9292000.0,1.0703750399999998
2015-10-30,09292000,36919.79,0.0,303.56,3.13,-6.86,365.53,-1.865,9292000.0,0.95427616
2015-10-31,09292000,36778.21,0.0,279.76,6.1,-2.89,493.54,1.6049999999999998,9292000.0,0.9627712
2015-11-01,09292000,36638.08,0.0,296.06,8.36,-1.67,540.36,3.345,9292000.0,0.94578112
2015-11-02,09292000,36499.45,0.0,262.09,6.66,-1.82,534.28,2.42,9292000.0,0.97126624
2015-11-03,09292000,36362.38,4.6,147.18,0.84,-5.04,419.9,-2.1,9292000.0,0.87498912
2015-11-04,09292000,36226.91,0.0,278.45,-1.04,-10.32,278.81,-5.68,9292000.0,0.91180096
2015-11-05,09292000,36093.1,0.0,268.37,-3.66,-12.52,233.57,-8.09,9292000.0,0.8211872
2015-11-06,09292000,35961.0,3.72,232.37,-4.29,-13.77,211.12,-9.03,9292000.0,0.88631584
2015-11-07,09292000,35830.68,0.0,401.28,6.88,-13.22,220.67,-3.1700000000000004,9292000.0,1.02506816
2015-11-08,09292000,35702.18,0.0,340.83,2.79,-9.15,305.78,-3.18,9292000.0,1.39884992
2015-11-09,09292000,35575.56,6.65,200.39,-0.84,-8.88,312.28,-4.86,9292000.0,1.43566176
2015-11-10,09292000,35450.88,9.3,182.42,-3.67,-10.72,270.01,-7.195,9292000.0,1.47530528
2015-11-11,09292000,35328.19,0.0,351.35,-2.01,-14.46,199.39,-8.235,9292000.0,1.33655296
2015-11-12,09292000,35207.56,0.0,363.29,-0.07,-14.04,206.36,-7.055,9292000.0,1.2855827199999998
2015-11-13,09292000,35089.04,0.0,375.7,5.56,-11.52,253.17,-2.98,9292000.0,1.37619648
2015-11-14,09292000,34972.69,0.0,361.37,5.95,-9.33,301.39,-1.69,9292000.0,1.36203808
2015-11-15,09292000,34858.56,8.28,253.38,1.59,-11.16,260.72,-4.785,9292000.0,1.2459392
2015-11-16,09292000,34746.73,0.0,297.67,-1.77,-11.75,248.67,-6.76,9292000.0,1.3733648
2015-11-17,09292000,34637.23,4.31,236.32,-0.89,-12.35,236.83,-6.62,9292000.0,1.26292928
2015-11-18,09292000,34530.14,0.0,220.54,-2.18,-9.14,305.89,-5.66,9292000.0,1.25443424
2015-11-19,09292000,34425.52,2.65,188.97,2.59,-5.87,394.37,-1.64,9292000.0,1.20063232
2015-11-20,09292000,34323.41,5.17,235.53,-1.45,-13.52,215.39,-7.484999999999999,9292000.0,1.20629568
2015-11-21,09292000,34223.88,0.0,351.94,1.21,-15.34,185.43,-7.065,9292000.0,1.132672
2015-11-22,09292000,34126.99,0.0,335.52,6.47,-8.76,315.31,-1.145,9292000.0,1.4639785600000002
2015-11-23,09292000,34032.78,0.0,325.19,6.35,-7.99,334.87,-0.8200000000000003,9292000.0,1.2685926399999998
2015-11-24,09292000,33941.33,0.0,272.52,1.3,-9.13,306.24,-3.915000000000001,9292000.0,1.1864739199999998
2015-11-25,09292000,33852.69,6.97,238.44,-1.78,-15.83,178.0,-8.805,9292000.0,1.12984032
2015-11-26,09292000,33766.9,0.0,301.81,-7.56,-20.12,123.62,-13.84,9292000.0,1.0675433600000002
2015-11-27,09292000,33684.02,6.0,210.07,-5.85,-17.06,160.61,-11.454999999999998,9292000.0,1.0477216
2015-11-28,09292000,33604.12,0.0,275.14,-8.42,-19.42,131.28,-13.920000000000002,9292000.0,0.9627712
2015-11-29,09292000,33527.23,0.0,296.06,-8.48,-21.11,113.41,-14.795,9292000.0,0.8778208
2015-11-30,09292000,33453.41,0.0,254.22,-9.02,-19.06,135.43,-14.04,9292000.0,0.7928704
2015-12-01,09292000,33382.71,3.71,220.42,-2.77,-15.96,176.13,-9.365,9292000.0,0.7362368
2015-12-02,09292000,33315.18,0.0,315.61,2.93,-12.95,225.58,-5.01,9292000.0,0.7928704
2015-12-03,09292000,33250.86,0.0,313.0,5.03,-11.28,258.24,-3.125,9292000.0,0.849504
2015-12-04,09292000,33189.79,0.0,270.62,0.28,-11.99,243.85,-5.855,9292000.0,0.9344544
2015-12-05,09292000,33132.03,0.0,279.54,-2.12,-15.21,187.35,-8.665000000000001,9292000.0,0.849504
2015-12-06,09292000,33077.61,0.0,293.18,2.99,-11.81,247.39,-4.41,9292000.0,0.8778208
2015-12-07,09292000,33026.56,2.83,189.18,4.1,-7.37,351.39,-1.6350000000000002,9292000.0,0.9061376
2015-12-08,09292000,32978.94,0.0,205.6,4.02,-4.66,432.31,-0.3200000000000003,9292000.0,0.9344544
2015-12-09,09292000,32934.76,2.38,189.54,6.41,-5.35,410.26,0.5300000000000002,9292000.0,0.9627712
2015-12-10,09292000,32894.07,3.39,177.49,1.52,-9.12,306.35,-3.8,9292000.0,0.9344544
2015-12-11,09292000,32856.9,0.0,224.27,-5.45,-15.09,189.25,-10.27,9292000.0,0.88914752
2015-12-12,09292000,32823.26,0.0,277.59,-5.16,-18.39,143.4,-11.775,9292000.0,0.89764256
2015-12-13,09292000,32793.2,0.0,318.21,3.83,-15.37,184.89,-5.77,9292000.0,0.849504
2015-12-14,09292000,32766.72,8.07,127.94,-6.76,-13.66,212.87,-10.21,9292000.0,0.9061376
2015-12-15,09292000,32743.86,0.0,225.04,-8.29,-17.76,151.34,-13.025,9292000.0,0.7928704
2015-12-16,09292000,32724.62,2.69,201.71,-8.55,-21.02,114.31,-14.785,9292000.0,0.6796032
2015-12-17,09292000,32709.02,2.76,222.61,-4.96,-20.3,121.65,-12.63,9292000.0,0.7362368
2015-12-18,09292000,32697.08,0.0,264.02,1.08,-11.42,255.31,-5.17,9292000.0,0.7645535999999999
2015-12-19,09292000,32688.8,0.0,217.95,-1.34,-10.86,267.11,-6.1,9292000.0,0.7928704
2015-12-20,09292000,32684.19,2.14,149.55,-2.32,-10.79,268.44,-6.555,9292000.0,0.8211872
2015-12-21,09292000,32683.26,18.44,173.23,-5.55,-15.34,185.36,-10.445,9292000.0,0.7362368
2015-12-22,09292000,32686.0,10.48,158.83,-3.55,-12.12,241.32,-7.834999999999999,9292000.0,0.7645535999999999
2015-12-23,09292000,32692.41,4.56,176.53,-9.68,-19.23,133.47,-14.455,9292000.0,0.6229696
2015-12-24,09292000,32702.49,2.6,223.4,-9.95,-23.97,87.99,-16.96,9292000.0,0.5946528
2015-12-25,09292000,32716.23,0.0,254.94,-9.85,-20.38,120.84,-15.114999999999998,9292000.0,0.6512864
2015-12-26,09292000,32733.61,0.0,291.39,-11.11,-24.15,86.56,-17.63,9292000.0,0.6229696
2015-12-27,09292000,32754.64,0.0,348.7,0.59,-24.27,85.62,-11.84,9292000.0,0.5946528
2015-12-28,09292000,32779.28,4.68,233.23,-4.3,-20.1,123.79,-12.2,9292000.0,0.566336
2015-12-29,09292000,32807.52,0.0,272.52,-8.17,-20.1,123.8,-14.135000000000002,9292000.0,0.6229696
2015-12-30,09292000,32839.34,0.0,288.08,-11.88,-24.94,80.62,-18.41,9292000.0,0.6796032
2015-12-31,09292000,32874.72,0.0,323.61,-9.38,-26.13,72.34,-17.755,9292000.0,0.6796032
2016-01-01,09292000,32913.8,0.0,336.06,-6.4,-23.07,95.34,-14.735,9292000.0,0.5946528
2016-01-02,09292000,32956.22,2.58,247.41,-1.72,-17.92,149.32,-9.82,9292000.0,0.6796032
2016-01-03,09292000,33002.11,0.0,292.81,1.38,-11.3,257.71,-4.960000000000001,9292000.0,0.7362368
2016-01-04,09292000,33051.44,3.02,149.22,-1.35,-8.97,310.02,-5.16,9292000.0,0.8211872
2016-01-05,09292000,33104.16,3.7,70.01,-4.61,-7.86,338.28,-6.235,9292000.0,0.8778208
2016-01-06,09292000,33160.24,4.36,108.85,-3.16,-8.45,322.91,-5.805,9292000.0,0.8211872
2016-01-07,09292000,33219.65,0.0,253.33,-3.53,-13.38,217.84,-8.455,9292000.0,0.79003872
2016-01-08,09292000,33282.33,0.0,314.24,-3.23,-16.7,165.43,-9.965,9292000.0,0.7928704
2016-01-09,09292000,33348.25,0.0,350.21,-4.81,-21.48,109.75,-13.145,9292000.0,0.7362368
2016-01-10,09292000,33417.36,0.0,354.34,-5.37,-22.13,103.64,-13.75,9292000.0,0.6229696
2016-01-11,09292000,33489.61,0.0,343.15,-0.56,-16.06,174.6,-8.309999999999999,9292000.0,0.566336
2016-01-12,09292000,33564.96,0.0,323.14,1.53,-12.18,240.23,-5.325,9292000.0,0.6512864
2016-01-13,09292000,33643.35,0.0,339.98,2.96,-12.07,242.35,-4.555,9292000.0,0.70792
2016-01-14,09292000,33724.73,0.0,303.74,-4.37,-16.35,170.47,-10.36,9292000.0,0.7362368
2016-01-15,09292000,33809.06,4.56,180.7,-4.73,-13.47,216.3,-9.1,9292000.0,0.7928704
2016-01-16,09292000,33896.27,4.99,243.44,-3.03,-16.13,173.54,-9.58,9292000.0,0.7645535999999999
2016-01-17,09292000,33986.31,0.0,261.09,-1.65,-11.07,262.67,-6.36,9292000.0,0.7362368
2016-01-18,09292000,34079.13,3.06,191.99,-2.22,-11.36,256.48,-6.79,9292000.0,0.69659328
2016-01-19,09292000,34174.68,3.22,275.67,-1.59,-17.54,154.19,-9.565,9292000.0,0.6796032
2016-01-20,09292000,34272.88,6.46,217.92,-5.4,-15.81,178.27,-10.605,9292000.0,0.70508832
2016-01-21,09292000,34373.7,0.0,390.57,1.78,-15.76,179.02,-6.99,9292000.0,0.6796032
2016-01-22,09292000,34477.06,0.0,357.41,4.58,-9.69,292.9,-2.555,9292000.0,0.70792
2016-01-23,09292000,34582.92,4.09,225.75,1.65,-9.03,308.56,-3.69,9292000.0,0.70792
2016-01-24,09292000,34691.2,0.0,301.93,-4.76,-15.13,188.61,-9.945,9292000.0,0.68809824
2016-01-25,09292000,34801.87,0.0,299.27,-6.65,-16.77,164.51,-11.71,9292000.0,0.6512864
2016-01-26,09292000,34914.85,0.0,406.25,0.99,-16.3,171.15,-7.655,9292000.0,0.5946528
2016-01-27,09292000,35030.08,0.0,381.99,4.9,-10.04,284.98,-2.5699999999999994,9292000.0,0.6512864
2016-01-28,09292000,35147.52,2.91,287.03,7.16,-7.9,337.09,-0.3700000000000001,9292000.0,0.6796032
2016-01-29,09292000,35267.09,3.58,252.09,4.23,-7.44,349.32,-1.605,9292000.0,0.6682764800000001
2016-01-30,09292000,35388.75,6.59,302.78,-1.38,-16.92,162.41,-9.15,9292000.0,0.6824348800000001
2016-01-31,09292000,35512.43,5.33,290.59,-8.14,-21.82,106.55,-14.98,9292000.0,0.6796032
2016-02-01,09292000,35638.08,5.69,232.63,-9.04,-18.46,142.54,-13.75,9292000.0,0.7362368
2016-02-02,09292000,35765.64,0.0,363.65,-12.1,-23.51,91.71,-17.805,9292000.0,0.6512864
2016-02-03,09292000,35895.05,0.0,388.67,-10.05,-22.76,98.02,-16.405,9292000.0,0.5946528
2016-02-04,09292000,36026.26,5.23,319.78,-3.83,-19.51,130.3,-11.670000000000002,9292000.0,0.5946528
2016-02-05,09292000,36159.21,0.0,393.2,-1.67,-15.01,190.53,-8.34,9292000.0,0.6229696
2016-02-06,09292000,36293.85,0.0,400.23,2.54,-11.29,258.05,-4.375,9292000.0,0.566336
2016-02-07,09292000,36430.12,0.0,308.47,1.99,-7.37,351.26,-2.69,9292000.0,0.5946528
2016-02-08,09292000,36567.97,0.0,350.28,4.73,-6.09,387.8,-0.6799999999999997,9292000.0,0.6229696
2016-02-09,09292000,36707.35,0.0,431.73,8.41,-6.6,372.8,0.9050000000000002,9292000.0,0.6512864
2016-02-10,09292000,36848.2,0.0,440.26,9.23,-6.18,385.1,1.5250000000000004,9292000.0,0.63146464
2016-02-11,09292000,36990.48,0.0,437.96,8.36,-6.5,375.62,0.9299999999999996,9292000.0,0.63146464
2016-02-12,09292000,37134.14,0.0,426.54,10.32,-3.75,463.0,3.285,9292000.0,0.62863296
2016-02-13,09292000,37279.12,0.0,355.89,4.99,-5.36,409.79,-0.185,9292000.0,0.61447456
2016-02-14,09292000,37425.37,0.0,229.19,0.66,-5.41,408.25,-2.375,9292000.0,0.57766272
2016-02-15,09292000,37572.85,2.11,237.4,3.99,-4.65,432.52,-0.33,9292000.0,0.56350432
2016-02-16,09292000,37721.52,0.0,427.66,6.36,-6.57,373.75,-0.1049999999999999,9292000.0,0.55500928
2016-02-17,09292000,37871.32,0.0,397.19,6.22,-5.24,413.67,0.4899999999999997,9292000.0,0.59748448
2016-02-18,09292000,38022.21,12.75,291.02,-1.3,-11.88,246.08,-6.590000000000001,9292000.0,0.60314784
2016-02-19,09292000,38174.15,0.0,476.01,1.22,-13.25,220.27,-6.015,9292000.0,0.68526656
2016-02-20,09292000,38327.09,0.0,474.92,0.83,-13.22,220.82,-6.195,9292000.0,0.5521776
2016-02-21,09292000,38481.0,0.0,528.39,3.9,-14.0,207.14,-5.05,9292000.0,0.60031616
2016-02-22,09292000,38635.82,0.0,469.95,-0.95,-14.47,199.18,-7.71,9292000.0,0.64562304
2016-02-23,09292000,38791.52,0.0,520.9,-1.49,-17.98,148.54,-9.735,9292000.0,0.6484547199999999
2016-02-24,09292000,38948.06,0.0,562.35,4.25,-16.77,164.53,-6.26,9292000.0,0.72774176
2016-02-25,09292000,39105.41,0.0,496.36,5.8,-9.22,304.06,-1.7100000000000004,9292000.0,0.7503952
2016-02-26,09292000,39263.51,0.0,525.76,7.27,-9.54,296.41,-1.1349999999999998,9292000.0,0.6937616
2016-02-27,09292000,39422.34,0.0,491.47,6.8,-7.57,345.89,-0.3850000000000002,9292000.0,0.6682764800000001
2016-02-28,09292000,39581.86,0.0,526.79,5.28,-10.96,264.84,-2.8400000000000003,9292000.0,0.6342963199999999
2016-02-29,09292000,39742.04,0.0,318.47,0.43,-7.32,352.65,-3.4450000000000003,9292000.0,0.6229696
2016-03-01,09292000,39902.83,0.0,458.51,4.45,-7.72,341.96,-1.6349999999999998,9292000.0,0.7503952
2016-03-02,09292000,40064.2,4.07,289.27,1.69,-7.83,339.03,-3.0700000000000003,9292000.0,0.85233568
2016-03-03,09292000,40226.13,0.0,572.56,8.57,-9.79,290.64,-0.6099999999999994,9292000.0,0.83817728
2016-03-04,09292000,40388.57,0.0,493.33,7.5,-5.93,392.43,0.7850000000000001,9292000.0,0.90896928
2016-03-05,09292000,40551.49,0.0,465.66,6.3,-5.69,399.81,0.3049999999999997,9292000.0,0.95144448
2016-03-06,09292000,40714.87,13.16,256.3,1.14,-6.71,369.68,-2.785,9292000.0,0.89764256
2016-03-07,09292000,40878.67,0.0,551.73,-0.05,-14.86,192.88,-7.455,9292000.0,0.7560585599999999
2016-03-08,09292000,41042.87,0.0,600.31,2.18,-15.85,177.65,-6.835,9292000.0,0.8211872
2016-03-09,09292000,41207.42,2.88,346.01,1.43,-9.81,290.14,-4.19,9292000.0,0.920296
2016-03-10,09292000,41372.31,0.0,588.84,7.79,-9.11,306.66,-0.6599999999999997,9292000.0,0.72774176
2016-03-11,09292000,41537.49,0.0,471.65,6.18,-5.2,414.81,0.4899999999999997,9292000.0,0.7362368
2016-03-12,09292000,41702.95,0.0,545.5,7.29,-6.77,368.05,0.2600000000000002,9292000.0,0.7560585599999999
2016-03-13,09292000,41868.66,0.0,463.08,2.47,-8.2,329.45,-2.8649999999999998,9292000.0,0.71075168
2016-03-14,09292000,42034.58,6.22,392.68,-0.4,-12.99,224.83,-6.695,9292000.0,0.71641504
2016-03-15,09292000,42200.7,2.64,249.61,-6.33,-13.37,218.07,-9.85,9292000.0,0.81269216
2016-03-16,09292000,42366.97,0.0,524.01,-2.57,-14.83,193.44,-8.7,9292000.0,0.8721574400000001
2016-03-17,09292000,42533.38,0.0,399.01,-0.35,-8.89,312.11,-4.62,9292000.0,0.71075168
2016-03-18,09292000,42699.89,0.0,606.05,1.5,-13.96,207.7,-6.23,9292000.0,0.71641504
2016-03-19,09292000,42866.49,0.0,634.21,5.05,-12.19,237.2,-3.57,9292000.0,0.79570208
2016-03-20,09292000,43033.14,0.0,638.61,8.13,-9.33,284.11,-0.5999999999999996,9292000.0,0.7503952
2016-03-21,09292000,43199.82,0.0,476.46,7.18,-3.54,470.24,1.82,9292000.0,0.81269216
2016-03-22,09292000,43366.49,3.88,383.11,1.15,-10.21,281.18,-4.53,9292000.0,0.80136544
2016-03-23,09292000,43533.14,6.17,377.8,-0.64,-11.54,252.8,-6.09,9292000.0,0.7617219199999999
2016-03-24,09292000,43699.74,0.0,632.17,1.61,-13.69,212.5,-6.04,9292000.0,0.7673852800000001
2016-03-25,09292000,43866.26,0.0,634.63,-3.1,-18.0,147.51,-10.55,9292000.0,0.91746432
2016-03-26,09292000,44032.67,0.0,688.74,-0.73,-18.63,126.83,-9.68,9292000.0,0.90330592
2016-03-27,09292000,44198.94,0.0,710.22,4.27,-15.23,152.53,-5.48,9292000.0,0.95710784
2016-03-28,09292000,44365.05,17.66,266.58,-1.52,-8.28,327.42,-4.9,9292000.0,0.95710784
2016-03-29,09292000,44530.98,15.45,446.38,-2.41,-15.04,190.07,-8.725,9292000.0,0.8410089599999999
2016-03-30,09292000,44696.68,4.28,487.01,-0.25,-15.16,188.23,-7.705,9292000.0,0.7419001599999999
2016-03-31,09292000,44862.15,7.07,405.93,0.92,-10.12,283.23,-4.6,9292000.0,0.75889024
2016-04-01,09292000,45027.33,0.0,711.18,3.33,-14.61,183.75,-5.64,9292000.0,1.00241472
2016-04-02,09292000,45192.22,0.0,729.26,6.6,-12.61,203.24,-3.005,9292000.0,1.01090976
2016-04-03,09292000,45356.77,0.0,672.98,8.87,-6.95,316.81,0.9599999999999996,9292000.0,1.05904832
2016-04-04,09292000,45520.97,0.0,656.61,8.35,-6.7,324.74,0.8249999999999997,9292000.0,1.09869184
2016-04-05,09292000,45684.77,0.0,425.34,0.92,-7.29,353.35,-3.185,9292000.0,1.09586016
2016-04-06,09292000,45848.15,0.0,674.63,9.57,-6.1,321.09,1.7350000000000003,9292000.0,1.132672
2016-04-07,09292000,46011.08,0.0,676.36,11.49,-4.1,363.52,3.695,9292000.0,1.41584
2016-04-08,09292000,46173.52,0.0,634.99,9.44,-4.42,373.9,2.51,9292000.0,1.51778048
2016-04-09,09292000,46335.44,3.31,382.09,7.88,-2.21,519.25,2.835,9292000.0,1.557424
2016-04-10,09292000,46496.82,5.13,345.89,5.01,-3.77,462.18,0.6199999999999999,9292000.0,1.5291072
2016-04-11,09292000,46657.61,5.37,455.35,7.19,-5.32,411.11,0.935,9292000.0,1.2600976
2016-04-12,09292000,46817.79,0.0,660.55,9.14,-5.06,363.75,2.0400000000000005,9292000.0,1.02506816
2016-04-13,09292000,46977.31,0.0,605.2,8.95,-3.36,428.62,2.795,9292000.0,1.1185136
2016-04-14,09292000,47136.14,4.14,492.14,4.29,-9.84,289.55,-2.775,9292000.0,1.28275104
2016-04-15,09292000,47294.25,0.0,578.47,0.41,-10.95,265.11,-5.27,9292000.0,1.15815712
2016-04-16,09292000,47451.59,0.0,500.38,1.98,-7.49,348.08,-2.755,9292000.0,1.05338496
2016-04-17,09292000,47608.14,4.95,446.32,-0.67,-12.39,236.12,-6.53,9292000.0,1.0052464
2016-04-18,09292000,47763.84,0.0,700.89,2.25,-12.7,209.73,-5.225,9292000.0,0.98259296
2016-04-19,09292000,47918.67,13.98,422.53,4.09,-6.59,372.97,-1.25,9292000.0,1.24877088
2016-04-20,09292000,48072.57,0.0,668.76,9.08,-4.68,367.79,2.2,9292000.0,1.2685926399999998
2016-04-21,09292000,48225.52,0.0,674.37,9.82,-4.2,376.08,2.81,9292000.0,1.32522624
2016-04-22,09292000,48377.46,0.0,631.38,10.26,-2.37,441.14,3.945,9292000.0,1.41584
2016-04-23,09292000,48528.35,4.97,368.85,4.1,-4.82,427.14,-0.3600000000000003,9292000.0,1.7414832
2016-04-24,09292000,48678.16,0.0,581.23,6.18,-4.62,403.08,0.7799999999999998,9292000.0,1.30540448
2016-04-25,09292000,48826.82,25.23,342.82,0.89,-6.93,363.57,-3.02,9292000.0,1.41584
2016-04-26,09292000,48974.31,9.22,381.81,1.43,-7.19,356.27,-2.8800000000000003,9292000.0,1.22045408
2016-04-27,09292000,49120.57,6.43,504.49,5.1,-7.81,339.44,-1.355,9292000.0,1.19780064
2016-04-28,09292000,49265.55,9.27,470.43,1.8,-9.6,294.99,-3.9,9292000.0,1.22894912
2016-04-29,09292000,49409.2,0.0,753.76,4.26,-11.32,243.88,-3.53,9292000.0,1.27142432
2016-04-30,09292000,49551.49,0.0,659.06,1.05,-11.08,262.46,-5.015,9292000.0,1.27142432
2016-05-01,09292000,49692.34,0.0,687.83,3.55,-9.28,290.05,-2.865,9292000.0,1.203464
2016-05-02,09292000,49831.73,0.0,806.19,8.03,-10.15,238.24,-1.0600000000000005,9292000.0,1.21195904
2016-05-03,09292000,49969.58,0.0,803.52,11.31,-6.93,293.07,2.1900000000000004,9292000.0,1.3025728
2016-05-04,09292000,50105.86,0.0,768.39,11.85,-4.39,359.69,3.73,9292000.0,1.29690944
2016-05-05,09292000,50240.5,5.19,490.91,12.66,0.19,599.71,6.425,9292000.0,1.5149488
2016-05-06,09292000,50373.45,14.33,460.62,8.12,-2.89,493.79,2.6149999999999998,9292000.0,2.59381888
2016-05-07,09292000,50504.67,7.23,379.66,5.38,-2.98,490.33,1.2,9292000.0,3.1431648
2016-05-08,09292000,50634.08,16.43,339.67,4.45,-2.76,498.65,0.8450000000000002,9292000.0,2.70708608
2016-05-09,09292000,50761.65,18.23,529.63,7.86,-5.39,409.01,1.2350000000000003,9292000.0,3.5112832
2016-05-10,09292000,50887.3,0.0,741.68,3.81,-10.42,276.61,-3.305,9292000.0,3.7944512
2016-05-11,09292000,51010.98,0.0,778.16,6.02,-9.93,278.21,-1.955,9292000.0,2.973264
2016-05-12,09292000,51132.65,0.0,827.09,11.13,-8.31,293.23,1.41,9292000.0,2.61080896
2016-05-13,09292000,51252.23,0.0,751.89,14.45,-1.12,505.49,6.664999999999999,9292000.0,2.8883136
2016-05-14,09292000,51369.66,0.0,719.31,14.49,0.24,566.76,7.365,9292000.0,4.0493024
2016-05-15,09292000,51484.91,9.05,364.73,6.77,-1.36,552.82,2.705,9292000.0,5.3518752
2016-05-16,09292000,51597.89,10.42,299.35,4.64,-1.78,535.87,1.4299999999999995,9292000.0,5.1253408
2016-05-17,09292000,51708.56,4.34,390.76,6.41,-2.24,518.09,2.085,9292000.0,4.389104
2016-05-18,09292000,51816.85,5.81,520.82,10.36,-2.59,504.72,3.885,9292000.0,4.1625696
2016-05-19,09292000,51922.71,0.0,677.26,10.36,-1.97,518.25,4.194999999999999,9292000.0,4.8421728
2016-05-20,09292000,52026.08,0.0,366.94,7.5,1.78,694.5,4.64,9292000.0,6.0597952
2016-05-21,09292000,52126.9,9.1,420.53,4.8,-4.27,445.12,0.2650000000000001,9292000.0,6.7110816
2016-05-22,09292000,52225.11,3.4,557.78,5.74,-8.22,328.95,-1.2400000000000002,9292000.0,5.6067264
2016-05-23,09292000,52320.66,0.0,730.46,6.87,-6.62,372.11,0.125,9292000.0,4.3041536
2016-05-24,09292000,52413.49,0.0,679.94,7.72,-4.32,443.62,1.6999999999999995,9292000.0,3.2847488
2016-05-25,09292000,52503.54,0.0,694.93,7.77,-4.82,426.96,1.4749999999999996,9292000.0,3.0582144
2016-05-26,09292000,52590.76,0.0,674.97,7.38,-4.7,430.87,1.34,9292000.0,3.0582144
2016-05-27,09292000,52675.09,0.0,656.26,8.28,-3.29,479.1,2.495,9292000.0,2.9166304
2016-05-28,09292000,52756.48,0.0,720.58,10.15,-3.43,461.62,3.3600000000000003,9292000.0,3.5396
2016-05-29,09292000,52834.87,0.0,681.17,10.56,-1.75,529.99,4.405,9292000.0,4.8988064
2016-05-30,09292000,52910.23,0.0,669.25,11.3,-0.71,571.36,5.295,9292000.0,5.5500928
2016-05-31,09292000,52982.49,0.0,748.84,12.33,-2.29,486.29,5.02,9292000.0,9.3162272
2016-06-01,09292000,53051.6,0.0,769.89,13.74,-1.71,493.25,6.015000000000001,9292000.0,13.025728
2016-06-02,09292000,53117.53,0.0,761.15,15.34,0.23,562.91,7.785,9292000.0,17.4714656
2016-06-03,09292000,53180.22,0.0,674.28,14.56,2.48,695.08,8.52,9292000.0,21.5774016
2016-06-04,09292000,53239.63,0.0,775.34,18.02,2.14,627.42,10.08,9292000.0,27.2407616
2016-06-05,09292000,53295.72,0.0,778.81,18.78,2.53,624.8,10.655,9292000.0,33.130656
2016-06-06,09292000,53348.45,0.0,701.42,16.89,3.53,710.6,10.21,9292000.0,32.847488
2016-06-07,09292000,53397.78,2.56,531.89,16.78,2.69,740.87,9.735,9292000.0,27.2407616
2016-06-08,09292000,53443.68,0.0,696.06,16.37,3.02,689.29,9.695,9292000.0,27.9486816
2016-06-09,09292000,53486.11,0.0,681.63,17.59,4.61,770.31,11.1,9292000.0,30.582144
2016-06-10,09292000,53525.04,0.0,660.52,17.9,5.59,832.97,11.745,9292000.0,29.166304
2016-06-11,09292000,53560.44,4.28,490.66,14.22,2.36,724.06,8.290000000000001,9292000.0,25.1736352
2016-06-12,09292000,53592.28,5.11,448.42,12.94,2.69,741.11,7.814999999999999,9292000.0,23.36136
2016-06-13,09292000,53620.55,5.3,453.49,10.66,0.48,632.13,5.57,9292000.0,20.8411648
2016-06-14,09292000,53645.21,0.0,680.67,12.17,0.04,583.56,6.105,9292000.0,15.2061216
2016-06-15,09292000,53666.26,0.0,599.82,14.75,4.36,813.24,9.555,9292000.0,14.9229536
2016-06-16,09292000,53683.67,0.0,643.85,14.52,3.03,724.15,8.775,9292000.0,16.3104768
2016-06-17,09292000,53697.43,0.0,705.57,16.55,3.2,698.67,9.875,9292000.0,16.1688928
2016-06-18,09292000,53707.54,0.0,742.08,18.48,3.64,696.51,11.06,9292000.0,16.140576
2016-06-19,09292000,53713.97,0.0,669.71,19.24,6.38,874.74,12.81,9292000.0,15.3477056
2016-06-20,09292000,53716.74,0.0,725.78,21.55,6.39,834.62,13.97,9292000.0,13.9035488
2016-06-21,09292000,53715.83,0.0,680.38,21.68,7.98,949.51,14.83,9292000.0,14.6114688
2016-06-22,09292000,53711.24,0.0,615.26,20.3,8.54,1025.14,14.42,9292000.0,13.9884992
2016-06-23,09292000,53702.99,0.0,621.93,19.25,7.35,947.19,13.3,9292000.0,12.8558272
2016-06-24,09292000,53691.07,0.0,686.68,19.4,5.5,800.94,12.45,9292000.0,12.0629568
2016-06-25,09292000,53675.5,0.0,697.81,17.15,2.94,675.85,10.045,9292000.0,10.5338496
2016-06-26,09292000,53656.28,0.0,748.01,18.7,2.14,613.32,10.42,9292000.0,8.3251392
2016-06-27,09292000,53633.44,0.0,727.85,20.73,4.71,708.09,12.72,9292000.0,6.5694976
2016-06-28,09292000,53606.99,0.0,691.31,21.64,6.82,806.66,14.23,9292000.0,5.6067264
2016-06-29,09292000,53576.95,4.32,427.92,17.69,6.47,965.55,12.08,9292000.0,5.2102912
2016-06-30,09292000,53543.34,4.15,329.82,13.91,5.94,930.77,9.925,9292000.0,5.4651424
2016-07-01,09292000,53506.18,7.02,432.03,14.77,3.79,800.82,9.28,9292000.0,5.66336
2016-07-02,09292000,53465.52,0.0,623.21,15.75,3.67,715.74,9.71,9292000.0,4.95544
2016-07-03,09292000,53421.36,0.0,607.12,15.71,4.03,742.36,9.87,9292000.0,4.4740544
2016-07-04,09292000,53373.76,0.0,663.77,18.17,4.67,734.92,11.420000000000002,9292000.0,4.1342528
2016-07-05,09292000,53322.74,0.0,593.78,18.48,7.04,906.27,12.76,9292000.0,3.7095008
2016-07-06,09292000,53268.34,0.0,611.51,17.22,5.38,805.47,11.3,9292000.0,3.3413824
2016-07-07,09292000,53210.6,0.0,666.68,17.44,3.87,698.37,10.655,9292000.0,2.973264
2016-07-08,09292000,53149.56,0.0,662.08,18.85,5.2,761.22,12.025,9292000.0,2.6759376
2016-07-09,09292000,53085.26,0.0,629.79,19.45,6.72,855.58,13.085,9292000.0,3.5396
2016-07-10,09292000,53017.74,0.0,668.2,17.59,3.64,674.79,10.615,9292000.0,3.0865312
2016-07-11,09292000,52947.06,0.0,637.69,13.07,0.37,560.09,6.72,9292000.0,2.265344
2016-07-12,09292000,52873.26,0.0,667.61,16.38,2.3,613.32,9.34,9292000.0,1.7556416
2016-07-13,09292000,52796.4,0.0,662.52,17.65,3.45,661.53,10.55,9292000.0,1.5149488
2016-07-14,09292000,52716.51,0.0,700.26,19.57,3.45,628.52,11.51,9292000.0,1.36203808
2016-07-15,09292000,52633.66,0.0,629.29,19.42,5.87,785.61,12.645,9292000.0,1.3592064
2016-07-16,09292000,52547.89,0.0,545.77,18.54,7.4,934.78,12.97,9292000.0,1.3025728
2016-07-17,09292000,52459.26,0.0,601.66,19.71,6.85,848.18,13.28,9292000.0,1.29690944
2016-07-18,09292000,52367.82,0.0,494.98,15.88,6.16,898.96,11.02,9292000.0,1.21479072
2016-07-19,09292000,52273.64,0.0,577.36,18.03,6.07,802.35,12.05,9292000.0,1.27142432
2016-07-20,09292000,52176.77,0.0,637.03,20.44,6.32,764.7,13.38,9292000.0,1.274256
2016-07-21,09292000,52077.25,5.24,463.91,19.78,5.93,868.16,12.855,9292000.0,1.27708768
2016-07-22,09292000,51975.16,0.0,629.05,19.81,5.7,753.75,12.755,9292000.0,1.39318656
2016-07-23,09292000,51870.55,0.0,636.99,20.23,5.61,732.58,12.92,9292000.0,1.61122592
2016-07-24,09292000,51763.48,0.0,635.7,20.72,5.96,749.96,13.34,9292000.0,1.32522624
2016-07-25,09292000,51654.0,0.0,626.08,21.21,6.79,734.54,14.0,9292000.0,1.6423744
2016-07-26,09292000,51542.18,5.06,451.42,19.62,5.88,809.11,12.75,9292000.0,1.77829504
2016-07-27,09292000,51428.07,0.0,668.81,21.78,5.28,605.57,13.53,9292000.0,1.83492864
2016-07-28,09292000,51311.73,0.0,638.6,22.22,6.96,669.91,14.59,9292000.0,1.53477056
2016-07-29,09292000,51193.22,0.0,622.41,22.12,7.3,700.18,14.71,9292000.0,1.41300832
2016-07-30,09292000,51072.6,6.62,415.76,20.14,7.35,899.6,13.745,9292000.0,1.39601824
2016-07-31,09292000,50949.93,11.71,381.33,16.96,5.69,864.43,11.325,9292000.0,1.85758208
2016-08-01,09292000,50825.26,0.0,601.86,19.93,5.42,694.96,12.675,9292000.0,1.84342368
2016-08-02,09292000,50698.66,0.0,590.58,20.45,6.1,734.46,13.275,9292000.0,1.53477056
2016-08-03,09292000,50570.17,0.0,554.27,19.96,6.87,805.52,13.415,9292000.0,1.48946368
2016-08-04,09292000,50439.86,0.0,551.51,18.27,5.27,721.16,11.77,9292000.0,1.38185984
2016-08-05,09292000,50307.77,0.0,492.01,17.73,6.58,800.55,12.155,9292000.0,1.32805792
2016-08-06,09292000,50173.97,0.0,546.42,18.15,5.25,668.24,11.7,9292000.0,1.45548352
2016-08-07,09292000,50038.52,5.28,359.23,15.49,4.63,761.73,10.06,9292000.0,1.4639785600000002
2016-08-08,09292000,49901.45,0.0,553.51,17.03,3.94,518.43,10.485,9292000.0,1.50362208
2016-08-09,09292000,49762.83,0.0,482.4,18.33,7.39,718.64,12.86,9292000.0,1.38185984
2016-08-10,09292000,49622.71,4.28,399.13,16.6,3.86,646.6,10.23,9292000.0,1.27991936
2016-08-11,09292000,49481.14,0.0,524.3,14.23,2.06,505.4,8.145,9292000.0,1.3846915199999998
2016-08-12,09292000,49338.17,0.0,604.58,16.68,1.04,412.96,8.86,9292000.0,1.32522624
2016-08-13,09292000,49193.85,0.0,573.41,17.12,2.81,486.09,9.965,9292000.0,1.22045408
2016-08-14,09292000,49048.23,0.0,596.87,19.51,3.84,458.81,11.675,9292000.0,1.1411670399999998
2016-08-15,09292000,48901.36,0.0,520.87,17.89,5.3,531.77,11.595,9292000.0,1.09586016
2016-08-16,09292000,48753.29,0.0,547.43,17.91,4.23,453.31,11.07,9292000.0,1.0703750399999998
2016-08-17,09292000,48604.05,0.0,545.9,18.62,4.76,437.97,11.69,9292000.0,1.132672
2016-08-18,09292000,48453.7,0.0,516.42,16.12,3.35,435.42,9.735,9292000.0,1.1864739199999998
2016-08-19,09292000,48302.28,0.0,557.59,17.65,3.0,386.98,10.325,9292000.0,1.21195904
2016-08-20,09292000,48149.84,0.0,566.95,17.05,1.9,313.14,9.475,9292000.0,1.08170176
2016-08-21,09292000,47996.41,0.0,572.5,19.05,3.36,313.45,11.205,9292000.0,1.09586016
2016-08-22,09292000,47842.04,0.0,469.63,17.21,3.76,418.4,10.485,9292000.0,1.3677014399999998
2016-08-23,09292000,47686.78,0.0,457.15,16.36,3.43,426.53,9.895,9292000.0,1.39601824
2016-08-24,09292000,47530.65,0.0,477.94,15.26,1.42,361.87,8.34,9292000.0,1.31956288
2016-08-25,09292000,47373.71,0.0,458.93,13.27,0.3,359.33,6.785,9292000.0,1.27991936
2016-08-26,09292000,47215.98,6.95,331.29,12.38,-0.05,456.5,6.165,9292000.0,1.39601824
2016-08-27,09292000,47057.51,0.0,475.71,14.6,0.77,386.26,7.685,9292000.0,1.35071136
2016-08-28,09292000,46898.33,0.0,477.41,15.82,1.82,408.93,8.82,9292000.0,1.31106784
2016-08-29,09292000,46738.48,0.0,456.4,18.02,4.79,510.18,11.405,9292000.0,1.23461248
2016-08-30,09292000,46577.99,0.0,465.13,17.77,4.0,478.4,10.885,9292000.0,1.203464
2016-08-31,09292000,46416.91,0.0,502.73,20.0,3.88,430.69,11.94,9292000.0,1.19496896
2016-09-01,09292000,46255.26,2.55,339.11,17.81,4.07,612.64,10.94,9292000.0,1.31106784
2016-09-02,09292000,46093.07,5.43,300.46,15.44,3.97,677.18,9.705,9292000.0,1.32805792
2016-09-03,09292000,45930.38,8.64,296.37,15.26,3.94,704.65,9.6,9292000.0,1.40734496
2016-09-04,09292000,45767.23,3.72,205.33,10.62,3.4,779.11,7.01,9292000.0,1.87174048
2016-09-05,09292000,45603.64,0.0,372.43,11.92,1.73,594.41,6.825,9292000.0,1.63104768
2016-09-06,09292000,45439.64,0.0,448.51,13.86,0.46,476.62,7.16,9292000.0,1.43283008
2016-09-07,09292000,45275.26,0.0,450.8,14.71,1.01,490.81,7.86,9292000.0,1.33655296
2016-09-08,09292000,45110.54,0.0,408.37,15.9,3.9,631.66,9.9,9292000.0,1.274256
2016-09-09,09292000,44945.5,0.0,464.54,14.16,-0.54,436.09,6.8100000000000005,9292000.0,1.19496896
2016-09-10,09292000,44780.17,0.0,508.39,16.93,-1.36,364.0,7.785,9292000.0,1.1468304
2016-09-11,09292000,44614.58,0.0,450.16,17.62,3.13,521.15,10.375,9292000.0,1.1185136
2016-09-12,09292000,44448.77,0.0,390.74,15.33,3.69,585.55,9.51,9292000.0,1.08736512
2016-09-13,09292000,44282.75,13.86,300.03,12.46,0.36,551.44,6.41,9292000.0,1.10152352
2016-09-14,09292000,44116.55,14.58,207.53,6.94,-0.62,583.77,3.16,9292000.0,1.71599808
2016-09-15,09292000,43950.2,0.0,351.69,7.9,-2.03,511.59,2.9350000000000005,9292000.0,1.58007744
2016-09-16,09292000,43783.74,0.0,409.78,9.74,-2.57,457.45,3.585,9292000.0,1.48096864
2016-09-17,09292000,43617.18,0.0,465.25,13.34,-2.4,423.42,5.47,9292000.0,1.37053312
2016-09-18,09292000,43450.55,0.0,452.19,16.42,1.06,537.29,8.74,9292000.0,1.24877088
2016-09-19,09292000,43283.89,0.0,445.42,17.81,2.6,598.48,10.205,9292000.0,1.1864739199999998
2016-09-20,09292000,43117.21,0.0,448.5,17.07,1.57,559.18,9.32,9292000.0,1.13833536
2016-09-21,09292000,42950.54,6.79,280.34,11.96,0.37,627.41,6.165,9292000.0,1.1411670399999998
2016-09-22,09292000,42783.91,52.03,187.95,7.41,0.42,629.45,3.915,9292000.0,2.8883136
2016-09-23,09292000,42617.35,8.7,172.65,3.77,-2.46,509.75,0.655,9292000.0,5.1536576
2016-09-24,09292000,42450.89,14.56,225.78,3.48,-4.88,425.02,-0.7,9292000.0,3.5112832
2016-09-25,09292000,42284.54,0.0,455.02,10.45,-5.74,398.18,2.3549999999999995,9292000.0,2.973264
2016-09-26,09292000,42118.34,0.0,445.02,14.37,-1.69,539.71,6.34,9292000.0,2.9449472
2016-09-27,09292000,41952.32,0.0,428.05,14.72,-0.36,594.9,7.180000000000001,9292000.0,3.1431648
2016-09-28,09292000,41786.5,0.0,405.12,14.23,0.45,631.02,7.34,9292000.0,2.9449472
2016-09-29,09292000,41620.92,16.14,162.18,8.04,1.93,701.79,4.984999999999999,9292000.0,3.3413824
2016-09-30,09292000,41455.59,0.0,319.7,10.31,0.82,647.93,5.565,9292000.0,3.9926688
2016-10-01,09292000,41290.54,5.51,259.53,10.82,0.16,617.78,5.49,9292000.0,3.6245504
2016-10-02,09292000,41125.82,10.09,178.86,7.31,0.62,638.64,3.965,9292000.0,3.8794016
2016-10-03,09292000,40961.44,7.11,202.37,2.61,-4.96,422.68,-1.175,9292000.0,4.5873216
2016-10-04,09292000,40797.44,0.0,357.21,3.06,-7.88,337.56,-2.41,9292000.0,4.105936
2016-10-05,09292000,40633.84,0.0,350.29,2.73,-8.02,333.99,-2.645,9292000.0,3.7378176
2016-10-06,09292000,40470.68,0.0,374.15,2.43,-9.57,295.85,-3.5700000000000003,9292000.0,3.3413824
2016-10-07,09292000,40307.99,0.0,424.93,7.43,-8.59,319.55,-0.5800000000000001,9292000.0,3.114848
2016-10-08,09292000,40145.81,0.0,383.98,9.91,-3.44,473.7,3.2350000000000003,9292000.0,3.1997984
2016-10-09,09292000,39984.15,0.0,380.41,11.86,-1.56,544.86,5.15,9292000.0,2.8033632
2016-10-10,09292000,39823.06,0.0,361.16,11.15,-1.1,563.59,5.025,9292000.0,2.61364064
2016-10-11,09292000,39662.57,0.0,304.81,8.8,-0.67,581.38,4.065,9292000.0,2.56550208
2016-10-12,09292000,39502.72,0.0,375.05,9.51,-3.68,465.35,2.915,9292000.0,2.39560128
2016-10-13,09292000,39343.54,0.0,362.68,11.31,-1.5,547.13,4.905,9292000.0,2.21154208
2016-10-14,09292000,39185.06,0.0,309.82,11.44,1.17,664.66,6.305,9292000.0,2.1096016
2016-10-15,09292000,39027.33,0.0,275.63,11.52,2.61,736.88,7.065,9292000.0,1.97084928
2016-10-16,09292000,38870.38,0.0,170.82,7.54,2.44,728.05,4.99,9292000.0,1.89156224
2016-10-17,09292000,38714.24,8.4,296.97,4.53,-8.0,334.5,-1.735,9292000.0,1.97651264
2016-10-18,09292000,38558.97,2.12,242.31,2.15,-6.93,363.57,-2.39,9292000.0,1.95102752
2016-10-19,09292000,38404.6,0.0,405.66,2.79,-10.13,283.02,-3.67,9292000.0,1.82360192
2016-10-20,09292000,38251.17,0.0,456.1,8.69,-10.17,281.97,-0.7400000000000002,9292000.0,1.6650278399999998
2016-10-21,09292000,38098.72,0.0,407.81,11.7,-2.76,498.57,4.47,9292000.0,1.77263168
2016-10-22,09292000,37947.29,0.0,349.81,10.61,-0.6,584.41,5.005,9292000.0,1.73581984
2016-10-23,09292000,37796.93,0.0,338.32,11.18,0.19,619.0,5.685,9292000.0,1.62255264
2016-10-24,09292000,37647.69,4.89,142.48,6.23,0.73,643.91,3.4800000000000004,9292000.0,1.63954272
2016-10-25,09292000,37499.61,0.0,287.97,7.86,-2.22,518.81,2.8200000000000003,9292000.0,1.75280992
2016-10-26,09292000,37352.73,0.0,337.58,9.43,-3.77,462.13,2.83,9292000.0,1.67918624
2016-10-27,09292000,37207.1,0.0,308.55,11.09,-0.35,595.45,5.37,9292000.0,1.54892896
2016-10-28,09292000,37062.77,5.98,198.88,9.83,0.6,638.04,5.215,9292000.0,1.4838003199999998
2016-10-29,09292000,36919.79,0.0,222.73,7.38,-0.05,608.69,3.665,9292000.0,1.80094848
2016-10-30,09292000,36778.21,8.36,70.28,4.93,2.11,711.08,3.52,9292000.0,1.82077024
2016-10-31,09292000,36638.08,7.31,157.67,3.48,-3.35,477.07,0.0649999999999999,9292000.0,2.80902656
2016-11-01,09292000,36499.45,0.0,289.48,4.55,-5.95,391.96,-0.7000000000000002,9292000.0,2.51736352
2016-11-02,09292000,36362.38,0.0,331.5,5.13,-8.75,315.57,-1.81,9292000.0,2.04447296
2016-11-03,09292000,36226.91,0.0,336.78,8.8,-6.47,376.45,1.1650000000000005,9292000.0,1.82077024
2016-11-04,09292000,36093.1,0.0,310.7,9.78,-3.38,476.08,3.2,9292000.0,1.75847328
2016-11-05,09292000,35961.0,0.0,294.29,9.32,-2.75,498.86,3.285,9292000.0,1.68768128
2016-11-06,09292000,35830.68,0.0,294.82,8.18,-3.92,457.14,2.13,9292000.0,1.61122592
2016-11-07,09292000,35702.18,0.0,283.02,8.21,-3.24,480.97,2.4850000000000003,9292000.0,1.50928544
2016-11-08,09292000,35575.56,0.0,303.14,9.98,-3.3,478.75,3.3400000000000003,9292000.0,1.43283008
2016-11-09,09292000,35450.88,0.0,305.29,11.7,-2.2,519.57,4.75,9292000.0,1.40451328
2016-11-10,09292000,35328.19,0.0,278.78,10.07,-1.79,535.44,4.140000000000001,9292000.0,1.34787968
2016-11-11,09292000,35207.56,0.0,275.16,9.22,-2.45,510.07,3.385,9292000.0,1.29124608
2016-11-12,09292000,35089.04,0.0,267.06,7.87,-3.31,478.56,2.28,9292000.0,1.6848496
2016-11-13,09292000,34972.69,0.0,242.47,6.74,-3.0,489.64,1.87,9292000.0,2.5060368
2016-11-14,09292000,34858.56,0.0,278.64,10.63,-2.0,527.39,4.315,9292000.0,1.79528512
2016-11-15,09292000,34746.73,0.0,273.1,10.86,-1.72,538.41,4.569999999999999,9292000.0,1.0901968
2016-11-16,09292000,34637.23,0.0,231.92,5.98,-3.66,466.01,1.16,9292000.0,1.04488992
2016-11-17,09292000,34530.14,4.57,212.29,-2.49,-13.53,215.17,-8.01,9292000.0,1.25443424
2016-11-18,09292000,34425.52,0.0,327.07,-2.85,-17.35,156.63,-10.1,9292000.0,1.2402758399999998
2016-11-19,09292000,34323.41,0.0,309.15,4.85,-8.37,325.09,-1.7599999999999998,9292000.0,1.4384934399999998
2016-11-20,09292000,34223.88,0.0,257.68,5.61,-4.24,446.12,0.685,9292000.0,1.628216
2016-11-21,09292000,34126.99,5.61,127.61,0.42,-5.48,406.28,-2.53,9292000.0,1.52344384
2016-11-22,09292000,34032.78,0.0,285.17,0.45,-10.93,265.54,-5.24,9292000.0,0.95144448
2016-11-23,09292000,33941.33,8.75,183.33,-2.9,-12.09,241.99,-7.495,9292000.0,0.94011776
2016-11-24,09292000,33852.69,0.0,299.74,-2.73,-15.51,182.83,-9.12,9292000.0,0.8410089599999999
2016-11-25,09292000,33766.9,0.0,320.94,1.33,-14.09,205.52,-6.38,9292000.0,0.87498912
2016-11-26,09292000,33684.02,3.5,223.02,1.2,-12.12,241.29,-5.46,9292000.0,0.9061376
2016-11-27,09292000,33604.12,5.03,191.68,-3.74,-13.98,207.37,-8.86,9292000.0,1.00807808
2016-11-28,09292000,33527.23,6.14,173.84,-5.85,-14.8,193.86,-10.325,9292000.0,0.94578112
2016-11-29,09292000,33453.41,0.0,295.87,-7.88,-21.24,112.07,-14.56,9292000.0,0.82401888
2016-11-30,09292000,33382.71,0.0,330.11,-4.17,-23.05,95.52,-13.61,9292000.0,0.72491008
2016-12-01,09292000,33315.18,0.0,297.87,-6.12,-20.64,118.09,-13.38,9292000.0,0.92879104
2016-12-02,09292000,33250.86,0.0,302.4,-7.22,-22.44,100.84,-14.83,9292000.0,0.92879104
2016-12-03,09292000,33189.79,5.8,227.25,-4.53,-20.17,123.08,-12.35,9292000.0,0.80986048
2016-12-04,09292000,33132.03,4.94,202.07,1.68,-10.93,265.61,-4.625,9292000.0,0.98825632
2016-12-05,09292000,33077.61,0.0,317.37,-5.45,-23.16,94.58,-14.305,9292000.0,1.1043552
2016-12-06,09292000,33026.56,0.0,296.07,-8.22,-23.26,93.78,-15.740000000000002,9292000.0,1.274256
2016-12-07,09292000,32978.94,0.0,286.0,-12.5,-26.65,68.97,-19.575,9292000.0,1.29974112
2016-12-08,09292000,32934.76,15.15,244.54,-4.79,-25.56,76.17,-15.175,9292000.0,1.2685926399999998
2016-12-09,09292000,32894.07,4.12,113.12,-0.15,-6.44,377.39,-3.2950000000000004,9292000.0,1.33372128
2016-12-10,09292000,32856.9,21.42,103.85,-0.46,-6.03,389.55,-3.245,9292000.0,1.3648697600000002
2016-12-11,09292000,32823.26,0.0,166.48,-4.07,-10.71,270.31,-7.390000000000001,9292000.0,1.2855827199999998
2016-12-12,09292000,32793.2,0.0,227.79,-3.32,-12.94,225.8,-8.129999999999999,9292000.0,1.20912736
2016-12-13,09292000,32766.72,0.0,225.22,-3.27,-12.78,228.84,-8.025,9292000.0,1.24310752
2016-12-14,09292000,32743.86,7.73,158.7,0.1,-8.68,317.17,-4.29,9292000.0,1.31389952
2016-12-15,09292000,32724.62,8.54,151.32,4.94,-3.42,474.67,0.7600000000000002,9292000.0,1.29690944
2016-12-16,09292000,32709.02,21.48,228.91,-0.53,-15.94,176.41,-8.235,9292000.0,1.39318656
2016-12-17,09292000,32697.08,0.0,286.28,-10.88,-24.02,87.57,-17.45,9292000.0,1.23744416
2016-12-18,09292000,32688.8,0.0,324.69,-6.81,-24.72,82.23,-15.765,9292000.0,1.05338496
2016-12-19,09292000,32684.19,4.23,243.17,0.58,-18.14,146.52,-8.780000000000001,9292000.0,1.05055328
2016-12-20,09292000,32683.26,0.0,258.25,4.54,-7.22,355.48,-1.34,9292000.0,1.13833536
2016-12-21,09292000,32686.0,0.0,263.04,0.85,-11.27,258.4,-5.21,9292000.0,1.25726592
2016-12-22,09292000,32692.41,0.0,234.7,-2.64,-12.84,227.72,-7.74,9292000.0,1.31389952
2016-12-23,09292000,32702.49,7.89,224.62,0.15,-15.23,187.11,-7.54,9292000.0,1.2176224
2016-12-24,09292000,32716.23,34.8,63.23,-4.81,-7.86,338.24,-6.335,9292000.0,1.2459392
2016-12-25,09292000,32733.61,11.13,237.8,-5.12,-20.7,117.55,-12.91,9292000.0,1.32805792
2016-12-26,09292000,32754.64,0.0,328.2,-6.96,-23.54,91.43,-15.25,9292000.0,1.1694838399999998
2016-12-27,09292000,32779.28,4.33,248.42,-0.93,-18.57,141.2,-9.75,9292000.0,1.13833536
2016-12-28,09292000,32807.52,0.0,262.55,-3.15,-14.42,200.08,-8.785,9292000.0,1.30823616
2016-12-29,09292000,32839.34,0.0,337.73,3.94,-14.45,199.52,-5.255,9292000.0,1.25160256
2016-12-30,09292000,32874.72,0.0,303.91,3.28,-11.04,263.16,-3.88,9292000.0,1.2685926399999998
2016-12-31,09292000,0.0,0.0,0.0,0.0,0.0,0.0,0.0,9292000.0,1.2685926399999998
2017-01-01,09292000,32913.8,5.35,199.14,-3.35,-14.87,192.77,-9.11,9292000.0,1.2317808
2017-01-02,09292000,32956.22,14.03,81.18,-8.05,-11.94,244.78,-9.995,9292000.0,1.274256
2017-01-03,09292000,33002.11,7.92,140.56,-8.22,-15.24,186.97,-11.73,9292000.0,1.24310752
2017-01-04,09292000,33051.44,29.45,115.5,-3.87,-9.41,299.64,-6.640000000000001,9292000.0,1.2855827199999998
2017-01-05,09292000,33104.16,0.0,344.39,-9.18,-26.95,67.05,-18.065,9292000.0,1.14399872
2017-01-06,09292000,33160.24,0.0,350.97,-8.63,-27.54,63.49,-18.085,9292000.0,0.91180096
2017-01-07,09292000,33219.65,8.71,256.47,-3.2,-20.46,120.02,-11.83,9292000.0,0.991088
2017-01-08,09292000,33282.33,12.58,125.67,0.01,-5.95,391.88,-2.97,9292000.0,1.1185136
2017-01-09,09292000,33348.25,33.46,172.02,-0.99,-9.22,304.14,-5.105,9292000.0,1.1893056
2017-01-10,09292000,33417.36,17.72,134.63,-4.3,-10.34,278.34,-7.32,9292000.0,1.2176224
2017-01-11,09292000,33489.61,19.24,165.12,-4.09,-11.53,253.05,-7.81,9292000.0,1.29974112
2017-01-12,09292000,33564.96,8.67,173.1,-5.22,-12.96,225.48,-9.09,9292000.0,1.30823616
2017-01-13,09292000,33643.35,0.0,276.27,-2.38,-11.99,243.82,-7.1850000000000005,9292000.0,1.4016816
2017-01-14,09292000,33724.73,0.0,328.26,-1.49,-13.89,208.94,-7.69,9292000.0,1.39601824
2017-01-15,09292000,33809.06,0.0,338.53,-0.23,-13.26,220.05,-6.745,9292000.0,1.29690944
2017-01-16,09292000,33896.27,0.0,364.88,-1.03,-16.04,174.89,-8.535,9292000.0,1.22894912
2017-01-17,09292000,33986.31,0.0,396.32,3.34,-15.83,177.99,-6.245,9292000.0,1.03922656
2017-01-18,09292000,34079.13,0.0,382.43,5.24,-11.42,255.24,-3.09,9292000.0,0.96843456
2017-01-19,09292000,34174.68,2.57,199.1,-2.5,-11.19,260.06,-6.845,9292000.0,1.09302848
2017-01-20,09292000,34272.88,2.82,210.97,-5.76,-14.95,191.57,-10.355,9292000.0,1.30823616
2017-01-21,09292000,34373.7,5.87,229.64,-3.4,-13.61,213.89,-8.504999999999999,9292000.0,1.3167312
2017-01-22,09292000,34477.06,10.55,236.05,-8.07,-18.39,143.47,-13.23,9292000.0,1.08453344
2017-01-23,09292000,34582.92,27.97,199.41,-5.78,-13.78,210.84,-9.78,9292000.0,1.06188
2017-01-24,09292000,34691.2,0.0,327.37,-8.33,-18.59,141.03,-13.46,9292000.0,1.02506816
2017-01-25,09292000,34801.87,0.0,321.69,-11.0,-20.87,115.81,-15.935,9292000.0,0.99675136
2017-01-26,09292000,34914.85,0.0,372.35,-11.92,-24.13,86.76,-18.025,9292000.0,0.7730486400000001
2017-01-27,09292000,35030.08,0.0,442.64,-5.36,-24.02,87.6,-14.69,9292000.0,0.7503952
2017-01-28,09292000,35147.52,0.0,415.15,-0.33,-15.45,183.76,-7.89,9292000.0,0.81552384
2017-01-29,09292000,35267.09,0.0,432.27,3.86,-12.75,229.42,-4.445,9292000.0,0.90047424
2017-01-30,09292000,35388.75,0.0,412.83,4.41,-10.11,283.48,-2.85,9292000.0,0.95993952
2017-01-31,09292000,35512.43,0.0,332.27,3.5,-6.38,379.1,-1.44,9292000.0,1.02789984
2017-02-01,09292000,35638.08,0.0,394.73,4.48,-8.59,319.36,-2.055,9292000.0,1.02789984
2017-02-02,09292000,35765.64,0.0,276.78,-1.29,-9.06,307.83,-5.175000000000001,9292000.0,1.01090976
2017-02-03,09292000,35895.05,4.76,206.72,-1.25,-8.97,309.98,-5.11,9292000.0,0.97976128
2017-02-04,09292000,36026.26,0.0,300.55,0.44,-7.81,339.55,-3.685,9292000.0,0.96843456
2017-02-05,09292000,36159.21,0.0,337.98,2.09,-7.18,356.52,-2.545,9292000.0,0.97126624
2017-02-06,09292000,36293.85,7.21,151.91,-1.28,-6.17,385.38,-3.725,9292000.0,0.96560288
2017-02-07,09292000,36430.12,12.84,124.15,-0.22,-4.11,450.58,-2.165,9292000.0,1.0052464
2017-02-08,09292000,36567.97,0.0,352.71,2.42,-6.65,371.24,-2.115,9292000.0,0.94578112
2017-02-09,09292000,36707.35,0.0,298.07,6.22,-1.2,559.23,2.51,9292000.0,0.92595936
2017-02-10,09292000,36848.2,5.77,125.65,2.07,-1.78,536.11,0.1449999999999999,9292000.0,0.9061376
2017-02-11,09292000,36990.48,9.81,345.68,-0.77,-14.31,201.89,-7.54,9292000.0,0.90047424
2017-02-12,09292000,37134.14,0.0,515.89,4.16,-14.6,197.1,-5.22,9292000.0,0.85799904
2017-02-13,09292000,37279.12,0.0,496.83,3.22,-12.88,226.95,-4.83,9292000.0,0.90047424
2017-02-14,09292000,37425.37,0.0,477.03,3.42,-10.89,266.47,-3.735,9292000.0,0.91463264
2017-02-15,09292000,37572.85,0.0,517.08,8.33,-9.48,297.89,-0.5750000000000002,9292000.0,0.8608307199999999
2017-02-16,09292000,37721.52,0.0,494.3,6.77,-8.23,328.46,-0.7300000000000004,9292000.0,0.85233568
2017-02-17,09292000,37871.32,6.33,264.64,1.75,-6.56,373.87,-2.405,9292000.0,0.81835552
2017-02-18,09292000,38022.21,13.91,78.7,-2.25,-4.21,447.3,-3.23,9292000.0,0.82968224
2017-02-19,09292000,38174.15,9.36,324.37,-0.59,-11.01,263.84,-5.8,9292000.0,0.83817728
2017-02-20,09292000,38327.09,6.38,358.2,0.88,-11.26,258.57,-5.19,9292000.0,0.82401888
2017-02-21,09292000,38481.0,11.04,204.8,0.01,-5.72,398.89,-2.855,9292000.0,0.83817728
2017-02-22,09292000,38635.82,9.41,312.63,-2.3,-11.6,251.61,-6.949999999999999,9292000.0,0.8551673599999999
2017-02-23,09292000,38791.52,6.55,300.96,-8.84,-17.41,155.87,-13.125,9292000.0,0.95427616
2017-02-24,09292000,38948.06,0.0,557.41,-9.89,-24.77,81.85,-17.33,9292000.0,0.7192467199999999
2017-02-25,09292000,39105.41,6.75,424.4,-8.95,-24.69,82.46,-16.82,9292000.0,0.7362368
2017-02-26,09292000,39263.51,0.0,591.67,-7.77,-25.09,79.54,-16.43,9292000.0,0.7560585599999999
2017-02-27,09292000,39422.34,13.04,350.66,-6.85,-17.07,160.38,-11.96,9292000.0,0.92879104
2017-02-28,09292000,39581.86,0.0,550.85,-8.92,-22.06,104.27,-15.489999999999998,9292000.0,0.9486128
2017-03-01,09292000,39742.04,0.0,598.69,-4.18,-20.53,119.27,-12.355,9292000.0,0.8919792
2017-03-02,09292000,39902.83,0.0,602.38,0.68,-16.17,172.99,-7.745000000000001,9292000.0,0.90047424
2017-03-03,09292000,40064.2,0.0,595.64,3.93,-12.13,241.13,-4.1000000000000005,9292000.0,0.9486128
2017-03-04,09292000,40226.13,0.0,418.24,1.74,-6.85,365.71,-2.555,9292000.0,0.9061376
2017-03-05,09292000,40388.57,8.17,369.88,-2.06,-12.81,228.23,-7.435,9292000.0,0.8721574400000001
2017-03-06,09292000,40551.49,9.2,343.94,-8.48,-17.96,148.82,-13.22,9292000.0,0.88914752
2017-03-07,09292000,40714.87,0.0,588.11,-0.62,-15.11,188.93,-7.864999999999999,9292000.0,0.84384064
2017-03-08,09292000,40878.67,0.0,477.01,4.67,-5.62,401.85,-0.4750000000000001,9292000.0,0.86932576
2017-03-09,09292000,41042.87,0.0,503.62,6.75,-4.56,435.54,1.0950000000000002,9292000.0,0.91180096
2017-03-10,09292000,41207.42,0.0,504.65,7.55,-3.74,463.37,1.905,9292000.0,0.97126624
2017-03-11,09292000,41372.31,0.0,522.26,5.47,-6.33,380.53,-0.4300000000000001,9292000.0,0.9627712
2017-03-12,09292000,41537.49,0.0,439.49,3.6,-5.7,399.46,-1.05,9292000.0,0.93728608
2017-03-13,09292000,41702.95,0.0,575.29,6.59,-7.25,354.45,-0.33,9292000.0,0.92312768
2017-03-14,09292000,41868.66,0.0,550.83,9.76,-2.86,494.93,3.45,9292000.0,1.01090976
2017-03-15,09292000,42034.58,0.0,529.3,10.3,-1.34,553.75,4.48,9292000.0,1.20063232
2017-03-16,09292000,42200.7,0.0,500.39,8.63,-1.82,534.49,3.405,9292000.0,1.4639785600000002
2017-03-17,09292000,42366.97,0.0,531.55,9.44,-1.69,539.8,3.875,9292000.0,1.63104768
2017-03-18,09292000,42533.38,0.0,534.99,10.27,-0.79,576.44,4.74,9292000.0,1.95102752
2017-03-19,09292000,42699.89,0.0,485.14,8.97,-0.57,585.77,4.2,9292000.0,2.23419552
2017-03-20,09292000,42866.49,0.0,479.27,8.29,-1.18,560.43,3.555,9292000.0,2.32764096
2017-03-21,09292000,43033.14,0.0,469.62,7.18,-1.88,531.91,2.65,9292000.0,1.92271072
2017-03-22,09292000,43199.82,14.38,327.75,5.19,-2.97,490.91,1.11,9292000.0,1.82360192
2017-03-23,09292000,43366.49,15.36,303.2,2.39,-4.97,422.19,-1.2899999999999998,9292000.0,2.0104928
2017-03-24,09292000,43533.14,0.0,626.2,5.32,-8.29,327.09,-1.4849999999999994,9292000.0,1.628216
2017-03-25,09292000,43699.74,5.45,385.21,3.21,-6.7,369.94,-1.745,9292000.0,1.51778048
2017-03-26,09292000,43866.26,0.0,655.22,3.43,-11.04,263.1,-3.805,9292000.0,1.34221632
2017-03-27,09292000,44032.67,15.28,242.8,-0.49,-5.99,390.67,-3.24,9292000.0,1.2685926399999998
2017-03-28,09292000,44198.94,7.48,446.02,1.44,-10.0,285.86,-4.28,9292000.0,1.10152352
2017-03-29,09292000,44365.05,0.0,713.83,5.66,-11.34,256.88,-2.84,9292000.0,1.05904832
2017-03-30,09292000,44530.98,10.17,275.76,3.49,-2.69,501.09,0.4000000000000001,9292000.0,1.23461248
2017-03-31,09292000,44696.68,8.67,456.02,6.26,-5.36,409.81,0.4499999999999997,9292000.0,1.2685926399999998
2017-04-01,09292000,44862.15,0.0,680.29,5.07,-8.78,314.78,-1.8549999999999995,9292000.0,1.38185984
2017-04-02,09292000,45027.33,0.0,647.06,3.37,-8.84,313.37,-2.735,9292000.0,2.00199776
2017-04-03,09292000,45192.22,6.87,533.78,2.37,-13.02,224.34,-5.324999999999999,9292000.0,1.86607712
2017-04-04,09292000,45356.77,0.0,655.52,-3.71,-16.01,175.32,-9.86,9292000.0,1.699008
2017-04-05,09292000,45520.97,0.0,776.88,5.74,-15.21,187.37,-4.735,9292000.0,1.59140416
2017-04-06,09292000,45684.77,0.0,668.33,7.76,-5.62,401.89,1.0699999999999998,9292000.0,1.6650278399999998
2017-04-07,09292000,45848.15,0.0,491.87,7.14,-1.28,555.96,2.93,9292000.0,1.80661184
2017-04-08,09292000,46011.08,8.27,408.82,2.32,-7.09,358.97,-2.385,9292000.0,2.05579968
2017-04-09,09292000,46173.52,0.0,728.67,-0.99,-16.22,172.36,-8.604999999999999,9292000.0,1.96518592
2017-04-10,09292000,46335.44,0.0,782.28,3.71,-15.95,176.28,-6.119999999999999,9292000.0,1.7839584
2017-04-11,09292000,46496.82,0.0,640.65,4.06,-8.07,332.62,-2.0050000000000003,9292000.0,1.64803776
2017-04-12,09292000,46657.61,0.0,689.85,8.01,-5.92,392.7,1.045,9292000.0,1.19213728
2017-04-13,09292000,46817.79,0.0,534.42,7.88,-1.42,550.35,3.23,9292000.0,1.699008
2017-04-14,09292000,46977.31,0.0,611.99,4.7,-6.31,381.17,-0.8049999999999997,9292000.0,2.36162112
2017-04-15,09292000,47136.14,0.0,695.46,5.23,-8.49,322.02,-1.63,9292000.0,2.48055168
2017-04-16,09292000,47294.25,0.0,715.64,8.48,-6.24,383.25,1.12,9292000.0,2.4918784
2017-04-17,09292000,47451.59,0.0,514.67,7.65,-1.16,561.12,3.245,9292000.0,2.82884832
2017-04-18,09292000,47608.14,6.1,461.43,7.2,-4.06,452.17,1.5700000000000005,9292000.0,3.0865312
2017-04-19,09292000,47763.84,3.1,490.95,4.26,-8.03,333.7,-1.885,9292000.0,3.6245504
2017-04-20,09292000,47918.67,6.28,494.46,3.88,-8.58,319.6,-2.35,9292000.0,3.4546496
2017-04-21,09292000,48072.57,0.0,646.65,1.17,-10.75,269.38,-4.79,9292000.0,3.0015808
2017-04-22,09292000,48225.52,0.0,777.65,4.82,-13.01,224.58,-4.095,9292000.0,2.7750464
2017-04-23,09292000,48377.46,6.57,503.95,7.89,-5.4,408.58,1.2449999999999997,9292000.0,2.9166304
2017-04-24,09292000,48528.35,9.73,390.48,0.92,-8.12,331.44,-3.6,9292000.0,3.256432
2017-04-25,09292000,48678.16,6.33,417.11,1.37,-8.32,326.37,-3.475,9292000.0,2.8883136
2017-04-26,09292000,48826.82,0.0,635.53,2.52,-9.2,304.57,-3.34,9292000.0,2.5626704
2017-04-27,09292000,48974.31,7.79,434.26,-1.45,-11.65,250.63,-6.55,9292000.0,2.34463104
2017-04-28,09292000,49120.57,7.95,459.81,-3.13,-13.94,208.11,-8.535,9292000.0,2.12376
2017-04-29,09292000,49265.55,0.0,700.08,-0.14,-13.57,214.55,-6.855,9292000.0,1.91704736
2017-04-30,09292000,49409.2,0.0,759.88,3.4,-12.66,231.0,-4.63,9292000.0,1.80094848
2017-05-01,09292000,49551.49,0.0,624.39,5.94,-5.46,406.82,0.2400000000000002,9292000.0,1.75847328
2017-05-02,09292000,49692.34,0.0,578.75,5.62,-4.56,435.53,0.5300000000000002,9292000.0,1.93403744
2017-05-03,09292000,49831.73,0.0,755.18,9.88,-5.99,388.36,1.9450000000000005,9292000.0,2.28799744
2017-05-04,09292000,49969.58,0.0,744.67,13.98,-1.8,515.92,6.09,9292000.0,3.0865312
2017-05-05,09292000,50105.86,0.0,693.8,13.54,0.01,599.53,6.775,9292000.0,4.9271232
2017-05-06,09292000,50240.5,0.0,548.36,9.72,0.33,625.5,5.025,9292000.0,6.8809824
2017-05-07,09292000,50373.45,0.0,547.55,9.44,0.08,614.22,4.76,9292000.0,8.1552384
2017-05-08,09292000,50504.67,0.0,590.98,9.1,-1.21,558.93,3.945,9292000.0,10.1090976
2017-05-09,09292000,50634.08,0.0,684.2,10.68,-2.05,513.46,4.315,9292000.0,9.7409792
2017-05-10,09292000,50761.65,0.0,613.26,7.86,-2.6,504.62,2.63,9292000.0,11.043552
2017-05-11,09292000,50887.3,0.0,755.02,13.04,-2.03,486.64,5.505,9292000.0,13.1389952
2017-05-12,09292000,51010.98,0.0,611.25,11.1,0.61,636.82,5.855,9292000.0,16.28216
2017-05-13,09292000,51132.65,0.0,660.68,8.24,-3.38,467.93,2.43,9292000.0,19.3403744
2017-05-14,09292000,51252.23,0.0,717.65,7.13,-6.15,373.43,0.4899999999999997,9292000.0,17.3581984
2017-05-15,09292000,51369.66,0.0,617.19,7.63,-2.81,496.51,2.41,9292000.0,15.5176064
2017-05-16,09292000,51484.91,3.1,437.19,4.77,-4.75,429.18,0.0099999999999997,9292000.0,13.5354304
2017-05-17,09292000,51597.89,10.05,488.16,0.05,-10.95,265.19,-5.449999999999999,9292000.0,11.0152352
2017-05-18,09292000,51708.56,0.0,636.16,-1.57,-12.05,242.78,-6.8100000000000005,9292000.0,8.8914752
2017-05-19,09292000,51816.85,0.0,666.42,1.85,-9.41,299.62,-3.78,9292000.0,7.5605856
2017-05-20,09292000,51922.71,0.0,767.44,6.07,-8.59,300.9,-1.2599999999999998,9292000.0,6.5694976
2017-05-21,09292000,52026.08,0.0,565.84,5.1,-3.94,456.21,0.5799999999999998,9292000.0,6.3146464
2017-05-22,09292000,52126.9,0.0,711.59,8.14,-4.32,405.93,1.91,9292000.0,5.946528
2017-05-23,09292000,52225.11,0.0,738.95,10.76,-2.67,428.94,4.045,9292000.0,7.5322688
2017-05-24,09292000,52320.66,0.0,695.35,13.48,1.19,554.99,7.335,9292000.0,13.2805792
2017-05-25,09292000,52413.49,0.0,589.74,7.27,-2.23,485.89,2.52,9292000.0,18.972256
2017-05-26,09292000,52503.54,0.0,645.93,7.91,-2.81,445.7,2.55,9292000.0,17.3298816
2017-05-27,09292000,52590.76,0.0,738.56,8.03,-5.3,341.92,1.3649999999999998,9292000.0,15.715824
2017-05-28,09292000,52675.09,0.0,739.24,10.21,-3.31,385.85,3.45,9292000.0,16.706912
2017-05-29,09292000,52756.48,0.0,722.72,11.85,-1.17,429.28,5.34,9292000.0,19.0572064
2017-05-30,09292000,52834.87,0.0,745.25,13.81,0.04,449.07,6.925,9292000.0,20.7278976
2017-05-31,09292000,52910.23,0.0,701.12,14.62,2.17,537.07,8.395,9292000.0,22.3419552
2017-06-01,09292000,52982.49,0.0,645.18,12.54,1.62,553.01,7.08,9292000.0,21.379184
2017-06-02,09292000,53051.6,0.0,696.22,12.95,0.83,498.27,6.89,9292000.0,24.7205664
2017-06-03,09292000,53117.53,0.0,778.54,15.76,0.73,446.75,8.245,9292000.0,27.5239296
2017-06-04,09292000,53180.22,0.0,727.7,17.26,4.04,561.18,10.65,9292000.0,30.015808
2017-06-05,09292000,53239.63,0.0,701.79,16.8,4.36,567.52,10.58,9292000.0,29.73264
2017-06-06,09292000,53295.72,0.0,734.02,17.0,3.44,513.76,10.22,9292000.0,28.599968
2017-06-07,09292000,53348.45,0.0,705.25,17.23,4.48,566.95,10.855,9292000.0,26.5045248
2017-06-08,09292000,53397.78,0.0,663.65,15.92,4.4,595.66,10.16,9292000.0,26.5611584
2017-06-09,09292000,53443.68,0.0,620.05,15.92,5.44,668.0,10.68,9292000.0,24.8621504
2017-06-10,09292000,53486.11,0.0,614.12,14.86,4.67,643.51,9.765,9292000.0,26.9859104
2017-06-11,09292000,53525.04,0.0,643.68,13.32,2.52,546.69,7.92,9292000.0,24.8621504
2017-06-12,09292000,53560.44,3.58,520.62,8.61,-3.51,418.47,2.55,9292000.0,20.3597792
2017-06-13,09292000,53592.28,0.0,558.93,5.56,-3.15,431.78,1.2049999999999998,9292000.0,15.1211712
2017-06-14,09292000,53620.55,0.0,717.36,12.83,0.17,440.33,6.5,9292000.0,12.5443424
2017-06-15,09292000,53645.21,0.0,741.96,16.44,2.69,492.37,9.565,9292000.0,13.1106784
2017-06-16,09292000,53666.26,0.0,668.84,16.87,5.15,625.66,11.010000000000002,9292000.0,14.8380032
2017-06-17,09292000,53683.67,0.0,554.34,13.98,4.93,707.62,9.455,9292000.0,18.547504
2017-06-18,09292000,53697.43,0.0,714.53,17.29,4.14,554.52,10.715,9292000.0,17.698
2017-06-19,09292000,53707.54,0.0,771.45,19.99,4.44,519.07,12.215,9292000.0,16.4803776
2017-06-20,09292000,53713.97,0.0,710.68,21.49,7.84,688.6,14.665,9292000.0,15.432656
2017-06-21,09292000,53716.74,0.0,674.53,20.39,7.92,676.8,14.155,9292000.0,15.57424
2017-06-22,09292000,53715.83,0.0,747.81,19.62,4.74,454.6,12.18,9292000.0,14.4132512
2017-06-23,09292000,53711.24,0.0,767.81,17.74,1.92,373.43,9.829999999999998,9292000.0,11.9496896
2017-06-24,09292000,53702.99,0.0,735.33,17.03,2.39,389.94,9.71,9292000.0,9.8825632
2017-06-25,09292000,53691.07,0.0,722.82,18.57,4.11,437.63,11.34,9292000.0,8.8914752
2017-06-26,09292000,53675.5,0.0,711.96,19.7,5.57,422.36,12.635,9292000.0,8.3251392
2017-06-27,09292000,53656.28,0.0,650.17,18.05,5.9,452.8,11.975,9292000.0,7.7588032
2017-06-28,09292000,53633.44,0.0,687.12,17.13,3.87,375.83,10.5,9292000.0,7.1641504
2017-06-29,09292000,53606.99,0.0,684.27,14.88,1.82,301.62,8.35,9292000.0,6.4279136
2017-06-30,09292000,53576.95,0.0,734.84,15.61,0.68,224.43,8.145,9292000.0,5.804944
2017-07-01,09292000,53543.34,0.0,760.23,19.47,2.91,266.26,11.19,9292000.0,5.3518752
2017-07-02,09292000,53506.18,0.0,661.76,20.44,7.51,374.96,13.975,9292000.0,5.1253408
2017-07-03,09292000,53465.52,0.0,660.23,20.31,7.45,373.5,13.88,9292000.0,4.7572224
2017-07-04,09292000,53421.36,0.0,672.25,21.27,7.9,385.74,14.585,9292000.0,4.672272
2017-07-05,09292000,53373.76,0.0,672.57,22.1,8.54,404.16,15.32,9292000.0,4.5023712
2017-07-06,09292000,53322.74,0.0,668.92,22.73,9.16,422.71,15.945,9292000.0,4.2758368
2017-07-07,09292000,53268.34,0.0,633.96,21.66,9.18,423.21,15.42,9292000.0,4.24752
2017-07-08,09292000,53210.6,0.0,628.45,20.43,8.06,390.34,14.245,9292000.0,4.1342528
2017-07-09,09292000,53149.56,12.03,479.96,21.09,7.86,450.94,14.475,9292000.0,3.9926688
2017-07-10,09292000,53085.26,0.0,534.18,17.74,7.6,493.54,12.669999999999998,9292000.0,4.2192032
2017-07-11,09292000,53017.74,13.88,461.92,17.94,5.27,490.44,11.605,9292000.0,5.1253408
2017-07-12,09292000,52947.06,0.0,585.31,17.65,6.01,477.52,11.829999999999998,9292000.0,4.813856
2017-07-13,09292000,52873.26,0.0,566.4,18.38,7.08,526.68,12.73,9292000.0,4.4457376
2017-07-14,09292000,52796.4,0.0,568.4,19.57,8.13,555.83,13.85,9292000.0,4.1625696
2017-07-15,09292000,52716.51,0.0,582.18,19.84,7.99,535.99,13.915,9292000.0,4.1625696
2017-07-16,09292000,52633.66,5.21,441.94,20.38,7.87,682.56,14.125,9292000.0,4.389104
2017-07-17,09292000,52547.89,8.11,423.3,19.46,7.53,723.24,13.495,9292000.0,4.530688
2017-07-18,09292000,52459.26,0.0,602.92,20.49,7.56,540.19,14.025,9292000.0,7.503952
2017-07-19,09292000,52367.82,6.04,451.55,21.05,7.74,686.46,14.395,9292000.0,5.0120736
2017-07-20,09292000,52273.64,0.0,557.72,19.61,8.04,591.02,13.825,9292000.0,4.5590048
2017-07-21,09292000,52176.77,5.93,387.58,18.09,7.41,765.81,12.75,9292000.0,5.7199936
2017-07-22,09292000,52077.25,0.0,579.94,19.14,6.87,561.04,13.005,9292000.0,6.3995968
2017-07-23,09292000,51975.16,0.0,550.48,19.32,7.95,596.49,13.635,9292000.0,4.8421728
2017-07-24,09292000,51870.55,0.0,512.17,19.13,8.87,618.12,14.0,9292000.0,4.4457376
2017-07-25,09292000,51763.48,10.15,195.08,12.02,7.23,1000.47,9.625,9292000.0,6.1447456
2017-07-26,09292000,51654.0,8.07,331.58,15.59,7.12,811.58,11.355,9292000.0,5.804944
2017-07-27,09292000,51542.18,0.0,580.71,18.36,6.39,490.68,12.375,9292000.0,4.9837568
2017-07-28,09292000,51428.07,0.0,511.89,16.04,6.12,516.51,11.08,9292000.0,4.4174208
2017-07-29,09292000,51311.73,0.0,614.35,18.89,5.7,396.36,12.295,9292000.0,4.1625696
2017-07-30,09292000,51193.22,0.0,549.66,17.67,6.63,489.17,12.15,9292000.0,3.7944512
2017-07-31,09292000,51072.6,0.0,560.78,18.1,6.79,482.2,12.445,9292000.0,3.7378176
2017-08-01,09292000,50949.93,0.0,592.09,20.03,7.54,465.63,13.785,9292000.0,3.4263328
2017-08-02,09292000,50825.26,2.99,395.56,19.43,8.61,741.41,14.02,9292000.0,3.5679168
2017-08-03,09292000,50698.66,0.0,558.1,19.77,8.24,546.62,14.005,9292000.0,3.114848
2017-08-04,09292000,50570.17,0.0,563.22,19.25,7.53,521.14,13.39,9292000.0,3.0298976
2017-08-05,09292000,50439.86,0.0,603.44,19.29,6.01,437.13,12.65,9292000.0,3.0015808
2017-08-06,09292000,50307.77,0.0,604.62,19.21,5.72,429.34,12.465,9292000.0,2.71558112
2017-08-07,09292000,50173.97,11.63,372.52,15.04,4.98,650.42,10.01,9292000.0,2.9449472
2017-08-08,09292000,50038.52,16.79,332.45,13.03,4.4,724.37,8.715,9292000.0,3.3130656
2017-08-09,09292000,49901.45,14.16,363.98,13.46,3.66,707.71,8.56,9292000.0,3.1431648
2017-08-10,09292000,49762.83,0.0,499.64,14.91,4.79,684.34,9.85,9292000.0,3.398016
2017-08-11,09292000,49622.71,0.0,542.54,17.14,5.5,672.69,11.32,9292000.0,2.83168
2017-08-12,09292000,49481.14,14.88,417.06,17.11,4.5,727.43,10.805,9292000.0,2.76938304
2017-08-13,09292000,49338.17,0.0,482.89,16.93,5.18,749.77,11.055,9292000.0,2.61080896
2017-08-14,09292000,49193.85,0.0,463.71,16.66,5.62,790.25,11.14,9292000.0,2.40126464
2017-08-15,09292000,49048.23,7.29,310.22,11.13,1.89,699.89,6.510000000000001,9292000.0,2.38993792
2017-08-16,09292000,48901.36,0.0,520.05,14.55,1.3,552.41,7.925000000000001,9292000.0,2.46922496
2017-08-17,09292000,48753.29,0.0,474.92,15.92,4.5,716.07,10.21,9292000.0,2.18605696
2017-08-18,09292000,48604.05,0.0,532.24,18.72,4.35,655.4,11.535,9292000.0,1.95102752
2017-08-19,09292000,48453.7,0.0,513.84,18.61,5.12,706.13,11.865,9292000.0,1.81793856
2017-08-20,09292000,48302.28,0.0,486.35,18.8,6.4,793.61,12.6,9292000.0,1.83492864
2017-08-21,09292000,48149.84,0.0,464.58,17.72,6.25,810.96,11.985,9292000.0,1.80661184
2017-08-22,09292000,47996.41,0.0,450.6,18.05,7.03,866.98,12.54,9292000.0,1.65086944
2017-08-23,09292000,47842.04,6.91,309.73,15.04,5.25,887.51,10.145,9292000.0,1.78679008
2017-08-24,09292000,47686.78,0.0,429.6,14.65,4.29,768.12,9.47,9292000.0,2.10393824
2017-08-25,09292000,47530.65,0.0,492.43,17.76,4.53,721.91,11.145,9292000.0,1.7698
2017-08-26,09292000,47373.71,0.0,454.98,18.36,6.63,862.62,12.495,9292000.0,1.53477056
2017-08-27,09292000,47215.98,0.0,477.51,19.52,6.59,837.14,13.055,9292000.0,1.40451328
2017-08-28,09292000,47057.51,0.0,476.3,20.49,7.42,882.85,13.954999999999998,9292000.0,1.3677014399999998
2017-08-29,09292000,46898.33,0.0,459.17,20.28,7.88,929.03,14.08,9292000.0,1.33372128
2017-08-30,09292000,46738.48,0.0,433.44,18.43,7.14,916.79,12.785,9292000.0,1.56025568
2017-08-31,09292000,46577.99,2.18,264.89,12.64,4.22,825.86,8.43,9292000.0,2.21437376
2017-09-01,09292000,46416.91,0.0,481.91,17.66,4.21,727.04,10.935,9292000.0,2.11243328
2017-09-02,09292000,46255.26,0.0,474.55,19.89,6.45,843.56,13.17,9292000.0,1.9963344
2017-09-03,09292000,46093.07,0.0,458.31,21.04,8.13,955.68,14.585,9292000.0,1.93120576
2017-09-04,09292000,45930.38,0.0,428.7,20.27,8.62,1021.34,14.445,9292000.0,1.91987904
2017-09-05,09292000,45767.23,0.0,450.43,19.82,7.26,916.38,13.54,9292000.0,1.84908704
2017-09-06,09292000,45603.64,0.0,449.8,19.28,6.64,883.27,12.96,9292000.0,2.04730464
2017-09-07,09292000,45439.64,0.0,432.54,18.64,6.62,901.02,12.63,9292000.0,2.18322528
2017-09-08,09292000,45275.26,0.0,418.69,17.73,6.19,891.47,11.96,9292000.0,1.70183968
2017-09-09,09292000,45110.54,0.0,396.02,16.04,5.39,870.22,10.715,9292000.0,1.69051296
2017-09-10,09292000,44945.5,0.0,419.88,16.37,4.71,813.07,10.54,9292000.0,1.70183968
2017-09-11,09292000,44780.17,0.0,437.93,18.23,5.57,833.22,11.9,9292000.0,1.70467136
2017-09-12,09292000,44614.58,0.0,433.92,18.98,6.27,875.04,12.625,9292000.0,1.74997824
2017-09-13,09292000,44448.77,2.57,272.54,15.44,5.62,910.3,10.53,9292000.0,2.0671264
2017-09-14,09292000,44282.75,5.87,289.35,12.17,1.63,687.16,6.9,9292000.0,2.12942336
2017-09-15,09292000,44116.55,10.31,217.1,4.28,-2.84,495.46,0.7200000000000002,9292000.0,2.82601664
2017-09-16,09292000,43950.2,2.59,307.2,7.46,-3.8,461.16,1.83,9292000.0,2.43807648
2017-09-17,09292000,43783.74,0.0,350.46,9.78,0.73,643.93,5.255,9292000.0,2.11809664
2017-09-18,09292000,43617.18,0.0,375.81,11.21,1.26,668.77,6.235,9292000.0,1.94819584
2017-09-19,09292000,43450.55,7.07,219.38,5.97,-1.2,559.49,2.385,9292000.0,1.82077024
2017-09-20,09292000,43283.89,0.0,419.24,9.45,-2.23,518.59,3.61,9292000.0,1.77263168
2017-09-21,09292000,43117.21,3.71,228.23,9.75,2.09,710.1,5.92,9292000.0,2.04447296
2017-09-22,09292000,42950.54,8.34,184.21,2.74,-3.1,485.95,-0.1799999999999999,9292000.0,3.0015808
2017-09-23,09292000,42783.91,11.01,241.71,4.88,-3.16,483.99,0.8599999999999999,9292000.0,3.0298976
2017-09-24,09292000,42617.35,28.49,180.73,0.37,-5.25,413.45,-2.44,9292000.0,3.0298976
2017-09-25,09292000,42450.89,0.0,409.19,3.26,-7.72,341.95,-2.23,9292000.0,2.27100736
2017-09-26,09292000,42284.54,0.0,468.57,7.56,-7.53,347.05,0.0149999999999996,9292000.0,2.1803936
2017-09-27,09292000,42118.34,0.0,470.82,10.52,-5.43,407.72,2.545,9292000.0,2.13225504
2017-09-28,09292000,41952.32,8.63,179.54,4.77,-1.01,567.47,1.88,9292000.0,2.3078192
2017-09-29,09292000,41786.5,0.0,319.66,6.96,-1.11,563.21,2.925,9292000.0,2.2766707200000003
2017-09-30,09292000,41620.92,4.76,218.25,5.85,-1.41,550.66,2.22,9292000.0,1.55176064
2017-10-01,09292000,41455.59,5.34,318.22,2.71,-7.59,345.23,-2.44,9292000.0,1.39884992
2017-10-02,09292000,41290.54,0.0,443.91,-0.29,-11.2,259.9,-5.744999999999999,9292000.0,1.2176224
2017-10-03,09292000,41125.82,0.0,511.69,3.4,-12.23,239.18,-4.415,9292000.0,1.02223648
2017-10-04,09292000,40961.44,0.0,384.97,7.41,-1.84,533.48,2.785,9292000.0,1.06471168
2017-10-05,09292000,40797.44,0.0,443.27,8.31,-3.44,473.97,2.4350000000000005,9292000.0,0.97409792
2017-10-06,09292000,40633.84,0.0,414.93,5.46,-4.95,422.71,0.2549999999999999,9292000.0,0.93162272
2017-10-07,09292000,40470.68,0.0,480.6,12.01,-3.01,489.17,4.5,9292000.0,0.88348416
2017-10-08,09292000,40307.99,0.0,483.75,7.48,-7.8,339.85,-0.1599999999999997,9292000.0,0.95427616
2017-10-09,09292000,40145.81,0.0,400.61,0.28,-9.97,286.68,-4.845000000000001,9292000.0,0.85799904
2017-10-10,09292000,39984.15,0.0,469.69,6.79,-7.89,337.34,-0.5499999999999998,9292000.0,1.15249376
2017-10-11,09292000,39823.06,0.0,334.09,6.95,-2.64,502.81,2.155,9292000.0,1.62255264
2017-10-12,09292000,39662.57,0.0,357.42,5.75,-4.89,424.87,0.4300000000000001,9292000.0,1.56875072
2017-10-13,09292000,39502.72,0.0,378.3,5.74,-6.22,383.79,-0.2399999999999997,9292000.0,1.4441568
2017-10-14,09292000,39343.54,0.0,367.6,0.85,-10.55,273.75,-4.8500000000000005,9292000.0,1.39601824
2017-10-15,09292000,39185.06,0.0,407.17,10.25,-5.21,414.53,2.52,9292000.0,1.35637472
2017-10-16,09292000,39027.33,0.0,386.28,12.12,-1.97,528.67,5.074999999999999,9292000.0,1.39318656
2017-10-17,09292000,38870.38,0.0,375.68,13.01,-0.72,579.47,6.145,9292000.0,1.3648697600000002
2017-10-18,09292000,38714.24,0.0,356.77,11.98,-0.69,580.73,5.6450000000000005,9292000.0,1.35071136
2017-10-19,09292000,38558.97,0.0,292.77,10.62,1.16,664.25,5.89,9292000.0,1.3167312
2017-10-20,09292000,38404.6,0.0,383.53,6.48,-8.53,320.9,-1.0249999999999997,9292000.0,1.30540448
2017-10-21,09292000,38251.17,0.0,320.32,0.4,-10.35,278.08,-4.975,9292000.0,1.19780064
2017-10-22,09292000,38098.72,0.0,323.92,8.71,-2.91,492.82,2.9000000000000004,9292000.0,1.23461248
2017-10-23,09292000,37947.29,0.0,288.82,7.58,-2.37,513.02,2.605,9292000.0,1.20912736
2017-10-24,09292000,37796.93,0.0,328.51,9.45,-3.08,486.87,3.185,9292000.0,1.14399872
2017-10-25,09292000,37647.69,0.0,340.77,12.72,-1.2,559.36,5.760000000000001,9292000.0,1.11568192
2017-10-26,09292000,37499.61,0.0,306.56,5.97,-5.41,408.25,0.2799999999999998,9292000.0,1.13550368
2017-10-27,09292000,37352.73,0.0,301.98,5.97,-5.15,416.46,0.4099999999999997,9292000.0,1.05904832
2017-10-28,09292000,37207.1,0.0,302.84,7.67,-3.89,458.23,1.89,9292000.0,1.0760384
2017-10-29,09292000,37062.77,0.0,314.01,10.7,-2.05,525.59,4.324999999999999,9292000.0,1.0477216
2017-10-30,09292000,36919.79,0.0,206.74,3.89,-3.39,475.46,0.25,9292000.0,1.07887008
2017-10-31,09292000,36778.21,0.0,261.7,4.64,-5.14,416.93,-0.25,9292000.0,1.01090976
2017-11-01,09292000,36638.08,0.0,223.96,7.14,-1.03,566.34,3.055,9292000.0,0.991088
2017-11-02,09292000,36499.45,0.0,233.53,6.2,-2.29,516.26,1.955,9292000.0,1.02223648
2017-11-03,09292000,36362.38,0.0,111.53,1.88,-1.83,534.13,0.0249999999999999,9292000.0,1.08170176
2017-11-04,09292000,36226.91,5.36,119.09,1.76,-3.64,466.75,-0.94,9292000.0,1.00807808
2017-11-05,09292000,36093.1,7.08,96.48,-0.01,-4.26,445.4,-2.135,9292000.0,1.08736512
2017-11-06,09292000,35961.0,0.0,209.2,-0.68,-7.78,340.19,-4.23,9292000.0,1.0901968
2017-11-07,09292000,35830.68,0.0,314.07,-2.6,-15.33,185.62,-8.965,9292000.0,1.04488992
2017-11-08,09292000,35702.18,0.0,354.1,6.34,-14.18,204.05,-3.92,9292000.0,1.25160256
2017-11-09,09292000,35575.56,0.0,255.22,5.18,-4.52,437.0,0.33,9292000.0,1.74431488
2017-11-10,09292000,35450.88,0.0,237.42,4.36,-4.49,437.94,-0.0649999999999999,9292000.0,1.71882976
2017-11-11,09292000,35328.19,0.0,249.48,1.37,-8.07,332.82,-3.35,9292000.0,1.32522624
2017-11-12,09292000,35207.56,0.0,280.72,4.33,-7.21,355.56,-1.44,9292000.0,0.8466723199999999
2017-11-13,09292000,35089.04,0.0,245.9,6.67,-2.94,491.78,1.865,9292000.0,0.9627712
2017-11-14,09292000,34972.69,0.0,267.38,4.18,-6.6,372.84,-1.21,9292000.0,0.94011776
2017-11-15,09292000,34858.56,0.0,270.08,4.22,-6.79,367.42,-1.285,9292000.0,0.79853376
2017-11-16,09292000,34746.73,14.5,94.38,2.71,-1.6,543.22,0.5549999999999999,9292000.0,0.9344544
2017-11-17,09292000,34637.23,29.56,258.37,-0.43,-14.53,198.28,-7.479999999999999,9292000.0,1.20629568
2017-11-18,09292000,34530.14,0.0,358.57,-0.59,-16.97,161.73,-8.78,9292000.0,0.849504
2017-11-19,09292000,34425.52,0.0,319.95,2.61,-9.81,290.3,-3.6000000000000005,9292000.0,0.96843456
2017-11-20,09292000,34323.41,0.0,253.92,3.94,-4.76,429.12,-0.4099999999999999,9292000.0,1.04488992
2017-11-21,09292000,34223.88,0.0,204.6,4.49,-2.17,520.93,1.16,9292000.0,1.04488992
2017-11-22,09292000,34126.99,0.0,226.85,6.35,-1.26,556.99,2.545,9292000.0,1.27142432
2017-11-23,09292000,34032.78,0.0,285.53,9.44,-1.29,555.64,4.074999999999999,9292000.0,1.52344384
2017-11-24,09292000,33941.33,0.0,247.49,5.6,-2.91,492.78,1.3449999999999998,9292000.0,1.486632
2017-11-25,09292000,33852.69,0.0,292.15,6.88,-4.32,443.51,1.2799999999999998,9292000.0,1.4441568
2017-11-26,09292000,33766.9,0.0,256.36,8.69,-0.54,587.1,4.074999999999999,9292000.0,1.41867168
2017-11-27,09292000,33684.02,3.19,215.43,4.41,-6.63,371.87,-1.11,9292000.0,1.44982016
2017-11-28,09292000,33604.12,0.0,311.73,2.16,-10.77,268.98,-4.305,9292000.0,1.42150336
2017-11-29,09292000,33527.23,0.0,252.44,2.23,-6.76,368.28,-2.265,9292000.0,1.31389952
2017-11-30,09292000,33453.41,0.0,284.95,3.9,-7.25,354.59,-1.675,9292000.0,1.3308896
2017-12-01,09292000,33382.71,0.0,188.27,1.88,-4.43,439.7,-1.275,9292000.0,1.39884992
2017-12-02,09292000,33315.18,0.0,254.0,3.45,-5.94,392.17,-1.245,9292000.0,1.35354304
2017-12-03,09292000,33250.86,3.74,229.2,-0.11,-13.86,209.43,-6.984999999999999,9292000.0,1.3393846399999998
2017-12-04,09292000,33189.79,0.0,278.86,-8.07,-19.26,133.11,-13.665,9292000.0,1.08170176
2017-12-05,09292000,33132.03,0.0,327.65,-0.54,-18.76,138.91,-9.65,9292000.0,1.1893056
2017-12-06,09292000,33077.61,0.0,269.5,-6.36,-17.65,152.78,-12.005,9292000.0,1.09302848
2017-12-07,09292000,33026.56,0.0,286.89,-3.17,-15.99,175.57,-9.58,9292000.0,1.06471168
2017-12-08,09292000,32978.94,0.0,291.13,2.15,-11.16,260.78,-4.505,9292000.0,1.22894912
2017-12-09,09292000,32934.76,0.0,291.9,3.95,-9.78,290.91,-2.915,9292000.0,1.18364224
2017-12-10,09292000,32894.07,0.0,303.38,5.54,-10.13,283.05,-2.2950000000000004,9292000.0,1.12417696
2017-12-11,09292000,32856.9,0.0,285.72,6.4,-7.45,349.07,-0.5249999999999999,9292000.0,1.12134528
2017-12-12,09292000,32823.26,0.0,278.92,6.9,-6.45,377.21,0.2250000000000001,9292000.0,1.1666521600000002
2017-12-13,09292000,32793.2,5.74,198.91,3.76,-8.51,321.48,-2.375,9292000.0,1.14399872
2017-12-14,09292000,32766.72,0.0,239.93,-1.81,-12.02,243.32,-6.915,9292000.0,1.1185136
2017-12-15,09292000,32743.86,0.0,298.28,5.73,-10.27,279.95,-2.27,9292000.0,1.11001856
2017-12-16,09292000,32724.62,0.0,217.04,0.39,-8.84,313.2,-4.225,9292000.0,1.08736512
2017-12-17,09292000,32709.02,0.0,250.67,-2.99,-14.14,204.74,-8.565000000000001,9292000.0,1.04488992
2017-12-18,09292000,32697.08,0.0,222.8,1.03,-8.32,326.17,-3.645,9292000.0,1.04488992
2017-12-19,09292000,32688.8,0.0,257.39,3.15,-8.48,322.3,-2.665,9292000.0,1.01374144
2017-12-20,09292000,32684.19,8.4,182.92,-0.82,-11.42,255.22,-6.12,9292000.0,1.01090976
2017-12-21,09292000,32683.26,0.0,210.22,-8.42,-16.94,162.24,-12.68,9292000.0,1.0052464
2017-12-22,09292000,32686.0,0.0,259.41,-4.07,-15.73,179.57,-9.9,9292000.0,0.8806524800000001
2017-12-23,09292000,32692.41,9.11,205.95,-4.18,-17.11,159.86,-10.645,9292000.0,0.91180096
2017-12-24,09292000,32702.49,4.02,208.89,-3.61,-16.97,161.71,-10.29,9292000.0,0.91180096
2017-12-25,09292000,32716.23,5.06,96.86,-2.75,-7.71,342.09,-5.23,9292000.0,0.99391968
2017-12-26,09292000,32733.61,0.0,202.06,-2.26,-10.36,277.83,-6.31,9292000.0,0.95710784
2017-12-27,09292000,32754.64,0.0,233.17,0.54,-9.18,305.04,-4.32,9292000.0,0.92312768
2017-12-28,09292000,32779.28,0.0,216.28,2.56,-6.18,384.89,-1.81,9292000.0,0.90896928
2017-12-29,09292000,32807.52,0.0,179.5,4.76,-2.25,517.76,1.255,9292000.0,0.90330592
2017-12-30,09292000,32839.34,0.0,205.26,4.91,-3.21,482.2,0.8500000000000001,9292000.0,0.8778208
2017-12-31,09292000,32874.72,0.0,258.12,-1.08,-11.99,243.92,-6.535,9292000.0,0.88631584
2018-01-01,09292000,32913.8,0.0,275.88,1.08,-10.87,266.79,-4.895,9292000.0,0.8806524800000001
2018-01-02,09292000,32956.22,0.0,317.97,2.11,-13.65,213.11,-5.7700000000000005,9292000.0,0.81269216
2018-01-03,09292000,33002.11,0.0,317.77,5.21,-10.6,272.68,-2.695,9292000.0,0.81269216
2018-01-04,09292000,33051.44,0.0,306.57,5.15,-9.26,303.12,-2.055,9292000.0,0.79570208
2018-01-05,09292000,33104.16,0.0,276.0,5.29,-6.53,374.68,-0.6200000000000001,9292000.0,0.82968224
2018-01-06,09292000,33160.24,7.67,122.78,-0.52,-6.57,373.71,-3.545,9292000.0,0.84384064
2018-01-07,09292000,33219.65,0.0,272.89,1.82,-9.42,299.31,-3.8,9292000.0,0.8410089599999999
2018-01-08,09292000,33282.33,0.0,298.81,5.51,-7.63,344.17,-1.06,9292000.0,0.82968224
2018-01-09,09292000,33348.25,9.01,63.52,-0.84,-3.7,464.78,-2.27,9292000.0,0.85799904
2018-01-10,09292000,33417.36,6.83,203.64,-0.42,-11.26,258.58,-5.84,9292000.0,0.8636623999999999
2018-01-11,09292000,33489.61,8.42,175.2,-2.97,-11.63,251.01,-7.300000000000001,9292000.0,0.8466723199999999
2018-01-12,09292000,33564.96,0.0,223.36,-3.83,-11.91,245.46,-7.87,9292000.0,0.85233568
2018-01-13,09292000,33643.35,0.0,300.61,-0.29,-12.42,235.56,-6.355,9292000.0,0.8466723199999999
2018-01-14,09292000,33724.73,0.0,327.12,3.58,-10.63,271.98,-3.5250000000000004,9292000.0,0.81269216
2018-01-15,09292000,33809.06,0.0,326.35,1.26,-12.6,232.13,-5.67,9292000.0,0.8325139199999999
2018-01-16,09292000,33896.27,0.0,361.03,3.32,-14.35,201.19,-5.515,9292000.0,0.68526656
2018-01-17,09292000,33986.31,0.0,296.21,1.9,-9.5,297.41,-3.8,9292000.0,0.79003872
2018-01-18,09292000,34079.13,0.0,330.25,6.46,-7.35,351.91,-0.4449999999999998,9292000.0,0.78720704
2018-01-19,09292000,34174.68,4.15,166.87,1.82,-5.94,392.1,-2.06,9292000.0,0.7815436800000001
2018-01-20,09292000,34272.88,11.88,215.4,-3.14,-13.53,215.19,-8.334999999999999,9292000.0,0.8070288
2018-01-21,09292000,34373.7,0.0,284.91,-9.93,-19.89,126.06,-14.91,9292000.0,0.79853376
2018-01-22,09292000,34477.06,0.0,361.26,-4.96,-19.86,126.42,-12.41,9292000.0,0.6484547199999999
2018-01-23,09292000,34582.92,0.0,344.41,-3.83,-17.03,160.95,-10.43,9292000.0,0.79003872
2018-01-24,09292000,34691.2,0.0,352.87,0.86,-12.97,225.3,-6.055000000000001,9292000.0,0.93728608
2018-01-25,09292000,34801.87,4.56,218.19,-4.0,-13.94,208.06,-8.969999999999999,9292000.0,0.89481088
2018-01-26,09292000,34914.85,0.0,323.28,-7.16,-18.43,142.88,-12.795,9292000.0,0.7617219199999999
2018-01-27,09292000,35030.08,0.0,365.11,-3.78,-17.66,152.62,-10.72,9292000.0,0.79003872
2018-01-28,09292000,35147.52,0.0,331.21,1.04,-10.6,272.69,-4.779999999999999,9292000.0,0.79003872
2018-01-29,09292000,35267.09,0.0,367.46,4.76,-9.12,306.41,-2.18,9292000.0,0.75889024
2018-01-30,09292000,35388.75,0.0,285.97,5.68,-3.69,465.12,0.995,9292000.0,0.71075168
2018-01-31,09292000,35512.43,0.0,189.82,1.3,-4.33,443.09,-1.515,9292000.0,0.70508832
2018-02-01,09292000,35638.08,0.0,252.21,1.61,-5.87,394.21,-2.13,9292000.0,0.68809824
2018-02-02,09292000,35765.64,0.0,255.52,1.93,-5.42,408.07,-1.745,9292000.0,0.69659328
2018-02-03,09292000,35895.05,0.0,272.51,2.83,-4.91,424.22,-1.04,9292000.0,0.68526656
2018-02-04,09292000,36026.26,0.0,280.85,3.88,-4.01,454.02,-0.0649999999999999,9292000.0,0.69092992
2018-02-05,09292000,36159.21,0.0,327.68,0.14,-9.39,300.13,-4.625,9292000.0,0.6937616
2018-02-06,09292000,36293.85,0.0,353.07,-3.13,-13.53,215.24,-8.33,9292000.0,0.6796032
2018-02-07,09292000,36430.12,0.0,414.53,2.38,-11.6,251.69,-4.609999999999999,9292000.0,0.6937616
2018-02-08,09292000,36567.97,0.0,371.95,3.55,-7.9,337.22,-2.1750000000000003,9292000.0,0.6937616
2018-02-09,09292000,36707.35,0.0,270.48,2.16,-5.12,417.47,-1.48,9292000.0,0.69659328
2018-02-10,09292000,36848.2,0.0,422.86,-3.9,-17.84,150.34,-10.87,9292000.0,0.67393984
2018-02-11,09292000,36990.48,0.0,435.01,-3.26,-18.01,148.11,-10.635000000000002,9292000.0,0.58898944
2018-02-12,09292000,37134.14,0.0,364.76,-4.61,-15.05,189.88,-9.83,9292000.0,0.6201379199999999
2018-02-13,09292000,37279.12,0.0,428.1,-0.3,-14.05,206.31,-7.175000000000001,9292000.0,0.60597952
2018-02-14,09292000,37425.37,6.19,227.55,-2.01,-9.93,287.55,-5.97,9292000.0,0.6342963199999999
2018-02-15,09292000,37572.85,5.39,341.75,-6.06,-20.72,117.26,-13.39,9292000.0,0.60597952
2018-02-16,09292000,37721.52,0.0,497.36,-1.3,-20.62,118.36,-10.96,9292000.0,0.57766272
2018-02-17,09292000,37871.32,0.0,445.58,1.51,-12.14,240.91,-5.315,9292000.0,0.59182112
2018-02-18,09292000,38022.21,0.0,321.99,-0.46,-8.66,317.68,-4.5600000000000005,9292000.0,0.61447456
2018-02-19,09292000,38174.15,11.03,373.0,-5.65,-23.1,95.13,-14.375,9292000.0,0.61730624
2018-02-20,09292000,38327.09,0.0,478.88,-12.07,-26.98,66.87,-19.525,9292000.0,0.60031616
2018-02-21,09292000,38481.0,0.0,489.78,-9.76,-25.31,77.97,-17.535,9292000.0,0.60314784
2018-02-22,09292000,38635.82,0.0,390.46,-10.5,-20.56,118.99,-15.53,9292000.0,0.59748448
2018-02-23,09292000,38791.52,5.74,333.52,-9.02,-21.18,112.69,-15.1,9292000.0,0.6229696
2018-02-24,09292000,38948.06,0.0,487.37,-9.87,-24.12,86.84,-16.995,9292000.0,0.59748448
2018-02-25,09292000,39105.41,0.0,501.63,-4.94,-20.19,122.9,-12.565,9292000.0,0.59748448
2018-02-26,09292000,39263.51,0.0,382.28,-5.28,-14.67,195.95,-9.975,9292000.0,0.62863296
2018-02-27,09292000,39422.34,0.0,432.2,-2.6,-13.66,212.94,-8.13,9292000.0,0.6342963199999999
2018-02-28,09292000,39581.86,0.0,525.66,-0.85,-16.99,160.64,-8.92,9292000.0,0.6088112
2018-03-01,09292000,39742.04,4.34,265.35,-3.53,-11.85,246.69,-7.689999999999999,9292000.0,0.5946528
2018-03-02,09292000,39902.83,0.0,341.98,-2.18,-10.1,283.57,-6.14,9292000.0,0.5946528
2018-03-03,09292000,40064.2,0.0,339.92,-0.34,-8.16,330.4,-4.25,9292000.0,0.59182112
2018-03-04,09292000,40226.13,3.53,350.2,-3.89,-15.89,177.09,-9.89,9292000.0,0.59182112
2018-03-05,09292000,40388.57,0.0,498.78,-6.4,-19.66,128.65,-13.03,9292000.0,0.6201379199999999
2018-03-06,09292000,40551.49,0.0,576.94,-0.76,-20.05,116.53,-10.405,9292000.0,0.6682764800000001
2018-03-07,09292000,40714.87,0.0,561.89,3.09,-14.72,172.12,-5.815,9292000.0,0.63995968
2018-03-08,09292000,40878.67,0.0,507.21,5.25,-8.93,274.7,-1.84,9292000.0,0.5804944
2018-03-09,09292000,41042.87,0.0,449.5,4.17,-7.3,330.27,-1.565,9292000.0,0.5833260800000001
2018-03-10,09292000,41207.42,0.0,434.4,2.26,-8.48,311.57,-3.1100000000000003,9292000.0,0.58898944
2018-03-11,09292000,41372.31,0.0,493.19,4.04,-8.98,279.14,-2.47,9292000.0,0.58898944
2018-03-12,09292000,41537.49,0.0,467.91,5.31,-6.56,337.31,-0.625,9292000.0,0.61164288
2018-03-13,09292000,41702.95,0.0,514.93,6.18,-7.48,297.78,-0.6500000000000004,9292000.0,0.62863296
2018-03-14,09292000,41868.66,19.34,220.94,2.48,-4.12,450.15,-0.8200000000000001,9292000.0,0.67677152
2018-03-15,09292000,42034.58,11.19,326.15,0.85,-9.25,303.23,-4.2,9292000.0,0.6796032
2018-03-16,09292000,42200.7,6.62,401.98,-1.77,-15.51,182.78,-8.64,9292000.0,0.64562304
2018-03-17,09292000,42366.97,12.87,207.68,-4.11,-9.83,289.71,-6.970000000000001,9292000.0,0.6654448
2018-03-18,09292000,42533.38,9.45,324.39,-4.56,-13.68,212.59,-9.12,9292000.0,0.65411808
2018-03-19,09292000,42699.89,0.0,624.36,-0.55,-17.42,155.79,-8.985000000000001,9292000.0,0.60597952
2018-03-20,09292000,42866.49,0.0,546.49,-0.26,-13.02,224.27,-6.64,9292000.0,0.68526656
2018-03-21,09292000,43033.14,0.0,509.93,4.47,-6.83,366.37,-1.1800000000000002,9292000.0,0.63995968
2018-03-22,09292000,43199.82,23.02,162.03,0.91,-3.14,484.38,-1.115,9292000.0,0.79853376
2018-03-23,09292000,43366.49,8.84,425.06,3.41,-9.3,302.27,-2.9450000000000003,9292000.0,0.89481088
2018-03-24,09292000,43533.14,0.0,474.36,0.96,-8.51,321.35,-3.775,9292000.0,0.69092992
2018-03-25,09292000,43699.74,0.0,530.48,-0.19,-11.08,262.4,-5.635,9292000.0,0.6484547199999999
2018-03-26,09292000,43866.26,0.0,599.93,-2.57,-15.73,179.52,-9.15,9292000.0,0.6484547199999999
2018-03-27,09292000,44032.67,0.0,694.98,2.4,-17.62,152.63,-7.61,9292000.0,0.70508832
2018-03-28,09292000,44198.94,0.0,489.26,-0.26,-9.85,289.23,-5.055,9292000.0,0.65978144
2018-03-29,09292000,44365.05,0.0,575.31,2.44,-9.75,291.57,-3.655,9292000.0,0.6427913599999999
2018-03-30,09292000,44530.98,0.0,585.78,4.58,-7.85,338.37,-1.6349999999999998,9292000.0,0.6626131199999999
2018-03-31,09292000,44696.68,0.0,544.02,7.46,-3.72,461.77,1.87,9292000.0,0.7673852800000001
2018-04-01,09292000,44862.15,0.0,532.04,7.22,-3.58,468.75,1.82,9292000.0,1.24877088
2018-04-02,09292000,45027.33,0.0,714.57,4.79,-15.88,168.25,-5.545,9292000.0,1.2402758399999998
2018-04-03,09292000,45192.22,0.0,713.33,0.61,-19.62,129.02,-9.505,9292000.0,1.12700864
2018-04-04,09292000,45356.77,0.0,533.08,4.74,-6.27,382.27,-0.7649999999999997,9292000.0,1.132672
2018-04-05,09292000,45520.97,0.0,533.9,4.54,-6.2,384.51,-0.8300000000000001,9292000.0,1.15249376
2018-04-06,09292000,45684.77,3.49,334.68,5.42,-2.97,490.84,1.225,9292000.0,1.22894912
2018-04-07,09292000,45848.15,8.57,311.76,4.4,-3.13,484.85,0.6350000000000002,9292000.0,1.34221632
2018-04-08,09292000,46011.08,4.41,331.46,1.49,-6.39,378.88,-2.45,9292000.0,1.3733648
2018-04-09,09292000,46173.52,0.0,657.87,4.93,-9.22,293.94,-2.1450000000000005,9292000.0,1.27142432
2018-04-10,09292000,46335.44,0.0,693.74,9.65,-6.62,327.57,1.515,9292000.0,1.27991936
2018-04-11,09292000,46496.82,0.0,553.61,9.65,-1.07,530.8,4.29,9292000.0,1.34221632
2018-04-12,09292000,46657.61,0.0,706.93,4.69,-11.81,220.36,-3.56,9292000.0,1.39035488
2018-04-13,09292000,46817.79,0.0,462.49,-3.76,-11.96,244.49,-7.86,9292000.0,1.24877088
2018-04-14,09292000,46977.31,0.0,653.56,2.67,-11.05,246.19,-4.19,9292000.0,1.17797888
2018-04-15,09292000,47136.14,0.0,591.72,5.1,-6.44,353.83,-0.6700000000000004,9292000.0,1.23461248
2018-04-16,09292000,47294.25,0.0,539.59,7.24,-3.0,462.86,2.12,9292000.0,1.24877088
2018-04-17,09292000,47451.59,0.0,661.74,-0.57,-14.5,193.21,-7.535,9292000.0,1.274256
2018-04-18,09292000,47608.14,0.0,704.69,1.13,-14.74,181.18,-6.805,9292000.0,1.1694838399999998
2018-04-19,09292000,47763.84,0.0,534.17,3.62,-6.28,375.33,-1.33,9292000.0,1.17797888
2018-04-20,09292000,47918.67,0.0,376.4,2.03,-4.41,440.36,-1.1900000000000002,9292000.0,1.1666521600000002
2018-04-21,09292000,48072.57,0.0,659.87,7.87,-5.95,319.59,0.96,9292000.0,1.14399872
2018-04-22,09292000,48225.52,0.0,679.38,11.31,-3.5,361.08,3.905,9292000.0,1.24877088
2018-04-23,09292000,48377.46,0.0,668.02,9.04,-5.24,328.96,1.8999999999999997,9292000.0,1.37053312
2018-04-24,09292000,48528.35,0.0,615.76,4.94,-7.35,306.95,-1.2049999999999996,9292000.0,1.42433504
2018-04-25,09292000,48678.16,0.0,718.99,9.96,-6.81,276.28,1.5750000000000006,9292000.0,1.37902816
2018-04-26,09292000,48826.82,0.0,693.9,11.13,-4.16,330.93,3.4850000000000003,9292000.0,1.52061216
2018-04-27,09292000,48974.31,0.0,678.79,13.07,-1.77,389.39,5.65,9292000.0,1.7839584
2018-04-28,09292000,49120.57,0.0,503.23,11.22,1.74,600.36,6.48,9292000.0,2.14075008
2018-04-29,09292000,49265.55,0.0,491.24,7.09,-1.91,484.6,2.59,9292000.0,1.74997824
2018-04-30,09292000,49409.2,8.11,444.19,4.17,-7.26,349.44,-1.545,9292000.0,1.15815712
2018-05-01,09292000,49551.49,0.0,650.23,4.49,-8.59,274.26,-2.05,9292000.0,1.49512704
2018-05-02,09292000,49692.34,22.71,339.17,3.48,-4.36,442.15,-0.4400000000000001,9292000.0,1.49229536
2018-05-03,09292000,49831.73,0.0,580.92,5.79,-4.64,405.15,0.5750000000000002,9292000.0,1.29974112
2018-05-04,09292000,49969.58,0.0,724.47,10.4,-5.22,333.85,2.5900000000000003,9292000.0,1.2176224
2018-05-05,09292000,50105.86,0.0,709.92,13.32,-1.94,415.43,5.69,9292000.0,1.40734496
2018-05-06,09292000,50240.5,0.0,575.48,13.06,2.23,623.55,7.645,9292000.0,1.48096864
2018-05-07,09292000,50373.45,0.0,649.78,14.9,1.64,553.38,8.27,9292000.0,1.94536416
2018-05-08,09292000,50504.67,0.0,681.13,14.66,0.02,481.32,7.34,9292000.0,3.1714816
2018-05-09,09292000,50634.08,0.0,591.24,14.8,3.17,645.88,8.985,9292000.0,5.521776
2018-05-10,09292000,50761.65,0.0,584.2,13.11,1.88,600.61,7.494999999999999,9292000.0,8.070288
2018-05-11,09292000,50887.3,25.92,278.73,5.71,-0.67,581.43,2.52,9292000.0,7.8720704
2018-05-12,09292000,51010.98,7.06,379.08,4.06,-4.77,428.62,-0.355,9292000.0,6.0031616
2018-05-13,09292000,51132.65,0.0,643.18,6.06,-6.36,362.7,-0.1500000000000003,9292000.0,5.0120736
2018-05-14,09292000,51252.23,0.0,660.69,8.86,-4.23,409.76,2.3149999999999995,9292000.0,4.2192032
2018-05-15,09292000,51369.66,0.0,636.35,10.45,-1.92,485.22,4.265,9292000.0,3.8794016
2018-05-16,09292000,51484.91,0.0,612.99,11.87,0.08,554.55,5.975,9292000.0,5.0403904
2018-05-17,09292000,51597.89,0.0,583.89,11.6,0.69,584.92,6.145,9292000.0,8.070288
2018-05-18,09292000,51708.56,0.0,589.25,9.91,-0.95,525.04,4.48,9292000.0,8.1269216
2018-05-19,09292000,51816.85,4.01,415.11,8.14,-1.88,532.0,3.1300000000000003,9292000.0,7.2491008
2018-05-20,09292000,51922.71,0.0,610.16,10.66,-0.97,517.16,4.845,9292000.0,7.8720704
2018-05-21,09292000,52026.08,0.0,613.67,11.55,-0.14,529.1,5.705,9292000.0,8.5233568
2018-05-22,09292000,52126.9,7.62,405.56,8.69,-1.03,566.57,3.83,9292000.0,9.5144448
2018-05-23,09292000,52225.11,0.0,528.83,8.02,-1.2,543.8,3.41,9292000.0,7.220784
2018-05-24,09292000,52320.66,0.0,649.25,12.99,0.37,536.47,6.68,9292000.0,6.654448
2018-05-25,09292000,52413.49,0.0,641.8,15.22,2.81,618.89,9.015,9292000.0,11.32672
2018-05-26,09292000,52503.54,0.0,594.76,14.01,3.12,662.08,8.565,9292000.0,14.1017664
2018-05-27,09292000,52590.76,0.0,561.84,11.35,1.52,619.27,6.435,9292000.0,11.8081056
2018-05-28,09292000,52675.09,0.0,587.42,10.5,0.04,550.56,5.27,9292000.0,9.7126624
2018-05-29,09292000,52756.48,0.0,633.13,11.35,-0.51,507.51,5.42,9292000.0,6.9092992
2018-05-30,09292000,52834.87,0.0,679.48,14.53,0.77,521.24,7.649999999999999,9292000.0,7.5889024
2018-05-31,09292000,52910.23,0.0,595.1,14.1,3.12,651.78,8.61,9292000.0,9.4578112
2018-06-01,09292000,52982.49,0.0,560.68,10.04,0.03,556.36,5.034999999999999,9292000.0,8.3817728
2018-06-02,09292000,53051.6,0.0,732.73,14.72,-2.13,399.15,6.295,9292000.0,6.5978144
2018-06-03,09292000,53117.53,0.0,688.19,17.18,2.47,554.55,9.825,9292000.0,7.0225664
2018-06-04,09292000,53180.22,0.0,654.82,18.53,5.06,675.34,11.795,9292000.0,6.9942496
2018-06-05,09292000,53239.63,0.0,607.13,18.52,6.57,780.71,12.545,9292000.0,7.0225664
2018-06-06,09292000,53295.72,0.0,622.33,18.29,5.84,733.72,12.065,9292000.0,6.5694976
2018-06-07,09292000,53348.45,0.0,587.14,17.3,6.01,771.09,11.655,9292000.0,5.380192
2018-06-08,09292000,53397.78,0.0,631.99,18.01,5.18,695.96,11.595,9292000.0,4.7855392
2018-06-09,09292000,53443.68,0.0,612.57,18.37,6.05,749.26,12.21,9292000.0,4.4740544
2018-06-10,09292000,53486.11,0.0,567.87,12.91,2.05,615.6,7.48,9292000.0,4.3324704
2018-06-11,09292000,53525.04,0.0,693.99,15.31,-0.65,448.31,7.33,9292000.0,3.7378176
2018-06-12,09292000,53560.44,0.0,642.6,17.62,3.72,624.46,10.67,9292000.0,3.3130656
2018-06-13,09292000,53592.28,0.0,649.62,20.24,5.77,651.51,13.005,9292000.0,3.1714816
2018-06-14,09292000,53620.55,0.0,542.96,19.65,8.77,858.06,14.21,9292000.0,3.0865312
2018-06-15,09292000,53645.21,0.0,530.88,18.6,8.1,815.34,13.35,9292000.0,2.9166304
2018-06-16,09292000,53666.26,0.0,458.58,15.22,6.63,782.13,10.925,9292000.0,2.82601664
2018-06-17,09292000,53683.67,0.0,438.53,13.47,5.41,718.56,9.44,9292000.0,2.9449472
2018-06-18,09292000,53697.43,0.0,499.65,12.68,3.28,579.41,7.979999999999999,9292000.0,2.973264
2018-06-19,09292000,53707.54,0.0,554.29,12.54,1.74,487.11,7.14,9292000.0,2.4210864
2018-06-20,09292000,53713.97,0.0,669.7,16.38,0.95,378.44,8.665,9292000.0,2.18322528
2018-06-21,09292000,53716.74,0.0,642.47,19.54,5.16,409.44,12.35,9292000.0,1.9963344
2018-06-22,09292000,53715.83,0.0,559.73,16.11,4.72,438.67,10.415,9292000.0,1.80094848
2018-06-23,09292000,53711.24,0.0,639.88,16.99,2.61,321.96,9.8,9292000.0,1.66785952
2018-06-24,09292000,53702.99,0.0,648.54,14.96,0.12,276.0,7.54,9292000.0,1.55176064
2018-06-25,09292000,53691.07,0.0,672.41,19.84,3.15,299.35,11.495,9292000.0,1.44982016
2018-06-26,09292000,53675.5,0.0,601.37,21.25,7.61,458.34,14.43,9292000.0,1.34787968
2018-06-27,09292000,53656.28,0.0,581.64,22.69,9.5,531.79,16.095,9292000.0,1.27991936
2018-06-28,09292000,53633.44,0.0,554.64,19.93,7.69,514.89,13.81,9292000.0,1.2600976
2018-06-29,09292000,53606.99,0.0,496.28,15.67,5.33,517.68,10.5,9292000.0,1.20629568
2018-06-30,09292000,53576.95,0.0,533.15,13.86,2.48,408.77,8.17,9292000.0,1.22045408
2018-07-01,09292000,53543.34,0.0,627.61,18.09,2.75,328.33,10.42,9292000.0,1.55176064
2018-07-02,09292000,53506.18,0.0,580.37,19.24,5.88,438.74,12.56,9292000.0,1.53760224
2018-07-03,09292000,53465.52,0.0,484.88,18.93,7.02,571.87,12.975,9292000.0,1.47530528
2018-07-04,09292000,53421.36,0.0,535.67,19.34,5.35,461.74,12.345,9292000.0,1.42150336
2018-07-05,09292000,53373.76,0.0,484.44,19.72,7.76,597.37,13.739999999999998,9292000.0,1.44698848
2018-07-06,09292000,53322.74,0.0,543.25,22.75,8.16,506.68,15.455,9292000.0,1.4299984
2018-07-07,09292000,53268.34,0.0,515.99,22.93,9.59,524.63,16.259999999999998,9292000.0,1.47530528
2018-07-08,09292000,53210.6,0.0,487.51,21.81,9.68,535.79,15.745,9292000.0,1.45265184
2018-07-09,09292000,53149.56,0.0,493.65,22.6,10.18,540.83,16.39,9292000.0,1.44132512
2018-07-10,09292000,53085.26,0.0,535.58,22.79,8.5,435.57,15.645,9292000.0,1.41584
2018-07-11,09292000,53017.74,0.0,483.52,20.23,8.28,505.17,14.255,9292000.0,1.557424
2018-07-12,09292000,52947.06,0.0,469.35,18.64,7.3,500.39,12.97,9292000.0,2.05579968
2018-07-13,09292000,52873.26,0.0,492.89,20.34,8.17,491.45,14.255,9292000.0,1.6848496
2018-07-14,09292000,52796.4,3.51,286.44,17.33,8.48,829.95,12.905,9292000.0,1.59140416
2018-07-15,09292000,52716.51,0.0,495.69,19.79,7.5,497.1,13.645,9292000.0,1.61122592
2018-07-16,09292000,52633.66,4.89,331.9,19.43,8.6,770.48,14.015,9292000.0,1.51778048
2018-07-17,09292000,52547.89,4.36,379.19,19.84,6.47,631.33,13.155,9292000.0,1.73298816
2018-07-18,09292000,52459.26,0.0,526.01,21.48,7.31,511.34,14.395,9292000.0,1.68768128
2018-07-19,09292000,52367.82,0.0,516.29,23.06,9.12,579.31,16.09,9292000.0,1.51778048
2018-07-20,09292000,52273.64,0.0,427.34,20.2,9.74,743.61,14.97,9292000.0,1.41300832
2018-07-21,09292000,52176.77,0.0,468.21,21.62,9.83,681.88,15.725,9292000.0,1.34221632
2018-07-22,09292000,52077.25,8.45,328.34,17.9,7.04,766.28,12.47,9292000.0,1.6423744
2018-07-23,09292000,51975.16,0.0,461.47,18.17,6.77,632.35,12.47,9292000.0,2.44090816
2018-07-24,09292000,51870.55,0.0,520.31,21.17,7.33,575.68,14.25,9292000.0,1.82926528
2018-07-25,09292000,51763.48,0.0,415.91,17.76,7.96,745.24,12.86,9292000.0,1.7556416
2018-07-26,09292000,51654.0,0.0,499.04,20.32,7.64,617.99,13.98,9292000.0,1.7981168
2018-07-27,09292000,51542.18,0.0,505.02,21.17,8.19,630.15,14.68,9292000.0,1.54609728
2018-07-28,09292000,51428.07,0.0,503.04,21.58,8.6,648.84,15.09,9292000.0,1.45265184
2018-07-29,09292000,51311.73,0.0,499.02,20.09,7.24,606.72,13.665,9292000.0,1.3846915199999998
2018-07-30,09292000,51193.22,0.0,545.26,20.12,5.06,442.52,12.59,9292000.0,1.32239456
2018-07-31,09292000,51072.6,0.0,536.87,22.0,7.25,511.51,14.625,9292000.0,1.29690944
2018-08-01,09292000,50949.93,0.0,494.6,19.85,7.36,412.43,13.605,9292000.0,1.2657609600000002
2018-08-02,09292000,50825.26,0.0,401.84,16.93,7.58,554.56,12.255,9292000.0,1.29974112
2018-08-03,09292000,50698.66,0.0,455.48,18.46,7.5,473.4,12.98,9292000.0,1.30823616
2018-08-04,09292000,50570.17,0.0,516.49,19.97,6.59,372.58,13.28,9292000.0,1.23461248
2018-08-05,09292000,50439.86,0.0,523.17,19.08,5.43,344.5,12.255,9292000.0,1.25443424
2018-08-06,09292000,50307.77,0.0,536.6,19.03,4.66,317.15,11.845,9292000.0,1.2176224
2018-08-07,09292000,50173.97,0.0,546.93,20.52,5.37,320.43,12.945,9292000.0,1.18081056
2018-08-08,09292000,50038.52,0.0,532.41,21.08,6.53,354.57,13.805,9292000.0,1.14399872
2018-08-09,09292000,49901.45,0.0,523.64,22.29,8.08,396.92,15.185,9292000.0,1.19213728
2018-08-10,09292000,49762.83,0.0,519.18,22.62,8.57,405.07,15.595,9292000.0,1.4639785600000002
2018-08-11,09292000,49622.71,0.0,499.59,22.83,9.58,435.77,16.205,9292000.0,1.4583152
2018-08-12,09292000,49481.14,0.0,485.41,22.91,10.19,455.18,16.55,9292000.0,1.45548352
2018-08-13,09292000,49338.17,0.0,434.83,20.05,9.25,425.52,14.65,9292000.0,1.48096864
2018-08-14,09292000,49193.85,0.0,446.88,18.95,7.78,382.36,13.365,9292000.0,1.47813696
2018-08-15,09292000,49048.23,0.0,473.78,19.18,6.92,359.25,13.05,9292000.0,1.45265184
2018-08-16,09292000,48901.36,3.55,317.37,18.71,8.22,394.83,13.465,9292000.0,1.31956288
2018-08-17,09292000,48753.29,4.92,362.8,18.76,5.97,335.0,12.365,9292000.0,1.46114688
2018-08-18,09292000,48604.05,5.0,353.43,16.44,4.27,295.08,10.355,9292000.0,1.63387936
2018-08-19,09292000,48453.7,0.0,503.9,16.28,2.69,261.85,9.485,9292000.0,1.53760224
2018-08-20,09292000,48302.28,8.31,333.1,16.27,4.87,372.27,10.57,9292000.0,1.5291072
2018-08-21,09292000,48149.84,9.95,303.96,15.3,5.2,439.46,10.25,9292000.0,1.45265184
2018-08-22,09292000,47996.41,18.06,262.42,12.27,3.82,567.98,8.045,9292000.0,1.53477056
2018-08-23,09292000,47842.04,7.47,345.56,14.83,2.56,515.08,8.695,9292000.0,1.86607712
2018-08-24,09292000,47686.78,0.0,455.11,16.75,4.71,510.61,10.73,9292000.0,1.63954272
2018-08-25,09292000,47530.65,0.0,477.85,17.78,4.69,483.37,11.235,9292000.0,1.5857408
2018-08-26,09292000,47373.71,0.0,391.13,16.91,7.04,677.25,11.975,9292000.0,1.4384934399999998
2018-08-27,09292000,47215.98,0.0,387.98,13.93,4.3,584.42,9.115,9292000.0,1.3393846399999998
2018-08-28,09292000,47057.51,0.0,450.47,14.53,2.7,465.96,8.615,9292000.0,1.2855827199999998
2018-08-29,09292000,46898.33,0.0,472.48,16.81,3.99,476.77,10.4,9292000.0,1.2600976
2018-08-30,09292000,46738.48,0.0,405.27,16.44,6.22,633.28,11.33,9292000.0,1.22894912
2018-08-31,09292000,46577.99,0.0,442.69,16.09,4.54,530.94,10.315,9292000.0,1.21479072
2018-09-01,09292000,46416.91,0.0,456.44,16.07,3.79,493.46,9.93,9292000.0,1.21195904
2018-09-02,09292000,46255.26,0.0,475.28,16.89,3.59,466.76,10.24,9292000.0,1.21195904
2018-09-03,09292000,46093.07,0.0,478.06,17.57,4.0,475.35,10.785,9292000.0,1.17797888
2018-09-04,09292000,45930.38,0.0,441.64,16.72,4.75,542.0,10.735,9292000.0,1.1666521600000002
2018-09-05,09292000,45767.23,0.0,408.78,15.52,4.87,589.05,10.195,9292000.0,1.17231552
2018-09-06,09292000,45603.64,0.0,397.22,15.28,5.1,613.74,10.19,9292000.0,1.2176224
2018-09-07,09292000,45439.64,0.0,411.86,15.88,5.21,600.4,10.545,9292000.0,1.19496896
2018-09-08,09292000,45275.26,0.0,446.86,17.12,4.98,549.59,11.05,9292000.0,1.19780064
2018-09-09,09292000,45110.54,0.0,479.02,18.37,4.51,496.33,11.44,9292000.0,1.18081056
2018-09-10,09292000,44945.5,0.0,472.03,19.04,5.38,531.58,12.21,9292000.0,1.2402758399999998
2018-09-11,09292000,44780.17,0.0,406.71,18.56,7.75,708.52,13.155,9292000.0,1.47530528
2018-09-12,09292000,44614.58,0.0,380.84,17.32,7.4,735.11,12.36,9292000.0,1.44982016
2018-09-13,09292000,44448.77,0.0,341.72,14.23,5.67,719.86,9.95,9292000.0,1.43283008
2018-09-14,09292000,44282.75,0.0,415.15,16.32,5.17,603.91,10.745,9292000.0,1.4299984
2018-09-15,09292000,44116.55,0.0,442.01,17.48,4.89,560.5,11.185,9292000.0,1.40451328
2018-09-16,09292000,43950.2,0.0,395.36,17.42,6.77,693.37,12.095,9292000.0,1.39884992
2018-09-17,09292000,43783.74,0.0,405.72,17.08,6.0,649.93,11.54,9292000.0,1.4016816
2018-09-18,09292000,43617.18,0.0,412.98,17.03,5.63,628.03,11.33,9292000.0,1.3875232
2018-09-19,09292000,43450.55,0.0,448.78,16.51,3.21,504.55,9.86,9292000.0,1.37902816
2018-09-20,09292000,43283.89,0.0,424.74,12.59,0.51,455.4,6.55,9292000.0,1.37902816
2018-09-21,09292000,43117.21,0.0,470.28,15.18,-0.03,396.4,7.575,9292000.0,1.3733648
2018-09-22,09292000,42950.54,0.0,427.1,15.67,2.87,520.09,9.27,9292000.0,1.3677014399999998
2018-09-23,09292000,42783.91,0.0,361.75,13.59,3.59,621.41,8.59,9292000.0,1.3733648
2018-09-24,09292000,42617.35,0.0,448.71,12.47,-1.71,379.23,5.380000000000001,9292000.0,1.38185984
2018-09-25,09292000,42450.89,0.0,460.77,11.1,-4.26,316.18,3.42,9292000.0,1.3648697600000002
2018-09-26,09292000,42284.54,0.0,447.87,12.43,-2.53,360.32,4.95,9292000.0,1.37053312
2018-09-27,09292000,42118.34,0.0,422.59,15.27,1.54,486.42,8.405,9292000.0,1.36203808
2018-09-28,09292000,41952.32,0.0,437.5,16.72,1.68,473.88,9.2,9292000.0,1.35354304
2018-09-29,09292000,41786.5,0.0,339.48,15.66,5.45,728.94,10.555,9292000.0,1.34221632
2018-09-30,09292000,41620.92,0.0,285.84,13.17,4.93,779.89,9.05,9292000.0,1.3393846399999998
2018-10-01,09292000,41455.59,5.85,252.44,13.17,2.94,717.02,8.055,9292000.0,1.06471168
2018-10-02,09292000,41290.54,13.93,204.98,11.17,3.34,776.16,7.255,9292000.0,1.1185136
2018-10-03,09292000,41125.82,6.73,215.95,10.6,2.33,722.4,6.465,9292000.0,1.4441568
2018-10-04,09292000,40961.44,16.46,124.56,5.16,0.79,646.49,2.975,9292000.0,1.22611744
2018-10-05,09292000,40797.44,6.77,165.81,3.62,-2.26,517.26,0.6800000000000002,9292000.0,0.93162272
2018-10-06,09292000,40633.84,5.7,147.99,2.02,-3.13,484.83,-0.5549999999999999,9292000.0,0.86649408
2018-10-07,09292000,40470.68,10.98,135.55,0.96,-3.68,465.45,-1.36,9292000.0,0.8211872
2018-10-08,09292000,40307.99,12.42,212.97,0.46,-6.18,384.89,-2.86,9292000.0,0.8410089599999999
2018-10-09,09292000,40145.81,10.11,299.37,1.27,-8.95,310.66,-3.84,9292000.0,0.849504
2018-10-10,09292000,39984.15,8.81,232.54,1.41,-5.84,395.15,-2.215,9292000.0,0.98542464
2018-10-11,09292000,39823.06,2.66,305.78,2.34,-8.32,326.22,-2.99,9292000.0,0.90330592
2018-10-12,09292000,39662.57,0.0,485.43,7.14,-9.12,306.35,-0.9899999999999998,9292000.0,0.78437536
2018-10-13,09292000,39502.72,0.0,482.88,7.44,-9.28,302.6,-0.9199999999999996,9292000.0,0.8211872
2018-10-14,09292000,39343.54,0.0,422.36,-3.27,-15.28,186.27,-9.275,9292000.0,0.7645535999999999
2018-10-15,09292000,39185.06,0.0,476.11,1.24,-15.4,184.43,-7.08,9292000.0,0.80419712
2018-10-16,09292000,39027.33,0.0,426.4,5.68,-7.51,347.59,-0.915,9292000.0,1.0703750399999998
2018-10-17,09292000,38870.38,0.0,326.08,3.49,-5.22,414.43,-0.8649999999999998,9292000.0,1.07320672
2018-10-18,09292000,38714.24,0.0,419.19,6.77,-6.51,375.49,0.1299999999999999,9292000.0,1.13833536
2018-10-19,09292000,38558.97,0.0,421.58,8.62,-5.19,415.2,1.7149999999999994,9292000.0,1.10152352
2018-10-20,09292000,38404.6,0.0,374.97,9.04,-2.3,515.8,3.37,9292000.0,1.0760384
2018-10-21,09292000,38251.17,0.0,348.91,9.17,-1.02,566.8,4.075,9292000.0,1.0760384
2018-10-22,09292000,38098.72,11.74,253.3,8.47,-1.4,551.06,3.535,9292000.0,1.0901968
2018-10-23,09292000,37947.29,10.28,201.86,4.75,-2.55,506.27,1.1,9292000.0,1.24310752
2018-10-24,09292000,37796.93,0.0,363.74,6.67,-4.31,443.97,1.1800000000000002,9292000.0,1.19496896
2018-10-25,09292000,37647.69,0.0,316.43,4.07,-4.75,429.4,-0.3399999999999998,9292000.0,1.132672
2018-10-26,09292000,37499.61,0.0,369.08,7.26,-4.12,450.19,1.5699999999999998,9292000.0,1.0477216
2018-10-27,09292000,37352.73,0.0,358.02,10.24,-0.83,574.74,4.705,9292000.0,1.0477216
2018-10-28,09292000,37207.1,0.0,350.09,10.45,-0.28,598.38,5.085,9292000.0,1.03922656
2018-10-29,09292000,37062.77,0.0,384.62,8.13,-4.82,426.88,1.6550000000000002,9292000.0,1.0194048
2018-10-30,09292000,36919.79,0.0,382.76,0.89,-12.0,243.67,-5.555,9292000.0,0.97126624
2018-10-31,09292000,36778.21,0.0,389.13,1.06,-12.73,229.78,-5.835,9292000.0,0.85799904
2018-11-01,09292000,36638.08,0.0,225.09,1.52,-4.75,429.16,-1.615,9292000.0,0.96843456
2018-11-02,09292000,36499.45,4.37,235.03,5.07,-4.79,428.13,0.1400000000000001,9292000.0,1.1864739199999998
2018-11-03,09292000,36362.38,0.0,292.0,0.66,-8.26,327.94,-3.8,9292000.0,1.44132512
2018-11-04,09292000,36226.91,4.16,204.37,0.84,-7.51,347.58,-3.335,9292000.0,1.1751472
2018-11-05,09292000,36093.1,0.0,250.85,-0.86,-8.43,323.49,-4.645,9292000.0,0.98542464
2018-11-06,09292000,35961.0,0.0,325.02,-2.42,-13.48,216.16,-7.95,9292000.0,0.88914752
2018-11-07,09292000,35830.68,0.0,338.64,-1.54,-13.78,210.79,-7.66,9292000.0,0.8325139199999999
2018-11-08,09292000,35702.18,0.0,324.79,-4.31,-15.89,177.17,-10.1,9292000.0,0.8211872
2018-11-09,09292000,35575.56,0.0,348.26,0.68,-13.12,222.56,-6.22,9292000.0,0.92595936
2018-11-10,09292000,35450.88,0.0,354.96,0.87,-13.93,208.22,-6.53,9292000.0,0.920296
2018-11-11,09292000,35328.19,0.0,287.63,-5.87,-15.92,176.71,-10.895,9292000.0,0.8551673599999999
2018-11-12,09292000,35207.56,0.0,350.92,-4.86,-19.28,132.89,-12.07,9292000.0,0.86649408
2018-11-13,09292000,35089.04,0.0,347.61,1.31,-13.53,215.27,-6.109999999999999,9292000.0,0.95144448
2018-11-14,09292000,34972.69,0.0,329.08,5.59,-7.89,337.32,-1.15,9292000.0,0.920296
2018-11-15,09292000,34858.56,0.0,300.38,4.76,-6.74,368.68,-0.9900000000000002,9292000.0,0.85233568
2018-11-16,09292000,34746.73,0.0,299.43,5.44,-6.26,382.72,-0.4099999999999997,9292000.0,0.82685056
2018-11-17,09292000,34637.23,0.0,339.92,0.31,-14.75,194.66,-7.22,9292000.0,0.81835552
2018-11-18,09292000,34530.14,0.0,352.88,1.48,-16.16,173.15,-7.34,9292000.0,0.778712
2018-11-19,09292000,34425.52,0.0,322.27,2.78,-11.45,254.65,-4.335,9292000.0,0.82685056
2018-11-20,09292000,34323.41,0.0,326.56,6.65,-8.72,316.2,-1.035,9292000.0,0.78437536
2018-11-21,09292000,34223.88,0.0,303.46,5.51,-7.9,337.18,-1.1950000000000005,9292000.0,0.7362368
2018-11-22,09292000,34126.99,11.1,120.4,-2.15,-7.96,335.5,-5.055,9292000.0,0.7475635199999999
2018-11-23,09292000,34032.78,0.0,186.27,-1.35,-8.13,331.05,-4.74,9292000.0,0.80136544
2018-11-24,09292000,33941.33,17.3,211.95,-3.0,-14.65,196.25,-8.825,9292000.0,0.91463264
2018-11-25,09292000,33852.69,0.0,300.63,-4.89,-17.84,150.32,-11.365,9292000.0,0.72491008
2018-11-26,09292000,33766.9,0.0,316.99,0.79,-14.17,204.23,-6.69,9292000.0,0.74473184
2018-11-27,09292000,33684.02,0.0,281.76,3.51,-8.74,315.72,-2.615,9292000.0,0.80419712
2018-11-28,09292000,33604.12,6.06,140.5,0.0,-7.1,358.73,-3.55,9292000.0,0.82685056
2018-11-29,09292000,33527.23,16.24,159.37,-3.52,-11.5,253.59,-7.51,9292000.0,0.8466723199999999
2018-11-30,09292000,33453.41,11.57,166.19,-2.73,-11.0,264.01,-6.865,9292000.0,0.86649408
2018-12-01,09292000,33382.71,3.19,174.77,-6.06,-14.92,192.04,-10.49,9292000.0,0.8070288
2018-12-02,09292000,33315.18,0.0,242.45,-6.54,-15.83,177.99,-11.185,9292000.0,0.8070288
2018-12-03,09292000,33250.86,0.0,309.17,-9.15,-23.15,94.66,-16.15,9292000.0,0.84384064
2018-12-04,09292000,33189.79,0.0,321.87,-7.38,-23.23,94.05,-15.305,9292000.0,0.73906848
2018-12-05,09292000,33132.03,0.0,252.5,-4.07,-14.52,198.4,-9.295,9292000.0,0.8211872
2018-12-06,09292000,33077.61,0.0,230.05,-3.25,-12.51,233.75,-7.88,9292000.0,0.849504
2018-12-07,09292000,33026.56,0.0,267.23,-1.14,-12.64,231.48,-6.890000000000001,9292000.0,0.8070288
2018-12-08,09292000,32978.94,0.0,283.76,-1.54,-14.34,201.4,-7.939999999999999,9292000.0,0.778712
2018-12-09,09292000,32934.76,0.0,301.31,-0.12,-14.66,196.18,-7.39,9292000.0,0.73057344
2018-12-10,09292000,32894.07,0.0,297.32,2.37,-12.0,243.75,-4.815,9292000.0,0.7503952
2018-12-11,09292000,32856.9,0.0,259.43,0.32,-11.03,263.39,-5.355,9292000.0,0.778712
2018-12-12,09292000,32823.26,0.0,293.12,-2.46,-16.39,169.93,-9.425,9292000.0,0.72774176
2018-12-13,09292000,32793.2,0.0,301.28,-2.06,-17.08,160.24,-9.57,9292000.0,0.7503952
2018-12-14,09292000,32766.72,0.0,294.35,2.47,-12.1,241.67,-4.815,9292000.0,0.69942496
2018-12-15,09292000,32743.86,0.0,252.04,2.66,-8.52,321.22,-2.93,9292000.0,0.6654448
2018-12-16,09292000,32724.62,0.0,264.33,3.85,-8.27,327.61,-2.21,9292000.0,0.70508832
2018-12-17,09292000,32709.02,0.0,226.78,1.46,-8.07,332.62,-3.305,9292000.0,0.71358336
2018-12-18,09292000,32697.08,0.0,231.88,0.5,-9.11,306.74,-4.305,9292000.0,0.69659328
2018-12-19,09292000,32688.8,4.36,128.95,-3.49,-10.01,285.61,-6.75,9292000.0,0.69659328
2018-12-20,09292000,32684.19,0.0,271.33,2.38,-9.44,298.8,-3.53,9292000.0,0.63995968
2018-12-21,09292000,32683.26,0.0,224.22,0.18,-8.61,319.04,-4.215,9292000.0,0.63146464
2018-12-22,09292000,32686.0,0.0,269.71,-5.97,-17.45,155.32,-11.71,9292000.0,0.60031616
2018-12-23,09292000,32692.41,0.0,271.88,-1.28,-13.18,221.37,-7.229999999999999,9292000.0,0.57483104
2018-12-24,09292000,32702.49,4.67,177.68,-3.09,-12.69,230.43,-7.89,9292000.0,0.60031616
2018-12-25,09292000,32716.23,7.42,96.51,-4.67,-9.27,302.85,-6.97,9292000.0,0.59182112
2018-12-26,09292000,32733.61,0.0,288.03,-6.01,-18.34,144.02,-12.175,9292000.0,0.57199936
2018-12-27,09292000,32754.64,0.0,291.67,-9.73,-22.22,102.79,-15.975,9292000.0,0.566336
2018-12-28,09292000,32779.28,0.0,314.2,-9.03,-24.01,87.64,-16.52,9292000.0,0.54651424
2018-12-29,09292000,32807.52,0.0,330.98,-4.43,-22.23,102.71,-13.33,9292000.0,0.54651424
2018-12-30,09292000,32839.34,0.0,308.49,-4.45,-19.23,133.52,-11.84,9292000.0,0.55500928
2018-12-31,09292000,32874.72,0.0,308.22,-11.78,-26.49,69.95,-19.135,9292000.0,0.5578409599999999
2019-01-01,09292000,32913.8,0.0,348.47,-9.71,-26.62,69.16,-18.165,9292000.0,0.5578409599999999
2019-01-02,09292000,32956.22,0.0,359.8,-2.68,-21.39,110.64,-12.035,9292000.0,0.5946528
2019-01-03,09292000,33002.11,0.0,349.58,2.99,-14.28,202.44,-5.645,9292000.0,0.6512864
2019-01-04,09292000,33051.44,0.0,344.11,5.55,-11.0,263.99,-2.725,9292000.0,0.6626131199999999
2019-01-05,09292000,33104.16,0.0,288.3,1.68,-9.96,286.8,-4.140000000000001,9292000.0,0.67110816
2019-01-06,09292000,33160.24,9.44,192.59,-4.18,-13.9,208.8,-9.04,9292000.0,0.67677152
2019-01-07,09292000,33219.65,9.66,139.59,-4.18,-10.76,269.25,-7.47,9292000.0,0.6824348800000001
2019-01-08,09292000,33282.33,0.0,323.82,2.46,-11.09,262.25,-4.315,9292000.0,0.68809824
2019-01-09,09292000,33348.25,0.0,250.87,1.35,-7.89,337.44,-3.27,9292000.0,0.67677152
2019-01-10,09292000,33417.36,0.0,303.4,1.38,-10.46,275.55,-4.540000000000001,9292000.0,0.6654448
2019-01-11,09292000,33489.61,0.0,309.3,-2.33,-14.31,201.81,-8.32,9292000.0,0.6569497599999999
2019-01-12,09292000,33564.96,0.0,348.81,-1.49,-16.22,172.31,-8.854999999999999,9292000.0,0.61164288
2019-01-13,09292000,33643.35,0.0,369.33,-1.2,-17.83,150.47,-9.515,9292000.0,0.56067264
2019-01-14,09292000,33724.73,0.0,369.03,-1.73,-18.06,147.56,-9.895,9292000.0,0.5691676800000001
2019-01-15,09292000,33809.06,11.52,202.98,-3.32,-12.9,226.55,-8.11,9292000.0,0.6512864
2019-01-16,09292000,33896.27,8.54,162.19,-2.3,-9.53,296.71,-5.914999999999999,9292000.0,0.67110816
2019-01-17,09292000,33986.31,21.65,130.8,-3.36,-8.94,310.79,-6.15,9292000.0,0.6796032
2019-01-18,09292000,34079.13,5.7,210.42,-5.2,-14.63,196.66,-9.915,9292000.0,0.6626131199999999
2019-01-19,09292000,34174.68,0.0,382.19,-0.06,-15.26,186.63,-7.66,9292000.0,0.6626131199999999
2019-01-20,09292000,34272.88,0.0,316.28,1.11,-9.8,290.38,-4.345000000000001,9292000.0,0.68526656
2019-01-21,09292000,34373.7,13.07,237.68,-2.97,-13.66,212.91,-8.315,9292000.0,0.69092992
2019-01-22,09292000,34477.06,0.0,321.93,-8.17,-18.8,138.46,-13.485,9292000.0,0.6427913599999999
2019-01-23,09292000,34582.92,6.76,252.24,-4.21,-15.48,183.27,-9.845,9292000.0,0.6512864
2019-01-24,09292000,34691.2,0.0,259.99,-5.24,-13.19,221.35,-9.215,9292000.0,0.637128
2019-01-25,09292000,34801.87,0.0,316.62,-3.55,-13.6,213.92,-8.575,9292000.0,0.6201379199999999
2019-01-26,09292000,34914.85,0.0,361.43,-0.87,-12.96,225.4,-6.915,9292000.0,0.60597952
2019-01-27,09292000,35030.08,0.0,374.67,2.92,-9.88,288.54,-3.4800000000000004,9292000.0,0.6088112
2019-01-28,09292000,35147.52,0.0,376.4,-3.75,-16.27,171.63,-10.01,9292000.0,0.60314784
2019-01-29,09292000,35267.09,0.0,425.08,-0.81,-16.38,169.94,-8.594999999999999,9292000.0,0.65411808
2019-01-30,09292000,35388.75,0.0,455.4,1.72,-16.83,163.66,-7.554999999999999,9292000.0,0.6937616
2019-01-31,09292000,35512.43,0.0,421.8,1.83,-13.01,224.63,-5.59,9292000.0,0.6484547199999999
2019-02-01,09292000,35638.08,0.0,438.59,3.69,-12.18,240.09,-4.245,9292000.0,0.58898944
2019-02-02,09292000,35765.64,0.0,251.62,-0.01,-6.84,366.06,-3.425,9292000.0,0.59748448
2019-02-03,09292000,35895.05,20.62,159.6,-2.21,-7.64,344.08,-4.925,9292000.0,0.64562304
2019-02-04,09292000,36026.26,13.91,60.61,-5.8,-7.35,351.88,-6.574999999999999,9292000.0,0.6569497599999999
2019-02-05,09292000,36159.21,13.83,181.57,-6.18,-12.03,242.99,-9.105,9292000.0,0.69942496
2019-02-06,09292000,36293.85,0.0,401.97,-8.95,-19.88,126.2,-14.415,9292000.0,0.71075168
2019-02-07,09292000,36430.12,0.0,445.34,-11.74,-24.5,83.89,-18.12,9292000.0,0.61730624
2019-02-08,09292000,36567.97,0.0,468.01,-7.65,-21.84,106.35,-14.745,9292000.0,0.63995968
2019-02-09,09292000,36707.35,0.0,318.8,-8.79,-16.5,168.32,-12.645,9292000.0,0.6796032
2019-02-10,09292000,36848.2,9.16,205.65,-9.35,-15.69,180.02,-12.52,9292000.0,0.69659328
2019-02-11,09292000,36990.48,0.0,473.93,-8.39,-21.66,108.0,-15.025,9292000.0,0.6682764800000001
2019-02-12,09292000,37134.14,0.0,474.25,-4.41,-17.45,155.38,-10.93,9292000.0,0.68526656
2019-02-13,09292000,37279.12,13.64,203.12,-3.76,-9.63,294.41,-6.695,9292000.0,0.71641504
2019-02-14,09292000,37425.37,18.19,196.4,-0.54,-6.12,386.78,-3.33,9292000.0,0.71075168
2019-02-15,09292000,37572.85,10.26,349.0,-1.79,-13.63,213.39,-7.710000000000001,9292000.0,0.71641504
2019-02-16,09292000,37721.52,0.0,479.09,-8.0,-20.19,122.89,-14.095,9292000.0,0.6796032
2019-02-17,09292000,37871.32,0.0,505.55,-8.7,-22.23,102.75,-15.465,9292000.0,0.6484547199999999
2019-02-18,09292000,38022.21,0.0,526.44,-7.25,-21.92,105.59,-14.585,9292000.0,0.62580128
2019-02-19,09292000,38174.15,0.0,509.61,-10.58,-23.82,89.17,-17.2,9292000.0,0.6201379199999999
2019-02-20,09292000,38327.09,0.0,494.45,-9.75,-22.07,104.2,-15.91,9292000.0,0.63146464
2019-02-21,09292000,38481.0,7.47,360.5,-9.49,-21.21,112.35,-15.35,9292000.0,0.62580128
2019-02-22,09292000,38635.82,0.0,572.14,-5.01,-22.71,98.46,-13.86,9292000.0,0.60031616
2019-02-23,09292000,38791.52,0.0,556.15,-6.65,-22.48,100.46,-14.565,9292000.0,0.566336
2019-02-24,09292000,38948.06,0.0,549.97,-4.25,-19.59,129.44,-11.92,9292000.0,0.57483104
2019-02-25,09292000,39105.41,0.0,447.61,-0.55,-11.0,264.1,-5.775,9292000.0,0.59182112
2019-02-26,09292000,39263.51,0.0,429.94,1.82,-7.93,336.26,-3.055,9292000.0,0.57199936
2019-02-27,09292000,39422.34,0.0,423.66,0.35,-8.97,310.16,-4.3100000000000005,9292000.0,0.61730624
2019-02-28,09292000,39581.86,0.0,418.47,0.89,-8.04,333.36,-3.575,9292000.0,0.6569497599999999
2019-03-01,09292000,39742.04,3.83,305.77,0.21,-8.16,330.33,-3.975,9292000.0,0.65978144
2019-03-02,09292000,39902.83,8.51,264.06,-1.91,-8.67,317.42,-5.29,9292000.0,0.70508832
2019-03-03,09292000,40064.2,0.0,565.96,-2.31,-15.39,184.59,-8.85,9292000.0,0.70792
2019-03-04,09292000,40226.13,0.0,609.78,-2.65,-18.68,139.94,-10.665,9292000.0,0.71358336
2019-03-05,09292000,40388.57,7.17,450.15,0.66,-15.25,186.77,-7.295,9292000.0,0.71075168
2019-03-06,09292000,40551.49,12.89,233.97,-1.16,-7.2,355.85,-4.18,9292000.0,0.73906848
2019-03-07,09292000,40714.87,6.81,312.18,2.59,-5.91,393.19,-1.66,9292000.0,0.7192467199999999
2019-03-08,09292000,40878.67,10.92,410.93,-0.96,-13.46,216.43,-7.210000000000001,9292000.0,0.72491008
2019-03-09,09292000,41042.87,0.0,568.24,-4.07,-17.01,161.3,-10.54,9292000.0,0.70792
2019-03-10,09292000,41207.42,0.0,520.29,-2.01,-12.91,226.32,-7.46,9292000.0,0.70225664
2019-03-11,09292000,41372.31,0.0,583.48,-0.33,-13.74,211.63,-7.035,9292000.0,0.6824348800000001
2019-03-12,09292000,41537.49,3.47,454.35,2.06,-12.94,225.74,-5.44,9292000.0,0.7730486400000001
2019-03-13,09292000,41702.95,6.5,366.74,-2.76,-12.79,228.6,-7.774999999999999,9292000.0,0.63995968
2019-03-14,09292000,41868.66,0.0,607.9,-3.77,-17.83,150.42,-10.8,9292000.0,0.60597952
2019-03-15,09292000,42034.58,0.0,670.26,1.01,-17.83,150.4,-8.409999999999998,9292000.0,0.54085088
2019-03-16,09292000,42200.7,0.0,654.68,5.14,-12.74,229.58,-3.8,9292000.0,0.60597952
2019-03-17,09292000,42366.97,0.0,652.64,5.93,-11.67,250.3,-2.87,9292000.0,0.62580128
2019-03-18,09292000,42533.38,0.0,638.63,4.62,-11.86,246.35,-3.62,9292000.0,0.59748448
2019-03-19,09292000,42699.89,0.0,632.11,2.6,-13.28,219.67,-5.34,9292000.0,0.57766272
2019-03-20,09292000,42866.49,0.0,645.85,3.39,-13.18,221.51,-4.895,9292000.0,0.57199936
2019-03-21,09292000,43033.14,16.89,289.91,0.38,-7.33,352.31,-3.475,9292000.0,0.56067264
2019-03-22,09292000,43199.82,11.19,354.38,1.79,-7.9,337.14,-3.055,9292000.0,0.57199936
2019-03-23,09292000,43366.49,0.0,545.49,2.97,-8.65,318.0,-2.84,9292000.0,0.55500928
2019-03-24,09292000,43533.14,10.87,458.96,1.74,-12.13,241.16,-5.195,9292000.0,0.5833260800000001
2019-03-25,09292000,43699.74,0.0,720.76,6.18,-14.68,195.83,-4.25,9292000.0,0.54085088
2019-03-26,09292000,43866.26,0.0,597.47,5.43,-7.65,343.75,-1.1100000000000003,9292000.0,0.62580128
2019-03-27,09292000,44032.67,0.0,533.57,6.29,-4.7,430.78,0.7949999999999999,9292000.0,0.6088112
2019-03-28,09292000,44198.94,0.0,499.4,4.58,-5.36,409.92,-0.3900000000000001,9292000.0,0.5521776
2019-03-29,09292000,44365.05,0.0,535.93,0.21,-10.53,274.12,-5.159999999999999,9292000.0,0.6088112
2019-03-30,09292000,44530.98,0.0,626.9,-0.9,-14.56,197.7,-7.73,9292000.0,0.77021696
2019-03-31,09292000,44696.68,0.0,704.1,2.81,-15.0,190.65,-6.095,9292000.0,0.7475635199999999
2019-04-01,09292000,44862.15,0.0,689.82,5.14,-12.03,243.03,-3.445,9292000.0,0.79570208
2019-04-02,09292000,45027.33,10.22,311.61,3.29,-4.86,425.75,-0.7850000000000001,9292000.0,0.8211872
2019-04-03,09292000,45192.22,5.3,415.81,4.33,-7.16,357.11,-1.415,9292000.0,0.849504
2019-04-04,09292000,45356.77,0.0,623.33,5.53,-7.89,337.35,-1.1799999999999995,9292000.0,0.920296
2019-04-05,09292000,45520.97,0.0,491.93,5.98,-3.73,463.57,1.1250000000000002,9292000.0,1.02223648
2019-04-06,09292000,45684.77,0.0,654.0,7.82,-6.99,361.69,0.415,9292000.0,1.0901968
2019-04-07,09292000,45848.15,0.0,663.14,7.97,-7.21,355.69,0.3799999999999999,9292000.0,1.12417696
2019-04-08,09292000,46011.08,0.0,621.53,10.47,-3.16,483.9,3.655,9292000.0,1.22328576
2019-04-09,09292000,46173.52,10.29,471.31,7.22,-6.63,371.83,0.2949999999999999,9292000.0,1.132672
2019-04-10,09292000,46335.44,16.29,241.04,-2.99,-8.85,313.03,-5.92,9292000.0,1.01657312
2019-04-11,09292000,46496.82,6.55,408.94,-1.78,-12.39,236.13,-7.085,9292000.0,1.0760384
2019-04-12,09292000,46657.61,3.74,507.95,0.82,-14.12,205.0,-6.65,9292000.0,1.1185136
2019-04-13,09292000,46817.79,0.0,707.23,1.8,-14.22,203.41,-6.21,9292000.0,1.09586016
2019-04-14,09292000,46977.31,0.0,637.75,5.54,-7.68,342.98,-1.0699999999999998,9292000.0,1.1411670399999998
2019-04-15,09292000,47136.14,0.0,313.63,3.44,-2.03,526.21,0.7050000000000001,9292000.0,1.2402758399999998
2019-04-16,09292000,47294.25,9.3,349.79,1.99,-6.23,383.52,-2.12,9292000.0,1.18081056
2019-04-17,09292000,47451.59,0.0,728.32,5.32,-10.4,277.04,-2.54,9292000.0,0.97409792
2019-04-18,09292000,47608.14,0.0,716.0,9.97,-5.38,409.4,2.2950000000000004,9292000.0,1.11285024
2019-04-19,09292000,47763.84,0.0,740.69,13.48,-3.22,476.44,5.13,9292000.0,1.3677014399999998
2019-04-20,09292000,47918.67,0.0,602.96,10.87,-0.66,581.95,5.105,9292000.0,1.35071136
2019-04-21,09292000,48072.57,4.16,340.02,5.23,-2.67,501.77,1.2800000000000002,9292000.0,1.1751472
2019-04-22,09292000,48225.52,4.33,461.84,7.52,-4.17,448.42,1.6749999999999998,9292000.0,1.00807808
2019-04-23,09292000,48377.46,0.0,705.49,9.81,-4.71,430.71,2.5500000000000003,9292000.0,0.97976128
2019-04-24,09292000,48528.35,0.0,701.07,11.85,-2.37,511.27,4.74,9292000.0,1.44132512
2019-04-25,09292000,48678.16,0.0,675.18,11.21,-2.01,527.14,4.6000000000000005,9292000.0,2.0246512
2019-04-26,09292000,48826.82,4.25,506.13,10.26,-3.06,487.51,3.6,9292000.0,2.46639328
2019-04-27,09292000,48974.31,0.0,726.28,8.89,-6.14,386.13,1.3750000000000004,9292000.0,2.8883136
2019-04-28,09292000,49120.57,5.0,533.6,8.31,-6.38,379.24,0.9650000000000004,9292000.0,2.8033632
2019-04-29,09292000,49265.55,17.23,367.6,1.73,-6.64,371.61,-2.455,9292000.0,2.690096
2019-04-30,09292000,49409.2,22.66,509.2,3.57,-9.31,301.8,-2.87,9292000.0,2.25401728
2019-05-01,09292000,49551.49,14.63,562.55,2.1,-13.3,219.34,-5.6000000000000005,9292000.0,1.7556416
2019-05-02,09292000,49692.34,0.0,763.84,3.92,-12.12,241.29,-4.1,9292000.0,1.4299984
2019-05-03,09292000,49831.73,0.0,737.55,8.98,-6.28,382.08,1.35,9292000.0,1.24877088
2019-05-04,09292000,49969.58,0.0,745.68,9.86,-5.83,395.39,2.015,9292000.0,1.2176224
2019-05-05,09292000,50105.86,0.0,685.66,11.35,-2.27,516.94,4.54,9292000.0,1.29407776
2019-05-06,09292000,50240.5,0.0,671.83,11.15,-1.91,531.07,4.62,9292000.0,1.71033472
2019-05-07,09292000,50373.45,8.62,477.78,8.1,-3.79,461.4,2.155,9292000.0,1.8547504
2019-05-08,09292000,50504.67,8.15,337.72,2.21,-5.25,413.4,-1.52,9292000.0,1.82926528
2019-05-09,09292000,50634.08,7.06,402.94,2.43,-6.61,372.42,-2.09,9292000.0,1.79528512
2019-05-10,09292000,50761.65,0.0,732.46,6.5,-8.05,333.31,-0.7750000000000004,9292000.0,1.66219616
2019-05-11,09292000,50887.3,0.0,731.37,8.68,-6.02,389.78,1.33,9292000.0,1.71033472
2019-05-12,09292000,51010.98,0.0,742.79,12.52,-2.88,490.11,4.82,9292000.0,2.00482944
2019-05-13,09292000,51132.65,0.0,740.47,14.32,-1.08,552.52,6.62,9292000.0,3.0865312
2019-05-14,09292000,51252.23,0.0,687.68,14.33,0.82,647.76,7.575,9292000.0,4.4740544
2019-05-15,09292000,51369.66,0.0,557.25,11.17,1.18,665.33,6.175,9292000.0,5.4651424
2019-05-16,09292000,51484.91,0.0,606.61,9.88,-1.25,557.2,4.315,9292000.0,6.7393984
2019-05-17,09292000,51597.89,0.0,585.17,4.56,-5.72,398.72,-0.5800000000000001,9292000.0,7.2491008
2019-05-18,09292000,51708.56,0.0,707.81,7.16,-6.44,375.61,0.3599999999999999,9292000.0,6.7393984
2019-05-19,09292000,51816.85,23.77,276.81,1.18,-4.68,431.59,-1.75,9292000.0,6.5694976
2019-05-20,09292000,51922.71,10.93,478.59,4.23,-7.04,360.36,-1.4049999999999998,9292000.0,5.9748448
2019-05-21,09292000,52026.08,16.05,458.25,5.29,-5.4,408.69,-0.0550000000000001,9292000.0,5.238608
2019-05-22,09292000,52126.9,19.75,293.4,2.0,-4.19,447.91,-1.0950000000000002,9292000.0,4.8704896
2019-05-23,09292000,52225.11,29.76,343.01,3.31,-3.93,456.84,-0.31,9292000.0,4.8421728
2019-05-24,09292000,52320.66,6.93,413.08,5.23,-3.69,464.91,0.7700000000000002,9292000.0,4.5590048
2019-05-25,09292000,52413.49,0.0,599.09,5.46,-4.31,443.77,0.5750000000000002,9292000.0,4.2758368
2019-05-26,09292000,52503.54,0.0,631.49,7.7,-2.8,497.07,2.45,9292000.0,4.0493024
2019-05-27,09292000,52590.76,16.83,460.45,6.47,-3.52,471.15,1.475,9292000.0,4.6439552
2019-05-28,09292000,52675.09,10.06,423.45,5.49,-3.29,479.28,1.1,9292000.0,4.4740544
2019-05-29,09292000,52756.48,0.0,578.08,5.91,-3.1,485.98,1.405,9292000.0,4.4740544
2019-05-30,09292000,52834.87,9.38,569.36,10.48,-3.75,462.88,3.365,9292000.0,5.1536576
2019-05-31,09292000,52910.23,0.0,688.9,10.08,-1.56,544.86,4.26,9292000.0,6.0031616
2019-06-01,09292000,52982.49,0.0,699.29,11.68,-0.21,601.44,5.734999999999999,9292000.0,6.9092992
2019-06-02,09292000,53051.6,0.0,686.97,12.35,0.87,650.52,6.609999999999999,9292000.0,8.1269216
2019-06-03,09292000,53117.53,0.0,769.51,14.27,0.0,610.61,7.135,9292000.0,10.3922656
2019-06-04,09292000,53180.22,0.0,803.98,16.41,0.16,616.95,8.285,9292000.0,10.4205824
2019-06-05,09292000,53239.63,0.0,753.46,15.62,1.77,693.85,8.695,9292000.0,12.5160256
2019-06-06,09292000,53295.72,5.86,538.71,14.98,2.19,715.21,8.585,9292000.0,15.0362208
2019-06-07,09292000,53348.45,0.0,614.65,12.79,2.91,752.57,7.85,9292000.0,19.7084928
2019-06-08,09292000,53397.78,0.0,747.85,7.57,-5.68,400.1,0.9450000000000004,9292000.0,23.4746272
2019-06-09,09292000,53443.68,0.0,828.49,9.09,-8.0,334.54,0.5449999999999999,9292000.0,19.82176
2019-06-10,09292000,53486.11,0.0,788.48,14.07,-1.42,547.64,6.325,9292000.0,19.0855232
2019-06-11,09292000,53525.04,0.0,729.37,14.47,1.31,671.33,7.890000000000001,9292000.0,21.2376
2019-06-12,09292000,53560.44,0.0,749.57,16.06,2.11,700.89,9.085,9292000.0,27.467296
2019-06-13,09292000,53592.28,4.98,548.84,16.01,2.49,730.78,9.25,9292000.0,33.130656
2019-06-14,09292000,53620.55,7.84,478.41,12.64,2.04,707.63,7.34,9292000.0,41.05936
2019-06-15,09292000,53645.21,0.0,704.43,14.12,1.75,693.12,7.935,9292000.0,35.679168
2019-06-16,09292000,53666.26,0.0,724.95,14.93,1.77,693.89,8.35,9292000.0,38.22768
2019-06-17,09292000,53683.67,0.0,593.73,12.11,2.61,736.71,7.359999999999999,9292000.0,38.510848
2019-06-18,09292000,53697.43,0.0,674.79,13.38,1.76,693.26,7.57,9292000.0,35.396
2019-06-19,09292000,53707.54,0.0,702.05,15.24,2.67,740.2,8.955,9292000.0,41.625696
2019-06-20,09292000,53713.97,0.0,744.34,13.71,-0.2,601.22,6.755000000000001,9292000.0,42.758368
2019-06-21,09292000,53716.74,0.0,614.28,7.67,-2.42,511.08,2.625,9292000.0,38.22768
2019-06-22,09292000,53715.83,6.34,395.32,4.28,-4.03,453.16,0.125,9292000.0,26.90096
2019-06-23,09292000,53711.24,0.0,642.12,8.98,-1.89,531.58,3.5450000000000004,9292000.0,18.264336
2019-06-24,09292000,53702.99,0.0,684.07,13.54,1.26,668.79,7.399999999999999,9292000.0,14.4698848
2019-06-25,09292000,53691.07,0.0,620.05,15.5,4.71,854.48,10.105,9292000.0,17.7829504
2019-06-26,09292000,53675.5,0.0,623.27,15.58,4.69,853.27,10.135,9292000.0,21.4924512
2019-06-27,09292000,53656.28,0.0,599.21,16.03,5.62,910.48,10.825,9292000.0,23.7011616
2019-06-28,09292000,53633.44,0.0,657.79,17.2,5.18,882.36,11.19,9292000.0,25.1736352
2019-06-29,09292000,53606.99,0.0,656.64,17.87,5.89,923.65,11.88,9292000.0,24.5789824
2019-06-30,09292000,53576.95,1.94,426.65,11.79,5.02,873.46,8.405,9292000.0,29.166304
2019-07-01,09292000,53543.34,0.0,690.77,17.08,4.32,820.85,10.7,9292000.0,25.8532384
2019-07-02,09292000,53506.18,0.0,662.69,17.58,5.55,894.4,11.565,9292000.0,23.8427456
2019-07-03,09292000,53465.52,0.0,621.49,17.24,6.37,959.03,11.805,9292000.0,22.087104
2019-07-04,09292000,53421.36,0.0,709.0,16.91,3.81,773.43,10.36,9292000.0,19.1987904
2019-07-05,09292000,53373.76,0.0,716.21,16.35,3.08,735.17,9.715,9292000.0,15.998992
2019-07-06,09292000,53322.74,0.0,649.53,16.55,5.18,877.5,10.865,9292000.0,14.5548352
2019-07-07,09292000,53268.34,0.0,617.11,16.45,5.84,924.34,11.145,9292000.0,13.6486976
2019-07-08,09292000,53210.6,0.0,623.94,15.13,4.52,843.0,9.825,9292000.0,13.45048
2019-07-09,09292000,53149.56,0.0,694.62,17.15,4.67,817.31,10.91,9292000.0,12.8558272
2019-07-10,09292000,53085.26,0.0,728.18,19.63,5.95,846.37,12.79,9292000.0,12.6859264
2019-07-11,09292000,53017.74,0.0,697.98,20.86,8.03,976.3,14.445,9292000.0,12.4310752
2019-07-12,09292000,52947.06,0.0,664.35,20.6,8.81,1045.05,14.705000000000002,9292000.0,11.6948384
2019-07-13,09292000,52873.26,0.0,515.26,15.7,7.59,1042.86,11.645,9292000.0,11.2417696
2019-07-14,09292000,52796.4,0.0,732.09,20.94,7.11,895.41,14.025,9292000.0,10.7887008
2019-07-15,09292000,52716.51,0.0,643.34,20.23,9.08,1081.16,14.655,9292000.0,10.2223648
2019-07-16,09292000,52633.66,0.0,683.69,20.27,8.1,975.06,14.185,9292000.0,9.3728608
2019-07-17,09292000,52547.89,0.0,640.49,19.44,8.39,1026.07,13.915,9292000.0,8.636624
2019-07-18,09292000,52459.26,0.0,651.28,20.42,9.02,1058.31,14.72,9292000.0,7.8154368
2019-07-19,09292000,52367.82,0.0,657.16,20.95,9.36,1076.87,15.155,9292000.0,7.3906848
2019-07-20,09292000,52273.64,0.0,673.61,20.86,8.88,1034.12,14.87,9292000.0,6.9659328
2019-07-21,09292000,52176.77,0.0,701.66,20.87,7.99,951.9,14.43,9292000.0,6.654448
2019-07-22,09292000,52077.25,0.0,705.82,21.73,8.47,969.4,15.1,9292000.0,6.5411808
2019-07-23,09292000,51975.16,0.0,714.36,21.97,8.26,950.44,15.114999999999998,9292000.0,6.2863296
2019-07-24,09292000,51870.55,0.0,588.29,18.56,8.57,1067.95,13.565,9292000.0,6.0031616
2019-07-25,09292000,51763.48,0.0,573.95,16.63,7.08,984.76,11.855,9292000.0,6.088112
2019-07-26,09292000,51654.0,7.79,436.85,17.07,7.23,1017.42,12.15,9292000.0,6.0314784
2019-07-27,09292000,51542.18,0.0,619.19,15.81,5.32,859.88,10.565,9292000.0,6.512864
2019-07-28,09292000,51428.07,0.0,737.22,19.04,4.8,754.83,11.92,9292000.0,5.2952416
2019-07-29,09292000,51311.73,0.0,708.15,20.41,7.0,858.65,13.705,9292000.0,4.7855392
2019-07-30,09292000,51193.22,0.0,652.73,20.86,8.95,968.15,14.905,9292000.0,4.4457376
2019-07-31,09292000,51072.6,15.61,397.04,16.57,7.7,1050.42,12.135,9292000.0,4.4457376
2019-08-01,09292000,50949.93,0.0,505.65,15.0,6.83,965.95,10.915,9292000.0,7.1358336
2019-08-02,09292000,50825.26,0.0,667.72,18.18,6.2,813.25,12.19,9292000.0,6.2863296
2019-08-03,09292000,50698.66,3.06,480.81,19.09,7.45,1008.59,13.27,9292000.0,5.2669248
2019-08-04,09292000,50570.17,5.76,488.52,20.02,7.94,1038.56,13.98,9292000.0,5.7766272
2019-08-05,09292000,50439.86,5.03,520.03,19.6,6.05,904.98,12.825,9292000.0,5.7766272
2019-08-06,09292000,50307.77,0.0,663.35,20.76,8.24,937.69,14.5,9292000.0,4.8421728
2019-08-07,09292000,50173.97,3.45,453.75,17.9,6.88,993.04,12.39,9292000.0,4.5023712
2019-08-08,09292000,50038.52,0.0,569.62,15.8,5.94,862.8,10.87,9292000.0,4.4457376
2019-08-09,09292000,49901.45,0.0,642.91,16.9,5.12,771.19,11.01,9292000.0,3.9926688
2019-08-10,09292000,49762.83,0.0,596.58,16.72,6.14,856.23,11.43,9292000.0,3.8794016
2019-08-11,09292000,49622.71,0.0,619.9,16.49,5.27,795.83,10.88,9292000.0,3.681184
2019-08-12,09292000,49481.14,0.0,654.19,17.12,4.63,741.63,10.875,9292000.0,3.3130656
2019-08-13,09292000,49338.17,0.0,640.4,17.62,5.46,791.35,11.54,9292000.0,3.0865312
2019-08-14,09292000,49193.85,0.0,650.44,19.77,6.95,859.56,13.36,9292000.0,2.9166304
2019-08-15,09292000,49048.23,0.0,647.57,20.17,7.26,878.88,13.715,9292000.0,2.760888
2019-08-16,09292000,48901.36,0.0,598.58,18.94,7.47,930.4,13.205,9292000.0,2.6023139200000003
2019-08-17,09292000,48753.29,0.0,597.97,18.06,6.57,881.38,12.315,9292000.0,2.50320512
2019-08-18,09292000,48604.05,0.0,644.43,19.67,6.5,793.9,13.085,9292000.0,2.38427456
2019-08-19,09292000,48453.7,0.0,602.71,19.23,7.36,847.84,13.295,9292000.0,2.25401728
2019-08-20,09292000,48302.28,0.0,612.43,20.37,8.03,829.08,14.2,9292000.0,2.14924512
2019-08-21,09292000,48149.84,0.0,607.78,20.86,8.63,796.5,14.745,9292000.0,2.05863136
2019-08-22,09292000,47996.41,0.0,588.9,19.44,7.98,663.07,13.71,9292000.0,1.99916608
2019-08-23,09292000,47842.04,0.0,574.92,17.86,6.78,602.42,12.32,9292000.0,1.91987904
2019-08-24,09292000,47686.78,0.0,666.34,20.05,5.3,464.83,12.675,9292000.0,1.84342368
2019-08-25,09292000,47530.65,0.0,570.96,19.59,8.09,653.73,13.84,9292000.0,1.77263168
2019-08-26,09292000,47373.71,0.0,645.21,18.36,4.25,380.69,11.305,9292000.0,1.70183968
2019-08-27,09292000,47215.98,0.0,667.16,17.86,2.67,283.69,10.265,9292000.0,1.63387936
2019-08-28,09292000,47057.51,0.0,671.96,21.09,5.07,314.67,13.08,9292000.0,1.5829091199999998
2019-08-29,09292000,46898.33,0.0,631.11,19.54,5.45,322.24,12.495,9292000.0,1.56875072
2019-08-30,09292000,46738.48,0.0,576.95,18.21,5.92,364.24,12.065,9292000.0,1.6423744
2019-08-31,09292000,46577.99,0.0,605.02,20.44,6.71,353.7,13.575,9292000.0,1.57441408
2019-09-01,09292000,46416.91,0.0,606.2,22.02,7.86,384.79,14.94,9292000.0,1.47813696
2019-09-02,09292000,46255.26,0.0,585.67,22.12,8.53,405.36,15.325,9292000.0,1.40451328
2019-09-03,09292000,46093.07,0.0,486.05,18.86,8.49,536.98,13.675,9292000.0,1.3733648
2019-09-04,09292000,45930.38,0.0,532.02,20.07,8.18,467.93,14.125,9292000.0,1.41867168
2019-09-05,09292000,45767.23,6.56,405.88,19.94,7.31,542.56,13.625,9292000.0,1.49229536
2019-09-06,09292000,45603.64,0.0,506.85,17.31,6.04,455.01,11.675,9292000.0,1.6848496
2019-09-07,09292000,45439.64,0.0,542.15,17.13,4.47,381.59,10.8,9292000.0,1.5659190399999998
2019-09-08,09292000,45275.26,18.57,299.19,10.46,1.96,569.6,6.210000000000001,9292000.0,1.94253248
2019-09-09,09292000,45110.54,0.0,492.73,11.94,0.81,440.03,6.375,9292000.0,2.0104928
2019-09-10,09292000,44945.5,8.52,298.87,9.79,1.17,610.9,5.48,9292000.0,1.93120576
2019-09-11,09292000,44780.17,11.9,279.07,6.05,-1.81,534.94,2.12,9292000.0,2.2795024
2019-09-12,09292000,44614.58,0.0,536.58,9.91,-2.94,367.85,3.4850000000000003,9292000.0,2.01898784
2019-09-13,09292000,44448.77,0.0,547.05,13.61,0.02,406.45,6.815,9292000.0,1.90005728
2019-09-14,09292000,44282.75,0.0,545.27,16.26,2.41,468.33,9.335,9292000.0,1.91987904
2019-09-15,09292000,44116.55,0.0,495.22,16.85,4.73,589.16,10.79,9292000.0,1.75280992
2019-09-16,09292000,43950.2,3.74,307.43,13.41,3.9,744.1,8.655,9292000.0,1.7698
2019-09-17,09292000,43783.74,3.04,302.69,10.05,0.84,628.61,5.445,9292000.0,1.71882976
2019-09-18,09292000,43617.18,0.0,487.61,12.16,0.27,482.2,6.215,9292000.0,1.72449312
2019-09-19,09292000,43450.55,0.0,422.02,12.7,2.85,623.78,7.774999999999999,9292000.0,1.7273248
2019-09-20,09292000,43283.89,0.0,450.58,7.48,-3.13,415.83,2.1750000000000003,9292000.0,1.7131664
2019-09-21,09292000,43117.21,0.0,484.63,7.2,-4.69,347.13,1.255,9292000.0,1.6650278399999998
2019-09-22,09292000,42950.54,0.0,560.89,12.2,-4.18,309.7,4.01,9292000.0,1.67918624
2019-09-23,09292000,42783.91,0.0,495.95,13.87,0.8,473.17,7.335,9292000.0,1.68768128
2019-09-24,09292000,42617.35,0.0,509.6,15.53,1.42,478.36,8.475,9292000.0,1.67635456
2019-09-25,09292000,42450.89,0.0,503.82,16.79,2.66,520.76,9.725,9292000.0,1.6706912
2019-09-26,09292000,42284.54,0.0,503.1,17.05,2.66,521.34,9.855,9292000.0,1.6565328
2019-09-27,09292000,42118.34,4.23,309.34,12.25,1.72,655.01,6.985,9292000.0,1.5942358399999998
2019-09-28,09292000,41952.32,9.52,226.75,9.35,2.24,717.75,5.795,9292000.0,1.5715824
2019-09-29,09292000,41786.5,10.27,246.78,6.0,-1.7,539.22,2.15,9292000.0,1.39035488
2019-09-30,09292000,41620.92,0.0,374.05,5.03,-3.85,459.59,0.5900000000000001,9292000.0,1.41584
2019-10-01,09292000,41455.59,0.0,455.22,7.26,-4.6,405.9,1.33,9292000.0,1.41300832
2019-10-02,09292000,41290.54,0.0,409.59,5.93,-4.16,441.39,0.8849999999999998,9292000.0,1.3846915199999998
2019-10-03,09292000,41125.82,0.0,429.03,9.15,-1.96,497.26,3.595,9292000.0,1.39318656
2019-10-04,09292000,40961.44,0.0,467.57,7.8,-5.15,385.69,1.3249999999999995,9292000.0,1.3875232
2019-10-05,09292000,40797.44,0.0,494.74,7.72,-7.14,325.99,0.29,9292000.0,1.3875232
2019-10-06,09292000,40633.84,0.0,503.73,8.25,-7.78,307.32,0.2349999999999998,9292000.0,1.36203808
2019-10-07,09292000,40470.68,0.0,495.44,13.12,-3.2,417.07,4.959999999999999,9292000.0,1.35071136
2019-10-08,09292000,40307.99,0.0,454.39,12.85,-1.06,508.21,5.895,9292000.0,1.37902816
2019-10-09,09292000,40145.81,0.0,516.36,8.3,-11.41,231.79,-1.5549999999999995,9292000.0,1.4724736
2019-10-10,09292000,39984.15,0.0,384.53,-3.14,-13.76,211.24,-8.45,9292000.0,1.40451328
2019-10-11,09292000,39823.06,0.0,482.41,3.58,-13.34,214.99,-4.88,9292000.0,1.31106784
2019-10-12,09292000,39662.57,0.0,452.16,7.7,-7.43,334.87,0.1350000000000002,9292000.0,1.4016816
2019-10-13,09292000,39502.72,0.0,431.71,9.68,-4.49,418.1,2.595,9292000.0,1.38185984
2019-10-14,09292000,39343.54,0.0,407.34,10.12,-2.97,476.5,3.5749999999999997,9292000.0,1.3648697600000002
2019-10-15,09292000,39185.06,0.0,432.14,11.69,-3.27,451.86,4.21,9292000.0,1.32522624
2019-10-16,09292000,39027.33,0.0,408.37,13.98,-0.05,574.17,6.965,9292000.0,1.31389952
2019-10-17,09292000,38870.38,0.0,366.72,9.4,-2.46,509.74,3.47,9292000.0,1.29124608
2019-10-18,09292000,38714.24,0.0,368.93,4.68,-7.26,354.24,-1.29,9292000.0,1.25726592
2019-10-19,09292000,38558.97,11.88,279.24,2.85,-9.36,300.73,-3.255,9292000.0,1.25160256
2019-10-20,09292000,38404.6,4.99,170.0,-4.19,-10.72,270.04,-7.455,9292000.0,1.22611744
2019-10-21,09292000,38251.17,6.5,156.78,-1.69,-7.64,343.94,-4.665,9292000.0,1.25160256
2019-10-22,09292000,38098.72,0.0,323.83,5.09,-4.82,427.0,0.1349999999999998,9292000.0,1.28275104
2019-10-23,09292000,37947.29,3.56,313.26,2.55,-12.51,233.84,-4.98,9292000.0,1.25443424
2019-10-24,09292000,37796.93,0.0,438.78,1.96,-15.01,190.61,-6.525,9292000.0,1.17231552
2019-10-25,09292000,37647.69,0.0,418.41,10.06,-6.0,390.28,2.03,9292000.0,1.22894912
2019-10-26,09292000,37499.61,0.0,413.42,9.5,-6.57,373.65,1.465,9292000.0,1.203464
2019-10-27,09292000,37352.73,4.42,288.67,-4.38,-18.14,146.5,-11.26,9292000.0,1.20912736
2019-10-28,09292000,37207.1,5.34,307.41,-5.11,-21.17,112.82,-13.14,9292000.0,1.07887008
2019-10-29,09292000,37062.77,5.01,272.75,-10.24,-23.26,93.8,-16.75,9292000.0,1.12700864
2019-10-30,09292000,36919.79,0.0,430.45,-5.28,-24.52,83.74,-14.9,9292000.0,0.9344544
2019-10-31,09292000,36778.21,0.0,424.15,3.62,-16.0,175.49,-6.19,9292000.0,1.11001856
2019-11-01,09292000,36638.08,0.0,352.96,1.77,-11.96,244.38,-5.095000000000001,9292000.0,1.02789984
2019-11-02,09292000,36499.45,0.0,386.71,6.88,-9.98,286.3,-1.5500000000000005,9292000.0,1.05621664
2019-11-03,09292000,36362.38,0.0,316.54,6.33,-5.96,391.63,0.185,9292000.0,1.07887008
2019-11-04,09292000,36226.91,0.0,307.79,6.36,-5.57,403.27,0.395,9292000.0,1.03922656
2019-11-05,09292000,36093.1,0.0,313.62,7.22,-5.1,417.99,1.06,9292000.0,0.98542464
2019-11-06,09292000,35961.0,0.0,323.96,6.85,-6.1,387.25,0.375,9292000.0,0.9627712
2019-11-07,09292000,35830.68,0.0,324.27,7.42,-5.74,398.21,0.8399999999999999,9292000.0,0.91746432
2019-11-08,09292000,35702.18,0.0,338.44,9.33,-4.95,422.98,2.19,9292000.0,0.9061376
2019-11-09,09292000,35575.56,0.0,344.75,12.26,-3.08,486.65,4.59,9292000.0,0.9061376
2019-11-10,09292000,35450.88,0.0,307.19,8.66,-3.95,456.18,2.355,9292000.0,0.89764256
2019-11-11,09292000,35328.19,0.0,303.68,2.97,-9.25,303.31,-3.14,9292000.0,0.88348416
2019-11-12,09292000,35207.56,0.0,356.48,7.67,-8.97,310.19,-0.6500000000000004,9292000.0,0.80419712
2019-11-13,09292000,35089.04,0.0,268.44,5.5,-5.19,415.31,0.1549999999999998,9292000.0,0.88914752
2019-11-14,09292000,34972.69,0.0,313.74,7.66,-5.88,394.08,0.8900000000000001,9292000.0,0.8353456
2019-11-15,09292000,34858.56,0.0,271.37,8.38,-2.72,499.94,2.83,9292000.0,0.8466723199999999
2019-11-16,09292000,34746.73,0.0,279.37,3.99,-7.47,348.62,-1.7399999999999998,9292000.0,0.8410089599999999
2019-11-17,09292000,34637.23,0.0,296.7,7.38,-5.43,407.67,0.975,9292000.0,0.82685056
2019-11-18,09292000,34530.14,0.0,265.24,7.8,-3.31,478.41,2.245,9292000.0,0.89764256
2019-11-19,09292000,34425.52,0.0,273.34,7.43,-4.38,441.65,1.525,9292000.0,0.8636623999999999
2019-11-20,09292000,34323.41,19.59,94.86,1.26,-3.63,466.99,-1.185,9292000.0,0.98825632
2019-11-21,09292000,34223.88,0.0,210.3,-0.79,-9.23,303.75,-5.01,9292000.0,0.92595936
2019-11-22,09292000,34126.99,0.0,279.46,0.06,-12.09,241.85,-6.015,9292000.0,0.8608307199999999
2019-11-23,09292000,34032.78,0.0,310.49,4.26,-10.37,277.74,-3.055,9292000.0,0.81552384
2019-11-24,09292000,33941.33,0.0,282.41,3.66,-8.95,310.64,-2.645,9292000.0,0.8721574400000001
2019-11-25,09292000,33852.69,9.24,190.96,-3.54,-14.18,204.11,-8.86,9292000.0,0.88914752
2019-11-26,09292000,33766.9,0.0,260.36,-7.99,-18.81,138.38,-13.4,9292000.0,0.80419712
2019-11-27,09292000,33684.02,18.08,157.55,-7.09,-15.21,187.45,-11.15,9292000.0,0.81552384
2019-11-28,09292000,33604.12,30.17,62.02,-4.9,-7.64,344.13,-6.27,9292000.0,0.89481088
2019-11-29,09292000,33527.23,38.3,205.38,-3.64,-14.03,206.65,-8.834999999999999,9292000.0,0.89764256
2019-11-30,09292000,33453.41,0.0,302.92,-6.96,-18.71,139.53,-12.835,9292000.0,0.81552384
2019-12-01,09292000,33382.71,0.0,366.2,2.21,-17.15,159.33,-7.469999999999999,9292000.0,0.80419712
2019-12-02,09292000,33315.18,0.0,262.92,1.95,-7.94,336.09,-2.995,9292000.0,0.81552384
2019-12-03,09292000,33250.86,0.0,277.86,1.71,-9.0,309.27,-3.645,9292000.0,0.80986048
2019-12-04,09292000,33189.79,6.92,216.51,3.76,-7.76,340.81,-2.0,9292000.0,0.8608307199999999
2019-12-05,09292000,33132.03,0.0,230.57,1.22,-7.09,358.9,-2.935,9292000.0,0.92312768
2019-12-06,09292000,33077.61,0.0,307.49,2.89,-9.76,291.29,-3.435,9292000.0,0.93162272
2019-12-07,09292000,33026.56,0.0,198.99,-0.18,-7.1,358.68,-3.64,9292000.0,0.90330592
2019-12-08,09292000,32978.94,11.64,180.33,-0.71,-9.24,303.48,-4.975,9292000.0,0.8721574400000001
2019-12-09,09292000,32934.76,0.0,284.8,-3.42,-13.96,207.79,-8.690000000000001,9292000.0,0.82685056
2019-12-10,09292000,32894.07,0.0,296.28,-1.13,-12.45,234.97,-6.789999999999999,9292000.0,0.72774176
2019-12-11,09292000,32856.9,0.0,279.99,-0.94,-11.29,257.97,-6.114999999999999,9292000.0,0.78437536
2019-12-12,09292000,32823.26,13.82,190.98,0.52,-8.38,324.8,-3.9300000000000006,9292000.0,0.8410089599999999
2019-12-13,09292000,32793.2,10.11,116.49,-3.8,-8.66,317.74,-6.23,9292000.0,0.8466723199999999
2019-12-14,09292000,32766.72,12.13,268.58,-4.02,-20.95,114.95,-12.485,9292000.0,0.79853376
2019-12-15,09292000,32743.86,0.0,338.53,-8.03,-21.98,105.06,-15.005,9292000.0,0.70225664
2019-12-16,09292000,32724.62,0.0,338.1,-9.07,-23.09,95.16,-16.08,9292000.0,0.637128
2019-12-17,09292000,32709.02,0.0,368.57,-1.4,-21.52,109.43,-11.46,9292000.0,0.70792
2019-12-18,09292000,32697.08,0.0,321.73,-2.12,-15.24,186.96,-8.68,9292000.0,0.7419001599999999
2019-12-19,09292000,32688.8,0.0,307.79,-1.58,-13.68,212.68,-7.63,9292000.0,0.88348416
2019-12-20,09292000,32684.19,0.0,328.98,2.19,-12.17,240.44,-4.99,9292000.0,0.78437536
2019-12-21,09292000,32683.26,0.0,327.52,3.65,-10.87,266.86,-3.61,9292000.0,0.82685056
2019-12-22,09292000,32686.0,0.0,217.96,1.76,-6.0,390.35,-2.12,9292000.0,0.8721574400000001
2019-12-23,09292000,32692.41,0.0,143.91,-1.61,-6.35,380.05,-3.98,9292000.0,0.89481088
2019-12-24,09292000,32702.49,9.69,91.34,-4.62,-8.43,323.42,-6.525,9292000.0,0.9061376
2019-12-25,09292000,32716.23,8.53,192.05,-4.77,-13.49,215.85,-9.13,9292000.0,0.86932576
2019-12-26,09292000,32733.61,0.0,316.72,-6.16,-18.13,146.7,-12.145,9292000.0,0.7645535999999999
2019-12-27,09292000,32754.64,0.0,334.8,-3.96,-17.54,154.2,-10.75,9292000.0,0.72774176
2019-12-28,09292000,32779.28,0.0,344.54,-9.52,-24.28,85.6,-16.9,9292000.0,0.65978144
2019-12-29,09292000,32807.52,0.0,331.55,-10.85,-24.28,85.59,-17.565,9292000.0,0.65978144
2019-12-30,09292000,32839.34,0.0,346.01,-4.34,-19.33,132.27,-11.835,9292000.0,0.6484547199999999
2019-12-31,09292000,32874.72,0.0,364.77,-1.43,-18.8,138.47,-10.115,9292000.0,0.6512864
2020-01-01,09292000,32913.8,12.37,187.31,0.11,-11.22,259.49,-5.555000000000001,9292000.0,0.72774176
2020-01-02,09292000,32956.22,0.0,194.2,-4.45,-12.57,232.67,-8.51,9292000.0,0.7645535999999999
2020-01-03,09292000,33002.11,0.0,269.6,1.47,-10.95,265.03,-4.739999999999999,9292000.0,0.79570208
2020-01-04,09292000,33051.44,0.0,311.87,3.48,-12.49,234.17,-4.505,9292000.0,0.82401888
2020-01-05,09292000,33104.16,0.0,295.18,-0.82,-14.91,192.14,-7.865,9292000.0,0.81835552
2020-01-06,09292000,33160.24,0.0,256.41,-2.62,-13.86,209.48,-8.24,9292000.0,0.82685056
2020-01-07,09292000,33219.65,0.0,299.59,2.2,-12.19,239.94,-4.994999999999999,9292000.0,0.83817728
2020-01-08,09292000,33282.33,2.42,225.77,-2.6,-16.96,161.91,-9.78,9292000.0,0.84384064
2020-01-09,09292000,33348.25,0.0,300.92,-5.5,-19.46,130.82,-12.48,9292000.0,0.8211872
2020-01-10,09292000,33417.36,0.0,319.92,-5.21,-20.63,118.22,-12.92,9292000.0,0.7617219199999999
2020-01-11,09292000,33489.61,4.06,232.75,-3.61,-18.18,146.04,-10.895,9292000.0,0.71075168
2020-01-12,09292000,33564.96,3.68,191.76,-9.8,-20.39,120.77,-15.095,9292000.0,0.74473184
2020-01-13,09292000,33643.35,6.72,133.02,-7.83,-14.65,196.33,-11.24,9292000.0,0.75889024
2020-01-14,09292000,33724.73,5.28,170.15,-6.99,-15.91,176.85,-11.45,9292000.0,0.75889024
2020-01-15,09292000,33809.06,0.0,333.0,-2.75,-18.19,145.86,-10.47,9292000.0,0.7419001599999999
2020-01-16,09292000,33896.27,3.94,248.77,0.88,-14.49,198.96,-6.805,9292000.0,0.8070288
2020-01-17,09292000,33986.31,6.44,252.31,-6.5,-21.67,107.92,-14.085,9292000.0,0.778712
2020-01-18,09292000,34079.13,2.47,285.7,-0.85,-21.69,107.76,-11.27,9292000.0,0.7560585599999999
2020-01-19,09292000,34174.68,0.0,363.73,2.8,-14.67,196.06,-5.9350000000000005,9292000.0,0.7673852800000001
2020-01-20,09292000,34272.88,4.71,252.59,1.53,-13.17,221.66,-5.82,9292000.0,0.81269216
2020-01-21,09292000,34373.7,3.85,187.09,-0.94,-10.27,279.74,-5.605,9292000.0,0.8636623999999999
2020-01-22,09292000,34477.06,4.27,183.51,-0.47,-9.49,297.78,-4.98,9292000.0,0.8721574400000001
2020-01-23,09292000,34582.92,0.0,323.6,0.58,-12.26,238.66,-5.84,9292000.0,0.84384064
2020-01-24,09292000,34691.2,2.83,243.94,1.24,-11.7,249.71,-5.23,9292000.0,0.8410089599999999
2020-01-25,09292000,34801.87,0.0,368.37,2.63,-13.12,222.56,-5.244999999999999,9292000.0,0.8466723199999999
2020-01-26,09292000,34914.85,2.48,268.84,4.9,-10.08,283.99,-2.59,9292000.0,0.8325139199999999
2020-01-27,09292000,35030.08,2.7,232.15,-2.97,-14.4,200.48,-8.685,9292000.0,0.82968224
2020-01-28,09292000,35147.52,0.0,380.71,1.45,-14.46,199.42,-6.505000000000001,9292000.0,0.7928704
2020-01-29,09292000,35267.09,0.0,377.31,-0.9,-16.08,174.36,-8.489999999999998,9292000.0,0.7928704
2020-01-30,09292000,35388.75,2.92,236.57,-2.8,-14.09,205.6,-8.445,9292000.0,0.81835552
2020-01-31,09292000,35512.43,2.81,260.89,2.7,-10.36,277.8,-3.83,9292000.0,0.81552384
2020-02-01,09292000,35638.08,0.0,375.47,8.31,-6.65,371.41,0.8300000000000001,9292000.0,0.81835552
2020-02-02,09292000,35765.64,0.0,365.71,7.01,-7.0,361.45,0.0049999999999998,9292000.0,0.8070288
2020-02-03,09292000,35895.05,0.0,408.92,-5.73,-22.2,103.04,-13.965,9292000.0,0.79853376
2020-02-04,09292000,36026.26,0.0,391.76,-11.93,-26.71,68.58,-19.32,9292000.0,0.69942496
2020-02-05,09292000,36159.21,7.81,213.22,-7.37,-16.64,166.34,-12.005,9292000.0,0.69092992
2020-02-06,09292000,36293.85,17.99,123.03,-4.17,-9.03,308.66,-6.6,9292000.0,0.79853376
2020-02-07,09292000,36430.12,11.39,217.25,-2.18,-11.01,263.84,-6.595,9292000.0,0.8070288
2020-02-08,09292000,36567.97,0.0,458.18,0.5,-17.58,153.65,-8.54,9292000.0,0.81835552
2020-02-09,09292000,36707.35,0.0,457.58,-3.87,-21.41,110.43,-12.64,9292000.0,0.8070288
2020-02-10,09292000,36848.2,0.0,465.66,-5.4,-23.45,92.19,-14.425,9292000.0,0.72774176
2020-02-11,09292000,36990.48,2.69,376.23,0.8,-23.68,90.33,-11.44,9292000.0,0.68809824
2020-02-12,09292000,37134.14,0.0,354.14,-4.59,-15.84,177.88,-10.215,9292000.0,0.70225664
2020-02-13,09292000,37279.12,0.0,449.14,0.76,-15.84,177.89,-7.54,9292000.0,0.7192467199999999
2020-02-14,09292000,37425.37,0.0,407.14,2.6,-11.19,260.06,-4.295,9292000.0,0.7419001599999999
2020-02-15,09292000,37572.85,0.0,417.35,0.38,-13.59,214.09,-6.605,9292000.0,0.75322688
2020-02-16,09292000,37721.52,4.89,243.3,0.66,-9.09,307.22,-4.215,9292000.0,0.778712
2020-02-17,09292000,37871.32,0.0,473.42,-6.44,-22.81,97.64,-14.625,9292000.0,0.7503952
2020-02-18,09292000,38022.21,0.0,517.56,-5.84,-26.17,72.09,-16.005000000000003,9292000.0,0.6824348800000001
2020-02-19,09292000,38174.15,0.0,511.33,-4.48,-23.66,90.45,-14.07,9292000.0,0.68526656
2020-02-20,09292000,38327.09,0.0,530.16,0.9,-20.79,116.55,-9.945,9292000.0,0.60597952
2020-02-21,09292000,38481.0,0.0,501.86,2.88,-15.79,178.61,-6.455,9292000.0,0.6682764800000001
2020-02-22,09292000,38635.82,0.0,409.52,3.8,-9.16,305.54,-2.68,9292000.0,0.7730486400000001
2020-02-23,09292000,38791.52,0.0,422.01,3.9,-9.44,298.85,-2.77,9292000.0,0.75889024
2020-02-24,09292000,38948.06,0.0,385.65,-5.83,-17.18,158.95,-11.505,9292000.0,0.73057344
2020-02-25,09292000,39105.41,0.0,477.11,-6.19,-21.56,109.01,-13.875,9292000.0,0.6824348800000001
2020-02-26,09292000,39263.51,0.0,478.65,-0.45,-15.97,175.88,-8.21,9292000.0,0.68526656
2020-02-27,09292000,39422.34,0.0,434.09,2.82,-10.31,278.97,-3.745,9292000.0,0.67110816
2020-02-28,09292000,39581.86,0.0,531.78,5.91,-12.88,226.86,-3.4850000000000003,9292000.0,0.7220784
2020-02-29,09292000,39742.04,0.0,436.94,3.31,-9.81,290.13,-3.25,9292000.0,0.72491008
2020-03-01,09292000,39902.83,5.11,342.04,-2.45,-16.18,172.81,-9.315,9292000.0,0.7192467199999999
2020-03-02,09292000,40064.2,0.0,535.35,-0.42,-18.23,145.42,-9.325,9292000.0,0.73057344
2020-03-03,09292000,40226.13,0.0,516.16,3.56,-13.01,224.45,-4.725,9292000.0,0.72774176
2020-03-04,09292000,40388.57,0.0,533.82,5.26,-12.29,237.96,-3.515,9292000.0,0.72491008
2020-03-05,09292000,40551.49,0.0,529.23,6.29,-10.78,268.62,-2.245,9292000.0,0.72774176
2020-03-06,09292000,40714.87,0.0,505.31,6.6,-9.14,306.06,-1.2700000000000005,9292000.0,0.73057344
2020-03-07,09292000,40878.67,4.43,254.33,3.69,-5.65,400.94,-0.9800000000000002,9292000.0,0.7334051199999999
2020-03-08,09292000,41042.87,3.84,334.89,1.05,-11.88,246.11,-5.415,9292000.0,0.72774176
2020-03-09,09292000,41207.42,0.0,423.72,0.74,-10.95,265.12,-5.105,9292000.0,0.71641504
2020-03-10,09292000,41372.31,0.0,501.22,3.81,-10.82,267.89,-3.505,9292000.0,0.72491008
2020-03-11,09292000,41537.49,0.0,481.97,4.59,-9.0,309.45,-2.205,9292000.0,0.73057344
2020-03-12,09292000,41702.95,0.0,538.71,6.7,-9.14,305.89,-1.2200000000000002,9292000.0,0.7503952
2020-03-13,09292000,41868.66,11.31,303.54,-1.14,-11.42,255.37,-6.28,9292000.0,0.74473184
2020-03-14,09292000,42034.58,9.9,220.68,-1.38,-8.32,326.29,-4.85,9292000.0,0.7334051199999999
2020-03-15,09292000,42200.7,4.09,192.34,1.02,-4.86,425.75,-1.92,9292000.0,0.7362368
2020-03-16,09292000,42366.97,0.0,527.6,4.5,-9.18,305.01,-2.34,9292000.0,0.7419001599999999
2020-03-17,09292000,42533.38,0.0,522.72,3.81,-9.63,294.41,-2.91,9292000.0,0.7419001599999999
2020-03-18,09292000,42699.89,8.69,172.0,-1.5,-6.46,376.74,-3.98,9292000.0,0.74473184
2020-03-19,09292000,42866.49,8.54,269.88,-0.24,-8.02,334.06,-4.13,9292000.0,0.75889024
2020-03-20,09292000,43033.14,7.94,431.68,-0.61,-14.53,198.23,-7.569999999999999,9292000.0,0.84384064
2020-03-21,09292000,43199.82,3.71,458.12,-1.53,-16.55,167.66,-9.04,9292000.0,1.01657312
2020-03-22,09292000,43366.49,0.0,628.9,2.72,-12.83,227.78,-5.055,9292000.0,1.0477216
2020-03-23,09292000,43533.14,4.95,466.11,1.81,-13.39,217.69,-5.79,9292000.0,0.95427616
2020-03-24,09292000,43699.74,3.94,329.42,1.28,-7.69,342.63,-3.205,9292000.0,0.74473184
2020-03-25,09292000,43866.26,4.8,260.34,0.0,-6.71,369.62,-3.355,9292000.0,0.7419001599999999
2020-03-26,09292000,44032.67,0.0,602.28,-1.2,-14.36,201.08,-7.779999999999999,9292000.0,0.7334051199999999
2020-03-27,09292000,44198.94,0.0,640.07,-3.73,-18.1,147.04,-10.915,9292000.0,0.7192467199999999
2020-03-28,09292000,44365.05,0.0,675.28,-1.18,-17.26,157.93,-9.22,9292000.0,0.6824348800000001
2020-03-29,09292000,44530.98,10.16,499.5,-1.87,-17.35,156.67,-9.61,9292000.0,0.75322688
2020-03-30,09292000,44696.68,0.0,694.99,2.57,-14.37,200.96,-5.9,9292000.0,0.7617219199999999
2020-03-31,09292000,44862.15,0.0,511.72,5.14,-4.97,422.34,0.0849999999999999,9292000.0,0.7730486400000001
2020-04-01,09292000,45027.33,0.0,587.49,5.46,-6.53,374.71,-0.5350000000000001,9292000.0,1.09302848
2020-04-02,09292000,45192.22,0.0,739.14,-3.81,-22.45,100.78,-13.13,9292000.0,1.10718688
2020-04-03,09292000,45356.77,0.0,764.5,-2.24,-23.1,95.07,-12.670000000000002,9292000.0,1.03922656
2020-04-04,09292000,45520.97,0.0,730.63,3.32,-14.64,192.92,-5.66,9292000.0,1.09586016
2020-04-05,09292000,45684.77,7.07,220.27,1.57,-3.56,469.68,-0.995,9292000.0,1.10718688
2020-04-06,09292000,45848.15,0.0,431.57,2.12,-5.57,403.49,-1.725,9292000.0,1.11001856
2020-04-07,09292000,46011.08,0.0,593.1,6.89,-4.63,433.19,1.13,9292000.0,1.1694838399999998
2020-04-08,09292000,46173.52,0.0,717.02,9.53,-6.86,335.38,1.3349999999999995,9292000.0,1.2459392
2020-04-09,09292000,46335.44,0.0,715.1,9.97,-6.27,348.94,1.8500000000000003,9292000.0,1.3308896
2020-04-10,09292000,46496.82,0.0,725.16,8.26,-8.39,299.93,-0.0650000000000003,9292000.0,1.41017664
2020-04-11,09292000,46657.61,0.0,685.64,6.57,-7.91,319.58,-0.6699999999999999,9292000.0,1.4441568
2020-04-12,09292000,46817.79,0.0,658.9,-1.44,-14.66,196.07,-8.05,9292000.0,1.41017664
2020-04-13,09292000,46977.31,0.0,669.35,-4.86,-18.51,142.01,-11.685,9292000.0,1.30540448
2020-04-14,09292000,47136.14,0.0,749.81,-0.5,-18.29,141.88,-9.395,9292000.0,1.24310752
2020-04-15,09292000,47294.25,7.17,428.39,2.79,-8.33,326.11,-2.77,9292000.0,1.2884144
2020-04-16,09292000,47451.59,5.08,554.11,-0.43,-17.64,152.82,-9.035,9292000.0,1.29124608
2020-04-17,09292000,47608.14,0.0,822.71,4.7,-20.99,102.77,-8.145,9292000.0,1.2459392
2020-04-18,09292000,47763.84,0.0,698.49,5.99,-9.98,260.35,-1.995,9292000.0,1.29124608
2020-04-19,09292000,47918.67,0.0,634.68,4.57,-8.95,296.52,-2.1899999999999995,9292000.0,1.274256
2020-04-20,09292000,48072.57,0.0,695.97,5.84,-9.87,259.57,-2.015,9292000.0,1.2855827199999998
2020-04-21,09292000,48225.52,0.0,725.24,9.09,-8.02,279.26,0.5350000000000001,9292000.0,1.3592064
2020-04-22,09292000,48377.46,0.0,513.7,7.03,-3.08,470.76,1.975,9292000.0,1.486632
2020-04-23,09292000,48528.35,2.02,450.95,7.06,-5.48,406.17,0.7899999999999996,9292000.0,1.65370112
2020-04-24,09292000,48678.16,0.0,629.85,6.64,-6.7,331.9,-0.0300000000000002,9292000.0,1.7131664
2020-04-25,09292000,48826.82,0.0,689.58,9.29,-6.2,320.33,1.5449999999999997,9292000.0,1.7273248
2020-04-26,09292000,48974.31,0.0,620.06,10.73,-2.38,436.82,4.175000000000001,9292000.0,1.99067104
2020-04-27,09292000,49120.57,0.0,700.01,12.37,-3.45,368.51,4.459999999999999,9292000.0,1.98500768
2020-04-28,09292000,49265.55,0.0,598.23,9.97,-2.32,444.56,3.825,9292000.0,2.29082912
2020-04-29,09292000,49409.2,0.0,756.05,15.56,-2.83,353.69,6.365,9292000.0,2.9449472
2020-04-30,09292000,49551.49,4.6,487.06,13.84,-0.45,536.06,6.695,9292000.0,3.6528672
2020-05-01,09292000,49692.34,3.78,464.11,11.82,-1.38,520.52,5.220000000000001,9292000.0,4.8704896
2020-05-02,09292000,49831.73,0.0,540.06,8.97,-1.66,493.32,3.655,9292000.0,5.2102912
2020-05-03,09292000,49969.58,7.47,443.31,8.71,-3.1,480.86,2.8050000000000006,9292000.0,5.0120736
2020-05-04,09292000,50105.86,0.0,654.07,5.94,-7.23,315.69,-0.645,9292000.0,4.7572224
2020-05-05,09292000,50240.5,0.0,756.72,10.03,-7.46,275.0,1.2849999999999997,9292000.0,3.4263328
2020-05-06,09292000,50373.45,0.0,718.3,12.43,-3.69,353.84,4.37,9292000.0,2.9166304
2020-05-07,09292000,50504.67,0.0,624.58,6.32,-6.45,313.3,-0.0649999999999999,9292000.0,3.5396
2020-05-08,09292000,50634.08,0.0,786.42,10.87,-8.41,206.98,1.2299999999999995,9292000.0,3.5112832
2020-05-09,09292000,50761.65,0.0,755.78,10.5,-7.15,235.53,1.6749999999999998,9292000.0,3.964352
2020-05-10,09292000,50887.3,0.0,754.73,13.0,-4.63,273.09,4.1850000000000005,9292000.0,4.7005888
2020-05-11,09292000,51010.98,0.0,585.79,12.07,0.21,467.89,6.140000000000001,9292000.0,5.5784096
2020-05-12,09292000,51132.65,0.0,582.01,11.08,-0.61,441.75,5.235,9292000.0,6.6827648
2020-05-13,09292000,51252.23,0.0,415.25,6.0,-1.76,505.17,2.12,9292000.0,6.7110816
2020-05-14,09292000,51369.66,0.0,491.63,8.09,-1.12,480.99,3.485,9292000.0,5.7766272
2020-05-15,09292000,51484.91,0.0,538.73,7.71,-2.5,417.01,2.605,9292000.0,5.1819744
2020-05-16,09292000,51597.89,0.0,669.44,10.28,-3.31,333.02,3.4849999999999994,9292000.0,4.8988064
2020-05-17,09292000,51708.56,0.0,653.42,12.82,-0.02,402.59,6.4,9292000.0,7.0792
2020-05-18,09292000,51816.85,0.0,584.21,13.79,2.82,525.66,8.305,9292000.0,10.4205824
2020-05-19,09292000,51922.71,0.0,602.99,11.67,0.35,442.88,6.01,9292000.0,13.1956288
2020-05-20,09292000,52026.08,0.0,410.66,4.16,-2.82,467.78,0.6700000000000002,9292000.0,11.893056
2020-05-21,09292000,52126.9,0.0,613.03,8.73,-2.37,373.41,3.18,9292000.0,8.9764256
2020-05-22,09292000,52225.11,0.0,577.87,9.13,-1.18,419.82,3.975000000000001,9292000.0,8.353456
2020-05-23,09292000,52320.66,0.0,604.53,5.6,-5.19,319.54,0.2049999999999996,9292000.0,7.6172192
2020-05-24,09292000,52413.49,0.0,637.58,5.39,-6.16,288.57,-0.3850000000000002,9292000.0,7.220784
2020-05-25,09292000,52503.54,0.0,756.85,10.2,-5.33,250.46,2.435,9292000.0,6.5411808
2020-05-26,09292000,52590.76,0.0,742.6,13.41,-1.69,314.28,5.86,9292000.0,7.702169599999999
2020-05-27,09292000,52675.09,0.0,679.42,14.41,1.47,417.95,7.94,9292000.0,11.1001856
2020-05-28,09292000,52756.48,0.0,797.08,17.63,-0.56,297.92,8.535,9292000.0,14.6397856
2020-05-29,09292000,52834.87,0.0,757.66,18.45,2.28,378.39,10.365,9292000.0,16.565328
2020-05-30,09292000,52910.23,0.0,664.91,16.28,3.51,477.41,9.895,9292000.0,17.2449312
2020-05-31,09292000,52982.49,0.0,613.42,14.49,3.21,492.87,8.85,9292000.0,20.8411648
2020-06-01,09292000,53051.6,0.0,720.72,17.18,2.4,390.06,9.79,9292000.0,21.0676992
2020-06-02,09292000,53117.53,0.0,696.97,18.05,3.94,442.72,10.995,9292000.0,17.698
2020-06-03,09292000,53180.22,0.0,666.4,17.08,3.95,467.03,10.515,9292000.0,14.9795872
2020-06-04,09292000,53239.63,0.0,657.9,16.99,4.22,481.39,10.605,9292000.0,13.6486976
2020-06-05,09292000,53295.72,0.0,710.34,17.58,3.07,410.42,10.325,9292000.0,12.600976
2020-06-06,09292000,53348.45,35.97,359.96,7.65,-0.69,535.38,3.4800000000000004,9292000.0,22.7667072
2020-06-07,09292000,53397.78,15.03,354.12,2.93,-4.95,422.97,-1.01,9292000.0,16.0273088
2020-06-08,09292000,53443.68,8.35,304.18,0.12,-6.25,382.99,-3.065,9292000.0,11.1568192
2020-06-09,09292000,53486.11,0.0,738.69,6.11,-8.01,271.27,-0.9499999999999996,9292000.0,9.0896928
2020-06-10,09292000,53525.04,0.0,735.85,10.67,-3.62,355.3,3.525,9292000.0,9.9958304
2020-06-11,09292000,53560.44,0.0,742.27,13.12,-1.71,394.49,5.705,9292000.0,10.5904832
2020-06-12,09292000,53592.28,0.0,780.32,17.8,0.39,398.98,9.095,9292000.0,11.1285024
2020-06-13,09292000,53620.55,0.0,632.35,15.51,3.75,575.07,9.63,9292000.0,11.7797888
2020-06-14,09292000,53645.21,0.0,616.1,13.11,1.81,514.65,7.46,9292000.0,9.9675136
2020-06-15,09292000,53666.26,0.0,649.97,16.67,4.28,567.67,10.475,9292000.0,9.3162272
2020-06-16,09292000,53683.67,0.0,374.35,11.81,5.55,860.36,8.68,9292000.0,9.1180096
2020-06-17,09292000,53697.43,0.0,624.93,8.74,-2.53,379.08,3.1050000000000004,9292000.0,7.928704
2020-06-18,09292000,53707.54,0.0,736.35,11.06,-4.04,278.53,3.51,9292000.0,7.1924672
2020-06-19,09292000,53713.97,0.0,731.27,13.14,-2.13,294.46,5.505000000000001,9292000.0,6.9092992
2020-06-20,09292000,53716.74,0.0,729.06,15.64,0.17,324.67,7.905,9292000.0,6.4279136
2020-06-21,09292000,53715.83,0.0,690.8,17.95,3.67,423.38,10.81,9292000.0,6.2863296
2020-06-22,09292000,53711.24,0.0,707.27,18.77,3.63,390.11,11.2,9292000.0,6.6261312
2020-06-23,09292000,53702.99,0.0,721.62,18.82,2.88,348.09,10.85,9292000.0,6.8243488
2020-06-24,09292000,53691.07,0.0,727.55,20.22,3.84,342.15,12.03,9292000.0,6.7110816
2020-06-25,09292000,53675.5,0.0,646.87,18.05,4.83,432.68,11.44,9292000.0,6.37128
2020-06-26,09292000,53656.28,0.0,666.68,17.4,3.46,385.02,10.43,9292000.0,5.946528
2020-06-27,09292000,53633.44,0.0,702.24,17.62,2.35,335.56,9.985,9292000.0,5.2952416
2020-06-28,09292000,53606.99,0.0,482.29,14.46,5.63,573.06,10.045,9292000.0,5.3235584
2020-06-29,09292000,53576.95,0.0,576.71,9.78,-1.06,331.12,4.359999999999999,9292000.0,5.5500928
2020-06-30,09292000,53543.34,0.0,542.62,7.8,-2.17,333.17,2.815,9292000.0,4.9837568
2020-07-01,09292000,53506.18,0.0,719.05,15.07,-0.68,244.88,7.195,9292000.0,4.105936
2020-07-02,09292000,53465.52,0.0,677.18,17.75,3.56,338.3,10.655,9292000.0,3.4546496
2020-07-03,09292000,53421.36,0.0,693.85,18.73,3.7,326.34,11.215,9292000.0,3.1714816
2020-07-04,09292000,53373.76,0.0,701.57,20.42,4.78,337.32,12.6,9292000.0,2.973264
2020-07-05,09292000,53322.74,0.0,706.06,20.55,4.62,302.82,12.585,9292000.0,2.79203648
2020-07-06,09292000,53268.34,0.0,712.25,21.28,4.58,301.96,12.93,9292000.0,2.56550208
2020-07-07,09292000,53210.6,0.0,618.38,19.23,6.06,401.6,12.645,9292000.0,2.39560128
2020-07-08,09292000,53149.56,0.0,633.02,18.88,4.9,362.97,11.89,9292000.0,2.23136384
2020-07-09,09292000,53085.26,0.0,671.45,19.58,3.95,311.7,11.765,9292000.0,2.052968
2020-07-10,09292000,53017.74,0.0,648.32,21.15,6.28,374.21,13.715,9292000.0,1.89156224
2020-07-11,09292000,52947.06,0.0,674.51,22.16,5.97,342.33,14.065,9292000.0,1.75847328
2020-07-12,09292000,52873.26,0.0,606.52,22.08,8.54,470.42,15.31,9292000.0,1.69051296
2020-07-13,09292000,52796.4,0.0,604.35,20.72,7.16,439.85,13.94,9292000.0,1.63954272
2020-07-14,09292000,52716.51,0.0,607.51,19.41,5.65,402.71,12.53,9292000.0,1.56308736
2020-07-15,09292000,52633.66,0.0,635.48,20.63,5.68,335.08,13.155,9292000.0,1.4724736
2020-07-16,09292000,52547.89,0.0,584.91,19.81,6.43,367.84,13.12,9292000.0,1.39318656
2020-07-17,09292000,52459.26,0.0,605.88,20.55,6.23,341.99,13.39,9292000.0,1.3846915199999998
2020-07-18,09292000,52367.82,0.0,606.37,21.55,7.08,363.53,14.315,9292000.0,1.33655296
2020-07-19,09292000,52273.64,0.0,609.94,20.33,5.69,329.54,13.01,9292000.0,1.5715824
2020-07-20,09292000,52176.77,0.0,617.26,20.56,5.53,324.22,13.045,9292000.0,1.8972256
2020-07-21,09292000,52077.25,0.0,590.99,21.09,6.95,372.57,14.02,9292000.0,1.87174048
2020-07-22,09292000,51975.16,0.0,444.12,14.39,4.82,493.69,9.605,9292000.0,1.78679008
2020-07-23,09292000,51870.55,3.63,425.17,17.07,3.65,448.62,10.36,9292000.0,1.94536416
2020-07-24,09292000,51763.48,0.0,576.45,17.63,4.15,348.8,10.89,9292000.0,1.86324544
2020-07-25,09292000,51654.0,0.0,575.26,17.98,4.43,355.38,11.205,9292000.0,1.90288896
2020-07-26,09292000,51542.18,0.0,565.59,18.17,4.88,374.22,11.525,9292000.0,1.95952256
2020-07-27,09292000,51428.07,0.0,523.57,18.3,6.37,453.74,12.335,9292000.0,1.8122752
2020-07-28,09292000,51311.73,0.0,543.13,17.6,4.87,398.12,11.235,9292000.0,1.76130496
2020-07-29,09292000,51193.22,0.0,569.33,19.28,5.39,380.85,12.335,9292000.0,1.60556256
2020-07-30,09292000,51072.6,0.0,621.25,21.62,5.09,313.8,13.355,9292000.0,1.486632
2020-07-31,09292000,50949.93,0.0,584.48,21.74,6.84,357.07,14.29,9292000.0,1.40734496
2020-08-01,09292000,50825.26,0.0,577.0,22.93,8.13,392.32,15.53,9292000.0,1.37053312
2020-08-02,09292000,50698.66,0.0,596.17,22.93,7.03,362.18,14.98,9292000.0,1.33372128
2020-08-03,09292000,50570.17,0.0,584.78,23.4,7.88,385.25,15.64,9292000.0,1.27708768
2020-08-04,09292000,50439.86,0.0,565.78,21.63,6.95,360.07,14.29,9292000.0,1.2317808
2020-08-05,09292000,50307.77,0.0,548.79,20.36,6.42,346.18,13.39,9292000.0,1.2402758399999998
2020-08-06,09292000,50173.97,0.0,477.23,19.42,6.08,384.42,12.75,9292000.0,1.22045408
2020-08-07,09292000,50038.52,0.0,509.68,19.57,4.69,320.55,12.13,9292000.0,1.1751472
2020-08-08,09292000,49901.45,0.0,518.53,20.1,4.71,311.77,12.405,9292000.0,1.14399872
2020-08-09,09292000,49762.83,0.0,506.87,20.53,5.67,342.52,13.1,9292000.0,1.1411670399999998
2020-08-10,09292000,49622.71,0.0,514.15,20.79,5.54,332.62,13.165,9292000.0,1.11568192
2020-08-11,09292000,49481.14,0.0,480.7,19.81,6.08,385.32,12.945,9292000.0,1.09586016
2020-08-12,09292000,49338.17,0.0,481.76,19.71,5.89,381.29,12.8,9292000.0,1.08736512
2020-08-13,09292000,49193.85,0.0,516.98,20.69,5.01,322.97,12.85,9292000.0,1.08170176
2020-08-14,09292000,49048.23,0.0,520.73,20.97,4.98,318.9,12.975,9292000.0,1.1411670399999998
2020-08-15,09292000,48901.36,0.0,499.29,21.61,6.56,374.33,14.085,9292000.0,2.20021536
2020-08-16,09292000,48753.29,0.0,524.77,21.77,5.19,318.49,13.48,9292000.0,2.14075008
2020-08-17,09292000,48604.05,0.0,530.15,23.41,6.25,341.86,14.83,9292000.0,2.10393824
2020-08-18,09292000,48453.7,0.0,503.48,24.18,8.42,409.37,16.3,9292000.0,2.10676992
2020-08-19,09292000,48302.28,0.0,474.96,22.09,7.75,437.37,14.92,9292000.0,2.12659168
2020-08-20,09292000,48149.84,0.0,470.56,20.61,6.49,416.55,13.55,9292000.0,1.71599808
2020-08-21,09292000,47996.41,0.0,495.81,21.69,6.03,373.44,13.86,9292000.0,1.5149488
2020-08-22,09292000,47842.04,0.0,486.03,22.62,7.3,413.92,14.96,9292000.0,1.47813696
2020-08-23,09292000,47686.78,0.0,419.1,20.49,8.12,537.97,14.305,9292000.0,1.47530528
2020-08-24,09292000,47530.65,0.0,429.92,20.25,7.45,503.37,13.85,9292000.0,1.48096864
2020-08-25,09292000,47373.71,8.94,357.91,21.19,5.66,531.62,13.425,9292000.0,1.56025568
2020-08-26,09292000,47215.98,0.0,473.53,20.39,5.24,453.39,12.815,9292000.0,1.80661184
2020-08-27,09292000,47057.51,0.0,476.67,20.7,5.17,447.94,12.935,9292000.0,1.63671104
2020-08-28,09292000,46898.33,0.0,461.48,20.38,5.54,478.27,12.96,9292000.0,1.55176064
2020-08-29,09292000,46738.48,0.0,431.6,18.79,5.4,516.34,12.095,9292000.0,1.52627552
2020-08-30,09292000,46577.99,0.0,432.95,17.95,4.51,490.63,11.23,9292000.0,1.5829091199999998
2020-08-31,09292000,46416.91,0.0,465.81,13.79,-1.15,327.98,6.319999999999999,9292000.0,1.44698848
2020-09-01,09292000,46255.26,0.0,527.99,16.92,-2.51,251.67,7.205000000000001,9292000.0,1.44698848
2020-09-02,09292000,46093.07,0.0,484.04,19.24,2.71,387.21,10.975,9292000.0,1.3846915199999998
2020-09-03,09292000,45930.38,0.0,475.94,20.86,4.49,438.15,12.675,9292000.0,1.345048
2020-09-04,09292000,45767.23,0.0,479.35,21.87,5.02,447.52,13.445,9292000.0,1.30823616
2020-09-05,09292000,45603.64,0.0,477.24,22.81,6.18,340.09,14.495,9292000.0,1.2855827199999998
2020-09-06,09292000,45439.64,0.0,433.76,21.22,7.0,361.33,14.11,9292000.0,1.27708768
2020-09-07,09292000,45275.26,0.0,494.95,18.45,0.41,219.91,9.43,9292000.0,1.27708768
2020-09-08,09292000,45110.54,10.79,231.35,0.2,-7.76,150.9,-3.78,9292000.0,1.49512704
2020-09-09,09292000,44945.5,0.0,457.95,3.9,-8.86,104.14,-2.4799999999999995,9292000.0,1.50645376
2020-09-10,09292000,44780.17,0.0,327.82,5.18,-3.27,164.66,0.9549999999999998,9292000.0,1.52627552
2020-09-11,09292000,44614.58,0.0,491.43,12.85,-1.66,187.01,5.595,9292000.0,1.47530528
2020-09-12,09292000,44448.77,0.0,513.17,15.27,-0.6,203.2,7.335,9292000.0,1.40734496
2020-09-13,09292000,44282.75,0.0,513.17,16.47,0.36,219.06,8.415,9292000.0,1.35071136
2020-09-14,09292000,44116.55,0.0,499.64,16.11,0.48,221.0,8.295,9292000.0,1.33655296
2020-09-15,09292000,43950.2,0.0,427.64,17.18,2.74,262.91,9.96,9292000.0,1.27991936
2020-09-16,09292000,43783.74,0.0,408.71,16.83,3.36,275.6,10.095,9292000.0,1.24877088
2020-09-17,09292000,43617.18,0.0,435.5,17.04,2.05,249.41,9.545,9292000.0,1.24877088
2020-09-18,09292000,43450.55,0.0,419.92,16.99,2.69,261.93,9.84,9292000.0,1.2685926399999998
2020-09-19,09292000,43283.89,0.0,369.19,12.6,0.81,226.79,6.705,9292000.0,1.2657609600000002
2020-09-20,09292000,43117.21,0.0,442.04,13.82,-1.88,183.86,5.970000000000001,9292000.0,1.30823616
2020-09-21,09292000,42950.54,0.0,427.17,16.75,1.73,243.32,9.24,9292000.0,1.2685926399999998
2020-09-22,09292000,42783.91,0.0,352.01,13.31,1.98,248.04,7.645,9292000.0,1.26292928
2020-09-23,09292000,42617.35,0.0,416.09,15.76,1.06,231.25,8.41,9292000.0,1.26292928
2020-09-24,09292000,42450.89,0.0,428.12,17.9,2.22,252.66,10.06,9292000.0,1.23461248
2020-09-25,09292000,42284.54,0.0,401.35,16.71,2.52,258.51,9.615,9292000.0,1.203464
2020-09-26,09292000,42118.34,0.0,313.79,14.62,4.55,301.22,9.585,9292000.0,1.18364224
2020-09-27,09292000,41952.32,0.0,365.49,9.87,-2.33,177.34,3.77,9292000.0,1.16382048
2020-09-28,09292000,41786.5,0.0,432.39,10.66,-5.69,135.44,2.485,9292000.0,1.15532544
2020-09-29,09292000,41620.92,0.0,438.0,16.39,-1.03,196.61,7.680000000000001,9292000.0,1.15532544
2020-09-30,09292000,41455.59,0.0,409.36,16.48,0.98,229.72,8.73,9292000.0,1.12984032
2020-10-01,09292000,41290.54,0.0,400.84,14.94,0.02,213.3,7.479999999999999,9292000.0,1.12134528
2020-10-02,09292000,41125.82,0.0,376.81,14.14,0.55,222.32,7.345000000000001,9292000.0,1.11568192
2020-10-03,09292000,40961.44,0.0,378.57,13.67,-0.07,211.81,6.8,9292000.0,1.11285024
2020-10-04,09292000,40797.44,0.0,405.16,15.33,-0.31,207.93,7.51,9292000.0,1.10718688
2020-10-05,09292000,40633.84,0.0,397.86,15.16,-0.1,211.27,7.53,9292000.0,1.09302848
2020-10-06,09292000,40470.68,0.0,415.31,16.57,-0.51,204.73,8.03,9292000.0,1.0760384
2020-10-07,09292000,40307.99,0.0,416.88,15.58,-1.85,184.32,6.865,9292000.0,1.0760384
2020-10-08,09292000,40145.81,0.0,365.27,15.11,1.12,232.28,8.115,9292000.0,1.07320672
2020-10-09,09292000,39984.15,0.0,314.49,13.98,2.62,260.42,8.3,9292000.0,1.06188
2020-10-10,09292000,39823.06,0.0,296.53,13.02,2.33,254.75,7.675,9292000.0,1.06188
2020-10-11,09292000,39662.57,4.35,190.93,4.96,-3.99,288.78,0.4849999999999999,9292000.0,1.0703750399999998
2020-10-12,09292000,39502.72,0.0,322.26,9.85,-2.05,206.39,3.9,9292000.0,1.08453344
2020-10-13,09292000,39343.54,0.0,313.06,12.04,0.5,244.74,6.27,9292000.0,1.05904832
2020-10-14,09292000,39185.06,0.0,237.36,8.73,0.52,359.78,4.625,9292000.0,1.0477216
2020-10-15,09292000,39027.33,0.0,284.39,6.47,-3.61,236.1,1.43,9292000.0,1.03639488
2020-10-16,09292000,38870.38,0.0,353.59,10.14,-3.75,163.29,3.1950000000000003,9292000.0,1.02789984
2020-10-17,09292000,38714.24,0.0,256.66,10.29,1.23,344.42,5.76,9292000.0,1.03922656
2020-10-18,09292000,38558.97,0.0,244.75,9.74,1.2,365.36,5.47,9292000.0,1.01657312
2020-10-19,09292000,38404.6,0.0,307.25,11.45,0.01,253.77,5.73,9292000.0,1.01657312
2020-10-20,09292000,38251.17,0.0,260.38,10.61,1.38,345.18,5.994999999999999,9292000.0,1.0052464
2020-10-21,09292000,38098.72,0.0,310.47,11.42,-0.23,248.92,5.595,9292000.0,1.00807808
2020-10-22,09292000,37947.29,0.0,369.86,6.44,-9.61,97.8,-1.5849999999999995,9292000.0,0.991088
2020-10-23,09292000,37796.93,0.0,364.37,4.81,-11.01,92.72,-3.1,9292000.0,0.99391968
2020-10-24,09292000,37647.69,0.0,257.39,7.57,-1.76,260.85,2.905,9292000.0,0.99391968
2020-10-25,09292000,37499.61,0.0,381.31,-0.79,-19.41,57.71,-10.1,9292000.0,1.05055328
2020-10-26,09292000,37352.73,0.0,338.5,-5.31,-19.73,74.96,-12.52,9292000.0,0.9486128
2020-10-27,09292000,37207.1,2.48,290.79,5.65,-10.52,128.93,-2.435,9292000.0,0.96843456
2020-10-28,09292000,37062.77,0.0,321.64,7.95,-3.67,199.02,2.14,9292000.0,1.0335632
2020-10-29,09292000,36919.79,0.0,331.66,8.03,-4.19,185.07,1.9199999999999997,9292000.0,0.99391968
2020-10-30,09292000,36778.21,0.0,351.76,8.53,-5.04,159.82,1.7449999999999997,9292000.0,0.98542464
2020-10-31,09292000,36638.08,0.0,294.5,8.85,-3.34,224.9,2.755,9292000.0,0.98542464
2020-11-01,09292000,36499.45,0.0,326.49,12.03,-2.85,191.42,4.59,9292000.0,0.97126624
2020-11-02,09292000,36362.38,0.0,322.69,13.05,-1.8,205.76,5.625,9292000.0,0.9769296
2020-11-03,09292000,36226.91,0.0,283.71,11.23,-0.83,270.19,5.2,9292000.0,0.97976128
2020-11-04,09292000,36093.1,0.0,270.79,9.78,-1.49,280.35,4.145,9292000.0,0.97976128
2020-11-05,09292000,35961.0,0.0,313.85,12.06,-2.42,211.97,4.82,9292000.0,0.95710784
2020-11-06,09292000,35830.68,3.82,141.46,5.72,-1.52,476.15,2.1,9292000.0,0.96843456
2020-11-07,09292000,35702.18,19.03,212.38,1.42,-8.74,258.29,-3.66,9292000.0,1.1185136
2020-11-08,09292000,35575.56,7.53,139.3,-7.47,-13.5,215.79,-10.485,9292000.0,1.10152352
2020-11-09,09292000,35450.88,0.0,359.55,-3.91,-19.14,130.22,-11.525,9292000.0,1.02223648
2020-11-10,09292000,35328.19,0.0,358.92,-4.23,-19.95,122.68,-12.09,9292000.0,1.25160256
2020-11-11,09292000,35207.56,8.42,174.82,-6.02,-14.14,204.68,-10.08,9292000.0,1.5829091199999998
2020-11-12,09292000,35089.04,0.0,353.93,-2.45,-18.21,145.63,-10.33,9292000.0,1.4441568
2020-11-13,09292000,34972.69,16.91,242.42,-0.1,-13.49,216.01,-6.795,9292000.0,1.11568192
2020-11-14,09292000,34858.56,11.43,196.78,-5.53,-15.21,187.46,-10.37,9292000.0,1.0703750399999998
2020-11-15,09292000,34746.73,7.37,215.46,1.26,-9.81,290.28,-4.275,9292000.0,1.0760384
2020-11-16,09292000,34637.23,0.0,299.88,7.09,-5.06,419.36,1.015,9292000.0,1.06188
2020-11-17,09292000,34530.14,0.0,298.64,7.21,-5.19,415.24,1.0099999999999998,9292000.0,1.02789984
2020-11-18,09292000,34425.52,0.0,182.0,3.79,-2.83,495.74,0.48,9292000.0,1.02223648
2020-11-19,09292000,34323.41,0.0,258.03,0.98,-9.01,309.06,-4.015,9292000.0,1.01090976
2020-11-20,09292000,34223.88,0.0,302.07,1.92,-10.82,267.82,-4.45,9292000.0,0.97976128
2020-11-21,09292000,34126.99,0.0,335.32,2.78,-13.07,223.52,-5.1450000000000005,9292000.0,0.920296
2020-11-22,09292000,34032.78,0.0,343.19,3.29,-13.83,210.08,-5.27,9292000.0,0.8919792
2020-11-23,09292000,33941.33,0.0,276.84,-0.04,-11.62,251.26,-5.829999999999999,9292000.0,0.991088
2020-11-24,09292000,33852.69,0.0,277.2,-3.11,-14.54,198.11,-8.825,9292000.0,0.91463264
2020-11-25,09292000,33766.9,0.0,308.45,1.48,-12.47,234.51,-5.495,9292000.0,0.85799904
2020-11-26,09292000,33684.02,0.0,293.96,-5.43,-18.05,147.7,-11.74,9292000.0,1.25443424
2020-11-27,09292000,33604.12,0.0,351.07,3.1,-17.78,151.13,-7.340000000000001,9292000.0,1.34787968
2020-11-28,09292000,33527.23,0.0,311.97,5.54,-9.75,291.73,-2.105,9292000.0,1.12134528
2020-11-29,09292000,33453.41,0.0,312.1,1.93,-13.44,216.8,-5.755,9292000.0,0.920296
2020-11-30,09292000,33382.71,0.0,310.32,2.42,-13.19,221.33,-5.385,9292000.0,0.920296
2020-12-01,09292000,33315.18,0.0,235.77,-6.23,-16.06,174.59,-11.145,9292000.0,0.8778208
2020-12-02,09292000,33250.86,0.0,262.67,-7.09,-18.48,142.36,-12.785,9292000.0,0.81835552
2020-12-03,09292000,33189.79,0.0,329.9,4.71,-14.39,200.59,-4.84,9292000.0,0.80136544
2020-12-04,09292000,33132.03,0.0,301.53,6.93,-8.7,316.83,-0.8849999999999998,9292000.0,0.85233568
2020-12-05,09292000,33077.61,0.0,300.24,6.69,-8.95,310.46,-1.1299999999999994,9292000.0,0.86932576
2020-12-06,09292000,33026.56,0.0,294.71,6.11,-9.3,302.05,-1.5950000000000002,9292000.0,0.8211872
2020-12-07,09292000,32978.94,0.0,306.94,8.4,-9.02,308.97,-0.3099999999999996,9292000.0,0.8211872
2020-12-08,09292000,32934.76,0.0,297.57,9.24,-7.58,345.54,0.8300000000000001,9292000.0,0.80986048
2020-12-09,09292000,32894.07,2.5,212.14,7.22,-8.19,329.63,-0.4849999999999999,9292000.0,0.79853376
2020-12-10,09292000,32856.9,0.0,255.25,1.26,-11.31,257.49,-5.025,9292000.0,0.79003872
2020-12-11,09292000,32823.26,0.0,260.91,-7.05,-20.03,124.61,-13.54,9292000.0,0.8070288
2020-12-12,09292000,32793.2,6.45,174.46,-9.6,-20.56,118.91,-15.079999999999998,9292000.0,0.72491008
2020-12-13,09292000,32766.72,6.95,236.77,-1.38,-20.92,115.29,-11.15,9292000.0,0.6342963199999999
2020-12-14,09292000,32743.86,0.0,237.66,-4.34,-15.82,178.18,-10.08,9292000.0,0.6824348800000001
2020-12-15,09292000,32724.62,0.0,238.64,-4.56,-16.13,173.57,-10.345,9292000.0,0.70508832
2020-12-16,09292000,32709.02,0.0,213.44,-2.83,-12.85,227.44,-7.84,9292000.0,0.7362368
2020-12-17,09292000,32697.08,0.0,168.76,-4.2,-11.74,248.84,-7.970000000000001,9292000.0,0.7928704
2020-12-18,09292000,32688.8,0.0,235.76,-4.07,-15.45,183.77,-9.76,9292000.0,0.79853376
2020-12-19,09292000,32684.19,0.0,197.79,-1.8,-10.97,264.72,-6.385000000000001,9292000.0,0.7815436800000001
2020-12-20,09292000,32683.26,2.91,185.09,4.06,-8.34,325.69,-2.14,9292000.0,0.75322688
2020-12-21,09292000,32686.0,0.0,235.63,5.52,-5.96,391.43,-0.2200000000000002,9292000.0,0.79003872
2020-12-22,09292000,32692.41,5.41,212.66,-1.47,-16.46,168.88,-8.965,9292000.0,0.79003872
2020-12-23,09292000,32702.49,3.94,157.26,-8.45,-17.91,149.41,-13.18,9292000.0,0.8070288
2020-12-24,09292000,32716.23,0.0,289.88,2.36,-13.16,221.82,-5.4,9292000.0,0.7815436800000001
2020-12-25,09292000,32733.61,0.0,295.07,4.96,-11.27,258.33,-3.155,9292000.0,0.8070288
2020-12-26,09292000,32754.64,3.99,188.57,1.6,-10.69,270.71,-4.545,9292000.0,0.84384064
2020-12-27,09292000,32779.28,0.0,266.01,-4.89,-17.68,152.41,-11.285,9292000.0,0.7645535999999999
2020-12-28,09292000,32807.52,4.5,156.39,-7.81,-16.86,163.31,-12.335,9292000.0,0.73906848
2020-12-29,09292000,32839.34,0.0,232.94,-6.29,-16.46,168.93,-11.375,9292000.0,0.6824348800000001
2020-12-30,09292000,32874.72,0.0,282.13,-1.22,-14.65,196.33,-7.935,9292000.0,0.58898944
2020-12-31,09292000,0.0,0.0,0.0,0.0,0.0,0.0,0.0,9292000.0,0.68809824
2021-01-01,09292000,32913.8,0.0,318.15,-0.95,-16.54,167.77,-8.745,9292000.0,0.67393984
2021-01-02,09292000,32956.22,0.0,280.25,-1.7,-14.14,204.76,-7.92,9292000.0,0.67677152
2021-01-03,09292000,33002.11,0.0,258.07,-1.27,-12.3,237.9,-6.785,9292000.0,0.70225664
2021-01-04,09292000,33051.44,5.96,232.16,1.16,-13.49,216.0,-6.165,9292000.0,0.72774176
2021-01-05,09292000,33104.16,0.0,269.79,-3.99,-15.44,183.8,-9.715,9292000.0,0.70508832
2021-01-06,09292000,33160.24,0.0,346.74,4.06,-14.2,203.75,-5.07,9292000.0,0.6569497599999999
2021-01-07,09292000,33219.65,0.0,313.42,-1.75,-16.1,174.07,-8.925,9292000.0,0.62580128
2021-01-08,09292000,33282.33,0.0,324.74,-1.42,-16.63,166.43,-9.025,9292000.0,0.6201379199999999
2021-01-09,09292000,33348.25,0.0,317.48,-3.07,-17.47,155.14,-10.27,9292000.0,0.64562304
2021-01-10,09292000,33417.36,0.0,342.65,-1.45,-17.97,148.66,-9.71,9292000.0,0.5946528
2021-01-11,09292000,33489.61,0.0,363.37,2.11,-17.01,161.2,-7.450000000000001,9292000.0,0.59748448
2021-01-12,09292000,33564.96,5.39,262.07,4.89,-12.49,234.13,-3.8,9292000.0,0.69092992
2021-01-13,09292000,33643.35,4.09,237.39,3.76,-10.22,280.94,-3.2300000000000004,9292000.0,0.6824348800000001
2021-01-14,09292000,33724.73,0.0,217.14,-3.24,-11.43,255.13,-7.335,9292000.0,0.62580128
2021-01-15,09292000,33809.06,0.0,294.45,5.6,-6.6,372.88,-0.5,9292000.0,0.637128
2021-01-16,09292000,33896.27,0.0,238.74,1.18,-7.91,336.8,-3.365,9292000.0,0.62580128
2021-01-17,09292000,33986.31,0.0,290.62,3.92,-7.71,342.26,-1.895,9292000.0,0.6088112
2021-01-18,09292000,34079.13,0.0,324.89,-5.03,-18.34,144.02,-11.685,9292000.0,0.61730624
2021-01-19,09292000,34174.68,0.0,374.09,-3.08,-20.46,120.0,-11.77,9292000.0,0.62863296
2021-01-20,09292000,34272.88,0.0,355.02,0.67,-14.72,195.24,-7.025,9292000.0,0.6654448
2021-01-21,09292000,34373.7,0.0,306.96,0.1,-11.84,246.87,-5.87,9292000.0,0.69942496
2021-01-22,09292000,34477.06,10.07,173.4,-2.15,-10.38,277.48,-6.265000000000001,9292000.0,0.6088112
2021-01-23,09292000,34582.92,0.0,331.95,-3.18,-16.02,175.21,-9.6,9292000.0,0.61730624
2021-01-24,09292000,34691.2,0.0,384.98,-3.38,-20.02,124.68,-11.7,9292000.0,0.61730624
2021-01-25,09292000,34801.87,0.0,346.15,-7.12,-20.43,120.28,-13.775,9292000.0,0.63146464
2021-01-26,09292000,34914.85,0.0,376.84,-5.85,-21.17,112.8,-13.510000000000002,9292000.0,0.6427913599999999
2021-01-27,09292000,35030.08,8.53,259.64,-7.89,-20.9,115.45,-14.395,9292000.0,0.59182112
2021-01-28,09292000,35147.52,9.49,172.35,-4.64,-12.23,239.13,-8.435,9292000.0,0.61447456
2021-01-29,09292000,35267.09,6.37,182.15,-5.63,-13.57,214.44,-9.6,9292000.0,0.61164288
2021-01-30,09292000,35388.75,0.0,378.11,-4.13,-18.2,145.74,-11.165,9292000.0,0.62863296
2021-01-31,09292000,35512.43,0.0,445.07,3.02,-17.93,149.17,-7.455,9292000.0,0.5946528
2021-02-01,09292000,35638.08,4.55,301.65,4.23,-11.85,246.62,-3.81,9292000.0,0.60314784
2021-02-02,09292000,35765.64,0.0,310.5,3.78,-6.72,369.25,-1.47,9292000.0,0.5946528
2021-02-03,09292000,35895.05,7.34,293.15,-1.8,-16.13,173.58,-8.965,9292000.0,0.61164288
2021-02-04,09292000,36026.26,0.0,349.65,-5.42,-17.12,159.8,-11.27,9292000.0,0.5804944
2021-02-05,09292000,36159.21,9.46,175.84,-5.89,-12.87,227.16,-9.38,9292000.0,0.5833260800000001
2021-02-06,09292000,36293.85,0.0,342.31,-2.01,-12.73,229.73,-7.37,9292000.0,0.5833260800000001
2021-02-07,09292000,36430.12,0.0,211.26,-1.99,-7.93,336.23,-4.96,9292000.0,0.59182112
2021-02-08,09292000,36567.97,0.0,229.53,-1.42,-7.74,341.27,-4.58,9292000.0,0.56350432
2021-02-09,09292000,36707.35,0.0,272.07,-1.39,-8.76,315.14,-5.075,9292000.0,0.55500928
2021-02-10,09292000,36848.2,0.0,341.33,-0.83,-10.18,281.91,-5.505,9292000.0,0.5833260800000001
2021-02-11,09292000,36990.48,0.0,331.9,-0.38,-9.09,307.09,-4.735,9292000.0,0.59182112
2021-02-12,09292000,37134.14,5.25,248.86,0.58,-7.97,335.26,-3.695,9292000.0,0.60597952
2021-02-13,09292000,37279.12,6.99,209.6,-3.9,-10.69,270.72,-7.295,9292000.0,0.6088112
2021-02-14,09292000,37425.37,0.0,440.46,-4.67,-16.82,163.89,-10.745,9292000.0,0.60031616
2021-02-15,09292000,37572.85,10.65,344.41,-4.96,-17.96,148.73,-11.46,9292000.0,0.566336
2021-02-16,09292000,37721.52,7.27,267.5,-5.47,-14.12,205.07,-9.795,9292000.0,0.58898944
2021-02-17,09292000,37871.32,0.0,463.66,-8.18,-20.51,119.48,-14.345,9292000.0,0.5946528
2021-02-18,09292000,38022.21,0.0,541.64,-6.02,-23.73,89.91,-14.875,9292000.0,0.61730624
2021-02-19,09292000,38174.15,6.18,293.82,-1.48,-10.78,268.75,-6.13,9292000.0,0.637128
2021-02-20,09292000,38327.09,5.11,332.55,-3.54,-14.37,200.85,-8.955,9292000.0,0.59182112
2021-02-21,09292000,38481.0,0.0,514.48,-3.14,-17.15,159.28,-10.145,9292000.0,0.61447456
2021-02-22,09292000,38635.82,0.0,536.28,3.92,-11.69,249.74,-3.885,9292000.0,0.61164288
2021-02-23,09292000,38791.52,0.0,497.16,-0.47,-13.12,222.62,-6.795,9292000.0,0.6201379199999999
2021-02-24,09292000,38948.06,0.0,507.57,-5.28,-18.08,147.33,-11.68,9292000.0,0.59182112
2021-02-25,09292000,39105.41,0.0,598.48,-2.69,-23.43,92.34,-13.06,9292000.0,0.6682764800000001
2021-02-26,09292000,39263.51,0.0,454.0,-5.55,-16.0,175.52,-10.775,9292000.0,0.68526656
2021-02-27,09292000,39422.34,0.0,531.52,-9.82,-23.35,93.0,-16.585,9292000.0,0.64562304
2021-02-28,09292000,39581.86,0.0,605.37,-4.89,-24.76,81.96,-14.825,9292000.0,0.6626131199999999
2021-03-01,09292000,39742.04,0.0,599.19,5.25,-14.2,203.78,-4.475,9292000.0,0.72774176
2021-03-02,09292000,39902.83,0.0,572.98,3.51,-12.72,229.85,-4.605,9292000.0,0.7475635199999999
2021-03-03,09292000,40064.2,0.0,578.01,3.58,-12.59,232.27,-4.505,9292000.0,0.71641504
2021-03-04,09292000,40226.13,0.0,492.53,1.55,-10.15,282.55,-4.3,9292000.0,0.68809824
2021-03-05,09292000,40388.57,0.0,605.67,5.84,-12.28,238.19,-3.22,9292000.0,0.68809824
2021-03-06,09292000,40551.49,0.0,538.11,3.5,-9.93,287.45,-3.215,9292000.0,0.69092992
2021-03-07,09292000,40714.87,0.0,539.88,6.24,-7.45,349.16,-0.605,9292000.0,0.69942496
2021-03-08,09292000,40878.67,3.68,324.95,5.5,-4.34,442.98,0.5800000000000001,9292000.0,0.70792
2021-03-09,09292000,41042.87,3.52,326.74,1.34,-8.42,323.78,-3.54,9292000.0,0.70792
2021-03-10,09292000,41207.42,4.19,342.54,-3.4,-13.63,213.55,-8.515,9292000.0,0.69092992
2021-03-11,09292000,41372.31,5.87,433.42,-4.16,-18.96,136.65,-11.56,9292000.0,0.71075168
2021-03-12,09292000,41537.49,13.01,454.67,-2.33,-18.81,138.41,-10.57,9292000.0,0.71641504
2021-03-13,09292000,41702.95,9.72,295.19,-0.93,-9.51,297.29,-5.22,9292000.0,0.72491008
2021-03-14,09292000,41868.66,9.08,293.97,-0.28,-8.75,315.41,-4.515,9292000.0,0.70508832
2021-03-15,09292000,42034.58,7.93,418.05,3.47,-10.36,277.8,-3.4449999999999994,9292000.0,0.7220784
2021-03-16,09292000,42200.7,9.91,451.13,2.43,-13.37,218.09,-5.47,9292000.0,0.7362368
2021-03-17,09292000,42366.97,3.01,444.67,1.41,-13.76,211.29,-6.175,9292000.0,0.69942496
2021-03-18,09292000,42533.38,0.0,597.53,3.3,-11.97,244.2,-4.335000000000001,9292000.0,0.69942496
2021-03-19,09292000,42699.89,0.0,591.15,6.29,-8.76,315.31,-1.235,9292000.0,0.72774176
2021-03-20,09292000,42866.49,3.46,423.43,1.67,-11.98,243.99,-5.155,9292000.0,0.7334051199999999
2021-03-21,09292000,43033.14,0.0,602.64,-3.64,-18.53,141.77,-11.085,9292000.0,0.69942496
2021-03-22,09292000,43199.82,3.46,504.73,0.06,-19.48,130.66,-9.71,9292000.0,0.70792
2021-03-23,09292000,43366.49,0.0,572.25,-1.67,-15.37,184.96,-8.52,9292000.0,0.69092992
2021-03-24,09292000,43533.14,0.0,647.22,-0.23,-17.26,157.82,-8.745000000000001,9292000.0,0.69092992
2021-03-25,09292000,43699.74,7.01,352.04,-4.43,-14.71,195.31,-9.57,9292000.0,0.68809824
2021-03-26,09292000,43866.26,0.0,613.93,0.21,-14.83,193.49,-7.31,9292000.0,0.67393984
2021-03-27,09292000,44032.67,0.0,648.51,2.94,-13.52,215.32,-5.29,9292000.0,0.6682764800000001
2021-03-28,09292000,44198.94,0.0,676.98,7.32,-11.0,264.07,-1.84,9292000.0,0.69659328
2021-03-29,09292000,44365.05,0.0,695.2,3.26,-16.01,175.39,-6.375000000000001,9292000.0,0.7220784
2021-03-30,09292000,44530.98,0.0,651.07,-4.83,-20.97,114.8,-12.9,9292000.0,0.6796032
2021-03-31,09292000,44696.68,0.0,741.98,3.89,-19.11,134.87,-7.609999999999999,9292000.0,0.69942496
2021-04-01,09292000,44862.15,0.0,691.38,8.4,-10.25,266.05,-0.9249999999999998,9292000.0,1.01657312
2021-04-02,09292000,45027.33,0.0,631.95,10.77,-4.85,405.25,2.96,9292000.0,1.0675433600000002
2021-04-03,09292000,45192.22,0.0,649.11,11.91,-4.55,405.85,3.68,9292000.0,1.12134528
2021-04-04,09292000,45356.77,0.0,578.45,12.33,-1.14,540.8,5.595,9292000.0,1.20912736
2021-04-05,09292000,45520.97,0.0,609.21,9.52,-4.81,409.09,2.355,9292000.0,1.24877088
2021-04-06,09292000,45684.77,0.0,479.08,-1.14,-11.13,261.28,-6.135000000000001,9292000.0,1.17797888
2021-04-07,09292000,45848.15,0.0,630.51,6.18,-8.65,310.62,-1.2350000000000003,9292000.0,1.0901968
2021-04-08,09292000,46011.08,0.0,548.21,5.36,-6.69,370.35,-0.665,9292000.0,1.11568192
2021-04-09,09292000,46173.52,0.0,617.34,4.52,-9.73,291.33,-2.6050000000000004,9292000.0,1.12417696
2021-04-10,09292000,46335.44,0.0,608.75,6.53,-7.39,343.39,-0.4299999999999997,9292000.0,1.12134528
2021-04-11,09292000,46496.82,0.0,570.64,4.96,-7.53,347.03,-1.285,9292000.0,1.15249376
2021-04-12,09292000,46657.61,0.0,636.2,3.52,-11.13,260.3,-3.8050000000000006,9292000.0,1.13550368
2021-04-13,09292000,46817.79,0.0,622.15,1.88,-12.3,237.88,-5.210000000000001,9292000.0,1.1043552
2021-04-14,09292000,46977.31,7.89,372.61,1.22,-9.24,303.56,-4.01,9292000.0,1.13550368
2021-04-15,09292000,47136.14,6.56,439.69,0.95,-11.87,246.18,-5.46,9292000.0,1.1185136
2021-04-16,09292000,47294.25,2.01,418.37,-2.75,-14.5,198.67,-8.625,9292000.0,1.06471168
2021-04-17,09292000,47451.59,0.0,708.79,0.55,-16.45,169.02,-7.949999999999999,9292000.0,1.02789984
2021-04-18,09292000,47608.14,0.0,698.51,5.1,-11.55,241.31,-3.2250000000000005,9292000.0,1.0477216
2021-04-19,09292000,47763.84,0.0,715.73,5.01,-12.41,223.5,-3.7,9292000.0,1.0760384
2021-04-20,09292000,47918.67,0.0,724.01,1.27,-16.43,167.91,-7.58,9292000.0,1.06471168
2021-04-21,09292000,48072.57,3.96,447.49,2.0,-10.81,268.06,-4.405,9292000.0,1.07320672
2021-04-22,09292000,48225.52,0.0,636.97,3.94,-10.03,284.22,-3.045,9292000.0,1.03922656
2021-04-23,09292000,48377.46,0.0,577.49,3.52,-8.45,322.89,-2.465,9292000.0,1.05904832
2021-04-24,09292000,48528.35,2.59,452.31,5.66,-7.25,354.62,-0.7949999999999999,9292000.0,1.07320672
2021-04-25,09292000,48678.16,2.11,375.94,6.89,-3.21,481.93,1.84,9292000.0,1.08736512
2021-04-26,09292000,48826.82,6.84,251.82,1.26,-4.97,422.08,-1.855,9292000.0,1.12984032
2021-04-27,09292000,48974.31,14.69,368.96,2.87,-6.46,376.75,-1.795,9292000.0,1.14966208
2021-04-28,09292000,49120.57,0.0,648.59,5.86,-7.31,343.74,-0.7249999999999996,9292000.0,1.12134528
2021-04-29,09292000,49265.55,0.0,710.56,11.38,-4.09,392.18,3.645000000000001,9292000.0,1.19496896
2021-04-30,09292000,49409.2,0.0,723.18,15.44,-0.49,477.81,7.475,9292000.0,1.3592064
2021-05-01,09292000,49551.49,0.0,630.98,13.57,1.11,580.49,7.34,9292000.0,1.37902816
2021-05-02,09292000,49692.34,0.0,578.51,8.18,-2.53,483.12,2.825,9292000.0,1.39601824
2021-05-03,09292000,49831.73,0.0,585.89,4.95,-5.67,388.48,-0.3599999999999999,9292000.0,1.5291072
2021-05-04,09292000,49969.58,0.0,683.05,6.09,-7.15,323.55,-0.5300000000000002,9292000.0,1.557424
2021-05-05,09292000,50105.86,0.0,680.41,9.11,-4.08,386.78,2.515,9292000.0,1.49512704
2021-05-06,09292000,50240.5,0.0,782.07,14.04,-3.74,348.89,5.15,9292000.0,1.7273248
2021-05-07,09292000,50373.45,0.0,676.16,12.85,-0.45,471.27,6.2,9292000.0,2.10676992
2021-05-08,09292000,50504.67,0.0,563.22,4.54,-5.49,384.94,-0.4750000000000001,9292000.0,2.5201952
2021-05-09,09292000,50634.08,0.0,631.87,3.35,-8.2,303.65,-2.425,9292000.0,2.2058787200000003
2021-05-10,09292000,50761.65,4.11,476.69,2.78,-8.91,311.58,-3.0650000000000004,9292000.0,1.87174048
2021-05-11,09292000,50887.3,0.0,683.96,3.31,-9.57,266.89,-3.13,9292000.0,1.7698
2021-05-12,09292000,51010.98,0.0,778.32,8.77,-7.88,265.92,0.4449999999999998,9292000.0,1.82926528
2021-05-13,09292000,51132.65,0.0,716.18,12.27,-1.98,413.0,5.145,9292000.0,2.12942336
2021-05-14,09292000,51252.23,0.0,615.41,11.84,0.52,528.89,6.18,9292000.0,2.4918784
2021-05-15,09292000,51369.66,0.0,637.74,11.75,-0.05,486.86,5.85,9292000.0,3.398016
2021-05-16,09292000,51484.91,0.0,649.74,11.54,-0.56,465.2,5.489999999999999,9292000.0,4.5023712
2021-05-17,09292000,51597.89,0.0,583.13,9.58,-0.64,481.59,4.47,9292000.0,4.6439552
2021-05-18,09292000,51708.56,0.0,668.08,12.03,-0.2,432.79,5.915,9292000.0,3.7378176
2021-05-19,09292000,51816.85,0.0,671.7,12.1,-0.06,434.28,6.02,9292000.0,4.7289056
2021-05-20,09292000,51922.71,0.0,592.59,11.12,1.11,515.24,6.114999999999999,9292000.0,5.0403904
2021-05-21,09292000,52026.08,19.14,366.33,5.17,-2.6,504.31,1.285,9292000.0,5.1819744
2021-05-22,09292000,52126.9,11.52,403.77,5.1,-3.49,471.9,0.8049999999999997,9292000.0,3.7944512
2021-05-23,09292000,52225.11,6.88,394.01,2.64,-5.56,403.74,-1.4599999999999995,9292000.0,3.4546496
2021-05-24,09292000,52320.66,0.0,752.1,6.28,-7.46,280.42,-0.5899999999999999,9292000.0,2.9449472
2021-05-25,09292000,52413.49,0.0,684.12,8.2,-3.56,384.03,2.3199999999999994,9292000.0,3.1714816
2021-05-26,09292000,52503.54,0.0,684.32,9.74,-2.24,415.11,3.75,9292000.0,3.5962336
2021-05-27,09292000,52590.76,0.0,791.43,12.49,-3.55,334.24,4.470000000000001,9292000.0,4.6156384
2021-05-28,09292000,52675.09,0.0,722.82,14.05,0.58,468.35,7.315,9292000.0,5.8332608
2021-05-29,09292000,52756.48,0.0,578.82,11.6,2.03,600.71,6.815,9292000.0,6.796032
2021-05-30,09292000,52834.87,0.0,621.82,10.14,-0.15,503.24,4.995,9292000.0,6.8243488
2021-05-31,09292000,52910.23,0.0,734.06,12.66,-0.74,427.22,5.96,9292000.0,5.7766272
2021-06-01,09292000,52982.49,0.0,744.18,14.97,1.01,467.07,7.99,9292000.0,7.5889024
2021-06-02,09292000,53051.6,0.0,733.28,16.66,2.87,527.86,9.765,9292000.0,9.5144448
2021-06-03,09292000,53117.53,0.0,741.97,18.89,4.63,577.95,11.76,9292000.0,11.32672
2021-06-04,09292000,53180.22,0.0,749.98,20.25,5.54,602.3,12.895,9292000.0,11.2700864
2021-06-05,09292000,53239.63,0.0,698.54,17.91,5.26,633.97,11.585,9292000.0,10.3073152
2021-06-06,09292000,53295.72,0.0,724.75,18.24,4.77,595.71,11.505,9292000.0,9.627712
2021-06-07,09292000,53348.45,0.0,658.67,18.13,6.51,704.96,12.32,9292000.0,8.778208
2021-06-08,09292000,53397.78,0.0,664.61,15.64,4.01,595.56,9.825,9292000.0,7.3906848
2021-06-09,09292000,53443.68,0.0,661.47,16.22,4.67,610.6,10.445,9292000.0,5.6067264
2021-06-10,09292000,53486.11,0.0,779.84,14.28,-1.01,361.78,6.635,9292000.0,4.2758368
2021-06-11,09292000,53525.04,0.0,830.01,14.78,-3.09,271.0,5.845,9292000.0,3.6245504
2021-06-12,09292000,53560.44,0.0,790.0,18.81,2.85,380.48,10.83,9292000.0,3.0582144
2021-06-13,09292000,53592.28,0.0,766.56,20.39,5.26,420.16,12.825,9292000.0,2.8033632
2021-06-14,09292000,53620.55,0.0,758.52,22.19,7.21,437.87,14.7,9292000.0,2.56550208
2021-06-15,09292000,53645.21,0.0,716.02,22.4,8.82,466.8,15.61,9292000.0,2.31914592
2021-06-16,09292000,53666.26,0.0,708.87,23.13,9.57,473.56,16.35,9292000.0,2.20021536
2021-06-17,09292000,53683.67,0.0,688.42,22.42,9.39,490.67,15.905,9292000.0,1.96235424
2021-06-18,09292000,53697.43,0.0,645.61,21.03,9.17,532.15,15.1,9292000.0,1.75280992
2021-06-19,09292000,53707.54,0.0,679.74,20.02,7.15,424.6,13.585,9292000.0,1.5998992
2021-06-20,09292000,53713.97,0.0,660.21,18.61,6.14,419.79,12.375,9292000.0,1.33655296
2021-06-21,09292000,53716.74,0.0,788.07,20.28,2.52,258.45,11.4,9292000.0,1.13833536
2021-06-22,09292000,53715.83,0.0,699.75,21.83,7.46,387.28,14.645,9292000.0,1.1043552
2021-06-23,09292000,53711.24,0.0,530.25,17.2,7.5,570.54,12.35,9292000.0,1.27991936
2021-06-24,09292000,53702.99,9.16,339.47,10.92,2.89,591.05,6.905,9292000.0,1.73298816
2021-06-25,09292000,53691.07,4.36,380.81,11.36,2.21,556.49,6.785,9292000.0,2.4635616
2021-06-26,09292000,53675.5,0.0,602.04,12.85,1.77,387.57,7.31,9292000.0,2.1520768
2021-06-27,09292000,53656.28,0.0,612.53,14.22,2.86,402.52,8.540000000000001,9292000.0,1.66219616
2021-06-28,09292000,53633.44,0.0,558.14,13.71,3.61,465.82,8.66,9292000.0,1.44132512
2021-06-29,09292000,53606.99,0.0,674.79,16.45,3.06,356.11,9.755,9292000.0,1.29974112
2021-06-30,09292000,53576.95,4.43,380.07,13.09,3.92,633.33,8.504999999999999,9292000.0,1.25160256
2021-07-01,09292000,53543.34,0.0,634.12,16.45,4.3,434.68,10.375,9292000.0,1.8264336
2021-07-02,09292000,53506.18,0.0,632.01,17.7,5.54,467.01,11.62,9292000.0,1.63671104
2021-07-03,09292000,53465.52,0.0,685.76,19.68,5.7,420.69,12.69,9292000.0,1.54043392
2021-07-04,09292000,53421.36,5.06,479.96,20.04,7.13,650.93,13.585,9292000.0,1.3025728
2021-07-05,09292000,53373.76,0.0,610.37,19.32,7.54,569.52,13.43,9292000.0,1.24877088
2021-07-06,09292000,53322.74,0.0,703.89,19.96,4.98,409.69,12.47,9292000.0,1.11285024
2021-07-07,09292000,53268.34,0.0,692.48,21.11,6.29,450.14,13.7,9292000.0,1.0052464
2021-07-08,09292000,53210.6,0.0,655.46,23.17,9.39,575.41,16.28,9292000.0,1.12134528
2021-07-09,09292000,53149.56,0.0,642.68,22.74,9.21,584.5,15.975,9292000.0,1.62255264
2021-07-10,09292000,53085.26,0.0,653.57,21.57,7.69,526.08,14.63,9292000.0,1.74997824
2021-07-11,09292000,53017.74,0.0,641.88,21.36,7.92,546.57,14.64,9292000.0,1.46114688
2021-07-12,09292000,52947.06,0.0,651.57,21.73,7.9,535.7,14.815,9292000.0,1.19496896
2021-07-13,09292000,52873.26,0.0,589.56,19.5,7.74,600.59,13.62,9292000.0,1.26292928
2021-07-14,09292000,52796.4,0.0,619.38,19.44,6.85,502.24,13.145,9292000.0,1.23744416
2021-07-15,09292000,52716.51,0.0,642.8,19.2,5.83,420.26,12.515,9292000.0,1.17231552
2021-07-16,09292000,52633.66,0.0,546.29,17.7,7.2,548.29,12.45,9292000.0,1.15532544
2021-07-17,09292000,52547.89,0.0,626.51,19.64,6.68,446.66,13.16,9292000.0,1.22611744
2021-07-18,09292000,52459.26,0.0,618.19,20.97,8.1,491.0,14.535,9292000.0,1.20912736
2021-07-19,09292000,52367.82,0.0,635.39,22.09,8.43,479.83,15.26,9292000.0,1.1043552
2021-07-20,09292000,52273.64,0.0,500.08,19.24,9.54,688.6,14.39,9292000.0,1.14966208
2021-07-21,09292000,52176.77,0.0,623.13,20.37,7.27,443.74,13.82,9292000.0,1.20063232
2021-07-22,09292000,52077.25,12.8,454.77,20.47,7.47,623.03,13.97,9292000.0,2.10676992
2021-07-23,09292000,51975.16,0.0,505.82,17.28,7.43,655.51,12.355,9292000.0,3.8510848
2021-07-24,09292000,51870.55,0.0,579.45,20.58,8.39,585.42,14.485,9292000.0,1.9680176
2021-07-25,09292000,51763.48,0.0,543.12,19.09,7.91,602.26,13.5,9292000.0,1.53477056
2021-07-26,09292000,51654.0,0.0,617.65,20.88,7.08,452.36,13.98,9292000.0,1.32522624
2021-07-27,09292000,51542.18,0.0,555.0,19.76,8.13,455.54,13.945,9292000.0,1.12700864
2021-07-28,09292000,51428.07,9.38,433.93,20.81,7.84,580.37,14.325,9292000.0,1.08736512
2021-07-29,09292000,51311.73,7.02,368.69,17.74,7.46,732.0,12.6,9292000.0,1.3677014399999998
2021-07-30,09292000,51193.22,5.1,312.51,16.04,7.58,865.15,11.81,9292000.0,1.5432656
2021-07-31,09292000,51072.6,15.81,344.1,16.12,6.64,794.56,11.38,9292000.0,1.69617632
2021-08-01,09292000,50949.93,10.13,307.77,14.42,6.14,877.18,10.28,9292000.0,1.982176
2021-08-02,09292000,50825.26,10.46,271.27,13.9,6.77,985.42,10.335,9292000.0,2.12942336
2021-08-03,09292000,50698.66,0.0,527.88,16.3,5.09,672.18,10.695,9292000.0,1.88589888
2021-08-04,09292000,50570.17,0.0,558.58,17.41,5.04,641.67,11.225,9292000.0,1.4441568
2021-08-05,09292000,50439.86,0.0,585.74,19.61,5.99,651.96,12.8,9292000.0,1.27708768
2021-08-06,09292000,50307.77,0.0,534.37,17.09,5.48,684.17,11.285,9292000.0,1.18081056
2021-08-07,09292000,50173.97,0.0,579.14,15.97,2.75,545.48,9.36,9292000.0,1.05621664
2021-08-08,09292000,50038.52,0.0,619.85,19.54,3.86,544.68,11.7,9292000.0,1.05055328
2021-08-09,09292000,49901.45,0.0,534.48,18.62,6.64,720.54,12.63,9292000.0,0.97126624
2021-08-10,09292000,49762.83,0.0,595.69,18.68,4.06,562.28,11.37,9292000.0,0.9486128
2021-08-11,09292000,49622.71,0.0,563.64,20.05,3.26,547.9,11.655,9292000.0,1.36203808
2021-08-12,09292000,49481.14,0.0,546.14,21.04,5.07,630.28,13.055,9292000.0,1.71599808
2021-08-13,09292000,49338.17,0.0,485.62,21.44,8.5,854.98,14.97,9292000.0,1.69617632
2021-08-14,09292000,49193.85,0.0,483.0,20.8,7.99,834.03,14.395,9292000.0,1.71599808
2021-08-15,09292000,49048.23,0.0,484.87,19.99,7.06,787.05,13.525,9292000.0,1.73298816
2021-08-16,09292000,48901.36,0.0,491.14,19.22,5.99,731.8,12.605,9292000.0,1.49795872
2021-08-17,09292000,48753.29,19.01,373.4,19.13,5.14,793.97,12.135,9292000.0,1.63954272
2021-08-18,09292000,48604.05,85.71,270.49,10.97,2.51,731.35,6.74,9292000.0,13.0540448
2021-08-19,09292000,48453.7,22.66,176.23,5.06,-0.05,608.37,2.505,9292000.0,24.5506656
2021-08-20,09292000,48302.28,5.0,318.67,11.29,0.96,654.63,6.125,9292000.0,12.7708768
2021-08-21,09292000,48149.84,16.6,262.3,9.55,1.6,685.62,5.575,9292000.0,9.20296
2021-08-22,09292000,47996.41,0.0,424.84,14.73,4.32,831.73,9.525,9292000.0,9.5710784
2021-08-23,09292000,47842.04,0.0,432.01,16.65,5.86,925.7,11.255,9292000.0,6.9659328
2021-08-24,09292000,47686.78,0.0,454.11,16.15,4.5,841.95,10.325,9292000.0,5.4368256
2021-08-25,09292000,47530.65,0.0,468.77,16.77,4.46,839.49,10.615,9292000.0,4.5590048
2021-08-26,09292000,47373.71,0.0,461.91,16.71,4.62,849.21,10.665,9292000.0,4.1342528
2021-08-27,09292000,47215.98,0.0,483.46,17.45,4.25,827.11,10.85,9292000.0,3.7095008
2021-08-28,09292000,47057.51,0.0,483.79,18.03,4.52,843.39,11.275,9292000.0,3.6245504
2021-08-29,09292000,46898.33,0.0,503.12,18.59,3.66,793.64,11.125,9292000.0,2.61364064
2021-08-30,09292000,46738.48,0.0,461.43,18.59,5.65,912.57,12.12,9292000.0,2.55700704
2021-08-31,09292000,46577.99,3.73,350.01,18.81,5.2,884.21,12.005,9292000.0,2.14924512
2021-09-01,09292000,46416.91,5.08,222.33,11.23,3.99,812.26,7.61,9292000.0,2.79203648
2021-09-02,09292000,46255.26,7.28,345.73,15.13,1.91,700.78,8.52,9292000.0,4.2192032
2021-09-03,09292000,46093.07,0.0,440.96,14.27,2.1,710.37,8.185,9292000.0,4.24752
2021-09-04,09292000,45930.38,0.0,489.76,15.32,0.43,630.17,7.875,9292000.0,3.822768
2021-09-05,09292000,45767.23,0.0,482.0,17.55,2.67,739.76,10.11,9292000.0,2.74956128
2021-09-06,09292000,45603.64,0.0,478.12,18.83,3.85,804.69,11.34,9292000.0,1.486632
2021-09-07,09292000,45439.64,0.0,465.84,19.72,5.27,888.23,12.495,9292000.0,1.36203808
2021-09-08,09292000,45275.26,0.0,484.36,21.06,4.94,868.27,13.0,9292000.0,1.39035488
2021-09-09,09292000,45110.54,0.0,487.24,20.96,4.45,838.91,12.705,9292000.0,1.4299984
2021-09-10,09292000,44945.5,7.69,336.29,19.3,5.2,883.96,12.25,9292000.0,1.75847328
2021-09-11,09292000,44780.17,9.88,271.79,14.56,4.63,849.43,9.595,9292000.0,1.91421568
2021-09-12,09292000,44614.58,0.0,385.95,15.1,4.34,832.57,9.72,9292000.0,1.67635456
2021-09-13,09292000,44448.77,0.0,362.69,14.5,4.62,848.83,9.56,9292000.0,1.486632
2021-09-14,09292000,44282.75,0.0,418.21,15.4,3.24,770.34,9.32,9292000.0,1.77546336
2021-09-15,09292000,44116.55,0.0,458.55,17.02,2.39,725.54,9.705,9292000.0,1.63671104
2021-09-16,09292000,43950.2,0.0,422.91,16.34,3.65,792.94,9.995,9292000.0,1.5432656
2021-09-17,09292000,43783.74,0.0,440.92,15.93,2.06,708.64,8.995,9292000.0,1.46114688
2021-09-18,09292000,43617.18,5.93,182.09,9.99,3.57,788.72,6.78,9292000.0,1.5432656
2021-09-19,09292000,43450.55,0.0,391.55,10.93,-0.52,587.92,5.205,9292000.0,1.6820179199999998
2021-09-20,09292000,43283.89,0.0,396.98,7.1,-4.59,434.59,1.255,9292000.0,1.4724736
2021-09-21,09292000,43117.21,0.0,454.64,10.39,-4.83,426.64,2.78,9292000.0,1.4016816
2021-09-22,09292000,42950.54,0.0,431.42,15.13,0.69,641.99,7.91,9292000.0,1.33655296
2021-09-23,09292000,42783.91,0.0,370.78,12.18,0.83,648.48,6.505,9292000.0,1.28275104
2021-09-24,09292000,42617.35,0.0,425.29,14.57,0.14,616.92,7.355,9292000.0,1.25160256
2021-09-25,09292000,42450.89,0.0,411.45,16.25,2.27,719.34,9.26,9292000.0,1.19496896
2021-09-26,09292000,42284.54,0.0,404.45,16.72,2.88,751.17,9.8,9292000.0,1.15815712
2021-09-27,09292000,42118.34,0.0,388.69,16.57,3.48,783.69,10.025,9292000.0,1.17797888
2021-09-28,09292000,41952.32,3.51,292.7,13.53,0.39,628.03,6.96,9292000.0,1.15815712
2021-09-29,09292000,41786.5,12.31,193.79,2.82,-4.6,434.32,-0.8899999999999999,9292000.0,1.40451328
2021-09-30,09292000,41620.92,0.0,352.4,5.62,-5.22,414.17,0.2000000000000001,9292000.0,1.37053312
2021-10-01,09292000,41455.59,0.0,361.08,9.97,-1.67,540.42,4.15,9292000.0,1.38185984
2021-10-02,09292000,41290.54,0.0,318.3,9.66,-0.18,602.68,4.74,9292000.0,1.4016816
2021-10-03,09292000,41125.82,0.0,371.36,11.71,-0.73,579.07,5.49,9292000.0,1.29407776
2021-10-04,09292000,40961.44,0.0,363.56,11.93,-0.17,603.07,5.88,9292000.0,1.1751472
2021-10-05,09292000,40797.44,4.01,230.35,10.48,0.87,650.53,5.675,9292000.0,1.12134528
2021-10-06,09292000,40633.84,19.24,157.01,6.82,0.78,646.08,3.8,9292000.0,1.56875072
2021-10-07,09292000,40470.68,7.23,160.04,6.64,0.56,635.81,3.6,9292000.0,1.63104768
2021-10-08,09292000,40307.99,17.08,93.71,2.67,-0.6,584.58,1.035,9292000.0,2.0954432
2021-10-09,09292000,40145.81,0.0,304.97,4.52,-4.2,447.47,0.1599999999999997,9292000.0,2.38710624
2021-10-10,09292000,39984.15,0.0,319.98,5.51,-3.79,461.53,0.8599999999999999,9292000.0,1.90288896
2021-10-11,09292000,39823.06,3.19,105.07,0.94,-2.67,501.94,-0.865,9292000.0,1.68768128
2021-10-12,09292000,39662.57,9.89,231.87,-0.22,-7.84,338.79,-4.03,9292000.0,1.628216
2021-10-13,09292000,39502.72,0.0,427.67,1.36,-10.99,264.32,-4.815,9292000.0,1.53477056
2021-10-14,09292000,39343.54,0.0,347.85,-1.88,-10.8,268.25,-6.34,9292000.0,1.44698848
2021-10-15,09292000,39185.06,0.0,464.51,4.13,-11.63,250.97,-3.75,9292000.0,1.1666521600000002
2021-10-16,09292000,39027.33,0.0,450.05,10.66,-4.76,429.05,2.95,9292000.0,1.203464
2021-10-17,09292000,38870.38,2.5,271.48,7.16,-3.0,489.5,2.08,9292000.0,1.27991936
2021-10-18,09292000,38714.24,9.24,163.59,1.95,-3.5,471.74,-0.775,9292000.0,1.20912736
2021-10-19,09292000,38558.97,10.79,310.33,2.62,-10.22,281.03,-3.8,9292000.0,1.37053312
2021-10-20,09292000,38404.6,2.31,335.06,5.89,-10.38,277.4,-2.245000000000001,9292000.0,1.27991936
2021-10-21,09292000,38251.17,0.0,404.81,9.87,-3.11,485.53,3.38,9292000.0,1.29974112
2021-10-22,09292000,38098.72,0.0,384.73,8.09,-3.77,462.34,2.16,9292000.0,1.32522624
2021-10-23,09292000,37947.29,5.02,146.66,0.89,-4.06,452.23,-1.5849999999999995,9292000.0,1.3025728
2021-10-24,09292000,37796.93,3.44,256.33,2.8,-6.82,366.58,-2.01,9292000.0,1.20912736
2021-10-25,09292000,37647.69,8.0,183.33,5.12,-1.18,560.09,1.97,9292000.0,1.1893056
2021-10-26,09292000,37499.61,3.76,214.72,0.02,-7.38,351.09,-3.68,9292000.0,1.36203808
2021-10-27,09292000,37352.73,0.0,315.88,1.15,-7.19,356.14,-3.0200000000000005,9292000.0,1.24877088
2021-10-28,09292000,37207.1,0.0,369.19,6.86,-4.09,451.15,1.3850000000000002,9292000.0,1.31106784
2021-10-29,09292000,37062.77,0.0,396.1,9.02,-4.29,444.43,2.365,9292000.0,1.2176224
2021-10-30,09292000,36919.79,0.0,356.02,7.88,-3.02,488.99,2.43,9292000.0,1.1468304
2021-10-31,09292000,36778.21,0.0,321.07,7.0,-2.28,516.75,2.3600000000000003,9292000.0,1.05055328
2021-11-01,09292000,36638.08,2.99,185.23,4.73,-1.88,531.97,1.4250000000000005,9292000.0,0.99675136
2021-11-02,09292000,36499.45,0.0,334.79,3.73,-6.14,386.25,-1.2049999999999998,9292000.0,1.01657312
2021-11-03,09292000,36362.38,0.0,386.95,6.63,-7.1,358.8,-0.2349999999999998,9292000.0,0.90896928
2021-11-04,09292000,36226.91,0.0,367.61,9.86,-2.98,490.45,3.4399999999999995,9292000.0,1.39035488
2021-11-05,09292000,36093.1,0.0,337.24,8.06,-2.96,491.02,2.5500000000000003,9292000.0,1.57441408
2021-11-06,09292000,35961.0,0.0,300.48,7.14,-2.2,519.54,2.47,9292000.0,1.49229536
2021-11-07,09292000,35830.68,0.0,242.79,5.84,-1.38,551.96,2.23,9292000.0,1.46114688
2021-11-08,09292000,35702.18,0.0,265.82,3.84,-4.27,445.21,-0.2149999999999998,9292000.0,1.41584
2021-11-09,09292000,35575.56,4.26,146.41,0.73,-4.89,424.86,-2.08,9292000.0,1.32805792
2021-11-10,09292000,35450.88,0.0,202.88,-0.77,-6.67,370.78,-3.72,9292000.0,1.05621664
2021-11-11,09292000,35328.19,0.0,270.15,2.02,-6.48,376.21,-2.2300000000000004,9292000.0,1.14399872
2021-11-12,09292000,35207.56,0.0,256.56,4.81,-3.21,481.95,0.7999999999999998,9292000.0,1.9680176
2021-11-13,09292000,35089.04,0.0,282.61,5.94,-3.41,475.01,1.265,9292000.0,2.42674976
2021-11-14,09292000,34972.69,0.0,321.22,8.28,-3.46,472.97,2.41,9292000.0,1.8689088
2021-11-15,09292000,34858.56,0.0,313.34,9.79,-1.59,543.45,4.1,9292000.0,1.26292928
2021-11-16,09292000,34746.73,0.0,308.67,3.78,-7.1,358.65,-1.66,9292000.0,1.22045408
2021-11-17,09292000,34637.23,0.0,315.48,-0.23,-11.77,248.28,-6.0,9292000.0,0.99958304
2021-11-18,09292000,34530.14,2.19,246.36,2.93,-10.32,278.82,-3.695,9292000.0,0.94011776
2021-11-19,09292000,34425.52,3.04,216.34,3.37,-6.8,367.2,-1.715,9292000.0,1.12700864
2021-11-20,09292000,34323.41,0.0,308.74,0.35,-10.96,264.8,-5.305000000000001,9292000.0,1.0703750399999998
2021-11-21,09292000,34223.88,0.0,337.59,2.59,-11.87,246.26,-4.64,9292000.0,0.8721574400000001
2021-11-22,09292000,34126.99,0.0,332.12,7.92,-7.0,361.35,0.4599999999999999,9292000.0,1.0901968
2021-11-23,09292000,34032.78,2.5,243.76,4.7,-9.75,291.61,-2.525,9292000.0,1.01657312
2021-11-24,09292000,33941.33,0.0,280.99,-3.87,-14.44,199.67,-9.155,9292000.0,0.90047424
2021-11-25,09292000,33852.69,5.72,224.39,0.52,-11.83,247.1,-5.655,9292000.0,0.7730486400000001
2021-11-26,09292000,33766.9,2.83,217.29,5.63,-6.44,377.49,-0.4050000000000002,9292000.0,1.05055328
2021-11-27,09292000,33684.02,0.0,254.4,4.92,-4.79,428.13,0.0649999999999999,9292000.0,1.01374144
2021-11-28,09292000,33604.12,0.0,266.16,7.3,-3.23,481.45,2.035,9292000.0,0.9344544
2021-11-29,09292000,33527.23,0.0,278.83,8.83,-2.76,498.46,3.035,9292000.0,0.91180096
2021-11-30,09292000,33453.41,0.0,296.45,8.31,-4.99,421.7,1.66,9292000.0,0.86649408
2021-12-01,09292000,33382.71,0.0,282.33,9.49,-3.08,486.88,3.205,9292000.0,0.87498912
2021-12-02,09292000,33315.18,0.0,277.96,10.25,-2.23,518.4,4.01,9292000.0,0.8466723199999999
2021-12-03,09292000,33250.86,0.0,278.19,8.19,-4.26,445.36,1.965,9292000.0,0.8325139199999999
2021-12-04,09292000,33189.79,0.0,278.23,7.45,-5.03,420.19,1.21,9292000.0,0.7617219199999999
2021-12-05,09292000,33132.03,0.0,228.65,3.93,-5.17,416.01,-0.6199999999999999,9292000.0,0.7560585599999999
2021-12-06,09292000,33077.61,0.0,187.12,0.41,-6.61,372.47,-3.1,9292000.0,0.7617219199999999
2021-12-07,09292000,33026.56,0.0,229.22,0.4,-8.71,316.37,-4.155,9292000.0,1.22894912
2021-12-08,09292000,32978.94,6.22,197.78,1.9,-9.61,294.97,-3.855,9292000.0,1.09586016
2021-12-09,09292000,32934.76,15.15,199.02,-1.73,-13.26,220.08,-7.495,9292000.0,1.32522624
2021-12-10,09292000,32894.07,0.0,254.47,-9.68,-20.37,120.94,-15.025,9292000.0,0.99391968
2021-12-11,09292000,32856.9,0.0,313.51,-4.19,-21.28,111.71,-12.735,9292000.0,1.05904832
2021-12-12,09292000,32823.26,6.85,203.72,-0.8,-13.51,215.6,-7.155,9292000.0,1.25726592
2021-12-13,09292000,32793.2,0.0,219.51,-0.78,-10.02,285.55,-5.4,9292000.0,1.40734496
2021-12-14,09292000,32766.72,28.96,135.87,-2.6,-9.68,293.19,-6.14,9292000.0,1.4299984
2021-12-15,09292000,32743.86,0.0,308.24,-4.41,-20.24,122.27,-12.325,9292000.0,1.28275104
2021-12-16,09292000,32724.62,5.42,192.88,-6.26,-17.43,155.58,-11.845,9292000.0,1.1185136
2021-12-17,09292000,32709.02,0.0,225.43,-8.27,-17.41,155.88,-12.84,9292000.0,1.10718688
2021-12-18,09292000,32697.08,0.0,301.69,-2.07,-17.13,159.6,-9.6,9292000.0,1.13833536
2021-12-19,09292000,32688.8,0.0,297.7,1.4,-13.57,214.52,-6.085,9292000.0,1.31389952
2021-12-20,09292000,32684.19,0.0,276.89,2.11,-10.92,265.74,-4.405,9292000.0,1.3167312
2021-12-21,09292000,32683.26,0.0,273.16,2.17,-10.49,274.98,-4.16,9292000.0,1.31389952
2021-12-22,09292000,32686.0,0.0,265.47,2.36,-9.62,294.57,-3.63,9292000.0,1.35637472
2021-12-23,09292000,32692.41,23.06,128.49,-1.03,-7.56,346.14,-4.295,9292000.0,1.31956288
2021-12-24,09292000,32702.49,17.98,101.95,-3.22,-8.12,331.36,-5.67,9292000.0,1.31389952
2021-12-25,09292000,32716.23,12.49,89.41,-4.99,-9.09,307.22,-7.04,9292000.0,1.29690944
2021-12-26,09292000,32733.61,14.16,185.58,-7.46,-16.67,165.97,-12.065,9292000.0,1.32239456
2021-12-27,09292000,32754.64,14.3,152.42,-9.87,-16.88,163.04,-13.375,9292000.0,1.15815712
2021-12-28,09292000,32779.28,0.0,245.97,-11.01,-19.75,127.64,-15.38,9292000.0,1.03639488
2021-12-29,09292000,32807.52,0.0,274.89,-10.77,-20.88,115.69,-15.825,9292000.0,1.0675433600000002
2021-12-30,09292000,32839.34,12.77,162.01,-8.46,-15.67,180.42,-12.065,9292000.0,1.18081056
2021-12-31,09292000,32874.72,5.1,250.68,-8.95,-23.26,93.73,-16.105,9292000.0,1.1185136
2022-01-01,09292000,32913.8,0.0,311.91,-9.05,-25.8,74.56,-17.425,9292000.0,0.98542464
2022-01-02,09292000,32956.22,0.0,295.96,-2.94,-18.15,146.4,-10.545,9292000.0,0.920296
2022-01-03,09292000,33002.11,0.0,282.93,0.23,-13.91,208.61,-6.84,9292000.0,0.98542464
2022-01-04,09292000,33051.44,0.0,190.39,-3.27,-11.7,249.55,-7.484999999999999,9292000.0,1.02506816
2022-01-05,09292000,33104.16,26.97,97.48,-3.43,-8.9,311.71,-6.165,9292000.0,1.09586016
2022-01-06,09292000,33160.24,0.0,194.61,1.11,-7.36,351.64,-3.125,9292000.0,1.11285024
2022-01-07,09292000,33219.65,0.0,251.74,3.62,-7.89,337.4,-2.135,9292000.0,1.06471168
2022-01-08,09292000,33282.33,0.0,316.33,-2.05,-17.94,148.99,-9.995,9292000.0,1.00807808
2022-01-09,09292000,33348.25,0.0,339.68,-0.38,-18.65,140.33,-9.515,9292000.0,0.92879104
2022-01-10,09292000,33417.36,0.0,340.75,4.45,-13.82,210.24,-4.6850000000000005,9292000.0,0.89764256
2022-01-11,09292000,33489.61,0.0,321.42,4.11,-11.93,245.1,-3.91,9292000.0,0.92595936
2022-01-12,09292000,33564.96,0.0,292.74,4.48,-9.17,305.27,-2.345,9292000.0,0.95427616
2022-01-13,09292000,33643.35,0.0,315.89,7.49,-7.95,335.82,-0.2299999999999999,9292000.0,0.95427616
2022-01-14,09292000,33724.73,0.0,277.32,1.72,-10.62,272.13,-4.449999999999999,9292000.0,0.93162272
2022-01-15,09292000,33809.06,0.0,307.38,3.34,-10.94,265.21,-3.8,9292000.0,0.91180096
2022-01-16,09292000,33896.27,0.0,312.59,5.38,-9.21,304.33,-1.9150000000000005,9292000.0,0.93162272
2022-01-17,09292000,33986.31,0.0,294.9,5.39,-7.79,340.11,-1.2000000000000002,9292000.0,0.8919792
2022-01-18,09292000,34079.13,0.0,304.41,3.83,-9.76,291.44,-2.965,9292000.0,0.8806524800000001
2022-01-19,09292000,34174.68,0.0,339.52,0.27,-15.66,180.58,-7.695,9292000.0,0.86649408
2022-01-20,09292000,34272.88,0.0,341.48,0.19,-15.69,180.06,-7.75,9292000.0,0.88348416
2022-01-21,09292000,34373.7,0.0,343.8,-2.06,-17.85,150.23,-9.955,9292000.0,0.90330592
2022-01-22,09292000,34477.06,0.0,370.69,0.53,-17.71,151.95,-8.59,9292000.0,0.8919792
2022-01-23,09292000,34582.92,0.0,323.49,1.73,-12.22,239.41,-5.245,9292000.0,0.91746432
2022-01-24,09292000,34691.2,0.0,297.09,0.81,-11.39,255.98,-5.29,9292000.0,0.90330592
2022-01-25,09292000,34801.87,0.0,361.36,-4.05,-20.28,121.84,-12.165,9292000.0,0.80419712
2022-01-26,09292000,34914.85,0.0,387.63,-1.89,-20.51,119.52,-11.2,9292000.0,0.8070288
2022-01-27,09292000,35030.08,0.0,352.08,-4.87,-19.92,125.71,-12.395,9292000.0,0.79570208
2022-01-28,09292000,35147.52,0.0,379.72,1.61,-15.71,179.77,-7.050000000000001,9292000.0,0.79570208
2022-01-29,09292000,35267.09,0.0,390.48,5.95,-12.25,238.76,-3.15,9292000.0,0.81269216
2022-01-30,09292000,35388.75,0.0,377.9,5.6,-11.11,261.7,-2.755,9292000.0,0.8466723199999999
2022-01-31,09292000,35512.43,0.0,388.5,2.39,-14.83,193.35,-6.22,9292000.0,0.8636623999999999
2022-02-01,09292000,35638.08,0.0,370.54,-7.27,-22.48,100.49,-14.875,9292000.0,0.85799904
2022-02-02,09292000,35765.64,0.0,338.73,-12.11,-24.99,80.25,-18.55,9292000.0,0.7560585599999999
2022-02-03,09292000,35895.05,0.0,364.08,-9.09,-23.51,91.72,-16.3,9292000.0,0.70225664
2022-02-04,09292000,36026.26,0.0,437.5,0.71,-21.22,112.28,-10.255,9292000.0,0.67110816
2022-02-05,09292000,36159.21,0.0,337.95,-0.56,-13.83,209.94,-7.195,9292000.0,0.69092992
2022-02-06,09292000,36293.85,0.0,325.12,-1.97,-14.41,200.23,-8.19,9292000.0,0.72774176
2022-02-07,09292000,36430.12,0.0,357.57,2.47,-11.6,251.61,-4.565,9292000.0,0.7362368
2022-02-08,09292000,36567.97,0.0,305.33,3.3,-7.85,338.57,-2.275,9292000.0,0.7419001599999999
2022-02-09,09292000,36707.35,0.0,277.01,1.75,-7.87,337.86,-3.06,9292000.0,0.72491008
2022-02-10,09292000,36848.2,0.0,293.94,4.04,-6.11,387.03,-1.035,9292000.0,0.7192467199999999
2022-02-11,09292000,36990.48,0.0,389.28,2.69,-11.88,246.14,-4.595000000000001,9292000.0,0.72774176
2022-02-12,09292000,37134.14,0.0,378.58,1.76,-11.93,245.03,-5.085,9292000.0,0.70508832
2022-02-13,09292000,37279.12,0.0,405.48,4.88,-10.41,276.75,-2.765,9292000.0,0.71075168
2022-02-14,09292000,37425.37,0.0,403.19,4.92,-10.05,284.88,-2.5650000000000004,9292000.0,0.71075168
2022-02-15,09292000,37572.85,0.0,378.59,2.24,-10.99,264.28,-4.375,9292000.0,0.6937616
2022-02-16,09292000,37721.52,0.0,307.38,-4.51,-14.32,201.8,-9.415,9292000.0,0.6824348800000001
2022-02-17,09292000,37871.32,0.0,371.73,-3.16,-15.49,183.08,-9.325,9292000.0,0.69092992
2022-02-18,09292000,38022.21,0.0,387.04,0.54,-12.37,236.41,-5.914999999999999,9292000.0,0.6626131199999999
2022-02-19,09292000,38174.15,0.0,449.1,3.67,-12.65,231.23,-4.49,9292000.0,0.71358336
2022-02-20,09292000,38327.09,0.0,414.88,2.41,-11.54,252.78,-4.565,9292000.0,0.69659328
2022-02-21,09292000,38481.0,3.53,320.29,-2.62,-16.89,162.93,-9.755,9292000.0,0.67677152
2022-02-22,09292000,38635.82,0.0,410.74,-7.35,-20.33,121.31,-13.84,9292000.0,0.6654448
2022-02-23,09292000,38791.52,9.31,314.63,-7.57,-20.81,116.35,-14.19,9292000.0,0.6427913599999999
2022-02-24,09292000,38948.06,0.0,468.59,-8.24,-23.71,90.09,-15.975,9292000.0,0.6088112
2022-02-25,09292000,39105.41,0.0,464.6,-10.07,-24.95,80.55,-17.509999999999998,9292000.0,0.60314784
2022-02-26,09292000,39263.51,0.0,532.48,-3.45,-23.64,90.61,-13.545,9292000.0,0.62580128
2022-02-27,09292000,39422.34,0.0,538.43,3.74,-16.99,161.45,-6.624999999999999,9292000.0,0.65978144
2022-02-28,09292000,39581.86,0.0,500.84,5.08,-11.99,243.84,-3.455,9292000.0,0.69942496
2022-03-01,09292000,39742.04,0.0,505.05,8.48,-8.87,312.53,-0.1949999999999994,9292000.0,0.72774176
2022-03-02,09292000,39902.83,0.0,465.48,8.93,-5.76,397.48,1.585,9292000.0,0.71075168
2022-03-03,09292000,40064.2,0.0,446.65,7.6,-5.85,394.9,0.875,9292000.0,0.69942496
2022-03-04,09292000,40226.13,10.4,302.49,3.15,-8.21,329.12,-2.53,9292000.0,0.69942496
2022-03-05,09292000,40388.57,17.04,288.86,0.0,-10.28,279.53,-5.14,9292000.0,0.7220784
2022-03-06,09292000,40551.49,8.3,412.76,-2.96,-20.31,121.57,-11.635,9292000.0,0.72774176
2022-03-07,09292000,40714.87,0.0,528.46,-7.35,-22.77,97.93,-15.06,9292000.0,0.59182112
2022-03-08,09292000,40878.67,0.0,471.56,-5.19,-17.88,149.79,-11.535,9292000.0,0.71358336
2022-03-09,09292000,41042.87,0.0,468.71,-6.37,-18.76,138.95,-12.565,9292000.0,0.70792
2022-03-10,09292000,41207.42,0.0,497.36,-9.92,-23.28,93.62,-16.6,9292000.0,0.6427913599999999
2022-03-11,09292000,41372.31,0.0,546.74,-5.53,-21.35,111.04,-13.44,9292000.0,0.63995968
2022-03-12,09292000,41537.49,0.0,535.67,2.8,-12.67,230.74,-4.9350000000000005,9292000.0,0.6824348800000001
2022-03-13,09292000,41702.95,0.0,498.82,1.11,-12.44,235.2,-5.665,9292000.0,0.65978144
2022-03-14,09292000,41868.66,0.0,577.98,1.94,-15.51,177.41,-6.785,9292000.0,0.6229696
2022-03-15,09292000,42034.58,0.0,577.92,5.63,-11.81,228.1,-3.0900000000000003,9292000.0,0.61730624
2022-03-16,09292000,42200.7,0.0,517.33,1.89,-12.13,240.3,-5.12,9292000.0,0.6484547199999999
2022-03-17,09292000,42366.97,0.0,564.88,0.96,-15.15,185.1,-7.095000000000001,9292000.0,0.6201379199999999
2022-03-18,09292000,42533.38,0.0,551.42,1.63,-13.83,205.69,-6.1,9292000.0,0.61164288
2022-03-19,09292000,42699.89,0.0,553.06,2.53,-12.97,217.41,-5.220000000000001,9292000.0,0.61447456
2022-03-20,09292000,42866.49,5.45,391.41,0.34,-13.7,212.23,-6.68,9292000.0,0.6484547199999999
2022-03-21,09292000,43033.14,0.0,496.57,-1.11,-13.77,211.02,-7.439999999999999,9292000.0,0.61164288
2022-03-22,09292000,43199.82,0.0,437.65,-1.19,-11.79,247.78,-6.489999999999999,9292000.0,0.6229696
2022-03-23,09292000,43366.49,0.0,562.54,4.14,-10.96,240.06,-3.4100000000000006,9292000.0,0.6342963199999999
2022-03-24,09292000,43533.14,0.0,459.76,6.71,-4.58,405.03,1.065,9292000.0,0.69659328
2022-03-25,09292000,43699.74,0.0,507.04,9.19,-3.59,406.86,2.8,9292000.0,0.77588032
2022-03-26,09292000,43866.26,0.0,503.76,10.85,-1.74,458.54,4.555,9292000.0,0.89764256
2022-03-27,09292000,44032.67,0.0,471.03,11.1,-0.31,522.13,5.395,9292000.0,1.05055328
2022-03-28,09292000,44198.94,5.69,354.97,8.48,-2.75,479.44,2.865,9292000.0,1.09586016
2022-03-29,09292000,44365.05,9.73,288.27,2.56,-5.77,397.18,-1.6049999999999998,9292000.0,1.02506816
2022-03-30,09292000,44530.98,0.0,501.88,2.82,-8.4,304.6,-2.79,9292000.0,0.96560288
2022-03-31,09292000,44696.68,0.0,542.89,2.74,-9.54,262.1,-3.3999999999999995,9292000.0,0.92312768
2022-04-01,09292000,44862.15,0.0,621.31,3.86,-11.3,187.83,-3.7200000000000006,9292000.0,1.203464
2022-04-02,09292000,45027.33,0.0,642.19,6.66,-9.57,198.99,-1.455,9292000.0,1.41017664
2022-04-03,09292000,45192.22,0.0,620.6,6.08,-9.08,213.14,-1.5,9292000.0,1.4639785600000002
2022-04-04,09292000,45356.77,0.0,580.65,4.47,-8.99,229.85,-2.26,9292000.0,1.45548352
2022-04-05,09292000,45520.97,7.45,442.52,0.64,-12.98,206.78,-6.17,9292000.0,1.4441568
2022-04-06,09292000,45684.77,0.0,565.98,-1.68,-14.04,151.88,-7.859999999999999,9292000.0,1.32805792
2022-04-07,09292000,45848.15,0.0,592.61,3.84,-9.43,185.24,-2.795,9292000.0,1.35637472
2022-04-08,09292000,46011.08,0.0,651.76,9.16,-6.58,185.82,1.29,9292000.0,1.44982016
2022-04-09,09292000,46173.52,0.0,704.65,7.98,-10.83,127.47,-1.4249999999999998,9292000.0,1.6140576
2022-04-10,09292000,46335.44,0.0,587.14,-0.25,-13.18,151.92,-6.715,9292000.0,1.628216
2022-04-11,09292000,46496.82,9.15,371.42,-2.14,-12.23,219.45,-7.1850000000000005,9292000.0,1.56308736
2022-04-12,09292000,46657.61,0.0,559.45,-5.69,-17.26,135.33,-11.475,9292000.0,1.4384934399999998
2022-04-13,09292000,46817.79,5.27,420.24,-7.04,-18.47,141.81,-12.755,9292000.0,1.3875232
2022-04-14,09292000,46977.31,0.0,641.95,-0.42,-14.26,147.57,-7.34,9292000.0,1.45548352
2022-04-15,09292000,47136.14,4.09,337.98,1.63,-6.89,349.37,-2.63,9292000.0,1.39884992
2022-04-16,09292000,47294.25,7.95,398.2,3.66,-6.52,333.91,-1.4299999999999995,9292000.0,1.3875232
2022-04-17,09292000,47451.59,0.0,483.03,2.84,-5.94,332.11,-1.5500000000000005,9292000.0,1.37619648
2022-04-18,09292000,47608.14,0.0,657.36,7.38,-6.05,252.86,0.665,9292000.0,1.4384934399999998
2022-04-19,09292000,47763.84,0.0,720.02,9.08,-7.0,211.63,1.04,9292000.0,1.67352288
2022-04-20,09292000,47918.67,0.0,674.32,6.73,-7.24,228.48,-0.2549999999999999,9292000.0,1.8547504
2022-04-21,09292000,48072.57,0.0,623.38,7.86,-4.44,291.84,1.71,9292000.0,1.73581984
2022-04-22,09292000,48225.52,7.99,431.7,4.51,-6.3,333.02,-0.895,9292000.0,1.87740384
2022-04-23,09292000,48377.46,3.59,412.65,0.21,-9.78,282.35,-4.784999999999999,9292000.0,1.63671104
2022-04-24,09292000,48528.35,0.0,658.38,1.36,-11.41,198.87,-5.025,9292000.0,1.4639785600000002
2022-04-25,09292000,48678.16,0.0,746.17,3.62,-12.84,157.46,-4.609999999999999,9292000.0,1.35637472
2022-04-26,09292000,48826.82,0.0,731.67,6.88,-9.03,200.62,-1.0749999999999995,9292000.0,1.3875232
2022-04-27,09292000,48974.31,0.0,637.33,8.76,-3.67,319.77,2.545,9292000.0,1.78962176
2022-04-28,09292000,49120.57,0.0,589.87,7.99,-3.16,352.82,2.415,9292000.0,2.05013632
2022-04-29,09292000,49265.55,0.0,614.27,1.68,-9.97,227.83,-4.1450000000000005,9292000.0,2.32480928
2022-04-30,09292000,49409.2,0.0,736.86,4.83,-11.29,173.01,-3.2299999999999995,9292000.0,1.98783936
2022-05-01,09292000,49551.49,6.08,439.43,5.75,-5.32,363.68,0.2149999999999998,9292000.0,2.1350867200000003
2022-05-02,09292000,49692.34,0.0,527.16,5.97,-3.41,389.38,1.2799999999999998,9292000.0,2.00482944
2022-05-03,09292000,49831.73,0.0,592.62,3.01,-7.68,276.91,-2.335,9292000.0,1.97651264
2022-05-04,09292000,49969.58,0.0,606.87,3.62,-7.35,277.13,-1.865,9292000.0,1.7811267199999998
2022-05-05,09292000,50105.86,0.0,718.08,8.54,-6.01,252.69,1.2649999999999997,9292000.0,1.97084928
2022-05-06,09292000,50240.5,0.0,634.29,10.14,-1.66,370.25,4.24,9292000.0,3.4263328
2022-05-07,09292000,50373.45,0.0,541.19,8.23,-1.18,434.78,3.5250000000000004,9292000.0,5.2669248
2022-05-08,09292000,50504.67,0.0,621.08,5.67,-5.42,303.79,0.125,9292000.0,5.097024
2022-05-09,09292000,50634.08,0.0,560.08,0.25,-9.06,264.99,-4.405,9292000.0,3.9926688
2022-05-10,09292000,50761.65,0.0,739.07,5.97,-8.59,210.92,-1.31,9292000.0,3.5112832
2022-05-11,09292000,50887.3,0.0,647.65,6.82,-4.73,303.76,1.045,9292000.0,3.7095008
2022-05-12,09292000,51010.98,2.54,418.43,4.27,-5.14,385.63,-0.435,9292000.0,4.1625696
2022-05-13,09292000,51132.65,0.0,609.87,5.45,-5.0,319.45,0.2250000000000001,9292000.0,3.9077184
2022-05-14,09292000,51252.23,0.0,623.16,9.43,-1.37,386.73,4.029999999999999,9292000.0,4.95544
2022-05-15,09292000,51369.66,0.0,669.02,12.98,0.75,405.03,6.865,9292000.0,7.7588032
2022-05-16,09292000,51484.91,0.0,706.63,14.82,1.18,387.82,8.0,9292000.0,10.477216
2022-05-17,09292000,51597.89,0.0,665.0,12.59,0.25,393.63,6.42,9292000.0,10.6754336
2022-05-18,09292000,51708.56,0.0,676.19,12.31,-0.36,372.94,5.9750000000000005,9292000.0,12.5443424
2022-05-19,09292000,51816.85,0.0,755.89,10.97,-4.64,254.11,3.1650000000000005,9292000.0,13.0823616
2022-05-20,09292000,51922.71,0.0,664.51,1.76,-10.2,215.85,-4.22,9292000.0,10.5621664
2022-05-21,09292000,52026.08,0.0,658.9,0.72,-11.0,207.37,-5.14,9292000.0,6.6827648
2022-05-22,09292000,52126.9,0.0,699.16,4.61,-8.47,226.08,-1.93,9292000.0,5.2669248
2022-05-23,09292000,52225.11,0.0,681.99,5.88,-6.74,250.31,-0.4300000000000001,9292000.0,4.6156384
2022-05-24,09292000,52320.66,0.0,532.48,4.71,-4.13,360.85,0.29,9292000.0,4.5873216
2022-05-25,09292000,52413.49,0.0,709.5,9.99,-3.38,267.98,3.305,9292000.0,4.4457376
2022-05-26,09292000,52503.54,0.0,724.14,14.53,0.51,319.53,7.52,9292000.0,6.1447456
2022-05-27,09292000,52590.76,0.0,614.33,14.6,3.88,472.23,9.24,9292000.0,7.6172192
2022-05-28,09292000,52675.09,0.0,641.86,11.13,-0.21,358.94,5.46,9292000.0,7.5322688
2022-05-29,09292000,52756.48,11.53,490.34,6.24,-5.51,319.48,0.3650000000000002,9292000.0,5.7766272
2022-05-30,09292000,52834.87,0.0,588.28,3.77,-5.97,303.2,-1.1,9292000.0,4.7572224
2022-05-31,09292000,52910.23,5.46,437.83,3.51,-6.17,349.5,-1.33,9292000.0,4.2758368
2022-06-01,09292000,52982.49,0.0,744.15,8.12,-6.32,241.18,0.8999999999999995,9292000.0,3.7944512
2022-06-02,09292000,53051.6,0.0,756.05,12.65,-2.67,287.54,4.99,9292000.0,4.0493024
2022-06-03,09292000,53117.53,0.0,701.96,13.98,0.66,352.25,7.32,9292000.0,4.813856
2022-06-04,09292000,53180.22,0.0,690.87,14.35,1.49,319.11,7.92,9292000.0,5.2952416
2022-06-05,09292000,53239.63,0.0,598.2,12.16,1.91,362.45,7.035,9292000.0,5.238608
2022-06-06,09292000,53295.72,0.0,589.11,12.18,2.1,372.38,7.14,9292000.0,5.5784096
2022-06-07,09292000,53348.45,0.0,675.94,13.07,0.65,284.55,6.86,9292000.0,6.0314784
2022-06-08,09292000,53397.78,0.0,729.75,16.1,1.48,257.08,8.790000000000001,9292000.0,5.6916768
2022-06-09,09292000,53443.68,0.0,686.9,17.8,4.67,336.22,11.235,9292000.0,5.8615776
2022-06-10,09292000,53486.11,0.0,685.07,19.76,6.48,368.86,13.12,9292000.0,6.512864
2022-06-11,09292000,53525.04,0.0,682.9,20.01,6.58,371.18,13.295000000000002,9292000.0,6.937616
2022-06-12,09292000,53560.44,0.0,662.05,19.95,7.04,399.29,13.495,9292000.0,6.8243488
2022-06-13,09292000,53592.28,0.0,754.13,14.26,-2.46,192.68,5.9,9292000.0,6.0031616
2022-06-14,09292000,53620.55,0.0,668.36,8.83,-4.21,221.76,2.31,9292000.0,4.5873216
2022-06-15,09292000,53645.21,0.0,693.19,12.99,-1.05,243.81,5.97,9292000.0,3.7661344
2022-06-16,09292000,53666.26,0.0,726.96,17.15,1.39,249.84,9.27,9292000.0,3.4829664
2022-06-17,09292000,53683.67,0.0,617.66,17.18,5.23,401.17,11.205,9292000.0,3.4263328
2022-06-18,09292000,53697.43,7.63,442.19,15.3,4.0,523.31,9.65,9292000.0,3.398016
2022-06-19,09292000,53707.54,37.16,377.69,8.78,-0.24,474.03,4.27,9292000.0,6.9092992
2022-06-20,09292000,53713.97,0.0,551.49,7.07,-2.9,389.72,2.085,9292000.0,6.2580128
2022-06-21,09292000,53716.74,0.0,698.56,11.89,-2.7,315.31,4.595000000000001,9292000.0,5.8332608
2022-06-22,09292000,53715.83,0.0,723.89,16.6,0.45,358.07,8.525,9292000.0,5.4651424
2022-06-23,09292000,53711.24,9.05,496.98,16.0,1.84,530.04,8.92,9292000.0,4.6156384
2022-06-24,09292000,53702.99,4.51,453.01,14.19,2.04,596.35,8.115,9292000.0,5.2102912
2022-06-25,09292000,53691.07,0.0,646.83,15.5,2.16,486.95,8.83,9292000.0,4.530688
2022-06-26,09292000,53675.5,0.0,655.62,16.96,3.07,506.15,10.015,9292000.0,3.9926688
2022-06-27,09292000,53656.28,0.0,664.52,17.93,3.5,494.99,10.715,9292000.0,3.7095008
2022-06-28,09292000,53633.44,4.2,493.71,18.6,3.85,593.38,11.225,9292000.0,3.4263328
2022-06-29,09292000,53606.99,13.09,452.97,17.41,4.49,672.29,10.95,9292000.0,3.9926688
2022-06-30,09292000,53576.95,24.07,418.97,15.14,3.57,698.8,9.355,9292000.0,5.9748448
2022-07-01,09292000,53543.34,5.72,449.42,16.45,3.5,715.48,9.975,9292000.0,11.6665216
2022-07-02,09292000,53506.18,5.81,445.6,16.9,4.07,755.21,10.485,9292000.0,7.928704
2022-07-03,09292000,53465.52,3.81,415.23,16.25,4.67,821.34,10.46,9292000.0,6.6261312
2022-07-04,09292000,53421.36,0.0,541.48,17.4,6.27,822.07,11.835,9292000.0,6.088112
2022-07-05,09292000,53373.76,0.0,566.98,18.06,6.09,774.86,12.075,9292000.0,4.8421728
2022-07-06,09292000,53322.74,0.0,596.59,17.85,4.83,693.58,11.34,9292000.0,4.3607872
2022-07-07,09292000,53268.34,0.0,576.63,17.64,5.19,725.38,11.415,9292000.0,4.105936
2022-07-08,09292000,53210.6,0.0,612.61,19.34,5.51,709.33,12.425,9292000.0,3.6245504
2022-07-09,09292000,53149.56,0.0,605.7,20.71,6.88,776.4,13.795,9292000.0,3.256432
2022-07-10,09292000,53085.26,0.0,603.83,21.03,7.12,789.33,14.075,9292000.0,3.0015808
2022-07-11,09292000,53017.74,0.0,621.3,20.91,6.24,709.36,13.575,9292000.0,2.83168
2022-07-12,09292000,52947.06,0.0,603.47,20.36,6.29,728.21,13.325,9292000.0,2.68443264
2022-07-13,09292000,52873.26,3.88,405.53,19.39,7.28,940.29,13.335,9292000.0,2.68160096
2022-07-14,09292000,52796.4,0.0,553.1,20.09,7.74,843.18,13.915,9292000.0,2.8175216
2022-07-15,09292000,52716.51,6.01,339.68,16.39,6.89,990.59,11.64,9292000.0,3.114848
2022-07-16,09292000,52633.66,0.0,560.44,18.16,5.79,729.84,11.975,9292000.0,3.3130656
2022-07-17,09292000,52547.89,0.0,590.4,20.42,6.67,739.8,13.545000000000002,9292000.0,2.76655136
2022-07-18,09292000,52459.26,0.0,566.51,21.22,8.11,831.73,14.665,9292000.0,2.44373984
2022-07-19,09292000,52367.82,0.0,517.81,19.56,7.97,876.9,13.765,9292000.0,2.28799744
2022-07-20,09292000,52273.64,0.0,553.1,19.86,6.96,789.85,13.41,9292000.0,2.2228688
2022-07-21,09292000,52176.77,0.0,564.46,19.72,6.37,751.79,13.045,9292000.0,2.09261152
2022-07-22,09292000,52077.25,0.0,585.71,21.39,7.06,738.77,14.225,9292000.0,1.97934432
2022-07-23,09292000,51975.16,0.0,512.14,18.56,6.99,801.71,12.775,9292000.0,2.0784531200000003
2022-07-24,09292000,51870.55,9.28,309.0,14.4,5.61,909.78,10.005,9292000.0,2.4352448
2022-07-25,09292000,51763.48,0.0,560.99,17.28,4.05,652.86,10.665,9292000.0,2.48055168
2022-07-26,09292000,51654.0,0.0,591.02,20.04,5.23,673.43,12.635,9292000.0,2.08411648
2022-07-27,09292000,51542.18,0.0,520.22,20.95,6.45,783.97,13.7,9292000.0,1.89156224
2022-07-28,09292000,51428.07,9.23,377.44,19.21,5.31,847.0,12.26,9292000.0,1.97934432
2022-07-29,09292000,51311.73,0.0,464.91,16.69,4.78,779.28,10.735,9292000.0,2.50320512
2022-07-30,09292000,51193.22,9.67,351.43,17.43,5.06,875.47,11.245,9292000.0,2.55417536
2022-07-31,09292000,51072.6,0.0,461.12,18.08,6.16,862.06,12.12,9292000.0,2.28799744
2022-08-01,09292000,50949.93,4.7,333.36,18.41,6.88,993.22,12.645,9292000.0,2.18888864
2022-08-02,09292000,50825.26,3.64,304.09,16.79,6.71,981.49,11.75,9292000.0,2.619304
2022-08-03,09292000,50698.66,0.0,446.15,17.51,6.13,893.13,11.82,9292000.0,2.28799744
2022-08-04,09292000,50570.17,0.0,504.21,20.1,6.13,839.36,13.115,9292000.0,2.0388096
2022-08-05,09292000,50439.86,8.4,314.33,17.77,7.11,1009.06,12.44,9292000.0,2.07278976
2022-08-06,09292000,50307.77,0.0,398.12,17.01,7.2,1015.02,12.105,9292000.0,2.50886848
2022-08-07,09292000,50173.97,0.0,467.75,17.12,5.0,831.25,11.06,9292000.0,2.08977984
2022-08-08,09292000,50038.52,0.0,503.39,18.78,4.98,800.9,11.88,9292000.0,1.91704736
2022-08-09,09292000,49901.45,0.0,541.03,21.12,4.89,763.39,13.005,9292000.0,1.7839584
2022-08-10,09292000,49762.83,0.0,472.52,20.25,7.55,972.82,13.9,9292000.0,1.699008
2022-08-11,09292000,49622.71,0.0,466.06,19.65,7.28,959.06,13.465,9292000.0,1.6565328
2022-08-12,09292000,49481.14,6.55,331.24,18.91,7.32,1023.66,13.115,9292000.0,1.58857248
2022-08-13,09292000,49338.17,10.56,304.81,17.15,6.95,997.77,12.05,9292000.0,1.57724576
2022-08-14,09292000,49193.85,17.94,225.84,13.66,6.65,977.4,10.155,9292000.0,3.7095008
2022-08-15,09292000,49048.23,0.0,382.07,15.16,5.98,933.16,10.57,9292000.0,3.822768
2022-08-16,09292000,48901.36,0.0,430.08,16.63,5.86,925.9,11.245,9292000.0,2.9166304
2022-08-17,09292000,48753.29,0.0,474.26,18.22,5.62,910.19,11.92,9292000.0,2.52869024
2022-08-18,09292000,48604.05,0.0,461.79,18.64,6.45,964.55,12.545,9292000.0,2.32480928
2022-08-19,09292000,48453.7,8.67,336.5,16.62,5.01,872.47,10.815,9292000.0,2.33896768
2022-08-20,09292000,48302.28,4.99,275.47,12.66,4.01,813.59,8.335,9292000.0,2.76655136
2022-08-21,09292000,48149.84,4.27,311.82,13.34,3.25,771.2,8.295,9292000.0,2.48055168
2022-08-22,09292000,47996.41,0.0,426.13,14.8,4.35,833.49,9.575,9292000.0,2.51736352
2022-08-23,09292000,47842.04,0.0,478.4,17.54,4.69,853.2,11.115,9292000.0,2.26251232
2022-08-24,09292000,47686.78,0.0,476.55,18.45,5.5,902.89,11.975,9292000.0,2.06429472
2022-08-25,09292000,47530.65,2.52,340.22,17.23,5.29,890.0,11.26,9292000.0,2.01615616
2022-08-26,09292000,47373.71,0.0,441.75,16.13,4.9,866.05,10.515,9292000.0,1.95952256
2022-08-27,09292000,47215.98,0.0,499.96,18.43,4.28,829.12,11.355,9292000.0,1.89439392
2022-08-28,09292000,47057.51,0.0,452.25,16.76,4.92,867.32,10.84,9292000.0,2.6759376
2022-08-29,09292000,46898.33,0.0,474.11,17.8,4.83,861.52,11.315,9292000.0,2.37577952
2022-08-30,09292000,46738.48,0.0,487.03,19.36,5.41,897.24,12.385,9292000.0,1.73015648
2022-08-31,09292000,46577.99,0.0,468.02,19.97,6.78,986.48,13.375,9292000.0,1.45548352
2022-09-01,09292000,46416.91,0.0,472.07,20.66,6.94,997.58,13.8,9292000.0,1.5291072
2022-09-02,09292000,46255.26,0.0,469.81,20.52,6.78,986.11,13.65,9292000.0,2.15490848
2022-09-03,09292000,46093.07,0.0,483.22,21.53,6.78,986.49,14.155,9292000.0,2.08977984
2022-09-04,09292000,45930.38,0.0,469.35,21.99,7.69,1049.64,14.84,9292000.0,1.85191872
2022-09-05,09292000,45767.23,0.0,455.38,21.53,7.83,1059.95,14.68,9292000.0,1.7414832
2022-09-06,09292000,45603.64,0.0,433.3,21.89,9.1,1155.63,15.495,9292000.0,1.64520608
2022-09-07,09292000,45439.64,0.0,455.22,22.41,8.37,1099.87,15.39,9292000.0,1.49795872
2022-09-08,09292000,45275.26,0.0,456.11,20.28,6.41,961.81,13.345,9292000.0,1.52061216
2022-09-09,09292000,45110.54,0.0,480.88,17.37,2.23,717.26,9.8,9292000.0,1.4838003199999998
2022-09-10,09292000,44945.5,0.0,477.96,15.17,0.25,622.11,7.71,9292000.0,1.5007904
2022-09-11,09292000,44780.17,0.0,477.61,16.71,1.37,674.46,9.04,9292000.0,1.54609728
2022-09-12,09292000,44614.58,0.0,474.38,17.76,2.13,711.92,9.945,9292000.0,1.52061216
2022-09-13,09292000,44448.77,18.43,245.1,11.55,2.62,737.52,7.085000000000001,9292000.0,1.80378016
2022-09-14,09292000,44282.75,17.76,147.65,7.76,2.74,743.43,5.25,9292000.0,3.3696992
2022-09-15,09292000,44116.55,5.06,230.15,9.76,1.56,683.34,5.66,9292000.0,2.9166304
2022-09-16,09292000,43950.2,6.57,283.16,10.31,-0.34,595.6,4.985,9292000.0,2.5626704
2022-09-17,09292000,43783.74,3.49,232.8,7.96,-0.28,598.34,3.84,9292000.0,2.3927696
2022-09-18,09292000,43617.18,0.0,363.78,11.12,1.02,657.45,6.069999999999999,9292000.0,2.48055168
2022-09-19,09292000,43450.55,0.0,395.48,14.26,2.53,732.51,8.395,9292000.0,2.06429472
2022-09-20,09292000,43283.89,0.0,386.21,14.51,3.02,758.86,8.765,9292000.0,1.90288896
2022-09-21,09292000,43117.21,20.42,228.7,10.96,2.54,733.24,6.75,9292000.0,2.12942336
2022-09-22,09292000,42950.54,10.03,234.16,9.95,1.36,673.6,5.654999999999999,9292000.0,4.4740544
2022-09-23,09292000,42783.91,0.0,409.72,11.73,-0.8,576.15,5.465,9292000.0,3.4829664
2022-09-24,09292000,42617.35,0.0,431.94,13.04,-0.99,567.99,6.025,9292000.0,2.973264
2022-09-25,09292000,42450.89,0.0,410.78,13.86,0.75,644.87,7.305,9292000.0,2.67876928
2022-09-26,09292000,42284.54,0.0,405.46,15.16,2.07,709.18,8.615,9292000.0,2.49754176
2022-09-27,09292000,42118.34,0.0,400.13,14.87,1.94,702.36,8.405,9292000.0,2.33896768
2022-09-28,09292000,41952.32,0.0,343.13,13.55,3.26,771.5,8.405000000000001,9292000.0,2.22003712
2022-09-29,09292000,41786.5,12.62,239.85,11.47,2.11,711.22,6.79,9292000.0,2.32480928
2022-09-30,09292000,41620.92,14.52,263.47,9.2,-1.3,555.3,3.95,9292000.0,3.8510848
2022-10-01,09292000,41455.59,0.0,321.24,7.24,-1.92,530.47,2.66,9292000.0,3.114848
2022-10-02,09292000,41290.54,3.51,215.39,8.65,0.6,637.8,4.625,9292000.0,2.83168
2022-10-03,09292000,41125.82,0.0,355.96,10.27,-0.35,595.27,4.96,9292000.0,2.68443264
2022-10-04,09292000,40961.44,0.0,369.49,10.01,-1.23,558.01,4.39,9292000.0,2.4607299200000003
2022-10-05,09292000,40797.44,0.0,376.75,10.18,-1.49,547.67,4.345,9292000.0,2.29932416
2022-10-06,09292000,40633.84,0.0,397.63,11.46,-1.61,542.98,4.925000000000001,9292000.0,2.1803936
2022-10-07,09292000,40470.68,0.0,381.9,11.92,-0.42,592.1,5.75,9292000.0,2.06995808
2022-10-08,09292000,40307.99,0.0,374.86,11.52,-0.5,588.64,5.51,9292000.0,1.9963344
2022-10-09,09292000,40145.81,0.0,354.29,10.33,-0.59,585.2,4.87,9292000.0,1.93120576
2022-10-10,09292000,39984.15,0.0,367.85,10.59,-1.06,565.07,4.765,9292000.0,1.8547504
2022-10-11,09292000,39823.06,0.0,318.16,9.21,-0.1,606.49,4.555000000000001,9292000.0,1.7698
2022-10-12,09292000,39662.57,0.0,369.77,11.99,0.08,614.06,6.035,9292000.0,1.6650278399999998
2022-10-13,09292000,39502.72,0.0,372.98,11.65,-0.69,580.84,5.48,9292000.0,1.5942358399999998
2022-10-14,09292000,39343.54,0.0,378.21,12.52,-0.77,577.15,5.875,9292000.0,1.53760224
2022-10-15,09292000,39185.06,0.0,361.03,10.61,-1.72,538.23,4.444999999999999,9292000.0,1.49229536
2022-10-16,09292000,39027.33,0.0,371.18,9.49,-3.68,465.27,2.905,9292000.0,1.4639785600000002
2022-10-17,09292000,38870.38,0.0,347.04,10.28,-1.73,538.15,4.275,9292000.0,1.42433504
2022-10-18,09292000,38714.24,0.0,363.13,11.76,-1.73,537.85,5.015,9292000.0,1.3875232
2022-10-19,09292000,38558.97,0.0,350.38,12.61,-0.32,596.81,6.145,9292000.0,1.3592064
2022-10-20,09292000,38404.6,0.0,354.67,12.61,-0.87,573.2,5.87,9292000.0,1.32239456
2022-10-21,09292000,38251.17,0.0,301.0,9.83,-0.57,585.65,4.63,9292000.0,1.29407776
2022-10-22,09292000,38098.72,11.25,206.08,3.92,-5.29,412.01,-0.685,9292000.0,1.3648697600000002
2022-10-23,09292000,37947.29,5.89,212.49,-3.48,-11.67,250.24,-7.575,9292000.0,1.42716672
2022-10-24,09292000,37796.93,3.44,250.85,-0.54,-10.76,269.12,-5.65,9292000.0,1.26292928
2022-10-25,09292000,37647.69,0.0,335.31,1.7,-8.57,319.91,-3.435,9292000.0,1.33372128
2022-10-26,09292000,37499.61,3.47,272.93,-0.45,-12.31,237.65,-6.38,9292000.0,1.29690944
2022-10-27,09292000,37352.73,0.0,383.04,0.5,-12.58,232.45,-6.04,9292000.0,1.2176224
2022-10-28,09292000,37207.1,0.0,427.5,7.75,-11.13,261.21,-1.6900000000000004,9292000.0,1.17797888
2022-10-29,09292000,37062.77,0.0,330.55,5.0,-5.94,392.28,-0.4700000000000002,9292000.0,1.21479072
2022-10-30,09292000,36919.79,0.0,320.54,4.99,-5.63,401.41,-0.3199999999999998,9292000.0,1.18364224
2022-10-31,09292000,36778.21,0.0,343.26,7.18,-4.99,421.64,1.0949999999999998,9292000.0,1.1411670399999998
2022-11-01,09292000,36638.08,0.0,251.03,3.41,-4.55,435.84,-0.5699999999999998,9292000.0,1.15815712
2022-11-02,09292000,36499.45,15.91,131.83,-1.93,-7.16,357.16,-4.545,9292000.0,1.11285024
2022-11-03,09292000,36362.38,0.0,365.67,-3.54,-16.92,162.52,-10.23,9292000.0,1.14399872
2022-11-04,09292000,36226.91,3.66,297.01,0.09,-17.29,157.53,-8.6,9292000.0,1.05338496
2022-11-05,09292000,36093.1,5.32,231.64,2.49,-8.2,329.47,-2.8549999999999995,9292000.0,1.2176224
2022-11-06,09292000,35961.0,4.72,134.51,-2.32,-7.78,340.32,-5.05,9292000.0,1.1609888
2022-11-07,09292000,35830.68,2.61,72.12,-0.14,-2.84,495.41,-1.49,9292000.0,1.15815712
2022-11-08,09292000,35702.18,0.0,75.18,-1.0,-2.92,492.64,-1.96,9292000.0,1.12700864
2022-11-09,09292000,35575.56,9.35,267.5,-1.72,-15.08,189.4,-8.4,9292000.0,1.11285024
2022-11-10,09292000,35450.88,0.0,362.6,-6.36,-20.22,122.5,-13.29,9292000.0,0.991088
2022-11-11,09292000,35328.19,0.0,389.34,-1.9,-19.8,127.02,-10.85,9292000.0,0.86932576
2022-11-12,09292000,35207.56,0.0,363.99,0.51,-14.64,196.45,-7.065,9292000.0,1.13833536
2022-11-13,09292000,35089.04,0.0,364.99,-0.36,-16.12,173.72,-8.24,9292000.0,1.19213728
2022-11-14,09292000,34972.69,0.0,358.05,-3.13,-18.41,143.17,-10.77,9292000.0,1.0420582399999998
2022-11-15,09292000,34858.56,0.0,338.74,-6.95,-20.57,118.88,-13.76,9292000.0,0.89481088
2022-11-16,09292000,34746.73,0.0,338.59,-1.75,-15.78,178.69,-8.765,9292000.0,1.0420582399999998
2022-11-17,09292000,34637.23,0.0,313.79,-1.92,-14.2,203.74,-8.059999999999999,9292000.0,1.1468304
2022-11-18,09292000,34530.14,0.0,310.55,-5.37,-17.55,154.03,-11.46,9292000.0,1.05621664
2022-11-19,09292000,34425.52,2.9,263.3,0.53,-16.25,171.89,-7.86,9292000.0,0.92595936
2022-11-20,09292000,34323.41,0.0,348.73,4.66,-12.32,237.38,-3.83,9292000.0,0.94011776
2022-11-21,09292000,34223.88,0.0,337.5,5.25,-10.87,266.76,-2.81,9292000.0,1.05338496
2022-11-22,09292000,34126.99,0.0,326.98,4.64,-10.82,267.91,-3.0900000000000003,9292000.0,1.02223648
2022-11-23,09292000,34032.78,5.75,164.58,-3.07,-11.46,254.45,-7.265000000000001,9292000.0,0.97976128
2022-11-24,09292000,33941.33,0.0,311.72,1.12,-13.15,222.03,-6.015000000000001,9292000.0,0.9486128
2022-11-25,09292000,33852.69,0.0,317.56,7.89,-7.65,343.84,0.1199999999999996,9292000.0,0.98825632
2022-11-26,09292000,33766.9,0.0,297.71,1.11,-12.44,235.26,-5.665,9292000.0,0.91463264
2022-11-27,09292000,33684.02,0.0,315.53,-0.44,-15.58,181.8,-8.01,9292000.0,0.9486128
2022-11-28,09292000,33604.12,5.8,194.69,-5.4,-16.32,170.91,-10.86,9292000.0,0.88914752
2022-11-29,09292000,33527.23,0.0,283.73,-8.1,-20.55,119.11,-14.325,9292000.0,0.85799904
2022-11-30,09292000,33453.41,0.0,268.22,-0.67,-12.34,237.04,-6.505,9292000.0,0.88631584
2022-12-01,09292000,33382.71,10.25,165.11,-2.84,-11.84,246.84,-7.34,9292000.0,0.95427616
2022-12-02,09292000,33315.18,9.22,226.19,-5.71,-20.28,121.88,-12.995,9292000.0,0.96560288
2022-12-03,09292000,33250.86,8.08,225.13,-0.61,-15.25,186.87,-7.93,9292000.0,0.98542464
2022-12-04,09292000,33189.79,0.0,102.48,-0.21,-4.07,451.82,-2.14,9292000.0,1.0194048
2022-12-05,09292000,33132.03,0.0,266.95,-2.61,-14.23,203.22,-8.42,9292000.0,1.04488992
2022-12-06,09292000,33077.61,0.0,296.91,-3.86,-18.09,147.11,-10.975,9292000.0,1.09302848
2022-12-07,09292000,33026.56,6.04,229.15,-2.94,-18.74,139.24,-10.84,9292000.0,1.08453344
2022-12-08,09292000,32978.94,0.0,301.27,-2.64,-18.34,144.04,-10.49,9292000.0,1.12700864
2022-12-09,09292000,32934.76,0.0,237.65,-6.59,-17.35,156.64,-11.97,9292000.0,1.18364224
2022-12-10,09292000,32894.07,3.22,214.08,-1.73,-16.25,171.89,-8.99,9292000.0,1.18081056
2022-12-11,09292000,32856.9,12.64,102.37,-5.4,-10.99,264.3,-8.195,9292000.0,1.18364224
2022-12-12,09292000,32823.26,6.59,176.13,-5.89,-16.1,174.08,-10.995,9292000.0,1.1751472
2022-12-13,09292000,32793.2,0.0,193.19,-7.27,-15.14,188.47,-11.205,9292000.0,1.1694838399999998
2022-12-14,09292000,32766.72,0.0,263.16,-5.34,-17.0,161.37,-11.17,9292000.0,1.19780064
2022-12-15,09292000,32743.86,0.0,264.67,-10.45,-22.11,103.87,-16.28,9292000.0,1.17797888
2022-12-16,09292000,32724.62,0.0,305.88,-8.38,-23.59,91.06,-15.985,9292000.0,1.1609888
2022-12-17,09292000,32709.02,0.0,309.31,-1.14,-17.15,159.32,-9.145,9292000.0,1.13833536
2022-12-18,09292000,32697.08,0.0,309.94,-0.23,-16.54,167.69,-8.385,9292000.0,1.21195904
2022-12-19,09292000,32688.8,0.0,271.57,-3.16,-15.66,180.49,-9.41,9292000.0,1.25443424
2022-12-20,09292000,32684.19,0.0,242.24,-2.25,-12.68,230.65,-7.465,9292000.0,1.31389952
2022-12-21,09292000,32683.26,13.54,138.87,-5.31,-12.57,232.63,-8.94,9292000.0,1.33655296
2022-12-22,09292000,32686.0,0.0,268.91,-5.52,-17.03,160.93,-11.275,9292000.0,1.3393846399999998
2022-12-23,09292000,32692.41,3.9,206.43,0.47,-11.81,247.34,-5.67,9292000.0,1.3648697600000002
2022-12-24,09292000,32702.49,0.0,174.34,-0.22,-6.89,364.46,-3.555,9292000.0,1.39035488
2022-12-25,09292000,32716.23,0.0,196.3,2.26,-5.25,413.31,-1.495,9292000.0,1.39601824
2022-12-26,09292000,32733.61,0.0,265.69,5.75,-5.39,409.04,0.1800000000000001,9292000.0,1.2855827199999998
2022-12-27,09292000,32754.64,13.34,122.79,0.22,-5.7,399.34,-2.74,9292000.0,1.12984032
2022-12-28,09292000,32779.28,0.0,273.66,-3.97,-14.95,191.53,-9.46,9292000.0,1.12700864
2022-12-29,09292000,32807.52,0.0,306.05,-6.6,-19.78,127.27,-13.19,9292000.0,1.0675433600000002
2022-12-30,09292000,32839.34,7.85,186.56,-2.96,-12.42,235.55,-7.689999999999999,9292000.0,1.12700864
2022-12-31,09292000,32874.72,19.53,113.22,0.04,-5.22,414.24,-2.59,9292000.0,1.1468304
2023-01-01,09292000,32913.8,28.91,49.98,-2.46,-4.84,426.35,-3.65,9292000.0,1.22045408
2023-01-02,09292000,32956.22,16.15,162.29,-3.44,-12.46,234.86,-7.95,9292000.0,1.34221632
2023-01-03,09292000,33002.11,0.0,292.27,-5.09,-18.85,137.93,-11.97,9292000.0,1.31389952
2023-01-04,09292000,33051.44,0.0,300.99,-3.27,-17.78,151.11,-10.525,9292000.0,1.23744416
2023-01-05,09292000,33104.16,6.56,155.78,-1.96,-10.38,277.4,-6.17,9292000.0,1.28275104
2023-01-06,09292000,33160.24,0.0,254.58,-1.43,-12.24,239.07,-6.835,9292000.0,1.2402758399999998
2023-01-07,09292000,33219.65,0.0,330.58,-0.17,-17.8,150.87,-8.985000000000001,9292000.0,1.2317808
2023-01-08,09292000,33282.33,0.0,300.21,-0.25,-14.2,203.78,-7.225,9292000.0,1.2176224
2023-01-09,09292000,33348.25,13.35,188.31,-3.5,-13.81,210.4,-8.655000000000001,9292000.0,1.2176224
2023-01-10,09292000,33417.36,26.88,159.06,1.14,-7.02,360.9,-2.94,9292000.0,1.2317808
2023-01-11,09292000,33489.61,0.0,322.42,-4.29,-18.73,139.35,-11.51,9292000.0,1.19496896
2023-01-12,09292000,33564.96,0.0,372.66,4.45,-18.82,138.24,-7.1850000000000005,9292000.0,1.24310752
2023-01-13,09292000,33643.35,0.0,313.77,5.93,-7.91,336.75,-0.9900000000000002,9292000.0,1.28275104
2023-01-14,09292000,33724.73,5.26,140.0,-0.99,-7.81,339.52,-4.4,9292000.0,1.15249376
2023-01-15,09292000,33809.06,6.99,257.18,-2.03,-17.83,150.46,-9.93,9292000.0,1.16382048
2023-01-16,09292000,33896.27,7.22,224.29,-6.04,-17.87,149.88,-11.955,9292000.0,1.1694838399999998
2023-01-17,09292000,33986.31,0.0,299.47,-1.43,-13.11,222.73,-7.27,9292000.0,1.15249376
2023-01-18,09292000,34079.13,0.0,349.51,-5.74,-20.78,116.66,-13.260000000000002,9292000.0,1.17231552
2023-01-19,09292000,34174.68,0.0,340.24,-5.8,-19.84,126.61,-12.82,9292000.0,1.0703750399999998
2023-01-20,09292000,34272.88,0.0,349.35,-4.43,-19.07,135.37,-11.75,9292000.0,0.97126624
2023-01-21,09292000,34373.7,0.0,314.4,-2.6,-14.61,196.99,-8.605,9292000.0,0.9486128
2023-01-22,09292000,34477.06,0.0,325.27,-3.82,-16.33,170.71,-10.075,9292000.0,0.92312768
2023-01-23,09292000,34582.92,0.0,354.74,-0.89,-15.33,185.57,-8.11,9292000.0,0.90896928
2023-01-24,09292000,34691.2,0.0,204.25,-6.77,-13.51,215.59,-10.14,9292000.0,0.88348416
2023-01-25,09292000,34801.87,3.95,206.93,-8.81,-18.31,144.44,-13.56,9292000.0,0.8636623999999999
2023-01-26,09292000,34914.85,0.0,380.31,-2.54,-18.39,143.46,-10.465,9292000.0,0.83817728
2023-01-27,09292000,35030.08,3.53,216.63,-2.67,-12.62,231.79,-7.645,9292000.0,0.82685056
2023-01-28,09292000,35147.52,0.0,329.15,-6.35,-18.0,148.3,-12.175,9292000.0,0.8211872
2023-01-29,09292000,35267.09,4.36,238.46,-6.47,-17.43,155.67,-11.95,9292000.0,0.81269216
2023-01-30,09292000,35388.75,0.0,415.37,-7.68,-25.57,76.14,-16.625,9292000.0,0.7928704
2023-01-31,09292000,35512.43,0.0,430.38,-4.08,-24.88,81.05,-14.48,9292000.0,0.7560585599999999
2023-02-01,09292000,35638.08,0.0,390.1,-0.88,-16.62,166.56,-8.75,9292000.0,0.7192467199999999
2023-02-02,09292000,35765.64,0.0,398.86,2.64,-13.74,211.55,-5.55,9292000.0,0.6682764800000001
2023-02-03,09292000,35895.05,0.0,419.6,4.21,-14.21,203.57,-5.0,9292000.0,0.60597952
2023-02-04,09292000,36026.26,0.0,344.42,2.26,-10.24,280.47,-3.99,9292000.0,0.57766272
2023-02-05,09292000,36159.21,0.0,309.32,-1.7,-12.26,238.64,-6.98,9292000.0,0.566336
2023-02-06,09292000,36293.85,0.0,295.83,-5.22,-14.85,193.07,-10.035,9292000.0,0.49837568
2023-02-07,09292000,36430.12,0.0,424.48,-0.2,-17.24,158.1,-8.719999999999999,9292000.0,0.45590048
2023-02-08,09292000,36567.97,0.0,390.67,-1.69,-15.95,176.23,-8.82,9292000.0,0.4813855999999999
2023-02-09,09292000,36707.35,0.0,419.07,-4.42,-20.67,117.87,-12.545000000000002,9292000.0,0.48988064
2023-02-10,09292000,36848.2,0.0,450.76,5.85,-13.92,208.5,-4.035,9292000.0,0.50403904
2023-02-11,09292000,36990.48,0.0,404.19,2.6,-12.1,241.64,-4.75,9292000.0,0.53235584
2023-02-12,09292000,37134.14,0.0,442.97,4.04,-13.58,214.28,-4.77,9292000.0,0.57199936
2023-02-13,09292000,37279.12,0.0,446.65,3.7,-14.34,201.35,-5.32,9292000.0,0.6201379199999999
2023-02-14,09292000,37425.37,0.0,317.27,-7.45,-17.49,154.82,-12.47,9292000.0,0.6654448
2023-02-15,09292000,37572.85,0.0,329.23,-12.28,-22.57,99.66,-17.425,9292000.0,0.67110816
2023-02-16,09292000,37721.52,0.0,471.02,-2.34,-21.25,112.01,-11.795,9292000.0,0.70225664
2023-02-17,09292000,37871.32,0.0,468.99,2.09,-16.55,167.66,-7.23,9292000.0,0.7334051199999999
2023-02-18,09292000,38022.21,0.0,434.56,1.58,-14.06,206.09,-6.24,9292000.0,0.75322688
2023-02-19,09292000,38174.15,0.0,376.0,0.18,-11.98,244.02,-5.9,9292000.0,0.849504
2023-02-20,09292000,38327.09,0.0,409.9,3.59,-10.19,281.56,-3.3,9292000.0,0.88348416
2023-02-21,09292000,38481.0,15.89,144.7,-1.86,-7.3,353.2,-4.58,9292000.0,0.90330592
2023-02-22,09292000,38635.82,8.9,373.25,-6.46,-25.02,80.0,-15.74,9292000.0,0.88348416
2023-02-23,09292000,38791.52,4.69,295.74,-12.11,-24.15,86.6,-18.13,9292000.0,0.849504
2023-02-24,09292000,38948.06,2.85,256.59,-7.2,-17.15,159.4,-12.175,9292000.0,0.85233568
2023-02-25,09292000,39105.41,2.88,348.79,1.3,-14.09,205.6,-6.395,9292000.0,0.8410089599999999
2023-02-26,09292000,39263.51,0.0,407.4,0.78,-11.51,253.5,-5.365,9292000.0,0.82968224
2023-02-27,09292000,39422.34,9.45,230.41,-6.28,-14.7,195.52,-10.49,9292000.0,0.8211872
2023-02-28,09292000,39581.86,5.67,313.1,-7.77,-19.89,126.03,-13.83,9292000.0,0.84384064
2023-03-01,09292000,39742.04,4.72,378.79,-3.24,-19.52,130.19,-11.38,9292000.0,0.8806524800000001
2023-03-02,09292000,39902.83,0.0,565.81,-0.34,-21.19,112.61,-10.765,9292000.0,0.88914752
2023-03-03,09292000,40064.2,0.0,559.26,-3.52,-23.06,95.45,-13.29,9292000.0,0.90047424
2023-03-04,09292000,40226.13,7.65,398.26,-6.78,-23.82,89.15,-15.3,9292000.0,0.8410089599999999
2023-03-05,09292000,40388.57,13.47,236.25,-4.31,-12.24,239.02,-8.275,9292000.0,0.8211872
2023-03-06,09292000,40551.49,9.11,248.4,-4.07,-12.25,238.78,-8.16,9292000.0,0.79853376
2023-03-07,09292000,40714.87,0.0,455.49,-4.58,-16.51,168.19,-10.545000000000002,9292000.0,0.78720704
2023-03-08,09292000,40878.67,6.11,356.01,-2.55,-15.25,186.81,-8.9,9292000.0,0.87498912
2023-03-09,09292000,41042.87,3.51,435.95,-1.49,-19.59,129.38,-10.54,9292000.0,0.91180096
2023-03-10,09292000,41207.42,29.36,216.61,-1.69,-8.31,326.42,-5.0,9292000.0,0.90330592
2023-03-11,09292000,41372.31,0.0,573.5,0.86,-14.98,190.96,-7.0600000000000005,9292000.0,0.90330592
2023-03-12,09292000,41537.49,0.0,608.03,2.71,-15.02,190.44,-6.154999999999999,9292000.0,0.94294944
2023-03-13,09292000,41702.95,0.0,597.6,2.0,-14.85,193.16,-6.425,9292000.0,0.86932576
2023-03-14,09292000,41868.66,7.73,234.66,0.79,-6.05,388.92,-2.63,9292000.0,0.8466723199999999
2023-03-15,09292000,42034.58,12.17,462.52,2.72,-14.16,204.36,-5.72,9292000.0,0.88914752
2023-03-16,09292000,42200.7,0.0,683.24,-1.95,-24.15,86.57,-13.05,9292000.0,0.849504
2023-03-17,09292000,42366.97,0.0,694.04,-2.36,-25.89,73.97,-14.125,9292000.0,0.83817728
2023-03-18,09292000,42533.38,0.0,682.27,-2.52,-24.09,87.02,-13.305,9292000.0,1.00241472
2023-03-19,09292000,42699.89,3.91,499.44,0.14,-20.17,123.07,-10.015,9292000.0,1.08736512
2023-03-20,09292000,42866.49,5.99,468.53,2.63,-14.64,196.54,-6.005000000000001,9292000.0,0.83817728
2023-03-21,09292000,43033.14,6.74,422.4,-0.62,-14.71,195.37,-7.665,9292000.0,0.86932576
2023-03-22,09292000,43199.82,6.94,407.89,-0.68,-13.91,208.71,-7.295,9292000.0,0.81269216
2023-03-23,09292000,43366.49,4.57,464.93,-1.74,-18.36,143.74,-10.05,9292000.0,0.84384064
2023-03-24,09292000,43533.14,6.24,467.75,-2.84,-19.39,131.63,-11.115,9292000.0,0.87498912
2023-03-25,09292000,43699.74,0.0,659.61,-7.69,-25.78,74.68,-16.735,9292000.0,0.83817728
2023-03-26,09292000,43866.26,0.0,672.81,-9.0,-28.0,60.83,-18.5,9292000.0,1.1185136
2023-03-27,09292000,44032.67,3.26,461.48,-6.53,-22.56,99.75,-14.545,9292000.0,1.1468304
2023-03-28,09292000,44198.94,2.96,532.07,1.68,-20.85,116.02,-9.585,9292000.0,1.11285024
2023-03-29,09292000,44365.05,0.0,500.82,2.2,-9.81,290.15,-3.805,9292000.0,0.8410089599999999
2023-03-30,09292000,44530.98,4.05,400.02,-2.39,-15.36,185.04,-8.875,9292000.0,0.80136544
2023-03-31,09292000,44696.68,3.22,435.45,-0.89,-15.44,183.94,-8.165,9292000.0,0.81835552
2023-04-01,09292000,44862.15,0.0,613.38,2.7,-12.78,228.72,-5.039999999999999,9292000.0,0.80986048
2023-04-02,09292000,45027.33,0.0,414.66,3.23,-5.89,393.7,-1.3299999999999998,9292000.0,0.8070288
2023-04-03,09292000,45192.22,13.93,405.34,-1.62,-13.98,207.42,-7.800000000000001,9292000.0,0.8070288
2023-04-04,09292000,45356.77,8.35,324.36,-8.09,-17.36,156.52,-12.725,9292000.0,0.79570208
2023-04-05,09292000,45520.97,0.0,701.43,-5.44,-24.28,85.57,-14.86,9292000.0,0.80986048
2023-04-06,09292000,45684.77,0.0,781.82,1.76,-25.68,75.38,-11.96,9292000.0,1.2176224
2023-04-07,09292000,45848.15,0.0,724.05,5.2,-16.04,174.91,-5.42,9292000.0,1.30540448
2023-04-08,09292000,46011.08,0.0,559.2,5.87,-7.51,347.61,-0.8199999999999998,9292000.0,1.2884144
2023-04-09,09292000,46173.52,0.0,595.67,8.85,-6.02,389.79,1.415,9292000.0,1.29974112
2023-04-10,09292000,46335.44,0.0,689.64,12.73,-6.51,375.42,3.1100000000000003,9292000.0,1.41867168
2023-04-11,09292000,46496.82,0.0,591.62,10.83,-3.86,459.14,3.4850000000000003,9292000.0,1.64803776
2023-04-12,09292000,46657.61,0.0,332.24,9.37,2.04,707.61,5.705,9292000.0,1.83209696
2023-04-13,09292000,46817.79,0.0,592.18,2.47,-11.67,250.34,-4.6,9292000.0,1.76130496
2023-04-14,09292000,46977.31,0.0,577.33,-0.53,-13.95,207.87,-7.239999999999999,9292000.0,1.5829091199999998
2023-04-15,09292000,47136.14,0.0,674.33,2.71,-14.19,203.86,-5.74,9292000.0,1.49512704
2023-04-16,09292000,47294.25,0.0,672.38,7.3,-9.38,300.37,-1.0400000000000005,9292000.0,1.49795872
2023-04-17,09292000,47451.59,0.0,643.9,7.88,-7.43,349.72,0.2250000000000001,9292000.0,1.65936448
2023-04-18,09292000,47608.14,0.0,612.22,3.8,-10.01,285.77,-3.105,9292000.0,1.7556416
2023-04-19,09292000,47763.84,0.0,540.43,-4.22,-15.53,182.45,-9.875,9292000.0,1.65370112
2023-04-20,09292000,47918.67,4.46,477.02,-4.31,-18.55,141.46,-11.43,9292000.0,1.56025568
2023-04-21,09292000,48072.57,6.3,452.97,-0.17,-13.39,217.66,-6.78,9292000.0,1.5149488
2023-04-22,09292000,48225.52,0.0,654.52,0.9,-13.79,210.75,-6.444999999999999,9292000.0,1.48946368
2023-04-23,09292000,48377.46,0.0,787.72,5.06,-16.64,164.55,-5.790000000000001,9292000.0,1.4838003199999998
2023-04-24,09292000,48528.35,4.43,512.79,5.14,-10.92,265.76,-2.89,9292000.0,1.53193888
2023-04-25,09292000,48678.16,6.48,442.91,2.74,-9.83,289.8,-3.545,9292000.0,1.52344384
2023-04-26,09292000,48826.82,0.0,654.59,7.81,-6.76,368.1,0.5249999999999999,9292000.0,1.61972096
2023-04-27,09292000,48974.31,0.0,631.0,6.81,-6.64,371.77,0.0849999999999999,9292000.0,1.87174048
2023-04-28,09292000,49120.57,0.0,752.74,9.52,-9.05,291.75,0.2349999999999994,9292000.0,2.1718985600000003
2023-04-29,09292000,49265.55,0.0,660.92,12.23,-2.59,485.13,4.82,9292000.0,2.4635616
2023-04-30,09292000,49409.2,0.0,655.84,13.61,-1.07,533.57,6.27,9292000.0,2.68443264
2023-05-01,09292000,49551.49,0.0,669.6,13.56,-1.54,511.31,6.01,9292000.0,3.3130656
2023-05-02,09292000,49692.34,0.0,601.07,10.07,-2.72,498.89,3.675,9292000.0,3.964352
2023-05-03,09292000,49831.73,0.0,654.22,11.03,-3.46,455.78,3.785,9292000.0,4.0776192
2023-05-04,09292000,49969.58,4.21,338.43,7.71,-1.32,554.53,3.195,9292000.0,5.238608
2023-05-05,09292000,50105.86,5.49,429.75,4.25,-7.44,349.28,-1.5950000000000002,9292000.0,4.1908864
2023-05-06,09292000,50240.5,3.94,462.02,4.04,-8.42,323.73,-2.19,9292000.0,3.4829664
2023-05-07,09292000,50373.45,0.0,609.46,5.19,-6.76,368.12,-0.7849999999999997,9292000.0,3.0298976
2023-05-08,09292000,50504.67,3.14,481.45,7.01,-6.01,390.07,0.5,9292000.0,2.79486816
2023-05-09,09292000,50634.08,0.0,654.99,9.52,-3.81,457.17,2.8549999999999995,9292000.0,2.8599968
2023-05-10,09292000,50761.65,0.0,590.0,9.79,-1.55,545.23,4.119999999999999,9292000.0,3.3696992
2023-05-11,09292000,50887.3,0.0,553.21,7.8,-2.44,510.46,2.68,9292000.0,3.9926688
2023-05-12,09292000,51010.98,2.49,454.17,8.16,-3.54,470.37,2.31,9292000.0,4.7289056
2023-05-13,09292000,51132.65,0.0,448.7,7.53,-0.44,591.54,3.545,9292000.0,5.1819744
2023-05-14,09292000,51252.23,4.51,340.97,7.8,-0.23,600.45,3.785,9292000.0,6.0031616
2023-05-15,09292000,51369.66,0.0,667.49,12.1,-0.9,553.3,5.6,9292000.0,7.3340512
2023-05-16,09292000,51484.91,0.0,671.78,12.13,-0.87,552.47,5.630000000000001,9292000.0,10.1657312
2023-05-17,09292000,51597.89,0.0,690.2,12.74,-0.79,547.65,5.975,9292000.0,12.1195904
2023-05-18,09292000,51708.56,0.0,679.12,11.81,-1.29,534.44,5.26,9292000.0,14.1017664
2023-05-19,09292000,51816.85,0.0,702.47,11.85,-2.04,499.4,4.904999999999999,9292000.0,15.9140416
2023-05-20,09292000,51922.71,0.0,754.39,13.68,-2.29,470.15,5.695,9292000.0,17.6130496
2023-05-21,09292000,52026.08,0.0,694.26,13.49,-0.25,563.43,6.62,9292000.0,19.7368096
2023-05-22,09292000,52126.9,0.0,682.55,13.84,0.5,596.21,7.17,9292000.0,20.954432
2023-05-23,09292000,52225.11,8.55,458.89,10.99,-0.11,605.93,5.44,9292000.0,19.9067104
2023-05-24,09292000,52320.66,3.57,415.04,10.13,0.58,636.73,5.355,9292000.0,22.1720544
2023-05-25,09292000,52413.49,4.61,482.49,11.97,0.23,620.85,6.1000000000000005,9292000.0,22.3419552
2023-05-26,09292000,52503.54,3.54,467.38,9.91,-1.1,563.41,4.405,9292000.0,21.2659168
2023-05-27,09292000,52590.76,0.0,646.74,9.86,-1.54,526.21,4.16,9292000.0,17.8679008
2023-05-28,09292000,52675.09,4.54,465.8,10.22,-0.47,589.95,4.875,9292000.0,15.9423584
2023-05-29,09292000,52756.48,0.0,724.77,12.78,-0.68,517.99,6.05,9292000.0,17.273248
2023-05-30,09292000,52834.87,0.0,697.31,12.35,-0.16,542.33,6.095,9292000.0,21.8322528
2023-05-31,09292000,52910.23,0.0,713.19,12.38,-0.52,518.07,5.930000000000001,9292000.0,21.5490848
2023-06-01,09292000,52982.49,0.0,507.2,8.83,0.87,650.36,4.85,9292000.0,20.4164128
2023-06-02,09292000,53051.6,5.61,385.82,8.61,0.61,638.39,4.609999999999999,9292000.0,17.981168
2023-06-03,09292000,53117.53,0.0,640.25,10.32,-0.26,558.16,5.03,9292000.0,16.6785952
2023-06-04,09292000,53180.22,0.0,661.75,10.64,-0.42,528.62,5.11,9292000.0,19.1987904
2023-06-05,09292000,53239.63,0.0,731.03,13.29,0.2,503.26,6.744999999999999,9292000.0,21.2942336
2023-06-06,09292000,53295.72,0.0,718.3,14.02,1.27,543.93,7.645,9292000.0,23.6728448
2023-06-07,09292000,53348.45,7.32,500.46,12.11,0.7,615.68,6.404999999999999,9292000.0,24.9754176
2023-06-08,09292000,53397.78,3.62,495.6,11.41,0.26,605.52,5.835,9292000.0,25.9948224
2023-06-09,09292000,53443.68,0.0,714.05,12.12,-0.24,457.81,5.94,9292000.0,22.1437376
2023-06-10,09292000,53486.11,0.0,665.73,11.53,0.45,503.37,5.989999999999999,9292000.0,21.379184
2023-06-11,09292000,53525.04,4.1,510.84,12.09,0.38,568.59,6.235,9292000.0,20.3597792
2023-06-12,09292000,53560.44,0.0,609.18,9.66,-0.14,520.69,4.76,9292000.0,19.0288896
2023-06-13,09292000,53592.28,6.7,424.63,8.91,-0.13,596.97,4.39,9292000.0,17.2449312
2023-06-14,09292000,53620.55,4.01,449.13,10.38,0.71,607.32,5.545,9292000.0,17.4997824
2023-06-15,09292000,53645.21,6.91,373.6,6.33,-1.17,560.56,2.58,9292000.0,19.7084928
2023-06-16,09292000,53666.26,0.0,662.26,8.31,-2.33,429.45,2.99,9292000.0,15.8007744
2023-06-17,09292000,53683.67,0.0,752.47,11.21,-2.06,394.6,4.575,9292000.0,14.583152
2023-06-18,09292000,53697.43,0.0,574.86,12.67,3.81,675.04,8.24,9292000.0,16.1972096
2023-06-19,09292000,53707.54,0.0,490.18,14.24,6.98,878.21,10.61,9292000.0,22.1720544
2023-06-20,09292000,53713.97,0.0,535.74,12.09,4.24,696.11,8.165,9292000.0,25.5134368
2023-06-21,09292000,53716.74,0.0,701.0,13.47,2.15,493.0,7.81,9292000.0,21.7189856
2023-06-22,09292000,53715.83,0.0,754.82,14.58,1.48,428.96,8.03,9292000.0,18.6041376
2023-06-23,09292000,53711.24,0.0,576.83,11.28,2.69,567.75,6.984999999999999,9292000.0,16.3671104
2023-06-24,09292000,53702.99,0.0,757.45,14.28,0.99,400.73,7.635,9292000.0,14.0451328
2023-06-25,09292000,53691.07,0.0,774.46,16.15,1.89,408.65,9.02,9292000.0,13.875232
2023-06-26,09292000,53675.5,0.0,737.38,16.03,3.08,454.77,9.555,9292000.0,14.1584
2023-06-27,09292000,53656.28,0.0,675.07,14.83,3.7,509.15,9.265,9292000.0,13.733648
2023-06-28,09292000,53633.44,0.0,664.12,13.15,2.39,480.95,7.77,9292000.0,12.74256
2023-06-29,09292000,53606.99,4.46,519.82,13.18,1.39,519.4,7.285,9292000.0,11.5532544
2023-06-30,09292000,53576.95,0.0,729.62,15.36,2.59,431.98,8.975,9292000.0,10.335632
2023-07-01,09292000,53543.34,0.0,783.31,18.41,2.87,396.11,10.64,9292000.0,11.2984032
2023-07-02,09292000,53506.18,0.0,730.36,17.82,4.3,471.45,11.06,9292000.0,12.2894912
2023-07-03,09292000,53465.52,5.01,543.84,19.03,5.05,574.25,12.04,9292000.0,12.5726592
2023-07-04,09292000,53421.36,3.21,453.95,14.26,4.06,622.65,9.16,9292000.0,12.7708768
2023-07-05,09292000,53373.76,0.0,724.55,17.36,3.82,416.34,10.59,9292000.0,11.9496896
2023-07-06,09292000,53322.74,0.0,632.31,16.48,5.7,544.9,11.09,9292000.0,11.185136
2023-07-07,09292000,53268.34,0.0,681.47,17.4,5.15,485.33,11.275,9292000.0,10.1657312
2023-07-08,09292000,53210.6,0.0,709.42,17.5,4.2,436.92,10.85,9292000.0,9.4294944
2023-07-09,09292000,53149.56,0.0,762.92,20.12,4.03,386.58,12.075,9292000.0,8.693257599999999
2023-07-10,09292000,53085.26,0.0,677.54,18.14,5.5,496.89,11.82,9292000.0,8.4667232
2023-07-11,09292000,53017.74,0.0,724.16,19.09,4.52,429.98,11.805,9292000.0,7.4756352
2023-07-12,09292000,52947.06,0.0,724.98,19.97,5.0,439.59,12.485,9292000.0,6.3429632
2023-07-13,09292000,52873.26,0.0,706.24,20.06,5.58,470.09,12.82,9292000.0,5.6916768
2023-07-14,09292000,52796.4,0.0,697.82,18.63,4.31,444.82,11.47,9292000.0,5.1536576
2023-07-15,09292000,52716.51,0.0,723.95,18.76,2.92,389.24,10.84,9292000.0,4.672272
2023-07-16,09292000,52633.66,0.0,701.34,22.72,7.32,519.05,15.02,9292000.0,4.3607872
2023-07-17,09292000,52547.89,0.0,705.02,23.84,7.88,530.59,15.86,9292000.0,4.1908864
2023-07-18,09292000,52459.26,3.51,373.93,19.23,9.52,990.5,14.375,9292000.0,4.0776192
2023-07-19,09292000,52367.82,0.0,598.84,17.92,5.76,586.13,11.84,9292000.0,4.1342528
2023-07-20,09292000,52273.64,0.0,594.3,17.81,5.61,568.34,11.71,9292000.0,4.3041536
2023-07-21,09292000,52176.77,0.0,646.65,19.45,5.34,484.99,12.395,9292000.0,3.8510848
2023-07-22,09292000,52077.25,0.0,700.3,22.68,5.77,443.25,14.225,9292000.0,3.5679168
2023-07-23,09292000,51975.16,0.0,602.59,22.01,8.78,638.22,15.395,9292000.0,3.3696992
2023-07-24,09292000,51870.55,2.74,438.12,21.02,8.02,765.89,14.52,9292000.0,3.3130656
2023-07-25,09292000,51763.48,0.0,558.68,20.1,8.25,631.08,14.175,9292000.0,3.2281152
2023-07-26,09292000,51654.0,0.0,602.37,20.16,6.87,536.64,13.515,9292000.0,3.0865312
2023-07-27,09292000,51542.18,0.0,592.1,19.78,6.69,542.83,13.235,9292000.0,3.0298976
2023-07-28,09292000,51428.07,0.0,625.68,21.46,6.85,510.71,14.155,9292000.0,2.78070976
2023-07-29,09292000,51311.73,0.0,561.47,22.1,9.5,674.75,15.8,9292000.0,2.56550208
2023-07-30,09292000,51193.22,0.0,537.87,21.25,9.33,700.38,15.29,9292000.0,2.42391808
2023-07-31,09292000,51072.6,8.46,345.72,17.48,7.65,870.31,12.565,9292000.0,2.40975968
2023-08-01,09292000,50949.93,8.48,308.43,14.58,6.08,870.57,10.33,9292000.0,2.8883136
2023-08-02,09292000,50825.26,9.07,371.82,15.51,4.88,760.35,10.195,9292000.0,3.0298976
2023-08-03,09292000,50698.66,15.58,275.16,12.73,5.29,889.97,9.01,9292000.0,3.681184
2023-08-04,09292000,50570.17,0.0,571.27,16.31,3.46,579.65,9.885,9292000.0,3.0865312
2023-08-05,09292000,50439.86,0.0,577.55,16.61,3.38,560.96,9.995,9292000.0,2.61364064
2023-08-06,09292000,50307.77,0.0,559.96,16.15,3.45,578.69,9.8,9292000.0,2.40126464
2023-08-07,09292000,50173.97,0.0,554.06,16.21,3.65,582.28,9.93,9292000.0,2.17756192
2023-08-08,09292000,50038.52,0.0,470.43,14.04,4.09,673.63,9.065,9292000.0,1.98500768
2023-08-09,09292000,49901.45,0.0,627.22,16.9,1.17,448.33,9.035,9292000.0,1.84342368
2023-08-10,09292000,49762.83,0.0,558.4,18.38,5.38,643.37,11.88,9292000.0,1.67635456
2023-08-11,09292000,49622.71,5.36,427.23,17.64,3.87,676.05,10.755,9292000.0,1.6650278399999998
2023-08-12,09292000,49481.14,5.08,354.35,15.66,5.21,830.93,10.435,9292000.0,1.7273248
2023-08-13,09292000,49338.17,0.0,577.76,18.33,4.36,600.53,11.345,9292000.0,1.69617632
2023-08-14,09292000,49193.85,0.0,576.57,18.31,4.32,600.85,11.315,9292000.0,1.47813696
2023-08-15,09292000,49048.23,0.0,571.87,19.92,5.9,665.77,12.91,9292000.0,1.44982016
2023-08-16,09292000,48901.36,0.0,511.22,18.88,7.12,782.98,13.0,9292000.0,1.48096864
2023-08-17,09292000,48753.29,4.17,399.9,19.63,6.53,852.23,13.08,9292000.0,1.50645376
2023-08-18,09292000,48604.05,0.0,477.25,17.97,7.05,831.03,12.51,9292000.0,1.4668102399999998
2023-08-19,09292000,48453.7,0.0,409.37,15.06,6.14,856.72,10.6,9292000.0,1.42150336
2023-08-20,09292000,48302.28,0.0,443.04,18.04,8.08,926.33,13.06,9292000.0,1.30823616
2023-08-21,09292000,48149.84,5.5,239.13,15.05,7.54,1039.0,11.295,9292000.0,1.23744416
2023-08-22,09292000,47996.41,27.3,260.71,13.79,5.63,911.2,9.71,9292000.0,1.77546336
2023-08-23,09292000,47842.04,11.31,291.35,14.51,5.19,883.57,9.85,9292000.0,3.681184
2023-08-24,09292000,47686.78,8.89,179.75,11.24,5.99,934.2,8.615,9292000.0,3.2281152
2023-08-25,09292000,47530.65,8.94,299.61,14.79,5.29,889.51,10.04,9292000.0,3.3696992
2023-08-26,09292000,47373.71,27.82,352.21,16.52,4.28,829.1,10.4,9292000.0,3.964352
2023-08-27,09292000,47215.98,0.0,500.72,18.05,4.31,807.67,11.18,9292000.0,4.7572224
2023-08-28,09292000,47057.51,0.0,498.3,17.24,3.53,770.89,10.385,9292000.0,3.4829664
2023-08-29,09292000,46898.33,0.0,497.31,18.0,4.12,801.67,11.06,9292000.0,3.0298976
2023-08-30,09292000,46738.48,0.0,464.5,18.23,5.76,917.38,11.995,9292000.0,2.72124448
2023-08-31,09292000,46577.99,0.0,458.05,18.16,5.79,921.25,11.975,9292000.0,2.42958144
2023-09-01,09292000,46416.91,8.5,215.19,11.94,5.35,893.37,8.645,9292000.0,2.4635616
2023-09-02,09292000,46255.26,6.1,223.3,11.56,4.69,853.05,8.125,9292000.0,3.2281152
2023-09-03,09292000,46093.07,13.27,209.29,10.52,4.24,826.64,7.38,9292000.0,3.398016
2023-09-04,09292000,45930.38,12.84,245.8,7.33,-0.02,610.02,3.655,9292000.0,6.37128
2023-09-05,09292000,45767.23,0.0,481.36,12.06,-0.82,575.23,5.62,9292000.0,5.2669248
2023-09-06,09292000,45603.64,0.0,456.45,14.71,2.73,743.36,8.72,9292000.0,4.0776192
2023-09-07,09292000,45439.64,0.0,479.64,15.54,2.13,712.25,8.834999999999999,9292000.0,3.5962336
2023-09-08,09292000,45275.26,0.0,461.9,15.49,2.96,755.16,9.225,9292000.0,3.256432
2023-09-09,09292000,45110.54,0.0,492.52,17.04,2.43,727.35,9.735,9292000.0,3.0015808
2023-09-10,09292000,44945.5,0.0,432.42,13.58,2.37,724.54,7.975,9292000.0,2.82884832
2023-09-11,09292000,44780.17,0.0,442.87,12.58,0.88,650.91,6.73,9292000.0,2.76938304
2023-09-12,09292000,44614.58,0.0,462.15,14.22,1.37,674.12,7.795,9292000.0,2.59948224
2023-09-13,09292000,44448.77,9.09,286.35,10.55,1.17,664.59,5.86,9292000.0,2.8599968
2023-09-14,09292000,44282.75,0.0,413.4,10.42,0.05,612.87,5.235,9292000.0,2.9166304
2023-09-15,09292000,44116.55,0.0,445.86,11.66,-0.3,597.34,5.68,9292000.0,2.48904672
2023-09-16,09292000,43950.2,0.0,489.56,13.94,-1.07,564.68,6.435,9292000.0,2.22003712
2023-09-17,09292000,43783.74,0.0,444.15,13.14,0.84,648.81,6.99,9292000.0,2.052968
2023-09-18,09292000,43617.18,3.78,325.48,12.74,0.59,637.61,6.665,9292000.0,2.03031456
2023-09-19,09292000,43450.55,4.66,264.27,9.82,0.98,655.61,5.4,9292000.0,2.3333043200000003
2023-09-20,09292000,43283.89,0.0,424.26,11.72,-0.09,606.55,5.815,9292000.0,2.2058787200000003
2023-09-21,09292000,43117.21,4.04,268.69,7.98,-1.24,557.61,3.37,9292000.0,2.02181952
2023-09-22,09292000,42950.54,0.0,336.53,5.66,-2.75,498.89,1.455,9292000.0,2.08694816
2023-09-23,09292000,42783.91,0.0,467.13,10.49,-4.62,433.58,2.935,9292000.0,1.94253248
2023-09-24,09292000,42617.35,0.0,462.14,12.22,-3.1,486.09,4.5600000000000005,9292000.0,1.75280992
2023-09-25,09292000,42450.89,0.0,443.74,13.92,-0.5,588.92,6.71,9292000.0,1.57441408
2023-09-26,09292000,42284.54,0.0,434.19,14.01,-0.05,608.57,6.98,9292000.0,1.46114688
2023-09-27,09292000,42118.34,0.0,431.98,15.23,1.01,657.06,8.120000000000001,9292000.0,1.3733648
2023-09-28,09292000,41952.32,0.0,380.69,14.08,2.67,740.2,8.375,9292000.0,1.29690944
2023-09-29,09292000,41786.5,0.0,395.21,13.42,1.26,668.86,7.34,9292000.0,1.21479072
2023-09-30,09292000,41620.92,0.0,280.88,11.23,3.61,790.74,7.42,9292000.0,1.15815712
2023-10-01,09292000,41455.59,12.7,230.1,6.9,-1.57,544.31,2.665,9292000.0,1.3393846399999998
2023-10-02,09292000,41290.54,9.02,185.11,2.76,-3.78,461.84,-0.51,9292000.0,1.60556256
2023-10-03,09292000,41125.82,0.0,304.3,5.36,-3.13,485.06,1.1150000000000002,9292000.0,1.48946368
2023-10-04,09292000,40961.44,0.0,368.13,7.69,-3.6,468.3,2.045,9292000.0,1.39601824
2023-10-05,09292000,40797.44,0.0,390.39,10.64,-2.09,523.95,4.275,9292000.0,1.49229536
2023-10-06,09292000,40633.84,0.0,385.08,10.98,-1.64,541.56,4.67,9292000.0,1.54892896
2023-10-07,09292000,40470.68,0.0,398.25,12.16,-1.6,543.3,5.28,9292000.0,1.47530528
2023-10-08,09292000,40307.99,0.0,403.2,13.55,-0.96,569.38,6.295,9292000.0,1.33372128
2023-10-09,09292000,40145.81,0.0,387.75,12.18,-1.28,556.07,5.45,9292000.0,1.2176224
2023-10-10,09292000,39984.15,0.0,349.61,11.05,-0.36,594.75,5.345000000000001,9292000.0,1.15815712
2023-10-11,09292000,39823.06,5.39,218.24,4.23,-4.52,436.72,-0.1449999999999995,9292000.0,1.19213728
2023-10-12,09292000,39662.57,2.97,151.14,0.63,-5.02,420.65,-2.195,9292000.0,1.21479072
2023-10-13,09292000,39502.72,0.0,209.67,0.01,-5.84,395.23,-2.915,9292000.0,1.21479072
2023-10-14,09292000,39343.54,0.0,391.39,7.97,-6.31,381.13,0.8300000000000001,9292000.0,1.15815712
2023-10-15,09292000,39185.06,0.0,369.04,10.69,-2.41,511.48,4.14,9292000.0,1.1468304
2023-10-16,09292000,39027.33,0.0,370.89,14.03,0.36,626.72,7.194999999999999,9292000.0,1.04488992
2023-10-17,09292000,38870.38,0.0,353.13,13.52,0.89,651.34,7.205,9292000.0,0.98259296
2023-10-18,09292000,38714.24,0.0,345.01,12.89,0.58,636.9,6.735,9292000.0,0.91746432
2023-10-19,09292000,38558.97,0.0,379.17,15.72,0.08,614.21,7.9,9292000.0,0.85233568
2023-10-20,09292000,38404.6,0.0,365.72,15.1,0.38,627.67,7.74,9292000.0,0.8070288
2023-10-21,09292000,38251.17,0.0,336.59,12.28,-0.38,593.83,5.949999999999999,9292000.0,0.79003872
2023-10-22,09292000,38098.72,0.0,325.36,11.41,-0.84,574.56,5.285,9292000.0,0.7645535999999999
2023-10-23,09292000,37947.29,0.0,284.48,8.65,-1.28,556.03,3.685,9292000.0,0.7730486400000001
2023-10-24,09292000,37796.93,0.0,313.86,8.05,-3.36,476.64,2.3450000000000006,9292000.0,0.77588032
2023-10-25,09292000,37647.69,0.0,309.32,8.55,-2.69,500.91,2.9300000000000006,9292000.0,0.7815436800000001
2023-10-26,09292000,37499.61,5.97,293.74,1.02,-13.16,221.89,-6.07,9292000.0,0.8919792
2023-10-27,09292000,37352.73,0.0,403.95,2.38,-12.96,225.42,-5.290000000000001,9292000.0,1.0335632
2023-10-28,09292000,37207.1,5.9,276.58,-0.7,-13.59,214.17,-7.145,9292000.0,1.40451328
2023-10-29,09292000,37062.77,0.0,386.59,-2.64,-16.81,163.96,-9.725,9292000.0,1.21195904
2023-10-30,09292000,36919.79,0.0,401.28,2.09,-14.43,199.83,-6.17,9292000.0,1.15815712
2023-10-31,09292000,36778.21,0.0,392.75,7.07,-9.54,296.58,-1.2349999999999994,9292000.0,1.2176224
2023-11-01,09292000,36638.08,0.0,336.49,7.79,-4.88,425.15,1.455,9292000.0,1.27991936
2023-11-02,09292000,36499.45,0.0,333.24,8.98,-3.88,458.55,2.5500000000000003,9292000.0,1.24310752
2023-11-03,09292000,36362.38,0.0,269.47,7.11,-2.47,509.51,2.3200000000000003,9292000.0,1.2657609600000002
2023-11-04,09292000,36226.91,0.0,319.74,9.25,-3.17,483.54,3.04,9292000.0,1.2176224
2023-11-05,09292000,36093.1,0.0,217.79,8.21,0.61,638.51,4.41,9292000.0,1.22328576
2023-11-06,09292000,35961.0,0.0,163.8,4.82,-0.64,582.91,2.0900000000000003,9292000.0,1.17231552
2023-11-07,09292000,35830.68,0.0,225.74,1.64,-5.96,391.54,-2.16,9292000.0,1.13550368
2023-11-08,09292000,35702.18,0.0,287.26,-1.83,-12.07,242.39,-6.95,9292000.0,1.02789984
2023-11-09,09292000,35575.56,0.0,318.51,0.48,-11.74,248.76,-5.63,9292000.0,0.85799904
2023-11-10,09292000,35450.88,0.0,331.31,2.1,-11.42,255.31,-4.66,9292000.0,1.00241472
2023-11-11,09292000,35328.19,0.0,317.68,4.18,-8.86,312.74,-2.34,9292000.0,1.05055328
2023-11-12,09292000,35207.56,0.0,298.71,5.45,-6.74,368.92,-0.645,9292000.0,1.05338496
2023-11-13,09292000,35089.04,0.0,253.67,4.54,-5.15,416.41,-0.3050000000000001,9292000.0,1.0194048
2023-11-14,09292000,34972.69,2.5,190.81,5.78,-4.11,450.64,0.835,9292000.0,1.01374144
2023-11-15,09292000,34858.56,0.0,245.73,5.67,-3.71,464.24,0.98,9292000.0,1.0194048
2023-11-16,09292000,34746.73,10.57,207.89,3.82,-7.19,356.21,-1.6850000000000005,9292000.0,1.132672
2023-11-17,09292000,34637.23,0.0,319.8,4.34,-9.76,291.39,-2.71,9292000.0,1.02506816
2023-11-18,09292000,34530.14,7.76,172.68,0.73,-7.82,339.28,-3.545,9292000.0,1.65086944
2023-11-19,09292000,34425.52,0.0,242.95,2.55,-6.52,375.12,-1.985,9292000.0,2.11526496
2023-11-20,09292000,34323.41,0.0,317.81,2.27,-11.71,249.39,-4.720000000000001,9292000.0,1.7698
2023-11-21,09292000,34223.88,0.0,350.83,7.61,-11.91,245.38,-2.15,9292000.0,1.44982016
2023-11-22,09292000,34126.99,0.0,323.93,9.24,-6.79,367.31,1.225,9292000.0,1.5149488
2023-11-23,09292000,34032.78,3.85,157.62,0.78,-7.3,353.13,-3.26,9292000.0,1.5007904
2023-11-24,09292000,33941.33,5.21,188.66,-3.83,-13.9,208.75,-8.865,9292000.0,1.54043392
2023-11-25,09292000,33852.69,0.0,321.77,-4.17,-19.64,128.8,-11.905,9292000.0,1.39601824
2023-11-26,09292000,33766.9,0.0,336.98,-1.21,-19.48,130.66,-10.345,9292000.0,1.34221632
2023-11-27,09292000,33684.02,4.15,238.14,1.21,-14.9,192.31,-6.845000000000001,9292000.0,1.1893056
2023-11-28,09292000,33604.12,0.0,323.09,4.87,-12.25,238.77,-3.69,9292000.0,1.25726592
2023-11-29,09292000,33527.23,0.0,319.57,4.23,-12.55,233.0,-4.16,9292000.0,1.2459392
2023-11-30,09292000,33453.41,0.0,291.97,-0.7,-14.34,201.36,-7.52,9292000.0,1.2459392
2023-12-01,09292000,33382.71,3.92,180.92,-4.57,-14.7,195.45,-9.635,9292000.0,1.19213728
2023-12-02,09292000,33315.18,7.68,144.49,-5.15,-12.69,230.39,-8.92,9292000.0,1.22328576
2023-12-03,09292000,33250.86,9.62,114.4,-0.57,-6.38,379.1,-3.475,9292000.0,1.3393846399999998
2023-12-04,09292000,33189.79,0.0,257.34,3.19,-7.76,340.83,-2.285,9292000.0,1.35637472
2023-12-05,09292000,33132.03,0.0,300.65,7.86,-7.19,356.27,0.3349999999999999,9292000.0,1.31389952
2023-12-06,09292000,33077.61,0.0,300.53,7.14,-8.35,325.54,-0.605,9292000.0,1.29690944
2023-12-07,09292000,33026.56,2.35,216.15,-1.03,-15.32,185.66,-8.175,9292000.0,1.27708768
2023-12-08,09292000,32978.94,3.17,124.01,-8.06,-14.74,194.91,-11.4,9292000.0,1.12134528
2023-12-09,09292000,32934.76,0.0,298.51,-4.15,-19.28,132.88,-11.715,9292000.0,1.132672
2023-12-10,09292000,32894.07,2.86,186.94,2.59,-8.81,313.9,-3.1100000000000003,9292000.0,1.12134528
2023-12-11,09292000,32856.9,0.0,290.88,3.24,-11.52,253.34,-4.14,9292000.0,1.132672
2023-12-12,09292000,32823.26,0.0,265.74,0.77,-11.76,248.38,-5.495,9292000.0,1.22894912
2023-12-13,09292000,32793.2,0.0,254.07,0.74,-11.13,261.3,-5.195,9292000.0,1.20912736
2023-12-14,09292000,32766.72,0.0,276.88,2.44,-11.48,254.11,-4.5200000000000005,9292000.0,1.1185136
2023-12-15,09292000,32743.86,0.0,293.59,5.82,-10.31,278.87,-2.245,9292000.0,1.04488992
2023-12-16,09292000,32724.62,0.0,284.56,8.29,-7.2,356.07,0.5449999999999995,9292000.0,1.12134528
2023-12-17,09292000,32709.02,0.0,268.8,6.31,-7.54,346.79,-0.6150000000000002,9292000.0,1.15249376
2023-12-18,09292000,32697.08,0.0,264.33,6.81,-6.85,365.58,-0.02,9292000.0,1.132672
2023-12-19,09292000,32688.8,0.0,183.88,3.06,-5.29,412.06,-1.115,9292000.0,1.13550368
2023-12-20,09292000,32684.19,0.0,208.58,1.31,-8.24,328.37,-3.465,9292000.0,1.1185136
2023-12-21,09292000,32683.26,0.0,260.25,3.54,-9.3,302.11,-2.8800000000000003,9292000.0,1.11568192
2023-12-22,09292000,32686.0,0.0,224.02,0.39,-9.72,292.25,-4.665,9292000.0,1.1043552
2023-12-23,09292000,32692.41,0.0,276.13,-0.76,-14.77,194.38,-7.765,9292000.0,1.1043552
2023-12-24,09292000,32702.49,0.0,262.55,-8.16,-20.89,115.56,-14.525,9292000.0,0.98825632
2023-12-25,09292000,32716.23,0.0,255.57,-4.81,-16.97,161.8,-10.89,9292000.0,1.03073152
2023-12-26,09292000,32733.61,0.0,283.64,-0.26,-14.76,194.6,-7.51,9292000.0,1.07887008
2023-12-27,09292000,32754.64,0.0,294.36,3.26,-12.45,234.9,-4.595,9292000.0,1.09302848
2023-12-28,09292000,32779.28,0.0,273.07,3.59,-9.84,289.58,-3.125,9292000.0,1.07320672
2023-12-29,09292000,32807.52,0.0,294.06,6.12,-9.28,302.66,-1.5799999999999996,9292000.0,1.05338496
2023-12-30,09292000,32839.34,0.0,278.49,4.29,-9.41,299.66,-2.56,9292000.0,1.0703750399999998
2023-12-31,09292000,32874.72,0.0,293.44,3.69,-11.53,253.09,-3.92,9292000.0,1.02223648
2024-01-01,09292000,32913.8,0.0,315.82,1.51,-13.27,219.86,-5.88,9292000.0,0.97409792
2024-01-02,09292000,32956.22,0.0,317.83,-0.23,-15.0,190.74,-7.615,9292000.0,0.97409792
2024-01-03,09292000,33002.11,0.0,303.41,-2.29,-15.47,183.44,-8.88,9292000.0,0.95427616
2024-01-04,09292000,33051.44,2.36,206.3,-2.71,-13.83,209.93,-8.27,9292000.0,0.93162272
2024-01-05,09292000,33104.16,2.84,188.84,-6.96,-16.55,167.53,-11.755,9292000.0,0.88631584
2024-01-06,09292000,33160.24,2.54,216.95,-5.73,-17.49,154.83,-11.61,9292000.0,0.92879104
2024-01-07,09292000,33219.65,0.0,275.79,-8.79,-19.45,131.0,-14.12,9292000.0,0.91746432
2024-01-08,09292000,33282.33,0.0,298.71,-8.8,-20.84,116.08,-14.82,9292000.0,0.8636623999999999
2024-01-09,09292000,33348.25,7.61,236.89,-2.24,-15.71,179.83,-8.975000000000001,9292000.0,0.9627712
2024-01-10,09292000,33417.36,6.68,186.43,-10.44,-19.37,131.82,-14.905,9292000.0,0.9627712
2024-01-11,09292000,33489.61,0.0,214.24,-12.83,-20.15,123.29,-16.49,9292000.0,0.91180096
2024-01-12,09292000,33564.96,12.03,164.92,-10.79,-18.28,144.84,-14.535,9292000.0,0.92312768
2024-01-13,09292000,33643.35,7.75,207.74,-5.61,-15.6,181.41,-10.605,9292000.0,0.89764256
2024-01-14,09292000,33724.73,10.25,133.02,-3.78,-9.57,295.84,-6.675,9292000.0,0.8919792
2024-01-15,09292000,33809.06,0.0,259.61,-9.34,-18.14,146.53,-13.74,9292000.0,0.81552384
2024-01-16,09292000,33896.27,2.76,264.65,-1.5,-16.23,172.13,-8.865,9292000.0,0.79003872
2024-01-17,09292000,33986.31,8.28,220.49,-0.99,-11.34,257.02,-6.165,9292000.0,0.8551673599999999
2024-01-18,09292000,34079.13,0.0,309.13,1.66,-9.32,301.58,-3.83,9292000.0,0.89481088
2024-01-19,09292000,34174.68,0.0,319.44,4.11,-7.44,349.52,-1.665,9292000.0,0.8636623999999999
2024-01-20,09292000,34272.88,3.81,231.69,1.71,-9.1,306.83,-3.695,9292000.0,0.86932576
2024-01-21,09292000,34373.7,2.86,185.13,-0.99,-8.86,312.72,-4.925,9292000.0,0.86932576
2024-01-22,09292000,34477.06,0.0,182.34,-2.73,-8.24,328.33,-5.485,9292000.0,0.86932576
2024-01-23,09292000,34582.92,0.0,170.33,-2.75,-7.82,339.35,-5.285,9292000.0,0.87498912
2024-01-24,09292000,34691.2,0.0,386.75,0.92,-14.32,201.78,-6.7,9292000.0,0.87498912
2024-01-25,09292000,34801.87,2.93,241.08,-1.76,-12.41,235.75,-7.085,9292000.0,0.87498912
2024-01-26,09292000,34914.85,0.0,389.28,-0.85,-15.59,181.53,-8.22,9292000.0,0.8721574400000001
2024-01-27,09292000,35030.08,0.0,415.11,4.45,-13.31,219.16,-4.43,9292000.0,0.85799904
2024-01-28,09292000,35147.52,0.0,378.22,6.75,-7.03,360.77,-0.1400000000000001,9292000.0,0.8551673599999999
2024-01-29,09292000,35267.09,0.0,395.77,6.51,-8.32,326.4,-0.9050000000000002,9292000.0,0.85799904
2024-01-30,09292000,35388.75,0.0,426.35,8.79,-9.43,299.14,-0.3200000000000003,9292000.0,0.849504
2024-01-31,09292000,35512.43,0.0,421.85,6.58,-10.38,277.45,-1.9000000000000004,9292000.0,0.84384064
2024-02-01,09292000,35638.08,13.7,216.77,-1.4,-9.7,292.69,-5.55,9292000.0,0.849504
2024-02-02,09292000,35765.64,15.12,180.63,-0.48,-6.94,363.22,-3.71,9292000.0,0.90047424
2024-02-03,09292000,35895.05,0.0,325.99,-2.77,-11.8,247.64,-7.285,9292000.0,0.8806524800000001
2024-02-04,09292000,36026.26,0.0,429.5,-2.9,-17.26,157.91,-10.08,9292000.0,0.8551673599999999
2024-02-05,09292000,36159.21,29.61,110.26,-4.71,-8.21,329.12,-6.460000000000001,9292000.0,0.88631584
2024-02-06,09292000,36293.85,24.2,59.37,-3.59,-5.08,418.69,-4.335,9292000.0,0.9061376
2024-02-07,09292000,36430.12,17.14,274.46,-4.16,-13.49,215.98,-8.825,9292000.0,0.94578112
2024-02-08,09292000,36567.97,0.0,469.15,-3.16,-17.56,153.87,-10.36,9292000.0,1.02506816
2024-02-09,09292000,36707.35,0.0,477.87,-4.27,-19.29,132.76,-11.78,9292000.0,0.99391968
2024-02-10,09292000,36848.2,0.0,501.73,-3.56,-21.29,111.58,-12.425,9292000.0,0.94011776
2024-02-11,09292000,36990.48,0.0,521.37,0.25,-21.0,114.53,-10.375,9292000.0,0.920296
2024-02-12,09292000,37134.14,0.0,465.48,0.92,-13.41,217.38,-6.245,9292000.0,0.90896928
2024-02-13,09292000,37279.12,0.0,481.03,0.13,-15.39,184.69,-7.63,9292000.0,0.8919792
2024-02-14,09292000,37425.37,0.0,408.82,-1.48,-12.81,228.23,-7.1450000000000005,9292000.0,0.8466723199999999
2024-02-15,09292000,37572.85,4.8,326.76,-0.62,-12.98,225.04,-6.8,9292000.0,0.8353456
2024-02-16,09292000,37721.52,3.37,374.73,-1.4,-17.62,153.2,-9.51,9292000.0,0.78720704
2024-02-17,09292000,37871.32,0.0,553.98,0.19,-23.21,94.2,-11.51,9292000.0,0.8211872
2024-02-18,09292000,38022.21,5.57,352.34,-0.56,-14.63,196.66,-7.595000000000001,9292000.0,0.8919792
2024-02-19,09292000,38174.15,5.14,383.23,2.99,-13.78,210.88,-5.395,9292000.0,0.9061376
2024-02-20,09292000,38327.09,11.17,210.88,0.97,-6.01,390.02,-2.52,9292000.0,0.8325139199999999
2024-02-21,09292000,38481.0,4.77,327.86,1.63,-10.43,276.28,-4.4,9292000.0,0.8551673599999999
2024-02-22,09292000,38635.82,0.0,534.98,0.14,-17.29,157.51,-8.575,9292000.0,0.8353456
2024-02-23,09292000,38791.52,0.0,552.31,1.65,-16.97,161.72,-7.659999999999999,9292000.0,0.90330592
2024-02-24,09292000,38948.06,0.0,545.12,5.19,-12.93,226.02,-3.87,9292000.0,0.88631584
2024-02-25,09292000,39105.41,0.0,481.24,4.08,-9.82,290.01,-2.87,9292000.0,0.93728608
2024-02-26,09292000,39263.51,8.96,240.97,1.21,-6.72,369.46,-2.755,9292000.0,0.91746432
2024-02-27,09292000,39422.34,3.63,362.0,-7.77,-20.77,116.83,-14.27,9292000.0,0.8325139199999999
2024-02-28,09292000,39581.86,0.0,584.42,0.62,-18.54,141.66,-8.959999999999999,9292000.0,0.77588032
2024-02-29,09292000,39742.04,0.0,556.77,3.7,-13.03,224.19,-4.664999999999999,9292000.0,0.79570208
2024-03-01,09292000,39902.83,5.39,269.27,2.17,-6.39,378.99,-2.11,9292000.0,0.8070288
2024-03-02,09292000,40064.2,13.5,324.6,-4.11,-14.68,195.83,-9.395,9292000.0,0.79853376
2024-03-03,09292000,40226.13,5.24,338.65,-7.21,-18.36,143.81,-12.785,9292000.0,0.8211872
2024-03-04,09292000,40388.57,2.93,375.01,-7.18,-20.09,123.89,-13.635,9292000.0,0.88914752
2024-03-05,09292000,40551.49,0.0,534.56,-2.35,-16.46,168.86,-9.405,9292000.0,0.8466723199999999
2024-03-06,09292000,40714.87,0.0,514.85,1.82,-11.71,249.5,-4.945,9292000.0,0.82401888
2024-03-07,09292000,40878.67,0.0,590.9,1.01,-16.77,164.46,-7.88,9292000.0,0.7617219199999999
2024-03-08,09292000,41042.87,0.0,603.98,-1.82,-20.47,119.85,-11.145,9292000.0,0.78437536
2024-03-09,09292000,41207.42,0.0,649.97,4.75,-18.5,142.06,-6.875,9292000.0,0.8070288
2024-03-10,09292000,41372.31,0.0,594.38,3.97,-14.03,206.6,-5.029999999999999,9292000.0,0.7617219199999999
2024-03-11,09292000,41537.49,0.0,447.38,2.97,-8.33,325.92,-2.68,9292000.0,0.7362368
2024-03-12,09292000,41702.95,3.74,335.71,1.54,-9.49,297.65,-3.975,9292000.0,0.72491008
2024-03-13,09292000,41868.66,0.0,458.62,-2.55,-13.56,214.74,-8.055,9292000.0,0.7192467199999999
2024-03-14,09292000,42034.58,0.0,381.25,-2.51,-11.14,261.01,-6.825,9292000.0,0.70792
2024-03-15,09292000,42200.7,0.0,581.8,2.36,-13.03,224.1,-5.335,9292000.0,0.70508832
2024-03-16,09292000,42366.97,0.0,536.91,3.02,-10.37,277.63,-3.675,9292000.0,0.73057344
2024-03-17,09292000,42533.38,0.0,508.7,4.14,-8.08,332.47,-1.97,9292000.0,0.7475635199999999
2024-03-18,09292000,42699.89,0.0,625.33,6.96,-9.98,286.44,-1.5100000000000002,9292000.0,0.75889024
2024-03-19,09292000,42866.49,0.0,632.39,7.65,-9.65,293.96,-1.0,9292000.0,0.80136544
2024-03-20,09292000,43033.14,0.0,633.03,6.52,-10.45,275.77,-1.965,9292000.0,0.82401888
2024-03-21,09292000,43199.82,0.0,528.85,5.85,-6.73,369.0,-0.4400000000000004,9292000.0,0.82401888
2024-03-22,09292000,43366.49,0.0,624.84,6.54,-9.97,286.55,-1.7150000000000003,9292000.0,0.8070288
2024-03-23,09292000,43533.14,14.27,322.85,1.71,-7.74,341.33,-3.015,9292000.0,0.80419712
2024-03-24,09292000,43699.74,0.0,415.06,-2.0,-10.68,270.88,-6.34,9292000.0,0.77588032
2024-03-25,09292000,43866.26,0.0,613.16,-1.01,-15.48,183.21,-8.245000000000001,9292000.0,0.7362368
2024-03-26,09292000,44032.67,0.0,628.5,-1.99,-16.99,161.52,-9.489999999999998,9292000.0,0.70508832
2024-03-27,09292000,44198.94,0.0,656.63,1.06,-15.45,183.8,-7.194999999999999,9292000.0,0.69942496
2024-03-28,09292000,44365.05,6.0,345.54,-2.24,-11.91,245.43,-7.075,9292000.0,0.69942496
2024-03-29,09292000,44530.98,13.23,394.19,-0.14,-11.34,256.94,-5.74,9292000.0,0.6937616
2024-03-30,09292000,44696.68,12.19,159.33,-1.58,-5.46,406.69,-3.52,9292000.0,0.8608307199999999
2024-03-31,09292000,44862.15,11.79,476.33,-0.57,-15.04,190.07,-7.805,9292000.0,0.71358336
2024-04-01,09292000,45027.33,0.0,713.06,1.84,-16.63,166.53,-7.395,9292000.0,1.0335632
2024-04-02,09292000,45192.22,0.0,720.44,7.46,-12.01,243.55,-2.275,9292000.0,1.22045408
2024-04-03,09292000,45356.77,0.0,680.09,9.21,-7.79,340.0,0.7100000000000004,9292000.0,1.31106784
2024-04-04,09292000,45520.97,0.0,597.13,7.28,-6.08,388.09,0.6000000000000001,9292000.0,1.40734496
2024-04-05,09292000,45684.77,2.86,454.73,3.6,-9.99,286.23,-3.1950000000000003,9292000.0,1.39601824
2024-04-06,09292000,45848.15,0.0,445.67,-4.84,-13.5,215.67,-9.17,9292000.0,1.32805792
2024-04-07,09292000,46011.08,0.0,709.85,-0.42,-17.43,155.55,-8.925,9292000.0,1.274256
2024-04-08,09292000,46173.52,0.0,751.11,1.17,-18.23,145.45,-8.530000000000001,9292000.0,1.25726592
2024-04-09,09292000,46335.44,0.0,760.37,5.05,-15.24,186.94,-5.095000000000001,9292000.0,1.2884144
2024-04-10,09292000,46496.82,0.0,630.25,5.67,-7.95,335.74,-1.14,9292000.0,1.3648697600000002
2024-04-11,09292000,46657.61,0.0,691.87,8.5,-7.73,341.7,0.3849999999999998,9292000.0,1.4639785600000002
2024-04-12,09292000,46817.79,0.0,648.62,10.08,-4.48,438.06,2.8,9292000.0,1.6848496
2024-04-13,09292000,46977.31,0.0,603.54,9.37,-3.68,465.19,2.845,9292000.0,1.9397008
2024-04-14,09292000,47136.14,0.0,553.28,7.11,-4.25,445.95,1.4300000000000002,9292000.0,2.15490848
2024-04-15,09292000,47294.25,9.5,287.47,2.49,-4.73,430.06,-1.12,9292000.0,2.15490848
2024-04-16,09292000,47451.59,0.0,567.31,8.45,-3.05,487.85,2.7,9292000.0,1.97651264
2024-04-17,09292000,47608.14,0.0,519.4,6.46,-3.57,469.31,1.445,9292000.0,2.16906688
2024-04-18,09292000,47763.84,0.0,664.68,4.78,-9.09,307.1,-2.155,9292000.0,2.30498752
2024-04-19,09292000,47918.67,0.0,572.77,6.69,-4.34,442.73,1.1750000000000005,9292000.0,2.29649248
2024-04-20,09292000,48072.57,0.0,656.11,7.12,-6.3,381.49,0.4100000000000001,9292000.0,2.2936608
2024-04-21,09292000,48225.52,0.0,666.29,9.95,-3.83,458.99,3.06,9292000.0,2.38993792
2024-04-22,09292000,48377.46,0.0,571.51,9.82,-1.17,560.77,4.325,9292000.0,2.83168
2024-04-23,09292000,48528.35,0.0,641.03,11.63,-1.45,545.16,5.090000000000001,9292000.0,3.2281152
2024-04-24,09292000,48678.16,0.0,664.82,11.35,-2.41,502.85,4.47,9292000.0,3.5112832
2024-04-25,09292000,48826.82,0.0,649.87,8.01,-5.0,421.3,1.505,9292000.0,3.8510848
2024-04-26,09292000,48974.31,13.2,362.94,3.95,-4.66,432.14,-0.355,9292000.0,3.7661344
2024-04-27,09292000,49120.57,4.81,470.67,6.14,-6.0,390.42,0.0699999999999998,9292000.0,3.4546496
2024-04-28,09292000,49265.55,0.0,589.05,5.38,-5.57,403.43,-0.0950000000000002,9292000.0,2.61647232
2024-04-29,09292000,49409.2,5.91,434.49,5.85,-5.1,418.01,0.375,9292000.0,1.840592
2024-04-30,09292000,49551.49,0.0,653.55,5.7,-7.09,359.05,-0.6949999999999998,9292000.0,1.7414832
2024-05-01,09292000,49692.34,0.0,600.12,2.03,-8.93,311.01,-3.45,9292000.0,1.63104768
2024-05-02,09292000,49831.73,0.0,674.95,3.95,-8.91,311.57,-2.48,9292000.0,1.5998992
2024-05-03,09292000,49969.58,3.95,488.12,1.85,-10.19,281.72,-4.17,9292000.0,1.55459232
2024-05-04,09292000,50105.86,0.0,821.53,8.68,-11.39,237.6,-1.3550000000000004,9292000.0,1.50362208
2024-05-05,09292000,50240.5,10.13,464.67,4.07,-7.25,354.56,-1.59,9292000.0,1.89156224
2024-05-06,09292000,50373.45,4.77,300.51,-0.51,-7.11,358.43,-3.81,9292000.0,1.78962176
2024-05-07,09292000,50504.67,7.16,445.73,-0.57,-10.88,266.63,-5.7250000000000005,9292000.0,1.6423744
2024-05-08,09292000,50634.08,0.0,663.47,-0.02,-11.74,248.62,-5.88,9292000.0,1.48096864
2024-05-09,09292000,50761.65,6.84,470.8,3.77,-6.97,362.31,-1.6,9292000.0,1.41017664
2024-05-10,09292000,50887.3,3.49,465.37,4.8,-5.68,399.94,-0.4399999999999999,9292000.0,1.36203808
2024-05-11,09292000,51010.98,0.0,767.62,8.67,-6.24,331.8,1.215,9292000.0,1.30823616
2024-05-12,09292000,51132.65,0.0,730.68,11.13,-2.44,437.8,4.345000000000001,9292000.0,1.43283008
2024-05-13,09292000,51252.23,0.0,718.59,13.06,-0.19,509.3,6.4350000000000005,9292000.0,1.8689088
2024-05-14,09292000,51369.66,0.0,687.21,9.77,-2.34,458.0,3.715,9292000.0,3.0865312
2024-05-15,09292000,51484.91,0.0,705.03,8.62,-4.1,402.19,2.26,9292000.0,3.9077184
2024-05-16,09292000,51597.89,0.0,749.07,11.83,-2.6,417.55,4.615,9292000.0,4.7855392
2024-05-17,09292000,51708.56,0.0,683.46,11.9,-0.46,504.85,5.72,9292000.0,7.1075168
2024-05-18,09292000,51816.85,0.0,702.46,11.87,-0.99,478.95,5.44,9292000.0,8.8631584
2024-05-19,09292000,51922.71,0.0,607.66,10.21,-0.1,545.82,5.055000000000001,9292000.0,10.2223648
2024-05-20,09292000,52026.08,7.99,445.68,3.2,-6.59,373.0,-1.6949999999999998,9292000.0,10.2789984
2024-05-21,09292000,52126.9,0.0,642.44,2.09,-8.57,303.37,-3.24,9292000.0,7.362368
2024-05-22,09292000,52225.11,0.0,792.94,8.03,-7.79,268.2,0.1199999999999996,9292000.0,5.6350432
2024-05-23,09292000,52320.66,0.0,568.31,1.79,-7.27,347.26,-2.74,9292000.0,4.7572224
2024-05-24,09292000,52413.49,5.25,602.91,7.42,-9.29,276.9,-0.9349999999999996,9292000.0,4.7572224
2024-05-25,09292000,52503.54,8.97,330.09,3.99,-2.75,498.7,0.6200000000000001,9292000.0,5.0403904
2024-05-26,09292000,52590.76,0.0,653.97,8.49,-2.56,448.19,2.965,9292000.0,4.1908864
2024-05-27,09292000,52675.09,0.0,765.72,12.68,-2.0,401.58,5.34,9292000.0,4.6439552
2024-05-28,09292000,52756.48,0.0,735.34,13.9,0.18,468.68,7.04,9292000.0,7.503952
2024-05-29,09292000,52834.87,0.0,738.32,14.07,0.15,465.4,7.11,9292000.0,10.5904832
2024-05-30,09292000,52910.23,0.0,697.55,10.99,-1.49,441.14,4.75,9292000.0,14.0451328
2024-05-31,09292000,52982.49,0.0,748.86,12.59,-1.69,402.46,5.45,9292000.0,15.149488
2024-06-01,09292000,53051.6,0.0,716.3,14.03,0.81,461.81,7.42,9292000.0,16.423744
2024-06-02,09292000,53117.53,0.0,549.75,11.82,2.79,620.81,7.305,9292000.0,16.2255264
2024-06-03,09292000,53180.22,0.0,577.94,11.29,1.97,567.67,6.63,9292000.0,15.7441408
2024-06-04,09292000,53239.63,0.0,547.08,12.28,3.59,648.13,7.935,9292000.0,16.8768128
2024-06-05,09292000,53295.72,0.0,686.18,15.78,3.75,551.12,9.765,9292000.0,21.4924512
2024-06-06,09292000,53348.45,0.0,762.41,18.8,4.03,501.37,11.415,9292000.0,23.2764096
2024-06-07,09292000,53397.78,0.0,724.13,18.31,4.86,555.77,11.585,9292000.0,24.0975968
2024-06-08,09292000,53443.68,0.0,702.19,16.64,3.89,541.3,10.265,9292000.0,24.3807648
2024-06-09,09292000,53486.11,0.0,742.56,17.89,3.67,503.48,10.78,9292000.0,19.0005728
2024-06-10,09292000,53525.04,0.0,719.64,16.65,3.3,509.72,9.975,9292000.0,16.0556256
2024-06-11,09292000,53560.44,0.0,779.06,17.92,2.28,429.85,10.1,9292000.0,14.9512704
2024-06-12,09292000,53592.28,0.0,691.72,19.04,6.36,619.89,12.7,9292000.0,13.8185984
2024-06-13,09292000,53620.55,0.0,753.14,20.69,5.83,547.84,13.260000000000002,9292000.0,13.0823616
2024-06-14,09292000,53645.21,0.0,642.54,15.82,4.56,596.55,10.19,9292000.0,11.2984032
2024-06-15,09292000,53666.26,0.0,726.04,17.06,3.45,498.46,10.255,9292000.0,9.7409792
2024-06-16,09292000,53683.67,0.0,675.59,16.59,4.49,568.2,10.54,9292000.0,8.693257599999999
2024-06-17,09292000,53697.43,0.0,832.29,14.97,-3.5,278.77,5.735,9292000.0,7.645536
2024-06-18,09292000,53707.54,0.0,705.8,8.81,-4.07,329.98,2.37,9292000.0,6.8809824
2024-06-19,09292000,53713.97,0.0,724.29,13.79,0.02,407.9,6.904999999999999,9292000.0,5.2952416
2024-06-20,09292000,53716.74,0.0,748.65,18.16,3.17,470.7,10.665,9292000.0,4.4174208
2024-06-21,09292000,53715.83,0.0,614.05,13.45,2.68,552.56,8.065,9292000.0,4.9837568
2024-06-22,09292000,53711.24,0.0,756.99,18.36,3.08,422.99,10.72,9292000.0,4.8988064
2024-06-23,09292000,53702.99,0.0,745.11,20.54,5.64,498.91,13.09,9292000.0,4.530688
2024-06-24,09292000,53691.07,0.0,724.27,21.38,6.84,551.31,14.11,9292000.0,4.3324704
2024-06-25,09292000,53675.5,0.0,729.63,20.87,5.98,519.25,13.425,9292000.0,4.1342528
2024-06-26,09292000,53656.28,0.0,658.45,19.61,6.99,617.34,13.3,9292000.0,4.1625696
2024-06-27,09292000,53633.44,0.0,583.33,17.1,6.51,650.72,11.805,9292000.0,3.9077184
2024-06-28,09292000,53606.99,0.0,651.27,16.64,4.46,475.83,10.55,9292000.0,3.7095008
2024-06-29,09292000,53576.95,0.0,712.54,18.29,4.19,370.54,11.24,9292000.0,3.6528672
2024-06-30,09292000,53543.34,0.0,694.24,19.12,5.62,359.59,12.37,9292000.0,3.1997984
2024-07-01,09292000,53506.18,0.0,604.97,15.12,4.16,409.51,9.64,9292000.0,2.9449472
2024-07-02,09292000,53465.52,0.0,683.1,15.56,2.34,312.36,8.95,9292000.0,2.62496736
2024-07-03,09292000,53421.36,0.0,720.77,16.45,1.71,275.06,9.08,9292000.0,2.1718985600000003
2024-07-04,09292000,53373.76,0.0,709.09,16.42,1.85,284.3,9.135000000000002,9292000.0,1.84908704
2024-07-05,09292000,53322.74,0.0,765.61,18.39,1.17,233.11,9.78,9292000.0,1.6140576
2024-07-06,09292000,53268.34,0.0,673.55,17.81,4.16,334.95,10.985,9292000.0,1.45548352
2024-07-07,09292000,53210.6,0.0,631.69,17.03,4.6,379.23,10.815,9292000.0,1.41584
2024-07-08,09292000,53149.56,0.0,738.25,18.43,2.07,253.67,10.25,9292000.0,1.97651264
2024-07-09,09292000,53085.26,0.0,685.84,19.52,5.08,339.81,12.3,9292000.0,2.03031456
2024-07-10,09292000,53017.74,0.0,726.49,22.03,5.69,328.01,13.86,9292000.0,1.79528512
2024-07-11,09292000,52947.06,0.0,738.07,23.51,6.36,344.61,14.935,9292000.0,1.71882976
2024-07-12,09292000,52873.26,0.0,661.64,22.13,7.94,418.14,15.035,9292000.0,1.65936448
2024-07-13,09292000,52796.4,0.0,678.53,22.22,7.33,388.17,14.775,9292000.0,1.63954272
2024-07-14,09292000,52716.51,0.0,599.07,20.75,8.31,496.96,14.53,9292000.0,1.67352288
2024-07-15,09292000,52633.66,0.0,637.39,20.25,6.7,360.92,13.475,9292000.0,1.6140576
2024-07-16,09292000,52547.89,2.15,481.43,19.13,4.94,457.32,12.035,9292000.0,1.59706752
2024-07-17,09292000,52459.26,5.35,469.83,17.66,4.1,462.33,10.88,9292000.0,2.10110656
2024-07-18,09292000,52367.82,5.27,460.65,19.34,5.96,554.9,12.65,9292000.0,2.01615616
2024-07-19,09292000,52273.64,1.67,592.46,18.07,5.64,457.27,11.855,9292000.0,2.44090816
2024-07-20,09292000,52176.77,0.0,601.51,18.49,5.75,460.11,12.12,9292000.0,2.22003712
2024-07-21,09292000,52077.25,0.0,631.74,18.71,4.83,409.44,11.77,9292000.0,2.6759376
2024-07-22,09292000,51975.16,0.0,650.62,18.62,3.98,374.76,11.3,9292000.0,3.114848
2024-07-23,09292000,51870.55,0.0,648.39,20.15,5.43,407.32,12.79,9292000.0,3.0015808
2024-07-24,09292000,51763.48,0.0,643.96,21.58,6.83,444.19,14.204999999999998,9292000.0,3.0015808
2024-07-25,09292000,51654.0,0.0,524.63,18.65,7.7,605.0,13.175,9292000.0,2.9449472
2024-07-26,09292000,51542.18,0.0,573.69,19.45,7.15,452.48,13.3,9292000.0,2.8883136
2024-07-27,09292000,51428.07,0.0,556.93,18.33,6.47,425.18,12.4,9292000.0,2.82884832
2024-07-28,09292000,51311.73,0.0,647.3,18.63,3.55,285.27,11.09,9292000.0,2.4635616
2024-07-29,09292000,51193.22,0.0,591.86,19.33,6.22,344.58,12.775,9292000.0,1.96518592
2024-07-30,09292000,51072.6,0.0,611.61,19.12,5.24,317.13,12.18,9292000.0,1.911384
2024-07-31,09292000,50949.93,0.0,653.78,19.95,4.06,290.5,12.005,9292000.0,1.93686912
2024-08-01,09292000,50825.26,0.0,654.18,22.11,5.83,331.54,13.97,9292000.0,1.81793856
2024-08-02,09292000,50698.66,0.0,653.39,23.9,7.27,368.55,15.585,9292000.0,1.76696832
2024-08-03,09292000,50570.17,0.0,585.9,22.83,9.01,418.26,15.919999999999998,9292000.0,1.73298816
2024-08-04,09292000,50439.86,2.57,425.8,20.67,7.33,433.1,14.0,9292000.0,1.7839584
2024-08-05,09292000,50307.77,10.42,446.67,20.46,6.01,356.23,13.235,9292000.0,1.982176
2024-08-06,09292000,50173.97,5.32,444.52,21.02,6.42,395.04,13.72,9292000.0,1.9538592
2024-08-07,09292000,50038.52,0.0,590.79,21.23,6.88,358.23,14.055,9292000.0,2.01898784
2024-08-08,09292000,49901.45,0.0,539.87,19.41,6.92,359.09,13.165,9292000.0,1.50362208
2024-08-09,09292000,49762.83,0.0,562.32,19.27,6.0,335.55,12.635,9292000.0,1.25443424
2024-08-10,09292000,49622.71,0.0,587.75,19.05,4.78,306.5,11.915,9292000.0,1.33655296
2024-08-11,09292000,49481.14,0.0,553.85,18.53,5.46,322.5,11.995,9292000.0,1.2176224
2024-08-12,09292000,49338.17,8.21,349.11,15.84,5.38,481.04,10.61,9292000.0,1.2459392
2024-08-13,09292000,49193.85,7.42,297.51,13.02,4.37,595.77,8.695,9292000.0,1.61688928
2024-08-14,09292000,49048.23,4.93,370.91,14.58,3.21,500.69,8.895,9292000.0,1.63671104
2024-08-15,09292000,48901.36,0.0,554.06,17.11,3.8,366.7,10.455,9292000.0,1.4639785600000002
2024-08-16,09292000,48753.29,0.0,573.05,18.95,4.68,364.64,11.815,9292000.0,1.32805792
2024-08-17,09292000,48604.05,6.81,412.18,18.0,4.2,504.02,11.1,9292000.0,1.31106784
2024-08-18,09292000,48453.7,21.33,394.67,17.33,4.26,565.79,10.794999999999998,9292000.0,1.57724576
2024-08-19,09292000,48302.28,0.0,523.62,17.28,4.38,515.68,10.83,9292000.0,2.5343536
2024-08-20,09292000,48149.84,0.0,532.5,18.45,5.06,527.18,11.755,9292000.0,1.89439392
2024-08-21,09292000,47996.41,0.0,499.81,18.3,6.03,595.99,12.165,9292000.0,1.6933446399999998
2024-08-22,09292000,47842.04,4.55,309.17,13.94,4.35,739.18,9.145,9292000.0,1.63671104
2024-08-23,09292000,47686.78,9.0,182.04,10.71,5.45,899.65,8.08,9292000.0,1.83209696
2024-08-24,09292000,47530.65,0.0,398.4,13.43,4.46,656.27,8.945,9292000.0,2.05013632
2024-08-25,09292000,47373.71,12.95,267.79,9.83,1.92,681.02,5.875,9292000.0,2.40975968
2024-08-26,09292000,47215.98,0.0,528.86,13.92,0.65,457.19,7.285,9292000.0,2.71274944
2024-08-27,09292000,47057.51,0.0,524.93,16.41,0.02,429.75,8.215,9292000.0,2.06995808
2024-08-28,09292000,46898.33,0.0,472.5,17.33,3.74,593.99,10.535,9292000.0,1.82077024
2024-08-29,09292000,46738.48,0.0,472.12,16.54,2.95,567.66,9.745,9292000.0,1.7641366399999998
2024-08-30,09292000,46577.99,0.0,528.87,18.25,0.97,452.23,9.61,9292000.0,1.48096864
2024-08-31,09292000,46416.91,0.0,515.28,18.95,2.39,506.87,10.67,9292000.0,1.39318656
2024-09-01,09292000,46255.26,0.0,485.56,18.33,3.63,579.41,10.98,9292000.0,1.31389952
2024-09-02,09292000,46093.07,0.0,461.39,18.25,4.7,646.04,11.475,9292000.0,1.2600976
2024-09-03,09292000,45930.38,15.5,325.61,16.84,4.23,755.77,10.535,9292000.0,1.43283008
2024-09-04,09292000,45767.23,0.0,416.4,13.85,2.33,644.56,8.09,9292000.0,1.92837408
2024-09-05,09292000,45603.64,0.0,475.45,14.98,0.66,534.36,7.82,9292000.0,1.46964192
2024-09-06,09292000,45439.64,0.0,481.04,16.32,1.45,556.92,8.885,9292000.0,1.34221632
2024-09-07,09292000,45275.26,0.0,474.12,18.15,3.27,629.97,10.71,9292000.0,1.28275104
2024-09-08,09292000,45110.54,0.0,451.03,17.76,4.03,684.62,10.895,9292000.0,1.23744416
2024-09-09,09292000,44945.5,3.89,332.32,17.0,3.32,748.12,10.16,9292000.0,1.274256
2024-09-10,09292000,44780.17,0.0,427.15,15.19,2.59,658.27,8.89,9292000.0,1.23744416
2024-09-11,09292000,44614.58,0.0,385.25,13.6,2.67,698.5,8.135,9292000.0,1.24310752
2024-09-12,09292000,44448.77,0.0,412.9,9.04,-2.95,471.79,3.0449999999999995,9292000.0,1.1468304
2024-09-13,09292000,44282.75,0.0,479.07,12.15,-3.76,409.01,4.195,9292000.0,1.09869184
2024-09-14,09292000,44116.55,0.0,457.32,15.36,0.33,548.14,7.845,9292000.0,1.12984032
2024-09-15,09292000,43950.2,0.0,400.17,13.72,1.64,644.29,7.680000000000001,9292000.0,1.12134528
2024-09-16,09292000,43783.74,0.0,267.07,11.98,4.68,852.46,8.33,9292000.0,1.09302848
2024-09-17,09292000,43617.18,4.58,220.09,6.1,-1.8,535.11,2.15,9292000.0,1.07320672
2024-09-18,09292000,43450.55,0.0,419.39,9.98,-2.79,481.75,3.595,9292000.0,1.07887008
2024-09-19,09292000,43283.89,0.0,426.24,12.79,-0.6,550.7,6.095,9292000.0,1.02223648
2024-09-20,09292000,43117.21,0.0,443.87,14.52,-0.2,552.01,7.16,9292000.0,0.98542464
2024-09-21,09292000,42950.54,0.0,394.67,12.1,-0.1,591.47,6.0,9292000.0,1.1694838399999998
2024-09-22,09292000,42783.91,0.0,406.81,12.95,-0.25,576.64,6.35,9292000.0,1.4384934399999998
2024-09-23,09292000,42617.35,0.0,429.37,14.28,-0.6,547.3,6.84,9292000.0,1.37902816
2024-09-24,09292000,42450.89,0.0,429.54,16.73,1.22,614.57,8.975,9292000.0,1.345048
2024-09-25,09292000,42284.54,0.0,416.4,17.3,2.28,669.24,9.79,9292000.0,1.3167312
2024-09-26,09292000,42118.34,0.0,403.74,17.02,2.7,699.55,9.86,9292000.0,1.2884144
2024-09-27,09292000,41952.32,0.0,423.53,17.63,1.76,641.87,9.695,9292000.0,1.25443424
2024-09-28,09292000,41786.5,0.0,406.74,17.77,2.77,700.25,10.27,9292000.0,1.23744416
2024-09-29,09292000,41620.92,0.0,374.41,16.99,3.82,780.65,10.405,9292000.0,1.22611744
2024-09-30,09292000,41455.59,0.0,388.92,16.18,2.22,692.95,9.2,9292000.0,1.21195904
2024-10-01,09292000,41290.54,0.0,418.81,17.47,1.19,623.96,9.33,9292000.0,1.1751472
2024-10-02,09292000,41125.82,0.0,396.86,17.63,2.55,701.19,10.09,9292000.0,1.15815712
2024-10-03,09292000,40961.44,0.0,380.08,15.85,1.76,680.93,8.805,9292000.0,1.13833536
2024-10-04,09292000,40797.44,0.0,395.98,17.01,1.51,656.46,9.260000000000002,9292000.0,1.11568192
2024-10-05,09292000,40633.84,0.0,324.02,13.7,2.38,724.89,8.04,9292000.0,1.10152352
2024-10-06,09292000,40470.68,0.0,366.24,14.42,0.75,644.97,7.585,9292000.0,1.0760384
2024-10-07,09292000,40307.99,0.0,366.44,14.63,0.8,647.26,7.715000000000001,9292000.0,1.0703750399999998
2024-10-08,09292000,40145.81,0.0,359.72,13.97,0.44,630.57,7.205,9292000.0,1.06471168
2024-10-09,09292000,39984.15,0.0,345.43,14.17,1.3,671.1,7.735,9292000.0,1.05621664
2024-10-10,09292000,39823.06,0.0,347.25,14.35,1.17,664.5,7.76,9292000.0,1.0420582399999998
2024-10-11,09292000,39662.57,0.0,315.89,14.13,2.48,730.11,8.305,9292000.0,1.03073152
2024-10-12,09292000,39502.72,0.0,353.3,14.19,0.27,622.73,7.229999999999999,9292000.0,1.01374144
2024-10-13,09292000,39343.54,0.0,350.22,13.73,-0.14,604.53,6.795,9292000.0,0.99958304
2024-10-14,09292000,39185.06,0.0,338.15,13.57,0.35,626.49,6.96,9292000.0,0.991088
2024-10-15,09292000,39027.33,0.0,327.13,12.91,0.21,620.03,6.5600000000000005,9292000.0,0.98542464
2024-10-16,09292000,38870.38,3.66,203.62,10.32,0.28,623.44,5.3,9292000.0,1.00807808
2024-10-17,09292000,38714.24,17.22,137.58,2.52,-3.8,461.03,-0.6399999999999999,9292000.0,1.23461248
2024-10-18,09292000,38558.97,16.89,153.73,2.21,-4.89,424.64,-1.34,9292000.0,1.4441568
2024-10-19,09292000,38404.6,8.14,301.06,9.6,-6.01,390.15,1.795,9292000.0,1.33655296
2024-10-20,09292000,38251.17,4.82,221.08,6.03,-3.72,464.05,1.155,9292000.0,1.3733648
2024-10-21,09292000,38098.72,0.0,377.4,10.31,-3.91,457.27,3.2,9292000.0,1.2600976
2024-10-22,09292000,37947.29,0.0,339.96,9.43,-2.74,499.07,3.345,9292000.0,1.274256
2024-10-23,09292000,37796.93,0.0,346.81,11.4,-1.37,552.64,5.015000000000001,9292000.0,1.2402758399999998
2024-10-24,09292000,37647.69,0.0,327.07,6.66,-4.88,425.26,0.8900000000000001,9292000.0,1.25443424
2024-10-25,09292000,37499.61,0.0,386.47,10.95,-4.89,424.71,3.03,9292000.0,1.18081056
2024-10-26,09292000,37352.73,0.0,350.19,11.97,-1.54,545.43,5.215,9292000.0,1.1666521600000002
2024-10-27,09292000,37207.1,0.0,282.26,10.06,-1.31,554.95,4.375,9292000.0,1.1468304
2024-10-28,09292000,37062.77,4.11,114.98,5.35,-0.14,604.4,2.605,9292000.0,1.16382048
2024-10-29,09292000,36919.79,17.75,176.79,-0.05,-7.61,344.73,-3.83,9292000.0,1.25726592
2024-10-30,09292000,36778.21,2.94,266.23,-1.48,-14.63,196.56,-8.055,9292000.0,1.18081056
2024-10-31,09292000,36638.08,2.68,253.74,0.07,-12.12,241.39,-6.025,9292000.0,1.1411670399999998
2024-11-01,09292000,36499.45,0.0,323.92,1.77,-9.6,295.16,-3.915,9292000.0,1.1666521600000002
2024-11-02,09292000,36362.38,5.01,213.06,2.18,-7.34,352.0,-2.58,9292000.0,1.12417696
2024-11-03,09292000,36226.91,3.35,168.41,-3.28,-10.28,279.72,-6.779999999999999,9292000.0,1.12984032
2024-11-04,09292000,36093.1,0.0,362.58,-0.82,-14.64,196.4,-7.73,9292000.0,0.98259296
2024-11-05,09292000,35961.0,0.0,257.53,-4.25,-12.49,234.28,-8.370000000000001,9292000.0,1.47813696
2024-11-06,09292000,35830.68,0.0,348.53,-5.03,-17.91,149.42,-11.47,9292000.0,1.58007744
2024-11-07,09292000,35702.18,2.44,299.71,3.82,-17.22,158.34,-6.699999999999999,9292000.0,1.4724736
2024-11-08,09292000,35575.56,0.0,343.58,3.63,-9.92,287.7,-3.145,9292000.0,1.59140416
2024-11-09,09292000,35450.88,0.0,352.38,8.1,-6.74,368.83,0.6799999999999997,9292000.0,1.63387936
2024-11-10,09292000,35328.19,0.0,355.75,8.04,-7.54,346.66,0.2499999999999995,9292000.0,1.5715824
2024-11-11,09292000,35207.56,0.0,334.25,7.51,-6.36,379.74,0.5749999999999997,9292000.0,1.55176064
2024-11-12,09292000,35089.04,5.75,255.7,-0.75,-15.16,188.16,-7.955,9292000.0,1.57441408
2024-11-13,09292000,34972.69,0.0,378.01,3.41,-16.46,168.87,-6.525,9292000.0,1.47813696
2024-11-14,09292000,34858.56,0.0,333.42,3.68,-10.81,268.03,-3.5650000000000004,9292000.0,1.53760224
2024-11-15,09292000,34746.73,0.0,302.7,-0.05,-12.33,237.36,-6.19,9292000.0,1.49229536
2024-11-16,09292000,34637.23,4.08,243.64,-2.47,-16.89,162.92,-9.68,9292000.0,1.4384934399999998
2024-11-17,09292000,34530.14,0.0,360.45,1.64,-17.95,148.91,-8.155,9292000.0,1.24310752
2024-11-18,09292000,34425.52,0.0,330.76,-0.73,-16.5,168.32,-8.615,9292000.0,0.91463264
2024-11-19,09292000,34323.41,0.0,269.7,-8.97,-20.19,122.85,-14.580000000000002,9292000.0,0.79853376
2024-11-20,09292000,34223.88,3.48,257.32,2.52,-16.01,175.28,-6.745000000000001,9292000.0,0.75889024
2024-11-21,09292000,34126.99,2.57,233.01,7.21,-8.09,332.09,-0.4399999999999999,9292000.0,0.8070288
2024-11-22,09292000,34032.78,0.0,305.32,8.15,-6.74,368.84,0.7050000000000001,9292000.0,0.8211872
2024-11-23,09292000,33941.33,0.0,214.56,3.89,-5.15,416.38,-0.6300000000000001,9292000.0,0.86932576
2024-11-24,09292000,33852.69,0.0,325.01,-2.19,-19.08,135.16,-10.635,9292000.0,0.8353456
2024-11-25,09292000,33766.9,3.27,238.9,-2.88,-19.56,129.72,-11.22,9292000.0,0.69659328
2024-11-26,09292000,33684.02,7.49,150.23,-1.91,-10.32,278.74,-6.115,9292000.0,0.8466723199999999
2024-11-27,09292000,33604.12,0.0,310.75,-3.46,-19.46,130.87,-11.46,9292000.0,0.79570208
2024-11-28,09292000,33527.23,0.0,306.51,-0.71,-16.81,164.03,-8.76,9292000.0,0.71358336
2024-11-29,09292000,33453.41,0.0,306.56,1.18,-15.32,185.76,-7.07,9292000.0,0.73057344
2024-11-30,09292000,33382.71,0.0,283.89,4.12,-10.61,272.37,-3.245,9292000.0,0.7673852800000001
2024-12-01,09292000,33315.18,0.0,284.07,5.8,-9.27,302.76,-1.735,9292000.0,0.79570208
2024-12-02,09292000,33250.86,0.0,303.16,7.88,-9.76,291.37,-0.94,9292000.0,0.7192467199999999
2024-12-03,09292000,33189.79,0.0,280.58,7.37,-8.21,329.09,-0.4200000000000004,9292000.0,0.7730486400000001
2024-12-04,09292000,33132.03,0.0,276.16,6.61,-8.66,317.62,-1.025,9292000.0,0.7617219199999999
2024-12-05,09292000,33077.61,0.0,280.66,6.97,-9.1,306.92,-1.065,9292000.0,0.75889024
2024-12-06,09292000,33026.56,0.0,292.74,7.26,-10.39,277.26,-1.5650000000000004,9292000.0,0.70792
2024-12-07,09292000,32978.94,0.0,292.29,8.57,-9.15,305.85,-0.29,9292000.0,0.70225664
2024-12-08,09292000,32934.76,0.0,273.97,4.03,-11.64,250.82,-3.805,9292000.0,0.72491008
2024-12-09,09292000,32894.07,0.0,172.62,-9.9,-18.27,144.91,-14.085,9292000.0,0.69092992
2024-12-10,09292000,32856.9,0.0,268.98,-3.45,-18.36,143.79,-10.905,9292000.0,0.6937616
2024-12-11,09292000,32823.26,0.0,267.12,2.97,-12.07,242.23,-4.55,9292000.0,0.74473184
2024-12-12,09292000,32793.2,0.0,261.74,2.65,-12.07,242.27,-4.71,9292000.0,0.6824348800000001
2024-12-13,09292000,32766.72,0.0,203.48,-4.08,-14.23,203.25,-9.155,9292000.0,0.7192467199999999
2024-12-14,09292000,32743.86,7.13,170.17,-0.42,-12.1,241.7,-6.26,9292000.0,0.65411808
2024-12-15,09292000,32724.62,0.0,227.57,-4.72,-16.28,171.47,-10.5,9292000.0,0.6937616
2024-12-16,09292000,32709.02,5.19,213.93,3.2,-13.72,211.94,-5.26,9292000.0,0.68526656
2024-12-17,09292000,32697.08,0.0,216.92,-1.55,-12.31,237.57,-6.930000000000001,9292000.0,0.70792
2024-12-18,09292000,32688.8,0.0,296.55,6.04,-12.06,242.47,-3.01,9292000.0,0.6512864
2024-12-19,09292000,32684.19,0.0,278.35,6.77,-9.37,300.55,-1.2999999999999998,9292000.0,0.68526656
2024-12-20,09292000,32683.26,0.0,288.31,9.52,-7.91,336.77,0.8049999999999997,9292000.0,0.6229696
2024-12-21,09292000,32686.0,0.0,267.91,7.2,-7.88,337.59,-0.3399999999999998,9292000.0,0.6682764800000001
2024-12-22,09292000,32692.41,0.0,194.14,4.57,-5.02,420.49,-0.2249999999999996,9292000.0,0.6626131199999999
2024-12-23,09292000,32702.49,0.0,251.09,2.27,-11.1,262.03,-4.415,9292000.0,0.6654448
2024-12-24,09292000,32716.23,2.28,213.88,4.95,-11.85,246.58,-3.45,9292000.0,0.6569497599999999
2024-12-25,09292000,32733.61,3.41,172.02,0.02,-11.55,252.68,-5.765000000000001,9292000.0,0.6796032
2024-12-26,09292000,32754.64,4.18,156.0,-2.7,-12.83,227.81,-7.765000000000001,9292000.0,0.6796032
2024-12-27,09292000,32779.28,10.52,137.16,-3.6,-12.07,242.34,-7.835,9292000.0,0.7192467199999999
2024-12-28,09292000,32807.52,7.98,144.31,1.66,-7.2,356.03,-2.77,9292000.0,0.69942496
2024-12-29,09292000,32839.34,8.8,182.2,3.62,-8.0,334.6,-2.19,9292000.0,0.72774176
2024-12-30,09292000,32874.72,0.0,292.65,-8.51,-23.38,92.75,-15.945,9292000.0,0.70508832
